{"type": "FeatureCollection", "features": [{"type": "Feature", "geometry": {"type": "MultiPolygon", "coordinates": [[[[-117.91893981884093, 47.94762014158725], [-117.91354002784264, 47.94762169516597], [-117.91354280662793, 47.94671490410576], [-117.9135455844132, 47.94580811204549], [-117.91355115798373, 47.94399441592502], [-117.91355669755578, 47.942186779804906], [-117.91356225412783, 47.940378917684825], [-117.90815506712492, 47.94036701426329], [-117.90816406798473, 47.94398338150146], [-117.90817306884477, 47.9475997487396], [-117.90277961084716, 47.94760048231749], [-117.90283259271577, 47.95121784655104], [-117.90288558458458, 47.95483520878449], [-117.8974801185838, 47.95483288236358], [-117.89743313371655, 47.951217048129514], [-117.89738615184943, 47.94760121589543], [-117.89207701486252, 47.94758232346298], [-117.88676788287542, 47.947563430030456], [-117.88676794388353, 47.9475973720327], [-117.88677441873877, 47.951195352270084], [-117.8867809546023, 47.9548272715097], [-117.88678662946424, 47.958452359748854], [-117.8867923323325, 47.962102863989664], [-117.88680300619225, 47.96571282822717], [-117.88681368105222, 47.96932278846469], [-117.89220054405165, 47.969332178887825], [-117.89758740905096, 47.96934156931099], [-117.89758105919037, 47.965725944072766], [-117.89757470633002, 47.962110317834515], [-117.89752718445267, 47.95845438859796], [-117.9029255274518, 47.958455160019405], [-117.90832371845072, 47.9584559324409], [-117.90829105058518, 47.95483753620533], [-117.90823205671487, 47.95121864297248], [-117.91359987470986, 47.95122761439784], [-117.91898430670788, 47.95123661382138], [-117.91893981884093, 47.94762014158725]]], [[[-117.97298229786497, 47.97301981046755], [-117.96759156187127, 47.97302826704647], [-117.96220081587742, 47.97303672462535], [-117.95680039488398, 47.97305478220586], [-117.95139995689036, 47.97307284278634], [-117.9513936647517, 47.97669785402583], [-117.95142093161925, 47.980322337261605], [-117.95679779960851, 47.98030386768349], [-117.9621746555976, 47.98028540010531], [-117.9621582824601, 47.98392106934637], [-117.96214188432403, 47.98756181358766], [-117.96212548518814, 47.991202556828966], [-117.96747301816836, 47.99116980125281], [-117.97282054714847, 47.991137045676666], [-117.97286021129312, 47.98751564443426], [-117.97289986943808, 47.98389424119183], [-117.97293247858107, 47.98026922694992], [-117.97296530372438, 47.97664462970792], [-117.97298229786497, 47.97301981046755]]], [[[-117.91362671541286, 47.93309916619654], [-117.91363653856052, 47.92949726995723], [-117.91364635970848, 47.92589537271787], [-117.91365628384466, 47.92224305447515], [-117.90827276684237, 47.92221439504966], [-117.90828465298449, 47.91858430380808], [-117.90289627998926, 47.91858977838525], [-117.90290509884872, 47.92221021562404], [-117.90291391670831, 47.925830649862796], [-117.90292281657072, 47.929461685102154], [-117.89759666358238, 47.929448793671675], [-117.89218866657349, 47.92941373324841], [-117.89216556171324, 47.92580233101171], [-117.89214253685569, 47.92220153777562], [-117.89211951499844, 47.91860074053954], [-117.88673112800271, 47.91860623011665], [-117.88674764885647, 47.9221970403529], [-117.88676417071039, 47.925787848588996], [-117.88678067756449, 47.92937867182514], [-117.8867971854188, 47.93296949406117], [-117.89221177643401, 47.933025132485085], [-117.897626372449, 47.9330807719089], [-117.9029317204333, 47.93309271834154], [-117.90823707141742, 47.93310466577415], [-117.91362671541286, 47.93309916619654]]], [[[-117.99455005227246, 47.962197428441705], [-117.99458114143673, 47.95865838520558], [-117.99461358758425, 47.9550472309645], [-117.98920648958375, 47.95503603454367], [-117.98379942258305, 47.955024586122796], [-117.98376925943296, 47.95862390636294], [-117.98373953727055, 47.96217014159952], [-117.98385373829171, 47.962170472587324], [-117.98382699214721, 47.96578871082828], [-117.98380024300297, 47.969406946069185], [-117.9837726058591, 47.97302668431027], [-117.98376569807317, 47.97393163237056], [-117.98375878928722, 47.97483658043078], [-117.98375187950134, 47.97574152849107], [-117.98374497071542, 47.9766464755513], [-117.98914016470927, 47.97663700997172], [-117.99453513770283, 47.97662746139213], [-117.99454598484586, 47.97301837815371], [-117.99455683398911, 47.96940929191529], [-117.98917853799608, 47.969408119492265], [-117.98920893614249, 47.96579603525142], [-117.98923932928909, 47.962184033010516], [-117.99455005227246, 47.962197428441705]]], [[[-117.86537113306666, 47.867920818035564], [-117.8653287811941, 47.864256370796284], [-117.86530759475794, 47.86242414867663], [-117.86528642932178, 47.860591924556964], [-117.8652333014577, 47.856969785321574], [-117.85983091945646, 47.856963097898195], [-117.85892921028936, 47.85696195699443], [-117.8588065662971, 47.85709121201614], [-117.85891301656034, 47.858123781073516], [-117.85870853555524, 47.85826273110461], [-117.85846232954914, 47.85843004614205], [-117.85802435749177, 47.85853036319549], [-117.858523188988, 47.860243295256275], [-117.85802644397617, 47.860582617331865], [-117.85829086135324, 47.86197382739624], [-117.85822712473264, 47.863632242513454], [-117.85822224573351, 47.8636397865145], [-117.85785719779909, 47.86420426159104], [-117.85785797980073, 47.864210421591366], [-117.85786258881015, 47.86424681759328], [-117.85995175519747, 47.86424952037027], [-117.85998372006615, 47.867905994610204], [-117.85459630706544, 47.867890920184784], [-117.85461810392619, 47.871520893424005], [-117.85463990078709, 47.8751508386632], [-117.8600281447907, 47.875177384089156], [-117.86000593292833, 47.87154174484972], [-117.86539373193034, 47.87156237527534], [-117.86537113306666, 47.867920818035564]]], [[[-117.96207923455935, 47.95496968644821], [-117.9620927796964, 47.951327034206614], [-117.9621063228337, 47.947684381965026], [-117.95673519884232, 47.947687573541], [-117.95672114927116, 47.94950416266229], [-117.95670710170009, 47.95132075278362], [-117.95667902855803, 47.95495382002618], [-117.9512787925565, 47.95493770660408], [-117.95123613940966, 47.95856116384756], [-117.95119348526298, 47.96218461909098], [-117.95141166430332, 47.96218464206758], [-117.95662285526664, 47.9621866235089], [-117.9568208663031, 47.96218606348763], [-117.96205239126999, 47.962188098926745], [-117.9620657994166, 47.95858750368806], [-117.96207923455935, 47.95496968644821]]], [[[-117.81117009003954, 47.96935169857282], [-117.80577361403432, 47.969335215149876], [-117.80574883488276, 47.97292619539077], [-117.80572405173146, 47.97651717163169], [-117.81110067974349, 47.97657723605957], [-117.81647728975534, 47.97663731348741], [-117.82185390576701, 47.976697390915284], [-117.82191160390866, 47.97304053066666], [-117.82196932705048, 47.96938367041802], [-117.81656970804508, 47.96936768399547], [-117.81117009003954, 47.96935169857282]]], [[[-118.03805413141274, 47.90793808820761], [-118.03804340927432, 47.91158140844858], [-118.04346230727037, 47.91157254286733], [-118.0488812042662, 47.911563425286076], [-118.04888525640561, 47.90792983004659], [-118.04888928354526, 47.90429623180715], [-118.04347708154837, 47.904295486386914], [-118.03806487855135, 47.904294740966634], [-118.03805413141274, 47.90793808820761]]], [[[-117.91896943913052, 47.94039082110629], [-117.91896203355805, 47.9421981592266], [-117.91895462798558, 47.94400548234682], [-117.9189472224133, 47.94581281846706], [-117.91894352162709, 47.94671648052716], [-117.91893981884093, 47.94762014158725], [-117.92435359884125, 47.947617158006906], [-117.92976737584142, 47.94761417342656], [-117.92979021998164, 47.94397462318374], [-117.9298130591221, 47.9403350709409], [-117.9243912501264, 47.94036294652365], [-117.91896943913052, 47.94039082110629]]], [[[-117.88683505777274, 47.97654271293956], [-117.8868243679124, 47.97293275170217], [-117.88140812290993, 47.972934425282915], [-117.87599187690732, 47.97293609986369], [-117.8759858587653, 47.976549312103195], [-117.87598605377339, 47.97658325410542], [-117.87600647462766, 47.98015942433967], [-117.88143549063147, 47.980152383757066], [-117.8868645106351, 47.980145342174445], [-117.88683535078134, 47.97657849794193], [-117.88683505777274, 47.97654271293956]]], [[[-117.94064073856396, 47.878858905715084], [-117.93528063757468, 47.87886155328858], [-117.92987725657724, 47.8788642558666], [-117.9298806934295, 47.88246781910504], [-117.92985021328028, 47.88609063434836], [-117.93525603728132, 47.88610084977074], [-117.93794049177832, 47.886105902483905], [-117.9406249692753, 47.88611095319707], [-117.94063289541795, 47.8824781939557], [-117.94064073856396, 47.878858905715084]]], [[[-118.09667598148702, 47.92599729211025], [-118.0966923646262, 47.92235828086991], [-118.0967087467656, 47.91871912962946], [-118.09135212978346, 47.91873246920469], [-118.08599548480119, 47.918745807779864], [-118.08599126866042, 47.92236973601814], [-118.08598702451975, 47.92599355325637], [-118.09133053050328, 47.925995548683446], [-118.09667598148702, 47.92599729211025]]], [[[-117.76253201488154, 47.998265764703774], [-117.76253105302006, 47.99464526046342], [-117.76253009015878, 47.99102475322305], [-117.75712328815442, 47.991026744802504], [-117.75711711601427, 47.99464723704375], [-117.75711094287439, 47.998267726284865], [-117.75711576378285, 48.0020819675377], [-117.75743391884154, 48.002080044503465], [-117.76253858576888, 48.00198966995029], [-117.76253201488154, 47.998265764703774]]], [[[-117.77335438489158, 47.99826134054349], [-117.77334903602926, 47.994641057303745], [-117.77334368616712, 47.99102077206403], [-117.76793688816304, 47.99102276164356], [-117.76794498702567, 47.99464328388304], [-117.76795308488849, 47.9982638031226], [-117.76796121075412, 48.001894898362764], [-117.76838678883166, 48.0018885583167], [-117.77337539376009, 48.0018946597823], [-117.77335438489158, 47.99826134054349]]], [[[-118.08605698370349, 47.94775945567599], [-118.09136582168122, 47.94776297610653], [-118.09135042781921, 47.9441488268714], [-118.08603644584085, 47.94414658444139], [-118.08072244186226, 47.94414409101138], [-118.07599871399339, 47.9441466455184], [-118.07601658085623, 47.947762879753604], [-118.08074816972558, 47.947755935245425], [-118.08605698370349, 47.94775945567599]]], [[[-118.11843196622173, 47.93329923025501], [-118.12391675823051, 47.93330172166666], [-118.12388644135987, 47.92966015643152], [-118.11841470535329, 47.92965669301832], [-118.11294296934646, 47.929652977605095], [-118.11294717321276, 47.933296737843285], [-118.11843196622173, 47.93329923025501]]], [[[-117.91896943913052, 47.94039082110629], [-117.91899290126922, 47.93674224486263], [-117.91901636140813, 47.93309366561887], [-117.91362671541286, 47.93309916619654], [-117.91359448627026, 47.936739042440664], [-117.91356225412783, 47.940378917684825], [-117.91536464746211, 47.940382973491985], [-117.91716704279631, 47.9403869042992], [-117.91896943913052, 47.94039082110629]]], [[[-117.83282295518913, 47.96570381001121], [-117.83277214504591, 47.96934993925836], [-117.83817366004321, 47.96933256467837], [-117.83822096718875, 47.96569900643254], [-117.83826826733454, 47.962065463186676], [-117.8328737603326, 47.96205768076406], [-117.83282295518913, 47.96570381001121]]], [[[-117.88148557535702, 47.98736582022824], [-117.87604772035344, 47.98738104181246], [-117.87606835021683, 47.990992545048854], [-117.88151062622019, 47.99097288546384], [-117.88695289722338, 47.99095322687874], [-117.88692343036041, 47.98735059964405], [-117.88148557535702, 47.98736582022824]]], [[[-117.87599187690732, 47.97293609986369], [-117.87599789504955, 47.969322884624084], [-117.87059000004783, 47.96932242320369], [-117.86518210804596, 47.96932196178329], [-117.86515939790148, 47.97293893802502], [-117.87057563890446, 47.9729375194444], [-117.87599187690732, 47.97293609986369]]], [[[-117.95691679843864, 47.933206968566225], [-117.95693328301141, 47.93139307444473], [-117.95694152479781, 47.93048613838396], [-117.9569497595842, 47.92957918032324], [-117.95695800237058, 47.92867221126244], [-117.95696212226382, 47.9282187362321], [-117.95696624415704, 47.9277652422017], [-117.95698272172989, 47.92595130508018], [-117.95164039474189, 47.92594552765207], [-117.95158643359171, 47.92957120689725], [-117.95153247144181, 47.93319688614244], [-117.95691679843864, 47.933206968566225]]], [[[-117.96419268405161, 47.875219231955086], [-117.96573334133569, 47.875218392790224], [-117.96804490876166, 47.87521611954281], [-117.97344573775459, 47.87520113696413], [-117.9733887258956, 47.871610291732665], [-117.96799759290603, 47.87163180231072], [-117.9626183759118, 47.87162481188555], [-117.96265186176745, 47.875220156119944], [-117.96419268405161, 47.875219231955086]]], [[[-117.73829564394318, 47.99644802718022], [-117.7369529826932, 47.99644683332402], [-117.73695611726247, 47.99463325520309], [-117.73561360601231, 47.994631421346824], [-117.73022274100957, 47.99463129692441], [-117.7302157988712, 47.998259731166435], [-117.73560703987407, 47.99825985758878], [-117.73829265537384, 47.99826096630107], [-117.7409782708736, 47.99826207501339], [-117.74098096344318, 47.9964504148927], [-117.74098365601279, 47.9946387557719], [-117.73829863051256, 47.994635089059365], [-117.73829564394318, 47.99644802718022]]], [[[-117.9841671087431, 47.90061036049587], [-117.98415134495507, 47.90151793555748], [-117.9895307969461, 47.901512485981115], [-117.98954017173351, 47.9006073559204], [-117.98685363923832, 47.90060887920812], [-117.9855103739907, 47.90060962035198], [-117.9841671087431, 47.90061036049587]]], [[[-117.9881639931233, 47.90332533324713], [-117.98815303033577, 47.90423106830808], [-117.98950266958396, 47.90422787216337], [-117.98951204637136, 47.903322743102606], [-117.9881639931233, 47.90332533324713]]]]}, "properties": {"LANDAREACODE": "102", "TRACTID": "102 T 1001", "TRACTREFNUM": "2001733221", "Label_Name": "Spokane ", "LAR_Name": "Spokane ", "TAAMS_Name": "Spokane", "REGION": "Northwest", "AGENCY": "Spokane", "OWNERSHIP": "T", "TRBE_INTEREST_PERCENT": 100, "Mineral_Resources": "Both", "EST_ACRES": 4815.0}}, {"type": "Feature", "geometry": {"type": "Polygon", "coordinates": [[[-118.09165009223638, 47.83164511044573], [-118.08620839923688, 47.8316477070278], [-118.0807667052372, 47.83165030260986], [-118.08074615309181, 47.83528970385203], [-118.08072557594667, 47.838929078094154], [-118.08070502580172, 47.84256847933623], [-118.08068444665699, 47.846207852578274], [-118.0861338916611, 47.84621760199595], [-118.09158333866509, 47.84622735241361], [-118.09703279966898, 47.846237101831235], [-118.10248225767266, 47.846246852248804], [-118.10248015280783, 47.842585134008], [-118.10247804694319, 47.838923412767166], [-118.10247156708138, 47.83527615152764], [-118.10246578531493, 47.832031898314554], [-118.10234916827842, 47.83196787032282], [-118.1015669351638, 47.83209118641459], [-118.1014626561891, 47.832279523438146], [-118.10134732525829, 47.83266286547576], [-118.1011431931001, 47.83215124646387], [-118.10065193688763, 47.83163304848225], [-118.0970567552282, 47.83163786186704], [-118.09165009223638, 47.83164511044573]]]}, "properties": {"LANDAREACODE": "102", "TRACTID": "102 T 1324", "TRACTREFNUM": "2001733503", "Label_Name": "Spokane ", "LAR_Name": "Spokane ", "TAAMS_Name": "Spokane", "REGION": "Northwest", "AGENCY": "Spokane", "OWNERSHIP": "T", "TRBE_INTEREST_PERCENT": 100, "Mineral_Resources": "Both", "EST_ACRES": 648.2}}, {"type": "Feature", "geometry": {"type": "Polygon", "coordinates": [[[-118.10236379233775, 47.8787659474003], [-118.10233516219658, 47.88241695864326], [-118.10227133204495, 47.88605008088878], [-118.10227509191492, 47.88972114912952], [-118.10769517990956, 47.88971408954838], [-118.11311526990401, 47.889707001967174], [-118.11853149789873, 47.8897044723867], [-118.12394772589325, 47.88970193880619], [-118.12394957303071, 47.886058484566895], [-118.12395142616835, 47.882415031327575], [-118.12395241530704, 47.87877574308862], [-118.12395340544593, 47.875136455849606], [-118.11856315445445, 47.875131070426555], [-118.11317290146286, 47.875125682003485], [-118.10778267747104, 47.87512029558041], [-118.10239242347915, 47.875114936157296], [-118.10236379233775, 47.8787659474003]]]}, "properties": {"LANDAREACODE": "102", "TRACTID": "102 T 1219", "TRACTREFNUM": "2001733390", "Label_Name": "Spokane ", "LAR_Name": "Spokane ", "TAAMS_Name": "Spokane", "REGION": "Northwest", "AGENCY": "Spokane", "OWNERSHIP": "T", "TRBE_INTEREST_PERCENT": 100, "Mineral_Resources": "Both", "EST_ACRES": 645.5}}, {"type": "Feature", "geometry": {"type": "Polygon", "coordinates": [[[-118.11294717321276, 47.933296737843285], [-118.10746235220365, 47.93329427343153], [-118.10197755919437, 47.9332917820198], [-118.10200520606159, 47.936920930254594], [-118.10203285392909, 47.940550080489366], [-118.10209075479865, 47.94416367271986], [-118.10214868266843, 47.947777265950286], [-118.10757900166315, 47.94776017436634], [-118.1130093486578, 47.94774310978235], [-118.11843966965226, 47.947726044198426], [-118.1238700176465, 47.947708953614374], [-118.12388170179217, 47.94410713937754], [-118.12389338793805, 47.940505351140615], [-118.12390507308423, 47.93690353690368], [-118.12391675823051, 47.93330172166666], [-118.11843196622173, 47.93329923025501], [-118.11294717321276, 47.933296737843285]]]}, "properties": {"LANDAREACODE": "102", "TRACTID": "102 T 1203", "TRACTREFNUM": "2001733374", "Label_Name": "Spokane ", "LAR_Name": "Spokane ", "TAAMS_Name": "Spokane", "REGION": "Northwest", "AGENCY": "Spokane", "OWNERSHIP": "T", "TRBE_INTEREST_PERCENT": 100, "Mineral_Resources": "Both", "EST_ACRES": 645.2}}, {"type": "Feature", "geometry": {"type": "Polygon", "coordinates": [[[-118.03787998023486, 47.96207504978473], [-118.03258024826695, 47.96211297435593], [-118.03243340624002, 47.96211353237174], [-118.02715689927618, 47.96215123394041], [-118.02698713924494, 47.96215151495863], [-118.02173096728205, 47.96217796752433], [-118.02154098524711, 47.96217827554472], [-118.01630528428778, 47.962204561108265], [-118.01629889715181, 47.96584178634789], [-118.01629250601607, 47.969479009587495], [-118.01632203588625, 47.973112524822945], [-118.01635156475668, 47.97674603805838], [-118.02178704076083, 47.976752626475374], [-118.02722251976476, 47.97675921089231], [-118.032553561738, 47.97671822931735], [-118.03788459971108, 47.97667724674231], [-118.03791204384771, 47.97302977350011], [-118.03793948698453, 47.96938230025786], [-118.03797171112093, 47.96572843901467], [-118.03800392925757, 47.96207457577139], [-118.03787998023486, 47.96207504978473]]]}, "properties": {"LANDAREACODE": "102", "TRACTID": "102 T 1141", "TRACTREFNUM": "2001733308", "Label_Name": "Spokane ", "LAR_Name": "Spokane ", "TAAMS_Name": "Spokane", "REGION": "Northwest", "AGENCY": "Spokane", "OWNERSHIP": "T", "TRBE_INTEREST_PERCENT": 100, "Mineral_Resources": "Both", "EST_ACRES": 644.9}}, {"type": "Feature", "geometry": {"type": "Polygon", "coordinates": [[[-117.88139737342455, 47.93299088364082], [-117.8759975604301, 47.93301227322042], [-117.87059774843544, 47.93303367679999], [-117.86519793544066, 47.933055079379535], [-117.86516976629485, 47.93668004262284], [-117.86514160014934, 47.94030500186611], [-117.86511343300401, 47.943929978109345], [-117.86508526385889, 47.94755495135253], [-117.87050591886324, 47.94755707777202], [-117.8759265738675, 47.94755920419154], [-117.88134722887152, 47.947561317611004], [-117.88676788287542, 47.947563430030456], [-117.88680681101309, 47.943899244783765], [-117.88684573015097, 47.94023505753708], [-117.8868214572848, 47.93660227629914], [-117.8867971854188, 47.93296949406117], [-117.88139737342455, 47.93299088364082]]]}, "properties": {"LANDAREACODE": "102", "TRACTID": "102 T 1262", "TRACTREFNUM": "2001733437", "Label_Name": "Spokane ", "LAR_Name": "Spokane ", "TAAMS_Name": "Spokane", "REGION": "Northwest", "AGENCY": "Spokane", "OWNERSHIP": "T", "TRBE_INTEREST_PERCENT": 100, "Mineral_Resources": "Both", "EST_ACRES": 644.6}}, {"type": "Feature", "geometry": {"type": "Polygon", "coordinates": [[[-118.11853149789873, 47.8897044723867], [-118.11311526990401, 47.889707001967174], [-118.10769517990956, 47.88971408954838], [-118.10227509191492, 47.88972114912952], [-118.10225073677007, 47.893350381370446], [-118.10222638162543, 47.89697958861136], [-118.1022020274809, 47.90060879285221], [-118.10217764633666, 47.90423799809305], [-118.10759554133263, 47.90423760451232], [-118.11301343732845, 47.90423718293152], [-118.11843133532413, 47.904236761350745], [-118.12384923131964, 47.90423636776994], [-118.12387386246272, 47.90060274752903], [-118.123898491606, 47.896969154288115], [-118.12392309374951, 47.89333556004714], [-118.12394772589325, 47.88970193880619], [-118.11853149789873, 47.8897044723867]]]}, "properties": {"LANDAREACODE": "102", "TRACTID": "102 T 1215", "TRACTREFNUM": "2001733386", "Label_Name": "Spokane ", "LAR_Name": "Spokane ", "TAAMS_Name": "Spokane", "REGION": "Northwest", "AGENCY": "Spokane", "OWNERSHIP": "T", "TRBE_INTEREST_PERCENT": 100, "Mineral_Resources": "Both", "EST_ACRES": 644.2}}, {"type": "Feature", "geometry": {"type": "Polygon", "coordinates": [[[-118.1025110115101, 47.980439083048125], [-118.1024673523699, 47.98408023429082], [-118.10242369222993, 47.987721385533455], [-118.10238003009022, 47.99136253477603], [-118.10779107808656, 47.99136519119466], [-118.11320212408282, 47.99136781661332], [-118.11861317207887, 47.99137044303196], [-118.12402421907476, 47.991373071450546], [-118.12405896021284, 47.98773270020919], [-118.12409370235123, 47.984092356967864], [-118.1241284454898, 47.98045198572645], [-118.12416318562855, 47.97681161348498], [-118.11876105763432, 47.97680820706513], [-118.11335893063985, 47.97680477264524], [-118.10795680164529, 47.97680136722534], [-118.10255470165049, 47.97679793380545], [-118.1025110115101, 47.980439083048125]]]}, "properties": {"LANDAREACODE": "102", "TRACTID": "102 T 1151", "TRACTREFNUM": "2001733319", "Label_Name": "Spokane ", "LAR_Name": "Spokane ", "TAAMS_Name": "Spokane", "REGION": "Northwest", "AGENCY": "Spokane", "OWNERSHIP": "T", "TRBE_INTEREST_PERCENT": 100, "Mineral_Resources": "Both", "EST_ACRES": 643.4}}, {"type": "Feature", "geometry": {"type": "Polygon", "coordinates": [[[-117.94586312838217, 47.93314511274638], [-117.94055986139084, 47.93309669331135], [-117.9351777573946, 47.93308966488743], [-117.92979565339822, 47.93308263746355], [-117.92980435526007, 47.93670885570225], [-117.9298130591221, 47.9403350709409], [-117.92979021998164, 47.94397462318374], [-117.92976737584142, 47.94761417342656], [-117.93508109482845, 47.94763412285838], [-117.9403948148153, 47.947654071290245], [-117.94574399180799, 47.94767190771807], [-117.95136407485089, 47.94769076611696], [-117.95140617399825, 47.94406728187338], [-117.95144827414589, 47.940443825629764], [-117.9514903722937, 47.936820369386105], [-117.95153247144181, 47.93319688614244], [-117.94586312838217, 47.93314511274638]]]}, "properties": {"LANDAREACODE": "102", "TRACTID": "102 T 1259", "TRACTREFNUM": "2001733434", "Label_Name": "Spokane ", "LAR_Name": "Spokane ", "TAAMS_Name": "Spokane", "REGION": "Northwest", "AGENCY": "Spokane", "OWNERSHIP": "T", "TRBE_INTEREST_PERCENT": 100, "Mineral_Resources": "Both", "EST_ACRES": 643.4}}, {"type": "Feature", "geometry": {"type": "Polygon", "coordinates": [[[-118.07555662664939, 47.976666008696505], [-118.07014138363022, 47.97657421127206], [-118.0647442836317, 47.976555707850395], [-118.05934718363308, 47.97653720442876], [-118.05930935449673, 47.980192316672266], [-118.05927152236063, 47.983847426915695], [-118.05923385922254, 47.987493429158555], [-118.05919619308477, 47.99113942640129], [-118.06461800509211, 47.99117470682116], [-118.07003981609935, 47.99120998724101], [-118.07538830609397, 47.99124983866898], [-118.08071253508398, 47.99128952609952], [-118.08076808822774, 47.98765520685585], [-118.08082361237166, 47.984020888612164], [-118.08090716452165, 47.9803894873656], [-118.08099071967187, 47.97675808611897], [-118.07555662664939, 47.976666008696505]]]}, "properties": {"LANDAREACODE": "102", "TRACTID": "102 T 1138", "TRACTREFNUM": "2001733305", "Label_Name": "Spokane ", "LAR_Name": "Spokane ", "TAAMS_Name": "Spokane", "REGION": "Northwest", "AGENCY": "Spokane", "OWNERSHIP": "T", "TRBE_INTEREST_PERCENT": 100, "Mineral_Resources": "Both", "EST_ACRES": 643.3}}, {"type": "Feature", "geometry": {"type": "Polygon", "coordinates": [[[-118.11897278120337, 47.962239359090354], [-118.11851042211838, 47.96223936514], [-118.1135719332102, 47.962239395670274], [-118.1131289631287, 47.96223940171784], [-118.10817097221674, 47.96223943325021], [-118.10774742413888, 47.9622394382957], [-118.10276993122322, 47.962239442830175], [-118.10271613107972, 47.965879065074034], [-118.10266230293641, 47.969518688317905], [-118.10260850279337, 47.97315831156166], [-118.10255470165049, 47.97679793380545], [-118.10795680164529, 47.97680136722534], [-118.11335893063985, 47.97680477264524], [-118.11876105763432, 47.97680820706513], [-118.12416318562855, 47.97681161348498], [-118.12421590177023, 47.97316854724138], [-118.1242685889121, 47.96952548099774], [-118.12432130305426, 47.96588241575405], [-118.12437401819653, 47.962239349510305], [-118.1238917701079, 47.9622393285621], [-118.11897278120337, 47.962239359090354]]]}, "properties": {"LANDAREACODE": "102", "TRACTID": "102 T 1160", "TRACTREFNUM": "2001733330", "Label_Name": "Spokane ", "LAR_Name": "Spokane ", "TAAMS_Name": "Spokane", "REGION": "Northwest", "AGENCY": "Spokane", "OWNERSHIP": "T", "TRBE_INTEREST_PERCENT": 100, "Mineral_Resources": "Both", "EST_ACRES": 643.1}}, {"type": "Feature", "geometry": {"type": "Polygon", "coordinates": [[[-118.1241284454898, 47.98045198572645], [-118.12409370235123, 47.984092356967864], [-118.12405896021284, 47.98773270020919], [-118.12402421907476, 47.991373071450546], [-118.12944229307388, 47.99138450486888], [-118.13486034307286, 47.99139590928725], [-118.14027839007166, 47.991407342705585], [-118.14569646607029, 47.99141877412388], [-118.14570162220255, 47.98777712688592], [-118.145706775335, 47.98413550664792], [-118.14571192846769, 47.980493860409844], [-118.14571711260052, 47.97685224017174], [-118.14032862360777, 47.976842083750086], [-118.13494013661484, 47.9768319263284], [-118.12955167562181, 47.97682176990672], [-118.12416318562855, 47.97681161348498], [-118.1241284454898, 47.98045198572645]]]}, "properties": {"LANDAREACODE": "102", "TRACTID": "102 T 1152", "TRACTREFNUM": "2001733320", "Label_Name": "Spokane ", "LAR_Name": "Spokane ", "TAAMS_Name": "Spokane", "REGION": "Northwest", "AGENCY": "Spokane", "OWNERSHIP": "T", "TRBE_INTEREST_PERCENT": 100, "Mineral_Resources": "Both", "EST_ACRES": 643.0}}, {"type": "Feature", "geometry": {"type": "Polygon", "coordinates": [[[-118.11843133532413, 47.904236761350745], [-118.11301343732845, 47.90423718293152], [-118.10759554133263, 47.90423760451232], [-118.10217764633666, 47.90423799809305], [-118.10214959518906, 47.90785495333339], [-118.10212151904169, 47.91147190957368], [-118.10209343989449, 47.91508883681395], [-118.1020653637475, 47.91870579105422], [-118.10749787474816, 47.91871323047217], [-118.11293041274868, 47.91872064089004], [-118.1183629237491, 47.918728079307954], [-118.1237954337493, 47.91873548972584], [-118.12380889689156, 47.91511070248694], [-118.12382233203398, 47.91148591524794], [-118.1238357961767, 47.90786115500895], [-118.12384923131964, 47.90423636776994], [-118.11843133532413, 47.904236761350745]]]}, "properties": {"LANDAREACODE": "102", "TRACTID": "102 T 1212", "TRACTREFNUM": "2001733383", "Label_Name": "Spokane ", "LAR_Name": "Spokane ", "TAAMS_Name": "Spokane", "REGION": "Northwest", "AGENCY": "Spokane", "OWNERSHIP": "T", "TRBE_INTEREST_PERCENT": 100, "Mineral_Resources": "Both", "EST_ACRES": 642.9}}, {"type": "Feature", "geometry": {"type": "Polygon", "coordinates": [[[-118.12432130305426, 47.96588241575405], [-118.1242685889121, 47.96952548099774], [-118.12421590177023, 47.97316854724138], [-118.12416318562855, 47.97681161348498], [-118.12955167562181, 47.97682176990672], [-118.13494013661484, 47.9768319263284], [-118.14032862360777, 47.976842083750086], [-118.14571711260052, 47.97685224017174], [-118.1457738817407, 47.9732003419274], [-118.14583064988109, 47.96954847068295], [-118.14588741802164, 47.96589660043849], [-118.14594418716246, 47.96224472919401], [-118.14538374005944, 47.96224468125421], [-118.1405560611719, 47.96224298777263], [-118.14001492207242, 47.96224296783073], [-118.13516757518119, 47.96224124835125], [-118.13464610308532, 47.962241225407254], [-118.12977089518893, 47.9622402839308], [-118.12926894909664, 47.96224028998469], [-118.12437401819653, 47.962239349510305], [-118.12432130305426, 47.96588241575405]]]}, "properties": {"LANDAREACODE": "102", "TRACTID": "102 T 1159", "TRACTREFNUM": "2001733329", "Label_Name": "Spokane ", "LAR_Name": "Spokane ", "TAAMS_Name": "Spokane", "REGION": "Northwest", "AGENCY": "Spokane", "OWNERSHIP": "T", "TRBE_INTEREST_PERCENT": 100, "Mineral_Resources": "Both", "EST_ACRES": 642.8}}, {"type": "Feature", "geometry": {"type": "Polygon", "coordinates": [[[-118.08090716452165, 47.9803894873656], [-118.08082361237166, 47.984020888612164], [-118.08076808822774, 47.98765520685585], [-118.08071253508398, 47.99128952609952], [-118.08612941608575, 47.991307791518686], [-118.09154626808738, 47.99132602893781], [-118.09696314808885, 47.991344296356935], [-118.10238003009022, 47.99136253477603], [-118.10242369222993, 47.987721385533455], [-118.1024673523699, 47.98408023429082], [-118.1025110115101, 47.980439083048125], [-118.10255470165049, 47.97679793380545], [-118.0971636856561, 47.97678797138384], [-118.09177269566155, 47.97677800896227], [-118.08638170866682, 47.97676804754061], [-118.08099071967187, 47.97675808611897], [-118.08090716452165, 47.9803894873656]]]}, "properties": {"LANDAREACODE": "102", "TRACTID": "102 T 1150", "TRACTREFNUM": "2001733318", "Label_Name": "Spokane ", "LAR_Name": "Spokane ", "TAAMS_Name": "Spokane", "REGION": "Northwest", "AGENCY": "Spokane", "OWNERSHIP": "T", "TRBE_INTEREST_PERCENT": 100, "Mineral_Resources": "Both", "EST_ACRES": 642.8}}, {"type": "Feature", "geometry": {"type": "Polygon", "coordinates": [[[-118.15629032928464, 47.904265424293605], [-118.15088051729073, 47.904262234873514], [-118.14547067629661, 47.90425907245333], [-118.14544352115131, 47.907883719693636], [-118.14541639100626, 47.91150836693384], [-118.14538923486136, 47.91513298717397], [-118.14536207871673, 47.91875763441412], [-118.15077442171642, 47.918781795835116], [-118.15618676471594, 47.91880595625608], [-118.16159910871532, 47.91883011967701], [-118.16701145071455, 47.91885427909793], [-118.16699557485119, 47.91522993886271], [-118.16697972798806, 47.91160559862743], [-118.16707274512618, 47.90790114437519], [-118.167118519702, 47.906077779251], [-118.16716427237877, 47.90467983715468], [-118.16716282535855, 47.904595642149324], [-118.16703098432197, 47.904543309160005], [-118.16633559225382, 47.90479415525101], [-118.16587536608391, 47.9044339032768], [-118.16585547102943, 47.90421956726492], [-118.16172328127573, 47.90423936370934], [-118.15629032928464, 47.904265424293605]]]}, "properties": {"LANDAREACODE": "102", "TRACTID": "102 T 1210", "TRACTREFNUM": "2001733381", "Label_Name": "Spokane ", "LAR_Name": "Spokane ", "TAAMS_Name": "Spokane", "REGION": "Northwest", "AGENCY": "Spokane", "OWNERSHIP": "T", "TRBE_INTEREST_PERCENT": 100, "Mineral_Resources": "Both", "EST_ACRES": 642.6}}, {"type": "Feature", "geometry": {"type": "Polygon", "coordinates": [[[-117.8867809546023, 47.9548272715097], [-117.88677441873877, 47.951195352270084], [-117.88676794388353, 47.9475973720327], [-117.88676788287542, 47.947563430030456], [-117.88134722887152, 47.947561317611004], [-117.8759265738675, 47.94755920419154], [-117.87050591886324, 47.94755707777202], [-117.86508526385889, 47.94755495135253], [-117.8651207927258, 47.951180009588796], [-117.86515632559292, 47.95480506482511], [-117.86519178646024, 47.95843026006134], [-117.8652275273356, 47.962088013299635], [-117.87061872733508, 47.962091711722216], [-117.87600993033439, 47.9620954391447], [-117.8814011303335, 47.96209916556721], [-117.8867923323325, 47.962102863989664], [-117.88678662946424, 47.958452359748854], [-117.8867809546023, 47.9548272715097]]]}, "properties": {"LANDAREACODE": "102", "TRACTID": "102 T 1256", "TRACTREFNUM": "2001733430", "Label_Name": "Spokane ", "LAR_Name": "Spokane ", "TAAMS_Name": "Spokane", "REGION": "Northwest", "AGENCY": "Spokane", "OWNERSHIP": "T", "TRBE_INTEREST_PERCENT": 100, "Mineral_Resources": "Both", "EST_ACRES": 642.5}}, {"type": "Feature", "geometry": {"type": "Polygon", "coordinates": [[[-117.79496035972248, 47.97647022778187], [-117.78957329072546, 47.97648334635984], [-117.78418622272831, 47.976496478937825], [-117.77879915273101, 47.97650961151577], [-117.77878698559073, 47.98013689775806], [-117.77877481845063, 47.983764182000236], [-117.7787626543107, 47.98739148124233], [-117.7787504881711, 47.99101877948442], [-117.78414753417539, 47.99102673190658], [-117.7895445851796, 47.99103468532861], [-117.79494162118363, 47.99104262575072], [-117.80033865618748, 47.99105056517273], [-117.80034085532013, 47.98740220893059], [-117.80034305645297, 47.98375385068836], [-117.80034524158604, 47.98010548244613], [-117.80034742971932, 47.976457111203764], [-117.79496035972248, 47.97647022778187]]]}, "properties": {"LANDAREACODE": "102", "TRACTID": "102 T 1105", "TRACTREFNUM": "2001733270", "Label_Name": "Spokane ", "LAR_Name": "Spokane ", "TAAMS_Name": "Spokane", "REGION": "Northwest", "AGENCY": "Spokane", "OWNERSHIP": "T", "TRBE_INTEREST_PERCENT": 100, "Mineral_Resources": "Both", "EST_ACRES": 641.1}}, {"type": "Feature", "geometry": {"type": "Polygon", "coordinates": [[[-117.99457858557317, 47.98024961562554], [-117.9946220054437, 47.98387174085888], [-117.99459630929779, 47.9874774510985], [-117.99457017016147, 47.99112288434073], [-117.99999022016677, 47.99114296176014], [-118.00541026917192, 47.9911630691795], [-118.01083030217687, 47.99118318159883], [-118.0162503361817, 47.9912032960181], [-118.01628401932993, 47.98760265577823], [-118.01631770247837, 47.98400201553832], [-118.0163346346174, 47.98037402829836], [-118.01635156475668, 47.97674603805838], [-118.01095646676136, 47.97674602063748], [-118.005447915745, 47.97674597822872], [-117.99999152672403, 47.976686704810426], [-117.99453513770283, 47.97662746139213], [-117.99457858557317, 47.98024961562554]]]}, "properties": {"LANDAREACODE": "102", "TRACTID": "102 T 1135", "TRACTREFNUM": "2001733302", "Label_Name": "Spokane ", "LAR_Name": "Spokane ", "TAAMS_Name": "Spokane", "REGION": "Northwest", "AGENCY": "Spokane", "OWNERSHIP": "T", "TRBE_INTEREST_PERCENT": 100, "Mineral_Resources": "Both", "EST_ACRES": 641.0}}, {"type": "Feature", "geometry": {"type": "Polygon", "coordinates": [[[-117.85972440975449, 47.97655622484695], [-117.85431212975159, 47.97655653842714], [-117.8488998377486, 47.9765568660073], [-117.84348754374541, 47.97655719058747], [-117.84348933060596, 47.98017530382678], [-117.84349111446677, 47.983793414066106], [-117.84352733233547, 47.9874169693021], [-117.84356355020437, 47.99104052353799], [-117.84359749121063, 47.99104050853433], [-117.84896861420593, 47.991038350958206], [-117.8543736802073, 47.99103617937848], [-117.85977874120856, 47.99103400779869], [-117.86518380320967, 47.99103183521889], [-117.86518548434825, 47.98741093097937], [-117.86518716548703, 47.98379002473973], [-117.86516192662204, 47.98017296850326], [-117.8651366887572, 47.97655591226673], [-117.85972440975449, 47.97655622484695]]]}, "properties": {"LANDAREACODE": "102", "TRACTID": "102 T 1116", "TRACTREFNUM": "2001733281", "Label_Name": "Spokane ", "LAR_Name": "Spokane ", "TAAMS_Name": "Spokane", "REGION": "Northwest", "AGENCY": "Spokane", "OWNERSHIP": "T", "TRBE_INTEREST_PERCENT": 100, "Mineral_Resources": "Both", "EST_ACRES": 640.8}}, {"type": "Feature", "geometry": {"type": "Polygon", "coordinates": [[[-118.01651296600184, 47.89340660055737], [-118.01650521686051, 47.89703945079771], [-118.01649749371931, 47.90067232703807], [-118.01648976857838, 47.90430517527834], [-118.02188355457187, 47.904302560700465], [-118.0272773385652, 47.904299944122556], [-118.03267109355835, 47.90429735754462], [-118.03806487855135, 47.904294740966634], [-118.03805857269188, 47.90067178272877], [-118.03805226383265, 47.89704882449085], [-118.03806001097429, 47.89341786625086], [-118.03806776011618, 47.88978693301087], [-118.03268100612325, 47.88978365958739], [-118.02729422313013, 47.88978035616397], [-118.02190744413684, 47.889777054740435], [-118.01652068914342, 47.88977375331696], [-118.01651296600184, 47.89340660055737]]]}, "properties": {"LANDAREACODE": "102", "TRACTID": "102 T 1247", "TRACTREFNUM": "2001733420", "Label_Name": "Spokane ", "LAR_Name": "Spokane ", "TAAMS_Name": "Spokane", "REGION": "Northwest", "AGENCY": "Spokane", "OWNERSHIP": "T", "TRBE_INTEREST_PERCENT": 100, "Mineral_Resources": "Both", "EST_ACRES": 640.4}}, {"type": "Feature", "geometry": {"type": "Polygon", "coordinates": [[[-118.1615481031435, 47.93330162062834], [-118.1669198341303, 47.93330430805195], [-118.16696251628086, 47.92969688481171], [-118.16698478142611, 47.92608179357317], [-118.16699813057018, 47.92246803533555], [-118.16701145071455, 47.91885427909793], [-118.16159910871532, 47.91883011967701], [-118.15618676471594, 47.91880595625608], [-118.15077442171642, 47.918781795835116], [-118.14536207871673, 47.91875763441412], [-118.14536647958006, 47.92239083765139], [-118.1453708534437, 47.926024067888584], [-118.1453752533075, 47.929657270125745], [-118.14537965617153, 47.93329047336285], [-118.15079852616911, 47.93329971678193], [-118.15617637015649, 47.933298932204714], [-118.1615481031435, 47.93330162062834]]]}, "properties": {"LANDAREACODE": "102", "TRACTID": "102 T 1207", "TRACTREFNUM": "2001733378", "Label_Name": "Spokane ", "LAR_Name": "Spokane ", "TAAMS_Name": "Spokane", "REGION": "Northwest", "AGENCY": "Spokane", "OWNERSHIP": "T", "TRBE_INTEREST_PERCENT": 100, "Mineral_Resources": "Both", "EST_ACRES": 640.4}}, {"type": "Feature", "geometry": {"type": "Polygon", "coordinates": [[[-118.04321128266614, 47.97656466616304], [-118.03788459971108, 47.97667724674231], [-118.0378933665798, 47.98031812398014], [-118.03790213144869, 47.983958998217915], [-118.03783795330305, 47.987594194463114], [-118.03777376815762, 47.9912293897083], [-118.04308142112745, 47.991192920135816], [-118.04838907209712, 47.9911564505633], [-118.05379263209099, 47.991147937982355], [-118.05919619308477, 47.99113942640129], [-118.05923385922254, 47.987493429158555], [-118.05927152236063, 47.983847426915695], [-118.05930935449673, 47.980192316672266], [-118.05934718363308, 47.97653720442876], [-118.05394256662719, 47.976494644006266], [-118.0485379546211, 47.976452084583755], [-118.04321128266614, 47.97656466616304]]]}, "properties": {"LANDAREACODE": "102", "TRACTID": "102 T 1137", "TRACTREFNUM": "2001733304", "Label_Name": "Spokane ", "LAR_Name": "Spokane ", "TAAMS_Name": "Spokane", "REGION": "Northwest", "AGENCY": "Spokane", "OWNERSHIP": "T", "TRBE_INTEREST_PERCENT": 100, "Mineral_Resources": "Both", "EST_ACRES": 640.2}}, {"type": "Feature", "geometry": {"type": "Polygon", "coordinates": [[[-117.84361286416038, 47.94030174617106], [-117.84359587302077, 47.94394292841445], [-117.84357887888144, 47.94758410865774], [-117.848955419876, 47.94757683308145], [-117.85164381337323, 47.94757319379329], [-117.85433204387046, 47.947569529505195], [-117.85970866786474, 47.947562254928826], [-117.86508526385889, 47.94755495135253], [-117.86511343300401, 47.943929978109345], [-117.86514160014934, 47.94030500186611], [-117.86516976629485, 47.93668004262284], [-117.86519793544066, 47.933055079379535], [-117.85981016444079, 47.93304614895573], [-117.85442239444072, 47.933037217531904], [-117.84903463544055, 47.933028301108045], [-117.84364687844018, 47.933019384684194], [-117.84362987230017, 47.936660566927664], [-117.84361286416038, 47.94030174617106]]]}, "properties": {"LANDAREACODE": "102", "TRACTID": "102 T 1263", "TRACTREFNUM": "2001733438", "Label_Name": "Spokane ", "LAR_Name": "Spokane ", "TAAMS_Name": "Spokane", "REGION": "Northwest", "AGENCY": "Spokane", "OWNERSHIP": "T", "TRBE_INTEREST_PERCENT": 100, "Mineral_Resources": "Both", "EST_ACRES": 639.6}}, {"type": "Feature", "geometry": {"type": "Polygon", "coordinates": [[[-118.08123304712029, 47.96585501937915], [-118.08110412995774, 47.96947253162986], [-118.08104743981471, 47.97311532187443], [-118.08099071967187, 47.97675808611897], [-118.08638170866682, 47.97676804754061], [-118.09177269566155, 47.97677800896227], [-118.0971636856561, 47.97678797138384], [-118.10255470165049, 47.97679793380545], [-118.10260850279337, 47.97315831156166], [-118.10266230293641, 47.969518688317905], [-118.10271613107972, 47.965879065074034], [-118.10276993122322, 47.962239442830175], [-118.10236579814884, 47.962239447873564], [-118.097422087239, 47.96223817240424], [-118.09701167516346, 47.962238177448306], [-118.09207460225461, 47.96223690397829], [-118.09165746817787, 47.962236909023076], [-118.08672703327015, 47.962235635552325], [-118.08630315019212, 47.962235640597825], [-118.0813793552855, 47.96223436612634], [-118.08123304712029, 47.96585501937915]]]}, "properties": {"LANDAREACODE": "102", "TRACTID": "102 T 1161", "TRACTREFNUM": "2001733331", "Label_Name": "Spokane ", "LAR_Name": "Spokane ", "TAAMS_Name": "Spokane", "REGION": "Northwest", "AGENCY": "Spokane", "OWNERSHIP": "T", "TRBE_INTEREST_PERCENT": 100, "Mineral_Resources": "Both", "EST_ACRES": 639.4}}, {"type": "Feature", "geometry": {"type": "Polygon", "coordinates": [[[-118.0163346346174, 47.98037402829836], [-118.01631770247837, 47.98400201553832], [-118.01628401932993, 47.98760265577823], [-118.0162503361817, 47.9912032960181], [-118.02162565718272, 47.99124275644343], [-118.02700098218367, 47.99128221886874], [-118.03238737817068, 47.99125580328853], [-118.03777376815762, 47.9912293897083], [-118.03783795330305, 47.987594194463114], [-118.03790213144869, 47.983958998217915], [-118.0378933665798, 47.98031812398014], [-118.03788459971108, 47.97667724674231], [-118.032553561738, 47.97671822931735], [-118.02722251976476, 47.97675921089231], [-118.02178704076083, 47.976752626475374], [-118.01635156475668, 47.97674603805838], [-118.0163346346174, 47.98037402829836]]]}, "properties": {"LANDAREACODE": "102", "TRACTID": "102 T 1136", "TRACTREFNUM": "2001733303", "Label_Name": "Spokane ", "LAR_Name": "Spokane ", "TAAMS_Name": "Spokane", "REGION": "Northwest", "AGENCY": "Spokane", "OWNERSHIP": "T", "TRBE_INTEREST_PERCENT": 100, "Mineral_Resources": "Both", "EST_ACRES": 639.1}}, {"type": "Feature", "geometry": {"type": "Polygon", "coordinates": [[[-117.88677167641625, 47.90765075738604], [-117.8867214712783, 47.91133183363552], [-117.88672629814043, 47.9149690328761], [-117.88673112800271, 47.91860623011665], [-117.89211951499844, 47.91860074053954], [-117.8975079039939, 47.91859525396242], [-117.90289627998926, 47.91858977838525], [-117.90828465298449, 47.91858430380808], [-117.90828557013026, 47.91497772956917], [-117.90828648727633, 47.91137115333018], [-117.90828739042259, 47.90776457809122], [-117.9082882915691, 47.90415800185221], [-117.9028782005681, 47.904155283430924], [-117.89751641656738, 47.90411684300206], [-117.89216914256096, 47.90404326256933], [-117.88682187655435, 47.90396968113651], [-117.88677167641625, 47.90765075738604]]]}, "properties": {"LANDAREACODE": "102", "TRACTID": "102 T 1271", "TRACTREFNUM": "2001733446", "Label_Name": "Spokane ", "LAR_Name": "Spokane ", "TAAMS_Name": "Spokane", "REGION": "Northwest", "AGENCY": "Spokane", "OWNERSHIP": "T", "TRBE_INTEREST_PERCENT": 100, "Mineral_Resources": "Both", "EST_ACRES": 638.9}}, {"type": "Feature", "geometry": {"type": "Polygon", "coordinates": [[[-118.1238824243706, 47.9549471670864], [-118.12387621850847, 47.95132807385041], [-118.1238700176465, 47.947708953614374], [-118.11843966965226, 47.947726044198426], [-118.1130093486578, 47.94774310978235], [-118.10757900166315, 47.94776017436634], [-118.10214868266843, 47.947777265950286], [-118.10222047154097, 47.95139085917918], [-118.1022922594137, 47.95500448040801], [-118.10232899228075, 47.95862015764067], [-118.10236579814884, 47.962239447873564], [-118.10276993122322, 47.962239442830175], [-118.10774742413888, 47.9622394382957], [-118.10817097221674, 47.96223943325021], [-118.1131289631287, 47.96223940171784], [-118.1135719332102, 47.962239395670274], [-118.11851042211838, 47.96223936514], [-118.11897278120337, 47.962239359090354], [-118.1238917701079, 47.9622393285621], [-118.1236962302067, 47.95860431734551], [-118.1238824243706, 47.9549471670864]]]}, "properties": {"LANDAREACODE": "102", "TRACTID": "102 T 1194", "TRACTREFNUM": "2001733365", "Label_Name": "Spokane ", "LAR_Name": "Spokane ", "TAAMS_Name": "Spokane", "REGION": "Northwest", "AGENCY": "Spokane", "OWNERSHIP": "T", "TRBE_INTEREST_PERCENT": 100, "Mineral_Resources": "Both", "EST_ACRES": 638.8}}, {"type": "Feature", "geometry": {"type": "Polygon", "coordinates": [[[-117.80034524158604, 47.98010548244613], [-117.80034305645297, 47.98375385068836], [-117.80034085532013, 47.98740220893059], [-117.80033865618748, 47.99105056517273], [-117.8057539701941, 47.99105657259268], [-117.81116928420064, 47.991062582012546], [-117.81658461320693, 47.99106859043243], [-117.8219999392131, 47.99107459885226], [-117.82196341135129, 47.98748029661807], [-117.82192690948966, 47.98388599538384], [-117.82189040662823, 47.98029169314955], [-117.82185390576701, 47.976697390915284], [-117.81647728975534, 47.97663731348741], [-117.81110067974349, 47.97657723605957], [-117.80572405173146, 47.97651717163169], [-117.80034742971932, 47.976457111203764], [-117.80034524158604, 47.98010548244613]]]}, "properties": {"LANDAREACODE": "102", "TRACTID": "102 T 1106", "TRACTREFNUM": "2001733271", "Label_Name": "Spokane ", "LAR_Name": "Spokane ", "TAAMS_Name": "Spokane", "REGION": "Northwest", "AGENCY": "Spokane", "OWNERSHIP": "T", "TRBE_INTEREST_PERCENT": 100, "Mineral_Resources": "Both", "EST_ACRES": 638.6}}, {"type": "Feature", "geometry": {"type": "Polygon", "coordinates": [[[-118.14571192846769, 47.980493860409844], [-118.145706775335, 47.98413550664792], [-118.14570162220255, 47.98777712688592], [-118.14569646607029, 47.99141877412388], [-118.15110579306912, 47.9914383185436], [-118.15651511806784, 47.99145788996335], [-118.16192444306635, 47.99147743438302], [-118.16733379406475, 47.99149700580267], [-118.16730155619979, 47.98789663957166], [-118.16726934633508, 47.984296272340636], [-118.16723710847052, 47.98069593210953], [-118.16720490060621, 47.977095565878415], [-118.161832940605, 47.977034741451796], [-118.15646100660368, 47.976973888025114], [-118.15108904760223, 47.97691306359845], [-118.14571711260052, 47.97685224017174], [-118.14571192846769, 47.980493860409844]]]}, "properties": {"LANDAREACODE": "102", "TRACTID": "102 T 1153", "TRACTREFNUM": "2001733321", "Label_Name": "Spokane ", "LAR_Name": "Spokane ", "TAAMS_Name": "Spokane", "REGION": "Northwest", "AGENCY": "Spokane", "OWNERSHIP": "T", "TRBE_INTEREST_PERCENT": 100, "Mineral_Resources": "Both", "EST_ACRES": 638.0}}, {"type": "Feature", "geometry": {"type": "Polygon", "coordinates": [[[-117.94574399180799, 47.94767190771807], [-117.9403948148153, 47.947654071290245], [-117.93508109482845, 47.94763412285838], [-117.92976737584142, 47.94761417342656], [-117.92980206570908, 47.951240946662324], [-117.92983675757691, 47.95486771689803], [-117.92985805644147, 47.95849019813484], [-117.92987974831665, 47.962156179374475], [-117.93526194931344, 47.96216343379785], [-117.94064417731003, 47.96217068822124], [-117.94602638030656, 47.96217794364462], [-117.95119348526298, 47.96218461909098], [-117.95123613940966, 47.95856116384756], [-117.9512787925565, 47.95493770660408], [-117.95132142070356, 47.95131422336054], [-117.95134274827717, 47.94950249523875], [-117.95135341806403, 47.948596637177836], [-117.95136407485089, 47.94769076611696], [-117.94574399180799, 47.94767190771807]]]}, "properties": {"LANDAREACODE": "102", "TRACTID": "102 T 1258", "TRACTREFNUM": "2001733433", "Label_Name": "Spokane ", "LAR_Name": "Spokane ", "TAAMS_Name": "Spokane", "REGION": "Northwest", "AGENCY": "Spokane", "OWNERSHIP": "T", "TRBE_INTEREST_PERCENT": 100, "Mineral_Resources": "Both", "EST_ACRES": 636.4}}, {"type": "Feature", "geometry": {"type": "Polygon", "coordinates": [[[-118.0759592112877, 47.9622346787082], [-118.07581856326182, 47.962234875723325], [-118.07053669328926, 47.96223479929026], [-118.07038907726205, 47.962234690306126], [-118.06510206728574, 47.96222339187288], [-118.06495955925945, 47.96222325488813], [-118.05966738428197, 47.962211930455425], [-118.0595732441045, 47.965741372696925], [-118.05947909992723, 47.96927081493838], [-118.05941314578001, 47.9729040101836], [-118.05934718363308, 47.97653720442876], [-118.0647442836317, 47.976555707850395], [-118.07014138363022, 47.97657421127206], [-118.07555662664939, 47.976666008696505], [-118.08099071967187, 47.97675808611897], [-118.08104743981471, 47.97311532187443], [-118.08110412995774, 47.96947253162986], [-118.08123304712029, 47.96585501937915], [-118.0813793552855, 47.96223436612634], [-118.08094852720613, 47.962234371172585], [-118.0759592112877, 47.9622346787082]]]}, "properties": {"LANDAREACODE": "102", "TRACTID": "102 T 1139", "TRACTREFNUM": "2001733306", "Label_Name": "Spokane ", "LAR_Name": "Spokane ", "TAAMS_Name": "Spokane", "REGION": "Northwest", "AGENCY": "Spokane", "OWNERSHIP": "T", "TRBE_INTEREST_PERCENT": 100, "Mineral_Resources": "Both", "EST_ACRES": 636.3}}, {"type": "Feature", "geometry": {"type": "Polygon", "coordinates": [[[-117.83807912875108, 47.97659224216946], [-117.83267070975654, 47.976627291751406], [-117.82726231176187, 47.976662341333345], [-117.82185390576701, 47.976697390915284], [-117.82189040662823, 47.98029169314955], [-117.82192690948966, 47.98388599538384], [-117.82196341135129, 47.98748029661807], [-117.8219999392131, 47.99107459885226], [-117.82739085121116, 47.991066079273736], [-117.83278175820905, 47.991057560695154], [-117.83817265720681, 47.99104904211656], [-117.84356355020437, 47.99104052353799], [-117.84352733233547, 47.9874169693021], [-117.84349111446677, 47.983793414066106], [-117.84348933060596, 47.98017530382678], [-117.84348754374541, 47.97655719058747], [-117.83807912875108, 47.97659224216946]]]}, "properties": {"LANDAREACODE": "102", "TRACTID": "102 T 1115", "TRACTREFNUM": "2001733280", "Label_Name": "Spokane ", "LAR_Name": "Spokane ", "TAAMS_Name": "Spokane", "REGION": "Northwest", "AGENCY": "Spokane", "OWNERSHIP": "T", "TRBE_INTEREST_PERCENT": 100, "Mineral_Resources": "Both", "EST_ACRES": 636.2}}, {"type": "Feature", "geometry": {"type": "Polygon", "coordinates": [[[-118.03788459971108, 47.97667724674231], [-118.04321128266614, 47.97656466616304], [-118.0485379546211, 47.976452084583755], [-118.05394256662719, 47.976494644006266], [-118.05934718363308, 47.97653720442876], [-118.05941314578001, 47.9729040101836], [-118.05947909992723, 47.96927081493838], [-118.0595732441045, 47.965741372696925], [-118.05966738428197, 47.962211930455425], [-118.0595300152566, 47.96221143047014], [-118.05425328427516, 47.96217238203397], [-118.05412372125123, 47.96217188404783], [-118.04883968426837, 47.962132779612375], [-118.04869287224122, 47.962132504628116], [-118.0434095562608, 47.962103650193185], [-118.04328643823801, 47.96210343020638], [-118.03800392925757, 47.96207457577139], [-118.03797171112093, 47.96572843901467], [-118.03793948698453, 47.96938230025786], [-118.03791204384771, 47.97302977350011], [-118.03788459971108, 47.97667724674231]]]}, "properties": {"LANDAREACODE": "102", "TRACTID": "102 T 1140", "TRACTREFNUM": "2001733307", "Label_Name": "Spokane ", "LAR_Name": "Spokane ", "TAAMS_Name": "Spokane", "REGION": "Northwest", "AGENCY": "Spokane", "OWNERSHIP": "T", "TRBE_INTEREST_PERCENT": 100, "Mineral_Resources": "Both", "EST_ACRES": 633.7}}, {"type": "Feature", "geometry": {"type": "Polygon", "coordinates": [[[-118.14007803080571, 47.89371064034034], [-118.14002931390321, 47.89415962037504], [-118.13980738992211, 47.89441143341531], [-118.1392498088382, 47.89448946748021], [-118.13967140986787, 47.894287904421795], [-118.13956556678855, 47.89403526241661], [-118.13955180668522, 47.8936098383902], [-118.13938073759373, 47.89335616939187], [-118.13921172250332, 47.893105528393576], [-118.13918318637285, 47.892577073362006], [-118.13937727130974, 47.89216050931388], [-118.1393992351937, 47.89165363927831], [-118.13959326108456, 47.891042570217465], [-118.1396548700011, 47.890642562184645], [-118.13991043094231, 47.890196190128016], [-118.14008446294103, 47.890056019100165], [-118.1404578109384, 47.88975534404044], [-118.14008501386967, 47.889754264080324], [-118.13473112288263, 47.88973826665298], [-118.12933942288804, 47.8897201032296], [-118.12394772589325, 47.88970193880619], [-118.12392309374951, 47.89333556004714], [-118.123898491606, 47.896969154288115], [-118.12387386246272, 47.90060274752903], [-118.12384923131964, 47.90423636776994], [-118.12925459931408, 47.904242029190804], [-118.13465996730844, 47.90424771961169], [-118.1400653073026, 47.90425338203251], [-118.14547067629661, 47.90425907245333], [-118.14545977443001, 47.90061289621573], [-118.14544890056365, 47.89696669297805], [-118.14546719471215, 47.893359574739755], [-118.14549271386431, 47.88976159350121], [-118.14303875141276, 47.88975737176395], [-118.14260865645332, 47.890261994843115], [-118.14293995458331, 47.89055394182673], [-118.14220961244482, 47.890535365903794], [-118.14164509043692, 47.89093954599081], [-118.14136747046273, 47.89126355404181], [-118.14139219852407, 47.89150341905484], [-118.14120633458434, 47.8919018171009], [-118.14076062357124, 47.892191994167696], [-118.14016691673817, 47.893356632307636], [-118.14007866272198, 47.89335657731711], [-118.14007803080571, 47.89371064034034]]]}, "properties": {"LANDAREACODE": "102", "TRACTID": "102 T 1216", "TRACTREFNUM": "2001733387", "Label_Name": "Spokane ", "LAR_Name": "Spokane ", "TAAMS_Name": "Spokane", "REGION": "Northwest", "AGENCY": "Spokane", "OWNERSHIP": "T", "TRBE_INTEREST_PERCENT": 100, "Mineral_Resources": "Both", "EST_ACRES": 625.4}}, {"type": "Feature", "geometry": {"type": "Polygon", "coordinates": [[[-118.13457875573329, 47.91874656257006], [-118.1399704307251, 47.918752084992086], [-118.14536207871673, 47.91875763441412], [-118.14538923486136, 47.91513298717397], [-118.14541639100626, 47.91150836693384], [-118.14544352115131, 47.907883719693636], [-118.14547067629661, 47.90425907245333], [-118.1400653073026, 47.90425338203251], [-118.13465996730844, 47.90424771961169], [-118.12925459931408, 47.904242029190804], [-118.12384923131964, 47.90423636776994], [-118.1238357961767, 47.90786115500895], [-118.12382233203398, 47.91148591524794], [-118.12380889689156, 47.91511070248694], [-118.1292039618843, 47.915116530908726], [-118.12918710674137, 47.91874103914796], [-118.13457875573329, 47.91874656257006]]]}, "properties": {"LANDAREACODE": "102", "TRACTID": "102 T 1211", "TRACTREFNUM": "2001733382", "Label_Name": "Spokane ", "LAR_Name": "Spokane ", "TAAMS_Name": "Spokane", "REGION": "Northwest", "AGENCY": "Spokane", "OWNERSHIP": "T", "TRBE_INTEREST_PERCENT": 100, "Mineral_Resources": "Both", "EST_ACRES": 600.5}}, {"type": "Feature", "geometry": {"type": "Polygon", "coordinates": [[[-118.02732997270431, 47.87527079820331], [-118.02194152470997, 47.875263466779494], [-118.01655308071543, 47.87525610735562], [-118.01654499557212, 47.87888551059605], [-118.01653688342901, 47.88251491583638], [-118.0165287712861, 47.88614434907672], [-118.01652068914342, 47.88977375331696], [-118.02190744413684, 47.889777054740435], [-118.02729422313013, 47.88978035616397], [-118.03268100612325, 47.88978365958739], [-118.03806776011618, 47.88978693301087], [-118.03807753625998, 47.886161586770896], [-118.038087314404, 47.88253623853092], [-118.03269969941056, 47.88253129610739], [-118.03270905855446, 47.87890478286723], [-118.0380970895482, 47.87891086329095], [-118.03810686469266, 47.87528551605085], [-118.03271841969861, 47.87527815662711], [-118.02732997270431, 47.87527079820331]]]}, "properties": {"LANDAREACODE": "102", "TRACTID": "102 T 1251", "TRACTREFNUM": "2001733424", "Label_Name": "Spokane ", "LAR_Name": "Spokane ", "TAAMS_Name": "Spokane", "REGION": "Northwest", "AGENCY": "Spokane", "OWNERSHIP": "T", "TRBE_INTEREST_PERCENT": 100, "Mineral_Resources": "Both", "EST_ACRES": 600.0}}, {"type": "Feature", "geometry": {"type": "Polygon", "coordinates": [[[-118.0487568676932, 47.951368630914885], [-118.04877831083948, 47.94776056267575], [-118.0433436858363, 47.94775262625822], [-118.03790908683294, 47.94774468984064], [-118.03789719968658, 47.9513455370784], [-118.03788531054045, 47.95494635731617], [-118.03788250739825, 47.95855570355341], [-118.03787998023486, 47.96207504978473], [-118.03800392925757, 47.96207457577139], [-118.04328643823801, 47.96210343020638], [-118.0434095562608, 47.962103650193185], [-118.04869287224122, 47.962132504628116], [-118.04883968426837, 47.962132779612375], [-118.05412372125123, 47.96217188404783], [-118.05425328427516, 47.96217238203397], [-118.0595300152566, 47.96221143047014], [-118.05954670640577, 47.95862222423303], [-118.0595637315488, 47.955005904994024], [-118.05960561969698, 47.951391169752384], [-118.0596475338454, 47.94777640651074], [-118.05421290884256, 47.947768498093296], [-118.05418124269518, 47.95138001133365], [-118.0487568676932, 47.951368630914885]]]}, "properties": {"LANDAREACODE": "102", "TRACTID": "102 T 1225", "TRACTREFNUM": "2001733396", "Label_Name": "Spokane ", "LAR_Name": "Spokane ", "TAAMS_Name": "Spokane", "REGION": "Northwest", "AGENCY": "Spokane", "OWNERSHIP": "T", "TRBE_INTEREST_PERCENT": 100, "Mineral_Resources": "Both", "EST_ACRES": 597.2}}, {"type": "Feature", "geometry": {"type": "Polygon", "coordinates": [[[-118.09135212978346, 47.91873246920469], [-118.0967087467656, 47.91871912962946], [-118.1020653637475, 47.91870579105422], [-118.10209343989449, 47.91508883681395], [-118.10212151904169, 47.91147190957368], [-118.10214959518906, 47.90785495333339], [-118.10217764633666, 47.90423799809305], [-118.09679361134897, 47.904247530670716], [-118.09140957736108, 47.90425703524836], [-118.08602554637302, 47.90426656782603], [-118.0806415113848, 47.904276072403626], [-118.08064085024297, 47.90789683564149], [-118.08064018910137, 47.91151762387942], [-118.08063952796, 47.91513838511724], [-118.08600300694391, 47.91512624154146], [-118.08599548480119, 47.918745807779864], [-118.09135212978346, 47.91873246920469]]]}, "properties": {"LANDAREACODE": "102", "TRACTID": "102 T 1213", "TRACTREFNUM": "2001733384", "Label_Name": "Spokane ", "LAR_Name": "Spokane ", "TAAMS_Name": "Spokane", "REGION": "Northwest", "AGENCY": "Spokane", "OWNERSHIP": "T", "TRBE_INTEREST_PERCENT": 100, "Mineral_Resources": "Both", "EST_ACRES": 596.4}}, {"type": "Feature", "geometry": {"type": "Polygon", "coordinates": [[[-118.08606622679214, 47.86798798143663], [-118.0806243138023, 47.868033843022204], [-118.08062951366284, 47.87166921526085], [-118.08063471352362, 47.87530458949952], [-118.08607416251273, 47.875257168914004], [-118.09151358450168, 47.875209749328455], [-118.09695300449046, 47.875162327742906], [-118.10239242347915, 47.875114936157296], [-118.10239244461978, 47.8714821469185], [-118.10239244240495, 47.87057395085879], [-118.10239244019019, 47.86966575379909], [-118.1023924369754, 47.868757555739386], [-118.10239243676067, 47.86784935867967], [-118.10239154433121, 47.86603385156039], [-118.10239109811651, 47.86512608850075], [-118.10239065290182, 47.864218335441066], [-118.10238886504315, 47.86058730920245], [-118.09694578305431, 47.86063586778826], [-118.09150269706521, 47.86068442537407], [-118.08605961307603, 47.86073298295983], [-118.08606291993398, 47.86436048219826], [-118.08606622679214, 47.86798798143663]]]}, "properties": {"LANDAREACODE": "102", "TRACTID": "102 T 1319", "TRACTREFNUM": "2001733498", "Label_Name": "Spokane ", "LAR_Name": "Spokane ", "TAAMS_Name": "Spokane", "REGION": "Northwest", "AGENCY": "Spokane", "OWNERSHIP": "T", "TRBE_INTEREST_PERCENT": 100, "Mineral_Resources": "Both", "EST_ACRES": 566.5}}, {"type": "Feature", "geometry": {"type": "Polygon", "coordinates": [[[-118.00545710100901, 47.969444766748], [-118.01087480401263, 47.96946188816779], [-118.0109156318869, 47.97310399440265], [-118.01095646676136, 47.97674602063748], [-118.01635156475668, 47.97674603805838], [-118.01632203588625, 47.973112524822945], [-118.01629250601607, 47.969479009587495], [-118.01629889715181, 47.96584178634789], [-118.01630528428778, 47.962204561108265], [-118.01609510624894, 47.962204063130756], [-118.01088596228631, 47.96219645868913], [-118.01070945425366, 47.96219607270804], [-118.00546622528454, 47.96218843927008], [-118.00532341225825, 47.96218844228541], [-118.00004606628558, 47.96219287485182], [-117.99993694926546, 47.962192877863544], [-117.9946255032864, 47.96219742743364], [-117.99459116813763, 47.965803360674485], [-117.99455683398911, 47.96940929191529], [-117.99454598484586, 47.97301837815371], [-117.99453513770283, 47.97662746139213], [-117.99999152672403, 47.976686704810426], [-118.005447915745, 47.97674597822872], [-118.00545250787691, 47.97309537498836], [-118.00545710100901, 47.969444766748]]]}, "properties": {"LANDAREACODE": "102", "TRACTID": "102 T 1142", "TRACTREFNUM": "2001733309", "Label_Name": "Spokane ", "LAR_Name": "Spokane ", "TAAMS_Name": "Spokane", "REGION": "Northwest", "AGENCY": "Spokane", "OWNERSHIP": "T", "TRBE_INTEREST_PERCENT": 100, "Mineral_Resources": "Both", "EST_ACRES": 563.7}}, {"type": "Feature", "geometry": {"type": "Polygon", "coordinates": [[[-118.05429817282698, 47.89706039475158], [-118.05970870682377, 47.897063752172194], [-118.05970642596677, 47.89344679493448], [-118.05970411610993, 47.88982980969668], [-118.05429502711175, 47.88981909027529], [-118.04888593911335, 47.88980837185379], [-118.04347684811484, 47.88979765343234], [-118.03806776011618, 47.88978693301087], [-118.03806001097429, 47.89341786625086], [-118.03805226383265, 47.89704882449085], [-118.03805857269188, 47.90067178272877], [-118.03806487855135, 47.904294740966634], [-118.04347708154837, 47.904295486386914], [-118.04888928354526, 47.90429623180715], [-118.05430148454198, 47.90429697622732], [-118.0542998136844, 47.900678768989465], [-118.05429817282698, 47.89706039475158]]]}, "properties": {"LANDAREACODE": "102", "TRACTID": "102 T 1248", "TRACTREFNUM": "2001733421", "Label_Name": "Spokane ", "LAR_Name": "Spokane ", "TAAMS_Name": "Spokane", "REGION": "Northwest", "AGENCY": "Spokane", "OWNERSHIP": "T", "TRBE_INTEREST_PERCENT": 100, "Mineral_Resources": "Both", "EST_ACRES": 561.7}}, {"type": "Feature", "geometry": {"type": "Polygon", "coordinates": [[[-118.17229011400474, 47.96225849736481], [-118.17293048212233, 47.96225851629604], [-118.17768082299477, 47.962259765785745], [-118.17832308211263, 47.96225978671673], [-118.1830715309846, 47.96226106220667], [-118.18306899509989, 47.95854802396496], [-118.18306653623985, 47.95493760172987], [-118.18845435422811, 47.95493556615096], [-118.18845431137095, 47.95133478091625], [-118.18845426751408, 47.947733997681546], [-118.18306547752447, 47.94773092226005], [-118.17767668653474, 47.94772781983858], [-118.17228787054482, 47.947724745417084], [-118.16689908155475, 47.947721640995525], [-118.16689709441339, 47.95133192523141], [-118.16689513527224, 47.95494218246717], [-118.16689728913303, 47.95855635670273], [-118.1668994050146, 47.962257201943856], [-118.16753788613185, 47.96225721987525], [-118.17229011400474, 47.96225849736481]]]}, "properties": {"LANDAREACODE": "102", "TRACTID": "102 T 1197", "TRACTREFNUM": "2001733368", "Label_Name": "Spokane ", "LAR_Name": "Spokane ", "TAAMS_Name": "Spokane", "REGION": "Northwest", "AGENCY": "Spokane", "OWNERSHIP": "T", "TRBE_INTEREST_PERCENT": 100, "Mineral_Resources": "Both", "EST_ACRES": 559.6}}, {"type": "Feature", "geometry": {"type": "Polygon", "coordinates": [[[-118.25315550915282, 47.95520008321581], [-118.25314498429123, 47.951590719982484], [-118.2531344654299, 47.94798135674907], [-118.24775062843206, 47.947932052324376], [-118.24236678143403, 47.94788272589969], [-118.23698732644536, 47.947869650476825], [-118.23160784045645, 47.94785654805394], [-118.23161478032443, 47.951497050290016], [-118.23161510318936, 47.955129054526196], [-118.23161645805232, 47.95875100176157], [-118.23700302704304, 47.958765883183624], [-118.24238959603348, 47.95878048560562], [-118.2423971648963, 47.96239587983974], [-118.24304364501482, 47.96239609377027], [-118.24778684688651, 47.96240734326112], [-118.24843335400506, 47.96240755719158], [-118.25317654487661, 47.9624188116824], [-118.25316603101463, 47.958809446449145], [-118.25315550915282, 47.95520008321581]]]}, "properties": {"LANDAREACODE": "102", "TRACTID": "102 T 1179", "TRACTREFNUM": "2001733350", "Label_Name": "Spokane ", "LAR_Name": "Spokane ", "TAAMS_Name": "Spokane", "REGION": "Northwest", "AGENCY": "Spokane", "OWNERSHIP": "T", "TRBE_INTEREST_PERCENT": 100, "Mineral_Resources": "Both", "EST_ACRES": 558.4}}, {"type": "Feature", "geometry": {"type": "Polygon", "coordinates": [[[-117.9191273686341, 47.98026333872208], [-117.91912611177038, 47.976633783482825], [-117.91374563977111, 47.97661734505875], [-117.90836516977168, 47.97660090863469], [-117.90835333564112, 47.98026485987781], [-117.90836105850292, 47.98388047711555], [-117.90837018336455, 47.987493707352975], [-117.90837931122648, 47.99110693459031], [-117.9137552192234, 47.9911156790141], [-117.9191311292201, 47.991124425437896], [-117.9245070382167, 47.99113316986164], [-117.9298829462132, 47.99114191628535], [-117.92988398235163, 47.98752310304678], [-117.92988501649037, 47.98390428880817], [-117.92988603762929, 47.980285488569486], [-117.9245067006318, 47.98027441514582], [-117.9191273686341, 47.98026333872208]]]}, "properties": {"LANDAREACODE": "102", "TRACTID": "102 T 1119", "TRACTREFNUM": "2001733284", "Label_Name": "Spokane ", "LAR_Name": "Spokane ", "TAAMS_Name": "Spokane", "REGION": "Northwest", "AGENCY": "Spokane", "OWNERSHIP": "T", "TRBE_INTEREST_PERCENT": 100, "Mineral_Resources": "Both", "EST_ACRES": 557.4}}, {"type": "Feature", "geometry": {"type": "Polygon", "coordinates": [[[-118.09136582168122, 47.94776297610653], [-118.08605698370349, 47.94775945567599], [-118.08074816972558, 47.947755935245425], [-118.08079826259541, 47.95137555747728], [-118.08611849257535, 47.95137871690653], [-118.08618000144742, 47.954997838137004], [-118.0862415663196, 47.95861634936742], [-118.0808984443357, 47.958614773940866], [-118.08094852720613, 47.962234371172585], [-118.0813793552855, 47.96223436612634], [-118.08630315019212, 47.962235640597825], [-118.08672703327015, 47.962235635552325], [-118.09165746817787, 47.962236909023076], [-118.09207460225461, 47.96223690397829], [-118.09701167516346, 47.962238177448306], [-118.097422087239, 47.96223817240424], [-118.10236579814884, 47.962239447873564], [-118.10232899228075, 47.95862015764067], [-118.1022922594137, 47.95500448040801], [-118.10222047154097, 47.95139085917918], [-118.10214868266843, 47.947777265950286], [-118.09675725267492, 47.94777010752841], [-118.09136582168122, 47.94776297610653]]]}, "properties": {"LANDAREACODE": "102", "TRACTID": "102 T 1193", "TRACTREFNUM": "2001733364", "Label_Name": "Spokane ", "LAR_Name": "Spokane ", "TAAMS_Name": "Spokane", "REGION": "Northwest", "AGENCY": "Spokane", "OWNERSHIP": "T", "TRBE_INTEREST_PERCENT": 100, "Mineral_Resources": "Both", "EST_ACRES": 554.9}}, {"type": "Feature", "geometry": {"type": "Polygon", "coordinates": [[[-118.07050096509737, 47.9151514992049], [-118.07588680408692, 47.91514463262711], [-118.08063952796, 47.91513838511724], [-118.08064018910137, 47.91151762387942], [-118.08064085024297, 47.90789683564149], [-118.0806415113848, 47.904276072403626], [-118.07585303650488, 47.90428056991701], [-118.07316292001047, 47.90428313020548], [-118.070472780516, 47.904285713493884], [-118.06509324652735, 47.90429171707072], [-118.05971368653857, 47.904297722647506], [-118.05971635839781, 47.90792106888546], [-118.0597190282573, 47.91154441412343], [-118.05972169811695, 47.91516773236133], [-118.05972436797691, 47.918791078599156], [-118.06511734896748, 47.91878149002043], [-118.07051035695787, 47.91877190144167], [-118.07050096509737, 47.9151514992049]]]}, "properties": {"LANDAREACODE": "102", "TRACTID": "102 T 1239", "TRACTREFNUM": "2001733411", "Label_Name": "Spokane ", "LAR_Name": "Spokane ", "TAAMS_Name": "Spokane", "REGION": "Northwest", "AGENCY": "Spokane", "OWNERSHIP": "T", "TRBE_INTEREST_PERCENT": 100, "Mineral_Resources": "Both", "EST_ACRES": 545.0}}, {"type": "Feature", "geometry": {"type": "Polygon", "coordinates": [[[-118.10772970909622, 47.86512040792883], [-118.10773468831204, 47.866029549988056], [-118.10774464274384, 47.86784783310652], [-118.10774939795974, 47.868756893165795], [-118.1023924369754, 47.868757555739386], [-118.10239244019019, 47.86966575379909], [-118.10775415117556, 47.869665952225006], [-118.10775890739146, 47.87057501228426], [-118.10776366060735, 47.87148407134349], [-118.10642085636047, 47.871483590487216], [-118.10507805311359, 47.87148310963101], [-118.10373524986669, 47.871482628774785], [-118.10239244461978, 47.8714821469185], [-118.10239242347915, 47.875114936157296], [-118.10778267747104, 47.87512029558041], [-118.11317290146286, 47.875125682003485], [-118.11856315445445, 47.875131070426555], [-118.12395340544593, 47.875136455849606], [-118.12389494757234, 47.87148936461637], [-118.12383649069888, 47.86784224238309], [-118.12385467584355, 47.86421106614263], [-118.11845662485122, 47.864207631720355], [-118.11844658198982, 47.86057186248252], [-118.11302077499076, 47.8605620870627], [-118.10770482001706, 47.860574697632586], [-118.10238886504315, 47.86058730920245], [-118.10239065290182, 47.864218335441066], [-118.10239109811651, 47.86512608850075], [-118.10772970909622, 47.86512040792883]]]}, "properties": {"LANDAREACODE": "102", "TRACTID": "102 T 1320", "TRACTREFNUM": "2001733499", "Label_Name": "Spokane ", "LAR_Name": "Spokane ", "TAAMS_Name": "Spokane", "REGION": "Northwest", "AGENCY": "Spokane", "OWNERSHIP": "T", "TRBE_INTEREST_PERCENT": 100, "Mineral_Resources": "Both", "EST_ACRES": 540.1}}, {"type": "Feature", "geometry": {"type": "Polygon", "coordinates": [[[-118.15609138756302, 47.947691851154104], [-118.15068754156694, 47.94767694273332], [-118.1452836675707, 47.947662033312504], [-118.14532156943949, 47.95128487554516], [-118.14535944530849, 47.95490774377772], [-118.14537134717257, 47.95852908501293], [-118.14538374005944, 47.96224468125421], [-118.14594418716246, 47.96224472919401], [-118.15076278104853, 47.96224786767665], [-118.15134289615506, 47.96224788761435], [-118.1561417110374, 47.962250996099066], [-118.15612889815219, 47.95854301185849], [-118.16151310814269, 47.9585498092806], [-118.16152061402614, 47.96225409952149], [-118.1621400651399, 47.962254145454914], [-118.1668994050146, 47.962257201943856], [-118.16689728913303, 47.95855635670273], [-118.16689513527224, 47.95494218246717], [-118.16150576228067, 47.95493394104541], [-118.16150049841974, 47.95132040581016], [-118.16149523455893, 47.94770673357485], [-118.15609138756302, 47.947691851154104]]]}, "properties": {"LANDAREACODE": "102", "TRACTID": "102 T 1196", "TRACTREFNUM": "2001733367", "Label_Name": "Spokane ", "LAR_Name": "Spokane ", "TAAMS_Name": "Spokane", "REGION": "Northwest", "AGENCY": "Spokane", "OWNERSHIP": "T", "TRBE_INTEREST_PERCENT": 100, "Mineral_Resources": "Both", "EST_ACRES": 520.8}}, {"type": "Feature", "geometry": {"type": "Polygon", "coordinates": [[[-118.03788250739825, 47.95855570355341], [-118.03788531054045, 47.95494635731617], [-118.03789719968658, 47.9513455370784], [-118.03790908683294, 47.94774468984064], [-118.03247876683426, 47.947753837423726], [-118.02704844583549, 47.94776298400676], [-118.0270330596906, 47.95137319324564], [-118.02701769754599, 47.95498337448448], [-118.02157009754595, 47.9550015240701], [-118.02159409869111, 47.95138689782998], [-118.01615516769134, 47.95140037941422], [-118.0161225265456, 47.955019450655634], [-118.01610858040335, 47.95863799289501], [-118.01609510624894, 47.962204063130756], [-118.01630528428778, 47.962204561108265], [-118.02154098524711, 47.96217827554472], [-118.02173096728205, 47.96217796752433], [-118.02698713924494, 47.96215151495863], [-118.02715689927618, 47.96215123394041], [-118.03243340624002, 47.96211353237174], [-118.03258024826695, 47.96211297435593], [-118.03787998023486, 47.96207504978473], [-118.03788250739825, 47.95855570355341]]]}, "properties": {"LANDAREACODE": "102", "TRACTID": "102 T 1224", "TRACTREFNUM": "2001733395", "Label_Name": "Spokane ", "LAR_Name": "Spokane ", "TAAMS_Name": "Spokane", "REGION": "Northwest", "AGENCY": "Spokane", "OWNERSHIP": "T", "TRBE_INTEREST_PERCENT": 100, "Mineral_Resources": "Both", "EST_ACRES": 519.1}}, {"type": "Feature", "geometry": {"type": "Polygon", "coordinates": [[[-117.87601048716593, 47.889643485342134], [-117.87060880316008, 47.889616950917926], [-117.87059760101127, 47.893226496158896], [-117.87058639386264, 47.8968360383998], [-117.86519004086398, 47.89683666997694], [-117.85978825186439, 47.89683814855472], [-117.85977096471669, 47.90045600979691], [-117.85975364257088, 47.90408068003954], [-117.86517315157482, 47.904082952459994], [-117.86518159671928, 47.9004598132185], [-117.87057519471685, 47.90045643864137], [-117.87596879071424, 47.90045306506427], [-117.87598274686111, 47.89683540782263], [-117.88140030686333, 47.89683426324309], [-117.88681786486531, 47.89683311866356], [-117.8868198707097, 47.90040140090007], [-117.89217663171223, 47.900450275330265], [-117.89218411686366, 47.89685728709111], [-117.89219154901807, 47.89327585085274], [-117.89219897717264, 47.88969441061429], [-117.88681385117712, 47.88969655719038], [-117.88141216917157, 47.889670021766264], [-117.87601048716593, 47.889643485342134]]]}, "properties": {"LANDAREACODE": "102", "TRACTID": "102 T 1049", "TRACTREFNUM": "2001733251", "Label_Name": "Spokane ", "LAR_Name": "Spokane ", "TAAMS_Name": "Spokane", "REGION": "Northwest", "AGENCY": "Spokane", "OWNERSHIP": "T", "TRBE_INTEREST_PERCENT": 100, "Mineral_Resources": "Both", "EST_ACRES": 516.3}}, {"type": "Feature", "geometry": {"type": "Polygon", "coordinates": [[[-117.8869086339503, 47.99824015336453], [-117.88693076608676, 47.99459669112169], [-117.88695289722338, 47.99095322687874], [-117.88151062622019, 47.99097288546384], [-117.87606835021683, 47.990992545048854], [-117.87062608021336, 47.99101218963388], [-117.86518380320967, 47.99103183521889], [-117.8651761650717, 47.99465932545944], [-117.86516852693401, 47.99828681169992], [-117.8651653878974, 48.002334182967665], [-117.87006707380131, 48.00231572844056], [-117.87059818589921, 48.00231377438343], [-117.87537047477916, 48.00229582287023], [-117.87603100990188, 48.002297337799476], [-117.88069845876905, 48.00230772429934], [-117.88146411091124, 48.00230951521729], [-117.8860264157587, 48.00231968072841], [-117.8868970749203, 48.0023212756351], [-117.8869086339503, 47.99824015336453]]]}, "properties": {"LANDAREACODE": "102", "TRACTID": "102 T 1112", "TRACTREFNUM": "2001733277", "Label_Name": "Spokane ", "LAR_Name": "Spokane ", "TAAMS_Name": "Spokane", "REGION": "Northwest", "AGENCY": "Spokane", "OWNERSHIP": "T", "TRBE_INTEREST_PERCENT": 100, "Mineral_Resources": "Both", "EST_ACRES": 502.7}}, {"type": "Feature", "geometry": {"type": "MultiPolygon", "coordinates": [[[[-118.25366043262922, 47.99872764098592], [-118.25368293976499, 47.995092636747884], [-118.2537054459009, 47.99145760850979], [-118.24829982190684, 47.99144283109048], [-118.24289419191265, 47.991428036671124], [-118.2428822657776, 47.99505926290798], [-118.24287037264278, 47.998690516144734], [-118.24285851050541, 48.00231002138073], [-118.24285630066615, 48.00298434242465], [-118.24767559454624, 48.002970502905086], [-118.24825598865277, 48.00297116384265], [-118.25310841354357, 48.00297769332074], [-118.25365164164333, 48.002978299262324], [-118.25854181254076, 48.00298403473629], [-118.25904056763262, 48.002986224682786], [-118.25904125647895, 48.002342719640986], [-118.25904513561709, 47.99873292840673], [-118.25366043262922, 47.99872764098592]]], [[[-118.22674626621404, 47.98414539693549], [-118.22680547135788, 47.98051161469308], [-118.22142787237253, 47.980514541271546], [-118.22138127723085, 47.98414787951262], [-118.22133490508631, 47.98776832875283], [-118.22128853294204, 47.99138874999295], [-118.22124674280212, 47.99502322723345], [-118.22120492466246, 47.9986577044739], [-118.2266260876561, 47.99865510789044], [-118.22665592979445, 47.99502443765155], [-118.22668574593294, 47.99139359941265], [-118.22670087750298, 47.98958099129331], [-118.22671600507316, 47.98776848417403], [-118.22674626621404, 47.98414539693549]]]]}, "properties": {"LANDAREACODE": "102", "TRACTID": "102 T 1379", "TRACTREFNUM": "38604428", "Label_Name": "Spokane ", "LAR_Name": "Spokane ", "TAAMS_Name": "Spokane", "REGION": "Northwest", "AGENCY": "Spokane", "OWNERSHIP": "T", "TRBE_INTEREST_PERCENT": 100, "Mineral_Resources": "Both", "EST_ACRES": 500.8}}, {"type": "Feature", "geometry": {"type": "Polygon", "coordinates": [[[-117.86516852693401, 47.99828681169992], [-117.8651761650717, 47.99465932545944], [-117.86518380320967, 47.99103183521889], [-117.85977874120856, 47.99103400779869], [-117.8543736802073, 47.99103617937848], [-117.84896861420593, 47.991038350958206], [-117.84359749121063, 47.99104050853433], [-117.84356355020437, 47.99104052353799], [-117.84359707407246, 47.99466188277395], [-117.84363059594075, 47.9982832430099], [-117.8436332009156, 48.00237495928022], [-117.84364129891706, 48.00237497827932], [-117.84901121791579, 48.00238779070416], [-117.85438934491593, 48.00240060612813], [-117.85957413886922, 48.002368148569744], [-117.85977979190703, 48.00236686554758], [-117.8647636458233, 48.00233566101085], [-117.8651653878974, 48.002334182967665], [-117.86516852693401, 47.99828681169992]]]}, "properties": {"LANDAREACODE": "102", "TRACTID": "102 T 1113", "TRACTREFNUM": "2001733278", "Label_Name": "Spokane ", "LAR_Name": "Spokane ", "TAAMS_Name": "Spokane", "REGION": "Northwest", "AGENCY": "Spokane", "OWNERSHIP": "T", "TRBE_INTEREST_PERCENT": 100, "Mineral_Resources": "Both", "EST_ACRES": 499.4}}, {"type": "Feature", "geometry": {"type": "Polygon", "coordinates": [[[-117.84363059594075, 47.9982832430099], [-117.84359707407246, 47.99466188277395], [-117.84356355020437, 47.99104052353799], [-117.83817265720681, 47.99104904211656], [-117.83278175820905, 47.991057560695154], [-117.82739085121116, 47.991066079273736], [-117.8219999392131, 47.99107459885226], [-117.82203455307548, 47.99467154008674], [-117.822069164938, 47.99826848032122], [-117.82211270590582, 48.00229965058344], [-117.82228468793855, 48.00230303556517], [-117.82749633491049, 48.00232416100767], [-117.82766189694134, 48.002324768989965], [-117.83288029591442, 48.00234592243168], [-117.83303935894408, 48.002346475414626], [-117.83825269991436, 48.002360488856404], [-117.83834031593062, 48.002360681847044], [-117.84362510291407, 48.00237493728111], [-117.8436332009156, 48.00237495928022], [-117.84363059594075, 47.9982832430099]]]}, "properties": {"LANDAREACODE": "102", "TRACTID": "102 T 1114", "TRACTREFNUM": "2001733279", "Label_Name": "Spokane ", "LAR_Name": "Spokane ", "TAAMS_Name": "Spokane", "REGION": "Northwest", "AGENCY": "Spokane", "OWNERSHIP": "T", "TRBE_INTEREST_PERCENT": 100, "Mineral_Resources": "Both", "EST_ACRES": 496.7}}, {"type": "Feature", "geometry": {"type": "Polygon", "coordinates": [[[-117.90838089495246, 47.99835289106798], [-117.90838010308936, 47.994729914829136], [-117.90837931122648, 47.99110693459031], [-117.90302270622594, 47.99106850716248], [-117.89766610422522, 47.9910300797346], [-117.89230949922441, 47.99099165330672], [-117.88695289722338, 47.99095322687874], [-117.88693076608676, 47.99459669112169], [-117.8869086339503, 47.99824015336453], [-117.8868970749203, 48.0023212756351], [-117.89135520774788, 48.00232944315728], [-117.89226900891747, 48.00233112005932], [-117.89668399873688, 48.002339204586065], [-117.8976408559124, 48.00233227048293], [-117.902109682732, 48.00229993600119], [-117.90301262089763, 48.002293390903894], [-117.907535338727, 48.00226066641636], [-117.90838452288394, 48.00225970732513], [-117.90838089495246, 47.99835289106798]]]}, "properties": {"LANDAREACODE": "102", "TRACTID": "102 T 1111", "TRACTREFNUM": "2001733276", "Label_Name": "Spokane ", "LAR_Name": "Spokane ", "TAAMS_Name": "Spokane", "REGION": "Northwest", "AGENCY": "Spokane", "OWNERSHIP": "T", "TRBE_INTEREST_PERCENT": 100, "Mineral_Resources": "Both", "EST_ACRES": 494.5}}, {"type": "Feature", "geometry": {"type": "Polygon", "coordinates": [[[-118.0706427600587, 47.80483672692196], [-118.06792441456, 47.80484116121265], [-118.06795544603189, 47.80257283105944], [-118.0665920827819, 47.8025755882052], [-118.0652287255319, 47.802578342351055], [-118.06386537128185, 47.80258109649685], [-118.0625020130318, 47.80258384864267], [-118.06113865678175, 47.80258660078847], [-118.05977530053174, 47.80258935493432], [-118.05977292874451, 47.80349539899446], [-118.05977055895728, 47.80440144405461], [-118.0597681881701, 47.80530748911474], [-118.05976581638294, 47.806213533174905], [-118.06112248163197, 47.80621163802983], [-118.06247914588099, 47.80620974188477], [-118.06383581012996, 47.80620784573975], [-118.06519247337899, 47.8062059485947], [-118.06515621622628, 47.80983355283823], [-118.05975633523434, 47.809837712415444], [-118.05965769807199, 47.813472075666155], [-118.05955905390984, 47.81710643591683], [-118.06499437090976, 47.81710811833608], [-118.07042968690958, 47.817109801755386], [-118.07583373590388, 47.81711324817805], [-118.08063486978718, 47.817116506665116], [-118.08059461092043, 47.813468550428624], [-118.0805742724822, 47.81162382030906], [-118.08055268505365, 47.80982078919232], [-118.0805603769995, 47.80958489517592], [-118.08040617395424, 47.80951309118763], [-118.08018856878444, 47.80896177717448], [-118.07990199262734, 47.80851832617585], [-118.07933206740293, 47.80800993320317], [-118.07590610277357, 47.8080112995693], [-118.07596688835771, 47.806197554443024], [-118.07599007019923, 47.80550617639488], [-118.07459724069854, 47.804466801475016], [-118.07454198566977, 47.804387645475735], [-118.07065063795335, 47.80438285189112], [-118.0706427600587, 47.80483672692196]]]}, "properties": {"LANDAREACODE": "102", "TRACTID": "102 T 1316", "TRACTREFNUM": "2001733495", "Label_Name": "Spokane ", "LAR_Name": "Spokane ", "TAAMS_Name": "Spokane", "REGION": "Northwest", "AGENCY": "Spokane", "OWNERSHIP": "T", "TRBE_INTEREST_PERCENT": 100, "Mineral_Resources": "Both", "EST_ACRES": 494.3}}, {"type": "Feature", "geometry": {"type": "Polygon", "coordinates": [[[-118.01620272290849, 47.99848391050081], [-118.01622653004499, 47.99484360425947], [-118.0162503361817, 47.9912032960181], [-118.01083030217687, 47.99118318159883], [-118.00541026917192, 47.9911630691795], [-117.99999022016677, 47.99114296176014], [-117.99457017016147, 47.99112288434073], [-117.99447619500508, 47.99473583258812], [-117.99438221684896, 47.99834877883545], [-117.99432874176158, 48.00221796309518], [-117.997123809274, 48.00220271679397], [-117.99975848276578, 48.00222528051246], [-118.00195071217425, 48.00224135527808], [-118.00524242378998, 48.002275508926736], [-118.00678217607623, 48.002284017761916], [-118.01073525581188, 48.00230958033899], [-118.0126992251747, 48.0023113611281], [-118.01622264282938, 48.002329955750874], [-118.01620272290849, 47.99848391050081]]]}, "properties": {"LANDAREACODE": "102", "TRACTID": "102 T 1130", "TRACTREFNUM": "2001733297", "Label_Name": "Spokane ", "LAR_Name": "Spokane ", "TAAMS_Name": "Spokane", "REGION": "Northwest", "AGENCY": "Spokane", "OWNERSHIP": "T", "TRBE_INTEREST_PERCENT": 100, "Mineral_Resources": "Both", "EST_ACRES": 494.1}}, {"type": "Feature", "geometry": {"type": "Polygon", "coordinates": [[[-118.09154626808738, 47.99132602893781], [-118.08612941608575, 47.991307791518686], [-118.08071253508398, 47.99128952609952], [-118.08064775693738, 47.99491809534377], [-118.08058298379105, 47.99854668958794], [-118.08052579267967, 48.00231517484044], [-118.08391225730858, 48.00233721747788], [-118.08596184169038, 48.00235541425882], [-118.08946170334238, 48.00238725988466], [-118.09147937071815, 48.00240515166897], [-118.09217588284791, 48.00241150259455], [-118.09501206737622, 48.0024373022913], [-118.09695853573486, 48.002438472082176], [-118.10043536637292, 48.00243045570792], [-118.10232174772044, 48.00243182050522], [-118.10233373781395, 47.99862397325526], [-118.10235686995196, 47.99499326701571], [-118.10238003009022, 47.99136253477603], [-118.09696314808885, 47.991344296356935], [-118.09154626808738, 47.99132602893781]]]}, "properties": {"LANDAREACODE": "102", "TRACTID": "102 T 1149", "TRACTREFNUM": "2001733317", "Label_Name": "Spokane ", "LAR_Name": "Spokane ", "TAAMS_Name": "Spokane", "REGION": "Northwest", "AGENCY": "Spokane", "OWNERSHIP": "T", "TRBE_INTEREST_PERCENT": 100, "Mineral_Resources": "Both", "EST_ACRES": 491.2}}, {"type": "Feature", "geometry": {"type": "Polygon", "coordinates": [[[-118.13486034307286, 47.99139590928725], [-118.12944229307388, 47.99138450486888], [-118.12402421907476, 47.991373071450546], [-118.12402245093999, 47.995001191687436], [-118.1240206828054, 47.99862928492434], [-118.12402128072225, 48.002470160174795], [-118.1280091944504, 48.00244771974454], [-118.12953669673361, 48.00245703358091], [-118.13349785946647, 48.0024754571562], [-118.13499805274448, 48.00248463299548], [-118.13890965846798, 48.002502528576], [-118.1403728227356, 48.00249659341827], [-118.14465941951768, 48.002471592955686], [-118.14574603371645, 48.002467441838576], [-118.14573346380917, 47.99867684659295], [-118.14571495093965, 47.99504781035843], [-118.14569646607029, 47.99141877412388], [-118.14027839007166, 47.991407342705585], [-118.13486034307286, 47.99139590928725]]]}, "properties": {"LANDAREACODE": "102", "TRACTID": "102 T 1147", "TRACTREFNUM": "2001733314", "Label_Name": "Spokane ", "LAR_Name": "Spokane ", "TAAMS_Name": "Spokane", "REGION": "Northwest", "AGENCY": "Spokane", "OWNERSHIP": "T", "TRBE_INTEREST_PERCENT": 100, "Mineral_Resources": "Both", "EST_ACRES": 491.0}}, {"type": "Feature", "geometry": {"type": "Polygon", "coordinates": [[[-117.99438221684896, 47.99834877883545], [-117.99447619500508, 47.99473583258812], [-117.99457017016147, 47.99112288434073], [-117.98913048016041, 47.991136472925646], [-117.98369079115923, 47.99115006351059], [-117.97825567015393, 47.99114355509363], [-117.97282054714847, 47.991137045676666], [-117.9728449470132, 47.99474755991141], [-117.97286934187821, 47.99835807114608], [-117.97278128879289, 48.00226333941216], [-117.97574822934274, 48.002270895094064], [-117.978188637793, 48.00226837783186], [-117.98106307332245, 48.00226235152278], [-117.98356859878449, 48.002259360253476], [-117.98637805930204, 48.00225391895144], [-117.9889486697741, 48.00224281467461], [-117.9917514902884, 48.00222912337271], [-117.99432874176158, 48.00221796309518], [-117.99438221684896, 47.99834877883545]]]}, "properties": {"LANDAREACODE": "102", "TRACTID": "102 T 1131", "TRACTREFNUM": "2001733298", "Label_Name": "Spokane ", "LAR_Name": "Spokane ", "TAAMS_Name": "Spokane", "REGION": "Northwest", "AGENCY": "Spokane", "OWNERSHIP": "T", "TRBE_INTEREST_PERCENT": 100, "Mineral_Resources": "Both", "EST_ACRES": 490.1}}, {"type": "Feature", "geometry": {"type": "Polygon", "coordinates": [[[-117.94069746422419, 47.99118887812788], [-117.93529020521876, 47.99116539770665], [-117.9298829462132, 47.99114191628535], [-117.92986251106716, 47.99474328652482], [-117.92984206992129, 47.99834465676417], [-117.92983391685374, 48.002263945023174], [-117.93440875170343, 48.00227852753305], [-117.93520532185141, 48.00228140244772], [-117.93977073769918, 48.002295955958594], [-117.9405767538485, 48.00229713487214], [-117.94513142069181, 48.0023018833835], [-117.94594687884285, 48.002303064295994], [-117.9504921266843, 48.00230781180836], [-117.95140323385233, 48.00230601671042], [-117.95140394794437, 47.99849597645969], [-117.95141565607895, 47.994855021218875], [-117.95142736421374, 47.991214036977986], [-117.94609620822534, 47.99120158254935], [-117.94069746422419, 47.99118887812788]]]}, "properties": {"LANDAREACODE": "102", "TRACTID": "102 T 1109", "TRACTREFNUM": "2001733274", "Label_Name": "Spokane ", "LAR_Name": "Spokane ", "TAAMS_Name": "Spokane", "REGION": "Northwest", "AGENCY": "Spokane", "OWNERSHIP": "T", "TRBE_INTEREST_PERCENT": 100, "Mineral_Resources": "Both", "EST_ACRES": 489.1}}, {"type": "Feature", "geometry": {"type": "Polygon", "coordinates": [[[-117.92984206992129, 47.99834465676417], [-117.92986251106716, 47.99474328652482], [-117.9298829462132, 47.99114191628535], [-117.9245070382167, 47.99113316986164], [-117.9191311292201, 47.991124425437896], [-117.9137552192234, 47.9911156790141], [-117.90837931122648, 47.99110693459031], [-117.90838010308936, 47.994729914829136], [-117.90838089495246, 47.99835289106798], [-117.90838452288394, 48.00225970732513], [-117.91290774271965, 48.002253650839315], [-117.91375017987534, 48.002252689748815], [-117.91828011971212, 48.0022466332622], [-117.91911585886709, 48.002247952172546], [-117.92366344270985, 48.00225386668486], [-117.92447490186032, 48.00225515759784], [-117.92904676170751, 48.00226109910751], [-117.92983391685374, 48.002263945023174], [-117.92984206992129, 47.99834465676417]]]}, "properties": {"LANDAREACODE": "102", "TRACTID": "102 T 1110", "TRACTREFNUM": "2001733275", "Label_Name": "Spokane ", "LAR_Name": "Spokane ", "TAAMS_Name": "Spokane", "REGION": "Northwest", "AGENCY": "Spokane", "OWNERSHIP": "T", "TRBE_INTEREST_PERCENT": 100, "Mineral_Resources": "Both", "EST_ACRES": 488.0}}, {"type": "Feature", "geometry": {"type": "Polygon", "coordinates": [[[-118.15667125401313, 47.965939749282875], [-118.1567415231476, 47.962251045034634], [-118.1561417110374, 47.962250996099066], [-118.15134289615506, 47.96224788761435], [-118.15076278104853, 47.96224786767665], [-118.14594418716246, 47.96224472919401], [-118.14588741802164, 47.96589660043849], [-118.14583064988109, 47.96954847068295], [-118.1457738817407, 47.9732003419274], [-118.14571711260052, 47.97685224017174], [-118.15108904760223, 47.97691306359845], [-118.15646100660368, 47.976973888025114], [-118.1565309957412, 47.973301155778124], [-118.1619377637464, 47.97335164720037], [-118.16734450375142, 47.973401860622694], [-118.16748410989686, 47.969708184366894], [-118.16751101001428, 47.965982702121146], [-118.16209129701386, 47.96596134970199], [-118.15667125401313, 47.965939749282875]]]}, "properties": {"LANDAREACODE": "102", "TRACTID": "102 T 1158", "TRACTREFNUM": "2001733328", "Label_Name": "Spokane ", "LAR_Name": "Spokane ", "TAAMS_Name": "Spokane", "REGION": "Northwest", "AGENCY": "Spokane", "OWNERSHIP": "T", "TRBE_INTEREST_PERCENT": 100, "Mineral_Resources": "Both", "EST_ACRES": 486.7}}, {"type": "Feature", "geometry": {"type": "Polygon", "coordinates": [[[-118.03785372190087, 47.99847925017475], [-118.03781374402912, 47.99485432094153], [-118.03777376815762, 47.9912293897083], [-118.03238737817068, 47.99125580328853], [-118.02700098218367, 47.99128221886874], [-118.02162565718272, 47.99124275644343], [-118.0162503361817, 47.9912032960181], [-118.01622653004499, 47.99484360425947], [-118.01620272290849, 47.99848391050081], [-118.01622264282938, 48.002329955750874], [-118.01860388425878, 48.00228848049235], [-118.02164021881615, 48.00227663616538], [-118.0240278752553, 48.00227118890854], [-118.02705334881065, 48.002259456582735], [-118.02945184325169, 48.002253898324675], [-118.03246634380896, 48.002259277001194], [-118.03491083726163, 48.00226707973903], [-118.03787914381037, 48.00227270942052], [-118.03785372190087, 47.99847925017475]]]}, "properties": {"LANDAREACODE": "102", "TRACTID": "102 T 1129", "TRACTREFNUM": "2001733296", "Label_Name": "Spokane ", "LAR_Name": "Spokane ", "TAAMS_Name": "Spokane", "REGION": "Northwest", "AGENCY": "Spokane", "OWNERSHIP": "T", "TRBE_INTEREST_PERCENT": 100, "Mineral_Resources": "Both", "EST_ACRES": 486.4}}, {"type": "Feature", "geometry": {"type": "Polygon", "coordinates": [[[-118.05919683782354, 47.998430536878445], [-118.05919651695406, 47.99478498263994], [-118.05919619308477, 47.99113942640129], [-118.05379263209099, 47.991147937982355], [-118.04838907209712, 47.9911564505633], [-118.04308142112745, 47.991192920135816], [-118.03777376815762, 47.9912293897083], [-118.03781374402912, 47.99485432094153], [-118.03785372190087, 47.99847925017475], [-118.03787914381037, 48.00227270942052], [-118.04036986327162, 48.002281122153455], [-118.04319235179464, 48.00229205985091], [-118.04578693927571, 48.002303471572866], [-118.04850497977945, 48.002314659281566], [-118.05120401727969, 48.00232587599225], [-118.05381905176294, 48.00233114871159], [-118.05672985030033, 48.002335056399055], [-118.05913334474474, 48.002341054141155], [-118.05919683782354, 47.998430536878445]]]}, "properties": {"LANDAREACODE": "102", "TRACTID": "102 T 1128", "TRACTREFNUM": "2001733295", "Label_Name": "Spokane ", "LAR_Name": "Spokane ", "TAAMS_Name": "Spokane", "REGION": "Northwest", "AGENCY": "Spokane", "OWNERSHIP": "T", "TRBE_INTEREST_PERCENT": 100, "Mineral_Resources": "Both", "EST_ACRES": 485.8}}, {"type": "Feature", "geometry": {"type": "Polygon", "coordinates": [[[-118.07003981609935, 47.99120998724101], [-118.06461800509211, 47.99117470682116], [-118.05919619308477, 47.99113942640129], [-118.05919651695406, 47.99478498263994], [-118.05919683782354, 47.998430536878445], [-118.05913334474474, 48.002341054141155], [-118.0595212478167, 48.00234305109966], [-118.06220153931389, 48.002356849812514], [-118.0644648877255, 48.00233415356781], [-118.06757167029, 48.00230061323174], [-118.0697979866948, 48.00227838999099], [-118.0729415202658, 48.00224434965092], [-118.07513333567462, 48.00226557241679], [-118.07840146028346, 48.002294505067425], [-118.08052579267967, 48.00231517484044], [-118.08058298379105, 47.99854668958794], [-118.08064775693738, 47.99491809534377], [-118.08071253508398, 47.99128952609952], [-118.07538830609397, 47.99124983866898], [-118.07003981609935, 47.99120998724101]]]}, "properties": {"LANDAREACODE": "102", "TRACTID": "102 T 1127", "TRACTREFNUM": "2001733294", "Label_Name": "Spokane ", "LAR_Name": "Spokane ", "TAAMS_Name": "Spokane", "REGION": "Northwest", "AGENCY": "Spokane", "OWNERSHIP": "T", "TRBE_INTEREST_PERCENT": 100, "Mineral_Resources": "Both", "EST_ACRES": 485.3}}, {"type": "Feature", "geometry": {"type": "Polygon", "coordinates": [[[-118.15651511806784, 47.99145788996335], [-118.15110579306912, 47.9914383185436], [-118.14569646607029, 47.99141877412388], [-118.14571495093965, 47.99504781035843], [-118.14573346380917, 47.99867684659295], [-118.14574603371645, 48.002467441838576], [-118.15040787356709, 48.00244110433551], [-118.15114738970323, 48.00244198325601], [-118.15574775454685, 48.0024342867608], [-118.15655190969485, 48.00243522167437], [-118.16108793552657, 48.00242783018605], [-118.1619580406872, 48.00243065209264], [-118.1664765955179, 48.002433095606776], [-118.16736419868165, 48.002435972511535], [-118.16735532379309, 47.99872146427069], [-118.16734455792881, 47.9951092360367], [-118.16733379406475, 47.99149700580267], [-118.16192444306635, 47.99147743438302], [-118.15651511806784, 47.99145788996335]]]}, "properties": {"LANDAREACODE": "102", "TRACTID": "102 T 1146", "TRACTREFNUM": "2001733313", "Label_Name": "Spokane ", "LAR_Name": "Spokane ", "TAAMS_Name": "Spokane", "REGION": "Northwest", "AGENCY": "Spokane", "OWNERSHIP": "T", "TRBE_INTEREST_PERCENT": 100, "Mineral_Resources": "Both", "EST_ACRES": 485.0}}, {"type": "Feature", "geometry": {"type": "Polygon", "coordinates": [[[-117.97286934187821, 47.99835807114608], [-117.9728449470132, 47.99474755991141], [-117.97282054714847, 47.991137045676666], [-117.96747301816836, 47.99116980125281], [-117.96212548518814, 47.991202556828966], [-117.95677642520101, 47.9912082964035], [-117.95142736421374, 47.991214036977986], [-117.95141565607895, 47.994855021218875], [-117.95140394794437, 47.99849597645969], [-117.95140323385233, 48.00230601671042], [-117.95675399682926, 48.002255193132555], [-117.95680386283843, 48.00225508112724], [-117.96210459280617, 48.0022050925548], [-117.96311586999228, 48.002201628445974], [-117.9674440517983, 48.00222779898296], [-117.96943177216815, 48.002238762770254], [-117.97278128879289, 48.00226333941216], [-117.97286934187821, 47.99835807114608]]]}, "properties": {"LANDAREACODE": "102", "TRACTID": "102 T 1132", "TRACTREFNUM": "2001733299", "Label_Name": "Spokane ", "LAR_Name": "Spokane ", "TAAMS_Name": "Spokane", "REGION": "Northwest", "AGENCY": "Spokane", "OWNERSHIP": "T", "TRBE_INTEREST_PERCENT": 100, "Mineral_Resources": "Both", "EST_ACRES": 483.6}}, {"type": "Feature", "geometry": {"type": "Polygon", "coordinates": [[[-118.0597190282573, 47.91154441412343], [-118.05971635839781, 47.90792106888546], [-118.05971368653857, 47.904297722647506], [-118.05430148454198, 47.90429697622732], [-118.04888928354526, 47.90429623180715], [-118.04888525640561, 47.90792983004659], [-118.0488812042662, 47.911563425286076], [-118.04346230727037, 47.91157254286733], [-118.03804340927432, 47.91158140844858], [-118.03803266013612, 47.91522475668945], [-118.03802194299813, 47.918868104930326], [-118.04344753399302, 47.91884884934759], [-118.04887315498785, 47.9188295917648], [-118.05429874798243, 47.918810336182], [-118.05972436797691, 47.918791078599156], [-118.05972169811695, 47.91516773236133], [-118.0597190282573, 47.91154441412343]]]}, "properties": {"LANDAREACODE": "102", "TRACTID": "102 T 1240", "TRACTREFNUM": "2001733412", "Label_Name": "Spokane ", "LAR_Name": "Spokane ", "TAAMS_Name": "Spokane", "REGION": "Northwest", "AGENCY": "Spokane", "OWNERSHIP": "T", "TRBE_INTEREST_PERCENT": 100, "Mineral_Resources": "Both", "EST_ACRES": 483.2}}, {"type": "Feature", "geometry": {"type": "Polygon", "coordinates": [[[-118.09158333866509, 47.84622735241361], [-118.0861338916611, 47.84621760199595], [-118.08611541351085, 47.84983070323599], [-118.08609693136074, 47.85344380347592], [-118.08607827321829, 47.85708838671788], [-118.08605961307603, 47.86073298295983], [-118.09150269706521, 47.86068442537407], [-118.09694578305431, 47.86063586778826], [-118.10238886504315, 47.86058730920245], [-118.10239102318138, 47.85693888296224], [-118.10239318331982, 47.85329045372193], [-118.10243772249612, 47.84976865348544], [-118.10248225767266, 47.846246852248804], [-118.09703279966898, 47.846237101831235], [-118.09158333866509, 47.84622735241361]]]}, "properties": {"LANDAREACODE": "102", "TRACTID": "102 T 1323", "TRACTREFNUM": "2001733502", "Label_Name": "Spokane ", "LAR_Name": "Spokane ", "TAAMS_Name": "Spokane", "REGION": "Northwest", "AGENCY": "Spokane", "OWNERSHIP": "T", "TRBE_INTEREST_PERCENT": 100, "Mineral_Resources": "Both", "EST_ACRES": 482.1}}, {"type": "Feature", "geometry": {"type": "Polygon", "coordinates": [[[-118.02725197742036, 47.907928959364284], [-118.0272773385652, 47.904299944122556], [-118.02188355457187, 47.904302560700465], [-118.01648976857838, 47.90430517527834], [-118.0164630194297, 47.90791932951936], [-118.0164362392813, 47.911533512760386], [-118.01643135114554, 47.91518347200132], [-118.02180207913621, 47.91518629942606], [-118.02177299298573, 47.91879164966656], [-118.0271758369881, 47.918819810089495], [-118.03259887599319, 47.9188439725099], [-118.03802194299813, 47.918868104930326], [-118.03803266013612, 47.91522475668945], [-118.03804340927432, 47.91158140844858], [-118.03263501327515, 47.91156980302732], [-118.03265306841665, 47.90793364878594], [-118.02725197742036, 47.907928959364284]]]}, "properties": {"LANDAREACODE": "102", "TRACTID": "102 T 1241", "TRACTREFNUM": "2001733413", "Label_Name": "Spokane ", "LAR_Name": "Spokane ", "TAAMS_Name": "Spokane", "REGION": "Northwest", "AGENCY": "Spokane", "OWNERSHIP": "T", "TRBE_INTEREST_PERCENT": 100, "Mineral_Resources": "Both", "EST_ACRES": 481.4}}, {"type": "Feature", "geometry": {"type": "Polygon", "coordinates": [[[-118.04886474370072, 47.92605600824072], [-118.05429431069777, 47.926043417657844], [-118.05972387569454, 47.926030550074856], [-118.05972412283558, 47.92241081483707], [-118.05972436797691, 47.918791078599156], [-118.05429874798243, 47.918810336182], [-118.04887315498785, 47.9188295917648], [-118.04344753399302, 47.91884884934759], [-118.03802194299813, 47.918868104930326], [-118.03801377385201, 47.92247425716838], [-118.03800560970616, 47.92608041140643], [-118.0379974725604, 47.92968656364446], [-118.03798930641497, 47.933292688882375], [-118.04342281941473, 47.93328704229945], [-118.0488563584143, 47.93328136771645], [-118.0488605515574, 47.9296686884786], [-118.04886474370072, 47.92605600824072]]]}, "properties": {"LANDAREACODE": "102", "TRACTID": "102 T 1237", "TRACTREFNUM": "2001733409", "Label_Name": "Spokane ", "LAR_Name": "Spokane ", "TAAMS_Name": "Spokane", "REGION": "Northwest", "AGENCY": "Spokane", "OWNERSHIP": "T", "TRBE_INTEREST_PERCENT": 100, "Mineral_Resources": "Both", "EST_ACRES": 481.2}}, {"type": "Feature", "geometry": {"type": "Polygon", "coordinates": [[[-118.20460185948244, 47.94775986394883], [-118.19921840349242, 47.947749039526364], [-118.19383633550336, 47.94774151810399], [-118.18845426751408, 47.947733997681546], [-118.18845431137095, 47.95133478091625], [-118.18845435422811, 47.95493556615096], [-118.19114759772529, 47.95494806086246], [-118.1938408392224, 47.954960556573965], [-118.19922735421652, 47.954985298996874], [-118.19923184307679, 47.95859472023151], [-118.19923635195023, 47.962258312469544], [-118.19988280406876, 47.962258248400076], [-118.20257633656256, 47.962256773110546], [-118.20462339393787, 47.96225566389052], [-118.20526984705641, 47.962255600821024], [-118.21001043592526, 47.96225301631141], [-118.21005995607464, 47.95864375907118], [-118.21010944222417, 47.95503453183094], [-118.21010920035953, 47.95140274859451], [-118.21010896249497, 47.94777093835802], [-118.20460185948244, 47.94775986394883]]]}, "properties": {"LANDAREACODE": "102", "TRACTID": "102 T 1198", "TRACTREFNUM": "2001733369", "Label_Name": "Spokane ", "LAR_Name": "Spokane ", "TAAMS_Name": "Spokane", "REGION": "Northwest", "AGENCY": "Spokane", "OWNERSHIP": "T", "TRBE_INTEREST_PERCENT": 100, "Mineral_Resources": "Both", "EST_ACRES": 480.6}}, {"type": "Feature", "geometry": {"type": "Polygon", "coordinates": [[[-118.10222638162543, 47.89697958861136], [-118.10225073677007, 47.893350381370446], [-118.10227509191492, 47.88972114912952], [-118.09686697592456, 47.88973756970999], [-118.09145883093403, 47.88975396129038], [-118.0914465307905, 47.89337997253004], [-118.09143420464721, 47.89700601276952], [-118.08603814365783, 47.89701882234853], [-118.08064205566824, 47.89703140892752], [-118.08064178252641, 47.900653754165596], [-118.0806415113848, 47.904276072403626], [-118.08602554637302, 47.90426656782603], [-118.09140957736108, 47.90425703524836], [-118.09679361134897, 47.904247530670716], [-118.10217764633666, 47.90423799809305], [-118.1022020274809, 47.90060879285221], [-118.10222638162543, 47.89697958861136]]]}, "properties": {"LANDAREACODE": "102", "TRACTID": "102 T 1214", "TRACTREFNUM": "2001733385", "Label_Name": "Spokane ", "LAR_Name": "Spokane ", "TAAMS_Name": "Spokane", "REGION": "Northwest", "AGENCY": "Spokane", "OWNERSHIP": "T", "TRBE_INTEREST_PERCENT": 100, "Mineral_Resources": "Both", "EST_ACRES": 480.3}}, {"type": "Feature", "geometry": {"type": "Polygon", "coordinates": [[[-118.00578751872726, 47.87523822250644], [-118.00551837967754, 47.87523777453517], [-118.00444181047865, 47.875235985650285], [-118.00309611123015, 47.875233752794095], [-118.00040470273292, 47.875229287081766], [-118.00040017358823, 47.87885071932144], [-118.00039561644375, 47.882472042561076], [-118.0003869482983, 47.886091390801006], [-118.00037827915294, 47.88971057404086], [-118.0057590691499, 47.889731618466236], [-118.01113987814678, 47.88975269989161], [-118.01652068914342, 47.88977375331696], [-118.0165287712861, 47.88614434907672], [-118.01653688342901, 47.88251491583638], [-118.01654499557212, 47.87888551059605], [-118.01655308071543, 47.87525610735562], [-118.01117029872141, 47.87524716493106], [-118.00578751872726, 47.87523822250644]]]}, "properties": {"LANDAREACODE": "102", "TRACTID": "102 T 1252", "TRACTREFNUM": "2001733425", "Label_Name": "Spokane ", "LAR_Name": "Spokane ", "TAAMS_Name": "Spokane", "REGION": "Northwest", "AGENCY": "Spokane", "OWNERSHIP": "T", "TRBE_INTEREST_PERCENT": 100, "Mineral_Resources": "Both", "EST_ACRES": 479.1}}, {"type": "Feature", "geometry": {"type": "Polygon", "coordinates": [[[-118.02170625123162, 47.8225722663229], [-118.02439021173008, 47.822590325037275], [-118.02438699751849, 47.82169466097837], [-118.02438377830691, 47.82079900391947], [-118.02170689080877, 47.820776651204014], [-118.021707526386, 47.818981072085094], [-118.02170816996323, 47.817185419966165], [-118.01904538746565, 47.81715450024861], [-118.01638262496806, 47.817123581530964], [-118.01636785939023, 47.81892776565202], [-118.0163530988124, 47.82073195977302], [-118.01633833323466, 47.82253614789402], [-118.01632356665698, 47.824340335015], [-118.01632062774137, 47.82470089803918], [-118.0163262325142, 47.82797646325532], [-118.01632890137161, 47.83161258849562], [-118.02173561837057, 47.831626451918694], [-118.02714233936939, 47.83164031334177], [-118.02984569886873, 47.831647245053304], [-118.03254904436804, 47.8316541767648], [-118.0352523978673, 47.83166108647634], [-118.03795575236653, 47.831668039187846], [-118.03792677351046, 47.82805888795238], [-118.03791951229643, 47.82715643489353], [-118.03791227308247, 47.82625418783466], [-118.03656091683236, 47.82624830297869], [-118.0365465104043, 47.82444288686082], [-118.03519523315396, 47.82443613200485], [-118.0351810267272, 47.82263595988732], [-118.036532168977, 47.822640526743214], [-118.03788330322674, 47.822645064599165], [-118.03787605601278, 47.82174277354025], [-118.03786882379896, 47.82084056948135], [-118.03785433537114, 47.81903594836361], [-118.03783984994351, 47.81723140324579], [-118.03648908369534, 47.81723338439026], [-118.03513832644724, 47.81723536653472], [-118.03515254787385, 47.819035564652225], [-118.03516676730048, 47.82083576276978], [-118.03517390151389, 47.821735860828525], [-118.03247172301487, 47.82172891011681], [-118.02706743201674, 47.82171486369336], [-118.02707417322844, 47.8226083837517], [-118.0270876576519, 47.824395424868484], [-118.02439663315322, 47.824381652155125], [-118.02170561165454, 47.82436787944173], [-118.02170625123162, 47.8225722663229]]]}, "properties": {"LANDAREACODE": "102", "TRACTID": "102 T 1312", "TRACTREFNUM": "2001733491", "Label_Name": "Spokane ", "LAR_Name": "Spokane ", "TAAMS_Name": "Spokane", "REGION": "Northwest", "AGENCY": "Spokane", "OWNERSHIP": "T", "TRBE_INTEREST_PERCENT": 100, "Mineral_Resources": "Both", "EST_ACRES": 479.1}}, {"type": "Feature", "geometry": {"type": "Polygon", "coordinates": [[[-117.92987419058805, 47.85349908318481], [-117.92988119873246, 47.84986601894295], [-117.92988817587704, 47.846232953701005], [-117.92450216888517, 47.84624471727725], [-117.91911507489289, 47.84625645285351], [-117.91372473989789, 47.84625977242955], [-117.90833331690254, 47.84626306300573], [-117.9083317193268, 47.84806390012554], [-117.9083301217511, 47.849864709245395], [-117.90832852717541, 47.851665543365215], [-117.90832695459986, 47.85346635448501], [-117.91371512659745, 47.85347492490985], [-117.91910329459486, 47.85348324633468], [-117.91909684644692, 47.857100337575524], [-117.91909039929926, 47.86071742781628], [-117.92447531629962, 47.86074133424236], [-117.92986023229993, 47.86076524066839], [-117.92986721044387, 47.85713217542666], [-117.92987419058805, 47.85349908318481]]]}, "properties": {"LANDAREACODE": "102", "TRACTID": "102 T 1287", "TRACTREFNUM": "2001733464", "Label_Name": "Spokane ", "LAR_Name": "Spokane ", "TAAMS_Name": "Spokane", "REGION": "Northwest", "AGENCY": "Spokane", "OWNERSHIP": "T", "TRBE_INTEREST_PERCENT": 100, "Mineral_Resources": "Both", "EST_ACRES": 479.1}}, {"type": "Feature", "geometry": {"type": "Polygon", "coordinates": [[[-117.89760440331487, 47.86065949910859], [-117.89224629332308, 47.860654425680785], [-117.88688821233119, 47.86064938025296], [-117.88689649918923, 47.864279690493376], [-117.8869047830476, 47.86791002673377], [-117.88691129190438, 47.871534392973864], [-117.88691782776141, 47.87515875921395], [-117.89230673575479, 47.87514511063701], [-117.89769564574796, 47.875131434059966], [-117.90308455474104, 47.87511778648297], [-117.90305932988275, 47.87150317024574], [-117.90303410402463, 47.86788838700844], [-117.90301619859504, 47.86608246889044], [-117.90299829216544, 47.864276548772445], [-117.90298038773592, 47.86247057365439], [-117.9029624843065, 47.86066457153638], [-117.89760440331487, 47.86065949910859]]]}, "properties": {"LANDAREACODE": "102", "TRACTID": "102 T 1283", "TRACTREFNUM": "2001733460", "Label_Name": "Spokane ", "LAR_Name": "Spokane ", "TAAMS_Name": "Spokane", "REGION": "Northwest", "AGENCY": "Spokane", "OWNERSHIP": "T", "TRBE_INTEREST_PERCENT": 100, "Mineral_Resources": "Both", "EST_ACRES": 478.1}}, {"type": "Feature", "geometry": {"type": "Polygon", "coordinates": [[[-118.2746692360955, 47.955214837904236], [-118.2746601282318, 47.95159600267038], [-118.27465099236827, 47.947977165436406], [-118.26927771438038, 47.94795885201273], [-118.26390446339232, 47.947940566589004], [-118.25851946341119, 47.947960947169065], [-118.2531344654299, 47.94798135674907], [-118.25314498429123, 47.951590719982484], [-118.25315550915282, 47.95520008321581], [-118.2585432881405, 47.955204146636966], [-118.26393104012801, 47.955207988058085], [-118.2639442859913, 47.95882138029129], [-118.26395749585488, 47.96243480152437], [-118.26460400997325, 47.96243493545487], [-118.26934794284377, 47.96244280794534], [-118.26999448296216, 47.96244294287582], [-118.2747384208325, 47.96245079036625], [-118.27470384496391, 47.958832811135295], [-118.2746865275297, 47.95702381401978], [-118.2746692360955, 47.955214837904236]]]}, "properties": {"LANDAREACODE": "102", "TRACTID": "102 T 1180", "TRACTREFNUM": "2001733351", "Label_Name": "Spokane ", "LAR_Name": "Spokane ", "TAAMS_Name": "Spokane", "REGION": "Northwest", "AGENCY": "Spokane", "OWNERSHIP": "T", "TRBE_INTEREST_PERCENT": 100, "Mineral_Resources": "Both", "EST_ACRES": 477.7}}, {"type": "Feature", "geometry": {"type": "Polygon", "coordinates": [[[-117.83286614647142, 47.958436756524755], [-117.83285852361149, 47.95482034228572], [-117.83823962560952, 47.95482226570952], [-117.84362072960732, 47.95482419113331], [-117.84359980274427, 47.95120415089551], [-117.84358934231281, 47.949394129776636], [-117.84357887888144, 47.94758410865774], [-117.83821107388522, 47.94757832823215], [-117.83284326988884, 47.94757254680659], [-117.82747547889234, 47.94756676738093], [-117.82210768989565, 47.94756098595528], [-117.82210204074299, 47.95113718619333], [-117.82210196875508, 47.9511882341967], [-117.82209631060047, 47.954755145434035], [-117.82209621761479, 47.95481548243803], [-117.82209056546449, 47.95839971567649], [-117.82209046847468, 47.95844270167933], [-117.82208477232014, 47.962008228916474], [-117.82208473632555, 47.962030856917984], [-117.82208471732822, 47.962042170918735], [-117.82215667134159, 47.96204227391104], [-117.82747922533046, 47.96204992634141], [-117.8328737603326, 47.96205768076406], [-117.83286614647142, 47.958436756524755]]]}, "properties": {"LANDAREACODE": "102", "TRACTID": "102 T 1254", "TRACTREFNUM": "2001733428", "Label_Name": "Spokane ", "LAR_Name": "Spokane ", "TAAMS_Name": "Spokane", "REGION": "Northwest", "AGENCY": "Spokane", "OWNERSHIP": "T", "TRBE_INTEREST_PERCENT": 100, "Mineral_Resources": "Both", "EST_ACRES": 477.7}}, {"type": "Feature", "geometry": {"type": "Polygon", "coordinates": [[[-117.91906244727089, 47.911380850177466], [-117.91906979641718, 47.907769797937625], [-117.91907346899043, 47.905964272817684], [-117.91907530477705, 47.905061508757704], [-117.91907713956374, 47.904158742697724], [-117.9136827165665, 47.90415837227498], [-117.9082882915691, 47.90415800185221], [-117.90828739042259, 47.90776457809122], [-117.90828648727633, 47.91137115333018], [-117.90828557013026, 47.91497772956917], [-117.90828465298449, 47.91858430380808], [-117.91366620898108, 47.91859073223238], [-117.91904776697754, 47.918597160656645], [-117.92442931897384, 47.91860359008087], [-117.92981087496993, 47.918610018505085], [-117.92981539254312, 47.91680488938523], [-117.92981765132967, 47.91590232532527], [-117.92981769632546, 47.91588428432411], [-117.92981991111628, 47.914999775265365], [-117.92982442768952, 47.913194645145424], [-117.9298244696855, 47.91317768114431], [-117.92982668647613, 47.912292087085476], [-117.92982675047011, 47.9122666340838], [-117.92982894526283, 47.911389529025556], [-117.92444569726688, 47.911385189601496], [-117.91906244727089, 47.911380850177466]]]}, "properties": {"LANDAREACODE": "102", "TRACTID": "102 T 1270", "TRACTREFNUM": "2001733445", "Label_Name": "Spokane ", "LAR_Name": "Spokane ", "TAAMS_Name": "Spokane", "REGION": "Northwest", "AGENCY": "Spokane", "OWNERSHIP": "T", "TRBE_INTEREST_PERCENT": 100, "Mineral_Resources": "Both", "EST_ACRES": 477.1}}, {"type": "Feature", "geometry": {"type": "Polygon", "coordinates": [[[-117.96251885031559, 47.91145197352976], [-117.96256284146308, 47.90781879528501], [-117.96260686161082, 47.90418561504022], [-117.95720160461677, 47.90420189761994], [-117.95179634562257, 47.90421815319969], [-117.95182550048376, 47.90783230243547], [-117.95185468134515, 47.91144642367124], [-117.95180147219389, 47.915070351916384], [-117.9517482900428, 47.91869428116152], [-117.95708959303099, 47.918701640589966], [-117.96243092101898, 47.918709002018424], [-117.96777233500656, 47.91871502844672], [-117.97311374999394, 47.918721053875046], [-117.97319569414815, 47.915088817626476], [-117.97327763330263, 47.91145657937796], [-117.96789824130921, 47.911454415953855], [-117.96251885031559, 47.91145197352976]]]}, "properties": {"LANDAREACODE": "102", "TRACTID": "102 T 1244", "TRACTREFNUM": "2001733416", "Label_Name": "Spokane ", "LAR_Name": "Spokane ", "TAAMS_Name": "Spokane", "REGION": "Northwest", "AGENCY": "Spokane", "OWNERSHIP": "T", "TRBE_INTEREST_PERCENT": 100, "Mineral_Resources": "Both", "EST_ACRES": 476.8}}, {"type": "Feature", "geometry": {"type": "Polygon", "coordinates": [[[-118.2799422498875, 47.93348574492687], [-118.27628988521822, 47.933481584319], [-118.27598380740328, 47.93449499241771], [-118.27519277615171, 47.934046074473514], [-118.27460012601232, 47.93391596752871], [-118.27462044477014, 47.937085406732464], [-118.27464363763471, 47.94070090896479], [-118.2746473285014, 47.94433905220064], [-118.27465099236827, 47.947977165436406], [-118.28004638235672, 47.94798142385681], [-118.2800251904876, 47.94434744862321], [-118.28000399761864, 47.94071333538959], [-118.28536438260237, 47.940725536814334], [-118.29076393859305, 47.94073754423484], [-118.29080057946304, 47.94436379746618], [-118.29083719133318, 47.94798991069749], [-118.29623261132114, 47.94799416911774], [-118.29619808045223, 47.94437174888654], [-118.29616352458352, 47.94074930265528], [-118.29612896671495, 47.93712688242397], [-118.29609443984668, 47.93350446219261], [-118.29068613285625, 47.93349928877342], [-118.28528724586685, 47.93349186435298], [-118.2799422498875, 47.93348574492687]]]}, "properties": {"LANDAREACODE": "102", "TRACTID": "102 T 1185", "TRACTREFNUM": "2001733356", "Label_Name": "Spokane ", "LAR_Name": "Spokane ", "TAAMS_Name": "Spokane", "REGION": "Northwest", "AGENCY": "Spokane", "OWNERSHIP": "T", "TRBE_INTEREST_PERCENT": 100, "Mineral_Resources": "Both", "EST_ACRES": 475.8}}, {"type": "Feature", "geometry": {"type": "Polygon", "coordinates": [[[-118.07583373590388, 47.81711324817805], [-118.07042968690958, 47.817109801755386], [-118.06499437090976, 47.81710811833608], [-118.05955905390984, 47.81710643591683], [-118.05958569877012, 47.82073767115385], [-118.05961234363072, 47.82436890639083], [-118.05963897249148, 47.82800012762779], [-118.05966560435252, 47.831631348864654], [-118.06509325435195, 47.83163608528469], [-118.07052090735118, 47.83164082270474], [-118.0704980714895, 47.82800401046717], [-118.07047523762802, 47.82436719322962], [-118.0758815576217, 47.82436584865162], [-118.08071344050967, 47.82436464113496], [-118.08067812664892, 47.82074015689962], [-118.08065990121662, 47.81891962278144], [-118.08063486978718, 47.817116506665116], [-118.07583373590388, 47.81711324817805]]]}, "properties": {"LANDAREACODE": "102", "TRACTID": "102 T 1310", "TRACTREFNUM": "2001733489", "Label_Name": "Spokane ", "LAR_Name": "Spokane ", "TAAMS_Name": "Spokane", "REGION": "Northwest", "AGENCY": "Spokane", "OWNERSHIP": "T", "TRBE_INTEREST_PERCENT": 100, "Mineral_Resources": "Both", "EST_ACRES": 475.3}}, {"type": "Feature", "geometry": {"type": "Polygon", "coordinates": [[[-118.0595637315488, 47.955005904994024], [-118.05954670640577, 47.95862222423303], [-118.0595300152566, 47.96221143047014], [-118.05966738428197, 47.962211930455425], [-118.06495955925945, 47.96222325488813], [-118.06510206728574, 47.96222339187288], [-118.07038907726205, 47.962234690306126], [-118.07053669328926, 47.96223479929026], [-118.07581856326182, 47.962234875723325], [-118.0759592112877, 47.9622346787082], [-118.08094852720613, 47.962234371172585], [-118.0808984443357, 47.958614773940866], [-118.07586731141063, 47.95861961148121], [-118.07591614255816, 47.95499801623861], [-118.07596636270705, 47.951380392996136], [-118.08079826259541, 47.95137555747728], [-118.08074816972558, 47.947755935245425], [-118.07601658085623, 47.947762879753604], [-118.07058820685863, 47.94777027833651], [-118.07053842970899, 47.951385595578955], [-118.07048868155954, 47.9550008858213], [-118.06502619355426, 47.95500353540767], [-118.06507202570306, 47.951388493165716], [-118.0651178568521, 47.94777334192364], [-118.0596475338454, 47.94777640651074], [-118.05960561969698, 47.951391169752384], [-118.0595637315488, 47.955005904994024]]]}, "properties": {"LANDAREACODE": "102", "TRACTID": "102 T 1226", "TRACTREFNUM": "2001733397", "Label_Name": "Spokane ", "LAR_Name": "Spokane ", "TAAMS_Name": "Spokane", "REGION": "Northwest", "AGENCY": "Spokane", "OWNERSHIP": "T", "TRBE_INTEREST_PERCENT": 100, "Mineral_Resources": "Both", "EST_ACRES": 474.9}}, {"type": "Feature", "geometry": {"type": "Polygon", "coordinates": [[[-118.18367424674048, 48.00270055277431], [-118.18809260356603, 48.00276052630286], [-118.18911140975702, 48.002777015194354], [-118.19350349057947, 48.002844543726205], [-118.19443820775018, 48.002840838625424], [-118.1989002855632, 48.002815586143726], [-118.1997663347213, 48.002812187050345], [-118.2042967215466, 48.00278640556121], [-118.2050920996953, 48.0027977854764], [-118.20974060656461, 48.002866228980665], [-118.21031130567131, 48.00287438991983], [-118.21032005353135, 48.002281942880394], [-118.21037349667664, 47.99866259063959], [-118.21042712281825, 47.995026807397636], [-118.20516624785833, 47.995049122964986], [-118.20515406228971, 47.9968650980843], [-118.19981596031501, 47.99688561365987], [-118.19444158233068, 47.99689445523857], [-118.18906723334618, 47.99690302581719], [-118.1890492799052, 47.99506971369991], [-118.1836221489112, 47.99507986628425], [-118.17819498791704, 47.99508973886858], [-118.17821642278986, 47.99872944010307], [-118.17823913671481, 48.00258506235143], [-118.1826828865546, 48.00268448187992], [-118.18367424674048, 48.00270055277431]]]}, "properties": {"LANDAREACODE": "102", "TRACTID": "102 T 1360", "TRACTREFNUM": "48600111", "Label_Name": "Spokane ", "LAR_Name": "Spokane ", "TAAMS_Name": "Spokane", "REGION": "Northwest", "AGENCY": "Spokane", "OWNERSHIP": "T", "TRBE_INTEREST_PERCENT": 100, "Mineral_Resources": "Both", "EST_ACRES": 446.3}}, {"type": "Feature", "geometry": {"type": "Polygon", "coordinates": [[[-118.07057892299629, 47.94414932010003], [-118.07058820685863, 47.94777027833651], [-118.07601658085623, 47.947762879753604], [-118.07599871399339, 47.9441466455184], [-118.0759808481308, 47.94053054928314], [-118.07596536825625, 47.93686148204416], [-118.07595002639181, 47.93323377580778], [-118.07055099040078, 47.9332456723876], [-118.065137200407, 47.93325784596901], [-118.05972338441305, 47.93327004855038], [-118.05970441327082, 47.936896616790555], [-118.05968544612881, 47.94052321303067], [-118.05966647598696, 47.94414981027072], [-118.0596475338454, 47.94777640651074], [-118.0651178568521, 47.94777334192364], [-118.06512271299172, 47.94414969068539], [-118.07057892299629, 47.94414932010003]]]}, "properties": {"LANDAREACODE": "102", "TRACTID": "102 T 1227", "TRACTREFNUM": "2001733398", "Label_Name": "Spokane ", "LAR_Name": "Spokane ", "TAAMS_Name": "Spokane", "REGION": "Northwest", "AGENCY": "Spokane", "OWNERSHIP": "T", "TRBE_INTEREST_PERCENT": 100, "Mineral_Resources": "Both", "EST_ACRES": 443.3}}, {"type": "Feature", "geometry": {"type": "Polygon", "coordinates": [[[-118.04883584379242, 47.84618181698311], [-118.0542415787887, 47.846188234405396], [-118.05964731278476, 47.84619465182765], [-118.05965189292642, 47.842553834586965], [-118.05424072293032, 47.842551440165494], [-118.05423987007208, 47.83891464392554], [-118.05423901021403, 47.83527758668554], [-118.05423814835623, 47.83164052744552], [-118.04881069135983, 47.83164970802627], [-118.04338322036328, 47.83165887360711], [-118.0433949492212, 47.83528813384558], [-118.04340668007927, 47.83891739308401], [-118.03799008808261, 47.83891851166319], [-118.03800724394092, 47.84254374890087], [-118.03802440179946, 47.846168984138416], [-118.04343012279601, 47.846175401560764], [-118.04883584379242, 47.84618181698311]]]}, "properties": {"LANDAREACODE": "102", "TRACTID": "102 T 1308", "TRACTREFNUM": "2001733487", "Label_Name": "Spokane ", "LAR_Name": "Spokane ", "TAAMS_Name": "Spokane", "REGION": "Northwest", "AGENCY": "Spokane", "OWNERSHIP": "T", "TRBE_INTEREST_PERCENT": 100, "Mineral_Resources": "Both", "EST_ACRES": 443.2}}, {"type": "Feature", "geometry": {"type": "Polygon", "coordinates": [[[-118.33459043071768, 47.991515544807285], [-118.33999235770389, 47.99151055322537], [-118.34001613083583, 47.98785957698705], [-118.34003988096804, 47.98420862874877], [-118.34006118310425, 47.98057520751178], [-118.34008248624059, 47.976941758274755], [-118.33464878324948, 47.976949749860125], [-118.32923661126213, 47.97695768644308], [-118.3292245841287, 47.9805966066796], [-118.32381254814229, 47.98060940426293], [-118.32380005000905, 47.98424863149952], [-118.32378755187645, 47.987889606736175], [-118.32377505174397, 47.991530472972784], [-118.32918853373138, 47.99152053538927], [-118.33459043071768, 47.991515544807285]]]}, "properties": {"LANDAREACODE": "102", "TRACTID": "102 T 1167", "TRACTREFNUM": "2001733337", "Label_Name": "Spokane ", "LAR_Name": "Spokane ", "TAAMS_Name": "Spokane", "REGION": "Northwest", "AGENCY": "Spokane", "OWNERSHIP": "T", "TRBE_INTEREST_PERCENT": 100, "Mineral_Resources": "Both", "EST_ACRES": 442.9}}, {"type": "Feature", "geometry": {"type": "Polygon", "coordinates": [[[-118.0271758369881, 47.918819810089495], [-118.02177299298573, 47.91879164966656], [-118.02176479984273, 47.92241149790576], [-118.0163587068408, 47.92238892048361], [-118.01634720469872, 47.92601432372352], [-118.02175657669989, 47.9260312071449], [-118.02310889995017, 47.92603538300025], [-118.02446124920044, 47.92603955885553], [-118.02716592270092, 47.926047839566195], [-118.02716345012946, 47.927855709685396], [-118.027160978558, 47.92966354880463], [-118.02715603341528, 47.93327923004298], [-118.02986434491528, 47.933282614752855], [-118.03257265641521, 47.93328597346271], [-118.03798930641497, 47.933292688882375], [-118.0379974725604, 47.92968656364446], [-118.03800560970616, 47.92608041140643], [-118.03801377385201, 47.92247425716838], [-118.03802194299813, 47.918868104930326], [-118.03259887599319, 47.9188439725099], [-118.0271758369881, 47.918819810089495]]]}, "properties": {"LANDAREACODE": "102", "TRACTID": "102 T 1236", "TRACTREFNUM": "2001733408", "Label_Name": "Spokane ", "LAR_Name": "Spokane ", "TAAMS_Name": "Spokane", "REGION": "Northwest", "AGENCY": "Spokane", "OWNERSHIP": "T", "TRBE_INTEREST_PERCENT": 100, "Mineral_Resources": "Both", "EST_ACRES": 440.2}}, {"type": "Feature", "geometry": {"type": "Polygon", "coordinates": [[[-118.08064354653601, 47.92599130982921], [-118.08064588439493, 47.92960737706623], [-118.08598278138216, 47.92962912049532], [-118.08597850724469, 47.933264604734205], [-118.09130879423515, 47.93330573816516], [-118.09664382921507, 47.93329928759245], [-118.10197755919437, 47.9332917820198], [-118.10199952333231, 47.92964526977843], [-118.1020214614705, 47.92599878653712], [-118.10204342560894, 47.922352275295694], [-118.1020653637475, 47.91870579105422], [-118.0967087467656, 47.91871912962946], [-118.0966923646262, 47.92235828086991], [-118.09667598148702, 47.92599729211025], [-118.09133053050328, 47.925995548683446], [-118.08598702451975, 47.92599355325637], [-118.08599126866042, 47.92236973601814], [-118.08599548480119, 47.918745807779864], [-118.08063886681882, 47.91875914735505], [-118.08064120567734, 47.92237521459215], [-118.08064354653601, 47.92599130982921]]]}, "properties": {"LANDAREACODE": "102", "TRACTID": "102 T 1205", "TRACTREFNUM": "2001733376", "Label_Name": "Spokane ", "LAR_Name": "Spokane ", "TAAMS_Name": "Spokane", "REGION": "Northwest", "AGENCY": "Spokane", "OWNERSHIP": "T", "TRBE_INTEREST_PERCENT": 100, "Mineral_Resources": "Both", "EST_ACRES": 437.6}}, {"type": "Feature", "geometry": {"type": "Polygon", "coordinates": [[[-118.3339887327895, 47.95876076075509], [-118.33393333764478, 47.96238996299582], [-118.33467438378045, 47.96239089991613], [-118.3392255856119, 47.9623902774265], [-118.33922025374387, 47.958754241191926], [-118.3392148898761, 47.95511823795733], [-118.33921483001201, 47.95149276172284], [-118.3392080481469, 47.94786728648895], [-118.33403528420791, 47.947892998046896], [-118.32864978423048, 47.947920796627756], [-118.32321164123675, 47.94792142921255], [-118.31777349924293, 47.94792208779728], [-118.31780220867991, 47.94973445091157], [-118.31783091911696, 47.95154681302587], [-118.31788834099122, 47.95517156625445], [-118.32327323097235, 47.95515807367447], [-118.32865809495327, 47.95514433209446], [-118.32864959481537, 47.95876717032983], [-118.3339887327895, 47.95876076075509]]]}, "properties": {"LANDAREACODE": "102", "TRACTID": "102 T 1182", "TRACTREFNUM": "2001733353", "Label_Name": "Spokane ", "LAR_Name": "Spokane ", "TAAMS_Name": "Spokane", "REGION": "Northwest", "AGENCY": "Spokane", "OWNERSHIP": "T", "TRBE_INTEREST_PERCENT": 100, "Mineral_Resources": "Both", "EST_ACRES": 433.7}}, {"type": "Feature", "geometry": {"type": "Polygon", "coordinates": [[[-118.07055099040078, 47.9332456723876], [-118.07595002639181, 47.93323377580778], [-118.0759367725306, 47.929617208571884], [-118.08064588439493, 47.92960737706623], [-118.08064354653601, 47.92599130982921], [-118.08064120567734, 47.92237521459215], [-118.08063886681882, 47.91875914735505], [-118.07589817094784, 47.91876497886368], [-118.07051035695787, 47.91877190144167], [-118.06511734896748, 47.91878149002043], [-118.05972436797691, 47.918791078599156], [-118.05972412283558, 47.92241081483707], [-118.06512232582715, 47.922401197257656], [-118.07052052881853, 47.92239133067831], [-118.07053067367939, 47.926010758914856], [-118.07054084653997, 47.92962821615127], [-118.06513222454696, 47.929639388731964], [-118.05972363055368, 47.92965028431263], [-118.05972338441305, 47.93327004855038], [-118.065137200407, 47.93325784596901], [-118.07055099040078, 47.9332456723876]]]}, "properties": {"LANDAREACODE": "102", "TRACTID": "102 T 1238", "TRACTREFNUM": "2001733410", "Label_Name": "Spokane ", "LAR_Name": "Spokane ", "TAAMS_Name": "Spokane", "REGION": "Northwest", "AGENCY": "Spokane", "OWNERSHIP": "T", "TRBE_INTEREST_PERCENT": 100, "Mineral_Resources": "Both", "EST_ACRES": 424.4}}, {"type": "Feature", "geometry": {"type": "Polygon", "coordinates": [[[-118.09149989435946, 47.87884578856903], [-118.09148620521744, 47.882481854809555], [-118.09147251907558, 47.886117894049974], [-118.09145883093403, 47.88975396129038], [-118.09686697592456, 47.88973756970999], [-118.10227509191492, 47.88972114912952], [-118.10227133204495, 47.88605008088878], [-118.10233516219658, 47.88241695864326], [-118.10236379233775, 47.8787659474003], [-118.10239242347915, 47.875114936157296], [-118.09695300449046, 47.875162327742906], [-118.09151358450168, 47.875209749328455], [-118.08607416251273, 47.875257168914004], [-118.08063471352362, 47.87530458949952], [-118.08063666438052, 47.87892515673754], [-118.08606830737006, 47.8788855971533], [-118.09149989435946, 47.87884578856903]]]}, "properties": {"LANDAREACODE": "102", "TRACTID": "102 T 1220", "TRACTREFNUM": "2001733391", "Label_Name": "Spokane ", "LAR_Name": "Spokane ", "TAAMS_Name": "Spokane", "REGION": "Northwest", "AGENCY": "Spokane", "OWNERSHIP": "T", "TRBE_INTEREST_PERCENT": 100, "Mineral_Resources": "Both", "EST_ACRES": 404.1}}, {"type": "Feature", "geometry": {"type": "Polygon", "coordinates": [[[-118.04883584379242, 47.84618181698311], [-118.04343012279601, 47.846175401560764], [-118.03802440179946, 47.846168984138416], [-118.03803981966396, 47.84981997237784], [-118.0380552405287, 47.85347095761725], [-118.0380706443937, 47.857121931856554], [-118.03807464761846, 47.85807046291875], [-118.03807834882623, 47.85894742497623], [-118.03808605225885, 47.86077290309587], [-118.03943337250708, 47.86077349695172], [-118.04078069875523, 47.86077409080765], [-118.0434753432516, 47.86077527751945], [-118.04886463724415, 47.86077765194294], [-118.04885743738096, 47.85712895570309], [-118.048850238518, 47.8534802554632], [-118.0488430416551, 47.849831038223144], [-118.05424465865038, 47.84983631864578], [-118.05964627664544, 47.84984159706831], [-118.05964731278476, 47.84619465182765], [-118.0542415787887, 47.846188234405396], [-118.04883584379242, 47.84618181698311]]]}, "properties": {"LANDAREACODE": "102", "TRACTID": "102 T 1300", "TRACTREFNUM": "2001733478", "Label_Name": "Spokane ", "LAR_Name": "Spokane ", "TAAMS_Name": "Spokane", "REGION": "Northwest", "AGENCY": "Spokane", "OWNERSHIP": "T", "TRBE_INTEREST_PERCENT": 100, "Mineral_Resources": "Both", "EST_ACRES": 403.5}}, {"type": "Feature", "geometry": {"type": "Polygon", "coordinates": [[[-117.98387974514954, 47.94050791515805], [-117.98388957628885, 47.9368747339176], [-117.9838994064284, 47.93324155267709], [-117.97848646442847, 47.93323752525695], [-117.97307355542829, 47.93323349783675], [-117.97305906228442, 47.93685234407693], [-117.97304456814072, 47.940471163317056], [-117.97300771299507, 47.94409812256006], [-117.97297082884963, 47.94772508080302], [-117.97841545686147, 47.94775324822119], [-117.98386008587323, 47.94778144463931], [-117.9893047158848, 47.947809613057416], [-117.98930662902015, 47.944167820817356], [-117.98930757358792, 47.94234686769733], [-117.98930851515568, 47.9405259155773], [-117.98387974514954, 47.94050791515805]]]}, "properties": {"LANDAREACODE": "102", "TRACTID": "102 T 1231", "TRACTREFNUM": "2001733402", "Label_Name": "Spokane ", "LAR_Name": "Spokane ", "TAAMS_Name": "Spokane", "REGION": "Northwest", "AGENCY": "Spokane", "OWNERSHIP": "T", "TRBE_INTEREST_PERCENT": 100, "Mineral_Resources": "Both", "EST_ACRES": 402.8}}, {"type": "Feature", "geometry": {"type": "Polygon", "coordinates": [[[-118.33456717753826, 48.0033318835726], [-118.33974050749175, 48.00336436701748], [-118.3399574925317, 48.00336572599416], [-118.33996098928661, 48.00233815192751], [-118.33997327942494, 47.99872517069306], [-118.33997804299459, 47.99692152957616], [-118.33453611301209, 47.99697263516553], [-118.33457859957922, 47.99512929904191], [-118.33458452914843, 47.99332243592461], [-118.33818790580578, 47.99331693753628], [-118.33998759313407, 47.993314221342274], [-118.33999235770389, 47.99151055322537], [-118.33459043071768, 47.991515544807285], [-118.32918853373138, 47.99152053538927], [-118.32377505174397, 47.991530472972784], [-118.32377213660935, 47.99515414320718], [-118.32376922147499, 47.99877770244154], [-118.31837818549309, 47.99879466602317], [-118.3183787233838, 48.00251971126374], [-118.3183788465855, 48.00336310731821], [-118.32343299850034, 48.00332342277131], [-118.32375190855873, 48.003323615736974], [-118.32885776149315, 48.00332676518725], [-118.32914244554523, 48.00332693015656], [-118.33428254948578, 48.00333010760317], [-118.33456717753826, 48.0033318835726]]]}, "properties": {"LANDAREACODE": "102", "TRACTID": "102 T 1162", "TRACTREFNUM": "2001733332", "Label_Name": "Spokane ", "LAR_Name": "Spokane ", "TAAMS_Name": "Spokane", "REGION": "Northwest", "AGENCY": "Spokane", "OWNERSHIP": "T", "TRBE_INTEREST_PERCENT": 100, "Mineral_Resources": "Both", "EST_ACRES": 401.0}}, {"type": "Feature", "geometry": {"type": "Polygon", "coordinates": [[[-118.07592184734547, 47.83164582412756], [-118.07052090735118, 47.83164082270474], [-118.07049633320527, 47.835281283947516], [-118.07047175805954, 47.83892174319027], [-118.07044717291416, 47.84256275443303], [-118.06504953392034, 47.842558295009994], [-118.05965189292642, 47.842553834586965], [-118.05964731278476, 47.84619465182765], [-118.06503495077693, 47.8461992082517], [-118.07042258676896, 47.8462037636757], [-118.07580400175915, 47.84620601410023], [-118.08068444665699, 47.846207852578274], [-118.08070502580172, 47.84256847933623], [-118.08072557594667, 47.838929078094154], [-118.08074615309181, 47.83528970385203], [-118.0807667052372, 47.83165030260986], [-118.07592184734547, 47.83164582412756]]]}, "properties": {"LANDAREACODE": "102", "TRACTID": "102 T 1309", "TRACTREFNUM": "2001733488", "Label_Name": "Spokane ", "LAR_Name": "Spokane ", "TAAMS_Name": "Spokane", "REGION": "Northwest", "AGENCY": "Spokane", "OWNERSHIP": "T", "TRBE_INTEREST_PERCENT": 100, "Mineral_Resources": "Both", "EST_ACRES": 386.3}}, {"type": "Feature", "geometry": {"type": "MultiPolygon", "coordinates": [[[[-117.86519178646024, 47.95843026006134], [-117.86515632559292, 47.95480506482511], [-117.8651207927258, 47.951180009588796], [-117.86508526385889, 47.94755495135253], [-117.85970866786474, 47.947562254928826], [-117.85974054473066, 47.951186033165534], [-117.85977242759675, 47.95480983940218], [-117.85438855560048, 47.954814641979226], [-117.85441677046579, 47.95843722521623], [-117.85444517733629, 47.962080614454514], [-117.85983635033604, 47.96208431387708], [-117.8652275273356, 47.962088013299635], [-117.86519178646024, 47.95843026006134]]], [[[-117.85438855560048, 47.954814641979226], [-117.85436033973536, 47.95119205874223], [-117.85167015923766, 47.95119508403059], [-117.85164381337323, 47.94757319379329], [-117.848955419876, 47.94757683308145], [-117.84357887888144, 47.94758410865774], [-117.84358934231281, 47.949394129776636], [-117.84359980274427, 47.95120415089551], [-117.84362072960732, 47.95482419113331], [-117.84900465560399, 47.954819415556265], [-117.85438855560048, 47.954814641979226]]]]}, "properties": {"LANDAREACODE": "102", "TRACTID": "102 T 1255", "TRACTREFNUM": "2001733429", "Label_Name": "Spokane ", "LAR_Name": "Spokane ", "TAAMS_Name": "Spokane", "REGION": "Northwest", "AGENCY": "Spokane", "OWNERSHIP": "T", "TRBE_INTEREST_PERCENT": 100, "Mineral_Resources": "Both", "EST_ACRES": 379.3}}, {"type": "Feature", "geometry": {"type": "Polygon", "coordinates": [[[-117.90029674268528, 47.8516408102216], [-117.9002993832632, 47.84984866410218], [-117.90030203084116, 47.84805640498282], [-117.90030468241915, 47.846264166863364], [-117.89762844692466, 47.84626453414925], [-117.89227318991657, 47.84618759971612], [-117.8869179329084, 47.846110639282976], [-117.88691049576333, 47.8497435045254], [-117.88690679119091, 47.85155995164661], [-117.88690308661847, 47.85337639876777], [-117.89225978261425, 47.8533992491971], [-117.89761647960987, 47.853421876626356], [-117.90029410410743, 47.853433082340985], [-117.90297170260494, 47.85344424405569], [-117.90296941103028, 47.85524936817585], [-117.90296709245561, 47.85705448129603], [-117.90028877395896, 47.857047622581746], [-117.89894960171063, 47.85704415472462], [-117.89761045546226, 47.85704068786747], [-117.89760440331487, 47.86065949910859], [-117.9029624843065, 47.86066457153638], [-117.90564152380225, 47.860667119250266], [-117.90698104505007, 47.8606683831072], [-117.90832056629797, 47.86066964596414], [-117.9083237604488, 47.85706799872455], [-117.90832695459986, 47.85346635448501], [-117.90832852717541, 47.851665543365215], [-117.9083301217511, 47.849864709245395], [-117.9083317193268, 47.84806390012554], [-117.90833331690254, 47.84626306300573], [-117.90565710640814, 47.84626343129161], [-117.90565516183165, 47.84806141341133], [-117.90565321725519, 47.84985942653102], [-117.90565127267874, 47.85165731165065], [-117.90297399718203, 47.85164907793612], [-117.90029674268528, 47.8516408102216]]]}, "properties": {"LANDAREACODE": "102", "TRACTID": "102 T 1288", "TRACTREFNUM": "2001733465", "Label_Name": "Spokane ", "LAR_Name": "Spokane ", "TAAMS_Name": "Spokane", "REGION": "Northwest", "AGENCY": "Spokane", "OWNERSHIP": "T", "TRBE_INTEREST_PERCENT": 100, "Mineral_Resources": "Both", "EST_ACRES": 375.4}}, {"type": "Feature", "geometry": {"type": "Polygon", "coordinates": [[[-118.11318252194505, 47.994997464852425], [-118.11320212408282, 47.99136781661332], [-118.10779107808656, 47.99136519119466], [-118.10238003009022, 47.99136253477603], [-118.10235686995196, 47.99499326701571], [-118.10233373781395, 47.99862397325526], [-118.10232174772044, 48.00243182050522], [-118.10340961392015, 48.00242961238811], [-118.10466351615031, 48.002427041253185], [-118.10585724937445, 48.00244574912604], [-118.10770487871154, 48.002433196926596], [-118.11137760939255, 48.00245515153321], [-118.11314223471922, 48.00246326834403], [-118.11316294580743, 47.998627142091436], [-118.11859179980654, 47.99862835250789], [-118.1185815367242, 48.002480811760364], [-118.1224085524268, 48.00247517934853], [-118.12402128072225, 48.002470160174795], [-118.1240206828054, 47.99862928492434], [-118.12402245093999, 47.995001191687436], [-118.11860248594257, 47.994999454269944], [-118.11318252194505, 47.994997464852425]]]}, "properties": {"LANDAREACODE": "102", "TRACTID": "102 T 1148", "TRACTREFNUM": "2001733315", "Label_Name": "Spokane ", "LAR_Name": "Spokane ", "TAAMS_Name": "Spokane", "REGION": "Northwest", "AGENCY": "Spokane", "OWNERSHIP": "T", "TRBE_INTEREST_PERCENT": 100, "Mineral_Resources": "Both", "EST_ACRES": 368.0}}, {"type": "Feature", "geometry": {"type": "MultiPolygon", "coordinates": [[[[-117.90308455474104, 47.87511778648297], [-117.89769564574796, 47.875131434059966], [-117.89230673575479, 47.87514511063701], [-117.88691782776141, 47.87515875921395], [-117.88689183261498, 47.87879320945812], [-117.8868658394688, 47.88242765770228], [-117.89225285946334, 47.88242000612575], [-117.8976398784577, 47.88241235554925], [-117.90302689245176, 47.8824041989727], [-117.90841390844572, 47.882396042396074], [-117.90844368758974, 47.878750092151066], [-117.9084734657339, 47.87510413890592], [-117.90308455474104, 47.87511778648297]]], [[[-117.88683984732283, 47.886062107946344], [-117.88681385117712, 47.88969655719038], [-117.89219897717264, 47.88969441061429], [-117.89222592031788, 47.886057209370044], [-117.88683984732283, 47.886062107946344]]]]}, "properties": {"LANDAREACODE": "102", "TRACTID": "102 T 1279", "TRACTREFNUM": "2001733455", "Label_Name": "Spokane ", "LAR_Name": "Spokane ", "TAAMS_Name": "Spokane", "REGION": "Northwest", "AGENCY": "Spokane", "OWNERSHIP": "T", "TRBE_INTEREST_PERCENT": 100, "Mineral_Resources": "Both", "EST_ACRES": 361.3}}, {"type": "Feature", "geometry": {"type": "Polygon", "coordinates": [[[-117.85983635033604, 47.96208431387708], [-117.85444517733629, 47.962080614454514], [-117.85441191918986, 47.965699849697735], [-117.85437866104361, 47.96931908294093], [-117.8489769160421, 47.96931713751968], [-117.84357517404042, 47.96931519009845], [-117.8435313608928, 47.97293619234295], [-117.84348754374541, 47.97655719058747], [-117.8488998377486, 47.9765568660073], [-117.85431212975159, 47.97655653842714], [-117.85972440975449, 47.97655622484695], [-117.85975239889957, 47.97293837560459], [-117.85978038304492, 47.96932052436216], [-117.85980837019041, 47.965702419119616], [-117.86520481819068, 47.96570498854147], [-117.8652275273356, 47.962088013299635], [-117.85983635033604, 47.96208431387708]]]}, "properties": {"LANDAREACODE": "102", "TRACTID": "102 T 1125", "TRACTREFNUM": "2001733292", "Label_Name": "Spokane ", "LAR_Name": "Spokane ", "TAAMS_Name": "Spokane", "REGION": "Northwest", "AGENCY": "Spokane", "OWNERSHIP": "T", "TRBE_INTEREST_PERCENT": 100, "Mineral_Resources": "Both", "EST_ACRES": 359.6}}, {"type": "Feature", "geometry": {"type": "MultiPolygon", "coordinates": [[[[-118.3070436687059, 47.93710600724966], [-118.30705444656657, 47.940713371482424], [-118.30705987599936, 47.94252709159941], [-118.317640641924, 47.94248599845937], [-118.3176507964952, 47.94067741534111], [-118.31775577365391, 47.93706307709556], [-118.31777882946918, 47.93626907304162], [-118.31777917146638, 47.93625723104081], [-118.31781367418996, 47.93506893296011], [-118.31786072381293, 47.93344873985001], [-118.31244680782926, 47.93347367743342], [-118.30703291984548, 47.93349861501687], [-118.30156366584616, 47.93350152760478], [-118.29609443984668, 47.93350446219261], [-118.29612896671495, 47.93712688242397], [-118.30158633271058, 47.93711658383682], [-118.3070436687059, 47.93710600724966]]], [[[-118.29619808045223, 47.94437174888654], [-118.29623261132114, 47.94799416911774], [-118.29758804756835, 47.94799092797184], [-118.29894348581547, 47.947987686825925], [-118.30165436230975, 47.94798120353407], [-118.30300979955685, 47.94797796238815], [-118.30436523680395, 47.94797472124221], [-118.30707611329814, 47.947968238950374], [-118.30707070786512, 47.946154514833395], [-118.30706527943228, 47.94434079071643], [-118.30163166744235, 47.94435639530152], [-118.29619808045223, 47.94437174888654]]]]}, "properties": {"LANDAREACODE": "102", "TRACTID": "102 T 1184", "TRACTREFNUM": "2001733355", "Label_Name": "Spokane ", "LAR_Name": "Spokane ", "TAAMS_Name": "Spokane", "REGION": "Northwest", "AGENCY": "Spokane", "OWNERSHIP": "T", "TRBE_INTEREST_PERCENT": 100, "Mineral_Resources": "Both", "EST_ACRES": 358.6}}, {"type": "Feature", "geometry": {"type": "Polygon", "coordinates": [[[-118.15613389285845, 47.940491669679204], [-118.15611265471064, 47.94409176091667], [-118.15609138756302, 47.947691851154104], [-118.16149523455893, 47.94770673357485], [-118.1615095287053, 47.94410680833825], [-118.16690642769979, 47.94412163475975], [-118.16691374884496, 47.94052159952397], [-118.16691426098694, 47.93691259428826], [-118.1669198341303, 47.93330430805195], [-118.1615481031435, 47.93330162062834], [-118.15617637015649, 47.933298932204714], [-118.15079852616911, 47.93329971678193], [-118.15075706601368, 47.93688555702072], [-118.15071554685964, 47.94047626025984], [-118.15613389285845, 47.940491669679204]]]}, "properties": {"LANDAREACODE": "102", "TRACTID": "102 T 1201", "TRACTREFNUM": "2001733372", "Label_Name": "Spokane ", "LAR_Name": "Spokane ", "TAAMS_Name": "Spokane", "REGION": "Northwest", "AGENCY": "Spokane", "OWNERSHIP": "T", "TRBE_INTEREST_PERCENT": 100, "Mineral_Resources": "Both", "EST_ACRES": 356.9}}, {"type": "Feature", "geometry": {"type": "MultiPolygon", "coordinates": [[[[-118.18303954465867, 47.944111806026804], [-118.18302657622534, 47.94229991891003], [-118.18302486079445, 47.94048946679208], [-118.17761009980427, 47.9405043633744], [-118.17226192482471, 47.940513092949196], [-118.16691374884496, 47.94052159952397], [-118.16690642769979, 47.94412163475975], [-118.16689908155475, 47.947721640995525], [-118.17228787054482, 47.947724745417084], [-118.17767668653474, 47.94772781983858], [-118.18306547752447, 47.94773092226005], [-118.18845426751408, 47.947733997681546], [-118.18843872364833, 47.94410724244671], [-118.18303954465867, 47.944111806026804]]], [[[-118.18302873693591, 47.93687601655591], [-118.18843066292311, 47.93685936997486], [-118.18843039066074, 47.93575618390288], [-118.1881960435868, 47.93562582391959], [-118.18820558946922, 47.93512411988578], [-118.18799888240513, 47.93501392690083], [-118.1879931503024, 47.93458639087355], [-118.18816570418505, 47.933959407814086], [-118.18793160308275, 47.933709737822966], [-118.1881094920053, 47.93324670077363], [-118.18303258207736, 47.93326159331964], [-118.17763093408992, 47.93327746090052], [-118.17762416894803, 47.93689241213719], [-118.18302873693591, 47.93687601655591]]]]}, "properties": {"LANDAREACODE": "102", "TRACTID": "102 T 1200", "TRACTREFNUM": "2001733371", "Label_Name": "Spokane ", "LAR_Name": "Spokane ", "TAAMS_Name": "Spokane", "REGION": "Northwest", "AGENCY": "Spokane", "OWNERSHIP": "T", "TRBE_INTEREST_PERCENT": 100, "Mineral_Resources": "Both", "EST_ACRES": 356.1}}, {"type": "Feature", "geometry": {"type": "MultiPolygon", "coordinates": [[[[-117.9191072750307, 47.8426048616118], [-117.91909838916851, 47.83895324337014], [-117.91371426717775, 47.838969451946234], [-117.91373135967983, 47.83684263680304], [-117.91314343259906, 47.83696059787368], [-117.91295767562009, 47.83719563390913], [-117.91186103633333, 47.83683826400253], [-117.91025206101743, 47.83675930116909], [-117.90971485689512, 47.83666117221995], [-117.9091763636943, 47.8362310112488], [-117.90891598564853, 47.836241045277276], [-117.9085376255826, 47.83625791531884], [-117.90832655149168, 47.83603749932672], [-117.90833014818683, 47.83898538352233], [-117.90833173204459, 47.84262422376405], [-117.90833331690254, 47.84626306300573], [-117.91372473989789, 47.84625977242955], [-117.91911507489289, 47.84625645285351], [-117.92450216888517, 47.84624471727725], [-117.92988817587704, 47.846232953701005], [-117.92986890201152, 47.842576528460334], [-117.92448809002117, 47.84259082103608], [-117.9191072750307, 47.8426048616118]]], [[[-117.92446476544164, 47.83166082231246], [-117.91925390447663, 47.83164927886809], [-117.91924505259612, 47.83216367590326], [-117.91930614769005, 47.83251434792002], [-117.91908689670568, 47.83275276095929], [-117.91908333470587, 47.83275655195993], [-117.9190895283065, 47.835301374128406], [-117.9244694032995, 47.83529902555369], [-117.92984927329232, 47.83529642797895], [-117.92984889043865, 47.83167272473826], [-117.92446476544164, 47.83166082231246]]]]}, "properties": {"LANDAREACODE": "102", "TRACTID": "102 T 1293", "TRACTREFNUM": "2001733470", "Label_Name": "Spokane ", "LAR_Name": "Spokane ", "TAAMS_Name": "Spokane", "REGION": "Northwest", "AGENCY": "Spokane", "OWNERSHIP": "T", "TRBE_INTEREST_PERCENT": 100, "Mineral_Resources": "Both", "EST_ACRES": 346.2}}, {"type": "Feature", "geometry": {"type": "Polygon", "coordinates": [[[-118.20256353548974, 47.978742947184735], [-118.19985957599495, 47.97874860947584], [-118.19985928956467, 47.9769445793585], [-118.1944256045689, 47.976949979942994], [-118.18899191857295, 47.976955407527434], [-118.1890289644398, 47.98056202275823], [-118.19444439943263, 47.98055745617575], [-118.19446322329655, 47.98416476840841], [-118.19986040728604, 47.98416069982778], [-118.19986097915496, 47.98780201206454], [-118.19986126458949, 47.989622656182846], [-118.19444390759192, 47.989608581764564], [-118.19173521609304, 47.989601515055405], [-118.18902653159417, 47.98959445534625], [-118.18901337302339, 47.99140306846529], [-118.19172540852365, 47.99141314517429], [-118.19443744702382, 47.991423196883275], [-118.19986155102411, 47.9914433233012], [-118.20519070499334, 47.99140711672567], [-118.21048077296011, 47.99139102315561], [-118.21052428710425, 47.98777196291576], [-118.20521591113636, 47.9877969444883], [-118.20524103327236, 47.98415677324898], [-118.20525868341372, 47.98054376801211], [-118.20390897216664, 47.980546005157365], [-118.20391551373712, 47.97874011703922], [-118.20256353548974, 47.978742947184735]]]}, "properties": {"LANDAREACODE": "102", "TRACTID": "102 T 1155", "TRACTREFNUM": "2001733324", "Label_Name": "Spokane ", "LAR_Name": "Spokane ", "TAAMS_Name": "Spokane", "REGION": "Northwest", "AGENCY": "Spokane", "OWNERSHIP": "T", "TRBE_INTEREST_PERCENT": 100, "Mineral_Resources": "Both", "EST_ACRES": 333.3}}, {"type": "Feature", "geometry": {"type": "Polygon", "coordinates": [[[-117.95184141321162, 47.86437955855817], [-117.9518411213552, 47.860752325317904], [-117.94605231628599, 47.86074937293651], [-117.94063453828822, 47.860759745516376], [-117.94062691714083, 47.864377534757004], [-117.94063512899956, 47.868008154996794], [-117.94064186985479, 47.87162388623566], [-117.94064860971018, 47.8752396184745], [-117.94605240970974, 47.87524694289711], [-117.95177043476718, 47.875254660286075], [-117.95184262278055, 47.875254758278345], [-117.95184216492424, 47.871630775038405], [-117.95184167806819, 47.86800679179843], [-117.95184141321162, 47.86437955855817]]]}, "properties": {"LANDAREACODE": "102", "TRACTID": "102 T 1285", "TRACTREFNUM": "2001733462", "Label_Name": "Spokane ", "LAR_Name": "Spokane ", "TAAMS_Name": "Spokane", "REGION": "Northwest", "AGENCY": "Spokane", "OWNERSHIP": "T", "TRBE_INTEREST_PERCENT": 100, "Mineral_Resources": "Both", "EST_ACRES": 332.5}}, {"type": "Feature", "geometry": {"type": "Polygon", "coordinates": [[[-117.98399875986087, 47.84623081491844], [-117.98932134584305, 47.846234650349786], [-117.99464393182507, 47.84623848478112], [-117.99473205097765, 47.84257678852938], [-117.99482016513042, 47.83891508827756], [-117.99481268227595, 47.83529653603874], [-117.99480826977415, 47.83317111489853], [-117.99393879873085, 47.83366717202424], [-117.99306718865142, 47.8340116161402], [-117.99236881261949, 47.83442241824206], [-117.99166276856431, 47.83474038533856], [-117.98993967638778, 47.8353386625623], [-117.98943432233592, 47.835514119627874], [-117.98943271235223, 47.83558431563272], [-117.98935742612399, 47.83891693786149], [-117.98399436813857, 47.838930828435544], [-117.97874069317318, 47.83894443599781], [-117.97870843502562, 47.84258512624244], [-117.97338013804404, 47.84258946381217], [-117.97335356089607, 47.84622311605576], [-117.97867615987855, 47.84622696548712], [-117.98399875986087, 47.84623081491844]]]}, "properties": {"LANDAREACODE": "102", "TRACTID": "102 T 1305", "TRACTREFNUM": "2001733483", "Label_Name": "Spokane ", "LAR_Name": "Spokane ", "TAAMS_Name": "Spokane", "REGION": "Northwest", "AGENCY": "Spokane", "OWNERSHIP": "T", "TRBE_INTEREST_PERCENT": 100, "Mineral_Resources": "Both", "EST_ACRES": 329.0}}, {"type": "Feature", "geometry": {"type": "Polygon", "coordinates": [[[-117.93523807984029, 47.896934197489976], [-117.9352290249865, 47.89333226625252], [-117.93521996913286, 47.88973033201496], [-117.92982331713128, 47.889710754591036], [-117.92984197898613, 47.89331059882747], [-117.92985130841366, 47.89511051694562], [-117.92985247346711, 47.89533550796041], [-117.92985305749382, 47.89544800296781], [-117.92985364152055, 47.89556049897518], [-117.92985597362743, 47.896010478004726], [-117.92986063984124, 47.896910437063774], [-117.92985382969877, 47.900539753304805], [-117.93523439169735, 47.9005587707303], [-117.94061495669578, 47.90057778715572], [-117.94061438955251, 47.90419761439524], [-117.94599675754895, 47.90420733081976], [-117.95179634562257, 47.90421815319969], [-117.95176805276371, 47.90061211496424], [-117.95173973290501, 47.897006049728795], [-117.94597916983535, 47.89698113934369], [-117.94061552383921, 47.896957955916086], [-117.93523807984029, 47.896934197489976]]]}, "properties": {"LANDAREACODE": "102", "TRACTID": "102 T 1276", "TRACTREFNUM": "2001733452", "Label_Name": "Spokane ", "LAR_Name": "Spokane ", "TAAMS_Name": "Spokane", "REGION": "Northwest", "AGENCY": "Spokane", "OWNERSHIP": "T", "TRBE_INTEREST_PERCENT": 100, "Mineral_Resources": "Both", "EST_ACRES": 324.1}}, {"type": "Feature", "geometry": {"type": "MultiPolygon", "coordinates": [[[[-118.0326096678044, 47.846176664717945], [-118.02719492980921, 47.84618434429748], [-118.02721693567322, 47.84982817953583], [-118.02723894553736, 47.85347200977414], [-118.03264709253317, 47.85347148319568], [-118.0380552405287, 47.85347095761725], [-118.03803981966396, 47.84981997237784], [-118.03802440179946, 47.846168984138416], [-118.0326096678044, 47.846176664717945]]], [[[-118.02723894553736, 47.85347200977414], [-118.02183080054134, 47.85347202635253], [-118.01642265554516, 47.85347204293089], [-118.01645126840886, 47.85710819816806], [-118.01647988127289, 47.86074435140522], [-118.02188142326959, 47.86075148982795], [-118.02728296826616, 47.86075862725062], [-118.02726095540167, 47.85711532001241], [-118.02723894553736, 47.85347200977414]]]]}, "properties": {"LANDAREACODE": "102", "TRACTID": "102 T 1301", "TRACTREFNUM": "2001733479", "Label_Name": "Spokane ", "LAR_Name": "Spokane ", "TAAMS_Name": "Spokane", "REGION": "Northwest", "AGENCY": "Spokane", "OWNERSHIP": "T", "TRBE_INTEREST_PERCENT": 100, "Mineral_Resources": "Both", "EST_ACRES": 322.8}}, {"type": "Feature", "geometry": {"type": "Polygon", "coordinates": [[[-117.83817366004321, 47.96933256467837], [-117.83277214504591, 47.96934993925836], [-117.82737073604827, 47.969366803838184], [-117.82196932705048, 47.96938367041802], [-117.82191160390866, 47.97304053066666], [-117.82185390576701, 47.976697390915284], [-117.82726231176187, 47.976662341333345], [-117.83267070975654, 47.976627291751406], [-117.83807912875108, 47.97659224216946], [-117.84348754374541, 47.97655719058747], [-117.8435313608928, 47.97293619234295], [-117.84357517404042, 47.96931519009845], [-117.83817366004321, 47.96933256467837]]]}, "properties": {"LANDAREACODE": "102", "TRACTID": "102 T 1126", "TRACTREFNUM": "2001733293", "Label_Name": "Spokane ", "LAR_Name": "Spokane ", "TAAMS_Name": "Spokane", "REGION": "Northwest", "AGENCY": "Spokane", "OWNERSHIP": "T", "TRBE_INTEREST_PERCENT": 100, "Mineral_Resources": "Both", "EST_ACRES": 321.5}}, {"type": "Feature", "geometry": {"type": "Polygon", "coordinates": [[[-117.96797750404518, 47.8425790373888], [-117.96797715882825, 47.8416594773279], [-117.96797917161412, 47.84074947826736], [-117.96798118139995, 47.839839455206835], [-117.96798492718729, 47.8389344461465], [-117.96800071033732, 47.83531603590492], [-117.96257773634373, 47.83534438448618], [-117.96258066918908, 47.838928693723496], [-117.95718971119298, 47.83892244829908], [-117.95179875319683, 47.838916201874625], [-117.95180921405654, 47.84255510211488], [-117.95181970091647, 47.8461939743551], [-117.95720316391161, 47.84620126678032], [-117.96258663090659, 47.84620855920545], [-117.96797009390143, 47.84621583763063], [-117.97335356089607, 47.84622311605576], [-117.97338013804404, 47.84258946381217], [-117.97202739579373, 47.84258598395652], [-117.97067467154346, 47.842582650100866], [-117.96932192029324, 47.84257943024515], [-117.96797750404518, 47.8425790373888]]]}, "properties": {"LANDAREACODE": "102", "TRACTID": "102 T 1304", "TRACTREFNUM": "2001733482", "Label_Name": "Spokane ", "LAR_Name": "Spokane ", "TAAMS_Name": "Spokane", "REGION": "Northwest", "AGENCY": "Spokane", "OWNERSHIP": "T", "TRBE_INTEREST_PERCENT": 100, "Mineral_Resources": "Both", "EST_ACRES": 321.2}}, {"type": "Feature", "geometry": {"type": "Polygon", "coordinates": [[[-118.02703183152678, 47.81541633428042], [-118.03243394052102, 47.81541575170322], [-118.03513499401802, 47.815415460414656], [-118.03513832644724, 47.81723536653472], [-118.03648908369534, 47.81723338439026], [-118.03783984994351, 47.81723140324579], [-118.03783605051507, 47.81541517112605], [-118.03783225108671, 47.81359893000635], [-118.03782465123012, 47.809966456766894], [-118.03781845637405, 47.806334053527166], [-118.03242229237831, 47.80632243810273], [-118.02700702137675, 47.806301823679725], [-118.0270261632326, 47.80992355991748], [-118.0216668512399, 47.80989754248811], [-118.02168750810144, 47.81354148272718], [-118.01634508210748, 47.81349755529488], [-118.0163638115368, 47.815306657412705], [-118.01638262496806, 47.817123581530964], [-118.01904538746565, 47.81715450024861], [-118.02170816996323, 47.817185419966165], [-118.0243709454608, 47.817216336683764], [-118.02436483602958, 47.81538989356351], [-118.02703183152678, 47.81541633428042]]]}, "properties": {"LANDAREACODE": "102", "TRACTID": "102 T 1314", "TRACTREFNUM": "2001733493", "Label_Name": "Spokane ", "LAR_Name": "Spokane ", "TAAMS_Name": "Spokane", "REGION": "Northwest", "AGENCY": "Spokane", "OWNERSHIP": "T", "TRBE_INTEREST_PERCENT": 100, "Mineral_Resources": "Both", "EST_ACRES": 321.2}}, {"type": "Feature", "geometry": {"type": "Polygon", "coordinates": [[[-117.95183279977887, 47.84984029159549], [-117.95184592664145, 47.85348657983579], [-117.95720517163267, 47.853495862263586], [-117.96256441762375, 47.85350514469135], [-117.9679215076141, 47.85351392311933], [-117.97327859960436, 47.85352270054724], [-117.97331608175013, 47.84987291030153], [-117.97335356089607, 47.84622311605576], [-117.96797009390143, 47.84621583763063], [-117.96258663090659, 47.84620855920545], [-117.95720316391161, 47.84620126678032], [-117.95181970091647, 47.8461939743551], [-117.95183279977887, 47.84984029159549]]]}, "properties": {"LANDAREACODE": "102", "TRACTID": "102 T 1303", "TRACTREFNUM": "2001733481", "Label_Name": "Spokane ", "LAR_Name": "Spokane ", "TAAMS_Name": "Spokane", "REGION": "Northwest", "AGENCY": "Spokane", "OWNERSHIP": "T", "TRBE_INTEREST_PERCENT": 100, "Mineral_Resources": "Both", "EST_ACRES": 321.0}}, {"type": "Feature", "geometry": {"type": "Polygon", "coordinates": [[[-117.92983675757691, 47.95486771689803], [-117.92980206570908, 47.951240946662324], [-117.92976737584142, 47.94761417342656], [-117.92435359884125, 47.947617158006906], [-117.91893981884093, 47.94762014158725], [-117.91898430670788, 47.95123661382138], [-117.91902879857498, 47.9548530830555], [-117.91907336744377, 47.95847555528997], [-117.91911843032211, 47.96213697552692], [-117.92449907531947, 47.96214659095071], [-117.92987974831665, 47.962156179374475], [-117.92985805644147, 47.95849019813484], [-117.92983675757691, 47.95486771689803]]]}, "properties": {"LANDAREACODE": "102", "TRACTID": "102 T 1257", "TRACTREFNUM": "2001733431", "Label_Name": "Spokane ", "LAR_Name": "Spokane ", "TAAMS_Name": "Spokane", "REGION": "Northwest", "AGENCY": "Spokane", "OWNERSHIP": "T", "TRBE_INTEREST_PERCENT": 100, "Mineral_Resources": "Both", "EST_ACRES": 320.8}}, {"type": "Feature", "geometry": {"type": "Polygon", "coordinates": [[[-117.94609601149536, 47.98393651007099], [-117.94068290049219, 47.983926091651085], [-117.93528395949136, 47.98391518922965], [-117.92988501649037, 47.98390428880817], [-117.92988398235163, 47.98752310304678], [-117.9298829462132, 47.99114191628535], [-117.93529020521876, 47.99116539770665], [-117.94069746422419, 47.99118887812788], [-117.94609620822534, 47.99120158254935], [-117.95142736421374, 47.991214036977986], [-117.9514377943503, 47.98758041473769], [-117.9514482234871, 47.98394681949737], [-117.94609601149536, 47.98393651007099]]]}, "properties": {"LANDAREACODE": "102", "TRACTID": "102 T 1120", "TRACTREFNUM": "2001733285", "Label_Name": "Spokane ", "LAR_Name": "Spokane ", "TAAMS_Name": "Spokane", "REGION": "Northwest", "AGENCY": "Spokane", "OWNERSHIP": "T", "TRBE_INTEREST_PERCENT": 100, "Mineral_Resources": "Both", "EST_ACRES": 319.5}}, {"type": "Feature", "geometry": {"type": "MultiPolygon", "coordinates": [[[[-117.92450598343238, 47.88245009967875], [-117.92451485157989, 47.87883582343821], [-117.92451928415367, 47.8770287483179], [-117.92452371572759, 47.87522156019762], [-117.91917361472986, 47.875182400767116], [-117.91382353973194, 47.87514326933652], [-117.9084734657339, 47.87510413890592], [-117.90844368758974, 47.878750092151066], [-117.90841390844572, 47.882396042396074], [-117.91377258944044, 47.882414209824226], [-117.91645192993775, 47.882423354538325], [-117.91913127443502, 47.882432380252396], [-117.92450598343238, 47.88245009967875]]], [[[-117.92450598343238, 47.88245009967875], [-117.92448102128535, 47.88607825292182], [-117.9244685437118, 47.887891706043334], [-117.92445606713831, 47.8897050531648], [-117.92982331713128, 47.889710754591036], [-117.92985021328028, 47.88609063434836], [-117.9298806934295, 47.88246781910504], [-117.92450598343238, 47.88245009967875]]]]}, "properties": {"LANDAREACODE": "102", "TRACTID": "102 T 1278", "TRACTREFNUM": "2001733454", "Label_Name": "Spokane ", "LAR_Name": "Spokane ", "TAAMS_Name": "Spokane", "REGION": "Northwest", "AGENCY": "Spokane", "OWNERSHIP": "T", "TRBE_INTEREST_PERCENT": 100, "Mineral_Resources": "Both", "EST_ACRES": 318.5}}, {"type": "Feature", "geometry": {"type": "Polygon", "coordinates": [[[-118.00552224410161, 47.83891114813348], [-118.01093471309814, 47.838908648554785], [-118.01634717909457, 47.83890614797609], [-118.01633804023298, 47.835259369735866], [-118.01632890137161, 47.83161258849562], [-118.01093432037719, 47.831609267071904], [-118.00553974038266, 47.83160594664815], [-118.00016514539502, 47.831616958223215], [-117.99706015082438, 47.83162339355541], [-117.99590510778376, 47.83235412872721], [-117.99524221180583, 47.83296607283857], [-117.99480826977415, 47.83317111489853], [-117.99481268227595, 47.83529653603874], [-117.99482016513042, 47.83891508827756], [-118.00017120411609, 47.83891311770549], [-118.00552224410161, 47.83891114813348]]]}, "properties": {"LANDAREACODE": "102", "TRACTID": "102 T 1306", "TRACTREFNUM": "2001733484", "Label_Name": "Spokane ", "LAR_Name": "Spokane ", "TAAMS_Name": "Spokane", "REGION": "Northwest", "AGENCY": "Spokane", "OWNERSHIP": "T", "TRBE_INTEREST_PERCENT": 100, "Mineral_Resources": "Both", "EST_ACRES": 318.3}}, {"type": "Feature", "geometry": {"type": "Polygon", "coordinates": [[[-117.8436722205855, 47.92939316344081], [-117.84364687844018, 47.933019384684194], [-117.84903463544055, 47.933028301108045], [-117.85442239444072, 47.933037217531904], [-117.85981016444079, 47.93304614895573], [-117.86519793544066, 47.933055079379535], [-117.8651692125797, 47.929445094143226], [-117.86514048671893, 47.92583510490692], [-117.85976899772022, 47.92581827948071], [-117.8543975097214, 47.925801453054554], [-117.84904753572626, 47.92578419662596], [-117.8436975597311, 47.92576693919735], [-117.8436722205855, 47.92939316344081]]]}, "properties": {"LANDAREACODE": "102", "TRACTID": "102 T 1265", "TRACTREFNUM": "2001733440", "Label_Name": "Spokane ", "LAR_Name": "Spokane ", "TAAMS_Name": "Spokane", "REGION": "Northwest", "AGENCY": "Spokane", "OWNERSHIP": "T", "TRBE_INTEREST_PERCENT": 100, "Mineral_Resources": "Both", "EST_ACRES": 318.1}}, {"type": "Feature", "geometry": {"type": "MultiPolygon", "coordinates": [[[[-117.87593673800772, 47.91861731827271], [-117.87054470700541, 47.91859937584861], [-117.8705492608618, 47.922211453087684], [-117.87055381171838, 47.925823528326696], [-117.87596713271778, 47.925811953746475], [-117.88136565071416, 47.92579990116778], [-117.88676417071039, 47.925787848588996], [-117.88674764885647, 47.9221970403529], [-117.88673112800271, 47.91860623011665], [-117.88133393200529, 47.91861177469472], [-117.87593673800772, 47.91861731827271]]], [[[-117.87057577857684, 47.92942860356335], [-117.8651692125797, 47.929445094143226], [-117.86519793544066, 47.933055079379535], [-117.87059774843544, 47.93303367679999], [-117.8759975604301, 47.93301227322042], [-117.87598234557379, 47.92941211298344], [-117.87057577857684, 47.92942860356335]]]]}, "properties": {"LANDAREACODE": "102", "TRACTID": "102 T 1266", "TRACTREFNUM": "2001733441", "Label_Name": "Spokane ", "LAR_Name": "Spokane ", "TAAMS_Name": "Spokane", "REGION": "Northwest", "AGENCY": "Spokane", "OWNERSHIP": "T", "TRBE_INTEREST_PERCENT": 100, "Mineral_Resources": "Both", "EST_ACRES": 318.0}}, {"type": "Feature", "geometry": {"type": "Polygon", "coordinates": [[[-118.2376144946119, 47.97326933506028], [-118.24301765060477, 47.97328040948003], [-118.24302629674227, 47.96965660024374], [-118.24840972873082, 47.969665647665515], [-118.2537931547191, 47.96967445108723], [-118.25380810585699, 47.966046698850114], [-118.25382308499508, 47.96241894561291], [-118.25317654487661, 47.9624188116824], [-118.24843335400506, 47.96240755719158], [-118.24778684688651, 47.96240734326112], [-118.24304364501482, 47.96239609377027], [-118.24303496987841, 47.96602634900702], [-118.23762553688469, 47.96601599658789], [-118.23492080938772, 47.96601071487836], [-118.23356846013922, 47.96600804202351], [-118.23221610489071, 47.966005366168716], [-118.2321679277477, 47.969637565409975], [-118.23218964718326, 47.97144780252523], [-118.23354368643209, 47.971450421379814], [-118.23356214986717, 47.97326086349546], [-118.2349129311154, 47.973263687350375], [-118.2376144946119, 47.97326933506028]], [[-118.23625176492969, 47.97145565908902], [-118.2348977266809, 47.971453040234444], [-118.23489012346363, 47.9705477171764], [-118.23624579071267, 47.970550234030846], [-118.23625176492969, 47.97145565908902]]]}, "properties": {"LANDAREACODE": "102", "TRACTID": "102 T 1032", "TRACTREFNUM": "2001733243", "Label_Name": "Spokane ", "LAR_Name": "Spokane ", "TAAMS_Name": "Spokane", "REGION": "Northwest", "AGENCY": "Spokane", "OWNERSHIP": "T", "TRBE_INTEREST_PERCENT": 100, "Mineral_Resources": "Both", "EST_ACRES": 315.4}}, {"type": "Feature", "geometry": {"type": "MultiPolygon", "coordinates": [[[[-118.13458982189867, 47.940482975991195], [-118.12924158891848, 47.94049428856591], [-118.12389338793805, 47.940505351140615], [-118.12388170179217, 47.94410713937754], [-118.1238700176465, 47.947708953614374], [-118.12911004961985, 47.94775142005468], [-118.13457878560934, 47.94768579946334], [-118.13456010976239, 47.94413881923343], [-118.13458982189867, 47.940482975991195]]], [[[-118.14001392418652, 47.93329328593884], [-118.13464819320136, 47.9332960975148], [-118.13461900704989, 47.93688952275303], [-118.13458982189867, 47.940482975991195], [-118.13994349787974, 47.94047188641587], [-118.14529717286061, 47.94046057384045], [-118.145338414016, 47.9368755366017], [-118.14537965617153, 47.93329047336285], [-118.14001392418652, 47.93329328593884]]]]}, "properties": {"LANDAREACODE": "102", "TRACTID": "102 T 1202", "TRACTREFNUM": "2001733373", "Label_Name": "Spokane ", "LAR_Name": "Spokane ", "TAAMS_Name": "Spokane", "REGION": "Northwest", "AGENCY": "Spokane", "OWNERSHIP": "T", "TRBE_INTEREST_PERCENT": 100, "Mineral_Resources": "Both", "EST_ACRES": 315.3}}, {"type": "Feature", "geometry": {"type": "Polygon", "coordinates": [[[-118.01610858040335, 47.95863799289501], [-118.0161225265456, 47.955019450655634], [-118.01075909755814, 47.95502673623142], [-118.00539566957045, 47.95503377180718], [-118.00000462357747, 47.95504062338587], [-117.99730910508087, 47.95504394967522], [-117.99461358758425, 47.9550472309645], [-117.99458114143673, 47.95865838520558], [-117.99455005227246, 47.962197428441705], [-117.9946255032864, 47.96219742743364], [-117.99993694926546, 47.962192877863544], [-118.00004606628558, 47.96219287485182], [-118.00532341225825, 47.96218844228541], [-118.00546622528454, 47.96218843927008], [-118.01070945425366, 47.96219607270804], [-118.01088596228631, 47.96219645868913], [-118.01609510624894, 47.962204063130756], [-118.01610858040335, 47.95863799289501]]]}, "properties": {"LANDAREACODE": "102", "TRACTID": "102 T 1223", "TRACTREFNUM": "2001733394", "Label_Name": "Spokane ", "LAR_Name": "Spokane ", "TAAMS_Name": "Spokane", "REGION": "Northwest", "AGENCY": "Spokane", "OWNERSHIP": "T", "TRBE_INTEREST_PERCENT": 100, "Mineral_Resources": "Both", "EST_ACRES": 315.0}}, {"type": "Feature", "geometry": {"type": "Polygon", "coordinates": [[[-118.04874575922449, 47.809902870596034], [-118.0542510482295, 47.809870292005755], [-118.05975633523434, 47.809837712415444], [-118.05976581638294, 47.806213533174905], [-118.0597681881701, 47.80530748911474], [-118.05977055895728, 47.80440144405461], [-118.05977292874451, 47.80349539899446], [-118.05977530053174, 47.80258935493432], [-118.05428371952526, 47.8026038505218], [-118.04879213951858, 47.80261834810929], [-118.04330081151815, 47.802659929698514], [-118.04329690994544, 47.80447863381929], [-118.03781396694586, 47.80451779340746], [-118.03781845637405, 47.806334053527166], [-118.03782465123012, 47.809966456766894], [-118.04328520722741, 47.809934663181494], [-118.04874575922449, 47.809902870596034]]]}, "properties": {"LANDAREACODE": "102", "TRACTID": "102 T 1315", "TRACTREFNUM": "2001733494", "Label_Name": "Spokane ", "LAR_Name": "Spokane ", "TAAMS_Name": "Spokane", "REGION": "Northwest", "AGENCY": "Spokane", "OWNERSHIP": "T", "TRBE_INTEREST_PERCENT": 100, "Mineral_Resources": "Both", "EST_ACRES": 306.6}}, {"type": "Feature", "geometry": {"type": "Polygon", "coordinates": [[[-117.8112493137294, 47.9511339833551], [-117.81126642958759, 47.9547374105926], [-117.81128359044833, 47.95835075583065], [-117.81128422455224, 47.958788109859604], [-117.81124152129843, 47.96196458807502], [-117.81123992232553, 47.962079859082806], [-117.81666232033025, 47.9620749185017], [-117.82136891119646, 47.962046493995686], [-117.82161547624183, 47.962045004969184], [-117.82208471732822, 47.962042170918735], [-117.82208473632555, 47.962030856917984], [-117.82208477232014, 47.962008228916474], [-117.82209046847468, 47.95844270167933], [-117.82209056546449, 47.95839971567649], [-117.82209621761479, 47.95481548243803], [-117.82209631060047, 47.954755145434035], [-117.82210196875508, 47.9511882341967], [-117.82210204074299, 47.95113718619333], [-117.82210768989565, 47.94756098595528], [-117.81667673487829, 47.94751814553391], [-117.81599616775242, 47.947519693606885], [-117.8156558836895, 47.94752046764338], [-117.8154857426581, 47.9475208556616], [-117.81549274508805, 47.94932808378088], [-117.81532266605655, 47.949328249799095], [-117.81396202980449, 47.94932958594483], [-117.8112407573004, 47.94933225823643], [-117.8112493137294, 47.9511339833551]]]}, "properties": {"LANDAREACODE": "102", "TRACTID": "102 T 1281", "TRACTREFNUM": "2001733457", "Label_Name": "Spokane ", "LAR_Name": "Spokane ", "TAAMS_Name": "Spokane", "REGION": "Northwest", "AGENCY": "Spokane", "OWNERSHIP": "T", "TRBE_INTEREST_PERCENT": 100, "Mineral_Resources": "Both", "EST_ACRES": 306.3}}, {"type": "Feature", "geometry": {"type": "Polygon", "coordinates": [[[-117.89762844692466, 47.84626453414925], [-117.90030468241915, 47.846264166863364], [-117.90298089491365, 47.84626379857747], [-117.90565710640814, 47.84626343129161], [-117.90833331690254, 47.84626306300573], [-117.90833173204459, 47.84262422376405], [-117.90833014818683, 47.83898538352233], [-117.90832655149168, 47.83603749932672], [-117.90832573841712, 47.835721522305796], [-117.90791004535255, 47.8357733393536], [-117.90780806231984, 47.83571467336063], [-117.90754676928339, 47.835764763391865], [-117.90729769725353, 47.835833325422975], [-117.9069792011808, 47.83577458245308], [-117.90652384215568, 47.836025014518384], [-117.90650832323975, 47.83639404754456], [-117.9065849152956, 47.83657096654815], [-117.90686286849817, 47.83721299856119], [-117.90642620853954, 47.83773098964224], [-117.9047123752813, 47.83797903384174], [-117.9031534998179, 47.8372346969587], [-117.90270624068181, 47.83700789699143], [-117.90254595063836, 47.83694912300461], [-117.90299164120077, 47.83898692409255], [-117.89765313521451, 47.838988215662724], [-117.8923193492289, 47.83898925723231], [-117.89229626907265, 47.84258848347424], [-117.88695176307564, 47.84255035704247], [-117.8869179329084, 47.846110639282976], [-117.89227318991657, 47.84618759971612], [-117.89762844692466, 47.84626453414925]]]}, "properties": {"LANDAREACODE": "102", "TRACTID": "102 T 1292", "TRACTREFNUM": "2001733469", "Label_Name": "Spokane ", "LAR_Name": "Spokane ", "TAAMS_Name": "Spokane", "REGION": "Northwest", "AGENCY": "Spokane", "OWNERSHIP": "T", "TRBE_INTEREST_PERCENT": 100, "Mineral_Resources": "Both", "EST_ACRES": 299.3}}, {"type": "Feature", "geometry": {"type": "Polygon", "coordinates": [[[-118.0057590691499, 47.889731618466236], [-118.00037827915294, 47.88971057404086], [-118.0003605270109, 47.89334975728292], [-118.00573895700703, 47.89336877470841], [-118.00571884286427, 47.897005929950495], [-118.0111120438625, 47.89702281437412], [-118.011098151719, 47.90065077461485], [-118.01108426257571, 47.90427859685553], [-118.01648976857838, 47.90430517527834], [-118.01649749371931, 47.90067232703807], [-118.01650521686051, 47.89703945079771], [-118.01651296600184, 47.89340660055737], [-118.01652068914342, 47.88977375331696], [-118.01113987814678, 47.88975269989161], [-118.0057590691499, 47.889731618466236]]]}, "properties": {"LANDAREACODE": "102", "TRACTID": "102 T 1246", "TRACTREFNUM": "2001733418", "Label_Name": "Spokane ", "LAR_Name": "Spokane ", "TAAMS_Name": "Spokane", "REGION": "Northwest", "AGENCY": "Spokane", "OWNERSHIP": "T", "TRBE_INTEREST_PERCENT": 100, "Mineral_Resources": "Both", "EST_ACRES": 280.6}}, {"type": "Feature", "geometry": {"type": "Polygon", "coordinates": [[[-118.2320046456772, 48.00298650659271], [-118.23201167850766, 48.00227169954558], [-118.23204727364953, 47.998652261306944], [-118.2266260876561, 47.99865510789044], [-118.22658792051378, 48.0022746441294], [-118.22658045768145, 48.00298226917612], [-118.22600656457614, 48.00298183223787], [-118.22593719435707, 48.00630328646085], [-118.22592266921616, 48.00990857969624], [-118.22590814207545, 48.013513870931696], [-118.23128522107106, 48.01355355435541], [-118.23666229806655, 48.01359298777909], [-118.23667860120301, 48.009968721542414], [-118.2366949013396, 48.00634448330565], [-118.23677382655295, 48.00299208607981], [-118.2320046456772, 48.00298650659271]]]}, "properties": {"LANDAREACODE": "102", "TRACTID": "102 T 1378", "TRACTREFNUM": "56002854", "Label_Name": "Spokane ", "LAR_Name": "Spokane ", "TAAMS_Name": "Spokane", "REGION": "Northwest", "AGENCY": "Spokane", "OWNERSHIP": "T", "TRBE_INTEREST_PERCENT": 100, "Mineral_Resources": "Both", "EST_ACRES": 280.1}}, {"type": "Feature", "geometry": {"type": "Polygon", "coordinates": [[[-117.98400127728358, 47.91146538023006], [-117.98405269243722, 47.9078530309862], [-117.9786870204453, 47.90784503456024], [-117.97332132345316, 47.907836760134266], [-117.97327763330263, 47.91145657937796], [-117.97319569414815, 47.915088817626476], [-117.97311374999394, 47.918721053875046], [-117.97850958298453, 47.918698885295555], [-117.98390541697503, 47.91867674271614], [-117.98931919697978, 47.918701769137826], [-117.98936217113392, 47.915099836895685], [-117.98395027713194, 47.91508506147438], [-117.98400127728358, 47.91146538023006]]]}, "properties": {"LANDAREACODE": "102", "TRACTID": "102 T 1243", "TRACTREFNUM": "2001733415", "Label_Name": "Spokane ", "LAR_Name": "Spokane ", "TAAMS_Name": "Spokane", "REGION": "Northwest", "AGENCY": "Spokane", "OWNERSHIP": "T", "TRBE_INTEREST_PERCENT": 100, "Mineral_Resources": "Both", "EST_ACRES": 278.4}}, {"type": "Feature", "geometry": {"type": "Polygon", "coordinates": [[[-118.09135042781921, 47.9441488268714], [-118.09136582168122, 47.94776297610653], [-118.09675725267492, 47.94777010752841], [-118.10214868266843, 47.947777265950286], [-118.10209075479865, 47.94416367271986], [-118.10203285392909, 47.940550080489366], [-118.10200520606159, 47.936920930254594], [-118.10197755919437, 47.9332917820198], [-118.09664382921507, 47.93329928759245], [-118.09666356007901, 47.93692068782766], [-118.0966833189431, 47.94054186506284], [-118.09133505795744, 47.94053467763622], [-118.08601591297843, 47.94053357220681], [-118.08603644584085, 47.94414658444139], [-118.09135042781921, 47.9441488268714]]]}, "properties": {"LANDAREACODE": "102", "TRACTID": "102 T 1204", "TRACTREFNUM": "2001733375", "Label_Name": "Spokane ", "LAR_Name": "Spokane ", "TAAMS_Name": "Spokane", "REGION": "Northwest", "AGENCY": "Spokane", "OWNERSHIP": "T", "TRBE_INTEREST_PERCENT": 100, "Mineral_Resources": "Both", "EST_ACRES": 277.2}}, {"type": "Feature", "geometry": {"type": "MultiPolygon", "coordinates": [[[[-117.9406564968617, 47.84621792654952], [-117.94603616585198, 47.84620621897393], [-117.9460256219908, 47.84256209773328], [-117.94601504912978, 47.83891764349259], [-117.94333058363448, 47.83891820177942], [-117.94333846549556, 47.8425652390206], [-117.94065130900032, 47.842568334307906], [-117.94064871156965, 47.84074352318707], [-117.93525398357434, 47.840745984763565], [-117.9325566250766, 47.84074715505173], [-117.92985928057884, 47.84074832833994], [-117.92986890201152, 47.842576528460334], [-117.92988817587704, 47.846232953701005], [-117.93527234986941, 47.84622544012531], [-117.9406564968617, 47.84621792654952]]], [[[-117.93794202878755, 47.83530162411495], [-117.94064096528614, 47.83530325782678], [-117.9406358104335, 47.83168777658727], [-117.9352383234361, 47.83168326516339], [-117.92984889043865, 47.83167272473826], [-117.92984927329232, 47.83529642797895], [-117.93524309228894, 47.83529996840311], [-117.93794202878755, 47.83530162411495]]]]}, "properties": {"LANDAREACODE": "102", "TRACTID": "102 T 1294", "TRACTREFNUM": "2001733471", "Label_Name": "Spokane ", "LAR_Name": "Spokane ", "TAAMS_Name": "Spokane", "REGION": "Northwest", "AGENCY": "Spokane", "OWNERSHIP": "T", "TRBE_INTEREST_PERCENT": 100, "Mineral_Resources": "Both", "EST_ACRES": 261.2}}, {"type": "Feature", "geometry": {"type": "MultiPolygon", "coordinates": [[[[-117.94605231628599, 47.86074937293651], [-117.9518411213552, 47.860752325317904], [-117.95184352449824, 47.85711945307687], [-117.95184592664145, 47.85348657983579], [-117.94604233856914, 47.853481824455756], [-117.9406455285743, 47.853487836032954], [-117.94064001943116, 47.857123791274695], [-117.94063453828822, 47.860759745516376], [-117.94605231628599, 47.86074937293651]]], [[[-117.93527234986941, 47.84622544012531], [-117.92988817587704, 47.846232953701005], [-117.92988119873246, 47.84986601894295], [-117.93526609172527, 47.84985958936715], [-117.94065101171788, 47.84985288279125], [-117.9406564968617, 47.84621792654952], [-117.93527234986941, 47.84622544012531]]]]}, "properties": {"LANDAREACODE": "102", "TRACTID": "102 T 1286", "TRACTREFNUM": "2001733463", "Label_Name": "Spokane ", "LAR_Name": "Spokane ", "TAAMS_Name": "Spokane", "REGION": "Northwest", "AGENCY": "Spokane", "OWNERSHIP": "T", "TRBE_INTEREST_PERCENT": 100, "Mineral_Resources": "Both", "EST_ACRES": 246.9}}, {"type": "Feature", "geometry": {"type": "MultiPolygon", "coordinates": [[[[-118.02714233936939, 47.83164031334177], [-118.02173561837057, 47.831626451918694], [-118.01632890137161, 47.83161258849562], [-118.01633804023298, 47.835259369735866], [-118.01634717909457, 47.83890614797609], [-118.02175790709187, 47.83890949439795], [-118.02446326959043, 47.83891116710885], [-118.027168633089, 47.83891283981974], [-118.02987398458744, 47.838914312530626], [-118.029859840728, 47.835280799291965], [-118.02984569886873, 47.831647245053304], [-118.02714233936939, 47.83164031334177]]], [[[-118.03257936108584, 47.838915676241506], [-118.03259451194505, 47.84254617147973], [-118.03800724394092, 47.84254374890087], [-118.03799008808261, 47.83891851166319], [-118.03528472558423, 47.83891709395237], [-118.03257936108584, 47.838915676241506]]]]}, "properties": {"LANDAREACODE": "102", "TRACTID": "102 T 1307", "TRACTREFNUM": "2001733485", "Label_Name": "Spokane ", "LAR_Name": "Spokane ", "TAAMS_Name": "Spokane", "REGION": "Northwest", "AGENCY": "Spokane", "OWNERSHIP": "T", "TRBE_INTEREST_PERCENT": 100, "Mineral_Resources": "Both", "EST_ACRES": 241.9}}, {"type": "Feature", "geometry": {"type": "MultiPolygon", "coordinates": [[[[-117.98390239770688, 47.92598288419829], [-117.98390391984081, 47.9223298139572], [-117.98390541697503, 47.91867674271614], [-117.97850958298453, 47.918698885295555], [-117.97311374999394, 47.918721053875046], [-117.9730805878478, 47.92234867911795], [-117.97304745470191, 47.92597627736084], [-117.97847492570452, 47.9259797187796], [-117.98390239770688, 47.92598288419829]]], [[[-117.98390239770688, 47.92598288419829], [-117.98390090056753, 47.92961220443769], [-117.98931431356729, 47.92961573185787], [-117.99472772656682, 47.92961900827792], [-117.99473019870598, 47.925988437038434], [-117.98931631170653, 47.92598577161838], [-117.98390239770688, 47.92598288419829]]]]}, "properties": {"LANDAREACODE": "102", "TRACTID": "102 T 1234", "TRACTREFNUM": "2001733405", "Label_Name": "Spokane ", "LAR_Name": "Spokane ", "TAAMS_Name": "Spokane", "REGION": "Northwest", "AGENCY": "Spokane", "OWNERSHIP": "T", "TRBE_INTEREST_PERCENT": 100, "Mineral_Resources": "Both", "EST_ACRES": 241.5}}, {"type": "Feature", "geometry": {"type": "Polygon", "coordinates": [[[-117.8759473542839, 47.9113289227882], [-117.8705495582846, 47.91132791236569], [-117.87054713214484, 47.91496364560719], [-117.87054470700541, 47.91859937584861], [-117.87593673800772, 47.91861731827271], [-117.88133393200529, 47.91861177469472], [-117.88673112800271, 47.91860623011665], [-117.88672629814043, 47.9149690328761], [-117.8867214712783, 47.91133183363552], [-117.88133441228118, 47.9113303772119], [-117.8759473542839, 47.9113289227882]]]}, "properties": {"LANDAREACODE": "102", "TRACTID": "102 T 1272", "TRACTREFNUM": "2001733447", "Label_Name": "Spokane ", "LAR_Name": "Spokane ", "TAAMS_Name": "Spokane", "REGION": "Northwest", "AGENCY": "Spokane", "OWNERSHIP": "T", "TRBE_INTEREST_PERCENT": 100, "Mineral_Resources": "Both", "EST_ACRES": 241.0}}, {"type": "Feature", "geometry": {"type": "Polygon", "coordinates": [[[-118.04338326612518, 47.940520209778946], [-118.04340304126984, 47.93690369553922], [-118.04342281941473, 47.93328704229945], [-118.03798930641497, 47.933292688882375], [-118.03796925226915, 47.93690570312201], [-118.03794919712354, 47.94051868936162], [-118.03792914197811, 47.94413170360115], [-118.03790908683294, 47.94774468984064], [-118.0433436858363, 47.94775262625822], [-118.04877831083948, 47.94776056267575], [-118.04879780898295, 47.94414102143602], [-118.04881733512661, 47.94052147819622], [-118.04338326612518, 47.940520209778946]]]}, "properties": {"LANDAREACODE": "102", "TRACTID": "102 T 1228", "TRACTREFNUM": "2001733399", "Label_Name": "Spokane ", "LAR_Name": "Spokane ", "TAAMS_Name": "Spokane", "REGION": "Northwest", "AGENCY": "Spokane", "OWNERSHIP": "T", "TRBE_INTEREST_PERCENT": 100, "Mineral_Resources": "Both", "EST_ACRES": 241.0}}, {"type": "Feature", "geometry": {"type": "MultiPolygon", "coordinates": [[[[-118.03794919712354, 47.94051868936162], [-118.03796925226915, 47.93690570312201], [-118.03254918526974, 47.93690320970303], [-118.03253745969704, 47.938711744823195], [-118.03252571212442, 47.940520308943306], [-118.02981397962476, 47.940520999234195], [-118.02710222712508, 47.94052162152498], [-118.02707533698018, 47.944142302765904], [-118.02704844583549, 47.94776298400676], [-118.03247876683426, 47.947753837423726], [-118.03790908683294, 47.94774468984064], [-118.03792914197811, 47.94413170360115], [-118.03794919712354, 47.94051868936162]]], [[[-118.01625528412578, 47.940523525688185], [-118.0162215329815, 47.944152403930524], [-118.02164843498092, 47.94414750534825], [-118.02167874112556, 47.9405227131066], [-118.01625528412578, 47.940523525688185]]]]}, "properties": {"LANDAREACODE": "102", "TRACTID": "102 T 1229", "TRACTREFNUM": "2001733400", "Label_Name": "Spokane ", "LAR_Name": "Spokane ", "TAAMS_Name": "Spokane", "REGION": "Northwest", "AGENCY": "Spokane", "OWNERSHIP": "T", "TRBE_INTEREST_PERCENT": 100, "Mineral_Resources": "Both", "EST_ACRES": 240.8}}, {"type": "Feature", "geometry": {"type": "Polygon", "coordinates": [[[-118.0164362392813, 47.911533512760386], [-118.0164630194297, 47.90791932951936], [-118.01648976857838, 47.90430517527834], [-118.01108426257571, 47.90427859685553], [-118.01105514942802, 47.907898752097296], [-118.01102603628043, 47.911518795338935], [-118.00561580527938, 47.9115037999175], [-118.0002172052804, 47.91148909149482], [-118.0001807581325, 47.915112775737626], [-118.00014428398491, 47.91873676498042], [-118.00226470837681, 47.918740341753505], [-118.00555304998451, 47.91874594340155], [-118.0055844411319, 47.91512487215957], [-118.01099367113622, 47.915154228581954], [-118.01643135114554, 47.91518347200132], [-118.0164362392813, 47.911533512760386]]]}, "properties": {"LANDAREACODE": "102", "TRACTID": "102 T 1242", "TRACTREFNUM": "2001733414", "Label_Name": "Spokane ", "LAR_Name": "Spokane ", "TAAMS_Name": "Spokane", "REGION": "Northwest", "AGENCY": "Spokane", "OWNERSHIP": "T", "TRBE_INTEREST_PERCENT": 100, "Mineral_Resources": "Both", "EST_ACRES": 240.7}}, {"type": "Feature", "geometry": {"type": "Polygon", "coordinates": [[[-117.84361286416038, 47.94030174617106], [-117.84362987230017, 47.936660566927664], [-117.84364687844018, 47.933019384684194], [-117.8382375784375, 47.93301820426317], [-117.83823095029928, 47.9366588005055], [-117.83822432016119, 47.940299395747836], [-117.83283577616189, 47.94029704432455], [-117.83283952102526, 47.94393479756561], [-117.83284326988884, 47.94757254680659], [-117.83821107388522, 47.94757832823215], [-117.84357887888144, 47.94758410865774], [-117.84359587302077, 47.94394292841445], [-117.84361286416038, 47.94030174617106]]]}, "properties": {"LANDAREACODE": "102", "TRACTID": "102 T 1264", "TRACTREFNUM": "2001733439", "Label_Name": "Spokane ", "LAR_Name": "Spokane ", "TAAMS_Name": "Spokane", "REGION": "Northwest", "AGENCY": "Spokane", "OWNERSHIP": "T", "TRBE_INTEREST_PERCENT": 100, "Mineral_Resources": "Both", "EST_ACRES": 240.4}}, {"type": "Feature", "geometry": {"type": "Polygon", "coordinates": [[[-118.1453708534437, 47.926024067888584], [-118.14536647958006, 47.92239083765139], [-118.14536207871673, 47.91875763441412], [-118.1399704307251, 47.918752084992086], [-118.13457875573329, 47.91874656257006], [-118.13459612860007, 47.92238420980629], [-118.13461347546699, 47.92602183004252], [-118.13999217745543, 47.926023074465576], [-118.14000305132089, 47.92965824970225], [-118.14001392418652, 47.93329328593884], [-118.14537965617153, 47.93329047336285], [-118.1453752533075, 47.929657270125745], [-118.1453708534437, 47.926024067888584]]]}, "properties": {"LANDAREACODE": "102", "TRACTID": "102 T 1206", "TRACTREFNUM": "2001733377", "Label_Name": "Spokane ", "LAR_Name": "Spokane ", "TAAMS_Name": "Spokane", "REGION": "Northwest", "AGENCY": "Spokane", "OWNERSHIP": "T", "TRBE_INTEREST_PERCENT": 100, "Mineral_Resources": "Both", "EST_ACRES": 240.0}}, {"type": "Feature", "geometry": {"type": "Polygon", "coordinates": [[[-118.32924819152868, 47.969685067971625], [-118.32924241339532, 47.97332137720738], [-118.33464853138064, 47.973309911624874], [-118.34007089836875, 47.97329817104059], [-118.34005933749715, 47.969654582806385], [-118.34005698732756, 47.96894573876079], [-118.3395363482606, 47.9690638838245], [-118.33902417818133, 47.96912383288347], [-118.33833485201583, 47.96895800394689], [-118.34005525220162, 47.96841909072698], [-118.34006877963301, 47.96602555257077], [-118.34008924877116, 47.962396409333955], [-118.3392255856119, 47.9623902774265], [-118.33467438378045, 47.96239089991613], [-118.33466133064647, 47.96603190415302], [-118.32925401965966, 47.96603800673517], [-118.32386051767612, 47.966047804316055], [-118.32384751654494, 47.96969989255369], [-118.32924819152868, 47.969685067971625]]]}, "properties": {"LANDAREACODE": "102", "TRACTID": "102 T 1168", "TRACTREFNUM": "2001733338", "Label_Name": "Spokane ", "LAR_Name": "Spokane ", "TAAMS_Name": "Spokane", "REGION": "Northwest", "AGENCY": "Spokane", "OWNERSHIP": "T", "TRBE_INTEREST_PERCENT": 100, "Mineral_Resources": "Both", "EST_ACRES": 240.0}}, {"type": "Feature", "geometry": {"type": "Polygon", "coordinates": [[[-117.96262656390687, 47.896972034561365], [-117.95722627390933, 47.8969695141392], [-117.95173973290501, 47.897006049728795], [-117.95176805276371, 47.90061211496424], [-117.95179634562257, 47.90421815319969], [-117.95720160461677, 47.90420189761994], [-117.96260686161082, 47.90418561504022], [-117.96800453460988, 47.90419694346314], [-117.96801155475666, 47.900587876223916], [-117.96801857390261, 47.89697430698439], [-117.96262656390687, 47.896972034561365]]]}, "properties": {"LANDAREACODE": "102", "TRACTID": "102 T 1245", "TRACTREFNUM": "2001733417", "Label_Name": "Spokane ", "LAR_Name": "Spokane ", "TAAMS_Name": "Spokane", "REGION": "Northwest", "AGENCY": "Spokane", "OWNERSHIP": "T", "TRBE_INTEREST_PERCENT": 100, "Mineral_Resources": "Both", "EST_ACRES": 240.0}}, {"type": "Feature", "geometry": {"type": "Polygon", "coordinates": [[[-117.84905397733638, 47.96207691603191], [-117.8490292654683, 47.95844070779358], [-117.84900465560399, 47.954819415556265], [-117.84362072960732, 47.95482419113331], [-117.84364175247063, 47.95844418937098], [-117.84366280333633, 47.96207321660923], [-117.83826826733454, 47.962065463186676], [-117.83822096718875, 47.96569900643254], [-117.83817366004321, 47.96933256467837], [-117.84357517404042, 47.96931519009845], [-117.8489769160421, 47.96931713751968], [-117.84901545018911, 47.965697026275826], [-117.84905397733638, 47.96207691603191]]]}, "properties": {"LANDAREACODE": "102", "TRACTID": "102 T 1000", "TRACTREFNUM": "2001733220", "Label_Name": "Spokane ", "LAR_Name": "Spokane ", "TAAMS_Name": "Spokane", "REGION": "Northwest", "AGENCY": "Spokane", "OWNERSHIP": "T", "TRBE_INTEREST_PERCENT": 100, "Mineral_Resources": "Both", "EST_ACRES": 239.7}}, {"type": "Feature", "geometry": {"type": "Polygon", "coordinates": [[[-117.91902879857498, 47.9548530830555], [-117.91898430670788, 47.95123661382138], [-117.91359987470986, 47.95122761439784], [-117.90823205671487, 47.95121864297248], [-117.90829105058518, 47.95483753620533], [-117.90832371845072, 47.9584559324409], [-117.90835711132691, 47.96211774367926], [-117.9137377563246, 47.96212735810307], [-117.91911843032211, 47.96213697552692], [-117.91907336744377, 47.95847555528997], [-117.91902879857498, 47.9548530830555]]]}, "properties": {"LANDAREACODE": "102", "TRACTID": "102 T 1257 -A", "TRACTREFNUM": "2001733432", "Label_Name": "Spokane ", "LAR_Name": "Spokane ", "TAAMS_Name": "Spokane", "REGION": "Northwest", "AGENCY": "Spokane", "OWNERSHIP": "T", "TRBE_INTEREST_PERCENT": 100, "Mineral_Resources": "Both", "EST_ACRES": 239.4}}, {"type": "Feature", "geometry": {"type": "Polygon", "coordinates": [[[-117.88681368105222, 47.96932278846469], [-117.88680300619225, 47.96571282822717], [-117.8867923323325, 47.962102863989664], [-117.8814011303335, 47.96209916556721], [-117.87600993033439, 47.9620954391447], [-117.87600391119186, 47.96570916238441], [-117.87599789504955, 47.969322884624084], [-117.87599187690732, 47.97293609986369], [-117.88140812290993, 47.972934425282915], [-117.8868243679124, 47.97293275170217], [-117.88681368105222, 47.96932278846469]]]}, "properties": {"LANDAREACODE": "102", "TRACTID": "102 T 1124 -A", "TRACTREFNUM": "2001733291", "Label_Name": "Spokane ", "LAR_Name": "Spokane ", "TAAMS_Name": "Spokane", "REGION": "Northwest", "AGENCY": "Spokane", "OWNERSHIP": "T", "TRBE_INTEREST_PERCENT": 100, "Mineral_Resources": "Both", "EST_ACRES": 239.3}}, {"type": "Feature", "geometry": {"type": "Polygon", "coordinates": [[[-117.91911843032211, 47.96213697552692], [-117.9137377563246, 47.96212735810307], [-117.91373972918595, 47.96574998634206], [-117.91374170504747, 47.96937261158102], [-117.91912227104591, 47.96938588400499], [-117.9245028360441, 47.96939865142885], [-117.9298834010421, 47.96941141885271], [-117.92988157517932, 47.9657837996136], [-117.92987974831665, 47.962156179374475], [-117.92449907531947, 47.96214659095071], [-117.91911843032211, 47.96213697552692]]]}, "properties": {"LANDAREACODE": "102", "TRACTID": "102 T 1122 -A", "TRACTREFNUM": "2001733288", "Label_Name": "Spokane ", "LAR_Name": "Spokane ", "TAAMS_Name": "Spokane", "REGION": "Northwest", "AGENCY": "Spokane", "OWNERSHIP": "T", "TRBE_INTEREST_PERCENT": 100, "Mineral_Resources": "Both", "EST_ACRES": 239.2}}, {"type": "Feature", "geometry": {"type": "Polygon", "coordinates": [[[-117.87060880316008, 47.889616950917926], [-117.87601048716593, 47.889643485342134], [-117.87604964331871, 47.88602820709778], [-117.87608879647172, 47.88241292785345], [-117.87070026847282, 47.882405058429], [-117.86531174247372, 47.882397188004475], [-117.86525943531379, 47.885993803249164], [-117.8652071241541, 47.88959041549373], [-117.86519858300895, 47.89321354373537], [-117.86519004086398, 47.89683666997694], [-117.87058639386264, 47.8968360383998], [-117.87059760101127, 47.893226496158896], [-117.87060880316008, 47.889616950917926]]]}, "properties": {"LANDAREACODE": "102", "TRACTID": "102 T 1012", "TRACTREFNUM": "2001733231", "Label_Name": "Spokane ", "LAR_Name": "Spokane ", "TAAMS_Name": "Spokane", "REGION": "Northwest", "AGENCY": "Spokane", "OWNERSHIP": "T", "TRBE_INTEREST_PERCENT": 100, "Mineral_Resources": "Both", "EST_ACRES": 239.2}}, {"type": "Feature", "geometry": {"type": "MultiPolygon", "coordinates": [[[[-117.96769231143304, 47.933225997412876], [-117.97307355542829, 47.93323349783675], [-117.97306048956503, 47.92960490059879], [-117.97304745470191, 47.92597627736084], [-117.96768623870994, 47.92596666693457], [-117.96232504871772, 47.92595680550826], [-117.96231905914709, 47.92777186662867], [-117.9623175622544, 47.92822562665882], [-117.96231607036177, 47.928679397688896], [-117.96231308557651, 47.92958692874917], [-117.96231007879118, 47.930494448809384], [-117.96230709400595, 47.93140198986952], [-117.96230112343545, 47.93321705198997], [-117.96769231143304, 47.933225997412876]]], [[[-117.96232504871772, 47.92595680550826], [-117.96237798486824, 47.92233290326338], [-117.96243092101898, 47.918709002018424], [-117.95708959303099, 47.918701640589966], [-117.95703607388161, 47.92233204283552], [-117.95698272172989, 47.92595130508018], [-117.96232504871772, 47.92595680550826]]]]}, "properties": {"LANDAREACODE": "102", "TRACTID": "102 T 1233", "TRACTREFNUM": "2001733404", "Label_Name": "Spokane ", "LAR_Name": "Spokane ", "TAAMS_Name": "Spokane", "REGION": "Northwest", "AGENCY": "Spokane", "OWNERSHIP": "T", "TRBE_INTEREST_PERCENT": 100, "Mineral_Resources": "Both", "EST_ACRES": 238.7}}, {"type": "Feature", "geometry": {"type": "Polygon", "coordinates": [[[-118.17768248938215, 47.92605097542313], [-118.17771772852932, 47.92243352418306], [-118.1777529656767, 47.918816073942985], [-118.17238220769569, 47.918835161520484], [-118.16701145071455, 47.91885427909793], [-118.16699813057018, 47.92246803533555], [-118.16698478142611, 47.92608179357317], [-118.16696251628086, 47.92969688481171], [-118.1723044962576, 47.92968068323734], [-118.17765672423596, 47.92966423266183], [-118.17768248938215, 47.92605097542313]]]}, "properties": {"LANDAREACODE": "102", "TRACTID": "102 T 1208", "TRACTREFNUM": "2001733379", "Label_Name": "Spokane ", "LAR_Name": "Spokane ", "TAAMS_Name": "Spokane", "REGION": "Northwest", "AGENCY": "Spokane", "OWNERSHIP": "T", "TRBE_INTEREST_PERCENT": 100, "Mineral_Resources": "Both", "EST_ACRES": 237.6}}, {"type": "Feature", "geometry": {"type": "MultiPolygon", "coordinates": [[[[-118.0704011673467, 47.85713665239861], [-118.07040830948719, 47.853492182157694], [-118.06502677249686, 47.85349036073333], [-118.06503086263679, 47.84984478549252], [-118.05964627664544, 47.84984159706831], [-118.05964523950641, 47.85348854030892], [-118.05964421536754, 47.85713547154946], [-118.05964400953937, 47.85786317759748], [-118.05964375775301, 47.85876775065716], [-118.05964319322887, 47.86078239979001], [-118.06501860721777, 47.86078176021477], [-118.06502269335718, 47.857136061974046], [-118.0704011673467, 47.85713665239861]]], [[[-118.07577846233592, 47.85713741982329], [-118.0704011673467, 47.85713665239861], [-118.07039402420645, 47.860781120639494], [-118.07577002319528, 47.86078131406419], [-118.08061652208663, 47.860781541545585], [-118.08063351822888, 47.857138112303815], [-118.07577846233592, 47.85713741982329]]]]}, "properties": {"LANDAREACODE": "102", "TRACTID": "102 T 1299", "TRACTREFNUM": "2001733477", "Label_Name": "Spokane ", "LAR_Name": "Spokane ", "TAAMS_Name": "Spokane", "REGION": "Northwest", "AGENCY": "Spokane", "OWNERSHIP": "T", "TRBE_INTEREST_PERCENT": 100, "Mineral_Resources": "Both", "EST_ACRES": 237.0}}, {"type": "Feature", "geometry": {"type": "Polygon", "coordinates": [[[-118.08064229881022, 47.89340909268939], [-118.08064257095246, 47.88978674745124], [-118.07587637707826, 47.889797522962475], [-118.07049009609007, 47.889809497540156], [-118.07056274496288, 47.893439147771105], [-118.07063539083595, 47.89706882600204], [-118.0732861693214, 47.897058988717426], [-118.0759369198068, 47.897049128432755], [-118.07591595023126, 47.89885702355386], [-118.0759054634435, 47.899760960614366], [-118.07589497765575, 47.900664918674956], [-118.07588449286798, 47.90156882573548], [-118.07587400808026, 47.902472732795964], [-118.07585303650488, 47.90428056991701], [-118.0806415113848, 47.904276072403626], [-118.08064178252641, 47.900653754165596], [-118.08064205566824, 47.89703140892752], [-118.08064229881022, 47.89340909268939]]]}, "properties": {"LANDAREACODE": "102", "TRACTID": "102 T 1249", "TRACTREFNUM": "2001733422", "Label_Name": "Spokane ", "LAR_Name": "Spokane ", "TAAMS_Name": "Spokane", "REGION": "Northwest", "AGENCY": "Spokane", "OWNERSHIP": "T", "TRBE_INTEREST_PERCENT": 100, "Mineral_Resources": "Both", "EST_ACRES": 219.9}}, {"type": "Feature", "geometry": {"type": "MultiPolygon", "coordinates": [[[[-118.17278587179162, 47.99872559068692], [-118.17276977292303, 47.99509961245267], [-118.17275367505464, 47.99147352221836], [-118.16733379406475, 47.99149700580267], [-118.16734455792881, 47.9951092360367], [-118.16735532379309, 47.99872146427069], [-118.16736419868165, 48.002435972511535], [-118.17186555850896, 48.00243747202746], [-118.17280433468699, 48.00246098892798], [-118.17727400153177, 48.002560907453685], [-118.17823913671481, 48.00258506235143], [-118.17821642278986, 47.99872944010307], [-118.17278587179162, 47.99872559068692]]], [[[-118.18359346403396, 47.99142655304968], [-118.1836221489112, 47.99507986628425], [-118.1890492799052, 47.99506971369991], [-118.18901337302339, 47.99140306846529], [-118.18359346403396, 47.99142655304968]]]]}, "properties": {"LANDAREACODE": "102", "TRACTID": "102 T 1145", "TRACTREFNUM": "2001733312", "Label_Name": "Spokane ", "LAR_Name": "Spokane ", "TAAMS_Name": "Spokane", "REGION": "Northwest", "AGENCY": "Spokane", "OWNERSHIP": "T", "TRBE_INTEREST_PERCENT": 100, "Mineral_Resources": "Both", "EST_ACRES": 204.1}}, {"type": "Feature", "geometry": {"type": "MultiPolygon", "coordinates": [[[[-118.31844684756103, 47.96971449613571], [-118.32384751654494, 47.96969989255369], [-118.32386051767612, 47.966047804316055], [-118.31846704169234, 47.96605732489691], [-118.31307520370922, 47.96606876147762], [-118.31305070357385, 47.969712348716094], [-118.31303008943513, 47.973338018952944], [-118.3130094502966, 47.976963579189736], [-118.31841345728931, 47.97698247560944], [-118.31843015142508, 47.97334847037261], [-118.31844684756103, 47.96971449613571]]], [[[-118.32925982279089, 47.962390808498604], [-118.32925401965966, 47.96603800673517], [-118.33466133064647, 47.96603190415302], [-118.33467438378045, 47.96239089991613], [-118.33393333764478, 47.96238996299582], [-118.32925982279089, 47.962390808498604]]]]}, "properties": {"LANDAREACODE": "102", "TRACTID": "102 MT 1038", "TRACTREFNUM": "2001732972", "Label_Name": "Spokane ", "LAR_Name": "Spokane ", "TAAMS_Name": "Spokane", "REGION": "Northwest", "AGENCY": "Spokane", "OWNERSHIP": "T", "TRBE_INTEREST_PERCENT": 100, "Mineral_Resources": "Subsurface", "EST_ACRES": 200.9}}, {"type": "Feature", "geometry": {"type": "Polygon", "coordinates": [[[-117.98399875986087, 47.84623081491844], [-117.97867615987855, 47.84622696548712], [-117.97335356089607, 47.84622311605576], [-117.97331608175013, 47.84987291030153], [-117.97866565773624, 47.84987104072957], [-117.9786551525942, 47.85351511497198], [-117.98403170458383, 47.85350752739664], [-117.98671081207684, 47.85350349710995], [-117.98938991956985, 47.85349946582324], [-117.98937277513804, 47.85168326270492], [-117.98935563170636, 47.84986705958658], [-117.98932134584305, 47.846234650349786], [-117.98399875986087, 47.84623081491844]]]}, "properties": {"LANDAREACODE": "102", "TRACTID": "102 T 1302", "TRACTREFNUM": "2001733480", "Label_Name": "Spokane ", "LAR_Name": "Spokane ", "TAAMS_Name": "Spokane", "REGION": "Northwest", "AGENCY": "Spokane", "OWNERSHIP": "T", "TRBE_INTEREST_PERCENT": 100, "Mineral_Resources": "Both", "EST_ACRES": 199.2}}, {"type": "Feature", "geometry": {"type": "Polygon", "coordinates": [[[-117.92984701455653, 47.9041690665458], [-117.92715455305837, 47.9041664858338], [-117.9244620775602, 47.90416390412176], [-117.92446003977349, 47.90506658918175], [-117.92445798798677, 47.905969274241706], [-117.92445388741345, 47.90777454836163], [-117.92444569726688, 47.911385189601496], [-117.92982894526283, 47.911389529025556], [-117.92982903025477, 47.91135558702328], [-117.93253252676334, 47.91139350973636], [-117.93521901326208, 47.91140371544945], [-117.93522485740827, 47.907793529210004], [-117.94061173640677, 47.90780775863429], [-117.94061438955251, 47.90419761439524], [-117.93523070255456, 47.90418334097055], [-117.92984701455653, 47.9041690665458]]]}, "properties": {"LANDAREACODE": "102", "TRACTID": "102 T 1069", "TRACTREFNUM": "2001733263", "Label_Name": "Spokane ", "LAR_Name": "Spokane ", "TAAMS_Name": "Spokane", "REGION": "Northwest", "AGENCY": "Spokane", "OWNERSHIP": "T", "TRBE_INTEREST_PERCENT": 100, "Mineral_Resources": "Both", "EST_ACRES": 198.8}}, {"type": "Feature", "geometry": {"type": "MultiPolygon", "coordinates": [[[[-118.12919582135494, 47.954978742517994], [-118.12909414047893, 47.95137543029337], [-118.12911004961985, 47.94775142005468], [-118.1238700176465, 47.947708953614374], [-118.12387621850847, 47.95132807385041], [-118.1238824243706, 47.9549471670864], [-118.1236962302067, 47.95860431734551], [-118.12911043920958, 47.95863600376621], [-118.12919582135494, 47.954978742517994]]], [[[-118.13991401861247, 47.94778143189684], [-118.13989661146827, 47.95139230213466], [-118.13990840133191, 47.955012922369946], [-118.14535944530849, 47.95490774377772], [-118.14532156943949, 47.95128487554516], [-118.1452836675707, 47.947662033312504], [-118.13991401861247, 47.94778143189684]]]]}, "properties": {"LANDAREACODE": "102", "TRACTID": "102 T 1195", "TRACTREFNUM": "2001733366", "Label_Name": "Spokane ", "LAR_Name": "Spokane ", "TAAMS_Name": "Spokane", "REGION": "Northwest", "AGENCY": "Spokane", "OWNERSHIP": "T", "TRBE_INTEREST_PERCENT": 100, "Mineral_Resources": "Both", "EST_ACRES": 197.8}}, {"type": "Feature", "geometry": {"type": "MultiPolygon", "coordinates": [[[[-117.78957933587323, 47.97289151312074], [-117.78957329072546, 47.97648334635984], [-117.79496035972248, 47.97647022778187], [-117.80034742971932, 47.976457111203764], [-117.800362286874, 47.97288792096537], [-117.80037714102886, 47.96931873172687], [-117.79498125802508, 47.96930920430419], [-117.78958537802114, 47.969299677881565], [-117.78957933587323, 47.97289151312074]]], [[[-117.778796013301, 47.97470210939608], [-117.77879915273101, 47.97650961151577], [-117.78418622272831, 47.976496478937825], [-117.78418610487223, 47.97289305869853], [-117.778792873871, 47.972894606276334], [-117.778796013301, 47.97470210939608]]]]}, "properties": {"LANDAREACODE": "102", "TRACTID": "102 T 1108", "TRACTREFNUM": "2001733273", "Label_Name": "Spokane ", "LAR_Name": "Spokane ", "TAAMS_Name": "Spokane", "REGION": "Northwest", "AGENCY": "Spokane", "OWNERSHIP": "T", "TRBE_INTEREST_PERCENT": 100, "Mineral_Resources": "Both", "EST_ACRES": 197.5}}, {"type": "Feature", "geometry": {"type": "Polygon", "coordinates": [[[-118.10794904895646, 47.838958191184176], [-118.10794289009706, 47.83532091894538], [-118.10793972965537, 47.83345123182259], [-118.10768074360706, 47.8334482048501], [-118.10702215042923, 47.833207317904645], [-118.10684614341862, 47.833299237929516], [-118.10647895429481, 47.83306037695309], [-118.10552809708224, 47.832899716044224], [-118.10557054004911, 47.83272637902823], [-118.10424524776187, 47.832540723157756], [-118.10323102247419, 47.83211103023794], [-118.10275083240435, 47.8321887872944], [-118.10246578531493, 47.832031898314554], [-118.10247156708138, 47.83527615152764], [-118.10247804694319, 47.838923412767166], [-118.10248015280783, 47.842585134008], [-118.10248225767266, 47.846246852248804], [-118.10792625967254, 47.84624535166624], [-118.11064487117181, 47.84624454637533], [-118.11065487045609, 47.838969057895454], [-118.11059898944565, 47.83896824790136], [-118.10794904895646, 47.838958191184176]]]}, "properties": {"LANDAREACODE": "102", "TRACTID": "102 T 1325", "TRACTREFNUM": "2001733504", "Label_Name": "Spokane ", "LAR_Name": "Spokane ", "TAAMS_Name": "Spokane", "REGION": "Northwest", "AGENCY": "Spokane", "OWNERSHIP": "T", "TRBE_INTEREST_PERCENT": 100, "Mineral_Resources": "Both", "EST_ACRES": 191.6}}, {"type": "Feature", "geometry": {"type": "Polygon", "coordinates": [[[-117.92984197898613, 47.89331059882747], [-117.92982331713128, 47.889710754591036], [-117.92445606713831, 47.8897050531648], [-117.92446262356604, 47.8915087522836], [-117.92446919399384, 47.893312314402394], [-117.92177754449666, 47.893313327690414], [-117.9190859019994, 47.89331403497844], [-117.91371668800637, 47.893311266552644], [-117.90834747701322, 47.8933084951268], [-117.90834062986832, 47.89692904336756], [-117.91371180486121, 47.89692888079291], [-117.91908298085393, 47.89692871921824], [-117.9244823518517, 47.89692855464049], [-117.92717149534651, 47.89691949635216], [-117.92716751813236, 47.896017486292855], [-117.9271655290253, 47.895566481263195], [-117.9271650319985, 47.89545373025577], [-117.92985305749382, 47.89544800296781], [-117.92985247346711, 47.89533550796041], [-117.92985130841366, 47.89511051694562], [-117.92984197898613, 47.89331059882747]]]}, "properties": {"LANDAREACODE": "102", "TRACTID": "102 T 1275", "TRACTREFNUM": "2001733451", "Label_Name": "Spokane ", "LAR_Name": "Spokane ", "TAAMS_Name": "Spokane", "REGION": "Northwest", "AGENCY": "Spokane", "OWNERSHIP": "T", "TRBE_INTEREST_PERCENT": 100, "Mineral_Resources": "Both", "EST_ACRES": 190.6}}, {"type": "Feature", "geometry": {"type": "Polygon", "coordinates": [[[-118.0542510482295, 47.809870292005755], [-118.04874575922449, 47.809902870596034], [-118.0487226200757, 47.813536166838716], [-118.0486994809271, 47.81716946008139], [-118.05412926891857, 47.81713794849912], [-118.05955905390984, 47.81710643591683], [-118.05965769807199, 47.813472075666155], [-118.05975633523434, 47.809837712415444], [-118.0542510482295, 47.809870292005755]]]}, "properties": {"LANDAREACODE": "102", "TRACTID": "102 T 93", "TRACTREFNUM": "2001733023", "Label_Name": "Spokane ", "LAR_Name": "Spokane ", "TAAMS_Name": "Spokane", "REGION": "Northwest", "AGENCY": "Spokane", "OWNERSHIP": "T", "TRBE_INTEREST_PERCENT": 100, "Mineral_Resources": "Surface", "EST_ACRES": 162.9}}, {"type": "Feature", "geometry": {"type": "Polygon", "coordinates": [[[-118.31770200679783, 47.94610831068747], [-118.31777349924293, 47.94792208779728], [-118.32321164123675, 47.94792142921255], [-118.32864978423048, 47.947920796627756], [-118.32864442036292, 47.94428257139278], [-118.32863905749551, 47.94064434415773], [-118.32314494049542, 47.94066100574945], [-118.3176507964952, 47.94067741534111], [-118.317640641924, 47.94248599845937], [-118.31763546514264, 47.9434083585197], [-118.31763049035281, 47.944294558577674], [-118.31770200679783, 47.94610831068747]]]}, "properties": {"LANDAREACODE": "102", "TRACTID": "102 T 1183", "TRACTREFNUM": "2001733354", "Label_Name": "Spokane ", "LAR_Name": "Spokane ", "TAAMS_Name": "Spokane", "REGION": "Northwest", "AGENCY": "Spokane", "OWNERSHIP": "T", "TRBE_INTEREST_PERCENT": 100, "Mineral_Resources": "Both", "EST_ACRES": 162.9}}, {"type": "Feature", "geometry": {"type": "Polygon", "coordinates": [[[-118.03783605051507, 47.81541517112605], [-118.03783984994351, 47.81723140324579], [-118.04326966593537, 47.8172004306636], [-118.0486994809271, 47.81716946008139], [-118.0487226200757, 47.813536166838716], [-118.04874575922449, 47.809902870596034], [-118.04328520722741, 47.809934663181494], [-118.03782465123012, 47.809966456766894], [-118.03783225108671, 47.81359893000635], [-118.03783605051507, 47.81541517112605]]]}, "properties": {"LANDAREACODE": "102", "TRACTID": "102 T 1066", "TRACTREFNUM": "2001733261", "Label_Name": "Spokane ", "LAR_Name": "Spokane ", "TAAMS_Name": "Spokane", "REGION": "Northwest", "AGENCY": "Spokane", "OWNERSHIP": "T", "TRBE_INTEREST_PERCENT": 100, "Mineral_Resources": "Both", "EST_ACRES": 162.2}}, {"type": "Feature", "geometry": {"type": "Polygon", "coordinates": [[[-118.05412926891857, 47.81713794849912], [-118.0486994809271, 47.81716946008139], [-118.04872727878494, 47.820789648317685], [-118.04873419199949, 47.8216945583768], [-118.04874114321399, 47.82259958243582], [-118.0487480944285, 47.82350460749488], [-118.04875507964307, 47.824409833553936], [-118.05011217189154, 47.82440456140855], [-118.05146932114003, 47.82439947226321], [-118.05282646638848, 47.82439437511779], [-118.054183712637, 47.824389369972394], [-118.05961234363072, 47.82436890639083], [-118.05958569877012, 47.82073767115385], [-118.05955905390984, 47.81710643591683], [-118.05412926891857, 47.81713794849912]]]}, "properties": {"LANDAREACODE": "102", "TRACTID": "102 T 92", "TRACTREFNUM": "2001733022", "Label_Name": "Spokane ", "LAR_Name": "Spokane ", "TAAMS_Name": "Spokane", "REGION": "Northwest", "AGENCY": "Spokane", "OWNERSHIP": "T", "TRBE_INTEREST_PERCENT": 100, "Mineral_Resources": "Both", "EST_ACRES": 161.4}}, {"type": "Feature", "geometry": {"type": "Polygon", "coordinates": [[[-117.82161547624183, 47.962045004969184], [-117.82136891119646, 47.962046493995686], [-117.81666232033025, 47.9620749185017], [-117.81123992232553, 47.962079859082806], [-117.8112050081824, 47.965715779327866], [-117.81117009003954, 47.96935169857282], [-117.81656970804508, 47.96936768399547], [-117.82196932705048, 47.96938367041802], [-117.82202702119254, 47.9657268091693], [-117.82208471732822, 47.962042170918735], [-117.82161547624183, 47.962045004969184]]]}, "properties": {"LANDAREACODE": "102", "TRACTID": "102 T 295", "TRACTREFNUM": "2001733113", "Label_Name": "Spokane ", "LAR_Name": "Spokane ", "TAAMS_Name": "Spokane", "REGION": "Northwest", "AGENCY": "Spokane", "OWNERSHIP": "T", "TRBE_INTEREST_PERCENT": 100, "Mineral_Resources": "Both", "EST_ACRES": 161.4}}, {"type": "Feature", "geometry": {"type": "Polygon", "coordinates": [[[-118.31242633209908, 47.92621667196497], [-118.31786202608897, 47.92620134337993], [-118.31784374622227, 47.922571145146456], [-118.3124022762314, 47.92258650073205], [-118.30697216624237, 47.922601576316396], [-118.30698140267572, 47.92441666543318], [-118.30699063710907, 47.926231774550004], [-118.30701177997715, 47.929865193783435], [-118.3070223474113, 47.93168189390016], [-118.30703291984548, 47.93349861501687], [-118.31244680782926, 47.93347367743342], [-118.31243658496412, 47.92984523019921], [-118.31242633209908, 47.92621667196497]]]}, "properties": {"LANDAREACODE": "102", "TRACTID": "102 T 442", "TRACTREFNUM": "2001733156", "Label_Name": "Spokane ", "LAR_Name": "Spokane ", "TAAMS_Name": "Spokane", "REGION": "Northwest", "AGENCY": "Spokane", "OWNERSHIP": "T", "TRBE_INTEREST_PERCENT": 100, "Mineral_Resources": "Both", "EST_ACRES": 161.3}}, {"type": "Feature", "geometry": {"type": "Polygon", "coordinates": [[[-118.30705444656657, 47.940713371482424], [-118.3070436687059, 47.93710600724966], [-118.30158633271058, 47.93711658383682], [-118.29612896671495, 47.93712688242397], [-118.29616352458352, 47.94074930265528], [-118.29619808045223, 47.94437174888654], [-118.30163166744235, 47.94435639530152], [-118.30706527943228, 47.94434079071643], [-118.30706263222012, 47.9434520726591], [-118.30705987599936, 47.94252709159941], [-118.30705444656657, 47.940713371482424]]]}, "properties": {"LANDAREACODE": "102", "TRACTID": "102 T 501", "TRACTREFNUM": "2001733180", "Label_Name": "Spokane ", "LAR_Name": "Spokane ", "TAAMS_Name": "Spokane", "REGION": "Northwest", "AGENCY": "Spokane", "OWNERSHIP": "T", "TRBE_INTEREST_PERCENT": 100, "Mineral_Resources": "Both", "EST_ACRES": 161.2}}, {"type": "Feature", "geometry": {"type": "MultiPolygon", "coordinates": [[[[-117.97292911957048, 47.95500080228689], [-117.97836427157684, 47.955012833704835], [-117.97838987971909, 47.951383124463035], [-117.97841545686147, 47.94775324822119], [-117.97297082884963, 47.94772508080302], [-117.97294997270996, 47.95136295504502], [-117.97293955914017, 47.953181879165925], [-117.97292911957048, 47.95500080228689]]], [[[-117.98920648958375, 47.95503603454367], [-117.99461358758425, 47.9550472309645], [-117.99468145074012, 47.951442519720025], [-117.99469843552914, 47.95054133565886], [-117.99471539531814, 47.949640151597734], [-117.9947493428962, 47.947837783475485], [-117.99202704039054, 47.947823697766445], [-117.9893047158848, 47.947809613057416], [-117.98925560273416, 47.95142287830053], [-117.98920648958375, 47.95503603454367]]]]}, "properties": {"LANDAREACODE": "102", "TRACTID": "102 T 1222", "TRACTREFNUM": "2001733393", "Label_Name": "Spokane ", "LAR_Name": "Spokane ", "TAAMS_Name": "Spokane", "REGION": "Northwest", "AGENCY": "Spokane", "OWNERSHIP": "T", "TRBE_INTEREST_PERCENT": 100, "Mineral_Resources": "Both", "EST_ACRES": 160.9}}, {"type": "Feature", "geometry": {"type": "Polygon", "coordinates": [[[-117.92440600940326, 47.933088150041215], [-117.91901636140813, 47.93309366561887], [-117.91899290126922, 47.93674224486263], [-117.91896943913052, 47.94039082110629], [-117.9243912501264, 47.94036294652365], [-117.9298130591221, 47.9403350709409], [-117.92980435526007, 47.93670885570225], [-117.92979565339822, 47.93308263746355], [-117.92440600940326, 47.933088150041215]]]}, "properties": {"LANDAREACODE": "102", "TRACTID": "102 T 1260", "TRACTREFNUM": "2001733435", "Label_Name": "Spokane ", "LAR_Name": "Spokane ", "TAAMS_Name": "Spokane", "REGION": "Northwest", "AGENCY": "Spokane", "OWNERSHIP": "T", "TRBE_INTEREST_PERCENT": 100, "Mineral_Resources": "Both", "EST_ACRES": 160.8}}, {"type": "Feature", "geometry": {"type": "Polygon", "coordinates": [[[-118.02715603341528, 47.93327923004298], [-118.027160978558, 47.92966354880463], [-118.02445447205776, 47.929657768094366], [-118.02310123180766, 47.92965484223925], [-118.0217479645575, 47.929651917384064], [-118.01633498355676, 47.929640061963525], [-118.01632273141506, 47.93326577220346], [-118.01628900827028, 47.93689464844585], [-118.02170907727033, 47.936897670864916], [-118.02712914427012, 47.936900439284024], [-118.02714258784269, 47.9350898471635], [-118.027149299629, 47.934184551103264], [-118.02715603341528, 47.93327923004298]]]}, "properties": {"LANDAREACODE": "102", "TRACTID": "102 TR 3", "TRACTREFNUM": "2001733516", "Label_Name": "Spokane ", "LAR_Name": "Spokane ", "TAAMS_Name": "Spokane", "REGION": "Northwest", "AGENCY": "Spokane", "OWNERSHIP": "T", "TRBE_INTEREST_PERCENT": 100, "Mineral_Resources": "Both", "EST_ACRES": 160.5}}, {"type": "Feature", "geometry": {"type": "Polygon", "coordinates": [[[-118.03807753625998, 47.886161586770896], [-118.03806776011618, 47.88978693301087], [-118.04347684811484, 47.88979765343234], [-118.04888593911335, 47.88980837185379], [-118.04888896125539, 47.886181080614605], [-118.0488919603976, 47.88255378937538], [-118.04348962340089, 47.88254515295318], [-118.038087314404, 47.88253623853092], [-118.03807753625998, 47.886161586770896]]]}, "properties": {"LANDAREACODE": "102", "TRACTID": "102 105", "TRACTREFNUM": "2001731988", "Label_Name": "Spokane ", "LAR_Name": "Spokane ", "TAAMS_Name": "Spokane", "REGION": "Northwest", "AGENCY": "Spokane", "OWNERSHIP": "T", "TRBE_INTEREST_PERCENT": 100, "Mineral_Resources": "Both", "EST_ACRES": 160.5}}, {"type": "Feature", "geometry": {"type": "Polygon", "coordinates": [[[-117.76798237157564, 47.98010317991327], [-117.76796720243844, 47.983745512156915], [-117.77337101044463, 47.983754846578584], [-117.77877481845063, 47.983764182000236], [-117.77878698559073, 47.98013689775806], [-117.77879915273101, 47.97650961151577], [-117.77609874822657, 47.97649742080424], [-117.77339834472205, 47.97648522909271], [-117.76799753971302, 47.976460847669614], [-117.76798237157564, 47.98010317991327]]]}, "properties": {"LANDAREACODE": "102", "TRACTID": "102 T 1104", "TRACTREFNUM": "2001733269", "Label_Name": "Spokane ", "LAR_Name": "Spokane ", "TAAMS_Name": "Spokane", "REGION": "Northwest", "AGENCY": "Spokane", "OWNERSHIP": "T", "TRBE_INTEREST_PERCENT": 100, "Mineral_Resources": "Both", "EST_ACRES": 160.5}}, {"type": "Feature", "geometry": {"type": "Polygon", "coordinates": [[[-117.9406455285743, 47.853487836032954], [-117.94065101171788, 47.84985288279125], [-117.93526609172527, 47.84985958936715], [-117.92988119873246, 47.84986601894295], [-117.92987419058805, 47.85349908318481], [-117.92986721044387, 47.85713217542666], [-117.93525363143758, 47.85712810885066], [-117.94064001943116, 47.857123791274695], [-117.9406455285743, 47.853487836032954]]]}, "properties": {"LANDAREACODE": "102", "TRACTID": "102 T 177", "TRACTREFNUM": "2001733064", "Label_Name": "Spokane ", "LAR_Name": "Spokane ", "TAAMS_Name": "Spokane", "REGION": "Northwest", "AGENCY": "Spokane", "OWNERSHIP": "T", "TRBE_INTEREST_PERCENT": 100, "Mineral_Resources": "Both", "EST_ACRES": 160.3}}, {"type": "Feature", "geometry": {"type": "Polygon", "coordinates": [[[-117.87060712848876, 47.983779782157924], [-117.87602709149031, 47.983769536576055], [-117.87600647462766, 47.98015942433967], [-117.87058420162494, 47.980166196921445], [-117.86516192662204, 47.98017296850326], [-117.86518716548703, 47.98379002473973], [-117.86518548434825, 47.98741093097937], [-117.86518380320967, 47.99103183521889], [-117.87062608021336, 47.99101218963388], [-117.87061660335095, 47.98739598639589], [-117.87060712848876, 47.983779782157924]]]}, "properties": {"LANDAREACODE": "102", "TRACTID": "102 T 1117", "TRACTREFNUM": "2001733282", "Label_Name": "Spokane ", "LAR_Name": "Spokane ", "TAAMS_Name": "Spokane", "REGION": "Northwest", "AGENCY": "Spokane", "OWNERSHIP": "T", "TRBE_INTEREST_PERCENT": 100, "Mineral_Resources": "Both", "EST_ACRES": 160.3}}, {"type": "Feature", "geometry": {"type": "Polygon", "coordinates": [[[-117.80581755332067, 47.9620848266639], [-117.80039515631559, 47.962089768244994], [-117.80038614917214, 47.96570425048594], [-117.80037714102886, 47.96931873172687], [-117.80577361403432, 47.969335215149876], [-117.81117009003954, 47.96935169857282], [-117.8112050081824, 47.965715779327866], [-117.81123992232553, 47.962079859082806], [-117.80581755332067, 47.9620848266639]]]}, "properties": {"LANDAREACODE": "102", "TRACTID": "102 T 1107", "TRACTREFNUM": "2001733272", "Label_Name": "Spokane ", "LAR_Name": "Spokane ", "TAAMS_Name": "Spokane", "REGION": "Northwest", "AGENCY": "Spokane", "OWNERSHIP": "T", "TRBE_INTEREST_PERCENT": 100, "Mineral_Resources": "Both", "EST_ACRES": 160.3}}, {"type": "Feature", "geometry": {"type": "Polygon", "coordinates": [[[-117.8869047830476, 47.86791002673377], [-117.88689649918923, 47.864279690493376], [-117.8815008881904, 47.864275451069624], [-117.8761052501913, 47.864270933645834], [-117.87612593105531, 47.86791593688602], [-117.88151534305155, 47.86791312130988], [-117.88152211348108, 47.86972737642975], [-117.8815289089106, 47.8715416525496], [-117.88153567934017, 47.87335584866943], [-117.88154247476987, 47.87517004478924], [-117.88691782776141, 47.87515875921395], [-117.88691129190438, 47.871534392973864], [-117.8869047830476, 47.86791002673377]]]}, "properties": {"LANDAREACODE": "102", "TRACTID": "102 T 1282", "TRACTREFNUM": "2001733458", "Label_Name": "Spokane ", "LAR_Name": "Spokane ", "TAAMS_Name": "Spokane", "REGION": "Northwest", "AGENCY": "Spokane", "OWNERSHIP": "T", "TRBE_INTEREST_PERCENT": 100, "Mineral_Resources": "Both", "EST_ACRES": 160.2}}, {"type": "Feature", "geometry": {"type": "MultiPolygon", "coordinates": [[[[-118.00567875557284, 47.90425204443269], [-118.01108426257571, 47.90427859685553], [-118.011098151719, 47.90065077461485], [-118.0111120438625, 47.89702281437412], [-118.00571884286427, 47.897005929950495], [-118.00569881371848, 47.90062897319161], [-118.00031635472308, 47.90061665176714], [-118.00029004757485, 47.90423352900854], [-118.00567875557284, 47.90425204443269]]], [[[-117.99498201401461, 47.893330568857436], [-118.0003605270109, 47.89334975728292], [-118.00037827915294, 47.88971057404086], [-117.99499740615579, 47.889689580615446], [-117.99498201401461, 47.893330568857436]]]]}, "properties": {"LANDAREACODE": "102", "TRACTID": "102 T 1246 -A", "TRACTREFNUM": "2001733419", "Label_Name": "Spokane ", "LAR_Name": "Spokane ", "TAAMS_Name": "Spokane", "REGION": "Northwest", "AGENCY": "Spokane", "OWNERSHIP": "T", "TRBE_INTEREST_PERCENT": 100, "Mineral_Resources": "Both", "EST_ACRES": 160.1}}, {"type": "Feature", "geometry": {"type": "Polygon", "coordinates": [[[-118.31786072381293, 47.93344873985001], [-118.32324455379072, 47.933423024269736], [-118.32323885792775, 47.92980060403556], [-118.32323600849632, 47.927989323918425], [-118.32323316206491, 47.92617804480132], [-118.31786202608897, 47.92620134337993], [-118.31242633209908, 47.92621667196497], [-118.31243658496412, 47.92984523019921], [-118.31244680782926, 47.93347367743342], [-118.31786072381293, 47.93344873985001]]]}, "properties": {"LANDAREACODE": "102", "TRACTID": "102 T 640", "TRACTREFNUM": "2001733216", "Label_Name": "Spokane ", "LAR_Name": "Spokane ", "TAAMS_Name": "Spokane", "REGION": "Northwest", "AGENCY": "Spokane", "OWNERSHIP": "T", "TRBE_INTEREST_PERCENT": 100, "Mineral_Resources": "Both", "EST_ACRES": 160.1}}, {"type": "Feature", "geometry": {"type": "Polygon", "coordinates": [[[-118.02191601799177, 47.86801413230376], [-118.0218987201306, 47.86438281106587], [-118.01650271513479, 47.864375478642614], [-118.01652555099692, 47.86800660387999], [-118.01653930085607, 47.871631342117816], [-118.01655308071543, 47.87525610735562], [-118.02194152470997, 47.875263466779494], [-118.02732997270431, 47.87527079820331], [-118.02731823084528, 47.871646228965425], [-118.02192877185078, 47.87163878554163], [-118.02191601799177, 47.86801413230376]]]}, "properties": {"LANDAREACODE": "102", "TRACTID": "102 T 114", "TRACTREFNUM": "2001733039", "Label_Name": "Spokane ", "LAR_Name": "Spokane ", "TAAMS_Name": "Spokane", "REGION": "Northwest", "AGENCY": "Spokane", "OWNERSHIP": "T", "TRBE_INTEREST_PERCENT": 100, "Mineral_Resources": "Both", "EST_ACRES": 160.1}}, {"type": "Feature", "geometry": {"type": "Polygon", "coordinates": [[[-118.17265164159814, 47.977060525290725], [-118.16720490060621, 47.977095565878415], [-118.16723710847052, 47.98069593210953], [-118.16726934633508, 47.984296272340636], [-118.17270264232543, 47.9842648427545], [-118.1781359683156, 47.98423316416829], [-118.17811717545267, 47.980629324935656], [-118.17809841158991, 47.97702548570299], [-118.17265164159814, 47.977060525290725]]]}, "properties": {"LANDAREACODE": "102", "TRACTID": "102 T 1154 -A", "TRACTREFNUM": "2001733323", "Label_Name": "Spokane ", "LAR_Name": "Spokane ", "TAAMS_Name": "Spokane", "REGION": "Northwest", "AGENCY": "Spokane", "OWNERSHIP": "T", "TRBE_INTEREST_PERCENT": 100, "Mineral_Resources": "Both", "EST_ACRES": 160.1}}, {"type": "Feature", "geometry": {"type": "Polygon", "coordinates": [[[-118.00572675000109, 47.86798160903357], [-118.01112614899905, 47.86799410645682], [-118.01652555099692, 47.86800660387999], [-118.01650271513479, 47.864375478642614], [-118.01647988127289, 47.86074435140522], [-118.01107301827665, 47.86074432498356], [-118.01109958313774, 47.864369216220204], [-118.0083980176392, 47.864366084508944], [-118.00569645214057, 47.86436295479774], [-118.00300200064318, 47.86435972208577], [-118.00030755114581, 47.86435649237375], [-118.00033168757695, 47.86616258349053], [-118.00035582400807, 47.86796867260732], [-118.00304128650457, 47.86797514232045], [-118.00572675000109, 47.86798160903357]]]}, "properties": {"LANDAREACODE": "102", "TRACTID": "102 T 61", "TRACTREFNUM": "2001733001", "Label_Name": "Spokane ", "LAR_Name": "Spokane ", "TAAMS_Name": "Spokane", "REGION": "Northwest", "AGENCY": "Spokane", "OWNERSHIP": "T", "TRBE_INTEREST_PERCENT": 100, "Mineral_Resources": "Both", "EST_ACRES": 160.1}}, {"type": "Feature", "geometry": {"type": "Polygon", "coordinates": [[[-117.92980150682642, 47.9222314047456], [-117.92979213868311, 47.92585278598606], [-117.93518694068557, 47.925875702409755], [-117.94058174368786, 47.92589861883349], [-117.94059272683019, 47.922272330592655], [-117.94060376497278, 47.918645987351795], [-117.93520731897141, 47.91862800392844], [-117.92981087496993, 47.918610018505085], [-117.92980150682642, 47.9222314047456]]]}, "properties": {"LANDAREACODE": "102", "TRACTID": "102 T 1268", "TRACTREFNUM": "2001733443", "Label_Name": "Spokane ", "LAR_Name": "Spokane ", "TAAMS_Name": "Spokane", "REGION": "Northwest", "AGENCY": "Spokane", "OWNERSHIP": "T", "TRBE_INTEREST_PERCENT": 100, "Mineral_Resources": "Both", "EST_ACRES": 160.0}}, {"type": "Feature", "geometry": {"type": "Polygon", "coordinates": [[[-118.25374877330799, 47.98056184879849], [-118.25373432117209, 47.98419376903561], [-118.25911418816084, 47.98420697245773], [-118.2644940571493, 47.98421992587977], [-118.26451203328389, 47.98058003264185], [-118.26453001241869, 47.97694011340391], [-118.25914661843149, 47.97693502098261], [-118.25376319644407, 47.976929956561314], [-118.25374877330799, 47.98056184879849]]]}, "properties": {"LANDAREACODE": "102", "TRACTID": "102 T 416", "TRACTREFNUM": "2001733151", "Label_Name": "Spokane ", "LAR_Name": "Spokane ", "TAAMS_Name": "Spokane", "REGION": "Northwest", "AGENCY": "Spokane", "OWNERSHIP": "T", "TRBE_INTEREST_PERCENT": 100, "Mineral_Resources": "Both", "EST_ACRES": 159.9}}, {"type": "Feature", "geometry": {"type": "Polygon", "coordinates": [[[-118.28536438260237, 47.940725536814334], [-118.28000399761864, 47.94071333538959], [-118.2800251904876, 47.94434744862321], [-118.28004638235672, 47.94798142385681], [-118.28544180034507, 47.947985653277165], [-118.29083719133318, 47.94798991069749], [-118.29080057946304, 47.94436379746618], [-118.29076393859305, 47.94073754423484], [-118.28536438260237, 47.940725536814334]]]}, "properties": {"LANDAREACODE": "102", "TRACTID": "102 T 429", "TRACTREFNUM": "2001733155", "Label_Name": "Spokane ", "LAR_Name": "Spokane ", "TAAMS_Name": "Spokane", "REGION": "Northwest", "AGENCY": "Spokane", "OWNERSHIP": "T", "TRBE_INTEREST_PERCENT": 100, "Mineral_Resources": "Surface", "EST_ACRES": 159.9}}, {"type": "Feature", "geometry": {"type": "MultiPolygon", "coordinates": [[[[-118.00564728042602, 47.90787792267512], [-118.00561580527938, 47.9115037999175], [-118.01102603628043, 47.911518795338935], [-118.01105514942802, 47.907898752097296], [-118.01108426257571, 47.90427859685553], [-118.00567875557284, 47.90425204443269], [-118.00564728042602, 47.90787792267512]]], [[[-117.99502087616598, 47.87702960977675], [-117.99502036337971, 47.87793423883658], [-117.99501987859351, 47.878838838896385], [-117.9950193898073, 47.8797434409562], [-117.99501890502114, 47.880648069016004], [-117.9950181493446, 47.882016596106496], [-117.99501790544878, 47.88245729913562], [-118.00039561644375, 47.882472042561076], [-118.00040017358823, 47.87885071932144], [-118.00040470273292, 47.875229287081766], [-117.99771327523568, 47.87522483336947], [-117.99502184973846, 47.87522037965713], [-117.99502087616598, 47.87702960977675]]]]}, "properties": {"LANDAREACODE": "102", "TRACTID": "102 T 1348 A", "TRACTREFNUM": "16703111", "Label_Name": "Spokane ", "LAR_Name": "Spokane ", "TAAMS_Name": "Spokane", "REGION": "Northwest", "AGENCY": "Spokane", "OWNERSHIP": "T", "TRBE_INTEREST_PERCENT": 100, "Mineral_Resources": "Both", "EST_ACRES": 159.9}}, {"type": "Feature", "geometry": {"type": "MultiPolygon", "coordinates": [[[[-118.00551015328286, 47.93689588560148], [-118.01089958027669, 47.936895406023694], [-118.01628900827028, 47.93689464844585], [-118.01632273141506, 47.93326577220346], [-118.01092338941847, 47.933261723781996], [-118.00552401642176, 47.933257675360466], [-118.00551015328286, 47.93689588560148]]], [[[-118.01085199399358, 47.94416224250693], [-118.0054824550055, 47.944171807083315], [-118.00546859286708, 47.94780951732417], [-118.01082818685235, 47.9477953997485], [-118.01618780783737, 47.94778128017279], [-118.0162215329815, 47.944152403930524], [-118.01085199399358, 47.94416224250693]]]]}, "properties": {"LANDAREACODE": "102", "TRACTID": "102 T 1230", "TRACTREFNUM": "2001733401", "Label_Name": "Spokane ", "LAR_Name": "Spokane ", "TAAMS_Name": "Spokane", "REGION": "Northwest", "AGENCY": "Spokane", "OWNERSHIP": "T", "TRBE_INTEREST_PERCENT": 100, "Mineral_Resources": "Both", "EST_ACRES": 159.8}}, {"type": "Feature", "geometry": {"type": "Polygon", "coordinates": [[[-118.25380810585699, 47.966046698850114], [-118.2537931547191, 47.96967445108723], [-118.25918007770753, 47.969681376508376], [-118.26456702369568, 47.969688078929515], [-118.26458550283438, 47.96606149369222], [-118.26460400997325, 47.96243493545487], [-118.26395749585488, 47.96243480152437], [-118.25921353498427, 47.96242695503395], [-118.2585670198658, 47.96242682110344], [-118.25382308499508, 47.96241894561291], [-118.25380810585699, 47.966046698850114]]]}, "properties": {"LANDAREACODE": "102", "TRACTID": "102 T 490", "TRACTREFNUM": "2001733177", "Label_Name": "Spokane ", "LAR_Name": "Spokane ", "TAAMS_Name": "Spokane", "REGION": "Northwest", "AGENCY": "Spokane", "OWNERSHIP": "T", "TRBE_INTEREST_PERCENT": 100, "Mineral_Resources": "Both", "EST_ACRES": 159.8}}, {"type": "Feature", "geometry": {"type": "Polygon", "coordinates": [[[-118.16726934633508, 47.984296272340636], [-118.16730155619979, 47.98789663957166], [-118.16733379406475, 47.99149700580267], [-118.17275367505464, 47.99147352221836], [-118.17817358404439, 47.99145003763403], [-118.17816418361211, 47.9896458125176], [-118.17815476217986, 47.98784158740118], [-118.1781450467499, 47.98604672028539], [-118.1781359683156, 47.98423316416829], [-118.17270264232543, 47.9842648427545], [-118.16726934633508, 47.984296272340636]]]}, "properties": {"LANDAREACODE": "102", "TRACTID": "102 T 638", "TRACTREFNUM": "2001733215", "Label_Name": "Spokane ", "LAR_Name": "Spokane ", "TAAMS_Name": "Spokane", "REGION": "Northwest", "AGENCY": "Spokane", "OWNERSHIP": "T", "TRBE_INTEREST_PERCENT": 100, "Mineral_Resources": "Both", "EST_ACRES": 159.8}}, {"type": "Feature", "geometry": {"type": "Polygon", "coordinates": [[[-118.13461347546699, 47.92602183004252], [-118.12923479847835, 47.92602033661946], [-118.12925864534708, 47.92965970585516], [-118.12928248721597, 47.93329891009074], [-118.13464819320136, 47.9332960975148], [-118.14001392418652, 47.93329328593884], [-118.14000305132089, 47.92965824970225], [-118.13999217745543, 47.926023074465576], [-118.13461347546699, 47.92602183004252]]]}, "properties": {"LANDAREACODE": "102", "TRACTID": "102 T 1044", "TRACTREFNUM": "2001733247", "Label_Name": "Spokane ", "LAR_Name": "Spokane ", "TAAMS_Name": "Spokane", "REGION": "Northwest", "AGENCY": "Spokane", "OWNERSHIP": "T", "TRBE_INTEREST_PERCENT": 100, "Mineral_Resources": "Both", "EST_ACRES": 159.8}}, {"type": "Feature", "geometry": {"type": "Polygon", "coordinates": [[[-117.86520481819068, 47.96570498854147], [-117.86518210804596, 47.96932196178329], [-117.87059000004783, 47.96932242320369], [-117.87599789504955, 47.969322884624084], [-117.87600391119186, 47.96570916238441], [-117.87600993033439, 47.9620954391447], [-117.87061872733508, 47.962091711722216], [-117.8652275273356, 47.962088013299635], [-117.86520481819068, 47.96570498854147]]]}, "properties": {"LANDAREACODE": "102", "TRACTID": "102 T 1124", "TRACTREFNUM": "2001733290", "Label_Name": "Spokane ", "LAR_Name": "Spokane ", "TAAMS_Name": "Spokane", "REGION": "Northwest", "AGENCY": "Spokane", "OWNERSHIP": "T", "TRBE_INTEREST_PERCENT": 100, "Mineral_Resources": "Both", "EST_ACRES": 159.6}}, {"type": "Feature", "geometry": {"type": "Polygon", "coordinates": [[[-118.26454851755707, 47.97331408316673], [-118.26453001241869, 47.97694011340391], [-118.2699134064057, 47.976945205825146], [-118.27529680039261, 47.97695029724636], [-118.27531886253188, 47.97332548800904], [-118.27534089367136, 47.96970067977167], [-118.2699539446836, 47.969694505350624], [-118.26456702369568, 47.969688078929515], [-118.26454851755707, 47.97331408316673]]]}, "properties": {"LANDAREACODE": "102", "TRACTID": "102 T 1169", "TRACTREFNUM": "2001733339", "Label_Name": "Spokane ", "LAR_Name": "Spokane ", "TAAMS_Name": "Spokane", "REGION": "Northwest", "AGENCY": "Spokane", "OWNERSHIP": "T", "TRBE_INTEREST_PERCENT": 100, "Mineral_Resources": "Both", "EST_ACRES": 159.6}}, {"type": "Feature", "geometry": {"type": "Polygon", "coordinates": [[[-118.2537781755815, 47.97330220432428], [-118.25376319644407, 47.976929956561314], [-118.25914661843149, 47.97693502098261], [-118.26453001241869, 47.97694011340391], [-118.26454851755707, 47.97331408316673], [-118.26456702369568, 47.969688078929515], [-118.25918007770753, 47.969681376508376], [-118.2537931547191, 47.96967445108723], [-118.2537781755815, 47.97330220432428]]]}, "properties": {"LANDAREACODE": "102", "TRACTID": "102 T 1169 -A", "TRACTREFNUM": "2001733340", "Label_Name": "Spokane ", "LAR_Name": "Spokane ", "TAAMS_Name": "Spokane", "REGION": "Northwest", "AGENCY": "Spokane", "OWNERSHIP": "T", "TRBE_INTEREST_PERCENT": 100, "Mineral_Resources": "Both", "EST_ACRES": 159.6}}, {"type": "Feature", "geometry": {"type": "Polygon", "coordinates": [[[-118.29085402219832, 47.95160919193041], [-118.29617746417291, 47.95161245035829], [-118.29623261132114, 47.94799416911774], [-118.29083719133318, 47.94798991069749], [-118.28544180034507, 47.947985653277165], [-118.28004638235672, 47.94798142385681], [-118.27465099236827, 47.947977165436406], [-118.2746601282318, 47.95159600267038], [-118.28006001822128, 47.95160095409022], [-118.28545991021056, 47.95160565651005], [-118.28815696770445, 47.95160745822021], [-118.29085402219832, 47.95160919193041]]]}, "properties": {"LANDAREACODE": "102", "TRACTID": "102 T 1181", "TRACTREFNUM": "2001733352", "Label_Name": "Spokane ", "LAR_Name": "Spokane ", "TAAMS_Name": "Spokane", "REGION": "Northwest", "AGENCY": "Spokane", "OWNERSHIP": "T", "TRBE_INTEREST_PERCENT": 100, "Mineral_Resources": "Both", "EST_ACRES": 159.4}}, {"type": "Feature", "geometry": {"type": "Polygon", "coordinates": [[[-117.90836315291021, 47.9729801263959], [-117.90836516977168, 47.97660090863469], [-117.91374563977111, 47.97661734505875], [-117.91912611177038, 47.976633783482825], [-117.91912419190807, 47.973009835243886], [-117.91912227104591, 47.96938588400499], [-117.91374170504747, 47.96937261158102], [-117.90836114204889, 47.969359340157055], [-117.90836315291021, 47.9729801263959]]]}, "properties": {"LANDAREACODE": "102", "TRACTID": "102 T 1122", "TRACTREFNUM": "2001733287", "Label_Name": "Spokane ", "LAR_Name": "Spokane ", "TAAMS_Name": "Spokane", "REGION": "Northwest", "AGENCY": "Spokane", "OWNERSHIP": "T", "TRBE_INTEREST_PERCENT": 100, "Mineral_Resources": "Both", "EST_ACRES": 159.3}}, {"type": "Feature", "geometry": {"type": "Polygon", "coordinates": [[[-117.9083237604488, 47.85706799872455], [-117.90832056629797, 47.86066964596414], [-117.91370548329866, 47.86069354939022], [-117.91909039929926, 47.86071742781628], [-117.91909684644692, 47.857100337575524], [-117.91910329459486, 47.85348324633468], [-117.91371512659745, 47.85347492490985], [-117.90832695459986, 47.85346635448501], [-117.9083237604488, 47.85706799872455]]]}, "properties": {"LANDAREACODE": "102", "TRACTID": "102 LM 181", "TRACTREFNUM": "2001732831", "Label_Name": "Spokane ", "LAR_Name": "Spokane ", "TAAMS_Name": "Spokane", "REGION": "Northwest", "AGENCY": "Spokane", "OWNERSHIP": "T", "TRBE_INTEREST_PERCENT": 100, "Mineral_Resources": "Subsurface", "EST_ACRES": 159.2}}, {"type": "Feature", "geometry": {"type": "Polygon", "coordinates": [[[-117.9083237604488, 47.85706799872455], [-117.90832056629797, 47.86066964596414], [-117.91370548329866, 47.86069354939022], [-117.91909039929926, 47.86071742781628], [-117.91909684644692, 47.857100337575524], [-117.91910329459486, 47.85348324633468], [-117.91371512659745, 47.85347492490985], [-117.90832695459986, 47.85346635448501], [-117.9083237604488, 47.85706799872455]]]}, "properties": {"LANDAREACODE": "102", "TRACTID": "102 T 181", "TRACTREFNUM": "2001733069", "Label_Name": "Spokane ", "LAR_Name": "Spokane ", "TAAMS_Name": "Spokane", "REGION": "Northwest", "AGENCY": "Spokane", "OWNERSHIP": "T", "TRBE_INTEREST_PERCENT": 100, "Mineral_Resources": "Surface", "EST_ACRES": 159.2}}, {"type": "Feature", "geometry": {"type": "Polygon", "coordinates": [[[-117.88676788287542, 47.947563430030456], [-117.89207701486252, 47.94758232346298], [-117.89738615184943, 47.94760121589543], [-117.89744777699454, 47.943950945647344], [-117.8975094001398, 47.94030067439927], [-117.89217756414544, 47.94026786496819], [-117.88684573015097, 47.94023505753708], [-117.88680681101309, 47.943899244783765], [-117.88676788287542, 47.947563430030456]]]}, "properties": {"LANDAREACODE": "102", "TRACTID": "102 T 1261", "TRACTREFNUM": "2001733436", "Label_Name": "Spokane ", "LAR_Name": "Spokane ", "TAAMS_Name": "Spokane", "REGION": "Northwest", "AGENCY": "Spokane", "OWNERSHIP": "T", "TRBE_INTEREST_PERCENT": 100, "Mineral_Resources": "Both", "EST_ACRES": 159.1}}, {"type": "Feature", "geometry": {"type": "Polygon", "coordinates": [[[-117.95140617399825, 47.94406728187338], [-117.95136407485089, 47.94769076611696], [-117.95270685009876, 47.94768996197295], [-117.95404964734658, 47.94768915882898], [-117.95673519884232, 47.947687573541], [-117.9621063228337, 47.947684381965026], [-117.96215589898486, 47.944071452721495], [-117.96220544813632, 47.94045852347793], [-117.95682687414121, 47.940451299053876], [-117.95144827414589, 47.940443825629764], [-117.95140617399825, 47.94406728187338]]]}, "properties": {"LANDAREACODE": "102", "TRACTID": "102 T 1232", "TRACTREFNUM": "2001733403", "Label_Name": "Spokane ", "LAR_Name": "Spokane ", "TAAMS_Name": "Spokane", "REGION": "Northwest", "AGENCY": "Spokane", "OWNERSHIP": "T", "TRBE_INTEREST_PERCENT": 100, "Mineral_Resources": "Both", "EST_ACRES": 159.0}}, {"type": "Feature", "geometry": {"type": "Polygon", "coordinates": [[[-117.8868243679124, 47.97293275170217], [-117.88683505777274, 47.97654271293956], [-117.89221758677276, 47.97655726136341], [-117.89760011177252, 47.9765718107872], [-117.89759376091168, 47.972956691549115], [-117.89758740905096, 47.96934156931099], [-117.89220054405165, 47.969332178887825], [-117.88681368105222, 47.96932278846469], [-117.8868243679124, 47.97293275170217]]]}, "properties": {"LANDAREACODE": "102", "TRACTID": "102 T 1123", "TRACTREFNUM": "2001733289", "Label_Name": "Spokane ", "LAR_Name": "Spokane ", "TAAMS_Name": "Spokane", "REGION": "Northwest", "AGENCY": "Spokane", "OWNERSHIP": "T", "TRBE_INTEREST_PERCENT": 100, "Mineral_Resources": "Both", "EST_ACRES": 159.0}}, {"type": "Feature", "geometry": {"type": "Polygon", "coordinates": [[[-117.95680325547364, 47.9839339449219], [-117.9514482234871, 47.98394681949737], [-117.9514377943503, 47.98758041473769], [-117.95142736421374, 47.991214036977986], [-117.95677642520101, 47.9912082964035], [-117.96212548518814, 47.991202556828966], [-117.96214188432403, 47.98756181358766], [-117.9621582824601, 47.98392106934637], [-117.95680325547364, 47.9839339449219]]]}, "properties": {"LANDAREACODE": "102", "TRACTID": "102 T 1133", "TRACTREFNUM": "2001733300", "Label_Name": "Spokane ", "LAR_Name": "Spokane ", "TAAMS_Name": "Spokane", "REGION": "Northwest", "AGENCY": "Spokane", "OWNERSHIP": "T", "TRBE_INTEREST_PERCENT": 100, "Mineral_Resources": "Both", "EST_ACRES": 159.0}}, {"type": "Feature", "geometry": {"type": "Polygon", "coordinates": [[[-117.88136565071416, 47.92579990116778], [-117.87596713271778, 47.925811953746475], [-117.87598234557379, 47.92941211298344], [-117.8759975604301, 47.93301227322042], [-117.88139737342455, 47.93299088364082], [-117.8867971854188, 47.93296949406117], [-117.88678067756449, 47.92937867182514], [-117.88676417071039, 47.925787848588996], [-117.88136565071416, 47.92579990116778]]]}, "properties": {"LANDAREACODE": "102", "TRACTID": "102 T 644", "TRACTREFNUM": "2001733217", "Label_Name": "Spokane ", "LAR_Name": "Spokane ", "TAAMS_Name": "Spokane", "REGION": "Northwest", "AGENCY": "Spokane", "OWNERSHIP": "T", "TRBE_INTEREST_PERCENT": 100, "Mineral_Resources": "Both", "EST_ACRES": 158.8}}, {"type": "Feature", "geometry": {"type": "MultiPolygon", "coordinates": [[[[-117.96207923455935, 47.95496968644821], [-117.96750418956499, 47.95498538286758], [-117.96751277213413, 47.95316526374671], [-117.96752137470324, 47.95134511962581], [-117.9675385888417, 47.947704717384084], [-117.9621063228337, 47.947684381965026], [-117.9620927796964, 47.951327034206614], [-117.96207923455935, 47.95496968644821]]], [[[-117.95134274827717, 47.94950249523875], [-117.95132142070356, 47.95131422336054], [-117.9512787925565, 47.95493770660408], [-117.95667902855803, 47.95495382002618], [-117.95670710170009, 47.95132075278362], [-117.95672114927116, 47.94950416266229], [-117.95673519884232, 47.947687573541], [-117.95404964734658, 47.94768915882898], [-117.95270685009876, 47.94768996197295], [-117.95269710331222, 47.948596442033804], [-117.95135341806403, 47.948596637177836], [-117.95134274827717, 47.94950249523875]]]]}, "properties": {"LANDAREACODE": "102", "TRACTID": "102 T 1221", "TRACTREFNUM": "2001733392", "Label_Name": "Spokane ", "LAR_Name": "Spokane ", "TAAMS_Name": "Spokane", "REGION": "Northwest", "AGENCY": "Spokane", "OWNERSHIP": "T", "TRBE_INTEREST_PERCENT": 100, "Mineral_Resources": "Both", "EST_ACRES": 158.2}}, {"type": "Feature", "geometry": {"type": "Polygon", "coordinates": [[[-117.90698104505007, 47.8606683831072], [-117.90564152380225, 47.860667119250266], [-117.9029624843065, 47.86066457153638], [-117.90298038773592, 47.86247057365439], [-117.90299829216544, 47.864276548772445], [-117.90301619859504, 47.86608246889044], [-117.90303410402463, 47.86788838700844], [-117.90305932988275, 47.87150317024574], [-117.90308455474104, 47.87511778648297], [-117.9084734657339, 47.87510413890592], [-117.9084458228758, 47.871492410669184], [-117.90841821001793, 47.86788065543245], [-117.9083937815879, 47.86607790231541], [-117.90838158937281, 47.86517652625687], [-117.90837549326534, 47.86472585022757], [-117.90703230601723, 47.86472638537113], [-117.90702661390976, 47.86427552934183], [-117.90702091380226, 47.863824609312516], [-117.90836327905035, 47.86382447416903], [-117.90835718494283, 47.86337377313973], [-117.90834496972788, 47.86247239708118], [-117.90832056629797, 47.86066964596414], [-117.90698104505007, 47.8606683831072]]]}, "properties": {"LANDAREACODE": "102", "TRACTID": "102 T 179", "TRACTREFNUM": "2001733066", "Label_Name": "Spokane ", "LAR_Name": "Spokane ", "TAAMS_Name": "Spokane", "REGION": "Northwest", "AGENCY": "Spokane", "OWNERSHIP": "T", "TRBE_INTEREST_PERCENT": 100, "Mineral_Resources": "Both", "EST_ACRES": 156.6}}, {"type": "Feature", "geometry": {"type": "Polygon", "coordinates": [[[-118.28060007660086, 48.00306681736704], [-118.28558608952245, 48.00310321883257], [-118.2859874215967, 48.00310635578959], [-118.28599107140401, 48.00229752773684], [-118.28600745853959, 47.99866833350029], [-118.28602401767684, 47.99504513526403], [-118.28467143443176, 47.995055785410294], [-118.28386293728529, 47.99506215349775], [-118.28331887518668, 47.99506643655659], [-118.28196628994158, 47.99507706070285], [-118.28115273879419, 47.995083427790846], [-118.28061373169653, 47.995087653849126], [-118.27791914520569, 47.995098345139844], [-118.27790817406895, 47.998719500375486], [-118.27789233306599, 47.99871959737719], [-118.27521905257915, 47.99873062166567], [-118.27521336943781, 48.002327934899164], [-118.27521223360995, 48.00304891894595], [-118.28020763452824, 48.0030637654091], [-118.28060007660086, 48.00306681736704]]]}, "properties": {"LANDAREACODE": "102", "TRACTID": "102 T 1164", "TRACTREFNUM": "2001733334", "Label_Name": "Spokane ", "LAR_Name": "Spokane ", "TAAMS_Name": "Spokane", "REGION": "Northwest", "AGENCY": "Spokane", "OWNERSHIP": "T", "TRBE_INTEREST_PERCENT": 100, "Mineral_Resources": "Both", "EST_ACRES": 156.1}}, {"type": "Feature", "geometry": {"type": "Polygon", "coordinates": [[[-118.0808984443357, 47.958614773940866], [-118.0862415663196, 47.95861634936742], [-118.08618000144742, 47.954997838137004], [-118.08611849257535, 47.95137871690653], [-118.08079826259541, 47.95137555747728], [-118.07596636270705, 47.951380392996136], [-118.07591614255816, 47.95499801623861], [-118.07586731141063, 47.95861961148121], [-118.0808984443357, 47.958614773940866]]]}, "properties": {"LANDAREACODE": "102", "TRACTID": "102 TR 1", "TRACTREFNUM": "2001733515", "Label_Name": "Spokane ", "LAR_Name": "Spokane ", "TAAMS_Name": "Spokane", "REGION": "Northwest", "AGENCY": "Spokane", "OWNERSHIP": "T", "TRBE_INTEREST_PERCENT": 100, "Mineral_Resources": "Both", "EST_ACRES": 151.9}}, {"type": "Feature", "geometry": {"type": "Polygon", "coordinates": [[[-118.08065048637134, 47.853494710061995], [-118.08066747951406, 47.849851281820186], [-118.08068444665699, 47.846207852578274], [-118.07580400175915, 47.84620601410023], [-118.0757954536178, 47.849849710341324], [-118.07578690247675, 47.85349351458231], [-118.07040830948719, 47.853492182157694], [-118.0704011673467, 47.85713665239861], [-118.07577846233592, 47.85713741982329], [-118.08063351822888, 47.857138112303815], [-118.08065048637134, 47.853494710061995]]]}, "properties": {"LANDAREACODE": "102", "TRACTID": "102 T 154", "TRACTREFNUM": "2001732060", "Label_Name": "Spokane ", "LAR_Name": "Spokane ", "TAAMS_Name": "Spokane", "REGION": "Northwest", "AGENCY": "Spokane", "OWNERSHIP": "T", "TRBE_INTEREST_PERCENT": 100, "Mineral_Resources": "Both", "EST_ACRES": 149.1}}, {"type": "Feature", "geometry": {"type": "Polygon", "coordinates": [[[-118.22953228939878, 47.96600545445725], [-118.22955116496975, 47.964190559337254], [-118.23092257122102, 47.96418990318979], [-118.23224017946234, 47.96418927804808], [-118.23226428103398, 47.96237316892744], [-118.23161777391542, 47.962372952996915], [-118.23061741473234, 47.96237407510453], [-118.22957005254062, 47.962375227217166], [-118.2268758240475, 47.96237823250695], [-118.2262293729292, 47.962378990576475], [-118.22148111505807, 47.96237638108668], [-118.22123860201364, 47.96237652211274], [-118.22148092610819, 47.96258685610041], [-118.22155362313657, 47.96264997809667], [-118.22174991721313, 47.96282041308662], [-118.22183830044467, 47.963724149135956], [-118.22147939948718, 47.96417857720404], [-118.22147766092215, 47.966005273323056], [-118.22147420878645, 47.969634166559366], [-118.22682108276716, 47.96963587898468], [-118.2321679277477, 47.969637565409975], [-118.23221610489071, 47.966005366168716], [-118.23090103064968, 47.96600540931008], [-118.23087419964476, 47.96600541031302], [-118.22953228939878, 47.96600545445725]]]}, "properties": {"LANDAREACODE": "102", "TRACTID": "102 T 477", "TRACTREFNUM": "2001733165", "Label_Name": "Spokane ", "LAR_Name": "Spokane ", "TAAMS_Name": "Spokane", "REGION": "Northwest", "AGENCY": "Spokane", "OWNERSHIP": "T", "TRBE_INTEREST_PERCENT": 100, "Mineral_Resources": "Surface", "EST_ACRES": 148.6}}, {"type": "Feature", "geometry": {"type": "Polygon", "coordinates": [[[-117.94333058363448, 47.83891820177942], [-117.94601504912978, 47.83891764349259], [-117.94601028327429, 47.8352908822524], [-117.95178826533733, 47.8352773296343], [-117.95177780447807, 47.83163843039394], [-117.94889165994852, 47.83165121970309], [-117.94600548841892, 47.83166401101217], [-117.9406358104335, 47.83168777658727], [-117.94064096528614, 47.83530325782678], [-117.9406460961391, 47.83891871206623], [-117.94064871156965, 47.84074352318707], [-117.94065130900032, 47.842568334307906], [-117.94333846549556, 47.8425652390206], [-117.94333058363448, 47.83891820177942]]]}, "properties": {"LANDAREACODE": "102", "TRACTID": "102 T 499", "TRACTREFNUM": "2001733179", "Label_Name": "Spokane ", "LAR_Name": "Spokane ", "TAAMS_Name": "Spokane", "REGION": "Northwest", "AGENCY": "Spokane", "OWNERSHIP": "T", "TRBE_INTEREST_PERCENT": 100, "Mineral_Resources": "Surface", "EST_ACRES": 142.7}}, {"type": "Feature", "geometry": {"type": "Polygon", "coordinates": [[[-118.02703183152678, 47.81541633428042], [-118.02436483602958, 47.81538989356351], [-118.0243709454608, 47.817216336683764], [-118.02438377830691, 47.82079900391947], [-118.02438699751849, 47.82169466097837], [-118.02706743201674, 47.82171486369336], [-118.03247172301487, 47.82172891011681], [-118.03517390151389, 47.821735860828525], [-118.03516676730048, 47.82083576276978], [-118.03515254787385, 47.819035564652225], [-118.03513832644724, 47.81723536653472], [-118.03513499401802, 47.815415460414656], [-118.03243394052102, 47.81541575170322], [-118.02703183152678, 47.81541633428042]]]}, "properties": {"LANDAREACODE": "102", "TRACTID": "102 T 651", "TRACTREFNUM": "2001733219", "Label_Name": "Spokane ", "LAR_Name": "Spokane ", "TAAMS_Name": "Spokane", "REGION": "Northwest", "AGENCY": "Spokane", "OWNERSHIP": "T", "TRBE_INTEREST_PERCENT": 100, "Mineral_Resources": "Both", "EST_ACRES": 139.3}}, {"type": "Feature", "geometry": {"type": "Polygon", "coordinates": [[[-117.9029898996401, 47.980229106450665], [-117.90030326813857, 47.98021125273759], [-117.90031514600213, 47.98383124497532], [-117.90299711150237, 47.983847618688735], [-117.90300990636408, 47.98745806392561], [-117.90302270622594, 47.99106850716248], [-117.90837931122648, 47.99110693459031], [-117.90837018336455, 47.987493707352975], [-117.90836105850292, 47.98388047711555], [-117.90835333564112, 47.98026485987781], [-117.9029898996401, 47.980229106450665]]]}, "properties": {"LANDAREACODE": "102", "TRACTID": "102 T 1118", "TRACTREFNUM": "2001733283", "Label_Name": "Spokane ", "LAR_Name": "Spokane ", "TAAMS_Name": "Spokane", "REGION": "Northwest", "AGENCY": "Spokane", "OWNERSHIP": "T", "TRBE_INTEREST_PERCENT": 100, "Mineral_Resources": "Both", "EST_ACRES": 138.6}}, {"type": "Feature", "geometry": {"type": "Polygon", "coordinates": [[[-118.36717931841122, 47.99879007376675], [-118.36716731053797, 47.99514702253327], [-118.36715530366477, 47.991503537299685], [-118.36170343166705, 47.99149516788633], [-118.3617315075428, 47.995137285118126], [-118.36175958741877, 47.99877939834989], [-118.36177490128722, 48.002398817581565], [-118.36177938954151, 48.003458423649384], [-118.3667815394517, 48.00344382610949], [-118.36717834152468, 48.00344576606687], [-118.36717856227173, 48.00238839099871], [-118.36717931841122, 47.99879007376675]]]}, "properties": {"LANDAREACODE": "102", "TRACTID": "102 T 1172", "TRACTREFNUM": "2001733343", "Label_Name": "Spokane ", "LAR_Name": "Spokane ", "TAAMS_Name": "Spokane", "REGION": "Northwest", "AGENCY": "Spokane", "OWNERSHIP": "T", "TRBE_INTEREST_PERCENT": 100, "Mineral_Resources": "Both", "EST_ACRES": 132.4}}, {"type": "Feature", "geometry": {"type": "MultiPolygon", "coordinates": [[[[-118.11318252194505, 47.994997464852425], [-118.11860248594257, 47.994999454269944], [-118.12402245093999, 47.995001191687436], [-118.12402421907476, 47.991373071450546], [-118.11861317207887, 47.99137044303196], [-118.11320212408282, 47.99136781661332], [-118.11318252194505, 47.994997464852425]]], [[[-118.11314223471922, 48.00246326834403], [-118.11689827541568, 48.00248597094165], [-118.1185815367242, 48.002480811760364], [-118.11859179980654, 47.99862835250789], [-118.11316294580743, 47.998627142091436], [-118.11314223471922, 48.00246326834403]]]]}, "properties": {"LANDAREACODE": "102", "TRACTID": "102 T 1148 -A", "TRACTREFNUM": "2001733316", "Label_Name": "Spokane ", "LAR_Name": "Spokane ", "TAAMS_Name": "Spokane", "REGION": "Northwest", "AGENCY": "Spokane", "OWNERSHIP": "T", "TRBE_INTEREST_PERCENT": 100, "Mineral_Resources": "Both", "EST_ACRES": 123.0}}, {"type": "Feature", "geometry": {"type": "Polygon", "coordinates": [[[-118.17821013586037, 47.96968310821268], [-118.17826662098642, 47.965971461964756], [-118.17832308211263, 47.96225978671673], [-118.17768082299477, 47.962259765785745], [-118.17293048212233, 47.96225851629604], [-118.17288880200044, 47.965977192542965], [-118.17284712087873, 47.9696957847898], [-118.17274940873833, 47.97337820904024], [-118.17815428872504, 47.97335431045782], [-118.17821013586037, 47.96968310821268]]]}, "properties": {"LANDAREACODE": "102", "TRACTID": "102 T 1157 -A", "TRACTREFNUM": "2001733327", "Label_Name": "Spokane ", "LAR_Name": "Spokane ", "TAAMS_Name": "Spokane", "REGION": "Northwest", "AGENCY": "Spokane", "OWNERSHIP": "T", "TRBE_INTEREST_PERCENT": 100, "Mineral_Resources": "Both", "EST_ACRES": 122.1}}, {"type": "Feature", "geometry": {"type": "Polygon", "coordinates": [[[-118.10748011347562, 47.926004139951985], [-118.10748899461178, 47.92235874071207], [-118.10749787474816, 47.91871323047217], [-118.1020653637475, 47.91870579105422], [-118.10204342560894, 47.922352275295694], [-118.1020214614705, 47.92599878653712], [-118.10199952333231, 47.92964526977843], [-118.1074712333395, 47.929649263191756], [-118.10748011347562, 47.926004139951985]]]}, "properties": {"LANDAREACODE": "102", "TRACTID": "102 T 417", "TRACTREFNUM": "2001733152", "Label_Name": "Spokane ", "LAR_Name": "Spokane ", "TAAMS_Name": "Spokane", "REGION": "Northwest", "AGENCY": "Spokane", "OWNERSHIP": "T", "TRBE_INTEREST_PERCENT": 100, "Mineral_Resources": "Both", "EST_ACRES": 122.0}}, {"type": "Feature", "geometry": {"type": "MultiPolygon", "coordinates": [[[[-118.30697216624237, 47.922601576316396], [-118.30695369137598, 47.918971379082755], [-118.30166503641388, 47.9189911486521], [-118.30177270944415, 47.919035788643434], [-118.3015000594456, 47.919251570686725], [-118.30151808124779, 47.92261207090294], [-118.29606444125355, 47.92262459248954], [-118.29606373744997, 47.92345138354331], [-118.29606289868559, 47.92444295360777], [-118.30698140267572, 47.92441666543318], [-118.30697216624237, 47.922601576316396]]], [[[-118.29609994341688, 47.931693660074544], [-118.29610053943698, 47.9317776570799], [-118.29609443984668, 47.93350446219261], [-118.30156366584616, 47.93350152760478], [-118.30703291984548, 47.93349861501687], [-118.3070223474113, 47.93168189390016], [-118.29609994341688, 47.931693660074544]]]]}, "properties": {"LANDAREACODE": "102", "TRACTID": "102 T 1190", "TRACTREFNUM": "2001733361", "Label_Name": "Spokane ", "LAR_Name": "Spokane ", "TAAMS_Name": "Spokane", "REGION": "Northwest", "AGENCY": "Spokane", "OWNERSHIP": "T", "TRBE_INTEREST_PERCENT": 100, "Mineral_Resources": "Both", "EST_ACRES": 121.5}}, {"type": "Feature", "geometry": {"type": "Polygon", "coordinates": [[[-118.04883683227034, 47.93690140895632], [-118.05434637930168, 47.9369709573701], [-118.05428987241378, 47.93327569413346], [-118.0488563584143, 47.93328136771645], [-118.04342281941473, 47.93328704229945], [-118.04340304126984, 47.93690369553922], [-118.04338326612518, 47.940520209778946], [-118.04881733512661, 47.94052147819622], [-118.04883683227034, 47.93690140895632]]]}, "properties": {"LANDAREACODE": "102", "TRACTID": "102 T 230", "TRACTREFNUM": "2001733091", "Label_Name": "Spokane ", "LAR_Name": "Spokane ", "TAAMS_Name": "Spokane", "REGION": "Northwest", "AGENCY": "Spokane", "OWNERSHIP": "T", "TRBE_INTEREST_PERCENT": 100, "Mineral_Resources": "Both", "EST_ACRES": 121.3}}, {"type": "Feature", "geometry": {"type": "Polygon", "coordinates": [[[-118.07058820685863, 47.94777027833651], [-118.07057892299629, 47.94414932010003], [-118.06512271299172, 47.94414969068539], [-118.0651178568521, 47.94777334192364], [-118.06507202570306, 47.951388493165716], [-118.06502619355426, 47.95500353540767], [-118.07048868155954, 47.9550008858213], [-118.07053842970899, 47.951385595578955], [-118.07058820685863, 47.94777027833651]]]}, "properties": {"LANDAREACODE": "102", "TRACTID": "102 T 311", "TRACTREFNUM": "2001733122", "Label_Name": "Spokane ", "LAR_Name": "Spokane ", "TAAMS_Name": "Spokane", "REGION": "Northwest", "AGENCY": "Spokane", "OWNERSHIP": "T", "TRBE_INTEREST_PERCENT": 100, "Mineral_Resources": "Both", "EST_ACRES": 121.2}}, {"type": "Feature", "geometry": {"type": "Polygon", "coordinates": [[[-118.05965647306824, 47.838913014346254], [-118.05966103821027, 47.8352721821055], [-118.05966560435252, 47.831631348864654], [-118.05423814835623, 47.83164052744552], [-118.05423901021403, 47.83527758668554], [-118.05423987007208, 47.83891464392554], [-118.05424072293032, 47.842551440165494], [-118.05965189292642, 47.842553834586965], [-118.05965647306824, 47.838913014346254]]]}, "properties": {"LANDAREACODE": "102", "TRACTID": "102 T 81", "TRACTREFNUM": "2001733017", "Label_Name": "Spokane ", "LAR_Name": "Spokane ", "TAAMS_Name": "Spokane", "REGION": "Northwest", "AGENCY": "Spokane", "OWNERSHIP": "T", "TRBE_INTEREST_PERCENT": 100, "Mineral_Resources": "Surface", "EST_ACRES": 121.2}}, {"type": "Feature", "geometry": {"type": "Polygon", "coordinates": [[[-118.05965647306824, 47.838913014346254], [-118.05966103821027, 47.8352721821055], [-118.05966560435252, 47.831631348864654], [-118.05423814835623, 47.83164052744552], [-118.05423901021403, 47.83527758668554], [-118.05423987007208, 47.83891464392554], [-118.05424072293032, 47.842551440165494], [-118.05965189292642, 47.842553834586965], [-118.05965647306824, 47.838913014346254]]]}, "properties": {"LANDAREACODE": "102", "TRACTID": "102 LM 81", "TRACTREFNUM": "2001732819", "Label_Name": "Spokane ", "LAR_Name": "Spokane ", "TAAMS_Name": "Spokane", "REGION": "Northwest", "AGENCY": "Spokane", "OWNERSHIP": "T", "TRBE_INTEREST_PERCENT": 100, "Mineral_Resources": "Subsurface", "EST_ACRES": 121.2}}, {"type": "Feature", "geometry": {"type": "MultiPolygon", "coordinates": [[[[-117.98915029829709, 47.987496993684445], [-117.98370450829617, 47.987516535270295], [-117.98369079115923, 47.99115006351059], [-117.98913048016041, 47.991136472925646], [-117.99457017016147, 47.99112288434073], [-117.99459630929779, 47.9874774510985], [-117.98915029829709, 47.987496993684445]]], [[[-117.97282054714847, 47.991137045676666], [-117.97825567015393, 47.99114355509363], [-117.97828229829472, 47.98751608885232], [-117.97286021129312, 47.98751564443426], [-117.97282054714847, 47.991137045676666]]]]}, "properties": {"LANDAREACODE": "102", "TRACTID": "102 T 1134", "TRACTREFNUM": "2001733301", "Label_Name": "Spokane ", "LAR_Name": "Spokane ", "TAAMS_Name": "Spokane", "REGION": "Northwest", "AGENCY": "Spokane", "OWNERSHIP": "T", "TRBE_INTEREST_PERCENT": 100, "Mineral_Resources": "Both", "EST_ACRES": 121.1}}, {"type": "Feature", "geometry": {"type": "Polygon", "coordinates": [[[-118.07047175805954, 47.83892174319027], [-118.07049633320527, 47.835281283947516], [-118.07052090735118, 47.83164082270474], [-118.06509325435195, 47.83163608528469], [-118.06507868620784, 47.835276733526534], [-118.06506411606392, 47.83891737776827], [-118.06504953392034, 47.842558295009994], [-118.07044717291416, 47.84256275443303], [-118.07047175805954, 47.83892174319027]]]}, "properties": {"LANDAREACODE": "102", "TRACTID": "102 T 80", "TRACTREFNUM": "2001733016", "Label_Name": "Spokane ", "LAR_Name": "Spokane ", "TAAMS_Name": "Spokane", "REGION": "Northwest", "AGENCY": "Spokane", "OWNERSHIP": "T", "TRBE_INTEREST_PERCENT": 100, "Mineral_Resources": "Both", "EST_ACRES": 121.1}}, {"type": "Feature", "geometry": {"type": "Polygon", "coordinates": [[[-118.06506411606392, 47.83891737776827], [-118.06507868620784, 47.835276733526534], [-118.06509325435195, 47.83163608528469], [-118.05966560435252, 47.831631348864654], [-118.05966103821027, 47.8352721821055], [-118.05965647306824, 47.838913014346254], [-118.05965189292642, 47.842553834586965], [-118.06504953392034, 47.842558295009994], [-118.06506411606392, 47.83891737776827]]]}, "properties": {"LANDAREACODE": "102", "TRACTID": "102 T 79", "TRACTREFNUM": "2001733015", "Label_Name": "Spokane ", "LAR_Name": "Spokane ", "TAAMS_Name": "Spokane", "REGION": "Northwest", "AGENCY": "Spokane", "OWNERSHIP": "T", "TRBE_INTEREST_PERCENT": 100, "Mineral_Resources": "Both", "EST_ACRES": 121.1}}, {"type": "Feature", "geometry": {"type": "Polygon", "coordinates": [[[-117.99473269684535, 47.92235783679887], [-117.99473516798493, 47.9187272665593], [-117.98931919697978, 47.918701769137826], [-117.98931775484314, 47.92234394937812], [-117.98390391984081, 47.9223298139572], [-117.98390239770688, 47.92598288419829], [-117.98931631170653, 47.92598577161838], [-117.99473019870598, 47.925988437038434], [-117.99473269684535, 47.92235783679887]]]}, "properties": {"LANDAREACODE": "102", "TRACTID": "102 T 34", "TRACTREFNUM": "2001732991", "Label_Name": "Spokane ", "LAR_Name": "Spokane ", "TAAMS_Name": "Spokane", "REGION": "Northwest", "AGENCY": "Spokane", "OWNERSHIP": "T", "TRBE_INTEREST_PERCENT": 100, "Mineral_Resources": "Both", "EST_ACRES": 120.9}}, {"type": "Feature", "geometry": {"type": "Polygon", "coordinates": [[[-118.01645126840886, 47.85710819816806], [-118.01642265554516, 47.85347204293089], [-118.0110040485481, 47.85347713951068], [-118.00558544055085, 47.85348223409046], [-118.00562579941548, 47.85711326832614], [-118.01103853041229, 47.85711073274716], [-118.01107301827665, 47.86074432498356], [-118.01647988127289, 47.86074435140522], [-118.01645126840886, 47.85710819816806]]]}, "properties": {"LANDAREACODE": "102", "TRACTID": "102 T 73", "TRACTREFNUM": "2001733012", "Label_Name": "Spokane ", "LAR_Name": "Spokane ", "TAAMS_Name": "Spokane", "REGION": "Northwest", "AGENCY": "Spokane", "OWNERSHIP": "T", "TRBE_INTEREST_PERCENT": 100, "Mineral_Resources": "Both", "EST_ACRES": 120.9}}, {"type": "Feature", "geometry": {"type": "Polygon", "coordinates": [[[-117.98917000543858, 47.983877345444434], [-117.98915511257383, 47.98025719120812], [-117.98373166957427, 47.98026479679068], [-117.98371822643331, 47.98388300602997], [-117.98370450829617, 47.987516535270295], [-117.98915029829709, 47.987496993684445], [-117.99459630929779, 47.9874774510985], [-117.9946220054437, 47.98387174085888], [-117.98917000543858, 47.983877345444434]]]}, "properties": {"LANDAREACODE": "102", "TRACTID": "102 T 1074 D", "TRACTREFNUM": "200100055", "Label_Name": "Spokane ", "LAR_Name": "Spokane ", "TAAMS_Name": "Spokane", "REGION": "Northwest", "AGENCY": "Spokane", "OWNERSHIP": "T", "TRBE_INTEREST_PERCENT": 100, "Mineral_Resources": "Both", "EST_ACRES": 120.8}}, {"type": "Feature", "geometry": {"type": "Polygon", "coordinates": [[[-118.02707533698018, 47.944142302765904], [-118.02710222712508, 47.94052162152498], [-118.02167874112556, 47.9405227131066], [-118.02164843498092, 47.94414750534825], [-118.0162215329815, 47.944152403930524], [-118.01618780783737, 47.94778128017279], [-118.02161812683647, 47.947772132589755], [-118.02704844583549, 47.94776298400676], [-118.02707533698018, 47.944142302765904]]]}, "properties": {"LANDAREACODE": "102", "TRACTID": "102 T 452", "TRACTREFNUM": "2001733159", "Label_Name": "Spokane ", "LAR_Name": "Spokane ", "TAAMS_Name": "Spokane", "REGION": "Northwest", "AGENCY": "Spokane", "OWNERSHIP": "T", "TRBE_INTEREST_PERCENT": 100, "Mineral_Resources": "Both", "EST_ACRES": 120.6}}, {"type": "Feature", "geometry": {"type": "Polygon", "coordinates": [[[-118.03254904436804, 47.8316541767648], [-118.02984569886873, 47.831647245053304], [-118.029859840728, 47.835280799291965], [-118.02987398458744, 47.838914312530626], [-118.03257936108584, 47.838915676241506], [-118.03528472558423, 47.83891709395237], [-118.03799008808261, 47.83891851166319], [-118.03798150465352, 47.83710589454438], [-118.03797291922449, 47.83529327642557], [-118.03796433679545, 47.83348065830668], [-118.03795575236653, 47.831668039187846], [-118.0352523978673, 47.83166108647634], [-118.03254904436804, 47.8316541767648]]]}, "properties": {"LANDAREACODE": "102", "TRACTID": "102 T 1351", "TRACTREFNUM": "52802228", "Label_Name": "Spokane ", "LAR_Name": "Spokane ", "TAAMS_Name": "Spokane", "REGION": "Northwest", "AGENCY": "Spokane", "OWNERSHIP": "T", "TRBE_INTEREST_PERCENT": 100, "Mineral_Resources": "Surface", "EST_ACRES": 120.6}}, {"type": "Feature", "geometry": {"type": "Polygon", "coordinates": [[[-118.07041544862794, 47.84984797391671], [-118.07042258676896, 47.8462037636757], [-118.06503495077693, 47.8461992082517], [-118.05964731278476, 47.84619465182765], [-118.05964627664544, 47.84984159706831], [-118.06503086263679, 47.84984478549252], [-118.06502677249686, 47.85349036073333], [-118.07040830948719, 47.853492182157694], [-118.07041544862794, 47.84984797391671]]]}, "properties": {"LANDAREACODE": "102", "TRACTID": "102 T 131", "TRACTREFNUM": "2001733047", "Label_Name": "Spokane ", "LAR_Name": "Spokane ", "TAAMS_Name": "Spokane", "REGION": "Northwest", "AGENCY": "Spokane", "OWNERSHIP": "T", "TRBE_INTEREST_PERCENT": 100, "Mineral_Resources": "Both", "EST_ACRES": 120.6}}, {"type": "Feature", "geometry": {"type": "Polygon", "coordinates": [[[-118.03805413141274, 47.90793808820761], [-118.03806487855135, 47.904294740966634], [-118.03267109355835, 47.90429735754462], [-118.0272773385652, 47.904299944122556], [-118.02725197742036, 47.907928959364284], [-118.03265306841665, 47.90793364878594], [-118.03263501327515, 47.91156980302732], [-118.03804340927432, 47.91158140844858], [-118.03805413141274, 47.90793808820761]]]}, "properties": {"LANDAREACODE": "102", "TRACTID": "102 196", "TRACTREFNUM": "2001732137", "Label_Name": "Spokane ", "LAR_Name": "Spokane ", "TAAMS_Name": "Spokane", "REGION": "Northwest", "AGENCY": "Spokane", "OWNERSHIP": "T", "TRBE_INTEREST_PERCENT": 100, "Mineral_Resources": "Both", "EST_ACRES": 120.5}}, {"type": "Feature", "geometry": {"type": "Polygon", "coordinates": [[[-117.81937614679973, 47.93664068652251], [-117.82208745529816, 47.9366225792311], [-117.82208418387484, 47.93483909211299], [-117.8274571728707, 47.93483812253784], [-117.82745455143919, 47.93301934341733], [-117.82208082144346, 47.93302166199264], [-117.82208415487082, 47.93482212011188], [-117.81122971786452, 47.93484977227537], [-117.81123007929382, 47.936660880395706], [-117.81123077915257, 47.94028309663635], [-117.81666676915773, 47.94027047705363], [-117.81938046465949, 47.94026422076273], [-117.81937614679973, 47.93664068652251]]]}, "properties": {"LANDAREACODE": "102", "TRACTID": "102 T 1366", "TRACTREFNUM": "29800167", "Label_Name": "Spokane ", "LAR_Name": "Spokane ", "TAAMS_Name": "Spokane", "REGION": "Northwest", "AGENCY": "Spokane", "OWNERSHIP": "T", "TRBE_INTEREST_PERCENT": 100, "Mineral_Resources": "Both", "EST_ACRES": 120.5}}, {"type": "Feature", "geometry": {"type": "Polygon", "coordinates": [[[-118.00012071928883, 47.93689637317927], [-118.00551015328286, 47.93689588560148], [-118.00552401642176, 47.933257675360466], [-118.00012463842488, 47.93325360693892], [-117.99472525442788, 47.93324960751739], [-117.99473125629466, 47.93689665075698], [-117.9947372851616, 47.94054369399652], [-118.00011680115296, 47.940539001419495], [-118.00012071928883, 47.93689637317927]]]}, "properties": {"LANDAREACODE": "102", "TRACTID": "102 T 222", "TRACTREFNUM": "2001733086", "Label_Name": "Spokane ", "LAR_Name": "Spokane ", "TAAMS_Name": "Spokane", "REGION": "Northwest", "AGENCY": "Spokane", "OWNERSHIP": "T", "TRBE_INTEREST_PERCENT": 100, "Mineral_Resources": "Both", "EST_ACRES": 120.5}}, {"type": "Feature", "geometry": {"type": "Polygon", "coordinates": [[[-118.05969657939032, 47.882570339219626], [-118.05969282453087, 47.878940603981015], [-118.05699335103321, 47.87893704626978], [-118.0542938775355, 47.878933439558544], [-118.05159440603775, 47.878929741847294], [-118.0488949565399, 47.87892599813607], [-118.0488919603976, 47.88255378937538], [-118.05429426939409, 47.88256220179752], [-118.05429466125283, 47.88619071603643], [-118.05970036325002, 47.88620007545817], [-118.05969657939032, 47.882570339219626]]]}, "properties": {"LANDAREACODE": "102", "TRACTID": "102 T 106", "TRACTREFNUM": "2001733032", "Label_Name": "Spokane ", "LAR_Name": "Spokane ", "TAAMS_Name": "Spokane", "REGION": "Northwest", "AGENCY": "Spokane", "OWNERSHIP": "T", "TRBE_INTEREST_PERCENT": 100, "Mineral_Resources": "Surface", "EST_ACRES": 120.4}}, {"type": "Feature", "geometry": {"type": "Polygon", "coordinates": [[[-118.12918710674137, 47.91874103914796], [-118.1292039618843, 47.915116530908726], [-118.12380889689156, 47.91511070248694], [-118.1237954337493, 47.91873548972584], [-118.12382575161925, 47.922377054961125], [-118.12921092660973, 47.92238074338371], [-118.13459612860007, 47.92238420980629], [-118.13457875573329, 47.91874656257006], [-118.12918710674137, 47.91874103914796]]]}, "properties": {"LANDAREACODE": "102", "TRACTID": "102 T 319", "TRACTREFNUM": "2001733123", "Label_Name": "Spokane ", "LAR_Name": "Spokane ", "TAAMS_Name": "Spokane", "REGION": "Northwest", "AGENCY": "Spokane", "OWNERSHIP": "T", "TRBE_INTEREST_PERCENT": 100, "Mineral_Resources": "Both", "EST_ACRES": 120.2}}, {"type": "Feature", "geometry": {"type": "Polygon", "coordinates": [[[-118.05427490795873, 47.868050978843556], [-118.05157811046185, 47.868048603131996], [-118.05159572917982, 47.87530137160809], [-118.0542934846771, 47.87530453731953], [-118.0569912641744, 47.875307704030945], [-118.05968904267165, 47.87531086874236], [-118.05968391524176, 47.87349708462347], [-118.05967878881192, 47.87168329850452], [-118.05967364838216, 47.869869516385585], [-118.05966850695239, 47.86805573226664], [-118.05697170645561, 47.86805335455508], [-118.05427490795873, 47.868050978843556]]]}, "properties": {"LANDAREACODE": "102", "TRACTID": "102 T 108", "TRACTREFNUM": "2001733035", "Label_Name": "Spokane ", "LAR_Name": "Spokane ", "TAAMS_Name": "Spokane", "REGION": "Northwest", "AGENCY": "Spokane", "OWNERSHIP": "T", "TRBE_INTEREST_PERCENT": 100, "Mineral_Resources": "Both", "EST_ACRES": 120.2}}, {"type": "Feature", "geometry": {"type": "Polygon", "coordinates": [[[-118.24292289405106, 47.98779733843248], [-118.2402168305534, 47.98779019072312], [-118.2375107360557, 47.987783005013746], [-118.2374998774783, 47.989561863130405], [-118.23748855991826, 47.99141324325176], [-118.24289419191265, 47.991428036671124], [-118.24829982190684, 47.99144283109048], [-118.2537054459009, 47.99145760850979], [-118.2537198990364, 47.98782568827275], [-118.24832138504382, 47.98781163485263], [-118.24292289405106, 47.98779733843248]]]}, "properties": {"LANDAREACODE": "102", "TRACTID": "102 T 1022", "TRACTREFNUM": "2001733238", "Label_Name": "Spokane ", "LAR_Name": "Spokane ", "TAAMS_Name": "Spokane", "REGION": "Northwest", "AGENCY": "Spokane", "OWNERSHIP": "T", "TRBE_INTEREST_PERCENT": 100, "Mineral_Resources": "Both", "EST_ACRES": 120.2}}, {"type": "Feature", "geometry": {"type": "MultiPolygon", "coordinates": [[[[-117.99472525442788, 47.93324960751739], [-118.00012463842488, 47.93325360693892], [-118.00552401642176, 47.933257675360466], [-118.00553126756212, 47.92962976912082], [-118.0001295275646, 47.92962450769941], [-117.99472772656682, 47.92961900827792], [-117.99472525442788, 47.93324960751739]]], [[[-118.01094288970089, 47.92600822030234], [-118.01634720469872, 47.92601432372352], [-118.0163587068408, 47.92238892048361], [-118.01095225284233, 47.922381538062496], [-118.01094288970089, 47.92600822030234]]]]}, "properties": {"LANDAREACODE": "102", "TRACTID": "102 T 1235", "TRACTREFNUM": "2001733407", "Label_Name": "Spokane ", "LAR_Name": "Spokane ", "TAAMS_Name": "Spokane", "REGION": "Northwest", "AGENCY": "Spokane", "OWNERSHIP": "T", "TRBE_INTEREST_PERCENT": 100, "Mineral_Resources": "Both", "EST_ACRES": 120.2}}, {"type": "Feature", "geometry": {"type": "Polygon", "coordinates": [[[-118.14533090875265, 47.944186027080335], [-118.14529717286061, 47.94046057384045], [-118.13994349787974, 47.94047188641587], [-118.13458982189867, 47.940482975991195], [-118.13456010976239, 47.94413881923343], [-118.13992564675254, 47.944156534658646], [-118.13991401861247, 47.94778143189684], [-118.1452836675707, 47.947662033312504], [-118.14533090875265, 47.944186027080335]]]}, "properties": {"LANDAREACODE": "102", "TRACTID": "102 T 210", "TRACTREFNUM": "2001733079", "Label_Name": "Spokane ", "LAR_Name": "Spokane ", "TAAMS_Name": "Spokane", "REGION": "Northwest", "AGENCY": "Spokane", "OWNERSHIP": "T", "TRBE_INTEREST_PERCENT": 100, "Mineral_Resources": "Both", "EST_ACRES": 120.1}}, {"type": "Feature", "geometry": {"type": "Polygon", "coordinates": [[[-117.97873693402902, 47.867999272921736], [-117.97870607216845, 47.864379946685595], [-117.97867522530848, 47.86076195244947], [-117.97328592131588, 47.86076806102617], [-117.97329253917216, 47.86438943526513], [-117.97332988203499, 47.868013419500954], [-117.9733887258956, 47.871610291732665], [-117.97878579289011, 47.87160587515505], [-117.97873693402902, 47.867999272921736]]]}, "properties": {"LANDAREACODE": "102", "TRACTID": "102 T 148", "TRACTREFNUM": "2001733058", "Label_Name": "Spokane ", "LAR_Name": "Spokane ", "TAAMS_Name": "Spokane", "REGION": "Northwest", "AGENCY": "Spokane", "OWNERSHIP": "T", "TRBE_INTEREST_PERCENT": 100, "Mineral_Resources": "Both", "EST_ACRES": 120.0}}, {"type": "Feature", "geometry": {"type": "Polygon", "coordinates": [[[-117.98414398602294, 47.867985124342496], [-117.98410425616176, 47.864370485107685], [-117.98406453030091, 47.86075584387278], [-117.97867522530848, 47.86076195244947], [-117.97870607216845, 47.864379946685595], [-117.97873693402902, 47.867999272921736], [-117.97878579289011, 47.87160587515505], [-117.98418374188465, 47.87160145657737], [-117.98414398602294, 47.867985124342496]]]}, "properties": {"LANDAREACODE": "102", "TRACTID": "102 T 1296", "TRACTREFNUM": "2001733473", "Label_Name": "Spokane ", "LAR_Name": "Spokane ", "TAAMS_Name": "Spokane", "REGION": "Northwest", "AGENCY": "Spokane", "OWNERSHIP": "T", "TRBE_INTEREST_PERCENT": 100, "Mineral_Resources": "Both", "EST_ACRES": 119.9}}, {"type": "Feature", "geometry": {"type": "Polygon", "coordinates": [[[-117.96795134745993, 47.90782793070868], [-117.96800453460988, 47.90419694346314], [-117.96260686161082, 47.90418561504022], [-117.96256284146308, 47.90781879528501], [-117.96251885031559, 47.91145197352976], [-117.96789824130921, 47.911454415953855], [-117.97327763330263, 47.91145657937796], [-117.97332132345316, 47.907836760134266], [-117.96795134745993, 47.90782793070868]]]}, "properties": {"LANDAREACODE": "102", "TRACTID": "102 T 155", "TRACTREFNUM": "2001733059", "Label_Name": "Spokane ", "LAR_Name": "Spokane ", "TAAMS_Name": "Spokane", "REGION": "Northwest", "AGENCY": "Spokane", "OWNERSHIP": "T", "TRBE_INTEREST_PERCENT": 100, "Mineral_Resources": "Both", "EST_ACRES": 119.9}}, {"type": "Feature", "geometry": {"type": "MultiPolygon", "coordinates": [[[[-118.19444021489504, 47.99507075712014], [-118.19444764946496, 47.99326357600184], [-118.19443744702382, 47.991423196883275], [-118.19172540852365, 47.99141314517429], [-118.18901337302339, 47.99140306846529], [-118.1890492799052, 47.99506971369991], [-118.18906723334618, 47.99690302581719], [-118.19444158233068, 47.99689445523857], [-118.19444021489504, 47.99507075712014]]], [[[-118.20516624785833, 47.995049122964986], [-118.20519070499334, 47.99140711672567], [-118.19986155102411, 47.9914433233012], [-118.19985670646383, 47.99328918842173], [-118.19983114988464, 47.9950715225403], [-118.19981596031501, 47.99688561365987], [-118.20515406228971, 47.9968650980843], [-118.20516624785833, 47.995049122964986]]]]}, "properties": {"LANDAREACODE": "102", "TRACTID": "102 T 1144", "TRACTREFNUM": "2001733311", "Label_Name": "Spokane ", "LAR_Name": "Spokane ", "TAAMS_Name": "Spokane", "REGION": "Northwest", "AGENCY": "Spokane", "OWNERSHIP": "T", "TRBE_INTEREST_PERCENT": 100, "Mineral_Resources": "Both", "EST_ACRES": 119.8}}, {"type": "Feature", "geometry": {"type": "Polygon", "coordinates": [[[-117.77875568089446, 47.99825887696437], [-117.77875308503268, 47.99463882872441], [-117.7787504881711, 47.99101877948442], [-117.77334368616712, 47.99102077206403], [-117.77334903602926, 47.994641057303745], [-117.77335438489158, 47.99826134054349], [-117.77337539376009, 48.0018946597823], [-117.77380280783882, 48.00189179073635], [-117.7788087177507, 48.00181536219464], [-117.77875568089446, 47.99825887696437]]]}, "properties": {"LANDAREACODE": "102", "TRACTID": "102 T 1102", "TRACTREFNUM": "2001733267", "Label_Name": "Spokane ", "LAR_Name": "Spokane ", "TAAMS_Name": "Spokane", "REGION": "Northwest", "AGENCY": "Spokane", "OWNERSHIP": "T", "TRBE_INTEREST_PERCENT": 100, "Mineral_Resources": "Both", "EST_ACRES": 119.7}}, {"type": "Feature", "geometry": {"type": "Polygon", "coordinates": [[[-118.070425567217, 47.87349200047323], [-118.07042105978677, 47.871676330354184], [-118.07041204892656, 47.86804498711604], [-118.06504027693956, 47.86805035969133], [-118.06504990979944, 47.87167981492937], [-118.05967878881192, 47.87168329850452], [-118.05968391524176, 47.87349708462347], [-118.05968904267165, 47.87531086874236], [-118.06199168309523, 47.87531018049584], [-118.06237429316558, 47.875310065454876], [-118.06505954265951, 47.875309284167386], [-118.06774479615339, 47.87530847687981], [-118.06908744540033, 47.87530807373604], [-118.07043007464722, 47.87530767059227], [-118.07042782043212, 47.874399835532785], [-118.070425567217, 47.87349200047323]], [[-118.06908629729276, 47.87485421470633], [-118.06774363804587, 47.87485467685005], [-118.06774247393828, 47.87440087582031], [-118.0690851491852, 47.87440035567658], [-118.06908629729276, 47.87485421470633]]]}, "properties": {"LANDAREACODE": "102", "TRACTID": "102 T 120", "TRACTREFNUM": "2001733041", "Label_Name": "Spokane ", "LAR_Name": "Spokane ", "TAAMS_Name": "Spokane", "REGION": "Northwest", "AGENCY": "Spokane", "OWNERSHIP": "T", "TRBE_INTEREST_PERCENT": 100, "Mineral_Resources": "Both", "EST_ACRES": 119.7}}, {"type": "Feature", "geometry": {"type": "Polygon", "coordinates": [[[-117.87608879647172, 47.88241292785345], [-117.88147731747036, 47.882420293277846], [-117.88150989862001, 47.878795177033595], [-117.88154216877783, 47.875203984791575], [-117.88154247476987, 47.87517004478924], [-117.87616709377812, 47.87518136036454], [-117.87612794662482, 47.87879714560905], [-117.87074600962944, 47.87879885318441], [-117.87070026847282, 47.882405058429], [-117.87608879647172, 47.88241292785345]]]}, "properties": {"LANDAREACODE": "102", "TRACTID": "102 T 307", "TRACTREFNUM": "2001733121", "Label_Name": "Spokane ", "LAR_Name": "Spokane ", "TAAMS_Name": "Spokane", "REGION": "Northwest", "AGENCY": "Spokane", "OWNERSHIP": "T", "TRBE_INTEREST_PERCENT": 100, "Mineral_Resources": "Surface", "EST_ACRES": 119.6}}, {"type": "Feature", "geometry": {"type": "Polygon", "coordinates": [[[-117.87608879647172, 47.88241292785345], [-117.88147731747036, 47.882420293277846], [-117.88150989862001, 47.878795177033595], [-117.88154216877783, 47.875203984791575], [-117.88154247476987, 47.87517004478924], [-117.87616709377812, 47.87518136036454], [-117.87612794662482, 47.87879714560905], [-117.87074600962944, 47.87879885318441], [-117.87070026847282, 47.882405058429], [-117.87608879647172, 47.88241292785345]]]}, "properties": {"LANDAREACODE": "102", "TRACTID": "102 LM 307", "TRACTREFNUM": "2001732837", "Label_Name": "Spokane ", "LAR_Name": "Spokane ", "TAAMS_Name": "Spokane", "REGION": "Northwest", "AGENCY": "Spokane", "OWNERSHIP": "T", "TRBE_INTEREST_PERCENT": 100, "Mineral_Resources": "Subsurface", "EST_ACRES": 119.6}}, {"type": "Feature", "geometry": {"type": "Polygon", "coordinates": [[[-118.32859746017812, 47.92253290998862], [-118.32859068131572, 47.91891129475456], [-118.32320807333586, 47.91892614933373], [-118.32322060420027, 47.92255215256757], [-118.31784374622227, 47.922571145146456], [-118.31786202608897, 47.92620134337993], [-118.32323316206491, 47.92617804480132], [-118.3286042690407, 47.926154524222646], [-118.32860227078841, 47.92509531215423], [-118.32860097762516, 47.924410051109945], [-118.32860086460937, 47.92434371710565], [-118.32859985148168, 47.923807569070966], [-118.32859746017812, 47.92253290998862]]]}, "properties": {"LANDAREACODE": "102", "TRACTID": "102 T 1327", "TRACTREFNUM": "2001733506", "Label_Name": "Spokane ", "LAR_Name": "Spokane ", "TAAMS_Name": "Spokane", "REGION": "Northwest", "AGENCY": "Spokane", "OWNERSHIP": "T", "TRBE_INTEREST_PERCENT": 100, "Mineral_Resources": "Both", "EST_ACRES": 119.6}}, {"type": "Feature", "geometry": {"type": "Polygon", "coordinates": [[[-117.94063512899956, 47.868008154996794], [-117.94062691714083, 47.864377534757004], [-117.93525689315071, 47.86438376633154], [-117.93526549500888, 47.86801180357114], [-117.93526726486357, 47.871629479810736], [-117.93526903371979, 47.87525265505066], [-117.94064860971018, 47.8752396184745], [-117.94064186985479, 47.87162388623566], [-117.94063512899956, 47.868008154996794]]]}, "properties": {"LANDAREACODE": "102", "TRACTID": "102 T 568", "TRACTREFNUM": "2001733196", "Label_Name": "Spokane ", "LAR_Name": "Spokane ", "TAAMS_Name": "Spokane", "REGION": "Northwest", "AGENCY": "Spokane", "OWNERSHIP": "T", "TRBE_INTEREST_PERCENT": 100, "Mineral_Resources": "Both", "EST_ACRES": 119.5}}, {"type": "Feature", "geometry": {"type": "Polygon", "coordinates": [[[-118.16689908155475, 47.947721640995525], [-118.16690642769979, 47.94412163475975], [-118.1615095287053, 47.94410680833825], [-118.16149523455893, 47.94770673357485], [-118.16150049841974, 47.95132040581016], [-118.16150576228067, 47.95493394104541], [-118.16689513527224, 47.95494218246717], [-118.16689709441339, 47.95133192523141], [-118.16689908155475, 47.947721640995525]]]}, "properties": {"LANDAREACODE": "102", "TRACTID": "102 T 447", "TRACTREFNUM": "2001733158", "Label_Name": "Spokane ", "LAR_Name": "Spokane ", "TAAMS_Name": "Spokane", "REGION": "Northwest", "AGENCY": "Spokane", "OWNERSHIP": "T", "TRBE_INTEREST_PERCENT": 100, "Mineral_Resources": "Both", "EST_ACRES": 119.4}}, {"type": "Feature", "geometry": {"type": "Polygon", "coordinates": [[[-117.90834747701322, 47.8933084951268], [-117.90835432515833, 47.889687946886035], [-117.90296921216326, 47.88969010546219], [-117.89758410116804, 47.88969226503824], [-117.89756723801487, 47.893286862278494], [-117.90295735701409, 47.89329767870265], [-117.90294549886515, 47.89690524994315], [-117.90834062986832, 47.89692904336756], [-117.90834747701322, 47.8933084951268]]]}, "properties": {"LANDAREACODE": "102", "TRACTID": "102 T 1274", "TRACTREFNUM": "2001733449", "Label_Name": "Spokane ", "LAR_Name": "Spokane ", "TAAMS_Name": "Spokane", "REGION": "Northwest", "AGENCY": "Spokane", "OWNERSHIP": "T", "TRBE_INTEREST_PERCENT": 100, "Mineral_Resources": "Both", "EST_ACRES": 119.4}}, {"type": "Feature", "geometry": {"type": "MultiPolygon", "coordinates": [[[[-117.87079173978627, 47.87519264593983], [-117.8654163587942, 47.87520393251512], [-117.86541583280263, 47.87524007151755], [-117.8653640516339, 47.8788005617598], [-117.86531174247372, 47.882397188004475], [-117.87070026847282, 47.882405058429], [-117.87074600962944, 47.87879885318441], [-117.87079127879419, 47.87522658494214], [-117.87079173978627, 47.87519264593983]]], [[[-117.87079173978627, 47.87519264593983], [-117.87616709377812, 47.87518136036454], [-117.87615679734736, 47.87336499924491], [-117.87614649891664, 47.87154866212531], [-117.87077014492357, 47.871555642700365], [-117.87079173978627, 47.87519264593983]]]]}, "properties": {"LANDAREACODE": "102", "TRACTID": "102 T 1011", "TRACTREFNUM": "2001733230", "Label_Name": "Spokane ", "LAR_Name": "Spokane ", "TAAMS_Name": "Spokane", "REGION": "Northwest", "AGENCY": "Spokane", "OWNERSHIP": "T", "TRBE_INTEREST_PERCENT": 100, "Mineral_Resources": "Both", "EST_ACRES": 119.4}}, {"type": "Feature", "geometry": {"type": "Polygon", "coordinates": [[[-117.919111176156, 47.86433135305392], [-117.91909039929926, 47.86071742781628], [-117.91370548329866, 47.86069354939022], [-117.90832056629797, 47.86066964596414], [-117.90834496972788, 47.86247239708118], [-117.90835718494283, 47.86337377313973], [-117.90836327905035, 47.86382447416903], [-117.90836937315787, 47.864275149198285], [-117.91374028715701, 47.86430336162613], [-117.91375769158626, 47.86610822774403], [-117.91376638080094, 47.86701065780306], [-117.9137750950156, 47.867913089861986], [-117.91645352351428, 47.86792919457672], [-117.91913197901299, 47.86794524829149], [-117.91912157658449, 47.866138299172704], [-117.919111176156, 47.86433135305392]]]}, "properties": {"LANDAREACODE": "102", "TRACTID": "102 LM 180", "TRACTREFNUM": "2001732830", "Label_Name": "Spokane ", "LAR_Name": "Spokane ", "TAAMS_Name": "Spokane", "REGION": "Northwest", "AGENCY": "Spokane", "OWNERSHIP": "T", "TRBE_INTEREST_PERCENT": 100, "Mineral_Resources": "Subsurface", "EST_ACRES": 119.2}}, {"type": "Feature", "geometry": {"type": "Polygon", "coordinates": [[[-117.9137750950156, 47.867913089861986], [-117.91376638080094, 47.86701065780306], [-117.91375769158626, 47.86610822774403], [-117.91374028715701, 47.86430336162613], [-117.90836937315787, 47.864275149198285], [-117.90837549326534, 47.86472585022757], [-117.90838158937281, 47.86517652625687], [-117.9083937815879, 47.86607790231541], [-117.90841821001793, 47.86788065543245], [-117.9084458228758, 47.871492410669184], [-117.9084734657339, 47.87510413890592], [-117.91382353973194, 47.87514326933652], [-117.91379931687368, 47.87152823509931], [-117.9137750950156, 47.867913089861986]]]}, "properties": {"LANDAREACODE": "102", "TRACTID": "102 T 178", "TRACTREFNUM": "2001733065", "Label_Name": "Spokane ", "LAR_Name": "Spokane ", "TAAMS_Name": "Spokane", "REGION": "Northwest", "AGENCY": "Spokane", "OWNERSHIP": "T", "TRBE_INTEREST_PERCENT": 100, "Mineral_Resources": "Both", "EST_ACRES": 118.8}}, {"type": "Feature", "geometry": {"type": "Polygon", "coordinates": [[[-117.91903184971625, 47.92594626114457], [-117.91364635970848, 47.92589537271787], [-117.91363653856052, 47.92949726995723], [-117.91362671541286, 47.93309916619654], [-117.91901636140813, 47.93309366561887], [-117.91902410456211, 47.929519964381726], [-117.92440145954998, 47.929493874804116], [-117.9243970327201, 47.92599695657337], [-117.91903184971625, 47.92594626114457]]]}, "properties": {"LANDAREACODE": "102", "TRACTID": "102 T 631", "TRACTREFNUM": "2001733212", "Label_Name": "Spokane ", "LAR_Name": "Spokane ", "TAAMS_Name": "Spokane", "REGION": "Northwest", "AGENCY": "Spokane", "OWNERSHIP": "T", "TRBE_INTEREST_PERCENT": 100, "Mineral_Resources": "Both", "EST_ACRES": 117.9}}, {"type": "Feature", "geometry": {"type": "Polygon", "coordinates": [[[-118.15611265471064, 47.94409176091667], [-118.15613389285845, 47.940491669679204], [-118.15071554685964, 47.94047626025984], [-118.15076000775105, 47.94419071349782], [-118.14533090875265, 47.944186027080335], [-118.1452836675707, 47.947662033312504], [-118.15068754156694, 47.94767694273332], [-118.15609138756302, 47.947691851154104], [-118.15611265471064, 47.94409176091667]]]}, "properties": {"LANDAREACODE": "102", "TRACTID": "102 T 70", "TRACTREFNUM": "2001733011", "Label_Name": "Spokane ", "LAR_Name": "Spokane ", "TAAMS_Name": "Spokane", "REGION": "Northwest", "AGENCY": "Spokane", "OWNERSHIP": "T", "TRBE_INTEREST_PERCENT": 100, "Mineral_Resources": "Both", "EST_ACRES": 117.8}}, {"type": "Feature", "geometry": {"type": "Polygon", "coordinates": [[[-117.91909838916851, 47.83895324337014], [-117.9191072750307, 47.8426048616118], [-117.92448809002117, 47.84259082103608], [-117.92447400815749, 47.83893681179488], [-117.9244694032995, 47.83529902555369], [-117.9190895283065, 47.835301374128406], [-117.914812537521, 47.83532047458639], [-117.91481701252384, 47.8353290025865], [-117.91482148552666, 47.83533753158662], [-117.91568013578117, 47.83574462852196], [-117.91452579878903, 47.836683115707594], [-117.91373135967983, 47.83684263680304], [-117.91371426717775, 47.838969451946234], [-117.91909838916851, 47.83895324337014]]]}, "properties": {"LANDAREACODE": "102", "TRACTID": "102 T 1008", "TRACTREFNUM": "2001733227", "Label_Name": "Spokane ", "LAR_Name": "Spokane ", "TAAMS_Name": "Spokane", "REGION": "Northwest", "AGENCY": "Spokane", "OWNERSHIP": "T", "TRBE_INTEREST_PERCENT": 100, "Mineral_Resources": "Both", "EST_ACRES": 116.4}}, {"type": "Feature", "geometry": {"type": "Polygon", "coordinates": [[[-118.07581952449534, 47.8789289312536], [-118.08063666438052, 47.87892515673754], [-118.08063471352362, 47.87530458949952], [-118.07821633607897, 47.87530533775854], [-118.07580057363478, 47.87530608501724], [-118.07043007464722, 47.87530767059227], [-118.07044507950759, 47.87893290482932], [-118.07046008436812, 47.88255813906631], [-118.0758384483561, 47.88255166448992], [-118.07581952449534, 47.8789289312536]]]}, "properties": {"LANDAREACODE": "102", "TRACTID": "102 LM 58", "TRACTREFNUM": "2001732816", "Label_Name": "Spokane ", "LAR_Name": "Spokane ", "TAAMS_Name": "Spokane", "REGION": "Northwest", "AGENCY": "Spokane", "OWNERSHIP": "T", "TRBE_INTEREST_PERCENT": 100, "Mineral_Resources": "Subsurface", "EST_ACRES": 115.5}}, {"type": "Feature", "geometry": {"type": "Polygon", "coordinates": [[[-118.07581952449534, 47.8789289312536], [-118.08063666438052, 47.87892515673754], [-118.08063471352362, 47.87530458949952], [-118.07821633607897, 47.87530533775854], [-118.07580057363478, 47.87530608501724], [-118.07043007464722, 47.87530767059227], [-118.07044507950759, 47.87893290482932], [-118.07046008436812, 47.88255813906631], [-118.0758384483561, 47.88255166448992], [-118.07581952449534, 47.8789289312536]]]}, "properties": {"LANDAREACODE": "102", "TRACTID": "102 58", "TRACTREFNUM": "2001731901", "Label_Name": "Spokane ", "LAR_Name": "Spokane ", "TAAMS_Name": "Spokane", "REGION": "Northwest", "AGENCY": "Spokane", "OWNERSHIP": "T", "TRBE_INTEREST_PERCENT": 100, "Mineral_Resources": "Surface", "EST_ACRES": 115.5}}, {"type": "Feature", "geometry": {"type": "MultiPolygon", "coordinates": [[[[-117.95723157491834, 47.87162779146183], [-117.95184216492424, 47.871630775038405], [-117.95184262278055, 47.875254758278345], [-117.95724725577412, 47.87523747069916], [-117.96265186176745, 47.875220156119944], [-117.9626183759118, 47.87162481188555], [-117.95723157491834, 47.87162779146183]]], [[[-117.95184141321162, 47.86437955855817], [-117.95452334070693, 47.864381015271526], [-117.95720526920226, 47.86438238198483], [-117.95719983377339, 47.862570126865386], [-117.9545205442784, 47.86256803415172], [-117.95184126778341, 47.862565942438046], [-117.95184141321162, 47.86437955855817]]], [[[-117.9625536777615, 47.86257093529304], [-117.96523952025747, 47.86257261400595], [-117.96522823282706, 47.86075843088707], [-117.96254233733079, 47.860755221174045], [-117.9625536777615, 47.86257093529304]]]]}, "properties": {"LANDAREACODE": "102", "TRACTID": "102 T 1295", "TRACTREFNUM": "2001733472", "Label_Name": "Spokane ", "LAR_Name": "Spokane ", "TAAMS_Name": "Spokane", "REGION": "Northwest", "AGENCY": "Spokane", "OWNERSHIP": "T", "TRBE_INTEREST_PERCENT": 100, "Mineral_Resources": "Both", "EST_ACRES": 109.6}}, {"type": "Feature", "geometry": {"type": "Polygon", "coordinates": [[[-118.02700702137675, 47.806301823679725], [-118.03242229237831, 47.80632243810273], [-118.0324152418709, 47.80417170596117], [-118.03241432080468, 47.80389088894265], [-118.03157851966184, 47.803937538035], [-118.0310190976045, 47.80413133710755], [-118.03073950857583, 47.8042281921438], [-118.03047455151963, 47.80419666617003], [-118.03004926735849, 47.80384455019215], [-118.02843559890255, 47.80316891531975], [-118.02699215751817, 47.802664197440464], [-118.02377685792692, 47.80266670078398], [-118.02243615775431, 47.80298219194802], [-118.02161966665716, 47.803208097050145], [-118.02162855295526, 47.8044684121327], [-118.02163740625235, 47.80572386121489], [-118.02164130938333, 47.80627746425114], [-118.0216668512399, 47.80989754248811], [-118.0270261632326, 47.80992355991748], [-118.02700702137675, 47.806301823679725]]]}, "properties": {"LANDAREACODE": "102", "TRACTID": "102 T 1359", "TRACTREFNUM": "26203292", "Label_Name": "Spokane ", "LAR_Name": "Spokane ", "TAAMS_Name": "Spokane", "REGION": "Northwest", "AGENCY": "Spokane", "OWNERSHIP": "T", "TRBE_INTEREST_PERCENT": 100, "Mineral_Resources": "Both", "EST_ACRES": 108.9}}, {"type": "Feature", "geometry": {"type": "Polygon", "coordinates": [[[-117.86518019859385, 47.85334767308617], [-117.8652333014577, 47.856969785321574], [-117.87064947146335, 47.85698519174409], [-117.87061340060224, 47.85336132650678], [-117.87058169174342, 47.84974304726931], [-117.87199606500586, 47.84974657011851], [-117.87195648531885, 47.846862913930785], [-117.87055207094117, 47.84636254904748], [-117.87042395090627, 47.84631496805793], [-117.8699240547991, 47.846252562107175], [-117.8695853987901, 47.846480185158505], [-117.86909773073586, 47.84663297622075], [-117.8686555177549, 47.84706079929645], [-117.8683554808089, 47.84752539635944], [-117.8682699899258, 47.84808851740605], [-117.86752976091906, 47.848641072521886], [-117.86717722198343, 47.849190920596136], [-117.86718317202119, 47.84934642360588], [-117.86722793612098, 47.84973465362695], [-117.8672332701329, 47.84978090262944], [-117.8668407241458, 47.85014369469555], [-117.86640078913929, 47.85046148776366], [-117.86627825615315, 47.85061641078708], [-117.86618578015904, 47.850714051803415], [-117.8659022182218, 47.851202761866254], [-117.86547228120851, 47.85148410993089], [-117.86516103816604, 47.85154808996838], [-117.8650761721545, 47.85156553597863], [-117.86452239815834, 47.85201666706782], [-117.86381042799961, 47.851902015136204], [-117.86346889206504, 47.85244778220902], [-117.86283402805672, 47.85291074830762], [-117.8627639980558, 47.852961806318504], [-117.86267340904598, 47.85299119833018], [-117.86158664992792, 47.85334347846966], [-117.86518019859385, 47.85334767308617]]]}, "properties": {"LANDAREACODE": "102", "TRACTID": "102 T 351", "TRACTREFNUM": "2001733130", "Label_Name": "Spokane ", "LAR_Name": "Spokane ", "TAAMS_Name": "Spokane", "REGION": "Northwest", "AGENCY": "Spokane", "OWNERSHIP": "T", "TRBE_INTEREST_PERCENT": 100, "Mineral_Resources": "Both", "EST_ACRES": 108.7}}, {"type": "Feature", "geometry": {"type": "Polygon", "coordinates": [[[-118.0806243138023, 47.868033843022204], [-118.08062041794435, 47.86440769178391], [-118.07577741505425, 47.86441023430242], [-118.07578481091343, 47.86803912554052], [-118.07579269077402, 47.871672585778896], [-118.07580057363478, 47.87530608501724], [-118.07821633607897, 47.87530533775854], [-118.08063471352362, 47.87530458949952], [-118.08062951366284, 47.87166921526085], [-118.0806243138023, 47.868033843022204]]]}, "properties": {"LANDAREACODE": "102", "TRACTID": "102 T 123", "TRACTREFNUM": "2001733043", "Label_Name": "Spokane ", "LAR_Name": "Spokane ", "TAAMS_Name": "Spokane", "REGION": "Northwest", "AGENCY": "Spokane", "OWNERSHIP": "T", "TRBE_INTEREST_PERCENT": 100, "Mineral_Resources": "Both", "EST_ACRES": 107.9}}, {"type": "Feature", "geometry": {"type": "Polygon", "coordinates": [[[-118.08064822325402, 47.933223444303195], [-118.08064588439493, 47.92960737706623], [-118.0759367725306, 47.929617208571884], [-118.07595002639181, 47.93323377580778], [-118.07596536825625, 47.93686148204416], [-118.0759808481308, 47.94053054928314], [-118.08069673999921, 47.94053224577736], [-118.08065911911484, 47.93683906653923], [-118.08064822325402, 47.933223444303195]]]}, "properties": {"LANDAREACODE": "102", "TRACTID": "102 T 158", "TRACTREFNUM": "2001733060", "Label_Name": "Spokane ", "LAR_Name": "Spokane ", "TAAMS_Name": "Spokane", "REGION": "Northwest", "AGENCY": "Spokane", "OWNERSHIP": "T", "TRBE_INTEREST_PERCENT": 100, "Mineral_Resources": "Both", "EST_ACRES": 105.0}}, {"type": "Feature", "geometry": {"type": "MultiPolygon", "coordinates": [[[[-118.03795575236653, 47.831668039187846], [-118.03796433679545, 47.83348065830668], [-118.03797291922449, 47.83529327642557], [-118.03798150465352, 47.83710589454438], [-118.03799008808261, 47.83891851166319], [-118.04340668007927, 47.83891739308401], [-118.0433949492212, 47.83528813384558], [-118.04338322036328, 47.83165887360711], [-118.03795575236653, 47.831668039187846]]], [[[-118.0392549349032, 47.82444468457155], [-118.03924054447519, 47.82263947545375], [-118.03788330322674, 47.822645064599165], [-118.036532168977, 47.822640526743214], [-118.0365465104043, 47.82444288686082], [-118.03656091683236, 47.82624830297869], [-118.03791227308247, 47.82625418783466], [-118.03926937333127, 47.82624999768931], [-118.0392549349032, 47.82444468457155]]]]}, "properties": {"LANDAREACODE": "102", "TRACTID": "102 T 144", "TRACTREFNUM": "2001733053", "Label_Name": "Spokane ", "LAR_Name": "Spokane ", "TAAMS_Name": "Spokane", "REGION": "Northwest", "AGENCY": "Spokane", "OWNERSHIP": "T", "TRBE_INTEREST_PERCENT": 100, "Mineral_Resources": "Both", "EST_ACRES": 100.6}}, {"type": "Feature", "geometry": {"type": "MultiPolygon", "coordinates": [[[[-118.34462493627487, 47.94425095667251], [-118.34462278184222, 47.94243622755528], [-118.33920980685089, 47.94242547113659], [-118.33920921228284, 47.94423928225403], [-118.3392080481469, 47.94786728648895], [-118.34462924514041, 47.94788090390688], [-118.34462493627487, 47.94425095667251]]], [[[-118.33921040341909, 47.94061155601911], [-118.34462062740958, 47.94062136843808], [-118.34462153954473, 47.93698850420287], [-118.33922001055593, 47.93697921778293], [-118.33921992256404, 47.93701315978516], [-118.33921040341909, 47.94061155601911]]]]}, "properties": {"LANDAREACODE": "102", "TRACTID": "102 T 1177", "TRACTREFNUM": "2001733348", "Label_Name": "Spokane ", "LAR_Name": "Spokane ", "TAAMS_Name": "Spokane", "REGION": "Northwest", "AGENCY": "Spokane", "OWNERSHIP": "T", "TRBE_INTEREST_PERCENT": 100, "Mineral_Resources": "Both", "EST_ACRES": 100.4}}, {"type": "Feature", "geometry": {"type": "Polygon", "coordinates": [[[-117.78419522613282, 47.940269362528845], [-117.78963550014561, 47.94028223794754], [-117.7896251382848, 47.93665808870755], [-117.78961479842418, 47.9330339394675], [-117.7869229279239, 47.93303086675529], [-117.78423105542355, 47.93302779404313], [-117.78421315127788, 47.93664775128597], [-117.78151049977495, 47.93664247457479], [-117.7814750886264, 47.94026296981953], [-117.78419522613282, 47.940269362528845]]]}, "properties": {"LANDAREACODE": "102", "TRACTID": "102 T 1356", "TRACTREFNUM": "52802232", "Label_Name": "Spokane ", "LAR_Name": "Spokane ", "TAAMS_Name": "Spokane", "REGION": "Northwest", "AGENCY": "Spokane", "OWNERSHIP": "T", "TRBE_INTEREST_PERCENT": 100, "Mineral_Resources": "Both", "EST_ACRES": 100.2}}, {"type": "Feature", "geometry": {"type": "Polygon", "coordinates": [[[-118.04889795468245, 47.87529820689665], [-118.04620017818502, 47.87529501418521], [-118.04350242268764, 47.87529184747377], [-118.0434960095442, 47.878918554713515], [-118.04348962340089, 47.88254515295318], [-118.0488919603976, 47.88255378937538], [-118.0488949565399, 47.87892599813607], [-118.05159440603775, 47.878929741847294], [-118.05159572917982, 47.87530137160809], [-118.04889795468245, 47.87529820689665]]]}, "properties": {"LANDAREACODE": "102", "TRACTID": "102 T 104", "TRACTREFNUM": "2001733031", "Label_Name": "Spokane ", "LAR_Name": "Spokane ", "TAAMS_Name": "Spokane", "REGION": "Northwest", "AGENCY": "Spokane", "OWNERSHIP": "T", "TRBE_INTEREST_PERCENT": 100, "Mineral_Resources": "Both", "EST_ACRES": 100.2}}, {"type": "Feature", "geometry": {"type": "Polygon", "coordinates": [[[-118.18842320778283, 47.94048048621183], [-118.188432423354, 47.93866992609278], [-118.18843427526807, 47.93830733806889], [-118.1884361291822, 47.93794472004505], [-118.1884300070306, 47.93731196000445], [-118.18843066292311, 47.93685936997486], [-118.18302873693591, 47.93687601655591], [-118.17762416894803, 47.93689241213719], [-118.17761009980427, 47.9405043633744], [-118.18302486079445, 47.94048946679208], [-118.18302657622534, 47.94229991891003], [-118.18843097321559, 47.94229386432929], [-118.18842320778283, 47.94048048621183]]]}, "properties": {"LANDAREACODE": "102", "TRACTID": "102 T 572", "TRACTREFNUM": "2001733198", "Label_Name": "Spokane ", "LAR_Name": "Spokane ", "TAAMS_Name": "Spokane", "REGION": "Northwest", "AGENCY": "Spokane", "OWNERSHIP": "T", "TRBE_INTEREST_PERCENT": 100, "Mineral_Resources": "Surface", "EST_ACRES": 99.9}}, {"type": "Feature", "geometry": {"type": "Polygon", "coordinates": [[[-117.97834305271778, 47.97664555313094], [-117.97296530372438, 47.97664462970792], [-117.97293247858107, 47.98026922694992], [-117.97289986943808, 47.98389424119183], [-117.97830892443577, 47.98388863761096], [-117.97832600357663, 47.980266928370945], [-117.98102882307548, 47.98026587408081], [-117.98104401121661, 47.97664600484114], [-117.97834305271778, 47.97664555313094]]]}, "properties": {"LANDAREACODE": "102", "TRACTID": "102 T 1074 A", "TRACTREFNUM": "295100005", "Label_Name": "Spokane ", "LAR_Name": "Spokane ", "TAAMS_Name": "Spokane", "REGION": "Northwest", "AGENCY": "Spokane", "OWNERSHIP": "T", "TRBE_INTEREST_PERCENT": 100, "Mineral_Resources": "Both", "EST_ACRES": 99.8}}, {"type": "Feature", "geometry": {"type": "Polygon", "coordinates": [[[-118.06506893851935, 47.87893687940518], [-118.06507833337936, 47.88256436464299], [-118.07046008436812, 47.88255813906631], [-118.07044507950759, 47.87893290482932], [-118.07043007464722, 47.87530767059227], [-118.06908744540033, 47.87530807373604], [-118.06774479615339, 47.87530847687981], [-118.06505954265951, 47.875309284167386], [-118.06237429316558, 47.875310065454876], [-118.06238088102515, 47.878938763693114], [-118.06506893851935, 47.87893687940518]]]}, "properties": {"LANDAREACODE": "102", "TRACTID": "102 T 121", "TRACTREFNUM": "2001733042", "Label_Name": "Spokane ", "LAR_Name": "Spokane ", "TAAMS_Name": "Spokane", "REGION": "Northwest", "AGENCY": "Spokane", "OWNERSHIP": "T", "TRBE_INTEREST_PERCENT": 100, "Mineral_Resources": "Surface", "EST_ACRES": 99.8}}, {"type": "Feature", "geometry": {"type": "Polygon", "coordinates": [[[-117.919111176156, 47.86433135305392], [-117.91909039929926, 47.86071742781628], [-117.91370548329866, 47.86069354939022], [-117.90832056629797, 47.86066964596414], [-117.90834496972788, 47.86247239708118], [-117.90835718494283, 47.86337377313973], [-117.90836327905035, 47.86382447416903], [-117.90836937315787, 47.864275149198285], [-117.91374028715701, 47.86430336162613], [-117.91375769158626, 47.86610822774403], [-117.91643963408536, 47.866123262458416], [-117.91912157658449, 47.866138299172704], [-117.919111176156, 47.86433135305392]]]}, "properties": {"LANDAREACODE": "102", "TRACTID": "102 T 180", "TRACTREFNUM": "2001733067", "Label_Name": "Spokane ", "LAR_Name": "Spokane ", "TAAMS_Name": "Spokane", "REGION": "Northwest", "AGENCY": "Spokane", "OWNERSHIP": "T", "TRBE_INTEREST_PERCENT": 100, "Mineral_Resources": "Surface", "EST_ACRES": 99.3}}, {"type": "Feature", "geometry": {"type": "Polygon", "coordinates": [[[-118.23482356869486, 47.98414550806668], [-118.23346888444568, 47.98414194421216], [-118.23346025787728, 47.98595696933097], [-118.23210640162826, 47.98595338847632], [-118.23209857905998, 47.987768417595014], [-118.23209076249185, 47.98958344571369], [-118.23208293092374, 47.99139847783236], [-118.23340731116737, 47.991402079690104], [-118.23343433817239, 47.99140215368721], [-118.23478588741487, 47.99138004354036], [-118.23748855991826, 47.99141324325176], [-118.2374998774783, 47.989561863130405], [-118.2375107360557, 47.987783005013746], [-118.2402168305534, 47.98779019072312], [-118.24292289405106, 47.98779733843248], [-118.2429372466204, 47.98598200431313], [-118.24022953512244, 47.985974861603935], [-118.23887567887341, 47.98597128174932], [-118.23819875074891, 47.985969493822076], [-118.23821025331779, 47.98415438270297], [-118.23753291219325, 47.98415261477577], [-118.23482356869486, 47.98414550806668]]]}, "properties": {"LANDAREACODE": "102", "TRACTID": "102 T 353", "TRACTREFNUM": "2001733132", "Label_Name": "Spokane ", "LAR_Name": "Spokane ", "TAAMS_Name": "Spokane", "REGION": "Northwest", "AGENCY": "Spokane", "OWNERSHIP": "T", "TRBE_INTEREST_PERCENT": 100, "Mineral_Resources": "Both", "EST_ACRES": 97.7}}, {"type": "Feature", "geometry": {"type": "Polygon", "coordinates": [[[-118.2187732087251, 47.97145443096808], [-118.21877180215739, 47.973268780086215], [-118.22147433765028, 47.97325767079492], [-118.2214742722183, 47.97144591967718], [-118.22147420878645, 47.969634166559366], [-118.22147766092215, 47.966005273323056], [-118.22147939948718, 47.96417857720404], [-118.22108005653443, 47.96468420227987], [-118.21717887784335, 47.964785861705785], [-118.21685230481367, 47.96491258974913], [-118.21664449689163, 47.9653999058032], [-118.21677451404325, 47.96593599682405], [-118.21656506202405, 47.96601658285183], [-118.21608367897991, 47.96620181391561], [-118.21607502779919, 47.969646066140555], [-118.21337982130973, 47.969666211431594], [-118.21337433074075, 47.971478518550015], [-118.21607214623177, 47.971462934259], [-118.2187732087251, 47.97145443096808]]]}, "properties": {"LANDAREACODE": "102", "TRACTID": "102 T 1171", "TRACTREFNUM": "2001733342", "Label_Name": "Spokane ", "LAR_Name": "Spokane ", "TAAMS_Name": "Spokane", "REGION": "Northwest", "AGENCY": "Spokane", "OWNERSHIP": "T", "TRBE_INTEREST_PERCENT": 100, "Mineral_Resources": "Both", "EST_ACRES": 92.5}}, {"type": "Feature", "geometry": {"type": "Polygon", "coordinates": [[[-117.92984963014621, 47.838920131219616], [-117.92984927329232, 47.83529642797895], [-117.9244694032995, 47.83529902555369], [-117.92447400815749, 47.83893681179488], [-117.92448809002117, 47.84259082103608], [-117.92986890201152, 47.842576528460334], [-117.92985928057884, 47.84074832833994], [-117.9325566250766, 47.84074715505173], [-117.93254875764455, 47.838919868931264], [-117.92984963014621, 47.838920131219616]]]}, "properties": {"LANDAREACODE": "102", "TRACTID": "102 T 147", "TRACTREFNUM": "2001733056", "Label_Name": "Spokane ", "LAR_Name": "Spokane ", "TAAMS_Name": "Spokane", "REGION": "Northwest", "AGENCY": "Spokane", "OWNERSHIP": "T", "TRBE_INTEREST_PERCENT": 100, "Mineral_Resources": "Both", "EST_ACRES": 90.4}}, {"type": "Feature", "geometry": {"type": "Polygon", "coordinates": [[[-118.19444390759192, 47.989608581764564], [-118.19986126458949, 47.989622656182846], [-118.19986097915496, 47.98780201206454], [-118.19986040728604, 47.98416069982778], [-118.19446322329655, 47.98416476840841], [-118.19176462980171, 47.984166717698656], [-118.19174502766259, 47.987789969936486], [-118.19173521609304, 47.989601515055405], [-118.19444390759192, 47.989608581764564]]]}, "properties": {"LANDAREACODE": "102", "TRACTID": "102 575", "TRACTREFNUM": "2001732638", "Label_Name": "Spokane ", "LAR_Name": "Spokane ", "TAAMS_Name": "Spokane", "REGION": "Northwest", "AGENCY": "Spokane", "OWNERSHIP": "T", "TRBE_INTEREST_PERCENT": 100, "Mineral_Resources": "Both", "EST_ACRES": 90.3}}, {"type": "Feature", "geometry": {"type": "Polygon", "coordinates": [[[-117.93524309228894, 47.83529996840311], [-117.92984927329232, 47.83529642797895], [-117.92984963014621, 47.838920131219616], [-117.93254875764455, 47.838919868931264], [-117.9325566250766, 47.84074715505173], [-117.93525398357434, 47.840745984763565], [-117.94064871156965, 47.84074352318707], [-117.9406460961391, 47.83891871206623], [-117.93794698964092, 47.838919156354564], [-117.93794202878755, 47.83530162411495], [-117.93524309228894, 47.83529996840311]]]}, "properties": {"LANDAREACODE": "102", "TRACTID": "102 T 129", "TRACTREFNUM": "2001733045", "Label_Name": "Spokane ", "LAR_Name": "Spokane ", "TAAMS_Name": "Spokane", "REGION": "Northwest", "AGENCY": "Spokane", "OWNERSHIP": "T", "TRBE_INTEREST_PERCENT": 100, "Mineral_Resources": "Both", "EST_ACRES": 90.3}}, {"type": "Feature", "geometry": {"type": "Polygon", "coordinates": [[[-117.97874069317318, 47.83894443599781], [-117.97870788031611, 47.835334228762115], [-117.97870545925363, 47.83507100274497], [-117.97870361520518, 47.834866724731604], [-117.97672478576126, 47.83453139792079], [-117.9751972294016, 47.834200539062095], [-117.9734489899737, 47.83375282221922], [-117.97344599403417, 47.83401154823665], [-117.97343088934022, 47.83532201932515], [-117.97341003776273, 47.83713110944728], [-117.97338918718536, 47.8389401995694], [-117.97338692340003, 47.83985252863012], [-117.97338466361465, 47.84076482969078], [-117.97338239982933, 47.84167715275149], [-117.97338013804404, 47.84258946381217], [-117.97870843502562, 47.84258512624244], [-117.97874069317318, 47.83894443599781]]]}, "properties": {"LANDAREACODE": "102", "TRACTID": "102 T 133", "TRACTREFNUM": "2001733048", "Label_Name": "Spokane ", "LAR_Name": "Spokane ", "TAAMS_Name": "Spokane", "REGION": "Northwest", "AGENCY": "Spokane", "OWNERSHIP": "T", "TRBE_INTEREST_PERCENT": 100, "Mineral_Resources": "Surface", "EST_ACRES": 89.6}}, {"type": "Feature", "geometry": {"type": "Polygon", "coordinates": [[[-118.23210640162826, 47.98595338847632], [-118.23346025787728, 47.98595696933097], [-118.23346888444568, 47.98414194421216], [-118.23211422619656, 47.984138358357654], [-118.22674626621404, 47.98414539693549], [-118.22671600507316, 47.98776848417403], [-118.22670087750298, 47.98958099129331], [-118.22668574593294, 47.99139359941265], [-118.23208293092374, 47.99139847783236], [-118.23209076249185, 47.98958344571369], [-118.23209857905998, 47.987768417595014], [-118.23210640162826, 47.98595338847632]]]}, "properties": {"LANDAREACODE": "102", "TRACTID": "102 T 1023", "TRACTREFNUM": "2001733239", "Label_Name": "Spokane ", "LAR_Name": "Spokane ", "TAAMS_Name": "Spokane", "REGION": "Northwest", "AGENCY": "Spokane", "OWNERSHIP": "T", "TRBE_INTEREST_PERCENT": 100, "Mineral_Resources": "Both", "EST_ACRES": 84.8}}, {"type": "Feature", "geometry": {"type": "Polygon", "coordinates": [[[-117.75173022187374, 47.998266009861425], [-117.74634950287289, 47.998264292437916], [-117.74634476978555, 48.00210371269358], [-117.74652810881926, 48.00210221067385], [-117.7517303307843, 48.00209290211564], [-117.75198106783057, 48.002091480088644], [-117.75711576378285, 48.0020819675377], [-117.75711094287439, 47.998267726284865], [-117.75173022187374, 47.998266009861425]]]}, "properties": {"LANDAREACODE": "102", "TRACTID": "102 LM 207", "TRACTREFNUM": "2001732832", "Label_Name": "Spokane ", "LAR_Name": "Spokane ", "TAAMS_Name": "Spokane", "REGION": "Northwest", "AGENCY": "Spokane", "OWNERSHIP": "T", "TRBE_INTEREST_PERCENT": 100, "Mineral_Resources": "Subsurface", "EST_ACRES": 84.1}}, {"type": "Feature", "geometry": {"type": "Polygon", "coordinates": [[[-117.8004218617601, 47.95972871608531], [-117.80039733927019, 47.96189680823194], [-117.80039515631559, 47.962089768244994], [-117.80581755332067, 47.9620848266639], [-117.81123992232553, 47.962079859082806], [-117.81124152129843, 47.96196458807502], [-117.81128422455224, 47.958788109859604], [-117.81128359044833, 47.95835075583065], [-117.81124964744198, 47.95835060083428], [-117.80586079843638, 47.95832609940971], [-117.80043801042423, 47.95830116398877], [-117.8004218617601, 47.95972871608531]]]}, "properties": {"LANDAREACODE": "102", "TRACTID": "102 T 286", "TRACTREFNUM": "2001733108", "Label_Name": "Spokane ", "LAR_Name": "Spokane ", "TAAMS_Name": "Spokane", "REGION": "Northwest", "AGENCY": "Spokane", "OWNERSHIP": "T", "TRBE_INTEREST_PERCENT": 100, "Mineral_Resources": "Both", "EST_ACRES": 83.3}}, {"type": "Feature", "geometry": {"type": "Polygon", "coordinates": [[[-117.94605240970974, 47.87524694289711], [-117.94064860971018, 47.8752396184745], [-117.94064073856396, 47.878858905715084], [-117.94604638956424, 47.87886790713753], [-117.95176897062304, 47.87887743552607], [-117.95180291262932, 47.878877492522484], [-117.95184262278055, 47.875254758278345], [-117.95177043476718, 47.875254660286075], [-117.94605240970974, 47.87524694289711]]]}, "properties": {"LANDAREACODE": "102", "TRACTID": "102 T 1277", "TRACTREFNUM": "2001733453", "Label_Name": "Spokane ", "LAR_Name": "Spokane ", "TAAMS_Name": "Spokane", "REGION": "Northwest", "AGENCY": "Spokane", "OWNERSHIP": "T", "TRBE_INTEREST_PERCENT": 100, "Mineral_Resources": "Both", "EST_ACRES": 82.9}}, {"type": "Feature", "geometry": {"type": "Polygon", "coordinates": [[[-117.94599999511762, 47.91505044953634], [-117.9406064221169, 47.915031945112595], [-117.94060376497278, 47.918645987351795], [-117.94597459697047, 47.91866926277823], [-117.9517482900428, 47.91869428116152], [-117.95180147219389, 47.915070351916384], [-117.94599999511762, 47.91505044953634]]]}, "properties": {"LANDAREACODE": "102", "TRACTID": "102 T 1363", "TRACTREFNUM": "2002104685", "Label_Name": "Spokane ", "LAR_Name": "Spokane ", "TAAMS_Name": "Spokane", "REGION": "Northwest", "AGENCY": "Spokane", "OWNERSHIP": "T", "TRBE_INTEREST_PERCENT": 100, "Mineral_Resources": "Both", "EST_ACRES": 82.7}}, {"type": "Feature", "geometry": {"type": "Polygon", "coordinates": [[[-117.8382136122899, 47.911301117823214], [-117.83953335753537, 47.911305169682315], [-117.84090723979092, 47.911309387535674], [-117.84360033329176, 47.91131760924815], [-117.8436028944358, 47.907698471007365], [-117.84360335131173, 47.90717376797244], [-117.84318400913999, 47.906776104990875], [-117.84289285209668, 47.90682105602499], [-117.8413447000214, 47.90771503825], [-117.84101004200512, 47.90790827829867], [-117.83853665568283, 47.90848278460136], [-117.83821664254842, 47.908165324614465], [-117.83776793035997, 47.907720203632884], [-117.8374933812447, 47.90744784564418], [-117.83711091308406, 47.90706843365984], [-117.83661909996644, 47.906956358704974], [-117.83552208979833, 47.90710505083218], [-117.83464541960083, 47.906956622916084], [-117.83414825369057, 47.90772531402038], [-117.83410702269799, 47.907789063029014], [-117.83326972457814, 47.90793836112849], [-117.83282856449935, 47.90795073617646], [-117.83282689428786, 47.91128462539834], [-117.83552157778918, 47.91129290311064], [-117.8382136122899, 47.911301117823214]]]}, "properties": {"LANDAREACODE": "102", "TRACTID": "102 T 1006", "TRACTREFNUM": "2001733225", "Label_Name": "Spokane ", "LAR_Name": "Spokane ", "TAAMS_Name": "Spokane", "REGION": "Northwest", "AGENCY": "Spokane", "OWNERSHIP": "T", "TRBE_INTEREST_PERCENT": 100, "Mineral_Resources": "Both", "EST_ACRES": 82.3}}, {"type": "Feature", "geometry": {"type": "Polygon", "coordinates": [[[-118.16751101001428, 47.965982702121146], [-118.16748410989686, 47.969708184366894], [-118.17284712087873, 47.9696957847898], [-118.17288880200044, 47.965977192542965], [-118.17293048212233, 47.96225851629604], [-118.17229011400474, 47.96225849736481], [-118.16753788613185, 47.96225721987525], [-118.16751101001428, 47.965982702121146]]]}, "properties": {"LANDAREACODE": "102", "TRACTID": "102 T 1157", "TRACTREFNUM": "2001733326", "Label_Name": "Spokane ", "LAR_Name": "Spokane ", "TAAMS_Name": "Spokane", "REGION": "Northwest", "AGENCY": "Spokane", "OWNERSHIP": "T", "TRBE_INTEREST_PERCENT": 100, "Mineral_Resources": "Both", "EST_ACRES": 81.8}}, {"type": "Feature", "geometry": {"type": "Polygon", "coordinates": [[[-118.1129387934804, 47.926009216366786], [-118.10748011347562, 47.926004139951985], [-118.1074712333395, 47.929649263191756], [-118.11294296934646, 47.929652977605095], [-118.11841470535329, 47.92965669301832], [-118.1183974434851, 47.926014043781585], [-118.1129387934804, 47.926009216366786]]]}, "properties": {"LANDAREACODE": "102", "TRACTID": "102 T 1002", "TRACTREFNUM": "2001733222", "Label_Name": "Spokane ", "LAR_Name": "Spokane ", "TAAMS_Name": "Spokane", "REGION": "Northwest", "AGENCY": "Spokane", "OWNERSHIP": "T", "TRBE_INTEREST_PERCENT": 100, "Mineral_Resources": "Both", "EST_ACRES": 81.4}}, {"type": "Feature", "geometry": {"type": "Polygon", "coordinates": [[[-117.88138835856101, 47.90402020072117], [-117.87595483256752, 47.90407072130581], [-117.87595295999651, 47.90588527942646], [-117.87595109142562, 47.907699822547016], [-117.88136138642099, 47.90767529096654], [-117.88677167641625, 47.90765075738604], [-117.88682187655435, 47.90396968113651], [-117.88138835856101, 47.90402020072117]]]}, "properties": {"LANDAREACODE": "102", "TRACTID": "102 T 1328", "TRACTREFNUM": "2001733507", "Label_Name": "Spokane ", "LAR_Name": "Spokane ", "TAAMS_Name": "Spokane", "REGION": "Northwest", "AGENCY": "Spokane", "OWNERSHIP": "T", "TRBE_INTEREST_PERCENT": 100, "Mineral_Resources": "Both", "EST_ACRES": 81.1}}, {"type": "Feature", "geometry": {"type": "Polygon", "coordinates": [[[-118.15646100660368, 47.976973888025114], [-118.161832940605, 47.977034741451796], [-118.16720490060621, 47.977095565878415], [-118.16734450375142, 47.973401860622694], [-118.1619377637464, 47.97335164720037], [-118.1565309957412, 47.973301155778124], [-118.15646100660368, 47.976973888025114]]]}, "properties": {"LANDAREACODE": "102", "TRACTID": "102 T 1068", "TRACTREFNUM": "2001733262", "Label_Name": "Spokane ", "LAR_Name": "Spokane ", "TAAMS_Name": "Spokane", "REGION": "Northwest", "AGENCY": "Spokane", "OWNERSHIP": "T", "TRBE_INTEREST_PERCENT": 100, "Mineral_Resources": "Both", "EST_ACRES": 81.1}}, {"type": "Feature", "geometry": {"type": "Polygon", "coordinates": [[[-118.08061652208663, 47.860781541545585], [-118.08062041794435, 47.86440769178391], [-118.0806243138023, 47.868033843022204], [-118.08606622679214, 47.86798798143663], [-118.08606291993398, 47.86436048219826], [-118.08605961307603, 47.86073298295983], [-118.08061652208663, 47.860781541545585]]]}, "properties": {"LANDAREACODE": "102", "TRACTID": "102 T 1055", "TRACTREFNUM": "2001733254", "Label_Name": "Spokane ", "LAR_Name": "Spokane ", "TAAMS_Name": "Spokane", "REGION": "Northwest", "AGENCY": "Spokane", "OWNERSHIP": "T", "TRBE_INTEREST_PERCENT": 100, "Mineral_Resources": "Both", "EST_ACRES": 80.8}}, {"type": "Feature", "geometry": {"type": "Polygon", "coordinates": [[[-118.03264709253317, 47.85347148319568], [-118.02723894553736, 47.85347200977414], [-118.02726095540167, 47.85711532001241], [-118.03266579939778, 47.8571186254345], [-118.0380706443937, 47.857121931856554], [-118.0380552405287, 47.85347095761725], [-118.03264709253317, 47.85347148319568]]]}, "properties": {"LANDAREACODE": "102", "TRACTID": "102 T 95 -B", "TRACTREFNUM": "2001733026", "Label_Name": "Spokane ", "LAR_Name": "Spokane ", "TAAMS_Name": "Spokane", "REGION": "Northwest", "AGENCY": "Spokane", "OWNERSHIP": "T", "TRBE_INTEREST_PERCENT": 100, "Mineral_Resources": "Both", "EST_ACRES": 80.8}}, {"type": "Feature", "geometry": {"type": "Polygon", "coordinates": [[[-117.99202289965869, 47.94053482828694], [-117.9947372851616, 47.94054369399652], [-117.99473125629466, 47.93689665075698], [-117.98931042929183, 47.93688581633731], [-117.98388957628885, 47.9368747339176], [-117.98387974514954, 47.94050791515805], [-117.98930851515568, 47.9405259155773], [-117.99202289965869, 47.94053482828694]]]}, "properties": {"LANDAREACODE": "102", "TRACTID": "102 T 227", "TRACTREFNUM": "2001733088", "Label_Name": "Spokane ", "LAR_Name": "Spokane ", "TAAMS_Name": "Spokane", "REGION": "Northwest", "AGENCY": "Spokane", "OWNERSHIP": "T", "TRBE_INTEREST_PERCENT": 100, "Mineral_Resources": "Both", "EST_ACRES": 80.7}}, {"type": "Feature", "geometry": {"type": "Polygon", "coordinates": [[[-117.9029255274518, 47.958455160019405], [-117.89752718445267, 47.95845438859796], [-117.89757470633002, 47.962110317834515], [-117.90296590932853, 47.962114044256865], [-117.90835711132691, 47.96211774367926], [-117.90832371845072, 47.9584559324409], [-117.9029255274518, 47.958455160019405]]]}, "properties": {"LANDAREACODE": "102", "TRACTID": "102 T 298", "TRACTREFNUM": "2001733115", "Label_Name": "Spokane ", "LAR_Name": "Spokane ", "TAAMS_Name": "Spokane", "REGION": "Northwest", "AGENCY": "Spokane", "OWNERSHIP": "T", "TRBE_INTEREST_PERCENT": 100, "Mineral_Resources": "Both", "EST_ACRES": 80.7}}, {"type": "Feature", "geometry": {"type": "Polygon", "coordinates": [[[-118.05424773851229, 47.853484397886035], [-118.05424465865038, 47.84983631864578], [-118.0488430416551, 47.849831038223144], [-118.048850238518, 47.8534802554632], [-118.04885743738096, 47.85712895570309], [-118.05425082637433, 47.85713221312629], [-118.05424773851229, 47.853484397886035]]]}, "properties": {"LANDAREACODE": "102", "TRACTID": "102 T 95 -A", "TRACTREFNUM": "2001731972", "Label_Name": "Spokane ", "LAR_Name": "Spokane ", "TAAMS_Name": "Spokane", "REGION": "Northwest", "AGENCY": "Spokane", "OWNERSHIP": "T", "TRBE_INTEREST_PERCENT": 100, "Mineral_Resources": "Surface", "EST_ACRES": 80.7}}, {"type": "Feature", "geometry": {"type": "Polygon", "coordinates": [[[-117.8274248821909, 47.96571531059028], [-117.82737073604827, 47.969366803838184], [-117.83277214504591, 47.96934993925836], [-117.83282295518913, 47.96570381001121], [-117.8328737603326, 47.96205768076406], [-117.82747922533046, 47.96204992634141], [-117.8274248821909, 47.96571531059028]]]}, "properties": {"LANDAREACODE": "102", "TRACTID": "102 T 294", "TRACTREFNUM": "2001733112", "Label_Name": "Spokane ", "LAR_Name": "Spokane ", "TAAMS_Name": "Spokane", "REGION": "Northwest", "AGENCY": "Spokane", "OWNERSHIP": "T", "TRBE_INTEREST_PERCENT": 100, "Mineral_Resources": "Both", "EST_ACRES": 80.6}}, {"type": "Feature", "geometry": {"type": "Polygon", "coordinates": [[[-117.97838987971909, 47.951383124463035], [-117.97836427157684, 47.955012833704835], [-117.98379942258305, 47.955024586122796], [-117.983829755728, 47.95140301588107], [-117.98386008587323, 47.94778144463931], [-117.97841545686147, 47.94775324822119], [-117.97838987971909, 47.951383124463035]]]}, "properties": {"LANDAREACODE": "102", "TRACTID": "102 T 146", "TRACTREFNUM": "2001733055", "Label_Name": "Spokane ", "LAR_Name": "Spokane ", "TAAMS_Name": "Spokane", "REGION": "Northwest", "AGENCY": "Spokane", "OWNERSHIP": "T", "TRBE_INTEREST_PERCENT": 100, "Mineral_Resources": "Both", "EST_ACRES": 80.6}}, {"type": "Feature", "geometry": {"type": "Polygon", "coordinates": [[[-118.33464878324948, 47.976949749860125], [-118.34008248624059, 47.976941758274755], [-118.34007089836875, 47.97329817104059], [-118.33464853138064, 47.973309911624874], [-118.32924241339532, 47.97332137720738], [-118.32923661126213, 47.97695768644308], [-118.33464878324948, 47.976949749860125]]]}, "properties": {"LANDAREACODE": "102", "TRACTID": "102 T 380", "TRACTREFNUM": "2001732374", "Label_Name": "Spokane ", "LAR_Name": "Spokane ", "TAAMS_Name": "Spokane", "REGION": "Northwest", "AGENCY": "Spokane", "OWNERSHIP": "T", "TRBE_INTEREST_PERCENT": 100, "Mineral_Resources": "Both", "EST_ACRES": 80.6}}, {"type": "Feature", "geometry": {"type": "Polygon", "coordinates": [[[-118.03259451194505, 47.84254617147973], [-118.02718178094901, 47.84254859405863], [-118.02719492980921, 47.84618434429748], [-118.0326096678044, 47.846176664717945], [-118.03802440179946, 47.846168984138416], [-118.03800724394092, 47.84254374890087], [-118.03259451194505, 47.84254617147973]]]}, "properties": {"LANDAREACODE": "102", "TRACTID": "102 T 1307 -A", "TRACTREFNUM": "2001733486", "Label_Name": "Spokane ", "LAR_Name": "Spokane ", "TAAMS_Name": "Spokane", "REGION": "Northwest", "AGENCY": "Spokane", "OWNERSHIP": "T", "TRBE_INTEREST_PERCENT": 100, "Mineral_Resources": "Both", "EST_ACRES": 80.5}}, {"type": "Feature", "geometry": {"type": "Polygon", "coordinates": [[[-117.95724725577412, 47.87523747069916], [-117.95184262278055, 47.875254758278345], [-117.95180291262932, 47.878877492522484], [-117.95724452063047, 47.878863204939414], [-117.96265895462635, 47.87884875235932], [-117.96265186176745, 47.875220156119944], [-117.95724725577412, 47.87523747069916]]]}, "properties": {"LANDAREACODE": "102", "TRACTID": "102 T 1253 -A", "TRACTREFNUM": "2001733427", "Label_Name": "Spokane ", "LAR_Name": "Spokane ", "TAAMS_Name": "Spokane", "REGION": "Northwest", "AGENCY": "Spokane", "OWNERSHIP": "T", "TRBE_INTEREST_PERCENT": 100, "Mineral_Resources": "Both", "EST_ACRES": 80.4}}, {"type": "Feature", "geometry": {"type": "Polygon", "coordinates": [[[-117.9675818049901, 47.9440849261408], [-117.9675385888417, 47.947704717384084], [-117.97297082884963, 47.94772508080302], [-117.97300771299507, 47.94409812256006], [-117.97304456814072, 47.940471163317056], [-117.96762502113864, 47.94046496789749], [-117.9675818049901, 47.9440849261408]]]}, "properties": {"LANDAREACODE": "102", "TRACTID": "102 T 220", "TRACTREFNUM": "2001733084", "Label_Name": "Spokane ", "LAR_Name": "Spokane ", "TAAMS_Name": "Spokane", "REGION": "Northwest", "AGENCY": "Spokane", "OWNERSHIP": "T", "TRBE_INTEREST_PERCENT": 100, "Mineral_Resources": "Both", "EST_ACRES": 80.4}}, {"type": "Feature", "geometry": {"type": "Polygon", "coordinates": [[[-118.05425140412784, 47.94052247161347], [-118.05434637930168, 47.9369709573701], [-118.04883683227034, 47.93690140895632], [-118.04881733512661, 47.94052147819622], [-118.04879780898295, 47.94414102143602], [-118.05423215598503, 47.94414553985337], [-118.05425140412784, 47.94052247161347]]]}, "properties": {"LANDAREACODE": "102", "TRACTID": "102 T 228 -A", "TRACTREFNUM": "2001733089", "Label_Name": "Spokane ", "LAR_Name": "Spokane ", "TAAMS_Name": "Spokane", "REGION": "Northwest", "AGENCY": "Spokane", "OWNERSHIP": "T", "TRBE_INTEREST_PERCENT": 100, "Mineral_Resources": "Both", "EST_ACRES": 80.4}}, {"type": "Feature", "geometry": {"type": "Polygon", "coordinates": [[[-117.84896534642894, 47.907697953433754], [-117.84895903371842, 47.904699578235224], [-117.84828420560567, 47.90475130031085], [-117.8476947355072, 47.90479647737689], [-117.8466038686032, 47.906056464577276], [-117.84495438234536, 47.90625805876706], [-117.84360335131173, 47.90717376797244], [-117.8436028944358, 47.907698471007365], [-117.84360033329176, 47.91131760924815], [-117.84359999650577, 47.91222229630823], [-117.84359966171992, 47.91312719036842], [-117.8489760247172, 47.913133056793626], [-117.8489748825024, 47.91222663573356], [-117.84897298628759, 47.91132017867358], [-117.84897106707294, 47.9104146996136], [-117.84896916085825, 47.90950911655368], [-117.84896534642894, 47.907697953433754]]]}, "properties": {"LANDAREACODE": "102", "TRACTID": "102 T 1007", "TRACTREFNUM": "2001733226", "Label_Name": "Spokane ", "LAR_Name": "Spokane ", "TAAMS_Name": "Spokane", "REGION": "Northwest", "AGENCY": "Spokane", "OWNERSHIP": "T", "TRBE_INTEREST_PERCENT": 100, "Mineral_Resources": "Both", "EST_ACRES": 80.3}}, {"type": "Feature", "geometry": {"type": "Polygon", "coordinates": [[[-118.04888896125539, 47.886181080614605], [-118.04888593911335, 47.88980837185379], [-118.05429502711175, 47.88981909027529], [-118.05429466125283, 47.88619071603643], [-118.05429426939409, 47.88256220179752], [-118.0488919603976, 47.88255378937538], [-118.04888896125539, 47.886181080614605]]]}, "properties": {"LANDAREACODE": "102", "TRACTID": "102 T 1250", "TRACTREFNUM": "2001733423", "Label_Name": "Spokane ", "LAR_Name": "Spokane ", "TAAMS_Name": "Spokane", "REGION": "Northwest", "AGENCY": "Spokane", "OWNERSHIP": "T", "TRBE_INTEREST_PERCENT": 100, "Mineral_Resources": "Both", "EST_ACRES": 80.3}}, {"type": "Feature", "geometry": {"type": "Polygon", "coordinates": [[[-117.90823707141742, 47.93310466577415], [-117.90821656984419, 47.93492025289647], [-117.90819607027109, 47.93673584101875], [-117.90817556869796, 47.938551426141004], [-117.90815506712492, 47.94036701426329], [-117.91356225412783, 47.940378917684825], [-117.91359448627026, 47.936739042440664], [-117.91362671541286, 47.93309916619654], [-117.90823707141742, 47.93310466577415]]]}, "properties": {"LANDAREACODE": "102", "TRACTID": "102 T 626", "TRACTREFNUM": "2001733210", "Label_Name": "Spokane ", "LAR_Name": "Spokane ", "TAAMS_Name": "Spokane", "REGION": "Northwest", "AGENCY": "Spokane", "OWNERSHIP": "T", "TRBE_INTEREST_PERCENT": 100, "Mineral_Resources": "Both", "EST_ACRES": 80.3}}, {"type": "Feature", "geometry": {"type": "Polygon", "coordinates": [[[-117.98914016470927, 47.97663700997172], [-117.98915511257383, 47.98025719120812], [-117.98917000543858, 47.983877345444434], [-117.9946220054437, 47.98387174085888], [-117.99457858557317, 47.98024961562554], [-117.99453513770283, 47.97662746139213], [-117.98914016470927, 47.97663700997172]]]}, "properties": {"LANDAREACODE": "102", "TRACTID": "102 1073", "TRACTREFNUM": "2001732778", "Label_Name": "Spokane ", "LAR_Name": "Spokane ", "TAAMS_Name": "Spokane", "REGION": "Northwest", "AGENCY": "Spokane", "OWNERSHIP": "T", "TRBE_INTEREST_PERCENT": 100, "Mineral_Resources": "Surface", "EST_ACRES": 80.2}}, {"type": "Feature", "geometry": {"type": "Polygon", "coordinates": [[[-117.96215589898486, 47.944071452721495], [-117.9621063228337, 47.947684381965026], [-117.9675385888417, 47.947704717384084], [-117.9675818049901, 47.9440849261408], [-117.96762502113864, 47.94046496789749], [-117.96220544813632, 47.94045852347793], [-117.96215589898486, 47.944071452721495]]]}, "properties": {"LANDAREACODE": "102", "TRACTID": "102 T 221", "TRACTREFNUM": "2001733085", "Label_Name": "Spokane ", "LAR_Name": "Spokane ", "TAAMS_Name": "Spokane", "REGION": "Northwest", "AGENCY": "Spokane", "OWNERSHIP": "T", "TRBE_INTEREST_PERCENT": 100, "Mineral_Resources": "Both", "EST_ACRES": 80.2}}, {"type": "Feature", "geometry": {"type": "Polygon", "coordinates": [[[-117.95140895616619, 47.965816237307216], [-117.95140627602927, 47.96944785954684], [-117.95680844102466, 47.969435789966624], [-117.95681465416378, 47.96581094772713], [-117.9568208663031, 47.96218606348763], [-117.95662285526664, 47.9621866235089], [-117.95141166430332, 47.96218464206758], [-117.95140895616619, 47.965816237307216]]]}, "properties": {"LANDAREACODE": "102", "TRACTID": "102 T 251", "TRACTREFNUM": "2001733101", "Label_Name": "Spokane ", "LAR_Name": "Spokane ", "TAAMS_Name": "Spokane", "REGION": "Northwest", "AGENCY": "Spokane", "OWNERSHIP": "T", "TRBE_INTEREST_PERCENT": 100, "Mineral_Resources": "Both", "EST_ACRES": 80.2}}, {"type": "Feature", "geometry": {"type": "Polygon", "coordinates": [[[-117.983829755728, 47.95140301588107], [-117.98379942258305, 47.955024586122796], [-117.98920648958375, 47.95503603454367], [-117.98925560273416, 47.95142287830053], [-117.9893047158848, 47.947809613057416], [-117.98386008587323, 47.94778144463931], [-117.983829755728, 47.95140301588107]]]}, "properties": {"LANDAREACODE": "102", "TRACTID": "102 T 145", "TRACTREFNUM": "2001733054", "Label_Name": "Spokane ", "LAR_Name": "Spokane ", "TAAMS_Name": "Spokane", "REGION": "Northwest", "AGENCY": "Spokane", "OWNERSHIP": "T", "TRBE_INTEREST_PERCENT": 100, "Mineral_Resources": "Both", "EST_ACRES": 80.2}}, {"type": "Feature", "geometry": {"type": "Polygon", "coordinates": [[[-117.95180480334501, 47.886133238002486], [-117.95722837733828, 47.88609970042002], [-117.96264942034209, 47.886113026840874], [-117.9626570504852, 47.88248340259995], [-117.95724175248877, 47.88249630018019], [-117.95182648349206, 47.88250894776031], [-117.95180480334501, 47.886133238002486]]]}, "properties": {"LANDAREACODE": "102", "TRACTID": "102 T 100", "TRACTREFNUM": "2001733027", "Label_Name": "Spokane ", "LAR_Name": "Spokane ", "TAAMS_Name": "Spokane", "REGION": "Northwest", "AGENCY": "Spokane", "OWNERSHIP": "T", "TRBE_INTEREST_PERCENT": 100, "Mineral_Resources": "Both", "EST_ACRES": 80.2}}, {"type": "Feature", "geometry": {"type": "Polygon", "coordinates": [[[-118.02730648898648, 47.8680216577275], [-118.02729472812621, 47.86439014448906], [-118.0218987201306, 47.86438281106587], [-118.02191601799177, 47.86801413230376], [-118.02192877185078, 47.87163878554163], [-118.02731823084528, 47.871646228965425], [-118.02730648898648, 47.8680216577275]]]}, "properties": {"LANDAREACODE": "102", "TRACTID": "102 T 67 -B", "TRACTREFNUM": "2001733010", "Label_Name": "Spokane ", "LAR_Name": "Spokane ", "TAAMS_Name": "Spokane", "REGION": "Northwest", "AGENCY": "Spokane", "OWNERSHIP": "T", "TRBE_INTEREST_PERCENT": 100, "Mineral_Resources": "Both", "EST_ACRES": 80.1}}, {"type": "Feature", "geometry": {"type": "Polygon", "coordinates": [[[-117.97292034743113, 47.9586288995268], [-117.97292911957048, 47.95500080228689], [-117.96750418956499, 47.95498538286758], [-117.96749306042392, 47.95860831210746], [-117.9674820112769, 47.96220490834552], [-117.967639605306, 47.96220493332864], [-117.9729117442838, 47.96222241376434], [-117.97292034743113, 47.9586288995268]]]}, "properties": {"LANDAREACODE": "102", "TRACTID": "102 T 514", "TRACTREFNUM": "2001733182", "Label_Name": "Spokane ", "LAR_Name": "Spokane ", "TAAMS_Name": "Spokane", "REGION": "Northwest", "AGENCY": "Spokane", "OWNERSHIP": "T", "TRBE_INTEREST_PERCENT": 100, "Mineral_Resources": "Both", "EST_ACRES": 80.1}}, {"type": "Feature", "geometry": {"type": "Polygon", "coordinates": [[[-118.0380970895482, 47.87891086329095], [-118.03270905855446, 47.87890478286723], [-118.03269969941056, 47.88253129610739], [-118.038087314404, 47.88253623853092], [-118.04348962340089, 47.88254515295318], [-118.0434960095442, 47.878918554713515], [-118.0380970895482, 47.87891086329095]]]}, "properties": {"LANDAREACODE": "102", "TRACTID": "102 T 102 -A", "TRACTREFNUM": "2001733028", "Label_Name": "Spokane ", "LAR_Name": "Spokane ", "TAAMS_Name": "Spokane", "REGION": "Northwest", "AGENCY": "Spokane", "OWNERSHIP": "T", "TRBE_INTEREST_PERCENT": 100, "Mineral_Resources": "Both", "EST_ACRES": 80.1}}, {"type": "Feature", "geometry": {"type": "Polygon", "coordinates": [[[-117.88146052849406, 47.98375875399267], [-117.87602709149031, 47.983769536576055], [-117.87604772035344, 47.98738104181246], [-117.88148557535702, 47.98736582022824], [-117.88692343036041, 47.98735059964405], [-117.8868939644976, 47.98374797040926], [-117.88146052849406, 47.98375875399267]]]}, "properties": {"LANDAREACODE": "102", "TRACTID": "102 LM 32", "TRACTREFNUM": "2001732811", "Label_Name": "Spokane ", "LAR_Name": "Spokane ", "TAAMS_Name": "Spokane", "REGION": "Northwest", "AGENCY": "Spokane", "OWNERSHIP": "T", "TRBE_INTEREST_PERCENT": 100, "Mineral_Resources": "Subsurface", "EST_ACRES": 80.1}}, {"type": "Feature", "geometry": {"type": "Polygon", "coordinates": [[[-117.99486006542891, 47.907844939828294], [-117.99481884228139, 47.91147478907211], [-118.0002172052804, 47.91148909149482], [-118.00025362442759, 47.90786151825171], [-118.00029004757485, 47.90423352900854], [-117.99490128857671, 47.904215061584395], [-117.99486006542891, 47.907844939828294]]]}, "properties": {"LANDAREACODE": "102", "TRACTID": "102 T 3", "TRACTREFNUM": "2001732974", "Label_Name": "Spokane ", "LAR_Name": "Spokane ", "TAAMS_Name": "Spokane", "REGION": "Northwest", "AGENCY": "Spokane", "OWNERSHIP": "T", "TRBE_INTEREST_PERCENT": 100, "Mineral_Resources": "Both", "EST_ACRES": 80.1}}, {"type": "Feature", "geometry": {"type": "Polygon", "coordinates": [[[-117.9406358104335, 47.83168777658727], [-117.94600548841892, 47.83166401101217], [-117.94600400056639, 47.828045721772135], [-117.94063776357842, 47.82805579434587], [-117.9352302195799, 47.82805419992322], [-117.9352383234361, 47.83168326516339], [-117.9406358104335, 47.83168777658727]]]}, "properties": {"LANDAREACODE": "102", "TRACTID": "102 LM 360", "TRACTREFNUM": "2001732840", "Label_Name": "Spokane ", "LAR_Name": "Spokane ", "TAAMS_Name": "Spokane", "REGION": "Northwest", "AGENCY": "Spokane", "OWNERSHIP": "T", "TRBE_INTEREST_PERCENT": 100, "Mineral_Resources": "Subsurface", "EST_ACRES": 80.1}}, {"type": "Feature", "geometry": {"type": "Polygon", "coordinates": [[[-118.29683581691295, 47.98774933862815], [-118.29685062178147, 47.99137434286112], [-118.30226204677838, 47.99140240728042], [-118.3022461309104, 47.987780820047874], [-118.30223024204261, 47.98415912281531], [-118.29960106055726, 47.98414105809708], [-118.29682101404461, 47.98412436439518], [-118.29683581691295, 47.98774933862815]]]}, "properties": {"LANDAREACODE": "102", "TRACTID": "102 T 1166", "TRACTREFNUM": "2001733336", "Label_Name": "Spokane ", "LAR_Name": "Spokane ", "TAAMS_Name": "Spokane", "REGION": "Northwest", "AGENCY": "Spokane", "OWNERSHIP": "T", "TRBE_INTEREST_PERCENT": 100, "Mineral_Resources": "Both", "EST_ACRES": 80.1}}, {"type": "Feature", "geometry": {"type": "MultiPolygon", "coordinates": [[[[-118.30224263064336, 47.995037549517626], [-118.30222321050856, 47.998672553754744], [-118.30759880450715, 47.99873556318005], [-118.30763614164103, 47.99508300293994], [-118.30224263064336, 47.995037549517626]]], [[[-118.30224263064336, 47.995037549517626], [-118.30226204677838, 47.99140240728042], [-118.29685062178147, 47.99137434286112], [-118.29684911964544, 47.99499181909529], [-118.30224263064336, 47.995037549517626]]]]}, "properties": {"LANDAREACODE": "102", "TRACTID": "102 T 1163", "TRACTREFNUM": "2001733333", "Label_Name": "Spokane ", "LAR_Name": "Spokane ", "TAAMS_Name": "Spokane", "REGION": "Northwest", "AGENCY": "Spokane", "OWNERSHIP": "T", "TRBE_INTEREST_PERCENT": 100, "Mineral_Resources": "Both", "EST_ACRES": 80.1}}, {"type": "Feature", "geometry": {"type": "Polygon", "coordinates": [[[-117.87601048716593, 47.889643485342134], [-117.88141216917157, 47.889670021766264], [-117.88681385117712, 47.88969655719038], [-117.88683984732283, 47.886062107946344], [-117.88144474532086, 47.886045157522084], [-117.87604964331871, 47.88602820709778], [-117.87601048716593, 47.889643485342134]]]}, "properties": {"LANDAREACODE": "102", "TRACTID": "102 T 245", "TRACTREFNUM": "2001733095", "Label_Name": "Spokane ", "LAR_Name": "Spokane ", "TAAMS_Name": "Spokane", "REGION": "Northwest", "AGENCY": "Spokane", "OWNERSHIP": "T", "TRBE_INTEREST_PERCENT": 100, "Mineral_Resources": "Both", "EST_ACRES": 80.1}}, {"type": "Feature", "geometry": {"type": "Polygon", "coordinates": [[[-118.04888131196485, 47.86804622642046], [-118.0461849144679, 47.86804359770885], [-118.0461887328971, 47.86985645682795], [-118.04619254932636, 47.87166931594703], [-118.04620017818502, 47.87529501418521], [-118.04889795468245, 47.87529820689665], [-118.05159572917982, 47.87530137160809], [-118.05157811046185, 47.868048603131996], [-118.04888131196485, 47.86804622642046]]]}, "properties": {"LANDAREACODE": "102", "TRACTID": "102 T 103", "TRACTREFNUM": "2001733030", "Label_Name": "Spokane ", "LAR_Name": "Spokane ", "TAAMS_Name": "Spokane", "REGION": "Northwest", "AGENCY": "Spokane", "OWNERSHIP": "T", "TRBE_INTEREST_PERCENT": 100, "Mineral_Resources": "Both", "EST_ACRES": 80.1}}, {"type": "Feature", "geometry": {"type": "Polygon", "coordinates": [[[-117.87056127476133, 47.976552611684994], [-117.8651366887572, 47.97655591226673], [-117.86516192662204, 47.98017296850326], [-117.87058420162494, 47.980166196921445], [-117.87600647462766, 47.98015942433967], [-117.87598605377339, 47.97658325410542], [-117.8759858587653, 47.976549312103195], [-117.87056127476133, 47.976552611684994]]]}, "properties": {"LANDAREACODE": "102", "TRACTID": "102 T 142", "TRACTREFNUM": "2001733052", "Label_Name": "Spokane ", "LAR_Name": "Spokane ", "TAAMS_Name": "Spokane", "REGION": "Northwest", "AGENCY": "Spokane", "OWNERSHIP": "T", "TRBE_INTEREST_PERCENT": 100, "Mineral_Resources": "Both", "EST_ACRES": 80.1}}, {"type": "Feature", "geometry": {"type": "Polygon", "coordinates": [[[-117.88146052849406, 47.98375875399267], [-117.87602709149031, 47.983769536576055], [-117.87604772035344, 47.98738104181246], [-117.88148557535702, 47.98736582022824], [-117.88692343036041, 47.98735059964405], [-117.8868939644976, 47.98374797040926], [-117.88146052849406, 47.98375875399267]]]}, "properties": {"LANDAREACODE": "102", "TRACTID": "102 T 32", "TRACTREFNUM": "2001732990", "Label_Name": "Spokane ", "LAR_Name": "Spokane ", "TAAMS_Name": "Spokane", "REGION": "Northwest", "AGENCY": "Spokane", "OWNERSHIP": "T", "TRBE_INTEREST_PERCENT": 100, "Mineral_Resources": "Surface", "EST_ACRES": 80.1}}, {"type": "Feature", "geometry": {"type": "Polygon", "coordinates": [[[-117.9406358104335, 47.83168777658727], [-117.94600548841892, 47.83166401101217], [-117.94600400056639, 47.828045721772135], [-117.94063776357842, 47.82805579434587], [-117.9352302195799, 47.82805419992322], [-117.9352383234361, 47.83168326516339], [-117.9406358104335, 47.83168777658727]]]}, "properties": {"LANDAREACODE": "102", "TRACTID": "102 T 360", "TRACTREFNUM": "2001733135", "Label_Name": "Spokane ", "LAR_Name": "Spokane ", "TAAMS_Name": "Spokane", "REGION": "Northwest", "AGENCY": "Spokane", "OWNERSHIP": "T", "TRBE_INTEREST_PERCENT": 100, "Mineral_Resources": "Surface", "EST_ACRES": 80.1}}, {"type": "Feature", "geometry": {"type": "Polygon", "coordinates": [[[-117.85441677046579, 47.95843722521623], [-117.85438855560048, 47.954814641979226], [-117.84900465560399, 47.954819415556265], [-117.8490292654683, 47.95844070779358], [-117.84905397733638, 47.96207691603191], [-117.85444517733629, 47.962080614454514], [-117.85441677046579, 47.95843722521623]]]}, "properties": {"LANDAREACODE": "102", "TRACTID": "102 T 1010", "TRACTREFNUM": "2001733229", "Label_Name": "Spokane ", "LAR_Name": "Spokane ", "TAAMS_Name": "Spokane", "REGION": "Northwest", "AGENCY": "Spokane", "OWNERSHIP": "T", "TRBE_INTEREST_PERCENT": 100, "Mineral_Resources": "Both", "EST_ACRES": 80.0}}, {"type": "Feature", "geometry": {"type": "Polygon", "coordinates": [[[-118.00025362442759, 47.90786151825171], [-118.0002172052804, 47.91148909149482], [-118.00561580527938, 47.9115037999175], [-118.00564728042602, 47.90787792267512], [-118.00567875557284, 47.90425204443269], [-118.00029004757485, 47.90423352900854], [-118.00025362442759, 47.90786151825171]]]}, "properties": {"LANDAREACODE": "102", "TRACTID": "102 LM 31", "TRACTREFNUM": "2001732810", "Label_Name": "Spokane ", "LAR_Name": "Spokane ", "TAAMS_Name": "Spokane", "REGION": "Northwest", "AGENCY": "Spokane", "OWNERSHIP": "T", "TRBE_INTEREST_PERCENT": 100, "Mineral_Resources": "Subsurface", "EST_ACRES": 80.0}}, {"type": "Feature", "geometry": {"type": "Polygon", "coordinates": [[[-118.05428987241378, 47.93327569413346], [-118.05434637930168, 47.9369709573701], [-118.05425140412784, 47.94052247161347], [-118.05968544612881, 47.94052321303067], [-118.05970441327082, 47.936896616790555], [-118.05972338441305, 47.93327004855038], [-118.05428987241378, 47.93327569413346]]]}, "properties": {"LANDAREACODE": "102", "TRACTID": "102 T 231", "TRACTREFNUM": "2001733092", "Label_Name": "Spokane ", "LAR_Name": "Spokane ", "TAAMS_Name": "Spokane", "REGION": "Northwest", "AGENCY": "Spokane", "OWNERSHIP": "T", "TRBE_INTEREST_PERCENT": 100, "Mineral_Resources": "Both", "EST_ACRES": 80.0}}, {"type": "Feature", "geometry": {"type": "Polygon", "coordinates": [[[-118.05964319322887, 47.86078239979001], [-118.05965584909056, 47.86441906702832], [-118.05966850695239, 47.86805573226664], [-118.06504027693956, 47.86805035969133], [-118.06502944207853, 47.864416061453035], [-118.06501860721777, 47.86078176021477], [-118.05964319322887, 47.86078239979001]]]}, "properties": {"LANDAREACODE": "102", "TRACTID": "102 T 324", "TRACTREFNUM": "2001733125", "Label_Name": "Spokane ", "LAR_Name": "Spokane ", "TAAMS_Name": "Spokane", "REGION": "Northwest", "AGENCY": "Spokane", "OWNERSHIP": "T", "TRBE_INTEREST_PERCENT": 100, "Mineral_Resources": "Both", "EST_ACRES": 80.0}}, {"type": "Feature", "geometry": {"type": "Polygon", "coordinates": [[[-117.95681465416378, 47.96581094772713], [-117.95680844102466, 47.969435789966624], [-117.96221060601981, 47.96942372038639], [-117.96222040716118, 47.965805658147], [-117.96223020930272, 47.96218759590762], [-117.96205239126999, 47.962188098926745], [-117.9568208663031, 47.96218606348763], [-117.95681465416378, 47.96581094772713]]]}, "properties": {"LANDAREACODE": "102", "TRACTID": "102 T 223", "TRACTREFNUM": "2001733087", "Label_Name": "Spokane ", "LAR_Name": "Spokane ", "TAAMS_Name": "Spokane", "REGION": "Northwest", "AGENCY": "Spokane", "OWNERSHIP": "T", "TRBE_INTEREST_PERCENT": 100, "Mineral_Resources": "Both", "EST_ACRES": 80.0}}, {"type": "Feature", "geometry": {"type": "Polygon", "coordinates": [[[-118.3183615707564, 47.99154040855623], [-118.31836987862465, 47.99516755078969], [-118.31837818549309, 47.99879466602317], [-118.32376922147499, 47.99877770244154], [-118.32377213660935, 47.99515414320718], [-118.32377505174397, 47.991530472972784], [-118.3183615707564, 47.99154040855623]]]}, "properties": {"LANDAREACODE": "102", "TRACTID": "102 T 357", "TRACTREFNUM": "2001733134", "Label_Name": "Spokane ", "LAR_Name": "Spokane ", "TAAMS_Name": "Spokane", "REGION": "Northwest", "AGENCY": "Spokane", "OWNERSHIP": "T", "TRBE_INTEREST_PERCENT": 100, "Mineral_Resources": "Surface", "EST_ACRES": 80.0}}, {"type": "Feature", "geometry": {"type": "Polygon", "coordinates": [[[-117.88154247476987, 47.87517004478924], [-117.88154216877783, 47.875203984791575], [-117.88150989862001, 47.878795177033595], [-117.88147731747036, 47.882420293277846], [-117.8868658394688, 47.88242765770228], [-117.88689183261498, 47.87879320945812], [-117.88691782776141, 47.87515875921395], [-117.88154247476987, 47.87517004478924]]]}, "properties": {"LANDAREACODE": "102", "TRACTID": "102 T 1280", "TRACTREFNUM": "2001733456", "Label_Name": "Spokane ", "LAR_Name": "Spokane ", "TAAMS_Name": "Spokane", "REGION": "Northwest", "AGENCY": "Spokane", "OWNERSHIP": "T", "TRBE_INTEREST_PERCENT": 100, "Mineral_Resources": "Both", "EST_ACRES": 80.0}}, {"type": "Feature", "geometry": {"type": "Polygon", "coordinates": [[[-117.87604964331871, 47.88602820709778], [-117.88144474532086, 47.886045157522084], [-117.88683984732283, 47.886062107946344], [-117.8868658394688, 47.88242765770228], [-117.88147731747036, 47.882420293277846], [-117.87608879647172, 47.88241292785345], [-117.87604964331871, 47.88602820709778]]]}, "properties": {"LANDAREACODE": "102", "TRACTID": "102 T 241", "TRACTREFNUM": "2001733093", "Label_Name": "Spokane ", "LAR_Name": "Spokane ", "TAAMS_Name": "Spokane", "REGION": "Northwest", "AGENCY": "Spokane", "OWNERSHIP": "T", "TRBE_INTEREST_PERCENT": 100, "Mineral_Resources": "Both", "EST_ACRES": 80.0}}, {"type": "Feature", "geometry": {"type": "Polygon", "coordinates": [[[-118.00025362442759, 47.90786151825171], [-118.0002172052804, 47.91148909149482], [-118.00561580527938, 47.9115037999175], [-118.00564728042602, 47.90787792267512], [-118.00567875557284, 47.90425204443269], [-118.00029004757485, 47.90423352900854], [-118.00025362442759, 47.90786151825171]]]}, "properties": {"LANDAREACODE": "102", "TRACTID": "102 T 31", "TRACTREFNUM": "2001732989", "Label_Name": "Spokane ", "LAR_Name": "Spokane ", "TAAMS_Name": "Spokane", "REGION": "Northwest", "AGENCY": "Spokane", "OWNERSHIP": "T", "TRBE_INTEREST_PERCENT": 100, "Mineral_Resources": "Surface", "EST_ACRES": 80.0}}, {"type": "Feature", "geometry": {"type": "Polygon", "coordinates": [[[-117.94066233590242, 47.973058876937216], [-117.94066839076683, 47.97668758917569], [-117.9460579737643, 47.97669276359789], [-117.94605135790023, 47.973065886359635], [-117.94604474303634, 47.96943904212133], [-117.94065628303824, 47.969430162698664], [-117.94066233590242, 47.973058876937216]]]}, "properties": {"LANDAREACODE": "102", "TRACTID": "102 T 464", "TRACTREFNUM": "2001733163", "Label_Name": "Spokane ", "LAR_Name": "Spokane ", "TAAMS_Name": "Spokane", "REGION": "Northwest", "AGENCY": "Spokane", "OWNERSHIP": "T", "TRBE_INTEREST_PERCENT": 100, "Mineral_Resources": "Both", "EST_ACRES": 79.9}}, {"type": "Feature", "geometry": {"type": "Polygon", "coordinates": [[[-117.97834483043215, 47.95862654194486], [-117.97836427157684, 47.955012833704835], [-117.97292911957048, 47.95500080228689], [-117.97292034743113, 47.9586288995268], [-117.9729117442838, 47.96222241376434], [-117.97304911330917, 47.96222232674962], [-117.97832561327724, 47.96219613818196], [-117.97834483043215, 47.95862654194486]]]}, "properties": {"LANDAREACODE": "102", "TRACTID": "102 T 1054", "TRACTREFNUM": "2001733253", "Label_Name": "Spokane ", "LAR_Name": "Spokane ", "TAAMS_Name": "Spokane", "REGION": "Northwest", "AGENCY": "Spokane", "OWNERSHIP": "T", "TRBE_INTEREST_PERCENT": 100, "Mineral_Resources": "Both", "EST_ACRES": 79.9}}, {"type": "Feature", "geometry": {"type": "Polygon", "coordinates": [[[-117.94065023017403, 47.96580042645999], [-117.94065628303824, 47.969430162698664], [-117.94604474303634, 47.96943904212133], [-117.94603556017131, 47.96580834088297], [-117.94602638030656, 47.96217794364462], [-117.94064417731003, 47.96217068822124], [-117.94065023017403, 47.96580042645999]]]}, "properties": {"LANDAREACODE": "102", "TRACTID": "102 T 599", "TRACTREFNUM": "2001732669", "Label_Name": "Spokane ", "LAR_Name": "Spokane ", "TAAMS_Name": "Spokane", "REGION": "Northwest", "AGENCY": "Spokane", "OWNERSHIP": "T", "TRBE_INTEREST_PERCENT": 100, "Mineral_Resources": "Both", "EST_ACRES": 79.9}}, {"type": "Feature", "geometry": {"type": "MultiPolygon", "coordinates": [[[[-117.7950165422882, 47.93667040513144], [-117.79500920642803, 47.93304583689117], [-117.78961479842418, 47.9330339394675], [-117.7896251382848, 47.93665808870755], [-117.7950165422882, 47.93667040513144]]], [[[-117.79502387714858, 47.94029471637169], [-117.80041227715135, 47.94030717179586], [-117.80040794629143, 47.936682464555304], [-117.7950165422882, 47.93667040513144], [-117.79502387714858, 47.94029471637169]]]]}, "properties": {"LANDAREACODE": "102", "TRACTID": "102 T 1358", "TRACTREFNUM": "2001733513", "Label_Name": "Spokane ", "LAR_Name": "Spokane ", "TAAMS_Name": "Spokane", "REGION": "Northwest", "AGENCY": "Spokane", "OWNERSHIP": "T", "TRBE_INTEREST_PERCENT": 100, "Mineral_Resources": "Both", "EST_ACRES": 79.9}}, {"type": "Feature", "geometry": {"type": "Polygon", "coordinates": [[[-118.31113944776286, 47.955194845981715], [-118.30978569951665, 47.95520043912768], [-118.30843197127044, 47.9552060092736], [-118.30707822502426, 47.95521157941951], [-118.30707515545491, 47.957021136537065], [-118.30707208688565, 47.9588307216546], [-118.30706901231646, 47.96064027977219], [-118.3070659377473, 47.96244983788972], [-118.30771242286556, 47.96244997282019], [-118.31245321872682, 47.962425901308734], [-118.31246320829733, 47.960617024190505], [-118.31247319786796, 47.958808145072304], [-118.31249317300905, 47.955189253835805], [-118.31113944776286, 47.955194845981715]]]}, "properties": {"LANDAREACODE": "102", "TRACTID": "102 T 556", "TRACTREFNUM": "2001733191", "Label_Name": "Spokane ", "LAR_Name": "Spokane ", "TAAMS_Name": "Spokane", "REGION": "Northwest", "AGENCY": "Spokane", "OWNERSHIP": "T", "TRBE_INTEREST_PERCENT": 100, "Mineral_Resources": "Both", "EST_ACRES": 79.9}}, {"type": "Feature", "geometry": {"type": "Polygon", "coordinates": [[[-117.96765868028565, 47.93684517665518], [-117.96762502113864, 47.94046496789749], [-117.97304456814072, 47.940471163317056], [-117.97305906228442, 47.93685234407693], [-117.97307355542829, 47.93323349783675], [-117.96769231143304, 47.933225997412876], [-117.96765868028565, 47.93684517665518]]]}, "properties": {"LANDAREACODE": "102", "TRACTID": "102 T 355", "TRACTREFNUM": "2001733133", "Label_Name": "Spokane ", "LAR_Name": "Spokane ", "TAAMS_Name": "Spokane", "REGION": "Northwest", "AGENCY": "Spokane", "OWNERSHIP": "T", "TRBE_INTEREST_PERCENT": 100, "Mineral_Resources": "Both", "EST_ACRES": 79.9}}, {"type": "Feature", "geometry": {"type": "Polygon", "coordinates": [[[-117.80043801042423, 47.95830116398877], [-117.80586079843638, 47.95832609940971], [-117.81124964744198, 47.95835060083428], [-117.81128359044833, 47.95835075583065], [-117.81126642958759, 47.9547374105926], [-117.81123248758125, 47.9547373105962], [-117.80584936557875, 47.95472139317158], [-117.80581542457249, 47.95472129117521], [-117.8004323045699, 47.954705397750544], [-117.80043801042423, 47.95830116398877]]]}, "properties": {"LANDAREACODE": "102", "TRACTID": "102 T 285", "TRACTREFNUM": "2001733107", "Label_Name": "Spokane ", "LAR_Name": "Spokane ", "TAAMS_Name": "Spokane", "REGION": "Northwest", "AGENCY": "Spokane", "OWNERSHIP": "T", "TRBE_INTEREST_PERCENT": 100, "Mineral_Resources": "Both", "EST_ACRES": 79.9}}, {"type": "Feature", "geometry": {"type": "Polygon", "coordinates": [[[-118.26458550283438, 47.96606149369222], [-118.26997422882282, 47.966068808113235], [-118.27536292681101, 47.96607587053422], [-118.27538496095097, 47.962451062296765], [-118.2747384208325, 47.96245079036625], [-118.26999448296216, 47.96244294287582], [-118.26934794284377, 47.96244280794534], [-118.26460400997325, 47.96243493545487], [-118.26458550283438, 47.96606149369222]]]}, "properties": {"LANDAREACODE": "102", "TRACTID": "102 T 481 -B", "TRACTREFNUM": "2001733168", "Label_Name": "Spokane ", "LAR_Name": "Spokane ", "TAAMS_Name": "Spokane", "REGION": "Northwest", "AGENCY": "Spokane", "OWNERSHIP": "T", "TRBE_INTEREST_PERCENT": 100, "Mineral_Resources": "Both", "EST_ACRES": 79.9}}, {"type": "Feature", "geometry": {"type": "Polygon", "coordinates": [[[-117.92984701455653, 47.9041690665458], [-117.93523070255456, 47.90418334097055], [-117.94061438955251, 47.90419761439524], [-117.94061495669578, 47.90057778715572], [-117.93523439169735, 47.9005587707303], [-117.92985382969877, 47.900539753304805], [-117.92985212491314, 47.901447081365085], [-117.9298504221276, 47.9023544104253], [-117.92984871834207, 47.903261738485575], [-117.92984701455653, 47.9041690665458]]]}, "properties": {"LANDAREACODE": "102", "TRACTID": "102 LM 138", "TRACTREFNUM": "2001732828", "Label_Name": "Spokane ", "LAR_Name": "Spokane ", "TAAMS_Name": "Spokane", "REGION": "Northwest", "AGENCY": "Spokane", "OWNERSHIP": "T", "TRBE_INTEREST_PERCENT": 100, "Mineral_Resources": "Subsurface", "EST_ACRES": 79.8}}, {"type": "Feature", "geometry": {"type": "Polygon", "coordinates": [[[-117.92984701455653, 47.9041690665458], [-117.93523070255456, 47.90418334097055], [-117.94061438955251, 47.90419761439524], [-117.94061495669578, 47.90057778715572], [-117.93523439169735, 47.9005587707303], [-117.92985382969877, 47.900539753304805], [-117.92985212491314, 47.901447081365085], [-117.9298504221276, 47.9023544104253], [-117.92984871834207, 47.903261738485575], [-117.92984701455653, 47.9041690665458]]]}, "properties": {"LANDAREACODE": "102", "TRACTID": "102 T 138", "TRACTREFNUM": "2001733050", "Label_Name": "Spokane ", "LAR_Name": "Spokane ", "TAAMS_Name": "Spokane", "REGION": "Northwest", "AGENCY": "Spokane", "OWNERSHIP": "T", "TRBE_INTEREST_PERCENT": 100, "Mineral_Resources": "Surface", "EST_ACRES": 79.8}}, {"type": "Feature", "geometry": {"type": "Polygon", "coordinates": [[[-117.92988157517932, 47.9657837996136], [-117.9298834010421, 47.96941141885271], [-117.93526984304023, 47.96942079127569], [-117.93526589517673, 47.965792114036795], [-117.93526194931344, 47.96216343379785], [-117.92987974831665, 47.962156179374475], [-117.92988157517932, 47.9657837996136]]]}, "properties": {"LANDAREACODE": "102", "TRACTID": "102 T 1121", "TRACTREFNUM": "2001733286", "Label_Name": "Spokane ", "LAR_Name": "Spokane ", "TAAMS_Name": "Spokane", "REGION": "Northwest", "AGENCY": "Spokane", "OWNERSHIP": "T", "TRBE_INTEREST_PERCENT": 100, "Mineral_Resources": "Both", "EST_ACRES": 79.8}}, {"type": "Feature", "geometry": {"type": "Polygon", "coordinates": [[[-118.26456702369568, 47.969688078929515], [-118.2699539446836, 47.969694505350624], [-118.27534089367136, 47.96970067977167], [-118.27536292681101, 47.96607587053422], [-118.26997422882282, 47.966068808113235], [-118.26458550283438, 47.96606149369222], [-118.26456702369568, 47.969688078929515]]]}, "properties": {"LANDAREACODE": "102", "TRACTID": "102 T 481 -A", "TRACTREFNUM": "2001733167", "Label_Name": "Spokane ", "LAR_Name": "Spokane ", "TAAMS_Name": "Spokane", "REGION": "Northwest", "AGENCY": "Spokane", "OWNERSHIP": "T", "TRBE_INTEREST_PERCENT": 100, "Mineral_Resources": "Both", "EST_ACRES": 79.8}}, {"type": "Feature", "geometry": {"type": "Polygon", "coordinates": [[[-117.95687183628984, 47.93682920381006], [-117.95682687414121, 47.940451299053876], [-117.96220544813632, 47.94045852347793], [-117.96225330028572, 47.93683778823394], [-117.96230112343545, 47.93321705198997], [-117.95691679843864, 47.933206968566225], [-117.95687183628984, 47.93682920381006]]]}, "properties": {"LANDAREACODE": "102", "TRACTID": "102 T 212", "TRACTREFNUM": "2001733080", "Label_Name": "Spokane ", "LAR_Name": "Spokane ", "TAAMS_Name": "Spokane", "REGION": "Northwest", "AGENCY": "Spokane", "OWNERSHIP": "T", "TRBE_INTEREST_PERCENT": 100, "Mineral_Resources": "Both", "EST_ACRES": 79.7}}, {"type": "Feature", "geometry": {"type": "Polygon", "coordinates": [[[-118.2860764493575, 47.976915173084464], [-118.28606711522367, 47.980551622321016], [-118.28605774909002, 47.98418804255755], [-118.29143939406725, 47.98415549497629], [-118.29143720220023, 47.980525463741486], [-118.29143503633361, 47.97689601550673], [-118.2860764493575, 47.976915173084464]]]}, "properties": {"LANDAREACODE": "102", "TRACTID": "102 T 376", "TRACTREFNUM": "2001733139", "Label_Name": "Spokane ", "LAR_Name": "Spokane ", "TAAMS_Name": "Spokane", "REGION": "Northwest", "AGENCY": "Spokane", "OWNERSHIP": "T", "TRBE_INTEREST_PERCENT": 100, "Mineral_Resources": "Both", "EST_ACRES": 79.7}}, {"type": "Feature", "geometry": {"type": "Polygon", "coordinates": [[[-117.9191273686341, 47.98026333872208], [-117.9245067006318, 47.98027441514582], [-117.92988603762929, 47.980285488569486], [-117.92988705676845, 47.97666668733083], [-117.92450658376946, 47.976650234906856], [-117.91912611177038, 47.976633783482825], [-117.9191273686341, 47.98026333872208]]]}, "properties": {"LANDAREACODE": "102", "TRACTID": "102 T 391", "TRACTREFNUM": "2001733140", "Label_Name": "Spokane ", "LAR_Name": "Spokane ", "TAAMS_Name": "Spokane", "REGION": "Northwest", "AGENCY": "Spokane", "OWNERSHIP": "T", "TRBE_INTEREST_PERCENT": 100, "Mineral_Resources": "Both", "EST_ACRES": 79.7}}, {"type": "Feature", "geometry": {"type": "Polygon", "coordinates": [[[-117.96222040716118, 47.965805658147], [-117.96221060601981, 47.96942372038639], [-117.96760495001327, 47.96941116180688], [-117.96761361458638, 47.96760972868736], [-117.96762227815954, 47.965808062567795], [-117.967639605306, 47.96220493332864], [-117.9674820112769, 47.96220490834552], [-117.96223020930272, 47.96218759590762], [-117.96222040716118, 47.965805658147]]]}, "properties": {"LANDAREACODE": "102", "TRACTID": "102 T 1143", "TRACTREFNUM": "2001733310", "Label_Name": "Spokane ", "LAR_Name": "Spokane ", "TAAMS_Name": "Spokane", "REGION": "Northwest", "AGENCY": "Spokane", "OWNERSHIP": "T", "TRBE_INTEREST_PERCENT": 100, "Mineral_Resources": "Both", "EST_ACRES": 79.7}}, {"type": "Feature", "geometry": {"type": "Polygon", "coordinates": [[[-118.30167801876458, 47.96246116346994], [-118.29693663889992, 47.96247242798055], [-118.29688688575077, 47.96607882021956], [-118.29683713060174, 47.96968521245857], [-118.30224585959422, 47.96969769387754], [-118.30228519473843, 47.96607952363896], [-118.30232455888279, 47.9624611304004], [-118.30167801876458, 47.96246116346994]]]}, "properties": {"LANDAREACODE": "102", "TRACTID": "102 T 488", "TRACTREFNUM": "2001733175", "Label_Name": "Spokane ", "LAR_Name": "Spokane ", "TAAMS_Name": "Spokane", "REGION": "Northwest", "AGENCY": "Spokane", "OWNERSHIP": "T", "TRBE_INTEREST_PERCENT": 100, "Mineral_Resources": "Both", "EST_ACRES": 79.7}}, {"type": "Feature", "geometry": {"type": "Polygon", "coordinates": [[[-117.91912419190807, 47.973009835243886], [-117.91912611177038, 47.976633783482825], [-117.92450658376946, 47.976650234906856], [-117.92450470990669, 47.97302444466789], [-117.9245028360441, 47.96939865142885], [-117.91912227104591, 47.96938588400499], [-117.91912419190807, 47.973009835243886]]]}, "properties": {"LANDAREACODE": "102", "TRACTID": "102 T 139", "TRACTREFNUM": "2001733051", "Label_Name": "Spokane ", "LAR_Name": "Spokane ", "TAAMS_Name": "Spokane", "REGION": "Northwest", "AGENCY": "Spokane", "OWNERSHIP": "T", "TRBE_INTEREST_PERCENT": 100, "Mineral_Resources": "Both", "EST_ACRES": 79.7}}, {"type": "Feature", "geometry": {"type": "Polygon", "coordinates": [[[-117.95140895616619, 47.965816237307216], [-117.95141166430332, 47.96218464206758], [-117.95119348526298, 47.96218461909098], [-117.94602638030656, 47.96217794364462], [-117.94603556017131, 47.96580834088297], [-117.94604474303634, 47.96943904212133], [-117.95140627602927, 47.96944785954684], [-117.95140895616619, 47.965816237307216]]]}, "properties": {"LANDAREACODE": "102", "TRACTID": "102 T 538", "TRACTREFNUM": "2001733189", "Label_Name": "Spokane ", "LAR_Name": "Spokane ", "TAAMS_Name": "Spokane", "REGION": "Northwest", "AGENCY": "Spokane", "OWNERSHIP": "T", "TRBE_INTEREST_PERCENT": 100, "Mineral_Resources": "Both", "EST_ACRES": 79.7}}, {"type": "Feature", "geometry": {"type": "Polygon", "coordinates": [[[-118.28075131979762, 47.966076906954825], [-118.280729730657, 47.96969718719184], [-118.28611859864236, 47.96969341761202], [-118.28613971178393, 47.96607766537536], [-118.28616079992581, 47.962461912138735], [-118.28551425980741, 47.96246164020823], [-118.28077288093846, 47.96245648771774], [-118.28075131979762, 47.966076906954825]]]}, "properties": {"LANDAREACODE": "102", "TRACTID": "102 T 414", "TRACTREFNUM": "2001733150", "Label_Name": "Spokane ", "LAR_Name": "Spokane ", "TAAMS_Name": "Spokane", "REGION": "Northwest", "AGENCY": "Spokane", "OWNERSHIP": "T", "TRBE_INTEREST_PERCENT": 100, "Mineral_Resources": "Surface", "EST_ACRES": 79.7}}, {"type": "Feature", "geometry": {"type": "Polygon", "coordinates": [[[-118.02177299298573, 47.91879164966656], [-118.02180207913621, 47.91518629942606], [-118.01643135114554, 47.91518347200132], [-118.01637017898315, 47.91876348724368], [-118.0163587068408, 47.92238892048361], [-118.02176479984273, 47.92241149790576], [-118.02177299298573, 47.91879164966656]]]}, "properties": {"LANDAREACODE": "102", "TRACTID": "102 T 199", "TRACTREFNUM": "2001733076", "Label_Name": "Spokane ", "LAR_Name": "Spokane ", "TAAMS_Name": "Spokane", "REGION": "Northwest", "AGENCY": "Spokane", "OWNERSHIP": "T", "TRBE_INTEREST_PERCENT": 100, "Mineral_Resources": "Both", "EST_ACRES": 79.6}}, {"type": "Feature", "geometry": {"type": "Polygon", "coordinates": [[[-117.89759376091168, 47.972956691549115], [-117.90297845691097, 47.97296840797252], [-117.90836315291021, 47.9729801263959], [-117.90836114204889, 47.969359340157055], [-117.90297427304998, 47.969350454734034], [-117.89758740905096, 47.96934156931099], [-117.89759376091168, 47.972956691549115]]]}, "properties": {"LANDAREACODE": "102", "TRACTID": "102 T 518", "TRACTREFNUM": "2001733184", "Label_Name": "Spokane ", "LAR_Name": "Spokane ", "TAAMS_Name": "Spokane", "REGION": "Northwest", "AGENCY": "Spokane", "OWNERSHIP": "T", "TRBE_INTEREST_PERCENT": 100, "Mineral_Resources": "Both", "EST_ACRES": 79.6}}, {"type": "Feature", "geometry": {"type": "Polygon", "coordinates": [[[-117.9271987802264, 47.87524113391291], [-117.9285363164758, 47.87525091377049], [-117.92987384772519, 47.87526069162811], [-117.92987907586968, 47.871634877387216], [-117.9298843050144, 47.86800903514623], [-117.9245081420138, 47.86797726671891], [-117.9245159158706, 47.8715994699583], [-117.92452371572759, 47.87522156019762], [-117.9271987802264, 47.87524113391291]]]}, "properties": {"LANDAREACODE": "102", "TRACTID": "102 T 1003", "TRACTREFNUM": "2001733223", "Label_Name": "Spokane ", "LAR_Name": "Spokane ", "TAAMS_Name": "Spokane", "REGION": "Northwest", "AGENCY": "Spokane", "OWNERSHIP": "T", "TRBE_INTEREST_PERCENT": 100, "Mineral_Resources": "Both", "EST_ACRES": 79.6}}, {"type": "Feature", "geometry": {"type": "Polygon", "coordinates": [[[-117.90294549886515, 47.89690524994315], [-117.90295735701409, 47.89329767870265], [-117.89756723801487, 47.893286862278494], [-117.89755037186185, 47.89688145751869], [-117.89753339471453, 47.90049915076042], [-117.90291193671442, 47.90052128818647], [-117.90294549886515, 47.89690524994315]]]}, "properties": {"LANDAREACODE": "102", "TRACTID": "102 T 1274 -A", "TRACTREFNUM": "2001733450", "Label_Name": "Spokane ", "LAR_Name": "Spokane ", "TAAMS_Name": "Spokane", "REGION": "Northwest", "AGENCY": "Spokane", "OWNERSHIP": "T", "TRBE_INTEREST_PERCENT": 100, "Mineral_Resources": "Both", "EST_ACRES": 79.6}}, {"type": "Feature", "geometry": {"type": "Polygon", "coordinates": [[[-117.97845142630058, 47.9621964971685], [-117.97842989815337, 47.96579957940797], [-117.9784084060048, 47.9693958586469], [-117.98380024300297, 47.969406946069185], [-117.98382699214721, 47.96578871082828], [-117.98385373829171, 47.962170472587324], [-117.98373953727055, 47.96217014159952], [-117.97845142630058, 47.9621964971685]]]}, "properties": {"LANDAREACODE": "102", "TRACTID": "102 T 314", "TRACTREFNUM": "2001732300", "Label_Name": "Spokane ", "LAR_Name": "Spokane ", "TAAMS_Name": "Spokane", "REGION": "Northwest", "AGENCY": "Spokane", "OWNERSHIP": "T", "TRBE_INTEREST_PERCENT": 100, "Mineral_Resources": "Both", "EST_ACRES": 79.6}}, {"type": "Feature", "geometry": {"type": "MultiPolygon", "coordinates": [[[[-117.89751641656738, 47.90411684300206], [-117.9028782005681, 47.904155283430924], [-117.90291193671442, 47.90052128818647], [-117.89753339471453, 47.90049915076042], [-117.89752916192775, 47.901403568820825], [-117.89752491314094, 47.902307993881244], [-117.89751641656738, 47.90411684300206]]], [[[-117.93521316611665, 47.915015859688964], [-117.93521608468937, 47.913209876569226], [-117.93521754447573, 47.912306839509355], [-117.92982675047011, 47.9122666340838], [-117.92982668647613, 47.912292087085476], [-117.9298244696855, 47.91317768114431], [-117.92982442768952, 47.913194645145424], [-117.92981991111628, 47.914999775265365], [-117.92981769632546, 47.91588428432411], [-117.93521173132604, 47.91590083374766], [-117.93521316611665, 47.915015859688964]]]]}, "properties": {"LANDAREACODE": "102", "TRACTID": "102 T 345", "TRACTREFNUM": "2001733127", "Label_Name": "Spokane ", "LAR_Name": "Spokane ", "TAAMS_Name": "Spokane", "REGION": "Northwest", "AGENCY": "Spokane", "OWNERSHIP": "T", "TRBE_INTEREST_PERCENT": 100, "Mineral_Resources": "Both", "EST_ACRES": 79.6}}, {"type": "Feature", "geometry": {"type": "Polygon", "coordinates": [[[-118.25855514400308, 47.95881553887026], [-118.2585670198658, 47.96242682110344], [-118.25921353498427, 47.96242695503395], [-118.26395749585488, 47.96243480152437], [-118.2639442859913, 47.95882138029129], [-118.26393104012801, 47.955207988058085], [-118.2585432881405, 47.955204146636966], [-118.25855514400308, 47.95881553887026]]]}, "properties": {"LANDAREACODE": "102", "TRACTID": "102 T 489", "TRACTREFNUM": "2001733176", "Label_Name": "Spokane ", "LAR_Name": "Spokane ", "TAAMS_Name": "Spokane", "REGION": "Northwest", "AGENCY": "Spokane", "OWNERSHIP": "T", "TRBE_INTEREST_PERCENT": 100, "Mineral_Resources": "Both", "EST_ACRES": 79.6}}, {"type": "Feature", "geometry": {"type": "Polygon", "coordinates": [[[-118.25316603101463, 47.958809446449145], [-118.25317654487661, 47.9624188116824], [-118.25382308499508, 47.96241894561291], [-118.2585670198658, 47.96242682110344], [-118.25855514400308, 47.95881553887026], [-118.2585432881405, 47.955204146636966], [-118.25315550915282, 47.95520008321581], [-118.25316603101463, 47.958809446449145]]]}, "properties": {"LANDAREACODE": "102", "TRACTID": "102 T 491", "TRACTREFNUM": "2001733178", "Label_Name": "Spokane ", "LAR_Name": "Spokane ", "TAAMS_Name": "Spokane", "REGION": "Northwest", "AGENCY": "Spokane", "OWNERSHIP": "T", "TRBE_INTEREST_PERCENT": 100, "Mineral_Resources": "Both", "EST_ACRES": 79.5}}, {"type": "Feature", "geometry": {"type": "Polygon", "coordinates": [[[-117.92979389454055, 47.929467712224785], [-117.93518234853994, 47.92948268464864], [-117.9405708035392, 47.92949765707246], [-117.94058174368786, 47.92589861883349], [-117.93518694068557, 47.925875702409755], [-117.92979213868311, 47.92585278598606], [-117.92979389454055, 47.929467712224785]]]}, "properties": {"LANDAREACODE": "102", "TRACTID": "102 T 632", "TRACTREFNUM": "2001733213", "Label_Name": "Spokane ", "LAR_Name": "Spokane ", "TAAMS_Name": "Spokane", "REGION": "Northwest", "AGENCY": "Spokane", "OWNERSHIP": "T", "TRBE_INTEREST_PERCENT": 100, "Mineral_Resources": "Both", "EST_ACRES": 79.5}}, {"type": "Feature", "geometry": {"type": "Polygon", "coordinates": [[[-117.9191527818713, 47.87156380952933], [-117.91917361472986, 47.875182400767116], [-117.92452371572759, 47.87522156019762], [-117.9245159158706, 47.8715994699583], [-117.9245081420138, 47.86797726671891], [-117.91913197901299, 47.86794524829149], [-117.9191527818713, 47.87156380952933]]]}, "properties": {"LANDAREACODE": "102", "TRACTID": "102 T 304", "TRACTREFNUM": "2001733120", "Label_Name": "Spokane ", "LAR_Name": "Spokane ", "TAAMS_Name": "Spokane", "REGION": "Northwest", "AGENCY": "Spokane", "OWNERSHIP": "T", "TRBE_INTEREST_PERCENT": 100, "Mineral_Resources": "Surface", "EST_ACRES": 79.5}}, {"type": "Feature", "geometry": {"type": "Polygon", "coordinates": [[[-117.97304911330917, 47.96222232674962], [-117.97302420315773, 47.96581046598851], [-117.97301174558213, 47.96760452710796], [-117.97299929200656, 47.96939860322741], [-117.9784084060048, 47.9693958586469], [-117.97842989815337, 47.96579957940797], [-117.97845142630058, 47.9621964971685], [-117.97832561327724, 47.96219613818196], [-117.97304911330917, 47.96222232674962]]]}, "properties": {"LANDAREACODE": "102", "TRACTID": "102 T 213", "TRACTREFNUM": "2001733081", "Label_Name": "Spokane ", "LAR_Name": "Spokane ", "TAAMS_Name": "Spokane", "REGION": "Northwest", "AGENCY": "Spokane", "OWNERSHIP": "T", "TRBE_INTEREST_PERCENT": 100, "Mineral_Resources": "Both", "EST_ACRES": 79.4}}, {"type": "Feature", "geometry": {"type": "Polygon", "coordinates": [[[-117.92979565339822, 47.93308263746355], [-117.9351777573946, 47.93308966488743], [-117.94055986139084, 47.93309669331135], [-117.9405708035392, 47.92949765707246], [-117.93518234853994, 47.92948268464864], [-117.92979389454055, 47.929467712224785], [-117.92979565339822, 47.93308263746355]]]}, "properties": {"LANDAREACODE": "102", "TRACTID": "102 T 127", "TRACTREFNUM": "2001733044", "Label_Name": "Spokane ", "LAR_Name": "Spokane ", "TAAMS_Name": "Spokane", "REGION": "Northwest", "AGENCY": "Spokane", "OWNERSHIP": "T", "TRBE_INTEREST_PERCENT": 100, "Mineral_Resources": "Surface", "EST_ACRES": 79.4}}, {"type": "Feature", "geometry": {"type": "Polygon", "coordinates": [[[-117.92979565339822, 47.93308263746355], [-117.9351777573946, 47.93308966488743], [-117.94055986139084, 47.93309669331135], [-117.9405708035392, 47.92949765707246], [-117.93518234853994, 47.92948268464864], [-117.92979389454055, 47.929467712224785], [-117.92979565339822, 47.93308263746355]]]}, "properties": {"LANDAREACODE": "102", "TRACTID": "102 LM 127", "TRACTREFNUM": "2001732826", "Label_Name": "Spokane ", "LAR_Name": "Spokane ", "TAAMS_Name": "Spokane", "REGION": "Northwest", "AGENCY": "Spokane", "OWNERSHIP": "T", "TRBE_INTEREST_PERCENT": 100, "Mineral_Resources": "Subsurface", "EST_ACRES": 79.4}}, {"type": "Feature", "geometry": {"type": "Polygon", "coordinates": [[[-118.28613971178393, 47.96607766537536], [-118.28611859864236, 47.96969341761202], [-118.29147784962217, 47.96968942703527], [-118.29151329776747, 47.9660783677975], [-118.29154871891299, 47.962467337559666], [-118.29090217779464, 47.962467036629185], [-118.28616079992581, 47.962461912138735], [-118.28613971178393, 47.96607766537536]]]}, "properties": {"LANDAREACODE": "102", "TRACTID": "102 T 413 -A", "TRACTREFNUM": "2001733149", "Label_Name": "Spokane ", "LAR_Name": "Spokane ", "TAAMS_Name": "Spokane", "REGION": "Northwest", "AGENCY": "Spokane", "OWNERSHIP": "T", "TRBE_INTEREST_PERCENT": 100, "Mineral_Resources": "Surface", "EST_ACRES": 79.4}}, {"type": "Feature", "geometry": {"type": "Polygon", "coordinates": [[[-117.97332132345316, 47.907836760134266], [-117.9786870204453, 47.90784503456024], [-117.98405269243722, 47.9078530309862], [-117.98410407959112, 47.904240682742284], [-117.97873457459758, 47.90422882531643], [-117.97336504060397, 47.904216967890555], [-117.97332132345316, 47.907836760134266]]]}, "properties": {"LANDAREACODE": "102", "TRACTID": "102 T 570", "TRACTREFNUM": "2001733197", "Label_Name": "Spokane ", "LAR_Name": "Spokane ", "TAAMS_Name": "Spokane", "REGION": "Northwest", "AGENCY": "Spokane", "OWNERSHIP": "T", "TRBE_INTEREST_PERCENT": 100, "Mineral_Resources": "Both", "EST_ACRES": 79.4}}, {"type": "Feature", "geometry": {"type": "Polygon", "coordinates": [[[-117.88684573015097, 47.94023505753708], [-117.89217756414544, 47.94026786496819], [-117.8975094001398, 47.94030067439927], [-117.8975678892943, 47.93669072415411], [-117.89219467228959, 47.93664650072664], [-117.8868214572848, 47.93660227629914], [-117.88684573015097, 47.94023505753708]]]}, "properties": {"LANDAREACODE": "102", "TRACTID": "102 T 162", "TRACTREFNUM": "2001733061", "Label_Name": "Spokane ", "LAR_Name": "Spokane ", "TAAMS_Name": "Spokane", "REGION": "Northwest", "AGENCY": "Spokane", "OWNERSHIP": "T", "TRBE_INTEREST_PERCENT": 100, "Mineral_Resources": "Both", "EST_ACRES": 79.3}}, {"type": "Feature", "geometry": {"type": "Polygon", "coordinates": [[[-117.91382353973194, 47.87514326933652], [-117.91917361472986, 47.875182400767116], [-117.9191527818713, 47.87156380952933], [-117.91913197901299, 47.86794524829149], [-117.91645352351428, 47.86792919457672], [-117.9137750950156, 47.867913089861986], [-117.91379931687368, 47.87152823509931], [-117.91382353973194, 47.87514326933652]]]}, "properties": {"LANDAREACODE": "102", "TRACTID": "102 T 1284", "TRACTREFNUM": "2001733461", "Label_Name": "Spokane ", "LAR_Name": "Spokane ", "TAAMS_Name": "Spokane", "REGION": "Northwest", "AGENCY": "Spokane", "OWNERSHIP": "T", "TRBE_INTEREST_PERCENT": 100, "Mineral_Resources": "Both", "EST_ACRES": 79.3}}, {"type": "Feature", "geometry": {"type": "Polygon", "coordinates": [[[-118.01082818685235, 47.9477953997485], [-118.01079362770513, 47.95141113698996], [-118.01075909755814, 47.95502673623142], [-118.0161225265456, 47.955019450655634], [-118.01615516769134, 47.95140037941422], [-118.01618780783737, 47.94778128017279], [-118.01082818685235, 47.9477953997485]]]}, "properties": {"LANDAREACODE": "102", "TRACTID": "102 T 14", "TRACTREFNUM": "2001732986", "Label_Name": "Spokane ", "LAR_Name": "Spokane ", "TAAMS_Name": "Spokane", "REGION": "Northwest", "AGENCY": "Spokane", "OWNERSHIP": "T", "TRBE_INTEREST_PERCENT": 100, "Mineral_Resources": "Both", "EST_ACRES": 79.3}}, {"type": "Feature", "geometry": {"type": "Polygon", "coordinates": [[[-118.29151329776747, 47.9660783677975], [-118.29147784962217, 47.96968942703527], [-118.29683713060174, 47.96968521245857], [-118.29688688575077, 47.96607882021956], [-118.29693663889992, 47.96247242798055], [-118.29629010078163, 47.96247246105008], [-118.29154871891299, 47.962467337559666], [-118.29151329776747, 47.9660783677975]]]}, "properties": {"LANDAREACODE": "102", "TRACTID": "102 T 480", "TRACTREFNUM": "2001733166", "Label_Name": "Spokane ", "LAR_Name": "Spokane ", "TAAMS_Name": "Spokane", "REGION": "Northwest", "AGENCY": "Spokane", "OWNERSHIP": "T", "TRBE_INTEREST_PERCENT": 100, "Mineral_Resources": "Both", "EST_ACRES": 79.2}}, {"type": "Feature", "geometry": {"type": "Polygon", "coordinates": [[[-117.95172644090077, 47.92233093240413], [-117.95164039474189, 47.92594552765207], [-117.95698272172989, 47.92595130508018], [-117.95703607388161, 47.92233204283552], [-117.95708959303099, 47.918701640589966], [-117.9517482900428, 47.91869428116152], [-117.95172644090077, 47.92233093240413]]]}, "properties": {"LANDAREACODE": "102", "TRACTID": "102 T 215", "TRACTREFNUM": "2001733082", "Label_Name": "Spokane ", "LAR_Name": "Spokane ", "TAAMS_Name": "Spokane", "REGION": "Northwest", "AGENCY": "Spokane", "OWNERSHIP": "T", "TRBE_INTEREST_PERCENT": 100, "Mineral_Resources": "Both", "EST_ACRES": 79.0}}, {"type": "Feature", "geometry": {"type": "Polygon", "coordinates": [[[-117.892286530362, 47.98738651007117], [-117.89230949922441, 47.99099165330672], [-117.89766610422522, 47.9910300797346], [-117.89764963636343, 47.98742242149825], [-117.89763316850174, 47.9838147602619], [-117.89226356349977, 47.9837813648356], [-117.892286530362, 47.98738651007117]]]}, "properties": {"LANDAREACODE": "102", "TRACTID": "102 T 370", "TRACTREFNUM": "2001733138", "Label_Name": "Spokane ", "LAR_Name": "Spokane ", "TAAMS_Name": "Spokane", "REGION": "Northwest", "AGENCY": "Spokane", "OWNERSHIP": "T", "TRBE_INTEREST_PERCENT": 100, "Mineral_Resources": "Surface", "EST_ACRES": 79.0}}, {"type": "Feature", "geometry": {"type": "Polygon", "coordinates": [[[-117.892286530362, 47.98738651007117], [-117.89230949922441, 47.99099165330672], [-117.89766610422522, 47.9910300797346], [-117.89764963636343, 47.98742242149825], [-117.89763316850174, 47.9838147602619], [-117.89226356349977, 47.9837813648356], [-117.892286530362, 47.98738651007117]]]}, "properties": {"LANDAREACODE": "102", "TRACTID": "102 LM 370", "TRACTREFNUM": "2001732841", "Label_Name": "Spokane ", "LAR_Name": "Spokane ", "TAAMS_Name": "Spokane", "REGION": "Northwest", "AGENCY": "Spokane", "OWNERSHIP": "T", "TRBE_INTEREST_PERCENT": 100, "Mineral_Resources": "Subsurface", "EST_ACRES": 79.0}}, {"type": "Feature", "geometry": {"type": "Polygon", "coordinates": [[[-117.89219897717264, 47.88969441061429], [-117.89219154901807, 47.89327585085274], [-117.89218411686366, 47.89685728709111], [-117.89755037186185, 47.89688145751869], [-117.89756723801487, 47.893286862278494], [-117.89758410116804, 47.88969226503824], [-117.89219897717264, 47.88969441061429]]]}, "properties": {"LANDAREACODE": "102", "TRACTID": "102 T 1377", "TRACTREFNUM": "82502848", "Label_Name": "Spokane ", "LAR_Name": "Spokane ", "TAAMS_Name": "Spokane", "REGION": "Northwest", "AGENCY": "Spokane", "OWNERSHIP": "T", "TRBE_INTEREST_PERCENT": 100, "Mineral_Resources": "Both", "EST_ACRES": 78.9}}, {"type": "Feature", "geometry": {"type": "Polygon", "coordinates": [[[-117.800362286874, 47.97288792096537], [-117.80034742971932, 47.976457111203764], [-117.80572405173146, 47.97651717163169], [-117.80574883488276, 47.97292619539077], [-117.80577361403432, 47.969335215149876], [-117.80037714102886, 47.96931873172687], [-117.800362286874, 47.97288792096537]]]}, "properties": {"LANDAREACODE": "102", "TRACTID": "102 T 580", "TRACTREFNUM": "2001733206", "Label_Name": "Spokane ", "LAR_Name": "Spokane ", "TAAMS_Name": "Spokane", "REGION": "Northwest", "AGENCY": "Spokane", "OWNERSHIP": "T", "TRBE_INTEREST_PERCENT": 100, "Mineral_Resources": "Both", "EST_ACRES": 78.8}}, {"type": "Feature", "geometry": {"type": "Polygon", "coordinates": [[[-117.90017081663615, 47.94031725911524], [-117.90283223313246, 47.9403338438313], [-117.90285710770756, 47.93852366070885], [-117.90288198128273, 47.93671328258645], [-117.90290684785802, 47.934903049464], [-117.9029317204333, 47.93309271834154], [-117.897626372449, 47.9330807719089], [-117.8975678892943, 47.93669072415411], [-117.8975094001398, 47.94030067439927], [-117.90017081663615, 47.94031725911524]]]}, "properties": {"LANDAREACODE": "102", "TRACTID": "102 LM 529", "TRACTREFNUM": "2001732851", "Label_Name": "Spokane ", "LAR_Name": "Spokane ", "TAAMS_Name": "Spokane", "REGION": "Northwest", "AGENCY": "Spokane", "OWNERSHIP": "T", "TRBE_INTEREST_PERCENT": 100, "Mineral_Resources": "Subsurface", "EST_ACRES": 78.6}}, {"type": "Feature", "geometry": {"type": "Polygon", "coordinates": [[[-117.90017081663615, 47.94031725911524], [-117.90283223313246, 47.9403338438313], [-117.90285710770756, 47.93852366070885], [-117.90288198128273, 47.93671328258645], [-117.90290684785802, 47.934903049464], [-117.9029317204333, 47.93309271834154], [-117.897626372449, 47.9330807719089], [-117.8975678892943, 47.93669072415411], [-117.8975094001398, 47.94030067439927], [-117.90017081663615, 47.94031725911524]]]}, "properties": {"LANDAREACODE": "102", "TRACTID": "102 T 529", "TRACTREFNUM": "2001733187", "Label_Name": "Spokane ", "LAR_Name": "Spokane ", "TAAMS_Name": "Spokane", "REGION": "Northwest", "AGENCY": "Spokane", "OWNERSHIP": "T", "TRBE_INTEREST_PERCENT": 100, "Mineral_Resources": "Surface", "EST_ACRES": 78.6}}, {"type": "Feature", "geometry": {"type": "Polygon", "coordinates": [[[-117.83953301474529, 47.91219242974133], [-117.83821345349988, 47.91218857788221], [-117.8382136122899, 47.911301117823214], [-117.83552157778918, 47.91129290311064], [-117.83282689428786, 47.91128462539834], [-117.83282635771684, 47.91309770251894], [-117.83282608893134, 47.91400424257916], [-117.83282606893562, 47.91402235758042], [-117.83282507914574, 47.91491075963956], [-117.83551945964645, 47.91491689135175], [-117.83821218514696, 47.91492340006411], [-117.84090595064768, 47.914930320776364], [-117.84359899114814, 47.91493676248872], [-117.84359932793397, 47.914031669428525], [-117.84359966171992, 47.91312719036842], [-117.84359999650577, 47.91222229630823], [-117.84360033329176, 47.91131760924815], [-117.84090723979092, 47.911309387535674], [-117.83953335753537, 47.911305169682315], [-117.83953301474529, 47.91219242974133]]]}, "properties": {"LANDAREACODE": "102", "TRACTID": "102 T 258", "TRACTREFNUM": "2001733103", "Label_Name": "Spokane ", "LAR_Name": "Spokane ", "TAAMS_Name": "Spokane", "REGION": "Northwest", "AGENCY": "Spokane", "OWNERSHIP": "T", "TRBE_INTEREST_PERCENT": 100, "Mineral_Resources": "Surface", "EST_ACRES": 77.4}}, {"type": "Feature", "geometry": {"type": "MultiPolygon", "coordinates": [[[[-118.33399943488243, 47.92975292387603], [-118.33401152174577, 47.9333717341092], [-118.33922964769309, 47.93334690854669], [-118.33922986484052, 47.92976423531466], [-118.33922986683244, 47.92973029331244], [-118.33399943488243, 47.92975292387603]]], [[[-118.33397359129526, 47.91889560717519], [-118.33398045615533, 47.922507221408566], [-118.33919866310245, 47.92248206384627], [-118.33915932623525, 47.918865476616126], [-118.33397359129526, 47.91889560717519]]]]}, "properties": {"LANDAREACODE": "102", "TRACTID": "102 T 1191", "TRACTREFNUM": "2001733362", "Label_Name": "Spokane ", "LAR_Name": "Spokane ", "TAAMS_Name": "Spokane", "REGION": "Northwest", "AGENCY": "Spokane", "OWNERSHIP": "T", "TRBE_INTEREST_PERCENT": 100, "Mineral_Resources": "Both", "EST_ACRES": 77.1}}, {"type": "Feature", "geometry": {"type": "Polygon", "coordinates": [[[-118.07577002319528, 47.86078131406419], [-118.07039402420645, 47.860781120639494], [-118.07040303506638, 47.864413054877765], [-118.07577741505425, 47.86441023430242], [-118.08062041794435, 47.86440769178391], [-118.08061652208663, 47.860781541545585], [-118.07577002319528, 47.86078131406419]]]}, "properties": {"LANDAREACODE": "102", "TRACTID": "102 T 1298 -A", "TRACTREFNUM": "2001733476", "Label_Name": "Spokane ", "LAR_Name": "Spokane ", "TAAMS_Name": "Spokane", "REGION": "Northwest", "AGENCY": "Spokane", "OWNERSHIP": "T", "TRBE_INTEREST_PERCENT": 100, "Mineral_Resources": "Both", "EST_ACRES": 75.9}}, {"type": "Feature", "geometry": {"type": "Polygon", "coordinates": [[[-117.95721819762745, 47.8915580807822], [-117.9572209020563, 47.893368779901685], [-117.95722627390933, 47.8969695141392], [-117.96262656390687, 47.896972034561365], [-117.96263644205291, 47.89335560632124], [-117.96264138262599, 47.891547378201125], [-117.96264632119914, 47.88973914908102], [-117.95993089769892, 47.889743264371894], [-117.95993033991282, 47.89064799743176], [-117.957216823413, 47.89065272972249], [-117.95721819762745, 47.8915580807822]]]}, "properties": {"LANDAREACODE": "102", "TRACTID": "102 T 43", "TRACTREFNUM": "2001732998", "Label_Name": "Spokane ", "LAR_Name": "Spokane ", "TAAMS_Name": "Spokane", "REGION": "Northwest", "AGENCY": "Spokane", "OWNERSHIP": "T", "TRBE_INTEREST_PERCENT": 100, "Mineral_Resources": "Both", "EST_ACRES": 75.1}}, {"type": "Feature", "geometry": {"type": "Polygon", "coordinates": [[[-117.87325393592671, 47.9077011538357], [-117.87595109142562, 47.907699822547016], [-117.87595295999651, 47.90588527942646], [-117.87595483256752, 47.90407072130581], [-117.87325941206939, 47.90407377859439], [-117.87325804328368, 47.904980608654725], [-117.87056218878539, 47.90498324894328], [-117.8705639925712, 47.90407683688292], [-117.86517315157482, 47.904082952459994], [-117.86516245742985, 47.90770492770159], [-117.86795130594584, 47.90770370740316], [-117.87036667239266, 47.907702596144674], [-117.87055677542776, 47.907702375124316], [-117.87325393592671, 47.9077011538357]]]}, "properties": {"LANDAREACODE": "102", "TRACTID": "102 T 1053", "TRACTREFNUM": "2001733252", "Label_Name": "Spokane ", "LAR_Name": "Spokane ", "TAAMS_Name": "Spokane", "REGION": "Northwest", "AGENCY": "Spokane", "OWNERSHIP": "T", "TRBE_INTEREST_PERCENT": 100, "Mineral_Resources": "Both", "EST_ACRES": 75.0}}, {"type": "Feature", "geometry": {"type": "Polygon", "coordinates": [[[-118.34536529041368, 47.9987388491132], [-118.34537358498267, 47.99692988699561], [-118.33997804299459, 47.99692152957616], [-118.33997327942494, 47.99872517069306], [-118.33996098928661, 48.00233815192751], [-118.3399574925317, 48.00336572599416], [-118.34519843749752, 48.00339859743175], [-118.34534264752403, 48.00339937141627], [-118.34534773027485, 48.00235351834826], [-118.34536529041368, 47.9987388491132]]]}, "properties": {"LANDAREACODE": "102", "TRACTID": "102 T 1173", "TRACTREFNUM": "2001733344", "Label_Name": "Spokane ", "LAR_Name": "Spokane ", "TAAMS_Name": "Spokane", "REGION": "Northwest", "AGENCY": "Spokane", "OWNERSHIP": "T", "TRBE_INTEREST_PERCENT": 100, "Mineral_Resources": "Both", "EST_ACRES": 71.1}}, {"type": "Feature", "geometry": {"type": "MultiPolygon", "coordinates": [[[[-117.86516245742985, 47.90770492770159], [-117.86517315157482, 47.904082952459994], [-117.85975364257088, 47.90408068003954], [-117.85975388899962, 47.905892486159814], [-117.8597511734271, 47.9077011802802], [-117.86516245742985, 47.90770492770159]]], [[[-117.8597511734271, 47.9077011802802], [-117.85704164392494, 47.907699354569964], [-117.85704441435435, 47.90951157368999], [-117.85433888585295, 47.90951008897934], [-117.85434226306805, 47.91041641703915], [-117.85434564228319, 47.91132274809899], [-117.85704717078373, 47.91132383081001], [-117.85974870128426, 47.91132482452106], [-117.85974993285564, 47.90951310640064], [-117.8597511734271, 47.9077011802802]]]]}, "properties": {"LANDAREACODE": "102", "TRACTID": "102 T 1389", "TRACTREFNUM": "41902956", "Label_Name": "Spokane ", "LAR_Name": "Spokane ", "TAAMS_Name": "Spokane", "REGION": "Northwest", "AGENCY": "Spokane", "OWNERSHIP": "T", "TRBE_INTEREST_PERCENT": 100, "Mineral_Resources": "Both", "EST_ACRES": 70.2}}, {"type": "Feature", "geometry": {"type": "Polygon", "coordinates": [[[-117.84897908114685, 47.91494575491371], [-117.84897755193205, 47.91403946785368], [-117.8489760247172, 47.913133056793626], [-117.84359966171992, 47.91312719036842], [-117.84359932793397, 47.914031669428525], [-117.84359899114814, 47.91493676248872], [-117.84090595064768, 47.914930320776364], [-117.83821218514696, 47.91492340006411], [-117.83551945964645, 47.91491689135175], [-117.83282507914574, 47.91491075963956], [-117.8328245415748, 47.916723831760116], [-117.84359832057638, 47.916746345609006], [-117.84359865736225, 47.91584155954882], [-117.84898060236172, 47.91585222197374], [-117.84897908114685, 47.91494575491371]]]}, "properties": {"LANDAREACODE": "102", "TRACTID": "102 T 260", "TRACTREFNUM": "2001733104", "Label_Name": "Spokane ", "LAR_Name": "Spokane ", "TAAMS_Name": "Spokane", "REGION": "Northwest", "AGENCY": "Spokane", "OWNERSHIP": "T", "TRBE_INTEREST_PERCENT": 100, "Mineral_Resources": "Both", "EST_ACRES": 69.8}}, {"type": "Feature", "geometry": {"type": "Polygon", "coordinates": [[[-117.93255599400695, 47.861651466439014], [-117.93255827522539, 47.86257530250006], [-117.9325605594439, 47.86349913756107], [-117.92986759194717, 47.86350172284911], [-117.92986861515699, 47.864389721907884], [-117.93256274165384, 47.86438677061969], [-117.93525689315071, 47.86438376633154], [-117.94062691714083, 47.864377534757004], [-117.94063453828822, 47.860759745516376], [-117.93524737129408, 47.86076247909236], [-117.93255380079704, 47.86076387338042], [-117.92986023229993, 47.86076524066839], [-117.92986136750972, 47.86165323872718], [-117.93255599400695, 47.861651466439014]]]}, "properties": {"LANDAREACODE": "102", "TRACTID": "102 T 483 -B", "TRACTREFNUM": "2001732522", "Label_Name": "Spokane ", "LAR_Name": "Spokane ", "TAAMS_Name": "Spokane", "REGION": "Northwest", "AGENCY": "Spokane", "OWNERSHIP": "T", "TRBE_INTEREST_PERCENT": 100, "Mineral_Resources": "Both", "EST_ACRES": 69.6}}, {"type": "Feature", "geometry": {"type": "Polygon", "coordinates": [[[-118.31783405106417, 47.913500248559], [-118.31782312027607, 47.914400178618585], [-118.32320471025882, 47.91439783304036], [-118.32320537747367, 47.91530139509892], [-118.32856220545258, 47.915302430523575], [-118.32854947958785, 47.9116736772896], [-118.32320270961425, 47.91168714186474], [-118.31785591264051, 47.91170038543981], [-118.31783405106417, 47.913500248559]]]}, "properties": {"LANDAREACODE": "102", "TRACTID": "102 T 1030", "TRACTREFNUM": "2001733241", "Label_Name": "Spokane ", "LAR_Name": "Spokane ", "TAAMS_Name": "Spokane", "REGION": "Northwest", "AGENCY": "Spokane", "OWNERSHIP": "T", "TRBE_INTEREST_PERCENT": 100, "Mineral_Resources": "Both", "EST_ACRES": 69.3}}, {"type": "Feature", "geometry": {"type": "Polygon", "coordinates": [[[-117.99071010338433, 47.851681990561836], [-117.99204742963056, 47.8516807194188], [-117.99472208312297, 47.85167817413265], [-117.99469603169027, 47.84986494601546], [-117.99468300547399, 47.84895833095691], [-117.99466998225768, 47.848051715898286], [-117.99465695704137, 47.84714510083968], [-117.99464393182507, 47.84623848478112], [-117.98932134584305, 47.846234650349786], [-117.98935563170636, 47.84986705958658], [-117.98937277513804, 47.85168326270492], [-117.98938991956985, 47.85349946582324], [-117.98939788778519, 47.854405793882385], [-117.99073870603195, 47.85440384973888], [-117.99072947381629, 47.85349745067994], [-117.99071010338433, 47.851681990561836]]]}, "properties": {"LANDAREACODE": "102", "TRACTID": "102 T 78 -D", "TRACTREFNUM": "2001733014", "Label_Name": "Spokane ", "LAR_Name": "Spokane ", "TAAMS_Name": "Spokane", "REGION": "Northwest", "AGENCY": "Spokane", "OWNERSHIP": "T", "TRBE_INTEREST_PERCENT": 100, "Mineral_Resources": "Both", "EST_ACRES": 67.0}}, {"type": "Feature", "geometry": {"type": "Polygon", "coordinates": [[[-118.21375104949146, 47.96594720414974], [-118.21321818537916, 47.96588598220304], [-118.21287646222368, 47.96549661921443], [-118.21338434828813, 47.965376056152], [-118.21333946707335, 47.96450929110049], [-118.21368263492813, 47.96363574500673], [-118.21469159297062, 47.96303755685942], [-118.214937187998, 47.96296330082817], [-118.2152053140513, 47.96298068880049], [-118.21545914707728, 47.96289418176759], [-118.21609255014201, 47.96267831068544], [-118.21681383521569, 47.96243252059193], [-118.2172086882744, 47.962375043545755], [-118.21681224520172, 47.962375176588395], [-118.21609332406997, 47.96237541666564], [-118.21544698195149, 47.96237570273512], [-118.21070561508145, 47.96237331524452], [-118.21069524295073, 47.966029847483604], [-118.21068487182028, 47.96968638172257], [-118.21337982130973, 47.969666211431594], [-118.21607502779919, 47.969646066140555], [-118.21608367897991, 47.96620181391561], [-118.21583924995748, 47.96629584594798], [-118.21375104949146, 47.96594720414974]]]}, "properties": {"LANDAREACODE": "102", "TRACTID": "102 T 402 -A", "TRACTREFNUM": "2001733144", "Label_Name": "Spokane ", "LAR_Name": "Spokane ", "TAAMS_Name": "Spokane", "REGION": "Northwest", "AGENCY": "Spokane", "OWNERSHIP": "T", "TRBE_INTEREST_PERCENT": 100, "Mineral_Resources": "Both", "EST_ACRES": 64.0}}, {"type": "Feature", "geometry": {"type": "Polygon", "coordinates": [[[-118.23630653377714, 47.9623827534936], [-118.23563253265321, 47.962381154565925], [-118.23561491708249, 47.964196169685806], [-118.23493997195848, 47.964194790758235], [-118.23359008271039, 47.964192029903145], [-118.23356846013922, 47.96600804202351], [-118.23492080938772, 47.96601071487836], [-118.23762553688469, 47.96601599658789], [-118.24303496987841, 47.96602634900702], [-118.24304364501482, 47.96239609377027], [-118.2423971648963, 47.96239587983974], [-118.23765396302448, 47.962384631348854], [-118.23700745590594, 47.96238441641834], [-118.23630653377714, 47.9623827534936]]]}, "properties": {"LANDAREACODE": "102", "TRACTID": "102 T 1170", "TRACTREFNUM": "2001733341", "Label_Name": "Spokane ", "LAR_Name": "Spokane ", "TAAMS_Name": "Spokane", "REGION": "Northwest", "AGENCY": "Spokane", "OWNERSHIP": "T", "TRBE_INTEREST_PERCENT": 100, "Mineral_Resources": "Both", "EST_ACRES": 62.6}}, {"type": "Feature", "geometry": {"type": "Polygon", "coordinates": [[[-117.7625928275707, 47.98008847148966], [-117.76260817870616, 47.976437507245286], [-117.75943691411489, 47.97642909658443], [-117.75913676107693, 47.976504186621575], [-117.75844637907562, 47.97703873473103], [-117.75800086322744, 47.978026311844445], [-117.75782802140448, 47.97890665992144], [-117.75774453549153, 47.979338332959124], [-117.75759084958194, 47.97983887100885], [-117.75804963272142, 47.98006715797491], [-117.75808093774621, 47.98014684197681], [-117.75853943110765, 47.981309343004995], [-117.75864767825576, 47.981848209029195], [-117.75921080342476, 47.98211875798687], [-117.75917443357277, 47.98277018303406], [-117.75891397570807, 47.98354300411333], [-117.75878619572849, 47.98372885113938], [-117.76257749243469, 47.98373581973371], [-117.7625928275707, 47.98008847148966]]]}, "properties": {"LANDAREACODE": "102", "TRACTID": "102 T 1004", "TRACTREFNUM": "2001733224", "Label_Name": "Spokane ", "LAR_Name": "Spokane ", "TAAMS_Name": "Spokane", "REGION": "Northwest", "AGENCY": "Spokane", "OWNERSHIP": "T", "TRBE_INTEREST_PERCENT": 100, "Mineral_Resources": "Both", "EST_ACRES": 62.3}}, {"type": "Feature", "geometry": {"type": "Polygon", "coordinates": [[[-118.20528758795118, 47.96599766206271], [-118.21069524295073, 47.966029847483604], [-118.21070561508145, 47.96237331524452], [-118.21001043592526, 47.96225301631141], [-118.20526984705641, 47.962255600821024], [-118.20462339393787, 47.96225566389052], [-118.20257633656256, 47.962256773110546], [-118.20258224145103, 47.965981471352364], [-118.20528758795118, 47.96599766206271]]]}, "properties": {"LANDAREACODE": "102", "TRACTID": "102 T 401", "TRACTREFNUM": "2001733141", "Label_Name": "Spokane ", "LAR_Name": "Spokane ", "TAAMS_Name": "Spokane", "REGION": "Northwest", "AGENCY": "Spokane", "OWNERSHIP": "T", "TRBE_INTEREST_PERCENT": 100, "Mineral_Resources": "Surface", "EST_ACRES": 62.2}}, {"type": "Feature", "geometry": {"type": "Polygon", "coordinates": [[[-118.20528758795118, 47.96599766206271], [-118.21069524295073, 47.966029847483604], [-118.21070561508145, 47.96237331524452], [-118.21001043592526, 47.96225301631141], [-118.20526984705641, 47.962255600821024], [-118.20462339393787, 47.96225566389052], [-118.20257633656256, 47.962256773110546], [-118.20258224145103, 47.965981471352364], [-118.20528758795118, 47.96599766206271]]]}, "properties": {"LANDAREACODE": "102", "TRACTID": "102 LM 401", "TRACTREFNUM": "2001732842", "Label_Name": "Spokane ", "LAR_Name": "Spokane ", "TAAMS_Name": "Spokane", "REGION": "Northwest", "AGENCY": "Spokane", "OWNERSHIP": "T", "TRBE_INTEREST_PERCENT": 100, "Mineral_Resources": "Subsurface", "EST_ACRES": 62.2}}, {"type": "Feature", "geometry": {"type": "Polygon", "coordinates": [[[-117.97294997270996, 47.95136295504502], [-117.97297082884963, 47.94772508080302], [-117.9675385888417, 47.947704717384084], [-117.96752137470324, 47.95134511962581], [-117.96751277213413, 47.95316526374671], [-117.97293955914017, 47.953181879165925], [-117.97294997270996, 47.95136295504502]]]}, "properties": {"LANDAREACODE": "102", "TRACTID": "102 T 600 -A", "TRACTREFNUM": "2001733209", "Label_Name": "Spokane ", "LAR_Name": "Spokane ", "TAAMS_Name": "Spokane", "REGION": "Northwest", "AGENCY": "Spokane", "OWNERSHIP": "T", "TRBE_INTEREST_PERCENT": 100, "Mineral_Resources": "Surface", "EST_ACRES": 60.6}}, {"type": "Feature", "geometry": {"type": "Polygon", "coordinates": [[[-118.027168633089, 47.83891283981974], [-118.02446326659043, 47.838911199108836], [-118.02447540945086, 47.842549710348024], [-118.02718178094901, 47.84254859405863], [-118.03259451194505, 47.84254617147973], [-118.03257936108584, 47.838915676241506], [-118.02987398058744, 47.8389143305306], [-118.027168633089, 47.83891283981974]]]}, "properties": {"LANDAREACODE": "102", "TRACTID": "102 T 75 B", "TRACTREFNUM": "305700032", "Label_Name": "Spokane ", "LAR_Name": "Spokane ", "TAAMS_Name": "Spokane", "REGION": "Northwest", "AGENCY": "Spokane", "OWNERSHIP": "T", "TRBE_INTEREST_PERCENT": 100, "Mineral_Resources": "Both", "EST_ACRES": 60.4}}, {"type": "Feature", "geometry": {"type": "Polygon", "coordinates": [[[-118.29085402219832, 47.95160919193041], [-118.28815696770445, 47.95160745822021], [-118.28817446457026, 47.9552281864532], [-118.29087088306422, 47.95523066716343], [-118.2962637170519, 47.95523545258394], [-118.29624214183215, 47.9543296885275], [-118.29623135272229, 47.95387682049934], [-118.29691143984645, 47.95387600142614], [-118.29690204473695, 47.953423341397794], [-118.2962205936124, 47.95342395147112], [-118.29617746417291, 47.95161245035829], [-118.29085402219832, 47.95160919193041]]]}, "properties": {"LANDAREACODE": "102", "TRACTID": "102 T 476 -A", "TRACTREFNUM": "2001733164", "Label_Name": "Spokane ", "LAR_Name": "Spokane ", "TAAMS_Name": "Spokane", "REGION": "Northwest", "AGENCY": "Spokane", "OWNERSHIP": "T", "TRBE_INTEREST_PERCENT": 100, "Mineral_Resources": "Both", "EST_ACRES": 60.3}}, {"type": "Feature", "geometry": {"type": "Polygon", "coordinates": [[[-117.913747081296, 47.886053931068304], [-117.91375983786827, 47.884234179946255], [-117.91377258944044, 47.882414209824226], [-117.90841390844572, 47.882396042396074], [-117.9083841163019, 47.88604199564107], [-117.9083692137301, 47.88786497176357], [-117.91373433472391, 47.88787385419031], [-117.913747081296, 47.886053931068304]]]}, "properties": {"LANDAREACODE": "102", "TRACTID": "102 T 185 -B", "TRACTREFNUM": "2001733072", "Label_Name": "Spokane ", "LAR_Name": "Spokane ", "TAAMS_Name": "Spokane", "REGION": "Northwest", "AGENCY": "Spokane", "OWNERSHIP": "T", "TRBE_INTEREST_PERCENT": 100, "Mineral_Resources": "Both", "EST_ACRES": 60.0}}, {"type": "Feature", "geometry": {"type": "Polygon", "coordinates": [[[-118.28007362808599, 47.955220373323606], [-118.28006001822128, 47.95160095409022], [-118.2746601282318, 47.95159600267038], [-118.2746692360955, 47.955214837904236], [-118.2746865275297, 47.95702381401978], [-118.28008680651946, 47.957029372439536], [-118.28007362808599, 47.955220373323606]]]}, "properties": {"LANDAREACODE": "102", "TRACTID": "102 T 482 -B", "TRACTREFNUM": "2001733170", "Label_Name": "Spokane ", "LAR_Name": "Spokane ", "TAAMS_Name": "Spokane", "REGION": "Northwest", "AGENCY": "Spokane", "OWNERSHIP": "T", "TRBE_INTEREST_PERCENT": 100, "Mineral_Resources": "Both", "EST_ACRES": 59.9}}, {"type": "Feature", "geometry": {"type": "Polygon", "coordinates": [[[-118.28009998495291, 47.95883834855547], [-118.28008680651946, 47.957029372439536], [-118.2746865275297, 47.95702381401978], [-118.27470384496391, 47.958832811135295], [-118.2747384208325, 47.96245079036625], [-118.27538496095097, 47.962451062296765], [-118.28012633982001, 47.96245621478727], [-118.28009998495291, 47.95883834855547]]]}, "properties": {"LANDAREACODE": "102", "TRACTID": "102 T 482 -A", "TRACTREFNUM": "2001733169", "Label_Name": "Spokane ", "LAR_Name": "Spokane ", "TAAMS_Name": "Spokane", "REGION": "Northwest", "AGENCY": "Spokane", "OWNERSHIP": "T", "TRBE_INTEREST_PERCENT": 100, "Mineral_Resources": "Both", "EST_ACRES": 59.8}}, {"type": "Feature", "geometry": {"type": "Polygon", "coordinates": [[[-118.00000462357747, 47.95504062338587], [-118.00539566957045, 47.95503377180718], [-118.00543211671867, 47.95142164556568], [-118.00005679472953, 47.95143219014286], [-117.99736913223484, 47.95143737643145], [-117.99730910508087, 47.95504394967522], [-118.00000462357747, 47.95504062338587]]]}, "properties": {"LANDAREACODE": "102", "TRACTID": "102 T 13 -B", "TRACTREFNUM": "2001731835", "Label_Name": "Spokane ", "LAR_Name": "Spokane ", "TAAMS_Name": "Spokane", "REGION": "Northwest", "AGENCY": "Spokane", "OWNERSHIP": "T", "TRBE_INTEREST_PERCENT": 100, "Mineral_Resources": "Surface", "EST_ACRES": 59.6}}, {"type": "Feature", "geometry": {"type": "Polygon", "coordinates": [[[-117.98945366929314, 47.860749749296076], [-117.99142091265529, 47.860747510085595], [-117.99215298779013, 47.86074683000723], [-117.99485233628714, 47.86074432171836], [-117.99483279796243, 47.859384406630554], [-117.9948262848542, 47.858931091601264], [-117.99481325963772, 47.8580244905427], [-117.99414032251389, 47.85802530061475], [-117.99412792629757, 47.8571187275561], [-117.99345562317384, 47.85711959262804], [-117.9921110129264, 47.8571213207719], [-117.98942179343139, 47.857124778059685], [-117.98673495593683, 47.85712823234722], [-117.98675910079702, 47.86075279658444], [-117.98945366929314, 47.860749749296076]]]}, "properties": {"LANDAREACODE": "102", "TRACTID": "102 T 85", "TRACTREFNUM": "2001733020", "Label_Name": "Spokane ", "LAR_Name": "Spokane ", "TAAMS_Name": "Spokane", "REGION": "Northwest", "AGENCY": "Spokane", "OWNERSHIP": "T", "TRBE_INTEREST_PERCENT": 100, "Mineral_Resources": "Both", "EST_ACRES": 58.7}}, {"type": "Feature", "geometry": {"type": "Polygon", "coordinates": [[[-118.06515235325426, 47.89887276770807], [-118.06514250546643, 47.89977596276849], [-118.07057440746594, 47.899775154186514], [-118.07323993795467, 47.89976805790047], [-118.07457270119913, 47.899764511757425], [-118.07458564698742, 47.89886102969662], [-118.07591595023126, 47.89885702355386], [-118.0759369198068, 47.897049128432755], [-118.0732861693214, 47.897058988717426], [-118.07063539083595, 47.89706882600204], [-118.06517204882996, 47.897066414587144], [-118.06515235325426, 47.89887276770807]]]}, "properties": {"LANDAREACODE": "102", "TRACTID": "102 T 561 -D", "TRACTREFNUM": "2001733193", "Label_Name": "Spokane ", "LAR_Name": "Spokane ", "TAAMS_Name": "Spokane", "REGION": "Northwest", "AGENCY": "Spokane", "OWNERSHIP": "T", "TRBE_INTEREST_PERCENT": 100, "Mineral_Resources": "Both", "EST_ACRES": 57.2}}, {"type": "Feature", "geometry": {"type": "MultiPolygon", "coordinates": [[[[-118.05976581638294, 47.806213533174905], [-118.05975633523434, 47.809837712415444], [-118.06515621622628, 47.80983355283823], [-118.06519247337899, 47.8062059485947], [-118.06383581012996, 47.80620784573975], [-118.06247914588099, 47.80620974188477], [-118.06112248163197, 47.80621163802983], [-118.05976581638294, 47.806213533174905]]], [[[-118.05979118410892, 47.80078009681296], [-118.0652368911076, 47.80076904923059], [-118.06523945497416, 47.800199824192696], [-118.06494773989857, 47.800106645217646], [-118.06295041650274, 47.79998502242296], [-118.06084036304655, 47.79969495462919], [-118.05979969988223, 47.79980991174793], [-118.05930415083489, 47.799995947813166], [-118.05796278061986, 47.8001303519653], [-118.05703526550381, 47.80036208807967], [-118.05579701028623, 47.80040526721478], [-118.05530401421478, 47.800486884272864], [-118.05483791520118, 47.80079331934287], [-118.05979118410892, 47.80078009681296]]]]}, "properties": {"LANDAREACODE": "102", "TRACTID": "102 T 545", "TRACTREFNUM": "2001733190", "Label_Name": "Spokane ", "LAR_Name": "Spokane ", "TAAMS_Name": "Spokane", "REGION": "Northwest", "AGENCY": "Spokane", "OWNERSHIP": "T", "TRBE_INTEREST_PERCENT": 100, "Mineral_Resources": "Surface", "EST_ACRES": 55.2}}, {"type": "Feature", "geometry": {"type": "Polygon", "coordinates": [[[-118.03403489851169, 47.86076755052889], [-118.03402595307921, 47.858943501409456], [-118.03267515483014, 47.85894219555388], [-118.03268451026261, 47.86076576567326], [-118.03269280712203, 47.86439722591203], [-118.03809088611766, 47.86440430733491], [-118.03943864836607, 47.864405261190804], [-118.03943337250708, 47.86077349695172], [-118.03808605225885, 47.86077290309587], [-118.03538530076077, 47.860769334384564], [-118.03403489851169, 47.86076755052889]]]}, "properties": {"LANDAREACODE": "102", "TRACTID": "102 MT 39 C", "TRACTREFNUM": "7806622", "Label_Name": "Spokane ", "LAR_Name": "Spokane ", "TAAMS_Name": "Spokane", "REGION": "Northwest", "AGENCY": "Spokane", "OWNERSHIP": "T", "TRBE_INTEREST_PERCENT": 100, "Mineral_Resources": "Subsurface", "EST_ACRES": 55.2}}, {"type": "Feature", "geometry": {"type": "MultiPolygon", "coordinates": [[[[-117.96230709400595, 47.93140198986952], [-117.96231007879118, 47.930494448809384], [-117.95694152479781, 47.93048613838396], [-117.95693328301141, 47.93139307444473], [-117.95691679843864, 47.933206968566225], [-117.96230112343545, 47.93321705198997], [-117.96230709400595, 47.93140198986952]]], [[[-117.96231905914709, 47.92777186662867], [-117.96232504871772, 47.92595680550826], [-117.95698272172989, 47.92595130508018], [-117.95696624415704, 47.9277652422017], [-117.95696212226382, 47.9282187362321], [-117.9623175622544, 47.92822562665882], [-117.96231905914709, 47.92777186662867]]]]}, "properties": {"LANDAREACODE": "102", "TRACTID": "102 T 216", "TRACTREFNUM": "2001733083", "Label_Name": "Spokane ", "LAR_Name": "Spokane ", "TAAMS_Name": "Spokane", "REGION": "Northwest", "AGENCY": "Spokane", "OWNERSHIP": "T", "TRBE_INTEREST_PERCENT": 100, "Mineral_Resources": "Both", "EST_ACRES": 54.7}}, {"type": "Feature", "geometry": {"type": "Polygon", "coordinates": [[[-118.19987542416698, 47.96687343770138], [-118.202583647667, 47.966886569411166], [-118.20258224145103, 47.965981471352364], [-118.20257633656256, 47.962256773110546], [-118.19988280406876, 47.962258248400076], [-118.19923635195023, 47.962258312469544], [-118.19718929657495, 47.96225942068964], [-118.19716926045382, 47.96596392193298], [-118.19716426467353, 47.966890026993816], [-118.19987539417143, 47.96689196770256], [-118.19987542416698, 47.96687343770138]]]}, "properties": {"LANDAREACODE": "102", "TRACTID": "102 T 1156", "TRACTREFNUM": "2001733325", "Label_Name": "Spokane ", "LAR_Name": "Spokane ", "TAAMS_Name": "Spokane", "REGION": "Northwest", "AGENCY": "Spokane", "OWNERSHIP": "T", "TRBE_INTEREST_PERCENT": 100, "Mineral_Resources": "Both", "EST_ACRES": 51.1}}, {"type": "Feature", "geometry": {"type": "Polygon", "coordinates": [[[-117.98940585600062, 47.855312121941495], [-117.98939788778519, 47.854405793882385], [-117.98938991956985, 47.85349946582324], [-117.98671081207684, 47.85350349710995], [-117.98403170458383, 47.85350752739664], [-117.98403991201302, 47.855319607515675], [-117.98404811644224, 47.85713168663477], [-117.98673495593683, 47.85712823234722], [-117.98942179343139, 47.857124778059685], [-117.9921110129264, 47.8571213207719], [-117.99210576381842, 47.85666808574247], [-117.99210051571048, 47.85621484971307], [-117.99209526860253, 47.855761612683644], [-117.99209002049453, 47.855308377654225], [-117.99074793924761, 47.85531024979789], [-117.98940585600062, 47.855312121941495]]]}, "properties": {"LANDAREACODE": "102", "TRACTID": "102 86", "TRACTREFNUM": "2001731956", "Label_Name": "Spokane ", "LAR_Name": "Spokane ", "TAAMS_Name": "Spokane", "REGION": "Northwest", "AGENCY": "Spokane", "OWNERSHIP": "T", "TRBE_INTEREST_PERCENT": 0, "Mineral_Resources": "Surface", "EST_ACRES": 49.8}}, {"type": "Feature", "geometry": {"type": "Polygon", "coordinates": [[[-117.89753339471453, 47.90049915076042], [-117.89755037186185, 47.89688145751869], [-117.89218411686366, 47.89685728709111], [-117.89217663171223, 47.900450275330265], [-117.89217476092442, 47.90134859739005], [-117.89752916192775, 47.901403568820825], [-117.89753339471453, 47.90049915076042]]]}, "properties": {"LANDAREACODE": "102", "TRACTID": "102 T 346 -A", "TRACTREFNUM": "2001733128", "Label_Name": "Spokane ", "LAR_Name": "Spokane ", "TAAMS_Name": "Spokane", "REGION": "Northwest", "AGENCY": "Spokane", "OWNERSHIP": "T", "TRBE_INTEREST_PERCENT": 100, "Mineral_Resources": "Both", "EST_ACRES": 49.4}}, {"type": "Feature", "geometry": {"type": "Polygon", "coordinates": [[[-117.82208471732822, 47.962042170918735], [-117.82202702119254, 47.9657268091693], [-117.8274248821909, 47.96571531059028], [-117.82747922533046, 47.96204992634141], [-117.82215667134159, 47.96204227391104], [-117.82208471732822, 47.962042170918735]]]}, "properties": {"LANDAREACODE": "102", "TRACTID": "102 T 293 -B", "TRACTREFNUM": "2001733111", "Label_Name": "Spokane ", "LAR_Name": "Spokane ", "TAAMS_Name": "Spokane", "REGION": "Northwest", "AGENCY": "Spokane", "OWNERSHIP": "T", "TRBE_INTEREST_PERCENT": 100, "Mineral_Resources": "Both", "EST_ACRES": 40.5}}, {"type": "Feature", "geometry": {"type": "Polygon", "coordinates": [[[-118.2053050798318, 47.96967944630042], [-118.21068487182028, 47.96968638172257], [-118.21069524295073, 47.966029847483604], [-118.20528758795118, 47.96599766206271], [-118.20529634639146, 47.96783857818157], [-118.2053050798318, 47.96967944630042]]]}, "properties": {"LANDAREACODE": "102", "TRACTID": "102 T 402", "TRACTREFNUM": "2001733143", "Label_Name": "Spokane ", "LAR_Name": "Spokane ", "TAAMS_Name": "Spokane", "REGION": "Northwest", "AGENCY": "Spokane", "OWNERSHIP": "T", "TRBE_INTEREST_PERCENT": 100, "Mineral_Resources": "Both", "EST_ACRES": 40.4}}, {"type": "Feature", "geometry": {"type": "Polygon", "coordinates": [[[-118.21588465195113, 47.991389900574326], [-118.21332773348225, 47.991390423849374], [-118.21048077296011, 47.99139102315561], [-118.21042712281825, 47.995026807397636], [-118.21329526635438, 47.9950685020918], [-118.2158369458103, 47.99502515581558], [-118.21588465195113, 47.991389900574326]]]}, "properties": {"LANDAREACODE": "102", "TRACTID": "102 T 1165", "TRACTREFNUM": "2001733335", "Label_Name": "Spokane ", "LAR_Name": "Spokane ", "TAAMS_Name": "Spokane", "REGION": "Northwest", "AGENCY": "Spokane", "OWNERSHIP": "T", "TRBE_INTEREST_PERCENT": 100, "Mineral_Resources": "Both", "EST_ACRES": 40.4}}, {"type": "Feature", "geometry": {"type": "Polygon", "coordinates": [[[-117.98390391984081, 47.9223298139572], [-117.98931775484314, 47.92234394937812], [-117.98931919697978, 47.918701769137826], [-117.98390541697503, 47.91867674271614], [-117.98390391984081, 47.9223298139572]]]}, "properties": {"LANDAREACODE": "102", "TRACTID": "102 T 1234 -A", "TRACTREFNUM": "2001733406", "Label_Name": "Spokane ", "LAR_Name": "Spokane ", "TAAMS_Name": "Spokane", "REGION": "Northwest", "AGENCY": "Spokane", "OWNERSHIP": "T", "TRBE_INTEREST_PERCENT": 100, "Mineral_Resources": "Both", "EST_ACRES": 40.4}}, {"type": "Feature", "geometry": {"type": "Polygon", "coordinates": [[[-118.05423215598503, 47.94414553985337], [-118.05966647598696, 47.94414981027072], [-118.05968544612881, 47.94052321303067], [-118.05425140412784, 47.94052247161347], [-118.05423215598503, 47.94414553985337]]]}, "properties": {"LANDAREACODE": "102", "TRACTID": "102 T 229 -B", "TRACTREFNUM": "2001733090", "Label_Name": "Spokane ", "LAR_Name": "Spokane ", "TAAMS_Name": "Spokane", "REGION": "Northwest", "AGENCY": "Spokane", "OWNERSHIP": "T", "TRBE_INTEREST_PERCENT": 100, "Mineral_Resources": "Both", "EST_ACRES": 40.3}}, {"type": "Feature", "geometry": {"type": "Polygon", "coordinates": [[[-118.02728296826616, 47.86075862725062], [-118.03268451026261, 47.86076576567326], [-118.03267515483014, 47.85894219555388], [-118.03266579939778, 47.8571186254345], [-118.02726095540167, 47.85711532001241], [-118.02728296826616, 47.86075862725062]]]}, "properties": {"LANDAREACODE": "102", "TRACTID": "102 T 65 -A", "TRACTREFNUM": "2001733005", "Label_Name": "Spokane ", "LAR_Name": "Spokane ", "TAAMS_Name": "Spokane", "REGION": "Northwest", "AGENCY": "Spokane", "OWNERSHIP": "T", "TRBE_INTEREST_PERCENT": 100, "Mineral_Resources": "Both", "EST_ACRES": 40.3}}, {"type": "Feature", "geometry": {"type": "Polygon", "coordinates": [[[-117.8653287811941, 47.864256370796284], [-117.87071703019281, 47.86426375722108], [-117.8761052501913, 47.864270933645834], [-117.8760949247594, 47.86244842952577], [-117.86530759475794, 47.86242414867663], [-117.8653287811941, 47.864256370796284]]]}, "properties": {"LANDAREACODE": "102", "TRACTID": "102 T 169 -A", "TRACTREFNUM": "2001733063", "Label_Name": "Spokane ", "LAR_Name": "Spokane ", "TAAMS_Name": "Spokane", "REGION": "Northwest", "AGENCY": "Spokane", "OWNERSHIP": "T", "TRBE_INTEREST_PERCENT": 100, "Mineral_Resources": "Both", "EST_ACRES": 40.3}}, {"type": "Feature", "geometry": {"type": "Polygon", "coordinates": [[[-117.8761052501913, 47.864270933645834], [-117.8815008881904, 47.864275451069624], [-117.88148640532943, 47.86063764182931], [-117.87608459932753, 47.86062590240568], [-117.8760949247594, 47.86244842952577], [-117.8761052501913, 47.864270933645834]]]}, "properties": {"LANDAREACODE": "102", "TRACTID": "102 T 1282 -A", "TRACTREFNUM": "2001733459", "Label_Name": "Spokane ", "LAR_Name": "Spokane ", "TAAMS_Name": "Spokane", "REGION": "Northwest", "AGENCY": "Spokane", "OWNERSHIP": "T", "TRBE_INTEREST_PERCENT": 100, "Mineral_Resources": "Both", "EST_ACRES": 40.3}}, {"type": "Feature", "geometry": {"type": "Polygon", "coordinates": [[[-118.05421290884256, 47.947768498093296], [-118.0596475338454, 47.94777640651074], [-118.05966647598696, 47.94414981027072], [-118.05423215598503, 47.94414553985337], [-118.05421290884256, 47.947768498093296]]]}, "properties": {"LANDAREACODE": "102", "TRACTID": "102 T 229 C", "TRACTREFNUM": "290600098", "Label_Name": "Spokane ", "LAR_Name": "Spokane ", "TAAMS_Name": "Spokane", "REGION": "Northwest", "AGENCY": "Spokane", "OWNERSHIP": "T", "TRBE_INTEREST_PERCENT": 100, "Mineral_Resources": "Both", "EST_ACRES": 40.3}}, {"type": "Feature", "geometry": {"type": "Polygon", "coordinates": [[[-117.82202702119254, 47.9657268091693], [-117.82196932705048, 47.96938367041802], [-117.82737073604827, 47.969366803838184], [-117.8274248821909, 47.96571531059028], [-117.82202702119254, 47.9657268091693]]]}, "properties": {"LANDAREACODE": "102", "TRACTID": "102 T 293 -A", "TRACTREFNUM": "2001733110", "Label_Name": "Spokane ", "LAR_Name": "Spokane ", "TAAMS_Name": "Spokane", "REGION": "Northwest", "AGENCY": "Spokane", "OWNERSHIP": "T", "TRBE_INTEREST_PERCENT": 100, "Mineral_Resources": "Both", "EST_ACRES": 40.3}}, {"type": "Feature", "geometry": {"type": "Polygon", "coordinates": [[[-118.19986510669878, 47.9733084071213], [-118.19985928956467, 47.9769445793585], [-118.20527630855527, 47.97693079077523], [-118.20528349512432, 47.97511798265655], [-118.20529067969345, 47.97330514553785], [-118.19986510669878, 47.9733084071213]]]}, "properties": {"LANDAREACODE": "102", "TRACTID": "102 T 1353", "TRACTREFNUM": "2001733510", "Label_Name": "Spokane ", "LAR_Name": "Spokane ", "TAAMS_Name": "Spokane", "REGION": "Northwest", "AGENCY": "Spokane", "OWNERSHIP": "T", "TRBE_INTEREST_PERCENT": 100, "Mineral_Resources": "Both", "EST_ACRES": 40.2}}, {"type": "Feature", "geometry": {"type": "Polygon", "coordinates": [[[-117.8759473542839, 47.9113289227882], [-117.88133441228118, 47.9113303772119], [-117.88136138642099, 47.90767529096654], [-117.87595109142562, 47.907699822547016], [-117.8759473542839, 47.9113289227882]]]}, "properties": {"LANDAREACODE": "102", "TRACTID": "102 T 1062", "TRACTREFNUM": "2001733257", "Label_Name": "Spokane ", "LAR_Name": "Spokane ", "TAAMS_Name": "Spokane", "REGION": "Northwest", "AGENCY": "Spokane", "OWNERSHIP": "T", "TRBE_INTEREST_PERCENT": 100, "Mineral_Resources": "Both", "EST_ACRES": 40.2}}, {"type": "Feature", "geometry": {"type": "Polygon", "coordinates": [[[-118.05976581638294, 47.806213533174905], [-118.05975633523434, 47.809837712415444], [-118.06515621622628, 47.80983355283823], [-118.06519247337899, 47.8062059485947], [-118.06383581012996, 47.80620784573975], [-118.06247914588099, 47.80620974188477], [-118.06112248163197, 47.80621163802983], [-118.05976581638294, 47.806213533174905]]]}, "properties": {"LANDAREACODE": "102", "TRACTID": "102 LM 545", "TRACTREFNUM": "2001732852", "Label_Name": "Spokane ", "LAR_Name": "Spokane ", "TAAMS_Name": "Spokane", "REGION": "Northwest", "AGENCY": "Spokane", "OWNERSHIP": "T", "TRBE_INTEREST_PERCENT": 100, "Mineral_Resources": "Subsurface", "EST_ACRES": 40.2}}, {"type": "Feature", "geometry": {"type": "Polygon", "coordinates": [[[-118.02729472812621, 47.86439014448906], [-118.03269280712203, 47.86439722591203], [-118.03268451026261, 47.86076576567326], [-118.02728296826616, 47.86075862725062], [-118.02729472812621, 47.86439014448906]]]}, "properties": {"LANDAREACODE": "102", "TRACTID": "102 T 65 -C", "TRACTREFNUM": "2001733006", "Label_Name": "Spokane ", "LAR_Name": "Spokane ", "TAAMS_Name": "Spokane", "REGION": "Northwest", "AGENCY": "Spokane", "OWNERSHIP": "T", "TRBE_INTEREST_PERCENT": 100, "Mineral_Resources": "Surface", "EST_ACRES": 40.2}}, {"type": "Feature", "geometry": {"type": "Polygon", "coordinates": [[[-118.0380970895482, 47.87891086329095], [-118.0434960095442, 47.878918554713515], [-118.04350242268764, 47.87529184747377], [-118.03814080969893, 47.87528555604727], [-118.03810686469266, 47.87528551605085], [-118.0380970895482, 47.87891086329095]]]}, "properties": {"LANDAREACODE": "102", "TRACTID": "102 T 102 -B", "TRACTREFNUM": "2001733029", "Label_Name": "Spokane ", "LAR_Name": "Spokane ", "TAAMS_Name": "Spokane", "REGION": "Northwest", "AGENCY": "Spokane", "OWNERSHIP": "T", "TRBE_INTEREST_PERCENT": 100, "Mineral_Resources": "Both", "EST_ACRES": 40.1}}, {"type": "Feature", "geometry": {"type": "Polygon", "coordinates": [[[-118.0542934846771, 47.87530453731953], [-118.05159572917982, 47.87530137160809], [-118.05159440603775, 47.878929741847294], [-118.0542938775355, 47.878933439558544], [-118.05699335103321, 47.87893704626978], [-118.0569912641744, 47.875307704030945], [-118.0542934846771, 47.87530453731953]]]}, "properties": {"LANDAREACODE": "102", "TRACTID": "102 T 107 -A", "TRACTREFNUM": "2001733033", "Label_Name": "Spokane ", "LAR_Name": "Spokane ", "TAAMS_Name": "Spokane", "REGION": "Northwest", "AGENCY": "Spokane", "OWNERSHIP": "T", "TRBE_INTEREST_PERCENT": 100, "Mineral_Resources": "Both", "EST_ACRES": 40.1}}, {"type": "Feature", "geometry": {"type": "Polygon", "coordinates": [[[-118.02730648898648, 47.8680216577275], [-118.03270110598169, 47.868028683150754], [-118.03269280712203, 47.86439722591203], [-118.02729472812621, 47.86439014448906], [-118.02730648898648, 47.8680216577275]]]}, "properties": {"LANDAREACODE": "102", "TRACTID": "102 65 -B", "TRACTREFNUM": "2001731914", "Label_Name": "Spokane ", "LAR_Name": "Spokane ", "TAAMS_Name": "Spokane", "REGION": "Northwest", "AGENCY": "Spokane", "OWNERSHIP": "T", "TRBE_INTEREST_PERCENT": 100, "Mineral_Resources": "Both", "EST_ACRES": 40.1}}, {"type": "Feature", "geometry": {"type": "Polygon", "coordinates": [[[-118.0218987201306, 47.86438281106587], [-118.02729472812621, 47.86439014448906], [-118.02728296826616, 47.86075862725062], [-118.02188142326959, 47.86075148982795], [-118.0218987201306, 47.86438281106587]]]}, "properties": {"LANDAREACODE": "102", "TRACTID": "102 T 94 -A", "TRACTREFNUM": "2001733024", "Label_Name": "Spokane ", "LAR_Name": "Spokane ", "TAAMS_Name": "Spokane", "REGION": "Northwest", "AGENCY": "Spokane", "OWNERSHIP": "T", "TRBE_INTEREST_PERCENT": 100, "Mineral_Resources": "Both", "EST_ACRES": 40.1}}, {"type": "Feature", "geometry": {"type": "Polygon", "coordinates": [[[-118.30771242286556, 47.96244997282019], [-118.30768350472587, 47.966079947058326], [-118.31307520370922, 47.96606876147762], [-118.31309967584437, 47.96242325823903], [-118.31245321872682, 47.962425901308734], [-118.30771242286556, 47.96244997282019]]]}, "properties": {"LANDAREACODE": "102", "TRACTID": "102 T 147 -A", "TRACTREFNUM": "2001733057", "Label_Name": "Spokane ", "LAR_Name": "Spokane ", "TAAMS_Name": "Spokane", "REGION": "Northwest", "AGENCY": "Spokane", "OWNERSHIP": "T", "TRBE_INTEREST_PERCENT": 100, "Mineral_Resources": "Both", "EST_ACRES": 40.1}}, {"type": "Feature", "geometry": {"type": "Polygon", "coordinates": [[[-117.90827276684237, 47.92221439504966], [-117.91365628384466, 47.92224305447515], [-117.91366620898108, 47.91859073223238], [-117.90828465298449, 47.91858430380808], [-117.90827276684237, 47.92221439504966]]]}, "properties": {"LANDAREACODE": "102", "TRACTID": "102 T 1267", "TRACTREFNUM": "2001733442", "Label_Name": "Spokane ", "LAR_Name": "Spokane ", "TAAMS_Name": "Spokane", "REGION": "Northwest", "AGENCY": "Spokane", "OWNERSHIP": "T", "TRBE_INTEREST_PERCENT": 100, "Mineral_Resources": "Both", "EST_ACRES": 40.1}}, {"type": "Feature", "geometry": {"type": "Polygon", "coordinates": [[[-117.9620657994166, 47.95858750368806], [-117.96749306042392, 47.95860831210746], [-117.96750418956499, 47.95498538286758], [-117.96207923455935, 47.95496968644821], [-117.9620657994166, 47.95858750368806]]]}, "properties": {"LANDAREACODE": "102", "TRACTID": "102 T 519 -B", "TRACTREFNUM": "2001733186", "Label_Name": "Spokane ", "LAR_Name": "Spokane ", "TAAMS_Name": "Spokane", "REGION": "Northwest", "AGENCY": "Spokane", "OWNERSHIP": "T", "TRBE_INTEREST_PERCENT": 100, "Mineral_Resources": "Both", "EST_ACRES": 40.1}}, {"type": "Feature", "geometry": {"type": "Polygon", "coordinates": [[[-118.03254918526974, 47.93690320970303], [-118.03796925226915, 47.93690570312201], [-118.03798930641497, 47.933292688882375], [-118.03257265641521, 47.93328597346271], [-118.03256093084244, 47.935094591582875], [-118.03254918526974, 47.93690320970303]]]}, "properties": {"LANDAREACODE": "102", "TRACTID": "102 T 577 -A", "TRACTREFNUM": "2001733200", "Label_Name": "Spokane ", "LAR_Name": "Spokane ", "TAAMS_Name": "Spokane", "REGION": "Northwest", "AGENCY": "Spokane", "OWNERSHIP": "T", "TRBE_INTEREST_PERCENT": 100, "Mineral_Resources": "Surface", "EST_ACRES": 40.1}}, {"type": "Feature", "geometry": {"type": "Polygon", "coordinates": [[[-118.01650271513479, 47.864375478642614], [-118.0218987201306, 47.86438281106587], [-118.02188142326959, 47.86075148982795], [-118.01647988127289, 47.86074435140522], [-118.01650271513479, 47.864375478642614]]]}, "properties": {"LANDAREACODE": "102", "TRACTID": "102 T 1297", "TRACTREFNUM": "2001733474", "Label_Name": "Spokane ", "LAR_Name": "Spokane ", "TAAMS_Name": "Spokane", "REGION": "Northwest", "AGENCY": "Spokane", "OWNERSHIP": "T", "TRBE_INTEREST_PERCENT": 100, "Mineral_Resources": "Both", "EST_ACRES": 40.1}}, {"type": "Feature", "geometry": {"type": "Polygon", "coordinates": [[[-118.05968904267165, 47.87531086874236], [-118.0569912641744, 47.875307704030945], [-118.05699335103321, 47.87893704626978], [-118.05969282453087, 47.878940603981015], [-118.06238088102515, 47.878938763693114], [-118.06237429316558, 47.875310065454876], [-118.06199168309523, 47.87531018049584], [-118.05968904267165, 47.87531086874236]]]}, "properties": {"LANDAREACODE": "102", "TRACTID": "102 LM 107 -B", "TRACTREFNUM": "2001732824", "Label_Name": "Spokane ", "LAR_Name": "Spokane ", "TAAMS_Name": "Spokane", "REGION": "Northwest", "AGENCY": "Spokane", "OWNERSHIP": "T", "TRBE_INTEREST_PERCENT": 0, "Mineral_Resources": "Subsurface", "EST_ACRES": 40.0}}, {"type": "Feature", "geometry": {"type": "Polygon", "coordinates": [[[-118.02731823084528, 47.871646228965425], [-118.03270976284, 47.87165342138893], [-118.03270110598169, 47.868028683150754], [-118.02730648898648, 47.8680216577275], [-118.02731823084528, 47.871646228965425]]]}, "properties": {"LANDAREACODE": "102", "TRACTID": "102 67 -A", "TRACTREFNUM": "2001731921", "Label_Name": "Spokane ", "LAR_Name": "Spokane ", "TAAMS_Name": "Spokane", "REGION": "Northwest", "AGENCY": "Spokane", "OWNERSHIP": "T", "TRBE_INTEREST_PERCENT": 100, "Mineral_Resources": "Both", "EST_ACRES": 40.0}}, {"type": "Feature", "geometry": {"type": "Polygon", "coordinates": [[[-118.05968904267165, 47.87531086874236], [-118.0569912641744, 47.875307704030945], [-118.05699335103321, 47.87893704626978], [-118.05969282453087, 47.878940603981015], [-118.06238088102515, 47.878938763693114], [-118.06237429316558, 47.875310065454876], [-118.06199168309523, 47.87531018049584], [-118.05968904267165, 47.87531086874236]]]}, "properties": {"LANDAREACODE": "102", "TRACTID": "102 T 107 -B", "TRACTREFNUM": "2001733034", "Label_Name": "Spokane ", "LAR_Name": "Spokane ", "TAAMS_Name": "Spokane", "REGION": "Northwest", "AGENCY": "Spokane", "OWNERSHIP": "T", "TRBE_INTEREST_PERCENT": 100, "Mineral_Resources": "Surface", "EST_ACRES": 40.0}}, {"type": "Feature", "geometry": {"type": "Polygon", "coordinates": [[[-117.92984889043865, 47.83167272473826], [-117.9352383234361, 47.83168326516339], [-117.9352302195799, 47.82805419992322], [-117.92983895358417, 47.82805238249879], [-117.92984889043865, 47.83167272473826]]]}, "properties": {"LANDAREACODE": "102", "TRACTID": "102 T 361", "TRACTREFNUM": "2001733136", "Label_Name": "Spokane ", "LAR_Name": "Spokane ", "TAAMS_Name": "Spokane", "REGION": "Northwest", "AGENCY": "Spokane", "OWNERSHIP": "T", "TRBE_INTEREST_PERCENT": 100, "Mineral_Resources": "Surface", "EST_ACRES": 40.0}}, {"type": "Feature", "geometry": {"type": "Polygon", "coordinates": [[[-117.96223020930272, 47.96218759590762], [-117.9674820112769, 47.96220490834552], [-117.96749306042392, 47.95860831210746], [-117.9620657994166, 47.95858750368806], [-117.96205239126999, 47.962188098926745], [-117.96223020930272, 47.96218759590762]]]}, "properties": {"LANDAREACODE": "102", "TRACTID": "102 T 519 -A", "TRACTREFNUM": "2001733185", "Label_Name": "Spokane ", "LAR_Name": "Spokane ", "TAAMS_Name": "Spokane", "REGION": "Northwest", "AGENCY": "Spokane", "OWNERSHIP": "T", "TRBE_INTEREST_PERCENT": 100, "Mineral_Resources": "Both", "EST_ACRES": 39.9}}, {"type": "Feature", "geometry": {"type": "Polygon", "coordinates": [[[-118.23763190647891, 47.97689134029365], [-118.23890547471306, 47.97689440715691], [-118.24095722509028, 47.97689929893658], [-118.24166473622039, 47.97690099786059], [-118.24300900446747, 47.976904217716225], [-118.24301765060477, 47.97328040948003], [-118.2376144946119, 47.97326933506028], [-118.23763190647891, 47.97689134029365]]]}, "properties": {"LANDAREACODE": "102", "TRACTID": "102 T 413", "TRACTREFNUM": "2001733148", "Label_Name": "Spokane ", "LAR_Name": "Spokane ", "TAAMS_Name": "Spokane", "REGION": "Northwest", "AGENCY": "Spokane", "OWNERSHIP": "T", "TRBE_INTEREST_PERCENT": 100, "Mineral_Resources": "Surface", "EST_ACRES": 39.9}}, {"type": "Feature", "geometry": {"type": "Polygon", "coordinates": [[[-117.78963550014561, 47.94028223794754], [-117.79502387714858, 47.94029471637169], [-117.7950165422882, 47.93667040513144], [-117.7896251382848, 47.93665808870755], [-117.78963550014561, 47.94028223794754]]]}, "properties": {"LANDAREACODE": "102", "TRACTID": "102 T 1382", "TRACTREFNUM": "86601282", "Label_Name": "Spokane ", "LAR_Name": "Spokane ", "TAAMS_Name": "Spokane", "REGION": "Northwest", "AGENCY": "Spokane", "OWNERSHIP": "T", "TRBE_INTEREST_PERCENT": 100, "Mineral_Resources": "Both", "EST_ACRES": 39.9}}, {"type": "Feature", "geometry": {"type": "Polygon", "coordinates": [[[-118.05967364838216, 47.869869516385585], [-118.05967878881192, 47.87168329850452], [-118.06504990979944, 47.87167981492937], [-118.06504027693956, 47.86805035969133], [-118.05966850695239, 47.86805573226664], [-118.05967364838216, 47.869869516385585]]]}, "properties": {"LANDAREACODE": "102", "TRACTID": "102 T 1298", "TRACTREFNUM": "2001733475", "Label_Name": "Spokane ", "LAR_Name": "Spokane ", "TAAMS_Name": "Spokane", "REGION": "Northwest", "AGENCY": "Spokane", "OWNERSHIP": "T", "TRBE_INTEREST_PERCENT": 100, "Mineral_Resources": "Both", "EST_ACRES": 39.9}}, {"type": "Feature", "geometry": {"type": "Polygon", "coordinates": [[[-117.91372157115183, 47.88969364831233], [-117.91908881914509, 47.889699350738574], [-117.9190994327175, 47.88788261061706], [-117.91911004728998, 47.886065867495525], [-117.91642856479302, 47.886059958781885], [-117.913747081296, 47.886053931068304], [-117.91373433472391, 47.88787385419031], [-117.91372157115183, 47.88969364831233]]]}, "properties": {"LANDAREACODE": "102", "TRACTID": "102 T 184 -A", "TRACTREFNUM": "2001733071", "Label_Name": "Spokane ", "LAR_Name": "Spokane ", "TAAMS_Name": "Spokane", "REGION": "Northwest", "AGENCY": "Spokane", "OWNERSHIP": "T", "TRBE_INTEREST_PERCENT": 100, "Mineral_Resources": "Both", "EST_ACRES": 39.9}}, {"type": "Feature", "geometry": {"type": "Polygon", "coordinates": [[[-118.10773468831204, 47.866029549988056], [-118.10772970909622, 47.86512040792883], [-118.10239109811651, 47.86512608850075], [-118.10239154433121, 47.86603385156039], [-118.10239243676067, 47.86784935867967], [-118.1023924369754, 47.868757555739386], [-118.10774939795974, 47.868756893165795], [-118.10774464274384, 47.86784783310652], [-118.10773468831204, 47.866029549988056]]]}, "properties": {"LANDAREACODE": "102", "TRACTID": "102 T 1015", "TRACTREFNUM": "2001733232", "Label_Name": "Spokane ", "LAR_Name": "Spokane ", "TAAMS_Name": "Spokane", "REGION": "Northwest", "AGENCY": "Spokane", "OWNERSHIP": "T", "TRBE_INTEREST_PERCENT": 100, "Mineral_Resources": "Both", "EST_ACRES": 39.8}}, {"type": "Feature", "geometry": {"type": "Polygon", "coordinates": [[[-118.31301550689857, 47.98785661789361], [-118.3183745438893, 47.98790093231961], [-118.31838751402239, 47.98426142708293], [-118.31301348203154, 47.984227668659145], [-118.31301550689857, 47.98785661789361]]]}, "properties": {"LANDAREACODE": "102", "TRACTID": "102 T 1354", "TRACTREFNUM": "2001733511", "Label_Name": "Spokane ", "LAR_Name": "Spokane ", "TAAMS_Name": "Spokane", "REGION": "Northwest", "AGENCY": "Spokane", "OWNERSHIP": "T", "TRBE_INTEREST_PERCENT": 100, "Mineral_Resources": "Both", "EST_ACRES": 39.8}}, {"type": "Feature", "geometry": {"type": "Polygon", "coordinates": [[[-118.22684285363472, 47.973257995217736], [-118.23221136861886, 47.97325803964054], [-118.23218964718326, 47.97144780252523], [-118.2321679277477, 47.969637565409975], [-118.22682108276716, 47.96963587898468], [-118.22683196720087, 47.97144693710121], [-118.22683741041779, 47.972352466159506], [-118.22684285363472, 47.973257995217736]]]}, "properties": {"LANDAREACODE": "102", "TRACTID": "102 MT 1014", "TRACTREFNUM": "2001732971", "Label_Name": "Spokane ", "LAR_Name": "Spokane ", "TAAMS_Name": "Spokane", "REGION": "Northwest", "AGENCY": "Spokane", "OWNERSHIP": "T", "TRBE_INTEREST_PERCENT": 100, "Mineral_Resources": "Subsurface", "EST_ACRES": 39.6}}, {"type": "Feature", "geometry": {"type": "Polygon", "coordinates": [[[-117.79880698211471, 47.835566281984946], [-117.80409479209953, 47.835587001422184], [-117.80402514423066, 47.831949358186506], [-117.79872587824761, 47.83194519175154], [-117.79880698211471, 47.835566281984946]]]}, "properties": {"LANDAREACODE": "102", "TRACTID": "102 T 1367", "TRACTREFNUM": "29800169", "Label_Name": "Spokane ", "LAR_Name": "Spokane ", "TAAMS_Name": "Spokane", "REGION": "Northwest", "AGENCY": "Spokane", "OWNERSHIP": "T", "TRBE_INTEREST_PERCENT": 100, "Mineral_Resources": "Both", "EST_ACRES": 39.4}}, {"type": "Feature", "geometry": {"type": "Polygon", "coordinates": [[[-117.97832561327724, 47.96219613818196], [-117.97845142630058, 47.9621964971685], [-117.98373953727055, 47.96217014159952], [-117.98376925943296, 47.95862390636294], [-117.97834483043215, 47.95862654194486], [-117.97832561327724, 47.96219613818196]]]}, "properties": {"LANDAREACODE": "102", "TRACTID": "102 T 597 -A", "TRACTREFNUM": "2001733207", "Label_Name": "Spokane ", "LAR_Name": "Spokane ", "TAAMS_Name": "Spokane", "REGION": "Northwest", "AGENCY": "Spokane", "OWNERSHIP": "T", "TRBE_INTEREST_PERCENT": 100, "Mineral_Resources": "Both", "EST_ACRES": 39.4}}, {"type": "Feature", "geometry": {"type": "Polygon", "coordinates": [[[-117.88682187655435, 47.90396968113651], [-117.89216914256096, 47.90404326256933], [-117.89217289213659, 47.90224681944981], [-117.89217476092442, 47.90134859739005], [-117.89217663171223, 47.900450275330265], [-117.8868198707097, 47.90040140090007], [-117.88682187655435, 47.90396968113651]]]}, "properties": {"LANDAREACODE": "102", "TRACTID": "102 T 343", "TRACTREFNUM": "2001733126", "Label_Name": "Spokane ", "LAR_Name": "Spokane ", "TAAMS_Name": "Spokane", "REGION": "Northwest", "AGENCY": "Spokane", "OWNERSHIP": "T", "TRBE_INTEREST_PERCENT": 100, "Mineral_Resources": "Both", "EST_ACRES": 39.2}}, {"type": "Feature", "geometry": {"type": "Polygon", "coordinates": [[[-118.33398388858659, 47.92431777952553], [-118.33398734901787, 47.9261283366425], [-118.33922722496894, 47.926102844077775], [-118.33919866310245, 47.92248206384627], [-118.33398045615533, 47.922507221408566], [-118.33398130226313, 47.922959842437834], [-118.33398217137095, 47.92341248646708], [-118.33398388858659, 47.92431777952553]]]}, "properties": {"LANDAREACODE": "102", "TRACTID": "102 T 456 G", "TRACTREFNUM": "59300555", "Label_Name": "Spokane ", "LAR_Name": "Spokane ", "TAAMS_Name": "Spokane", "REGION": "Northwest", "AGENCY": "Spokane", "OWNERSHIP": "T", "TRBE_INTEREST_PERCENT": 100, "Mineral_Resources": "Surface", "EST_ACRES": 38.7}}, {"type": "Feature", "geometry": {"type": "Polygon", "coordinates": [[[-118.19987391139199, 47.96781872776307], [-118.19987240561258, 47.96874546882357], [-118.19987092183318, 47.96967220688403], [-118.20258801633253, 47.969675869592194], [-118.2053050798318, 47.96967944630042], [-118.20529634639146, 47.96783857818157], [-118.20528758795118, 47.96599766206271], [-118.20258224145103, 47.965981471352364], [-118.202583647667, 47.966886569411166], [-118.20258367667137, 47.966905072412345], [-118.19987539417143, 47.96689196770256], [-118.19987391139199, 47.96781872776307]]]}, "properties": {"LANDAREACODE": "102", "TRACTID": "102 T 401 -A", "TRACTREFNUM": "2001733142", "Label_Name": "Spokane ", "LAR_Name": "Spokane ", "TAAMS_Name": "Spokane", "REGION": "Northwest", "AGENCY": "Spokane", "OWNERSHIP": "T", "TRBE_INTEREST_PERCENT": 100, "Mineral_Resources": "Both", "EST_ACRES": 35.8}}, {"type": "Feature", "geometry": {"type": "Polygon", "coordinates": [[[-117.850317144644, 47.91177421855992], [-117.85031614853645, 47.91132082052991], [-117.85098773166096, 47.9113211424581], [-117.85098650155355, 47.91086821842815], [-117.85165799267797, 47.9108684933563], [-117.85232948280239, 47.910868764284544], [-117.8523280706949, 47.91041575825455], [-117.85165667057049, 47.91041553732637], [-117.85098527344607, 47.91041531739816], [-117.8503138723217, 47.91041509746998], [-117.84897106707294, 47.9104146996136], [-117.84897298628759, 47.91132017867358], [-117.8489748825024, 47.91222663573356], [-117.8489760247172, 47.913133056793626], [-117.8503201279665, 47.91313444764992], [-117.85032211618153, 47.91404120770996], [-117.85166667443096, 47.91404305456626], [-117.85435578392988, 47.91404674527875], [-117.85435240271433, 47.91313874521884], [-117.85434902249875, 47.912230748158905], [-117.85434564228319, 47.91132274809899], [-117.85434226306805, 47.91041641703915], [-117.85367086794366, 47.91041619911093], [-117.85367406015877, 47.911322427170795], [-117.85300247703434, 47.911322106242594], [-117.85233089690985, 47.91132178431441], [-117.85233358112508, 47.91222919237445], [-117.85166176800057, 47.91222867544623], [-117.85166054089298, 47.911775062416254], [-117.850317144644, 47.91177421855992]]]}, "properties": {"LANDAREACODE": "102", "TRACTID": "102 T 247 -B", "TRACTREFNUM": "2001733099", "Label_Name": "Spokane ", "LAR_Name": "Spokane ", "TAAMS_Name": "Spokane", "REGION": "Northwest", "AGENCY": "Spokane", "OWNERSHIP": "T", "TRBE_INTEREST_PERCENT": 100, "Mineral_Resources": "Both", "EST_ACRES": 31.2}}, {"type": "Feature", "geometry": {"type": "Polygon", "coordinates": [[[-118.04078069875523, 47.86077409080765], [-118.03943337250708, 47.86077349695172], [-118.03943864836607, 47.864405261190804], [-118.04078640861442, 47.86440621504663], [-118.04348193011114, 47.86440812375833], [-118.0434753432516, 47.86077527751945], [-118.04078069875523, 47.86077409080765]]]}, "properties": {"LANDAREACODE": "102", "TRACTID": "102 MT 39 B", "TRACTREFNUM": "78102353", "Label_Name": "Spokane ", "LAR_Name": "Spokane ", "TAAMS_Name": "Spokane", "REGION": "Northwest", "AGENCY": "Spokane", "OWNERSHIP": "T", "TRBE_INTEREST_PERCENT": 100, "Mineral_Resources": "Subsurface", "EST_ACRES": 30.1}}, {"type": "Feature", "geometry": {"type": "Polygon", "coordinates": [[[-118.04078069875523, 47.86077409080765], [-118.03943337250708, 47.86077349695172], [-118.03943864836607, 47.864405261190804], [-118.04078640861442, 47.86440621504663], [-118.04348193011114, 47.86440812375833], [-118.0434753432516, 47.86077527751945], [-118.04078069875523, 47.86077409080765]]]}, "properties": {"LANDAREACODE": "102", "TRACTID": "102 LM 39 -B", "TRACTREFNUM": "2001732813", "Label_Name": "Spokane ", "LAR_Name": "Spokane ", "TAAMS_Name": "Spokane", "REGION": "Northwest", "AGENCY": "Spokane", "OWNERSHIP": "T", "TRBE_INTEREST_PERCENT": 100, "Mineral_Resources": "Subsurface", "EST_ACRES": 30.1}}, {"type": "Feature", "geometry": {"type": "Polygon", "coordinates": [[[-118.18359346403396, 47.99142655304968], [-118.18901337302339, 47.99140306846529], [-118.18902653159417, 47.98959445534625], [-118.18359534460322, 47.98962015993195], [-118.18087975910765, 47.989632989224745], [-118.18088353353923, 47.99143828634187], [-118.18359346403396, 47.99142655304968]]]}, "properties": {"LANDAREACODE": "102", "TRACTID": "102 T 1154", "TRACTREFNUM": "2001733322", "Label_Name": "Spokane ", "LAR_Name": "Spokane ", "TAAMS_Name": "Spokane", "REGION": "Northwest", "AGENCY": "Spokane", "OWNERSHIP": "T", "TRBE_INTEREST_PERCENT": 100, "Mineral_Resources": "Both", "EST_ACRES": 30.0}}, {"type": "Feature", "geometry": {"type": "Polygon", "coordinates": [[[-118.18843872364833, 47.94410724244671], [-118.19114089214374, 47.94410546115643], [-118.1911315137111, 47.94229413803931], [-118.19060266361504, 47.942298214096404], [-118.18843097321559, 47.94229386432929], [-118.18302657622534, 47.94229991891003], [-118.18303954465867, 47.944111806026804], [-118.18843872364833, 47.94410724244671]]]}, "properties": {"LANDAREACODE": "102", "TRACTID": "102 T 575 -A", "TRACTREFNUM": "2001733199", "Label_Name": "Spokane ", "LAR_Name": "Spokane ", "TAAMS_Name": "Spokane", "REGION": "Northwest", "AGENCY": "Spokane", "OWNERSHIP": "T", "TRBE_INTEREST_PERCENT": 100, "Mineral_Resources": "Both", "EST_ACRES": 30.0}}]}