{
"type": "FeatureCollection",
"name": "Data_Centers",
"crs": { "type": "name", "properties": { "name": "urn:ogc:def:crs:OGC:1.3:CRS84" } },
"features": [
{ "type": "Feature", "properties": { "Data Center Name": "2323 Bryan Street (DFW10)", "Address Name": "Digital Realty", "Street Number": "2323", "Street Name": "Bryan Street", "Zip code": 75201, "City": "Dallas", "State": "Texas", "Lattitude": 32.787312676327709, "Longitude": -96.794167728835845, "Description": "Located in downtown Dallas Univision Tower is one of the premier Internet gateways in the United States. Consisting of over 477,000 square feet the telecommunications facility serves as the southwest headquarters for the Univision broadcasting network and is the nexus of metro-area national and international communications networks in the southwestern United States.", "field_11": null, "field_12": null, "field_13": null, "field_14": null }, "geometry": { "type": "Point", "coordinates": [ -96.794167728835845, 32.787312676327709 ] } },
{ "type": "Feature", "properties": { "Data Center Name": "8435 Stemmons Freeway (DFW36)", "Address Name": "Digital Realty", "Street Number": "8435", "Street Name": "Stemmons Freeway", "Zip code": 75247, "City": "Dallas", "State": "Texas", "Lattitude": 32.827708107705504, "Longitude": -96.873644659755286, "Description": "Building: 11 stories 230,700 (sq.ft.)\n\nTelx Leased: 34,901 (sq.ft.)\n\nFlood Zone: Outside 100 year flood plain\n\nSeismic: Zone 1\n\nUtility Power Capacity: 6000 (kW)\n\nUPS Power Capacity: 1040 (kW)\n\nUPS Redundancy: N+1\n\nPower Density: 125 (W/sq.ft.)\n\nDC Power Capacity: 50 (kW)\n\nGenerator Power Capacity: 3000 (kW)\n\nGenerator Redundancy: N+1\n\nCooling Redundancy: N+1\n\nRoof: Single membrane with insulation, Roof rights available\n\nFloor Loading: 125 (lbs/sq.ft.)\n\nFiber and Building Entry: Diverse conduit entry points\n\nSecurity: 24x365 security staff, Proximity card and biometic access control, Digital video monitoring and recording, SSAE 16 SOC2 Complaint\n\nParking: Parking available w/ security cameras, Reserved and open parking", "field_11": null, "field_12": null, "field_13": null, "field_14": null }, "geometry": { "type": "Point", "coordinates": [ -96.873644659755286, 32.827708107705504 ] } },
{ "type": "Feature", "properties": { "Data Center Name": "1232 Alma Road (DFW16)", "Address Name": "Digital Realty", "Street Number": "1232", "Street Name": "Alma Road", "Zip code": 75081, "City": "Richardson", "State": "Texas", "Lattitude": 32.966461593619144, "Longitude": -96.71574680392844, "Description": "Located in the epicenter of north Dallas' high technology corridor, 1232 Alma Road is a 105,726 square foot free-standing building situated in Digital Realty Trust's 69-acre Datacenter Park - Dallas. Electrical service to the park is distributed from a dedicated, privately owned substation capable of delivering up to 100 MW of power. Telecommunications service is provided by nine different fiber providers currenlty located in the park. 1232 Alma Road is a multi-tenant facility designed for 6,750 kW of IT load. The building is fully-leased.", "field_11": null, "field_12": null, "field_13": null, "field_14": null }, "geometry": { "type": "Point", "coordinates": [ -96.71574680392844, 32.966461593619144 ] } },
{ "type": "Feature", "properties": { "Data Center Name": "4025 Midway Rd (DFW11)", "Address Name": "Digital Realty", "Street Number": "4025", "Street Name": "Midway Rd", "Zip code": 75007, "City": "Carrollton", "State": "Texas", "Lattitude": 33.02177710972434, "Longitude": -96.844639603925984, "Description": "Conveniently located near the George Bush Turnpike and North Dallas Tollway, this facility of more than 100,000 square feet, was built in 2000 and renovated in 2008 and provides an ideal data center location. This building provides data center and office space for lease.", "field_11": null, "field_12": null, "field_13": null, "field_14": null }, "geometry": { "type": "Point", "coordinates": [ -96.844639603925984, 33.02177710972434 ] } },
{ "type": "Feature", "properties": { "Data Center Name": "850 E. Collins Boulevard (DFW28)", "Address Name": "Digital Realty", "Street Number": "850", "Street Name": "E. Collins Boulevard", "Zip code": 75081, "City": "Richardson", "State": "Texas", "Lattitude": 32.967540995269246, "Longitude": -96.713189990435907, "Description": "Digital Realty's datacenter at 850 E. Collins Boulevard is in a 121,000 square foot free-standing facility in our 69-acre data campus known as Digital Dallas. Electrical service to the park is served by diverse substation feeders, to our dedicated, privately owned, substation capable of delivering up to 100 MW of power.", "field_11": null, "field_12": null, "field_13": null, "field_14": null }, "geometry": { "type": "Point", "coordinates": [ -96.713189990435907, 32.967540995269246 ] } },
{ "type": "Feature", "properties": { "Data Center Name": "1210 Integrity Drive (DFW18)", "Address Name": "Digital Realty", "Street Number": "1210", "Street Name": "Integrity Drive", "Zip code": 75081, "City": "Richardson", "State": "Texas", "Lattitude": 32.966521017948907, "Longitude": -96.713856576943513, "Description": "1210 Integrity Drive is on a 7.73-acre green field in our 69-acre data campus known as Digital Dallas. Electrical service to the park is served by diverse substation feeders to our dedicated, privately owned, substation, which can deliver up to 100 MW of power.", "field_11": null, "field_12": null, "field_13": null, "field_14": null }, "geometry": { "type": "Point", "coordinates": [ -96.713856576943513, 32.966521017948907 ] } },
{ "type": "Feature", "properties": { "Data Center Name": "Centersquare Webb Chapel", "Address Name": "Centersquare", "Street Number": "11830", "Street Name": "Webb Chapel Rd. Suite 200", "Zip code": 75234, "City": "Dallas", "State": "Texas", "Lattitude": 32.911835512585057, "Longitude": -96.871025003930825, "Description": "EVOQUE DALLAS/WEBB CHAPEL\n11830 Webb Chapel Rd. Suite 200, Dallas, TX 75234\nDallas/Webb Chapel provides high-speed connectivity to Evoque's other US data centers, with low-latency Internet connectivity and direct cloud access to public clouds. Excellent resilience, two private conference rooms, and ample drop-in office space make it the ideal location for several of the largest global organizations.", "field_11": null, "field_12": null, "field_13": null, "field_14": null }, "geometry": { "type": "Point", "coordinates": [ -96.871025003930825, 32.911835512585057 ] } },
{ "type": "Feature", "properties": { "Data Center Name": "900 Quality Way (DFW17)", "Address Name": "Digital Realty", "Street Number": "900", "Street Name": "Quality Way", "Zip code": 75081, "City": "Richardson", "State": "Texas", "Lattitude": 32.966620327378415, "Longitude": -96.712742741687322, "Description": "Located in the epicenter of north Dallas' high technology corridor, 900 Quality Way sits in the middle of Digital Realty Trust's 69-acre Datacenter Park - Dallas. The building has approximately 83,000 square feet on the first floor and almost 29,000 square feet on a second floor mezzanine. Electrical service to the park is distributed from a dedicated, privately owned substation capable of delivering up to 100 MW of power. Telecommunications service is provided by nine different fiber providers currenlty located in the park. 900 Quality Way is planned as a multi-tenant facility with 6,675 kW of IT load and over 60,000 square feet of raised floor area. It's available for lease on either a Powered Base Building or Turn-Key Datacenter basis.", "field_11": null, "field_12": null, "field_13": null, "field_14": null }, "geometry": { "type": "Point", "coordinates": [ -96.712742741687322, 32.966620327378415 ] } },
{ "type": "Feature", "properties": { "Data Center Name": "Cologix DAL1", "Address Name": "Cologix", "Street Number": "1950", "Street Name": "N. Stemmons Fwy\nSuite 1032", "Zip code": 75207, "City": "Dallas", "State": "Texas", "Lattitude": 32.801095601221398, "Longitude": -96.819533703935676, "Description": "Connectivity Choice\n\nCologix is your network neutral partner, providing customers with buying power and direct interconnection choice of 35+ unique networks in the company's on-site MMR, in addition to other tenants in the INFOMART.\n\nRelentless Infrastructure\n\nWith two power feeds from three different utility substations using two automatic transfer switches (ATSs), two uninterruptible power systems (UPSs), and a backup generator, the robust Cologix Dallas facility offers leading power redundancy. On top of that, the INFOMART location promises additional power reliability on a priority feed with the Parkland Health Hospital System. The data center uses a redundant and efficient perimeter computer room air conditioning (CRAC) system with overhead ducted supply in cold aisle/hot aisle configuration.\n\nCertified & Secure\n\nThe Cologix data center is SSAE 16 SOC1 audited, with support to gain PCI compliance on an individual basis. Additionally, the Cologix operated tailgate-proof mantrap is augmented by 24/7 on-site security guards, keycard and biometric authentication access, and closed-circuit TV (CCTV).\n\nThe Most Customer Friendly Provider in Dallas\n\nAll customers have direct and 24/7 access to seasoned local engineers and support teams, in addition to a web-based portal for online technical support ticket submissions. Local Cologix technicians also leverage the Cologix Command data center infrastructure management (DCIM) platform to continually monitor service to ensure business continuity, alerting customers with options when nearing capacity.\n\nWhy Cologix Dallas?\n\nDallas is situated at the major crossroads of network connectivity in the South Central United States. Cologix maintains 40,000 SQF of data center space in the INFOMART building, which has the largest number of carriers out of any single building in a 900-mile radius, with more than 8,700 strands of fiber. This makes Cologix Dallas the perfect location to colocate your proximity-reliant or latency-sensitive applications.", "field_11": null, "field_12": null, "field_13": null, "field_14": null }, "geometry": { "type": "Point", "coordinates": [ -96.819533703935676, 32.801095601221398 ] } },
{ "type": "Feature", "properties": { "Data Center Name": "Centersquare Allen", "Address Name": "Centersquare", "Street Number": "900", "Street Name": "Guardians Way", "Zip code": 75013, "City": "Dallas", "State": "Texas", "Lattitude": 33.095064750471927, "Longitude": -96.683302919266168, "Description": "EVOQUE TEXAS\n900 Guardians Way, Allen, TX 75013\nEvoque Allen is cloud-enabled, with low-latency Internet connectivity, and high-speed connections to Evoque's data centers across the US, with the resilience and physical security you expect from a world-class data center provider.\n\n115,633 sq. ft. data center; 77,124 sq. ft. of raised floor\nStandard cabinet: 45U 42\" deep 4 & 6 kW\nStandard cage capacity: up to 300 W/sq. ft.\nHigher densities with build to suit\nCloud-enabled with Evoque Connectivity Suite and Megaport\n99.999% SLA on power, network and bandwidth\nSeismic Zone 1", "field_11": null, "field_12": null, "field_13": null, "field_14": null }, "geometry": { "type": "Point", "coordinates": [ -96.683302919266168, 33.095064750471927 ] } },
{ "type": "Feature", "properties": { "Data Center Name": "Cologix DAL2", "Address Name": "Cologix", "Street Number": "1950", "Street Name": "North Stemmons Freeway\nSuite 2010", "Zip code": 75207, "City": "Dallas", "State": "Texas", "Lattitude": 32.808521441276213, "Longitude": -96.818864052959881, "Description": "Cologix Enterprise Data Center\nThis technology-forward data center reflects Cologix’s latest expansion in one of the most robust communications markets in the United States. We maintain 50K SQFT of data center space across our three Dallas colocation data centers in the Infomart building, which has the largest number of carriers out of any single building in a 900-mile radius, and more than 8,700 strands of fiber.\n\nWith 2N redundancy on the UPS and generator and hot-aisle containment with in-row cooling, the DAL2 data center is designed and built to support 99.999% uptime and growing power densities.", "field_11": null, "field_12": null, "field_13": null, "field_14": null }, "geometry": { "type": "Point", "coordinates": [ -96.818864052959881, 32.808521441276213 ] } },
{ "type": "Feature", "properties": { "Data Center Name": "1215 Integrity Drive (DFW25)", "Address Name": "Digital Realty", "Street Number": "1215", "Street Name": "Integrity Drive", "Zip code": 75081, "City": "Richardson", "State": "Texas", "Lattitude": 32.964696004922253, "Longitude": -96.714459946256838, "Description": "Located in the North Dallas high technology corridor, 1215 Integrity Drive is a single-story data center facility situated on the southwest corner of the 69-acre Digital Dallas data campus. Totaling approximately 112,258 sq. ft., the building was constructed in 2012 and is the first Digital Realty ground-up data center building constructed on the campus. The property is fully leased with 50% of the leased premises expiring 9/30/27 and 50% expiring 7/31/30. Electrical service to the park is distributed from a dedicated, privately owned substation capable of delivering up to 100 MW of power. Telecommunications service is provided by nine different fiber providers currently located within the park.", "field_11": null, "field_12": null, "field_13": null, "field_14": null }, "geometry": { "type": "Point", "coordinates": [ -96.714459946256838, 32.964696004922253 ] } },
{ "type": "Feature", "properties": { "Data Center Name": "Cologix DAL3", "Address Name": "Cologix", "Street Number": "1950", "Street Name": "North Stemmons Freeway\nSuite 2004", "Zip code": 75207, "City": "Dallas", "State": "Texas", "Lattitude": 32.805477010535597, "Longitude": -96.819004144217544, "Description": "Flexible, Physical and Virtual Connections to the Cloud\nCologix’s newest interconnection hub in Dallas offers an additional 13K SQFT in the renowned Infomart, the region’s premier carrier hotel and most densely connected building within a 900-mile radius. DAL3 offers 2.25 MW of power, direct onramps to Amazon Web Services® Direct Connect and Microsoft® Azure ExpressRoute and on-demand, virtual cloud access through Cologix Access Marketplace.", "field_11": null, "field_12": null, "field_13": null, "field_14": null }, "geometry": { "type": "Point", "coordinates": [ -96.819004144217544, 32.805477010535597 ] } },
{ "type": "Feature", "properties": { "Data Center Name": "950 E. Collins Boulevard (DFW29)", "Address Name": "Digital Realty", "Street Number": "950", "Street Name": "E. Collins Boulevard", "Zip code": 75081, "City": "Richardson", "State": "Texas", "Lattitude": 32.967376443709988, "Longitude": -96.709589766363052, "Description": "950 E. Collins is a 121,370 SF free-standing building located in Digital Realty's 69-acre data campus known as Digital Dallas. The project is located in the epicenter of North Dallas' high technology corridor, with electrical service to the park distributed via a dedicated, privately owned, substation capable of delivering up to 100 MW of power. Telecommunications service is provided by nine different fiber providers currently located in the park. 950 E. Collins is planned as a multi-tenant facility with approximately 60,000 sq. ft. of raised floor space and 6.75 MW of IT load. It is available for lease on a Turn-Key Flex basis.", "field_11": null, "field_12": null, "field_13": null, "field_14": null }, "geometry": { "type": "Point", "coordinates": [ -96.709589766363052, 32.967376443709988 ] } },
{ "type": "Feature", "properties": { "Data Center Name": "Stream DC DFW VII - Garland", "Address Name": "Stream Data Centers", "Street Number": "1813", "Street Name": "Lookout Drive", "Zip code": 75044, "City": "Garland", "State": "Texas", "Lattitude": 32.983473667998567, "Longitude": -96.654632503927672, "Description": "Stream Data Centers' newly constructed DFW VII facility is an expandable 138,132 SF data center with a new on-site Oncor substation and dual (2) dedicated underground 40 MW utility feeds, predesigned to support full capacity of the campus.\n\nUltimately, in future phases, the campus will total approximately 400,000 square feet of data center space. Today Stream's DFW VII data center features:\n\n\nHIGHLIGHTS:\n\n- A 22.66-acre site in Garland, Texas located on Lookout Drive, in close proximity to robust Northeast Dallas, Richardson and Garland amenities, power and fiber infrastructure.\n\n- Initial 138,132 square-foot structurally enhanced facility with land available for multiple phases, and 75,000 square feet of fully commissioned data hall space.\n\n- Two (2) 40 MW utility feeds from a new on-site Oncor substation offering power at competitive transmission rates, and options for renewable energy.\n\n- Two (2) diverse telco entrances, with multiple fiber providers and a strong mix of local, long haul and dark fiber providers to the site through multiple routes.\n\n- Designed to meet or exceed size and capital investment requirements under House Bill 1223 sales tax exemption program.\n\n- Optimal location outside of flight paths, railways and FEMA 500-year flood plain.\n\n- Multiple network service providers are engaged for diverse dark fiber paths back to the major carrier hotels and cloud interconnection locations, allowing our customers to expand beyond the providers that are in the immediate area with access to 100+ network and cloud providers.", "field_11": null, "field_12": null, "field_13": null, "field_14": null }, "geometry": { "type": "Point", "coordinates": [ -96.654632503927672, 32.983473667998567 ] } },
{ "type": "Feature", "properties": { "Data Center Name": "2440 Marsh Lane (DFW12)", "Address Name": "Digital Realty", "Street Number": "2440", "Street Name": "Marsh Lane", "Zip code": 75006, "City": "Carrollton", "State": "Texas", "Lattitude": 32.980291473129029, "Longitude": -96.8539841039278, "Description": null, "field_11": null, "field_12": null, "field_13": null, "field_14": null }, "geometry": { "type": "Point", "coordinates": [ -96.8539841039278, 32.980291473129029 ] } },
{ "type": "Feature", "properties": { "Data Center Name": "Hivelocity - Dallas 1", "Address Name": "Hivelocity", "Street Number": "1515", "Street Name": "Round Table Dr", "Zip code": 75247, "City": "Dallas", "State": "Texas", "Lattitude": 32.838083162543008, "Longitude": -96.878409903934056, "Description": "Hivelocity was founded in 2002 by a few guys with a single mission to create an exceptional company with a singular focus on simplifying hosting. Starting with a single rack of servers located in the quintessential basement, (every great start-up story starts in a basement or garage after all) our vision was to build a hosting company that not only supported customer growth but fostered it as well. Our philosophy back in 2002 is the same as it is today, the more successful our customers are the more successful we will be. Hivelocity's goal has always been to do whatever possible, whenever possible to put our customers in the best position to succeed, with the simple hope that our customer's success would eventually lead to them needing more of our services.\n\nOur deliberate effort to focus only on the customer's needs and success has led us from the single rack of servers in that dingy basement to operating 8 world-class data centers totaling over 70,000 square feet across Florida, Georgia, New York, Texas, California, and Washington State. Today we maintain and manage over 15,000 physical and virtualized servers and provide managed solutions on dedicated servers, virtual servers and private cloud. Each of our data centers is SSAE-16 SOC1 and SOC2 certified with HIPAA and PCI compliant services also available. Hivelocity is privately held and currently employs 80 of the brightest technicians, engineers and programmers in the business.\n\nThrough all of the growth and all of the added service offerings our mission has never changed provide our customers with a solution and environment that puts them in the best position to succeed. To us this means providing incredibly reliable solutions that allow our customers to focus on running their business. It means providing a level of customer service and support that far exceeds their expectations. It means always considering the customer's user experience first in everything we do and offer. Lastly, it means doing all of these things at a price point that enables their businesses to flourish.\n\nTo provide the ultimate user experience through exceptional customer service, flawless reliability and extraordinary innovation. Today and always.", "field_11": null, "field_12": null, "field_13": null, "field_14": null }, "geometry": { "type": "Point", "coordinates": [ -96.878409903934056, 32.838083162543008 ] } },
{ "type": "Feature", "properties": { "Data Center Name": "907 Security Row (DFW35)", "Address Name": "Digital Realty", "Street Number": "907", "Street Name": "Security Row", "Zip code": 75081, "City": "Richardson", "State": "Texas", "Lattitude": 32.965528604716837, "Longitude": -96.710012861600177, "Description": null, "field_11": null, "field_12": null, "field_13": null, "field_14": null }, "geometry": { "type": "Point", "coordinates": [ -96.710012861600177, 32.965528604716837 ] } },
{ "type": "Feature", "properties": { "Data Center Name": "Flexential Dallas - Plano Data Center", "Address Name": "Flexential", "Street Number": "3500", "Street Name": "E Plano Pkwy", "Zip code": 75074, "City": "Plano", "State": "Texas", "Lattitude": 33.008091527822231, "Longitude": -96.666237376941709, "Description": "Built to accommodate power densities of 1,500 W per square foot, our generation 4 Dallas - Plano data center offers proprietary & highly efficient cooling & 261,400+ square feet of gross building capacity - ample room for your growth.\n\nOur Dallas - Plano facility features:\n\n- 261,425 square-foot data center footprint\n- 1500+ watts per square foot power density\n- 100% SLA on power, cooling, network and bandwidth\n\nFlexential empowers the IT journey of the nation's most complex businesses by offering flexible and tailored hybrid IT solutions comprised of colocation, cloud, connectivity, data protection, managed, and professional services. The company builds on a platform of three million square feet of data center space in 19 highly connected markets, and on its 100Gbps private backbone to meet the most stringent challenges in security, compliance, and resiliency. See how Flexential goes beyond the four walls of the data center to empower IT through an interactive map found on www.flexential.com.", "field_11": null, "field_12": null, "field_13": null, "field_14": null }, "geometry": { "type": "Point", "coordinates": [ -96.666237376941709, 33.008091527822231 ] } },
{ "type": "Feature", "properties": { "Data Center Name": "Flexential Dallas - Downtown Data Center", "Address Name": "Flexential", "Street Number": "1950", "Street Name": "Stemmons Freeway", "Zip code": 75207, "City": "Dallas", "State": "Texas", "Lattitude": 32.800520138803854, "Longitude": -96.819498703935736, "Description": "Five data centers. One location. Our Dallas - Downtown complex is designed with a single focus: protecting your mission-critical data and applications. Our facility is 80,000+ square feet and backed by our 100% network and bandwidth uptime commitment.\n\nOur Dallas - Downtown facility features:\n\n- 80,447 square-foot data center footprint\n- 150+ watts per square foot power density\n- 100% SLA on power, cooling, network and bandwidth\n\nFlexential empowers the IT journey of the nation's most complex businesses by offering flexible and tailored hybrid IT solutions comprised of colocation, cloud, connectivity, data protection, managed, and professional services. The company builds on a platform of three million square feet of data center space in 19 highly connected markets, and on its 100Gbps private backbone to meet the most stringent challenges in security, compliance, and resiliency. See how Flexential goes beyond the four walls of the data center to empower IT through an interactive map found on www.flexential.com.", "field_11": null, "field_12": null, "field_13": null, "field_14": null }, "geometry": { "type": "Point", "coordinates": [ -96.819498703935736, 32.800520138803854 ] } },
{ "type": "Feature", "properties": { "Data Center Name": "4849 Alpha Road (DFW14)", "Address Name": "Digital Realty", "Street Number": "4849", "Street Name": "Alpha Road", "Zip code": 75244, "City": "Dallas", "State": "Texas", "Lattitude": 32.934093657886194, "Longitude": -96.827963517422319, "Description": null, "field_11": null, "field_12": null, "field_13": null, "field_14": null }, "geometry": { "type": "Point", "coordinates": [ -96.827963517422319, 32.934093657886194 ] } },
{ "type": "Feature", "properties": { "Data Center Name": "908 Quality Way (DFW20)", "Address Name": "Digital Realty", "Street Number": "908", "Street Name": "Quality Way", "Zip code": 75081, "City": "Richardson", "State": "Texas", "Lattitude": 32.966564424801945, "Longitude": -96.709869003928475, "Description": null, "field_11": null, "field_12": null, "field_13": null, "field_14": null }, "geometry": { "type": "Point", "coordinates": [ -96.709869003928475, 32.966564424801945 ] } },
{ "type": "Feature", "properties": { "Data Center Name": "904 Quality Way (DFW21)", "Address Name": "Digital Realty", "Street Number": "904", "Street Name": "Quality Way", "Zip code": 75081, "City": "Richardson", "State": "Texas", "Lattitude": 32.966132493433044, "Longitude": -96.711612132764301, "Description": null, "field_11": null, "field_12": null, "field_13": null, "field_14": null }, "geometry": { "type": "Point", "coordinates": [ -96.711612132764301, 32.966132493433044 ] } },
{ "type": "Feature", "properties": { "Data Center Name": "Flexential Dallas - Richardson Data Center", "Address Name": "Flexential", "Street Number": "3010", "Street Name": "Waterview Parkway", "Zip code": 75080, "City": "Richardson", "State": "Texas", "Lattitude": 32.994677439354042, "Longitude": -96.752717232763018, "Description": "Our Dallas - Richardson data center offers secure, reliable colocation, cloud, connectivity and DR solutions over our 100 Gbps network backbone. The facility is certified for compliance with HITRUST CSF & PCI DSS & more regulatory standards.\n\nOur Dallas - Richardson facility features:\n\n- 100,807 square-foot data center footprint\n- 240+ watts per square foot power density\n- 100% SLA on power, cooling, network and bandwidth\n\nFlexential empowers the IT journey of the nation's most complex businesses by offering flexible and tailored hybrid IT solutions comprised of colocation, cloud, connectivity, data protection, managed, and professional services. The company builds on a platform of three million square feet of data center space in 19 highly connected markets, and on its 100Gbps private backbone to meet the most stringent challenges in security, compliance, and resiliency. See how Flexential goes beyond the four walls of the data center to empower IT through an interactive map found on www.flexential.com.", "field_11": null, "field_12": null, "field_13": null, "field_14": null }, "geometry": { "type": "Point", "coordinates": [ -96.752717232763018, 32.994677439354042 ] } },
{ "type": "Feature", "properties": { "Data Center Name": "2501 S. State Highway 121 (DFW26)", "Address Name": "Digital Realty", "Street Number": "2501", "Street Name": "S. State Highway 121", "Zip code": 75056, "City": "Lewisville", "State": "Texas", "Lattitude": 32.999598953614871, "Longitude": -96.999590081690954, "Description": "Digital Convergence comprises 829,372 sq. ft. on 168.4 acres, including 60 acres of additional land for future development, located in Lewisville, Texas, which competes in the Northwest Dallas submarket. The property was originally developed by Texas Instruments. The campus consists of ten large-box building connected to a central utility plant (CUP) by a central spine. Buildings 1, 11 and part of 3 are two stories with the remaining buildings single-story.", "field_11": null, "field_12": null, "field_13": null, "field_14": null }, "geometry": { "type": "Point", "coordinates": [ -96.999590081690954, 32.999598953614871 ] } },
{ "type": "Feature", "properties": { "Data Center Name": "Stream DC DFW-VIII - Wilmer", "Address Name": "Stream Data Centers", "Street Number": "60", "Street Name": "Sunrise Road", "Zip code": 75146, "City": "Wilmer", "State": "Texas", "Lattitude": 32.581387901286575, "Longitude": -96.700931003945243, "Description": "Stream Data Centers' DFW-VIII is a state-of-the-art facility located on a 77-acre hyperscale campus in South Dallas County. This build-to-suit development is designed to support 90 MW and 690,000 SF at full build, with construction currently underway. The data center benefits from a new on-site Oncor substation, ensuring reliable utility power and robust fiber infrastructure.\n\nThe DFW-VIII facility offers a unique balance of speed to market, flexibility, and resiliency. It is strategically located away from flight paths, railways, and FEMA 500-year flood plains, providing an optimal site for data center operations. The campus features dual dedicated underground 40 MW utility feeds, pre-designed to support the full capacity of the campus, and offers 100% renewable power options at competitive transmission rates.\n\nTenants at DFW-VIII will enjoy a network-rich environment with a strong mix of local, long haul, and dark fiber providers. The data center is designed with closed-loop chillers to enhance water usage effectiveness (WUE) and boasts less than 1 ms roundtrip latency to major carrier hotels. Additionally, it is constructed to meet or exceed the Texas State Data Center Sales Tax Exemption program size and capital investment requirements, offering significant tax incentives.", "field_11": null, "field_12": null, "field_13": null, "field_14": null }, "geometry": { "type": "Point", "coordinates": [ -96.700931003945243, 32.581387901286575 ] } },
{ "type": "Feature", "properties": { "Data Center Name": "Datacenter Park - Dallas", "Address Name": "Digital Realty", "Street Number": "900-908 ", "Street Name": "Quality Way", "Zip code": 75081, "City": "Richardson", "State": "Texas", "Lattitude": 32.966638398208829, "Longitude": -96.712656888585045, "Description": null, "field_11": null, "field_12": null, "field_13": null, "field_14": null }, "geometry": { "type": "Point", "coordinates": [ -96.712656888585045, 32.966638398208829 ] } },
{ "type": "Feature", "properties": { "Data Center Name": "CyrusOne DFW1 - Carrollton", "Address Name": "CyrusOne Data Centers", "Street Number": "1649", "Street Name": "Frankfort Road West", "Zip code": 75007, "City": "Carrollton", "State": "Texas", "Lattitude": 32.993651371940928, "Longitude": -96.931701310795063, "Description": "CyrusOne (NASDAQ: CONE) specializes in highly reliable enterprise-class, carrier-neutral data center properties. The company provides mission-critical data center facilities that protect and ensure the continued operation of IT infrastructure for more than 500 customers, including nine of the global Fortune 20 and more than 100 of the Fortune 1000 companies.\n\nCyrusOne’s data center offerings provide the flexibility, reliability, and security that enterprise customers require and are delivered through a tailored, customer service-focused platform designed to foster long-term relationships. CyrusOne's internet interconnection platform provides robust connectivity options for enterprises, content, and telecommunications companies. CyrusOne is committed to full transparency in communication, management, and service delivery throughout its 25 data centers worldwide.", "field_11": null, "field_12": null, "field_13": null, "field_14": null }, "geometry": { "type": "Point", "coordinates": [ -96.931701310795063, 32.993651371940928 ] } },
{ "type": "Feature", "properties": { "Data Center Name": "NTT Dallas TX1", "Address Name": "NTT Global Data Centers", "Street Number": "2008", "Street Name": "Lookout Drive", "Zip code": 75044, "City": "Garland", "State": "Texas", "Lattitude": 32.982327668977213, "Longitude": -96.657368244405077, "Description": "NTT Dallas TX1, the first of five planned data centers on NTT's 42-acre Dallas campus, is perfect for deployments of all sizes with wholesale dedicated vaults, build-to-suit solutions, and retail colocation cages and secure racks available.\n\nSpace and location:\n- 118,000 sq. ft. of data hall space\n- Located in Garland, Texas, conveniently located off of the President George Bush Turnpike with easy access from local airports\n\nPower:\n- 16MW of critical IT load\n- 1MW, 2MW, 3MW and 5MW customizable private suites and cages\n- 100% renewable energy packages available\n\nConnectivity:\n- Carrier-neutral data center with three diverse fiber entrances\n- Multiple Tier-1 carriers on-site, along with access to many major telecom and cloud providers\n\nCooling:\n- Waterless cooling using indirect air exchange heat wheel cooling technology\n\nSecurity:\n- Multi-factor authentication and multi-level security zones\n- Intelligent high-definition video surveillance system with 100+ real-time security feeds\n- Anti-climb perimeter fence", "field_11": null, "field_12": null, "field_13": null, "field_14": null }, "geometry": { "type": "Point", "coordinates": [ -96.657368244405077, 32.982327668977213 ] } },
{ "type": "Feature", "properties": { "Data Center Name": "Prime Dallas Data Center Campus", "Address Name": "Prime Data Centers", "Street Number": "1515", "Street Name": "Round Table", "Zip code": 75247, "City": "Dallas", "State": "Texas", "Lattitude": 32.838119220280042, "Longitude": -96.87849573462087, "Description": "Prime Data Centers brings a focus on connectivity and sustainability to their Dallas data center campus. Featuring two facilities spanning 19 critical megawatts, the campus is designed to support the dynamic growth of technology-driven organizations within the region.\n\nThe Dallas location offers access to renewable energy sources and near-zero Water Usage Effectiveness (WUE), demonstrating Prime's commitment to environmentally conscious data center solutions. Companies seeking a strategic base for expansion in the data center capital of the midwest, Prime's Dallas campus a compelling option.", "field_11": null, "field_12": null, "field_13": null, "field_14": null }, "geometry": { "type": "Point", "coordinates": [ -96.87849573462087, 32.838119220280042 ] } },
{ "type": "Feature", "properties": { "Data Center Name": "TierPoint Dallas", "Address Name": "TierPoint", "Street Number": "3004", "Street Name": "Irving Blvd", "Zip code": 75247, "City": "Dallas", "State": "Texas", "Lattitude": 32.808367380150656, "Longitude": -96.857618607637264, "Description": "Since 2000, businesses in North Texas, across the US, and around the globe have relied on TierPoint in Dallas to connect and protect their most critical IT assets. With 68,000 square feet of environmentally controlled, secure data center space, the facility offers true 2N power and multi-homed connectivity from leading carriers. Solutions offered include cloud, colocation and managed services.\n\nTierPoint Texas (formerly Colo4) delivers seamless data center migration & installation a full suite of managed security services comprehensive business continuity and managed backup in a state-of-the-art 68,000 sq ft facility, backed by a proven, dedicated staff 24x7x365.", "field_11": null, "field_12": null, "field_13": null, "field_14": null }, "geometry": { "type": "Point", "coordinates": [ -96.857618607637264, 32.808367380150656 ] } },
{ "type": "Feature", "properties": { "Data Center Name": "CyrusOne DFW3 - Allen", "Address Name": "CyrusOne Data Centers", "Street Number": "2300", "Street Name": "Chelsea Blvd", "Zip code": 75013, "City": "Allen", "State": "Texas", "Lattitude": 33.1405264791359, "Longitude": -96.659812755127945, "Description": "Strategically located in Allen, Texas, CyrusOne’s newest Dallas DFW3 data center is 976,000 square feet and contains 580,000 square feet of raised floor/white space at full build-out. The facility is purpose-built, offering industry-leading efficiencies, the latest cooling technology, uniquely low PUEs, and multilayer security. With over 90 acres, at full build, CyrusOne’s DFW3 campus is the largest data center campus in Texas.", "field_11": null, "field_12": null, "field_13": null, "field_14": null }, "geometry": { "type": "Point", "coordinates": [ -96.659812755127945, 33.1405264791359 ] } },
{ "type": "Feature", "properties": { "Data Center Name": "Prime Dallas - Data Center 1", "Address Name": "Prime Data Centers", "Street Number": "1515", "Street Name": "Round Table", "Zip code": 75247, "City": "Dallas", "State": "Texas", "Lattitude": 32.838157453151219, "Longitude": -96.878418601538314, "Description": "Prime Dallas (1) is a 7.5-megawatt (critical), purpose-built data center in Dallas, Texas. The first of two planned campus data centers, this facility offers diverse colocation capabilities for a wide range of workloads and proximity to Infomart for unmatched regional connectivity options. Customers may lease shared cabinets up to a dedicated suites.", "field_11": null, "field_12": null, "field_13": null, "field_14": null }, "geometry": { "type": "Point", "coordinates": [ -96.878418601538314, 32.838157453151219 ] } },
{ "type": "Feature", "properties": { "Data Center Name": "TierPoint Dallas - Fort Worth", "Address Name": "TierPoint", "Street Number": "13701", "Street Name": "Independence", "Zip code": 76177, "City": "Fort Worth", "State": "Texas", "Lattitude": 32.815059937765255, "Longitude": -96.855634588418553, "Description": "Just minutes from DFW International Airport, TierPoint's Dallas-Fort Worth data center showcases cutting-edge design and innovation, offering flexibility to meet the diverse needs of businesses - from server racks to high-density cabinets for high-performance/GPU compute requirements.\n\nHigh Performance\nThis secure facility promises guaranteed exceptional performance and low-latency connections. Additionally, this TierPoint location is connected via DWDM to two more data centers in the region—Dallas-Allen and Dallas-Irving, further reinforcing its connectivity density, robust infrastructure and service capabilities.\n\nStrategic Location\nKnown as a business-friendly state with strong economic growth prospects, Texas has no state income tax. In addition, Texas incentivizes businesses to locate data centers in the state by providing sales tax relief for qualifying purchases. Dallas has a low seismic rating (zone 1) indicating a lower risk for earthquakes that could impact a data center.", "field_11": null, "field_12": null, "field_13": null, "field_14": null }, "geometry": { "type": "Point", "coordinates": [ -96.855634588418553, 32.815059937765255 ] } },
{ "type": "Feature", "properties": { "Data Center Name": "DataBank DFW1 - Downtown Dallas", "Address Name": "DataBank", "Street Number": "400", "Street Name": "S. Akard Suite 100", "Zip code": 75202, "City": "Dallas", "State": "Texas", "Lattitude": 32.778710883045726, "Longitude": -96.798300730921596, "Description": "General Specifications:\n\n* Top-tier Dallas facility sites with available capacity & power for immediate move-in\n* 160,000 sq ft of occupied data center\n* 40,000 sq ft of available data center\n\nSecurity:\n\n* 24/7/365 on site security\n* Card access required to gain access to parking and building lobby\n* Biometric hand scanner required for data center entry\n* Annual SSAE 16 & PCI-DSS Audits\n\nCameras:\n\n* Multiple 360 degree cameras with 10x zoom\n* High speed recorders with DV cassette tapes\n* Hard drives to eliminate down time for tape swaps and over recording\n* Minimum 90 day tape storage\n\nUPS & Generator Backup Power:\n\n* True A+B (2N) power configurations\n* All UPS and Generator deployments provide (2N) redundancy\n\nUtility Power:\n\n* Multiple utility feeds from the CBD grid\n* 2(N+2) Transformers and feeds\n* Feeds to building are concrete encased\n\nHVAC Cooling System:\n\n* Over 3500 Ton cooling tower capacity\n* Data Center HVAC system includes (118) 30 Ton Liebert CRAC Units.\n* Entire system is designed with at least N+1 redundancy\n* 80,000 gallon reserve make-up water tank\n* Liebert Leak Detect System", "field_11": null, "field_12": null, "field_13": null, "field_14": null }, "geometry": { "type": "Point", "coordinates": [ -96.798300730921596, 32.778710883045726 ] } },
{ "type": "Feature", "properties": { "Data Center Name": "Tierpoint Dallas-Allen", "Address Name": "TierPoint", "Street Number": "820", "Street Name": "Allen Commerce Parkway", "Zip code": 75013, "City": "Allen", "State": "Texas", "Lattitude": 33.138689843849129, "Longitude": -96.657343688577441, "Description": "This new 30,000 sq. ft facility in the thriving Allen-Dallas area includes the following specs:\n\n-SSAE-I6 SOC I, Type II\n-48-in. raised floors\n-16,000 sq. ft. of raised floor\n- Sole tenant in a single-story building\n- PPOP: Dedicated 2N split system HVAC\n- Sole tenant in single-story building\n- N+I KyotoCooling wheel HVAC cooling units with\n- air-side economizers\n- Uptime Institute Tier III Certified\n- USGBC Leed Certified\n\nThis data center is connected to TierPoint’s private, internal network providing numerous replication and online backup options, plus easy access to a full suite of managed services. In addition, this facility is audited annually under ITAR, EU-US Privacy, SOC 1, SOC 2, HIPAA, PCI-DSS*, and GLBA.\n\nAllen is a high-tech community in the rapidly growing US 75/State Highway 121 corridor, offering easy access from all points in North Texas.", "field_11": null, "field_12": null, "field_13": null, "field_14": null }, "geometry": { "type": "Point", "coordinates": [ -96.657343688577441, 33.138689843849129 ] } },
{ "type": "Feature", "properties": { "Data Center Name": "Prime Dallas - Data Center 2", "Address Name": "Prime Data Centers", "Street Number": "1517", "Street Name": "Round Table", "Zip code": 75247, "City": "Dallas", "State": "Texas", "Lattitude": 32.809423438813809, "Longitude": -96.857589597295018, "Description": "Prime Dallas (2) is a 12-megawatt (critical), purpose-built data center in Dallas, Texas. The second of two planned campus data centers, this facility offers sustainable wholesale data center capacity and high-density cooling capability for modern workloads like AI. Also, enjoy proximity to Infomart for unmatched regional connectivity options. Customers may lease dedicated data halls up to the entire facility.", "field_11": null, "field_12": null, "field_13": null, "field_14": null }, "geometry": { "type": "Point", "coordinates": [ -96.857589597295018, 32.809423438813809 ] } },
{ "type": "Feature", "properties": { "Data Center Name": "Evocative DAL6", "Address Name": "Evocative Data Centers", "Street Number": "1221", "Street Name": "Coit Road", "Zip code": 75075, "City": "Plano", "State": "Texas", "Lattitude": 33.015729908989314, "Longitude": -96.768641121120581, "Description": "Previously known as Internap Dallas and later INAP Dallas. Acquired by Evocative in 2022.\n\n-----------------------\n\nInternap Corporation (NASDAQ: INAP) is a leading-edge provider of high-performance data center and cloud solutions with over 100 network Points of Presence worldwide. INAP's full-spectrum portfolio of high-density colocation, managed cloud hosting and network solutions supports evolving IT infrastructure requirements for customers ranging from the Fortune 500 to emerging startups. INAP operates in 21 metropolitan markets, primarily in North America, with data centers connected by a low-latency, high-capacity fiber network. INAP has over one million gross square feet in its portfolio, with approximately 600,000 square feet of sellable data center space.\nFor more information, visit www.INAP.com.", "field_11": null, "field_12": null, "field_13": null, "field_14": null }, "geometry": { "type": "Point", "coordinates": [ -96.768641121120581, 33.015729908989314 ] } },
{ "type": "Feature", "properties": { "Data Center Name": "Alpha Data Center", "Address Name": "M&A Technology Inc.", "Street Number": "4407", "Street Name": "Alpha Road", "Zip code": 75244, "City": "Dallas", "State": "Texas", "Lattitude": 32.933730599935004, "Longitude": -96.834586884025441, "Description": "Available for immediate lease - wholesale or modular terms.\n\nRecently renovated fully functional carrier class data center.\n\nNetwork: 8 Fibre providers - Level3, ATT, Verizon, TW telecom, Zayo, XO Communications, Fiberlight; Logix\n\nPower: 3 megawatts local Oncor substation with second substation in close proximity. Carrier class 8 hour duration battery redundancy and power generator. 4 x 1,200 amp 480v AC service and 500kva 48v DC service distributed.\n\nCooling: 14 Liebert DX units 390 Tons with outside condensers and plenum ceiling for better airflow through out server rooms.\n\nFire detection and suppression: VESDA smoke and fire detection system Multiple zoned detection and suppression system Double interlock dry pipe system throughout facility FM200 Gas System. Dual Roof System.\n\nCentralized Data Center Management System connected to environmental and infrastructure devices. NOC and mobility enabled monitoring.\n\nRent $79. per KW per Month NNN. Power $0.039 per KWH plus TDU & taxes.\n\nCall +1 214 735 6205 or email stewart.hair@macomp.com.", "field_11": null, "field_12": null, "field_13": null, "field_14": null }, "geometry": { "type": "Point", "coordinates": [ -96.834586884025441, 32.933730599935004 ] } },
{ "type": "Feature", "properties": { "Data Center Name": "DataBank DFW2 - North Dallas", "Address Name": "DataBank", "Street Number": "904", "Street Name": "Quality Way", "Zip code": 75801, "City": "Dallas", "State": "Texas", "Lattitude": 32.814037705832256, "Longitude": -96.818124872986843, "Description": "General Specifications:\n\n* Top-tier North Dallas facility with available capacity & power\n* 65,000 sq ft building in Richardson, TX technology corridor\n* 40,000 sq ft of available data center\n\nSecurity:\n\n* 24/7/365 on site security\n* Card access required to gain access to parking and building lobby\n* Biometric hand scanner required for data center entry\n* Annual SSAE 16 & PCI-DSS Audits\n\nCameras:\n\n* Multiple 360 degree cameras with 10x zoom\n* High speed recorders with DV cassette tapes\n* Hard drives to eliminate down time for tape swaps and over recording\n* Minimum 90 day tape storage\n\nUPS & Generator Backup Power:\n\n* True A+B (2N) power configurations\n* All UPS and Generator deployments provide (2N) redundancy\n\nUtility Power:\n\n* 20MW of incoming utility power in a (2N) redundant configuration\n* Multiple utility feeds from the CBD grid\n* 2(N+2) Transformers and feeds\n* Feeds to building are concrete encased\n\nHVAC Cooling System:\n\n* Over 3500 Ton cooling tower capacity\n* Data Center HVAC system includes high-efficiency Uni-Flare CRAH Units.\n* Entire system is designed with at least N+1 redundancy\n* 100,000 gallon reserve make-up water tank\n* Liebert Leak Detect System", "field_11": null, "field_12": null, "field_13": null, "field_14": null }, "geometry": { "type": "Point", "coordinates": [ -96.818124872986843, 32.814037705832256 ] } },
{ "type": "Feature", "properties": { "Data Center Name": "Evocative DAL1", "Address Name": "Evocative Data Centers", "Street Number": "2800", "Street Name": "Summit Ave", "Zip code": 75074, "City": "Plano", "State": "Texas", "Lattitude": 33.013720799719799, "Longitude": -96.675801249738242, "Description": "Evocative operates and maintains mission critical compute center facilities with significant plans for expansion in the top North American data center markets. Our expertise and redundant design deliver reliability and uptime to over 500 businesses every day.\n\nAt Evocative, we're know for our data center infrastructure expertise and 24x7x365 customer support. Evocative support center consists of highly trained engineers that monitor our systems around the clock, constantly overseeing the security and uptime of our mission critical IT load and infrastructure.\n\nEvocative meets the rigorous security and protocol standards of HIPAA, PCI DSS, SSAE16, SOC2, and ISAE3402 and provides certified colocation services in all our locations.\n\nServices Provided\n\nCustom Cages and Cabinets\n\nEvocative provides design and construction of custom cages for your project deployment.\n\nCustom cages may include many options. Cooling can be enhanced through containment systems, and specialized floor tiles and cables to assist with the flow of air within hot aisles and cold aisles. Cage security can include sub floor meshing with cage top, bio scanners and badge readers, as well as high definition video cameras\n\nCustomers requiring 1-4 racks will be placed in our private cabinet dedicated spaces with assigned and lockable handles.\n\nRemote Hands\n\nEvocative smart hands support for your technical infrastructure\n\nYou can trust our trained experts to be your on-site hands, eyes, and ears all without worrying about budget or project time constraints. The Evocative remote hands and eyes service removes the need of staffing personnel at the data center as well eliminating after-hours on-site needs for your infrastructure.", "field_11": null, "field_12": null, "field_13": null, "field_14": null }, "geometry": { "type": "Point", "coordinates": [ -96.675801249738242, 33.013720799719799 ] } },
{ "type": "Feature", "properties": { "Data Center Name": "365 Data Centers - Richardson", "Address Name": "365 Data Centers", "Street Number": "1001", "Street Name": "East Campbell Road", "Zip code": 75081, "City": "Richardson", "State": "Texas", "Lattitude": 32.99681565794787, "Longitude": -96.752825884860627, "Description": "Our Richardson data center offers a robust infrastructure design built for resiliency — including 2N UPS, generators, and chiller systems. In addition, 13 telecom providers provide carrier neutral services to our customers in this data center, with multiple, diverse points of entry.\n\nThe Richardson Data Center is located in Dallas’ Telecom Corridor, a strip along U.S. Route 75 between President George Bush Turnpike and Interstate 635. The Corridor is home to more than 5,700 companies, including significant players such as AT&T, Alcatel-Lucent, Ericsson, Verizon, Samsung, Texas Instruments, and MetroPCS.", "field_11": null, "field_12": null, "field_13": null, "field_14": null }, "geometry": { "type": "Point", "coordinates": [ -96.752825884860627, 32.99681565794787 ] } },
{ "type": "Feature", "properties": { "Data Center Name": "Equinix DA1", "Address Name": "Equinix", "Street Number": "1950", "Street Name": "North Stemmons Freeway Suite 1034", "Zip code": 75207, "City": "Dallas", "State": "Texas", "Lattitude": 32.80108658303098, "Longitude": -96.81943714441303, "Description": "Equinix helps companies accelerate business performance by connecting them to their customers and partners inside the world’s most networked data centers. Our Dallas data centers are business hubs for more than 200 companies. Our Dallas customers can choose from a broad range of network services from more than 95 providers. They can also interconnect directly to customers and partners in their digital supply chain.", "field_11": null, "field_12": null, "field_13": null, "field_14": null }, "geometry": { "type": "Point", "coordinates": [ -96.81943714441303, 32.80108658303098 ] } },
{ "type": "Feature", "properties": { "Data Center Name": "CyrusOne DFW2 - Lewsiville", "Address Name": "CyrusOne Data Centers", "Street Number": "2501", "Street Name": "S. State Hwy 121 Business\nSuite 500 (Bldg #5)", "Zip code": 75067, "City": "Lewsiville", "State": "Texas", "Lattitude": 32.999764241415313, "Longitude": -96.997477676942054, "Description": "- 185 Acre Campus\n- 1,100,000 sq feet space\n- 85 Acres for Future Build-to-Suit\u0001 \u0001 \u0001\n- Nine Minutes From DFW Int'l Airport\n- On-Site Electrical Substation Providing\n- 2N Redundancy\n- Two Independent Power Grids\n- Fed by Three Separate Substations\n- Transmission Lines Provide 210 MVA\n- Two 42 MVA Transformers Within\n- On-Site Substations\n- 2N on Cooling Infrastructure\n- Carrier Neutral Facility\n- Multiple Carriers", "field_11": null, "field_12": null, "field_13": null, "field_14": null }, "geometry": { "type": "Point", "coordinates": [ -96.997477676942054, 32.999764241415313 ] } },
{ "type": "Feature", "properties": { "Data Center Name": "DataBank DFW5 - Dallas Infomart", "Address Name": "DataBank", "Street Number": "1950", "Street Name": "Stemmons Fwy", "Zip code": 75207, "City": "Dallas", "State": "Texas", "Lattitude": 32.80108995585681, "Longitude": -96.81961811927907, "Description": "Previously known as zColo, part of Zayo Group. DataBank acquired all data center assets from Zayo Group in 2020.\n\n---------------------------------------------------\n\nWhether you're a business looking to colocate server equipment, or a carrier needing to expand your network, we have a colocation solution for you in our Dallas Data Center. Our facilities are designed for data and telecommunications equipment. We offer a carrier neutral secure environment with redundant cooling systems, UPS and generator back up. Our security includes 24x7 key card access and video surveillance. We have on-site staff and 24x7 on call staffing available.\n\nSpace & Connectivity\n-10,085 square feet of data center space\n-Suites, private cages and cabinets\n-Carrier-neutral connectivity to 6 carriers in-suite and 30+ carrier within the building\n-Diverse fiber entrances\n-Connectivity to Zayo's national metro and longhaul fiber network\n-Remote hands for on-site assistance\n\nReliability & Security\n-Building powered by triverse substations\n-UPS/DC power with battery back-up\n-800kW diesel generator\n-N+1 designed climate control and monitoring\n-Smoke detection and pre-action sprinklers\n-SLAs supported by geographically diverse NOCs\n-Keycard access, video surveillance and 24x7 monitoring", "field_11": null, "field_12": null, "field_13": null, "field_14": null }, "geometry": { "type": "Point", "coordinates": [ -96.81961811927907, 32.80108995585681 ] } },
{ "type": "Feature", "properties": { "Data Center Name": "Infomart Dallas", "Address Name": "Equinix", "Street Number": "1950", "Street Name": "N. Stemmons Freeway", "Zip code": 75207, "City": "Dallas", "State": "Texas", "Lattitude": 32.80108658303098, "Longitude": -96.819544432771508, "Description": "One of the largest buildings in Dallas and the primary hub for data centers and connectivity in Dallas. Owned by Equinix, but home to many other data centers as well.\n\nInfomart was acquired by Equinix in 2018 from ASB Real Estate Investments in an $800 million transaction. Prior to buying the building, Equinix already had multiple data centers in the building (DA1, DA2, DA3 and DA6), totaling around 3,500 cabinets, and was also the biggest tenant in the building (accounting for 40% of lease revenue).\n\n- Opened in 1985\n- 1.6 million gross square foot of space\n- 18.2 acres of land\n- 7 Floors\n- Multiple diverse fiber entry points\n\nInfomart is short for \"International Information Processing Market Center\" and it was originally developed by Trammell Crow in 1985. Around 2000 the building was developed as a carrier hotel, by its owner ASB Real Estate. It was also in 2000 that Equinix established their first data center in Infomart, The Equinix IBX DA1.\n\nEquinix DA3 was originally part of the Switch & Data data center portfolio, that Equinix acquired in 2010.", "field_11": null, "field_12": null, "field_13": null, "field_14": null }, "geometry": { "type": "Point", "coordinates": [ -96.819544432771508, 32.80108658303098 ] } },
{ "type": "Feature", "properties": { "Data Center Name": "Equinix DA6", "Address Name": "Equinix", "Street Number": "1950", "Street Name": "North Stemmons Freeway\nSuite 3050", "Zip code": 75207, "City": "Dallas", "State": "Texas", "Lattitude": 32.801113637599506, "Longitude": -96.81943714441303, "Description": "Dallas DA6 data centre and International Business Exchange (IBX) supports growing enterprise ecosystems with accelerated deployment of virtual and cloud solutions.", "field_11": null, "field_12": null, "field_13": null, "field_14": null }, "geometry": { "type": "Point", "coordinates": [ -96.81943714441303, 32.801113637599506 ] } },
{ "type": "Feature", "properties": { "Data Center Name": "Provision Data Services", "Address Name": "Provision Data Services", "Street Number": "2020", "Street Name": "Live Oak", "Zip code": 75201, "City": "Dallas", "State": "Texas", "Lattitude": 32.784236351518828, "Longitude": -96.794752205787333, "Description": "As the newest Tier 3 data center in downtown Dallas, Provision Data Services offers 125,000 square feet, 12 carriers for connectivity, and 14 Megawatt capacity for wholesale and retail colocation space. PDS also offers build to suit office suites.\n\nProvision’s customized IT solutions offer customers advanced IT infrastructures to utilize company resources more efficiently. Our 12-story data center is powered by one of the most robust power grids in the country provided by Oncor. Multi segregated feeders result in N+2 power and support N+2 CRAC infrastructure, ensuring customers of 100 percent uninterrupted service and environmental compliance. Provision has connections to all major communication hubs and has multi-point access for Telecom and Long Haul Carriers. Our secure and scalable data center features private enclosures, suites with 18-inch raised floors and static tile floors.\n\nFor more information or if you are interested in visiting Provision Data Services for a tour, please visit our website at www.provisiondataservices.com.", "field_11": null, "field_12": null, "field_13": null, "field_14": null }, "geometry": { "type": "Point", "coordinates": [ -96.794752205787333, 32.784236351518828 ] } },
{ "type": "Feature", "properties": { "Data Center Name": "Equinix DA2", "Address Name": "Equinix", "Street Number": "1950", "Street Name": "North Stemmons Freeway\nSuite 2027", "Zip code": 75207, "City": "Dallas", "State": "Texas", "Lattitude": 32.801203819435223, "Longitude": -96.819619534622447, "Description": "Equinix", "field_11": "North Stemmons Freeway\nSuite 2027", "field_12": 75207, "field_13": "Dallas", "field_14": "Texas" }, "geometry": { "type": "Point", "coordinates": [ -96.819619534622447, 32.801203819435223 ] } },
{ "type": "Feature", "properties": { "Data Center Name": "Cogent Data Center - Dallas", "Address Name": "Cogent Communications, Inc.", "Street Number": "400", "Street Name": "S. Akard St", "Zip code": 75202, "City": "Dallas", "State": "Texas", "Lattitude": 32.778375495306264, "Longitude": -96.798933084071521, "Description": "On-Net Products\n. IP Transit\n. Ethernet Transport Services\n\nStandard Rack Configuration\n. 42U (APC AR3100 Cabinets)\n. Power extra (110v/20 amp or 2 X 110v/20 amp is standard)\n\nCarrier Availability\n. AT&T, Level3, XO, and Verizon Business\n\nFacilities\n. 8,000 Square Foot Facility\n. 480v 3-phase utility feed - 800 amps\n\nHVAC\n. 4-20 ton air cooled Liebert HVAC units\n\nSecurity\n. C*CURE Software House Card Reader Access Control System (3) card readers total at every essential door\n. (8) cameras installed with local DVR unit - remote monitoring and recording capabilities\n. (1) Main entrance IP camera in use and tied into separate software - with recording and 24/7 monitoring capabilities to the Cogent NOC\n. 24/7 building security (access needs to granted to enter building and also to proceed to the Cogent facility on the 7th floor)\n\nDC Power\n. (3) LaMarche Rectifiers - 200 amp each\n. (5) strings of 170AH DC Batteries - 20 total\n\nUPS Systems\n. (1) Liebert UPS unit - 150kVA Series 600T\n. (1) Liebert UPS unit - 80kVA Npower Series\n. Each UPS has (1) string of batteries - 80 total\n\nGenerator Systems\n. Building owned & operated (tested weekly)\n. (3) redundant Caterpillar Diesel Generators supply power to Cogent site\n. Each generator is 1500kva\n. Each generator has its own separate diesel tank\n\nElectrical/Fire/Monitoring\n. (1) ASCO Automatic Transfer Switch\n. (1) Liebert PDU - 150kVA\n. Fire suppression & detection system consists of smoke heads, FM200 tanks, and a pre-action sprinkler system", "field_11": null, "field_12": null, "field_13": null, "field_14": null }, "geometry": { "type": "Point", "coordinates": [ -96.798933084071521, 32.778375495306264 ] } },
{ "type": "Feature", "properties": { "Data Center Name": "DataBank DFW6 - Dallas Love Field", "Address Name": "DataBank", "Street Number": "8600", "Street Name": "Harry Hines Blvd", "Zip code": 75235, "City": "Dallas", "State": "Texas", "Lattitude": 32.838731835705921, "Longitude": -96.865063753366783, "Description": "Previously known as zColo, part of Zayo Group. DataBank acquired all data center assets from Zayo Group in 2020.\n\n---------------------------------------------------\n\n8600 Harry Hines Blvd. is one of three zColo interconnect-focused data centers in Dallas, TX; the 4th largest market in the U.S. Conveniently located within eight miles of downtown Dallas and only two miles from Dallas Love Field Airport, this facility meets the industry's most stringent data center standards and offers enterprise-class specifications in power and cooling, redundancy, and security.\n\nZayo also offers Dallas colocation at the Dallas Infomart (1950 N Stemmons Fwy) and at 2323 Brian St.", "field_11": null, "field_12": null, "field_13": null, "field_14": null }, "geometry": { "type": "Point", "coordinates": [ -96.865063753366783, 32.838731835705921 ] } },
{ "type": "Feature", "properties": { "Data Center Name": "ColoHouse Dallas", "Address Name": "ColoHouse", "Street Number": "1649", "Street Name": "West Frankford Road", "Zip code": 75007, "City": "Dallas", "State": "Texas", "Lattitude": 32.992177985659865, "Longitude": -96.930323997500452, "Description": "Our Dallas-area data center is conveniently located near two major airports and multiple interstate highways. The 670,000-square-foot facility offers 400,000 colocation square feet (CSF) and 60,000 square feet of work-area recovery space. This data center is specifically designed to meet the increasing demand for business continuity solutions on a 24/7 year-round basis.", "field_11": null, "field_12": null, "field_13": null, "field_14": null }, "geometry": { "type": "Point", "coordinates": [ -96.930323997500452, 32.992177985659865 ] } },
{ "type": "Feature", "properties": { "Data Center Name": "Aligned DFW-01", "Address Name": "Aligned Data Centers", "Street Number": "2800", "Street Name": "Summit Avenue", "Zip code": 75074, "City": "Plano", "State": "Texas", "Lattitude": 33.009433625631218, "Longitude": -96.676415990434123, "Description": "Located on Aligned Data Centers 19 acre Plano Campus in the Dallas metro market.\n\nThe DFW-01 building was constructed in the 1980s and originally an office and manufacturing plant. Single-story facility retrofitted to a data center in 2015 and expanded in 2019.\n\nFacts:\n- 19-acre campus\n- 375,000 square feet\n- 60 MW\n- Tier III Facility and Design Certifications from Uptime Institute\n- 100% Uptime SLA\n- Industry-leading PUE\n\nSecurity & Fire Protection\n- Multi-layered access control\n- 24x7x365 on-site security guards\n- 24-hour global monitoring via our Network Operations Center (NOC)\n\nConnectivity & Power\n- On-net: DE-CIX, Charter, Cogent, Frontier, Logix Fiber Networks, Lumen, PacketFabric, UPN, VPLS, and Zayo\n- Near-net: Verizon, FiberLight\n- Diverse utility feeds\n- 2N concurrently maintainable\n\nCompliance\n- System and Organization Control (SOC) 2 Type 2 and SOC 1 Type 2\n- PCI DSS, HIPAA, HITECH, NIST 800-53, ISO 27001:2013", "field_11": null, "field_12": null, "field_13": null, "field_14": null }, "geometry": { "type": "Point", "coordinates": [ -96.676415990434123, 33.009433625631218 ] } },
{ "type": "Feature", "properties": { "Data Center Name": "Equinix DA11", "Address Name": "Equinix", "Street Number": "1990", "Street Name": "North Stemmons Freeway", "Zip code": 75207, "City": "Dallas", "State": "Texas", "Lattitude": 32.801373582541878, "Longitude": -96.820874988592308, "Description": "DA11, our newest state-of-the-art IBX data centre, is now open for business. The premier new facility provides connectivity to extensive ecosystems to meet the demand for network exchange services in downtown Dallas, a premium interconnection market. It is the first 4-story FDC that serves a high concentration of telecommunications companies and is a major communications hub for the southern US.", "field_11": null, "field_12": null, "field_13": null, "field_14": null }, "geometry": { "type": "Point", "coordinates": [ -96.820874988592308, 32.801373582541878 ] } },
{ "type": "Feature", "properties": { "Data Center Name": "DataBank DFW7 - Dallas LBJ", "Address Name": "DataBank", "Street Number": "6606", "Street Name": "Lyndon B Johnson Fwy\nSte 135", "Zip code": 75240, "City": "Dallas", "State": "Texas", "Lattitude": 32.923120377996085, "Longitude": -96.791255775094513, "Description": "Previously known as Clearview - North Dallas Information Technology Gateway (ND ITG). Acquired by Zayo/zColo in 2016. All Zayos colocation data centers were acquired by DataBank in 2020.\n\n• Dual Substation Connectivity\n• 2N Generator/UPS/PDU Configuration\n• Fiber Access from the Infomart via FiberLight\n• Fiber Access from AT&T and Verizon\n• 10,000 SF of Raised Floor\n• Tremendous amounts of power available to support extreme densities\n• Over 300 Tons of cooling available over the raised floor\n• Overhead cable trays\n• Gas-based fire suppression System\n• 24x7 NOC\n• Biometric Security Access\n• Fully monitored and managed facility\n• SAS-70 Type I and II Audits", "field_11": null, "field_12": null, "field_13": null, "field_14": null }, "geometry": { "type": "Point", "coordinates": [ -96.791255775094513, 32.923120377996085 ] } },
{ "type": "Feature", "properties": { "Data Center Name": "DataBank DFW3 - Plano", "Address Name": "DataBank", "Street Number": "8375", "Street Name": "Dominion Pkwy", "Zip code": 75024, "City": "Plano", "State": "Texas", "Lattitude": 33.088000586216793, "Longitude": -96.814477219266479, "Description": "DataBank offers the largest footprint of metros and datacenters in the U.S. capable of putting your workloads within 50 miles of half the population.\n\nDataBank’s DFW3 Plano data center anchors their campus in Plano TX. This Uptime Certified Tier III data center offers network availability to multiple dark fiber providers and houses nodes for all DataBank’s cloud services including Enterprise Cloud, FedRAMP Cloud, SAN and Object Storage, Virtual Desktop Infrastructure, Storage as a Service, and Disaster Recovery as a Service.", "field_11": null, "field_12": null, "field_13": null, "field_14": null }, "geometry": { "type": "Point", "coordinates": [ -96.814477219266479, 33.088000586216793 ] } },
{ "type": "Feature", "properties": { "Data Center Name": "DataBank DFW4 - Dallas Empire", "Address Name": "DataBank", "Street Number": "1100", "Street Name": "Empire Central Place", "Zip code": 75247, "City": "Dallas", "State": "Texas", "Lattitude": 32.821878514965405, "Longitude": -96.873603403934766, "Description": "Previously a part of Zayo/zColo, but acquired by DataBank in 2020.\n\nConveniently located between the Dallas/Fort Worth Airport and downtown Dallas, the DFW4 data center provides N+1 power design and N+1 cooling for maximum uptime assurance. This Empire Central facility is also a carrier-neutral interconnection hub with access to many onsite carriers.", "field_11": null, "field_12": null, "field_13": null, "field_14": null }, "geometry": { "type": "Point", "coordinates": [ -96.873603403934766, 32.821878514965405 ] } },
{ "type": "Feature", "properties": { "Data Center Name": "Rackspace Dallas 2", "Address Name": "Rackspace Hosting", "Street Number": "1215", "Street Name": "Integrity Drive", "Zip code": 75081, "City": "Richardson", "State": "Texas", "Lattitude": 32.964690357809353, "Longitude": -96.714437211332211, "Description": "Located in the Dallas-Fort Worth metroplex, the Rackspace Dallas Data Center offers businesses a secure and well-connected colocation solution. The region's central location within the US provides access to diverse telecommunications providers, ensuring optimal network performance. Rackspace's commitment to customer service, with its Fanatical Experience™, ensures businesses receive the support they need.", "field_11": null, "field_12": null, "field_13": null, "field_14": null }, "geometry": { "type": "Point", "coordinates": [ -96.714437211332211, 32.964690357809353 ] } },
{ "type": "Feature", "properties": { "Data Center Name": "QTS Irving Campus", "Address Name": "QTS Data Centers", "Street Number": "6431", "Street Name": "Longhorn Drive", "Zip code": 75063, "City": "Irving", "State": "Texas", "Lattitude": 32.897242816956386, "Longitude": -96.982982575095676, "Description": "QTS Mega Data Center campus featuring strategic central location ensures optimal, fiber-rich connectivity coast-to-coast.\n\nHIGHLIGHTS\n* 56+ acre campus\n* 175+ MW current planned critical campus capacity\n* Master planned campus features 6 facilities\n* Redundant campus fiber conduit system allows for express fiber to each building and between future buildings", "field_11": null, "field_12": null, "field_13": null, "field_14": null }, "geometry": { "type": "Point", "coordinates": [ -96.982982575095676, 32.897242816956386 ] } },
{ "type": "Feature", "properties": { "Data Center Name": "ScaleMatrix Dallas", "Address Name": "ScaleMatrix", "Street Number": "820", "Street Name": "Allen Commerce Pkwy", "Zip code": 75013, "City": "Allen", "State": "Texas", "Lattitude": 33.138770697905116, "Longitude": -96.657376275084971, "Description": "ScaleMatrix's Dallas Data Center, known as US-South 01, presents a strategic nexus for businesses seeking a central U.S. presence with competitive utility rates and seamless access to Texas' diverse vertical industries. Situated in Allen, TX, this facility strategically situates businesses within reach of major markets and connectivity hubs, fostering operational efficiency and regional connectivity.\n\nSpanning 16,000 square feet, the ScaleMatrix Dallas Data Center provides an expansive technical space, accommodating critical equipment and applications with ease. Clients benefit from robust power infrastructure, boasting 7.2 MW of power capacity, ensuring scalability to support high-density workloads and evolving operational demands.\n\nFunctioning as both a Cloud Availability Zone and a disaster recovery (DR) site, the ScaleMatrix Dallas Data Center offers clients versatile solutions for their IT needs. Colocation services within this facility provide clients with a comprehensive suite of capabilities under a unified framework, enhancing operational agility and streamlining IT infrastructure management. By consolidating services within this facility, clients can optimize resource allocation and enhance business continuity measures, fostering a resilient operational environment.", "field_11": null, "field_12": null, "field_13": null, "field_14": null }, "geometry": { "type": "Point", "coordinates": [ -96.657376275084971, 33.138770697905116 ] } },
{ "type": "Feature", "properties": { "Data Center Name": "H5 Colo Dallas", "Address Name": "H5 Colo", "Street Number": "12712", "Street Name": "Park Central Dr\nSuite 200", "Zip code": 75251, "City": "Dallas", "State": "Texas", "Lattitude": 32.921470375044009, "Longitude": -96.7763194616021, "Description": "The H5 Colo facility in Dallas represents the pinnacle of data center design, emphasizing resilience and security. Nestled at 12712 Park Central Drive, this fortress-like structure is meticulously engineered for colocation services, disaster recovery, and adaptable lab or office spaces.\n\nAt its core lies a 20,000 square foot hardened data center, surrounded by an expansive 100,000 square feet of supplementary lab and office space. This configuration creates a specialized ecosystem for high-stakes data and technology operations.\n\nThe facility stands as a bastion for critical infrastructure and personnel, offering a sanctuary for essential systems and the teams that manage them. It's a haven designed to support the most demanding data and technology requirements, ensuring operational continuity and security.", "field_11": null, "field_12": null, "field_13": null, "field_14": null }, "geometry": { "type": "Point", "coordinates": [ -96.7763194616021, 32.921470375044009 ] } },
{ "type": "Feature", "properties": { "Data Center Name": "CoreSpace", "Address Name": "CoreSpace, Inc.", "Street Number": "7505", "Street Name": "John W. Carpenter Freeway", "Zip code": 75247, "City": "Dallas", "State": "Texas", "Lattitude": 32.817673704847287, "Longitude": -96.873094503934936, "Description": "Originally formed in 2009, CoreSpace, Inc. is a woman owned and operated Compliance Hosting company and Data Center and has quickly become the secure hosting provider of choice especially within the SMB marketplace. Some of our Core service offerings include Dedicated and Managed Servers, Cloud, Colocation, VPS, Compliance Hosting and SEO.\n\nIn 2011, CoreSpace, Inc. acquired our primary 30,000 square foot data center facility in Dallas, Texas and have since made considerable investments in new equipment and overall operations, including an all new critical power infrastructure, Redundant Cisco Nexus 7000 routers, Infinera Optical Gear, state-of-the-art security devices including, Intrusion Prevention System (IPS) and Distributed Denial of Service (DDoS) Defense System (DDS). We have an experienced staff and management team waiting to serve your needs. We have removed unnecessary overhead by outright owning and operating all infrastructure components and created a financially stable business that allows us to pass savings directly to our customers, ultimately reducing IT expenses. The investments we make allow us to deliver the ultimate flexibility for our customers giving them a virtual smorgasbord of options to choose.\n\nCoreSpace maintains its focus on offering our superior products and services for our customers' utilizing cutting edge technology and services at a value SMBs require. Best-in-class Dell, SuperMicro and IBM hardware, for a variety of Cloud, Dedicated Servers, Managed Services, Compliance Hosting, and Colocation, all backed by our 24/7 support gives our customers a competitive advantage with low pricing is just the beginning of what CoreSpace has to offer!", "field_11": null, "field_12": null, "field_13": null, "field_14": null }, "geometry": { "type": "Point", "coordinates": [ -96.873094503934936, 32.817673704847287 ] } },
{ "type": "Feature", "properties": { "Data Center Name": "STACK Infrastructure DFW02 Campus", "Address Name": "STACK INFRASTRUCTURE", "Street Number": null, "Street Name": "E Belt Line Road", "Zip code": 75146, "City": "Lancaster", "State": "Texas", "Lattitude": 33.066646932153503, "Longitude": -96.809804273237248, "Description": "STACK Infrastructure's DFW02 campus is a massive 216MW, 102-acre data center campus located in Lancaster, Texas, about 17 miles south of Dallas. With a planned delivery in the second half of 2026, the campus aims to meet the growing capacity demands of hyperscale cloud providers and enterprises in the booming Dallas data center market. The master-planned campus features six buildings that can offer a combined 216MW of critical IT capacity across 1.5 million square feet of space.\n\nThe DFW02 campus is designed with future-proofing and flexibility in mind to adapt to evolving technology needs. It offers AI-ready capabilities with support for liquid cooling solutions like liquid-to-chip to enable high-density compute workloads. The campus receives dedicated power from an on-site substation for reliability. It also utilizes 100% renewable energy to align with corporate sustainability goals. Clients can deploy using STACK's POWERSTACK powered shell or HYPERSTACK build-to-suit models.\n\nOn the security front, the DFW02 campus has 24/7 on-site personnel, dual-factor biometric access controls, perimeter fencing, and comprehensive CCTV monitoring. It is carrier-neutral with diverse fiber entrances. The campus supports a range of amenities like secure loading docks, office spaces, storage areas, conference rooms, and more to meet client operational needs.", "field_11": null, "field_12": null, "field_13": null, "field_14": null }, "geometry": { "type": "Point", "coordinates": [ -96.809804273237248, 33.066646932153503 ] } },
{ "type": "Feature", "properties": { "Data Center Name": "Equinix DA3", "Address Name": "Equinix", "Street Number": "1950", "Street Name": "North Stemmons Freeway\nSuites 1039A & 2048", "Zip code": 75207, "City": "Dallas", "State": "Texas", "Lattitude": 32.80108658303098, "Longitude": -96.819522975099815, "Description": "Our Dallas data centers are business hubs for more than 200 companies. Our Dallas customers can choose from a broad range of network services from more than 95 providers. They can also interconnect directly to customers and partners in their digital supply chain.\n\nThe Dallas-Fort Worth region has long been a major Internet and network peering exchange point. Our Dallas data centers serve a high concentration of telecommunications companies and are a major communications hub for the southern U.S.", "field_11": null, "field_12": null, "field_13": null, "field_14": null }, "geometry": { "type": "Point", "coordinates": [ -96.819522975099815, 32.80108658303098 ] } },
{ "type": "Feature", "properties": { "Data Center Name": "ColoCrossing DFW1", "Address Name": "ColoCrossing", "Street Number": "3004", "Street Name": "Irving Blvd", "Zip code": 75247, "City": "Dallas", "State": "Texas", "Lattitude": 32.807907823811412, "Longitude": -96.857766532771251, "Description": "The DFW1 datacenter provides ColoCrossing the flexibility to easily accommodate high-density private cabinets and cages with highly reliable power and cooling infrastructure. ColoCrossing's diverse-path fiber ring provides reliable and redundant connections to our backbone network, which is especially tuned to serve South America. If you're looking for colocation in Dallas, you can trust ColoCrossing to deliver a high quality service at a great price.\n", "field_11": null, "field_12": null, "field_13": null, "field_14": null }, "geometry": { "type": "Point", "coordinates": [ -96.857766532771251, 32.807907823811412 ] } },
{ "type": "Feature", "properties": { "Data Center Name": "24 Hour Data", "Address Name": "24 Hour Data", "Street Number": "811", "Street Name": "E Plano Pkwy\nSte 124", "Zip code": 75074, "City": "Plano", "State": "Texas", "Lattitude": 33.008461338783732, "Longitude": -96.701943403926592, "Description": "24 Hour Data has an ISO 4, Class 100 Clean Room and SAS Type II data center in Plano, TX. We provide comprehensive data recovery services throughout Dallas Fort Worth, for other data centers, IT departments, computer labs, businesses and more.\n\nWhether your backups failed or you are looking to partner with a reliable data recovery company in your disaster recovery efforts, 24 Hour Data's team of expert technicians are qualified to help.\n\nWe work on all configurations, handling complex server data recoveries, all RAID levels (0, 5, 50, etc.), NAS and SAS recoveries and Virtual/VM Ware data recoveries.", "field_11": null, "field_12": null, "field_13": null, "field_14": null }, "geometry": { "type": "Point", "coordinates": [ -96.701943403926592, 33.008461338783732 ] } },
{ "type": "Feature", "properties": { "Data Center Name": "VAZATA Dallas I", "Address Name": "VAZATA", "Street Number": "4025", "Street Name": "Midway Road", "Zip code": 75007, "City": "Carrollton", "State": "Texas", "Lattitude": 33.021838792616386, "Longitude": -96.844763790433532, "Description": "BUILDING SPECIFICATIONS\n??. Approximately 32,000 square feet of Tier 3 and Tier 4 high density data center space . Cages and lockable cabinets on 36 inch raised floor\n\nUTILITY POWER\n. 3mW power delivered via 4x750 kW UPS systems\n. Power is served from two separate substations with diverse entry points. Each substation is powered by two different electricity providers. No other data center in the market can claim the same.\n\nSECONDARY POWER\n. N+1 monthly load testing, over 48,000 gallons of fuel on-site\n. Four 2,000 kW generators backed up by a fifth 2,000 kW generator. Generator yard protected by a thirty foot\nhigh retaining wall\n. Enough fuel supply to run for several days without requiring additional gas.\n\nCOOLING\n. Eight 30-ton CRAH units with individual condensing units\n. Thirty 30-Ton units on floor configured at 2N\n\nCONDUITS AND RISERS\n. Multi-mode and single-mode fiber conduits\n. Diverse underground entry points to the building\n. Four fiber providers located at the data campus\n????????\n???????SECURITY\n. On-site security personnel and VAZATA Network Operations Center monitoring 24x7x365\n. Three levels of electronic security (badge, bio readers, physical security officer). Cage access protectec by\nbiometric readers and tenant locks\n\nFIRE PROTECTION\n. Under floor and overhead smoke detection system\n. Double-interlock, pre-action and dry pipe suppression system\n\nTELECOM & CONNECTIVITY\n. TW TELECOM\n. ATT\n. LEVEL 3\n. ABOVENET (ZAYO)\n. NTT COMMUNICATIONS\n. GLOBAL CROSSING (LEVEL 3) . PUBLIC PEERING\n\nVAZATA Blended Bandwidth: ATT, Level 3, Zayo, NTT Communications, Global Crossing\nPrivate DWDM (Dense Wavelength Division Multiplexing), fully redundant carrier grade fiber ring connects the VAZATA facility to 1950 Stemmons (Infomart), 2323 Bryan St. and 400 Akard", "field_11": null, "field_12": null, "field_13": null, "field_14": null }, "geometry": { "type": "Point", "coordinates": [ -96.844763790433532, 33.021838792616386 ] } },
{ "type": "Feature", "properties": { "Data Center Name": "STACK Infrastructure DFW01B", "Address Name": "STACK INFRASTRUCTURE", "Street Number": "6715", "Street Name": "Pinecrest Dr", "Zip code": 75024, "City": "Plano", "State": "Texas", "Lattitude": 33.066618567513842, "Longitude": -96.809844275088167, "Description": "STACK Infrastructure is a leading provider of digital infrastructure to scale the world's most innovative companies. The Company delivers an extensive geographic footprint spanning the United States, Canada, Europe and Asia Pacific and a comprehensive suite of data center and digital infrastructure solutions, including hyperscale campuses and build-to-suit data centers (\"HYPERSTACK\"), immediately available wholesale colocation and private data suites (\"READYSTACK\"), and powered shell options (\"POWERSTACK\").\n\nDFW01B is directly adjacent to DFW01A and provides resilient, secure infrastructure with plenty of connectivity and power for immediate and long-term scale.", "field_11": null, "field_12": null, "field_13": null, "field_14": null }, "geometry": { "type": "Point", "coordinates": [ -96.809844275088167, 33.066618567513842 ] } },
{ "type": "Feature", "properties": { "Data Center Name": "Edged Dallas", "Address Name": "Edged Energy", "Street Number": "505", "Street Name": "N Wildwood Dr", "Zip code": 75061, "City": "Irving", "State": "Texas", "Lattitude": 32.818450102411973, "Longitude": -96.916945203934944, "Description": "The Edged Dallas Data Center is a cutting-edge facility located in Irving, Texas. It spans a vast 162,545 square feet and is a shining example of modern data center design. This center is part of Edged Energy's commitment to pushing the boundaries of innovation and sustainability in the industry.\n\nSustainability is a core principle of the Edged Dallas Data Center's design. The facility aims for carbon and water neutrality, reflecting Edged Energy's dedication to environmental responsibility. This approach sets a new benchmark for eco-friendly data center operations.", "field_11": null, "field_12": null, "field_13": null, "field_14": null }, "geometry": { "type": "Point", "coordinates": [ -96.916945203934944, 32.818450102411973 ] } },
{ "type": "Feature", "properties": { "Data Center Name": "STACK Infrastructure DFW01A", "Address Name": "STACK INFRASTRUCTURE", "Street Number": "6653", "Street Name": "Pinecrest Dr", "Zip code": 75024, "City": "Plano", "State": "Texas", "Lattitude": 33.064972969531965, "Longitude": -96.810765876939186, "Description": "STACK Infrastructure is a leading provider of digital infrastructure to scale the world's most innovative companies. The Company delivers an extensive geographic footprint spanning the United States, Canada, Europe and Asia Pacific and a comprehensive suite of data center and digital infrastructure solutions, including hyperscale campuses and build-to-suit data centers (\"HYPERSTACK\"), immediately available wholesale colocation and private data suites (\"READYSTACK\"), and powered shell options (\"POWERSTACK\").\n\nLocated in Plano, DFW01A provides robust connectivity and low-latency access to major interconnection hubs that make this region a popular location for major hyperscale and enterprise data center development.", "field_11": null, "field_12": null, "field_13": null, "field_14": null }, "geometry": { "type": "Point", "coordinates": [ -96.810765876939186, 33.064972969531965 ] } },
{ "type": "Feature", "properties": { "Data Center Name": "CoreWeave Plano", "Address Name": "CoreWeave", "Street Number": "1000", "Street Name": "Coit Rd", "Zip code": 75075, "City": "Plano", "State": "Texas", "Lattitude": 33.015358105183005, "Longitude": -96.764069032762109, "Description": "CoreWeave's latest addition to its infrastructure portfolio is the Plano, Texas data center, a state-of-the-art facility that became operational at the end of 2023. With an investment of $1.6 billion, the center occupies 454,421 square feet on a 23.8-acre campus located at Lincoln Rackhouse's 1000 Coit Road building. This strategic location is poised to serve as a hub for technological growth and innovation.\n\nThe data center is designed with scalability and future expansion in mind, featuring four 14,000-square-foot data halls and an additional 50,000 square feet of powered shell space. CoreWeave's facility is equipped to handle up to 30 megawatts of critical IT load, structured in multiple phases to allow for necessary electrical and mechanical upgrades.\n\nFinancially, the partnership between CoreWeave and Lincoln Property Company is cemented through a 6-year Master Services Agreement, with a base rent of $75 per kilowatt per month, amounting to over $260 million for the initial 30 MW installation. The agreement also includes two 2-year renewal options, potentially extending the contract to a decade, with an estimated additional $180.4 million in payments. Tax incentives and abatements from the City of Plano have resulted in approximately $141 million in tax benefits, underscoring the economic significance of this venture for both entities.", "field_11": null, "field_12": null, "field_13": null, "field_14": null }, "geometry": { "type": "Point", "coordinates": [ -96.764069032762109, 33.015358105183005 ] } },
{ "type": "Feature", "properties": { "Data Center Name": "KDC Richardson", "Address Name": "KDC", "Street Number": "1510", "Street Name": "E Lookout Dr", "Zip code": 75082, "City": "Richardson", "State": "Texas", "Lattitude": 32.984362966115981, "Longitude": -96.696352088584248, "Description": "The KDC Richardson Data Center, a state-of-the-art facility, is strategically situated at 1510 E. Lookout Drive in the heart of the Richardson Telecom Corridor, Texas. This center boasts a robust 130,000 square feet of space designed to cater to high-density computing needs with a focus on sustainability and efficiency.\n\nEquipped with an onsite electrical substation and a design resistant to 190 MPH winds, the data center ensures uninterrupted service and unparalleled reliability. The facility is a powered shell data center, offering flexible configurations to meet the diverse needs of its clients.\n\nConnectivity is a cornerstone of the KDC Richardson Data Center, featuring over 20 network fiber carriers, ensuring optimal data transmission speeds and reliability. Additionally, the center benefits from a 10-year, 50% business personal property tax abatement from the City of Richardson, highlighting its economic advantages.", "field_11": null, "field_12": null, "field_13": null, "field_14": null }, "geometry": { "type": "Point", "coordinates": [ -96.696352088584248, 32.984362966115981 ] } },
{ "type": "Feature", "properties": { "Data Center Name": "Aligned DFW-02", "Address Name": "Aligned Data Centers", "Street Number": "2800", "Street Name": "Summit Avenue", "Zip code": 75074, "City": "Plano", "State": "Texas", "Lattitude": 33.009435325628409, "Longitude": -96.676512861598241, "Description": "Located on Aligned Data Centers 19 acre Plano Campus in the Dallas metro market.\n\nThe DFW-02 building was constructed in 2022. Three-story facility with 220,000 squar efeet of space and 36 MW of power.\n\nFacts:\n- 19-acre campus\n- Tier III Facility and Design Certifications from Uptime Institute\n- 100% Uptime SLA\n- Industry-leading PUE\n\nSecurity & Fire Protection\n- Multi-layered access control\n- 24x7x365 on-site security guards\n- 24-hour global monitoring via our Network Operations Center (NOC)\n\nConnectivity & Power\n- On-net: DE-CIX, Charter, Cogent, Frontier, Logix Fiber Networks, Lumen, PacketFabric, UPN, VPLS, and Zayo\n- Near-net: Verizon, FiberLight\n- Diverse utility feeds\n- 2N concurrently maintainable\n\nCompliance\n- System and Organization Control (SOC) 2 Type 2 and SOC 1 Type 2\n- PCI DSS, HIPAA, HITECH, NIST 800-53, ISO 27001:2013", "field_11": null, "field_12": null, "field_13": null, "field_14": null }, "geometry": { "type": "Point", "coordinates": [ -96.676512861598241, 33.009435325628409 ] } },
{ "type": "Feature", "properties": { "Data Center Name": "5CDC Dallas-Fort Worth - DFW01", "Address Name": "5C Data Centers (5CDC)", "Street Number": "1201", "Street Name": "John Burgess Dr", "Zip code": 76140, "City": "Fort Worth", "State": "Texas", "Lattitude": 32.636333166578964, "Longitude": -97.308615075107042, "Description": "The 5CDC Dallas-Fort Worth data center, known as DFW01, is a state-of-the-art facility strategically located in an industrial park. This 25-acre campus is positioned between major fiber routes, providing excellent connectivity to other metro areas in Texas. The multi-story data center houses eight data halls, also referred to as PODs, which are optimized for high-density computing with capabilities of over 400W per square foot.\n\nDFW01 boasts a dedicated substation powered by Oncor, ensuring reliable and uninterrupted power supply. The data center currently offers 48MW of IT capacity to the region, with the infrastructure designed to support an expansion up to 144MW to meet growing demands.\n\nDesigned with efficiency and scalability in mind, the 5CDC Dallas-Fort Worth data center represents a significant investment in the region's technological infrastructure, contributing to the area's growth as a major hub for data and connectivity.", "field_11": null, "field_12": null, "field_13": null, "field_14": null }, "geometry": { "type": "Point", "coordinates": [ -97.308615075107042, 32.636333166578964 ] } },
{ "type": "Feature", "properties": { "Data Center Name": "CyrusOne Dallas (Downtown)", "Address Name": "CyrusOne Data Centers", "Street Number": "2323", "Street Name": "Bryan Street", "Zip code": 75201, "City": "Dallas", "State": "Texas", "Lattitude": 32.787411865398155, "Longitude": -96.79413554626457, "Description": "CyrusOne (NASDAQ: CONE) specializes in highly reliable enterprise-class, carrier-neutral data center properties. The company provides mission-critical data center facilities that protect and ensure the continued operation of IT infrastructure for more than 500 customers, including nine of the global Fortune 20 and more than 100 of the Fortune 1000 companies.\n\nCyrusOne’s data center offerings provide the flexibility, reliability, and security that enterprise customers require and are delivered through a tailored, customer service-focused platform designed to foster long-term relationships. CyrusOne's internet interconnection platform provides robust connectivity options for enterprises, content, and telecommunications companies. CyrusOne is committed to full transparency in communication, management, and service delivery throughout its 25 data centers worldwide.", "field_11": null, "field_12": null, "field_13": null, "field_14": null }, "geometry": { "type": "Point", "coordinates": [ -96.79413554626457, 32.787411865398155 ] } },
{ "type": "Feature", "properties": { "Data Center Name": "Skybox Atlantic Station", "Address Name": "Skybox Datacenters", "Street Number": "2300", "Street Name": "W Plano Pkwy", "Zip code": 75075, "City": "Plano", "State": "Texas", "Lattitude": 33.005023832830148, "Longitude": -96.74126000392674, "Description": "Atlantic Station is an industrial and data center campus situated on a 64-acre site with an onsite substation in the DFW metroplex. Multiple data hall configurations are available with up to 1M square feet of mission critical space in one of the fastest growing business districts in the country.", "field_11": null, "field_12": null, "field_13": null, "field_14": null }, "geometry": { "type": "Point", "coordinates": [ -96.74126000392674, 33.005023832830148 ] } },
{ "type": "Feature", "properties": { "Data Center Name": "QTS Irving DC1 & DC2", "Address Name": "QTS Data Centers", "Street Number": "6431", "Street Name": "Longhorn Drive", "Zip code": 75063, "City": "Irving", "State": "Texas", "Lattitude": 32.897305875902845, "Longitude": -96.982993303931522, "Description": "Purchased in 2013, QTS transformed the former 700,000 sq. ft. Maxim semiconductor manufacturing facility into a state-of-the-art data center. Strategically located on a 40-acre campus in the Irving/Las Colinas area, with the ability to double the footprint on the existing campus, QTS Irving Data Center is ideal for enterprise, medium and small organizations requiring significant room to grow. QTS has achieved the Leadership in Energy and Environmental Design (LEED) Gold Certification for phase I of Irving data center. In addition, the facility's diverse fiber network connections allow QTS to provide carrier-neutral connectivity with maximum flexibility, providing convenient access to the area's numerous network providers.\n\nSpacing\n- 54-acre campus\n- 700,000 sq. ft. facility\n- 292,000 sq. ft. total capacity raised floor\n- Purpose-built semi-conductor facility\n- Dedicated halls from 25,000 to 30,000 sq. ft.\n- Column-free uninterrupted space Halls 3, 4, 5 and 6\n- Ability to triple the footprint on the campus\n\n- Data Center 3\n-- 427,000 sq. ft. total enclosed space\n-- 172,000 sq. ft. of raised floor\n-- 3 story design\n-- 125 mph wind resistant Data Center\n-- Customizable space and power with exponential growth opportunity\n-- Office, conference and storage space - design remains flexible for large scale deployments\n\nPower\n- 2 separate 138kV feeds\n- On-site redundant substation (140MVA total)\n- Parallel redundant N+1 generator farm\n- 48 hours on-site diesel fuel storage Multiple refueling contracts\n- 36MW of UPS power\n- Flexible block redundant static UPS\n- Able to meet N+1 or 2N distribution\n\n-Data Center 3\n-- Planned 32MWs of critical power capacity\n-- Dedicated on-site substation\n-- 2.66MW Critical Power per Data Hall\n\nCooling\nAir-cooled and water-cooled chillers\n48 hours makeup water storage\n100k gal chilled water storage\nWater-side economization\n\nConnectivity\n- Carrier-neutral facility\n- Diverse building entrances with two distinct, separate Meet-Me Rooms\n- Convenient in-building access to multiple providers\n- Diverse access and redundancy to all regional carrier hotels and long haul carrier POPs\n\nSecurity\n- Manned guard gate\n- Secured, single-vehicle entry only with card key\n- 8' Ameristar Impasse security fence\n- 16' concrete wall protects critical infrastructure\n- Manned visitor and screening booth\n- 24x7x365 manned facility\n- Card key and two-factor biometrics authentication\n\nQTS Realty Trust, Inc. (NYSE: QTS) is a leading provider of data center solutions across a diverse footprint spanning more than 6 million square feet of owned mega scale data center space throughout North America. Through its software-defined technology platform, QTS is able to deliver secure, compliant infrastructure solutions, robust connectivity and premium customer service to more than 1,100 leading Hyperscale technology companies, enterprises, and government entities.\n\nFLEXIBLE SOLUTIONS - our unique portfolio of core data center services and value added services coupled with financial flexibility allows QTS to structure complete solutions that meet both your technical and budget requirements.\n\nSECURE FACILITIES - robust, redundant and protected facilities with highly trained personnel that adhere to strict security procedures guarantees security and reliability.\n\nREAL-TIME VISIBILITY - The QTS Service Delivery Platform (SDP) gives you visibility, access, and control of critical metrics across your entire QTS hybrid IT deployment, both in real-time and on-demand.\n\nEXPERT SUPPORT - QTS ITIL certified operations personnel and monitoring systems support all services and ensure maximum availability and uptime.\n\nQTS Data Centers are designed and built with reliability, redundancy and resiliency in mind. We start with fully-redundant high-density power and cooling capacities, add fully integrated UPS systems, link site-wide security and fire protection systems, and enable comprehensive visibility through our customer portal to provide secure, dependable state-of-the-art data center infrastructure for our customers' web services.\n\nAll Quality Data Centers provide mission critical electrical, mechanical, and high capacity network systems. QTS's trained staff includes facility and electrical maintenance engineers, data center operations experts, network architects and security officers committed to providing on-site 24x7x365 support and operations for our facilities. This crucial design philosophy is built into our product to minimize service disruption and ensure the highest level of customer service available. It is this level of experience and proven track record that sets QTS apart from the rest of the industry.\n\n\nPart of QTS Irving Campus\nThis profile is a sublisting to the campus listing QTS Irving Campus.\n- Click here to view the profile for QTS Irving Campus\n\nIf you are looking for colocation, cloud, connectivity or other services in QTS Irving DC1 & DC2, other data centers in Dallas or operated by QTS Data Centers, please try our free quote service or reach out for a free consultation about your data center needs.\n\nThe below data centers are located closest to 6431 Longhorn Drive.\nDistance        Data Center        Address\n0.01 miles        QTS Irving Campus        6431 Longhorn Drive\n0.17 miles        QTS Irving DC3        6351 Longhorn Drive\n0.18 miles        QTS Irving DC6        6300 Longhorn Drive\n0.18 miles        QTS Irving DC5        6300 Longhorn Drive\n2.57 miles        PowerHouse Irving        111 Customer Way\n5 miles        Eonix Communications Dallas        1515 Round Table Drive\n5.63 miles        Centersquare - Dallas DFW1        14901 FAA Blvd\n6.18 miles        Equinix DA9        2222 East Grauwyler Road\n6.34 miles        Cogent Data Center - Irving        2511 E Grauwyler Rd\n6.57 miles        Centersquare Webb Chapel        11830 Webb Chapel Rd.\n\nQTS Data Centers\nQTS Data Centers\nData Center Operator at\nQTS Irving DC1 & DC2\n6431 Longhorn Drive\nHeadquartered in Overland Park, Kansas\n", "field_11": null, "field_12": null, "field_13": null, "field_14": null }, "geometry": { "type": "Point", "coordinates": [ -96.982993303931522, 32.897305875902845 ] } },
{ "type": "Feature", "properties": { "Data Center Name": "STACK Infrastructure DFW02B", "Address Name": null, "Street Number": null, "Street Name": "E Belt Line Road\nBuilding 2", "Zip code": 75146, "City": "Lancaster", "State": "Texas", "Lattitude": 32.585164506826423, "Longitude": -96.756724599471866, "Description": "STACK Infrastructure's DFW02B data center is part of the DFW02 campus, offering 36MW of flexible capacity with POWERSTACK powered shell or HYPERSTACK build-to-suit deployment options. It features AI-ready capabilities to support liquid cooling solutions like liquid-to-chip for high-density workloads and has access to the campus' 100% renewable energy supply.", "field_11": null, "field_12": null, "field_13": null, "field_14": null }, "geometry": { "type": "Point", "coordinates": [ -96.756724599471866, 32.585164506826423 ] } },
{ "type": "Feature", "properties": { "Data Center Name": "STACK Infrastructure DFW02A", "Address Name": "STACK INFRASTRUCTURE", "Street Number": null, "Street Name": "E Belt Line Road\nBuilding 1", "Zip code": 75146, "City": "Lancaster", "State": "Texas", "Lattitude": 32.595129566792458, "Longitude": -96.67200526161642, "Description": "STACK Infrastructure's DFW02A data center is part of the DFW02 campus, offering 36MW of flexible capacity with POWERSTACK powered shell or HYPERSTACK build-to-suit deployment options. It features AI-ready capabilities to support liquid cooling solutions like liquid-to-chip for high-density workloads and has access to the campus' 100% renewable energy supply.", "field_11": null, "field_12": null, "field_13": null, "field_14": null }, "geometry": { "type": "Point", "coordinates": [ -96.67200526161642, 32.595129566792458 ] } },
{ "type": "Feature", "properties": { "Data Center Name": "STACK Infrastructure DFW02E", "Address Name": "STACK INFRASTRUCTURE", "Street Number": null, "Street Name": "E Belt Line Road\nBuilding 5", "Zip code": 75146, "City": "Lancaster", "State": "Texas", "Lattitude": 32.585164506826423, "Longitude": -96.756628039949248, "Description": "STACK Infrastructure's DFW02E data center is part of the DFW02 campus, offering 36MW of flexible capacity with POWERSTACK powered shell or HYPERSTACK build-to-suit deployment options. It features AI-ready capabilities to support liquid cooling solutions like liquid-to-chip for high-density workloads and has access to the campus' 100% renewable energy supply.", "field_11": null, "field_12": null, "field_13": null, "field_14": null }, "geometry": { "type": "Point", "coordinates": [ -96.756628039949248, 32.585164506826423 ] } },
{ "type": "Feature", "properties": { "Data Center Name": "STACK Infrastructure DFW02D", "Address Name": "STACK INFRASTRUCTURE", "Street Number": null, "Street Name": "E Belt Line Road\nBuilding 4", "Zip code": 75146, "City": "Lancaster", "State": "Texas", "Lattitude": 32.585128346699598, "Longitude": -96.756638768785095, "Description": "STACK Infrastructure's DFW02D data center is part of the DFW02 campus, offering 36MW of flexible capacity with POWERSTACK powered shell or HYPERSTACK build-to-suit deployment options. It features AI-ready capabilities to support liquid cooling solutions like liquid-to-chip for high-density workloads and has access to the campus' 100% renewable energy supply.", "field_11": null, "field_12": null, "field_13": null, "field_14": null }, "geometry": { "type": "Point", "coordinates": [ -96.756638768785095, 32.585128346699598 ] } },
{ "type": "Feature", "properties": { "Data Center Name": "Neutron Data Center", "Address Name": "M&A Technology Inc.", "Street Number": "13616", "Street Name": "Neutron Road", "Zip code": 75244, "City": "Dallas", "State": "Texas", "Lattitude": 32.93399645336406, "Longitude": -96.834459888586466, "Description": "M&A owned and operated data centers provide personalized security, hosting, colocation, backup, business continuity, and other tailored solutions to meet your business needs.\n\nAt our three data centers you’ll find\npersonalized technical support and data storage solutions including:\n\nVirtual Private Networks\nDedicated Servers\nVirtual Servers\nColocation\nHosting\nHybrid Cloud Solutions\nShared Web Hosting\nManaged Services\nOffice 365 Cloud Integration", "field_11": null, "field_12": null, "field_13": null, "field_14": null }, "geometry": { "type": "Point", "coordinates": [ -96.834459888586466, 32.93399645336406 ] } },
{ "type": "Feature", "properties": { "Data Center Name": "STACK Infrastructure DFW02C", "Address Name": "STACK INFRASTRUCTURE", "Street Number": null, "Street Name": "E Belt Line Road\nBuilding 3", "Zip code": 75146, "City": "Lancaster", "State": "Texas", "Lattitude": 32.585119306665618, "Longitude": -96.756617311113388, "Description": "STACK Infrastructure's DFW02C data center is part of the DFW02 campus, offering 36MW of flexible capacity with POWERSTACK powered shell or HYPERSTACK build-to-suit deployment options. It features AI-ready capabilities to support liquid cooling solutions like liquid-to-chip for high-density workloads and has access to the campus' 100% renewable energy supply.", "field_11": null, "field_12": null, "field_13": null, "field_14": null }, "geometry": { "type": "Point", "coordinates": [ -96.756617311113388, 32.585119306665618 ] } },
{ "type": "Feature", "properties": { "Data Center Name": "Consolidated Dallas", "Address Name": "Consolidated Communications", "Street Number": "400", "Street Name": "S Akard St", "Zip code": 75202, "City": "Dallas", "State": "Texas", "Lattitude": 32.778411645182437, "Longitude": -96.798922332772534, "Description": "The Consolidated Communications Dallas Data Center is a state-of-the-art facility designed to ensure the utmost reliability and security for your data needs. Open 24/7 every day of the year, the center spans 6,000 square feet, offering ample space for lockable full or half racks with standard 23-inch configurations. Clients have access to multiple power options, benefiting from redundant power distribution paths and both A & B source delivery.\n\nSecurity is paramount, with 24x7 access controlled by secure badges and the premises monitored by security cameras. The electrical infrastructure is robust, featuring diesel power generation and multiple redundant power distribution paths, along with automatic power switching to safeguard against outages.\n\nThe environmental control system boasts 20 tons of redundant cooling capacity, ensuring optimal operating conditions are maintained, alongside temperature and humidity alarming systems. Fire safety is addressed with a certified data center smoke detection system, a dual interlock pre-action dry pipe sprinkler system, and strategically placed clean agent fire extinguishers.\n\nAdditional amenities enhance the user experience, including a guest office, complimentary guest Wifi, and a loading dock to facilitate equipment handling. This comprehensive approach to design and functionality makes the Consolidated Communications Dallas Data Center a reliable choice for your data storage and management needs.", "field_11": null, "field_12": null, "field_13": null, "field_14": null }, "geometry": { "type": "Point", "coordinates": [ -96.798922332772534, 32.778411645182437 ] } },
{ "type": "Feature", "properties": { "Data Center Name": "STACK Infrastructure DFW02F", "Address Name": "STACK INFRASTRUCTURE", "Street Number": null, "Street Name": "E Belt Line Road\nBuilding 6", "Zip code": 75146, "City": "Lancaster", "State": "Texas", "Lattitude": 32.585173614553725, "Longitude": -96.756649475109242, "Description": "STACK Infrastructure's DFW02F data center is part of the DFW02 campus, offering 36MW of flexible capacity with POWERSTACK powered shell or HYPERSTACK build-to-suit deployment options. It features AI-ready capabilities to support liquid cooling solutions like liquid-to-chip for high-density workloads and has access to the campus' 100% renewable energy supply.", "field_11": null, "field_12": null, "field_13": null, "field_14": null }, "geometry": { "type": "Point", "coordinates": [ -96.756649475109242, 32.585173614553725 ] } },
{ "type": "Feature", "properties": { "Data Center Name": "Centersquare - Dallas DFW1", "Address Name": "Centersquare", "Street Number": "14901", "Street Name": "FAA Blvd", "Zip code": 76155, "City": "Fort Worth", "State": "Texas", "Lattitude": 32.832769543349521, "Longitude": -97.04074696160599, "Description": "Centrally located in the Dallas-Fort Worth area, our campus features in a single-story purpose-built data centers and a two-story attached administrative building on a fiber-linked campus. The data center campus is located just 6 miles from Dallas/Ft. Worth International Airport (DFW) and 14 miles from Dallas Love Field Airport.\n\nTHE CORE DIFFERENCE: CERTIFIED OPERATIONAL EXCELLENCE\nGlobal enterprises choose Cyxtera data centers because of our commitment to operational excellence and compliance across our entire footprint. In 2014, Uptime Institute's research found that over 70% of data center incidents are caused by human error. Understanding how critical this is for our customers, Cyxtera committed to and achieved the Uptime Institute Management & Operations (M&O) Stamp of Approval in over 50 data centers, ten times more than any other service provider in the world.", "field_11": null, "field_12": null, "field_13": null, "field_14": null }, "geometry": { "type": "Point", "coordinates": [ -97.04074696160599, 32.832769543349521 ] } },
{ "type": "Feature", "properties": { "Data Center Name": "Cogent Data Center - Irving", "Address Name": "Cogent Communications, Inc.", "Street Number": "2511", "Street Name": "E Grauwyler Rd", "Zip code": 75061, "City": "Irving", "State": "Texas", "Lattitude": 32.831633675642372, "Longitude": -96.906964919277769, "Description": null, "field_11": null, "field_12": null, "field_13": null, "field_14": null }, "geometry": { "type": "Point", "coordinates": [ -96.906964919277769, 32.831633675642372 ] } },
{ "type": "Feature", "properties": { "Data Center Name": "Equinix DA7", "Address Name": "Equinix", "Street Number": "6653", "Street Name": "Pinecrest Dr", "Zip code": 75024, "City": "Plano", "State": "Texas", "Lattitude": 33.065044900116725, "Longitude": -96.810701503924122, "Description": "DA7, our newest location in the Dallas metro, is the latest strategic facility where enterprises are deploying key components of their interconnection infrastructure.", "field_11": null, "field_12": null, "field_13": null, "field_14": null }, "geometry": { "type": "Point", "coordinates": [ -96.810701503924122, 33.065044900116725 ] } },
{ "type": "Feature", "properties": { "Data Center Name": "Skybox Legacy Campus", "Address Name": "Skybox Datacenters", "Street Number": null, "Street Name": null, "Zip code": 75075, "City": "Plano", "State": "Texas", "Lattitude": 32.861531434544467, "Longitude": -96.801855912250844, "Description": "The Skybox Legacy campus offers businesses a strategic location within the Dallas metro area, providing access to a wealth of connectivity options and skilled IT professionals. This campus delivers immediate availability and customizable solutions, catering to enterprises seeking rapid deployment and tailored configurations.\n\nBusinesses desiring flexible datacenter options that can be deployed quickly within the Dallas market will find the Skybox Legacy campus a compelling choice. Its focus on customization and established infrastructure provides a reliable foundation for growth in this dynamic region.", "field_11": null, "field_12": null, "field_13": null, "field_14": null }, "geometry": { "type": "Point", "coordinates": [ -96.801855912250844, 32.861531434544467 ] } },
{ "type": "Feature", "properties": { "Data Center Name": "Cogent Data Center - Fort Worth", "Address Name": "Cogent Communications, Inc.", "Street Number": "1400", "Street Name": "E Presidio St", "Zip code": 76102, "City": "Fort Worth", "State": "Texas", "Lattitude": 32.744647804235086, "Longitude": -97.314324461609843, "Description": null, "field_11": null, "field_12": null, "field_13": null, "field_14": null }, "geometry": { "type": "Point", "coordinates": [ -97.314324461609843, 32.744647804235086 ] } },
{ "type": "Feature", "properties": { "Data Center Name": "QTS Irving DC3", "Address Name": "QTS Data Centers", "Street Number": "6351", "Street Name": "Longhorn Drive", "Zip code": 75063, "City": "Irving", "State": "Texas", "Lattitude": 32.89489312101967, "Longitude": -96.981862319274981, "Description": "As part of the larger QTS campus in Irving, Texas, DFW1-DC3 offers businesses scalable colocation options within the thriving DFW technology hub. The facility's construction prioritizes energy-efficiency and includes water-efficient cooling features. Those seeking sustainable colocation solutions and entry into the North Texas market will find DFW1-DC3 a compelling option.", "field_11": null, "field_12": null, "field_13": null, "field_14": null }, "geometry": { "type": "Point", "coordinates": [ -96.981862319274981, 32.89489312101967 ] } },
{ "type": "Feature", "properties": { "Data Center Name": "Skybox PowerCampus Dallas", "Address Name": "Skybox Datacenters", "Street Number": "within near Interstate 35E", "Street Name": null, "Zip code": 75146, "City": "Lancaster", "State": "Texas", "Lattitude": 32.806487973713402, "Longitude": -96.80430863092036, "Description": "Located in South Dallas, the Skybox PowerCampus offers businesses a prime position within a major technology and logistics hub. This campus is designed for massive scalability, supporting up to 300 MW of power to accommodate even the most demanding hyperscale IT requirements.\n\nBusinesses seeking a future-proof datacenter solution within the dynamic Dallas market will find PowerCampus a strategic asset. Skybox Datacenters' commitment to operational excellence and reliable infrastructure makes this facility a compelling choice for companies prioritizing long-term growth trajectories.", "field_11": null, "field_12": null, "field_13": null, "field_14": null }, "geometry": { "type": "Point", "coordinates": [ -96.80430863092036, 32.806487973713402 ] } },
{ "type": "Feature", "properties": { "Data Center Name": "Core Scientific Denton", "Address Name": "Core Scientific", "Street Number": "8171", "Street Name": "Jim Christal Rd", "Zip code": 76207, "City": "Denton", "State": "Texas", "Lattitude": 33.21638318682939, "Longitude": -97.212348390424935, "Description": "Core Scientific Denton represents a significant advancement in the data center industry. Established in 2022 in Denton, Texas, this state-of-the-art facility spans 31 acres, with a substantial 30,000 square feet under roof. It boasts an energized capacity of 125 megawatts and a total available capacity of 298 megawatts, catering to the high demands of modern computing. The data center operates within an annual temperature range of 33 to 95 degrees Fahrenheit, ensuring optimal performance in various climatic conditions. Designed from the ground up, it sets a new standard for efficiency and reliability in data processing and mining operations.", "field_11": null, "field_12": null, "field_13": null, "field_14": null }, "geometry": { "type": "Point", "coordinates": [ -97.212348390424935, 33.21638318682939 ] } },
{ "type": "Feature", "properties": { "Data Center Name": "QTS Fort Worth", "Address Name": "QTS Data Centers", "Street Number": "14100", "Street Name": "Park Vista Boulevard", "Zip code": 76177, "City": "Fort Worth", "State": "Texas", "Lattitude": 32.988985059910043, "Longitude": -97.259210275091647, "Description": "QTS' second data center in the broader Dallas-Ft. Worth-Irving market that serves Fortune 1000 enterprises as well as regional financial services, healthcare and technology companies. This connectivity-rich facility is carrier-neutral with 12 carriers and is situated adjacent to a number of other large Enterprise and technology companies.\n\nSpacing\n- Purpose-built data center\n- 53 acre campus\n- 300,000 gross square feet\n- 40,000 square feet of raised floor\n- Dedicated 20,000 sq. ft. data halls\n- 20 miles from QTS Dallas\n- Dual interlock pre-action re detection system\n\nPower\n- 2 separate 24.9kV feeds\n- On-site redundant substation (50 MVA total with expansion to 200 MVA)\n- Parallel redundant N+1 generators\n- 96 hours of onsite fuel storage with multiple fuel contract\n- 8MW of UPS power\n- Block redundant static UPS design to N+1\n\nCooling\n- 2N redundant water-cooled chiller plant\n- Ice-box thermal storage system\n\nConnectivity\n- Carrier-neutral\n- Diverse entrances with 2 separate Meet-Me rooms\n- Multiple providers\n\nSecurity\n- Minimum building set back of 100ft. from property line\n- Manned guard gate at entrance with vehicle barrier gates\n- Staffed security desk 24x7x365\n- Barrier armed turnstiles at single point of entry\n- 3 factor authentication including badge and biometrics\n- VESDA throughout facility\n\nQTS Realty Trust, Inc. (NYSE: QTS) is a leading provider of data center solutions across a diverse footprint spanning more than 6 million square feet of owned mega scale data center space throughout North America. Through its software-defined technology platform, QTS is able to deliver secure, compliant infrastructure solutions, robust connectivity and premium customer service to more than 1,100 leading Hyperscale technology companies, enterprises, and government entities.\n\nFLEXIBLE SOLUTIONS - our unique portfolio of core data center services and value added services coupled with financial flexibility allows QTS to structure complete solutions that meet both your technical and budget requirements.\n\nSECURE FACILITIES - robust, redundant and protected facilities with highly trained personnel that adhere to strict security procedures guarantees security and reliability.\n\nREAL-TIME VISIBILITY - The QTS Service Delivery Platform (SDP) gives you visibility, access, and control of critical metrics across your entire QTS hybrid IT deployment, both in real-time and on-demand.\n\nEXPERT SUPPORT - QTS ITIL certified operations personnel and monitoring systems support all services and ensure maximum availability and uptime.\n\nQTS Data Centers are designed and built with reliability, redundancy and resiliency in mind. We start with fully-redundant high-density power and cooling capacities, add fully integrated UPS systems, link site-wide security and fire protection systems, and enable comprehensive visibility through our customer portal to provide secure, dependable state-of-the-art data center infrastructure for our customers' web services.\n\nAll Quality Data Centers provide mission critical electrical, mechanical, and high capacity network systems. QTS's trained staff includes facility and electrical maintenance engineers, data center operations experts, network architects and security officers committed to providing on-site 24x7x365 support and operations for our facilities. This crucial design philosophy is built into our product to minimize service disruption and ensure the highest level of customer service available. It is this level of experience and proven track record that sets QTS apart from the rest of the industry.", "field_11": null, "field_12": null, "field_13": null, "field_14": null }, "geometry": { "type": "Point", "coordinates": [ -97.259210275091647, 32.988985059910043 ] } },
{ "type": "Feature", "properties": { "Data Center Name": "Plano Campus", "Address Name": "Aligned Data Centers", "Street Number": "2800", "Street Name": "Summit Avenue", "Zip code": 75074, "City": "Plano", "State": "Texas", "Lattitude": 33.009444322624418, "Longitude": -96.676523590434087, "Description": "19 acre campus in Plano (Dallas metro), with two data centers:\n\nDFW-01: Built in the 1980s and originally an office and manufacturing plant. Single-story facility retrofitted to a data center in 2015 and expanded in 2019.\n\nDFW-02: Construction began in 2022.", "field_11": null, "field_12": null, "field_13": null, "field_14": null }, "geometry": { "type": "Point", "coordinates": [ -96.676523590434087, 33.009444322624418 ] } },
{ "type": "Feature", "properties": { "Data Center Name": "PowerHouse Irving", "Address Name": "PowerHouse Data Centers", "Street Number": "111", "Street Name": "Customer Way", "Zip code": 75039, "City": "Irving", "State": "Texas", "Lattitude": 32.888418750890509, "Longitude": -96.940036603931858, "Description": "PowerHouse Irving is poised to become a landmark data center in the thriving Dallas-Fort Worth market. Spanning 50 acres, this state-of-the-art campus is designed to meet the growing demands for data processing and storage. With a developable area of 946,200 square feet, PowerHouse Irving will feature up to three buildings, each capable of delivering a robust 67 MW of power, totaling a massive 200 MW for the entire campus.\n\nThe strategic location of PowerHouse Irving at 111 Customer Way benefits from immediate access to permanent power from an adjacent substation serviced by Oncor, ensuring reliable energy delivery for high-performance operations. The site's development is scheduled to begin in early 2025, with the first powered shell expected to be delivered by late 2025.", "field_11": null, "field_12": null, "field_13": null, "field_14": null }, "geometry": { "type": "Point", "coordinates": [ -96.940036603931858, 32.888418750890509 ] } },
{ "type": "Feature", "properties": { "Data Center Name": "1000 Coit Road", "Address Name": "Lincoln Rackhouse", "Street Number": "1000", "Street Name": "Coit Rd", "Zip code": 75075, "City": "Plano", "State": "Texas", "Lattitude": 33.013910297666456, "Longitude": -96.765685903926311, "Description": null, "field_11": null, "field_12": null, "field_13": null, "field_14": null }, "geometry": { "type": "Point", "coordinates": [ -96.765685903926311, 33.013910297666456 ] } },
{ "type": "Feature", "properties": { "Data Center Name": "Google Midlothian Data Center", "Address Name": "Google", "Street Number": "3800", "Street Name": "Railport Pkwy", "Zip code": 76065, "City": "Midlothian", "State": "Texas", "Lattitude": 32.443166006088468, "Longitude": -97.048803817443755, "Description": "Located in Midlothian, Texas, this Google data center serves a major technology and economic hub within the United States. The facility's power capacity supports Google's expanding operations within the region. Google's commitment to renewable energy projects underscores their focus on sustainable growth and investment in the Texas energy landscape.", "field_11": null, "field_12": null, "field_13": null, "field_14": null }, "geometry": { "type": "Point", "coordinates": [ -97.048803817443755, 32.443166006088468 ] } },
{ "type": "Feature", "properties": { "Data Center Name": "Equinix DA4", "Address Name": "Equinix", "Street Number": "2323", "Street Name": "Bryan St", "Zip code": 75201, "City": "Dallas", "State": "Texas", "Lattitude": 32.787411865398106, "Longitude": -96.794178461607956, "Description": "Our Dallas data centers are business hubs for more than 200 companies. Our Dallas customers can choose from a broad range of network services from more than 95 providers. They can also interconnect directly to customers and partners in their digital supply chain.\n\nThe Dallas-Fort Worth region has long been a major Internet and network peering exchange point. Our Dallas data centers serve a high concentration of telecommunications companies and are a major communications hub for the southern U.S.\n", "field_11": null, "field_12": null, "field_13": null, "field_14": null }, "geometry": { "type": "Point", "coordinates": [ -96.794178461607956, 32.787411865398106 ] } },
{ "type": "Feature", "properties": { "Data Center Name": "365 Data Centers - Dallas", "Address Name": "365 Data Centers", "Street Number": "2323", "Street Name": "Bryan St.", "Zip code": 75201, "City": "Dallas", "State": "Texas", "Lattitude": 32.787402845819848, "Longitude": -96.794189190443802, "Description": "Available Professional Services\n\n.Remote Hands\n.Proactive Network Monitoring\n.Systems Management\n.Rack & Stack\n\nInfrastructure\n\n.Back-up Power & Generator Capacity -4,400 kW Capacity, N+1 Redundancy\n.Diesel Fuel Reserve - 100,000 gallons\n.Battery Capacity - 15 minutes at full power load\n.Cooling - HVAC: Evaporative Cooling, N+1 Redundancy\n\n\nStandards & Compliance Certifications\n\n.SSAE 16 (Statement on Standards for Attestation Engagements No. 16) - The SSAE16 audit minimizes the need for multiple sets of auditors to separately examine the same set of controls that govern a third party's services. \"SAS\" is an acronym for Statement on Auditing Standards, which are standards issued by the American Institute of Certified Public Accountants.\n\nInterconnectivity & Available Connectivity Services\n.Carrier-neutral\n.Atlantic Metro On-net\n.Internet Exchange Peering\n.Cross Connects\n.Optical Wavelength Services", "field_11": null, "field_12": null, "field_13": null, "field_14": null }, "geometry": { "type": "Point", "coordinates": [ -96.794189190443802, 32.787402845819848 ] } },
{ "type": "Feature", "properties": { "Data Center Name": "Meta Fort Worth Data Center", "Address Name": "Meta", "Street Number": "4500", "Street Name": "Like Way", "Zip code": 76177, "City": "Fort Worth", "State": "Texas", "Lattitude": 32.984920265638294, "Longitude": -97.261992961599276, "Description": "Located in Fort Worth, Texas, the Meta Fort Worth Data Center represents a significant commitment to the state's technology infrastructure. This massive facility delivers the power capacity required to support Meta's growing suite of services. The Fort Worth Data Center supports renewable energy projects and contributes to the region's economic vitality.", "field_11": null, "field_12": null, "field_13": null, "field_14": null }, "geometry": { "type": "Point", "coordinates": [ -97.261992961599276, 32.984920265638294 ] } },
{ "type": "Feature", "properties": { "Data Center Name": "Mobius Partners - Farmers Branch", "Address Name": "Mobius Partners", "Street Number": "4215", "Street Name": "N. Beltwood Pkwy", "Zip code": 75244, "City": "Farmers Branch", "State": "Texas", "Lattitude": 32.949638723173358, "Longitude": -96.837362561600855, "Description": "Negma is a boutique Micro Data Center facility located in Addison/Farmer Branch. We provide reliable, secure and scalable hosted business services to companies of all sizes around the world. Discover our rock-solid record of high-touch, personalized service. We have 8 fiber providers in our facility and can provide up to 45GB of Bandwidth. We have a robust mesh network.\n\nFarmers Branch headquarters is a 20,000 sqft building with a 3400 sqft Data Center.\n\nWe will beat any proposed pricing.\n\n\n3,400 sqft Data Center - Expanding to 10,000sqft\nRaised Floors\n3x 100KVA UPS (A+B+C Power)\n5x 15 Ton Liebert HVAC\n350KW Generator\nFire Suppression\nLeak Detection\nSmoke Detection\n\nFamily owned and operated", "field_11": null, "field_12": null, "field_13": null, "field_14": null }, "geometry": { "type": "Point", "coordinates": [ -96.837362561600855, 32.949638723173358 ] } },
{ "type": "Feature", "properties": { "Data Center Name": "DataBank DFW9 - Red Oak", "Address Name": "DataBank", "Street Number": null, "Street Name": "Stainback Rd", "Zip code": 75154, "City": "Red Oak", "State": "Texas", "Lattitude": 32.539576766433136, "Longitude": -96.725760161618794, "Description": "DataBank's DFW9 is a state-of-the-art data center located in Red Oak, Texas. This facility represents a significant investment in the region's digital infrastructure, with a construction budget of $256 million. The data center spans over 425,000 square feet, offering ample space for a wide range of IT needs.\n\nDesigned by JHET Architects, DFW9 is set to begin construction in September and is expected to be operational by the first quarter of 2027. This facility will be the fifteenth DataBank data center in Texas, highlighting the company's commitment to expanding its footprint in the state.", "field_11": null, "field_12": null, "field_13": null, "field_14": null }, "geometry": { "type": "Point", "coordinates": [ -96.725760161618794, 32.539576766433136 ] } },
{ "type": "Feature", "properties": { "Data Center Name": "Equinix DA9", "Address Name": "Equinix", "Street Number": "2222", "Street Name": "East Grauwyler Road", "Zip code": 75061, "City": "Irving", "State": "Texas", "Lattitude": 32.830496777951254, "Longitude": -96.912732519277753, "Description": "DA9, our newest location in Irving, TX, is the ideal site for customers with large deployments built to handle data growth.", "field_11": null, "field_12": null, "field_13": null, "field_14": null }, "geometry": { "type": "Point", "coordinates": [ -96.912732519277753, 32.830496777951254 ] } },
{ "type": "Feature", "properties": { "Data Center Name": "Compass Red Oak", "Address Name": "Compass Datacenters", "Street Number": "300", "Street Name": "Houston School Rd", "Zip code": 75154, "City": "Red Oak", "State": "Texas", "Lattitude": 32.535095495093238, "Longitude": -96.796883403947305, "Description": null, "field_11": null, "field_12": null, "field_13": null, "field_14": null }, "geometry": { "type": "Point", "coordinates": [ -96.796883403947305, 32.535095495093238 ] } },
{ "type": "Feature", "properties": { "Data Center Name": "Windstream Dallas", "Address Name": "Windstream", "Street Number": "600", "Street Name": "N Pearl St", "Zip code": 75201, "City": "Dallas", "State": "Texas", "Lattitude": 32.787487786897842, "Longitude": -96.795328703936264, "Description": null, "field_11": null, "field_12": null, "field_13": null, "field_14": null }, "geometry": { "type": "Point", "coordinates": [ -96.795328703936264, 32.787487786897842 ] } },
{ "type": "Feature", "properties": { "Data Center Name": "Lumen Dallas", "Address Name": "Lumen", "Street Number": "3180", "Street Name": "Irving Blvd.", "Zip code": 75247, "City": "Dallas", "State": "Texas", "Lattitude": 32.807494242210446, "Longitude": -96.868759017427863, "Description": null, "field_11": null, "field_12": null, "field_13": null, "field_14": null }, "geometry": { "type": "Point", "coordinates": [ -96.868759017427863, 32.807494242210446 ] } },
{ "type": "Feature", "properties": { "Data Center Name": "Lumen Fort Worth 2", "Address Name": "Lumen", "Street Number": "1101", "Street Name": "E 9th St", "Zip code": 76102, "City": "Fort Worth", "State": "Texas", "Lattitude": 32.755713575289029, "Longitude": -97.321607403937676, "Description": "General Features and Specs\n\nColocation Options\n\n. Standard Cabinet - 3kW\n. High Density Cabinet - 5kW\n. Custom Cage Cabinet – 3kW - 15kW\n. Field Tech Services Support Available\n\nNetwork Services\n\n. Edge Computing Solutions including Edge Bare Metal,\n. Private Cloud, Network Storage and others.\n. Hybrid Cloud and IT Solutions\n. Infrastructure Services including Waves, Dark Fiber,\n\nPrivate Line\n\n. Cloud Connect to AWS, Azure, Google and more\n\nEnvironmental\n\n. Temperature and humidity controlled\n. Monitored building management system\n. Fire suppression - Double Interlock Dry-pipe\n. Pre-Action W/ Dual zoned smoke/Ion detection\n", "field_11": null, "field_12": null, "field_13": null, "field_14": null }, "geometry": { "type": "Point", "coordinates": [ -97.321607403937676, 32.755713575289029 ] } },
{ "type": "Feature", "properties": { "Data Center Name": "Eonix Communications Dallas", "Address Name": "Eonix Communications Inc", "Street Number": "1515", "Street Name": "Round Table Drive", "Zip code": 75207, "City": "Dallas", "State": "Texas", "Lattitude": 32.83812214801398, "Longitude": -96.878437134620839, "Description": "Eonix Communications Dallas DC1 (AS62904) offers a wide variety of server colocation and full rack colocation within the Dallas Metro Area. We also offer Dedicated Servers and Virtual Servers through our sister company, ServerHub.\n\nWe offer a Full BGP Blended transit offering. Our blend is best-in-class with multiple transit providers connected to each datacenter and tied together to form one globally unified network.\n\nOur transit includes the following providers: Level3, GTT, Telia, Cogent, Equinix Peering.\n\nWe offer 10Mbit, 100Mbit, GiGE and 10GE Ethernet and Fiber connectivity", "field_11": null, "field_12": null, "field_13": null, "field_14": null }, "geometry": { "type": "Point", "coordinates": [ -96.878437134620839, 32.83812214801398 ] } },
{ "type": "Feature", "properties": { "Data Center Name": "Cisco Richardson Data Center", "Address Name": "Cisco Systems", "Street Number": "2300", "Street Name": "E President George Bush Hwy", "Zip code": 75082, "City": "Richardson", "State": "Texas", "Lattitude": 33.000098234764792, "Longitude": -96.678946519270397, "Description": null, "field_11": null, "field_12": null, "field_13": null, "field_14": null }, "geometry": { "type": "Point", "coordinates": [ -96.678946519270397, 33.000098234764792 ] } },
{ "type": "Feature", "properties": { "Data Center Name": "Cisco Allen Data Center", "Address Name": "Cisco Systems", "Street Number": "2260", "Street Name": "Chelsea Blvd", "Zip code": 75013, "City": "Allen", "State": "Texas", "Lattitude": 33.136080154805249, "Longitude": -96.66106997693602, "Description": null, "field_11": null, "field_12": null, "field_13": null, "field_14": null }, "geometry": { "type": "Point", "coordinates": [ -96.66106997693602, 33.136080154805249 ] } },
{ "type": "Feature", "properties": { "Data Center Name": "TPx Dallas Data Center", "Address Name": "TPx Communications", "Street Number": "717", "Street Name": "N Harwood St", "Zip code": 75201, "City": "Dallas", "State": "Texas", "Lattitude": 32.785792068683847, "Longitude": -96.798134488592979, "Description": "TPX offers robust data center colocation services, providing a secure and resilient environment for businesses' computing hardware and servers. Their facilities feature comprehensive power, cooling, and security systems to ensure operational continuity and efficiency.\n\nWith a focus on redundancy and high availability, TPX's data centers are designed to meet stringent regulatory compliance standards and offer scalable solutions to support the growing demands of modern enterprises.", "field_11": null, "field_12": null, "field_13": null, "field_14": null }, "geometry": { "type": "Point", "coordinates": [ -96.798134488592979, 32.785792068683847 ] } },
{ "type": "Feature", "properties": { "Data Center Name": "Synoptek - Dallas Data Center", "Address Name": "Synoptek", "Street Number": "2323", "Street Name": "Bryan Street\nSuite 1150-A", "Zip code": 75201, "City": "Dallas", "State": "Texas", "Lattitude": 32.78737202628065, "Longitude": -96.794204975100442, "Description": "Turn to EarthLink to provide leading technology in efficiency, security and redundancy. With years of experience managing, maintaining and operating data center facilities, you can be assured that your critical data assets are secure and available.\nEarthLink's fault tolerant, high availability Enterprise Class Data Centers feature EarthLink's Next Generation Cloud and are designed to provide Cloud Hosting, Cloud Disaster Recovery and Colocation, with a 99.999% UPTIME GUARANTEE and 24x7x365 monitoring.\n\nNETWORK\n• Diverse fiber paths to the Data Centers\n• Multiple backbone providers\n• 24/7 network monitoring to ensure consistent and reliable availability\n• 100% uptime guarantee\n\nPOWER\n• Diverse A&B UPS power available to every cabinet\n• Dual diesel generators\n• Multiple active utility feeds\n• Metered power or fixed circuit\n\nENVIRONMENTAL\n• Real time energy monitoring /PUE\n• Ultra efficient cooling and power systems\n• Energy efficient precision cooling\n• All equipment in N+1\n• Environmentally friendly FM200 inert gas or dry pipe pre-action fire suppression\n\nSECURITY\n• Biometrics and secure card access\n• Closed circuit TV with 24/7 digital surveillance\n• On site security personnel\n• 24/7 facility access\n\nSLA\n• Industry leading network and facility uptime guarantee\n• Available bandwidth sustained at 2x utilization", "field_11": null, "field_12": null, "field_13": null, "field_14": null }, "geometry": { "type": "Point", "coordinates": [ -96.794204975100442, 32.78737202628065 ] } },
{ "type": "Feature", "properties": { "Data Center Name": "Rackspace Dallas ", "Address Name": "Rackspace Hosting", "Street Number": "801", "Street Name": "Industrial Blvd.", "Zip code": 76051, "City": "Grapevine", "State": "Texas", "Lattitude": 32.929636876345484, "Longitude": -97.104603703930081, "Description": null, "field_11": null, "field_12": null, "field_13": null, "field_14": null }, "geometry": { "type": "Point", "coordinates": [ -97.104603703930081, 32.929636876345484 ] } },
{ "type": "Feature", "properties": { "Data Center Name": "Serverphase.com", "Address Name": "M&A Technology Inc.", "Street Number": "2045", "Street Name": "Chenault Drive", "Zip code": 75006, "City": "Carrollton", "State": "Texas", "Lattitude": 32.964304800876064, "Longitude": -96.845684319271882, "Description": "Background:\nServerphase the Hosting division of M&A Technology (www.macomp.com) a privately held company technology solution provider specializing in technology Sales to K through 12 School District, College and Universities, Corporate Enterprises and Government Agencies.\n\nM&A is a minority owned business, a qualified HUB provider, an eRate provider and is recognized or qualified under a number of federal and state government programs.\n\nServerphase (www.serverphase.com) is a full service hosting provider. Services available range from co-location services through shared, managed, virtual and cloud services as well as back-up, replication and DR services. We can provide a single service or we can provide a complete end to end solution including H/W, S/W, Hosting and professional services. We have very competitive rates on our hosting and services and as well as very competitive bandwidth rates with capacity options ranging from 1 Mbps to multiple Gbps.\n\nFor all your hosting and technology needs please contact us at hostingsales@serverphase.com or visit www.servephase.com.\n\n\nServices:\nCo-location: Racks and Suites\nShared Hosting\nDedicated Hosting (servers, storage, network gear)\nManaged Server, Storage and Network services\nVirtual Servers and shared storage\nCloud Back-up and Virtual Desktop Services\nDisaster Recovery Services\n\nFeatures include:\n2 independent street power feeds with an additional 2 layer of redundancy\n24/5 staff on site\n27/7 on call staff\nRemote hands available\nAutomatic fire suppression\nVideo surveillance\nGenerator\nUPS\nAlarm system\nHVAC\n\nConnectivity:\nMultiple Fiber Carriers present, Multiple Metro Gig Connections", "field_11": null, "field_12": null, "field_13": null, "field_14": null }, "geometry": { "type": "Point", "coordinates": [ -96.845684319271882, 32.964304800876064 ] } },
{ "type": "Feature", "properties": { "Data Center Name": "Lumen Dallas", "Address Name": "Lumen", "Street Number": "1150", "Street Name": "Regal Row", "Zip code": 75247, "City": "Dallas", "State": "Texas", "Lattitude": 32.828131251827323, "Longitude": -96.884396403934502, "Description": null, "field_11": null, "field_12": null, "field_13": null, "field_14": null }, "geometry": { "type": "Point", "coordinates": [ -96.884396403934502, 32.828131251827323 ] } },
{ "type": "Feature", "properties": { "Data Center Name": "STACK Infrastructure", "Address Name": "STACK INFRASTRUCTURE", "Street Number": "1950", "Street Name": "N Stemmons Freeway", "Zip code": 75207, "City": "Dallas", "State": "Texas", "Lattitude": 32.800946374387593, "Longitude": -96.819422732771557, "Description": "STACK is a leading data center company built from the ground up to address the full stack of its clients' critical infrastructure needs, today and into the future. The Company delivers a comprehensive suite of wholesale colocation, build-to-suit, and powered shell solutions in six markets today: Atlanta, Georgia; Chicago, Illinois; Dallas/Fort Worth, Texas; Northern Virginia; Portland, Oregon; and Silicon Valley, California. With unparalleled existing and flexible expansion capacity in the leading availability zones, STACK provides the scale and geographic reach that rapidly growing enterprises and hyperscale companies need. For more information, please visit www.stackinfra.com Hillsboro, Ore. Dallas and Ashburn, Va.", "field_11": null, "field_12": null, "field_13": null, "field_14": null }, "geometry": { "type": "Point", "coordinates": [ -96.819422732771557, 32.800946374387593 ] } },
{ "type": "Feature", "properties": { "Data Center Name": "QTS Irving DC5", "Address Name": "QTS Data Centers", "Street Number": "6300", "Street Name": "Longhorn Drive", "Zip code": 75063, "City": "Irving", "State": "Texas", "Lattitude": 32.896554143680596, "Longitude": -96.980071003931499, "Description": "The newly planned QTS datacenter in Dallas is designed to cater to hyperscale deployments, underscoring the area's growth as a major US technology center. Upon completion, this facility will significantly enhance colocation options and network capabilities for businesses within the region. Companies seeking expansion opportunities within the North Texas market should keep this development on their radar.", "field_11": null, "field_12": null, "field_13": null, "field_14": null }, "geometry": { "type": "Point", "coordinates": [ -96.980071003931499, 32.896554143680596 ] } },
{ "type": "Feature", "properties": { "Data Center Name": "QTS Irving DC6", "Address Name": "QTS Data Centers", "Street Number": "6300", "Street Name": "Longhorn Drive", "Zip code": 75063, "City": "Irving", "State": "Texas", "Lattitude": 32.89654513518596, "Longitude": -96.980135376946592, "Description": "The newly planned QTS datacenter in Dallas is designed to cater to hyperscale deployments, underscoring the area's growth as a major US technology center. Upon completion, this facility will significantly enhance colocation options and network capabilities for businesses within the region. Companies seeking expansion opportunities within the North Texas market should keep this development on their radar.", "field_11": null, "field_12": null, "field_13": null, "field_14": null }, "geometry": { "type": "Point", "coordinates": [ -96.980135376946592, 32.89654513518596 ] } },
{ "type": "Feature", "properties": { "Data Center Name": "Lumen Dallas 3", "Address Name": "Lumen", "Street Number": "1201", "Street Name": "Main Street", "Zip code": 75202, "City": "Dallas", "State": "Texas", "Lattitude": 32.780634377739631, "Longitude": -96.801862203936537, "Description": "Facility Specifications\n\n. Total Space: 9,569 sq. ft.\n. Colocation Space: 913 sq. ft.\n. Ceiling height: 9'0\"\n. Freight elevator\n. Available on-site parking\n. Loading dock\n\nEnvironmental\n\n. Temperature and humidity controlled\n. Monitored building management system\n. Fire suppression and smoke detection\n\nPower\n\n. DC Power\n. Generator and battery backup\n\nSecurity\n\n. Stringent, multi-layered security control procedures\n\nNetwork Features\n\n. Diverse fiber connectivity\n. NPA-NXX: (214)-742\n. Level 3 portfolio of services\n. Backhaul services, if needed\n. Alternate carrier networks available", "field_11": null, "field_12": null, "field_13": null, "field_14": null }, "geometry": { "type": "Point", "coordinates": [ -96.801862203936537, 32.780634377739631 ] } },
{ "type": "Feature", "properties": { "Data Center Name": "Lumen Fort Worth 1", "Address Name": "Lumen", "Street Number": "1601", "Street Name": "Jones Street", "Zip code": 76102, "City": "Fort Worth", "State": "Texas", "Lattitude": 32.748145579998592, "Longitude": -97.323396903937933, "Description": "Facility Specifications\n\n. Total Space: 18,686 sq. ft.\n. Colocation Space: 1,826 sq. ft.\n. N+1 HVAC configuration\n. Available on-site parking\n. Loading dock\n\nEnvironmental\n\n. Temperature and humidity controlled\n. Monitored building management system\n. Fire suppression and smoke detection\n\nPower\n\n. DC Power\n. Generator and battery backup\n\nSecurity\n\n. Stringent, multi-layered security control procedures\n\nNetwork Features\n\n. Diverse fiber connectivity\n. NPA-NXX: (817)-334\n. Level 3 portfolio of services\n. Backhaul services, if needed\n. Alternate carrier networks available", "field_11": null, "field_12": null, "field_13": null, "field_14": null }, "geometry": { "type": "Point", "coordinates": [ -97.323396903937933, 32.748145579998592 ] } },
{ "type": "Feature", "properties": { "Data Center Name": "Lumen Dallas 4", "Address Name": "Lumen", "Street Number": "400", "Street Name": "S Akrad", "Zip code": 75202, "City": "Dallas", "State": "Texas", "Lattitude": 32.77834850172777, "Longitude": -96.798911603936702, "Description": "Facility Specifications\n\n. Total Space: 36,219 sq. ft.\n. Colocation Space: 6,479 sq. ft.\n. Ceiling height: 15'0\"\n. N+1 HVAC configuration\n. Freight elevator\n. Available on-site parking\n. Loading dock\n\nEnvironmental\n\n. Temperature and humidity controlled\n. Monitored building management system\n. Fire suppression and smoke detection\n\nPower\n\n. DC Power\n. Generator and battery backup\n\nSecurity\n\n. Stringent, multi-layered security control procedures\n\nNetwork Features\n\n. Diverse fiber connectivity\n. NPA-NXX: (214)-977\n. Level 3 portfolio of services\n. Backhaul services, if needed\n. Alternate carrier networks available", "field_11": null, "field_12": null, "field_13": null, "field_14": null }, "geometry": { "type": "Point", "coordinates": [ -96.798911603936702, 32.77834850172777 ] } },
{ "type": "Feature", "properties": { "Data Center Name": "Lumen Dallas 2", "Address Name": "Lumen", "Street Number": "1950", "Street Name": "Stemmons Freeway", "Zip code": 75207, "City": "Dallas", "State": "Texas", "Lattitude": 32.80081110120797, "Longitude": -96.819444190443249, "Description": "Facility Specifications\n\n. Total Space: 28,220 sq. ft.\n. Colocation Space: 6,253 sq. ft.\n. Ceiling height: 14'0\"\n. Freight elevator\n. Available on-site parking\n. Loading dock\n\nEnvironmental\n\n. Temperature and humidity controlled\n. Monitored building management system\n. Fire suppression and smoke detection\n\nPower\n\n. AC and DC Power\n. Generator, UPS, and battery backup\n\nSecurity\n\n. Stringent, multi-layered security control procedures\n\nNetwork Features\n\n. Diverse fiber connectivity\n. NPA-NXX: (214)-550\n. Level 3 portfolio of services\n. Backhaul services, if needed\n. Alternate carrier networks available", "field_11": null, "field_12": null, "field_13": null, "field_14": null }, "geometry": { "type": "Point", "coordinates": [ -96.819444190443249, 32.80081110120797 ] } },
{ "type": "Feature", "properties": { "Data Center Name": "Data Canopy - Dallas", "Address Name": "Data Canopy", "Street Number": "1807", "Street Name": "Ross Avenue", "Zip code": 75201, "City": "Dallas", "State": "Texas", "Lattitude": 32.786527932666012, "Longitude": -96.801180375100458, "Description": "HOSTING owns and maintains a state-of-the-art data center located in Dallas's Central Business District. The data center has fully redundant connectivity, and industry-leading monitoring and security systems. HOSTING owns, operates, monitors and maintains all power systems, HVAC, network connectivity, advanced fire suppression systems and access control technology in order to ensure that all systems work efficiently.\nConnectivity\n\nMultiple Tier 1 Internet connections\nDiverse fiber conduits for physical redundancy\nCAT6 or fiber access to each row of cabinets/cages\n100Mbps standard network connectivity to cabinets/cages\n\nFacility Design\n\n100% dedicated HOSTING resources\n24x7 fully staffed Network Operations Center\nFully redundant Liebert environmental controls\nHot aisle/cold aisle layoout\nDedicated Glycol system with redundant pumps and heat exchangers\nPre-action sprinkler fire suppression with PhotoElectric and VESDA detection systems\nRaised flooring controls air flow for steady temperature\n\nFacility Power\n\nN+1 Liebert and Powerware UPS systems\n150 Watts/sq. ft.\n120v and 208v single and three phase circuits\nAutomatic transfer and programmable logic controllers\nCaterpillar diesel generator with 48-hour fuel supply\nCBD power grid with double redundancy\nRegular and comprehensive system testing\n\nFacility Security\n\nDedicated data center personnel onsite 24x7\nOperations center technicians provide monitoring and remote hands assistance\nVideo surveillance fully monitored internal/external\n24/7 customer access\nAccess points secured with keycard, man-traps, biometric controls\nSecurity corridor with tailgating prevention", "field_11": null, "field_12": null, "field_13": null, "field_14": null }, "geometry": { "type": "Point", "coordinates": [ -96.801180375100458, 32.786527932666012 ] } },
{ "type": "Feature", "properties": { "Data Center Name": "Epic.io", "Address Name": "Epic.io", "Street Number": "1526", "Street Name": "Viceroy Dr", "Zip code": 75235, "City": "Dallas", "State": "Texas", "Lattitude": 32.833950788496111, "Longitude": -96.869836361605962, "Description": "Power:\n- N+1 infrastructure\n- N+1 AC power and N+3 telco-grade DC power\n- Redundant power delivery infrastructure\n- Redundant hospital and airport power grid\n- Weekly tested redundant power generators\n- UPS and generator backup\n- A + B legs of power available for each cabinet\n- 20 & 30 Amp / 120 & 208 Volt power options\n- High-density power\n- Ultra low PUE\n- Power scrubbed before entering facility floor\n\nFacility:\n- 1526 Viceroy Dr Dallas, TX 75235\n- Single tenant, Epic.io owned\n- 100% Renewable energy\n- Locking 42U cabinets\n- HVAC redundant cooling\n- Ceiling and under floor smoke detection\n- Liebert CRAC units\n- Custom cooling solutions\n- 64´F - 76´F Temperature\n- Pre-action dry pipe fire suppression\n- 24\" Raised floor for improved airflow\n- Poured concrete floors´\n- Customer lounge with provided coffee and TV\n- 24/7 On-site NOC staff\n- 24/7 Support ticketing system\n- Managed services available\n- 24/7 server monitoring\n- Facility walkthrough checks\n- UL certified grounding system\n- Remote hands\n\nNetwork:\n- 100 Mbps, 1000 Mbps, 10-Gbit Connections\n- Private VLAN's and private networks available\n- Direct connection to the Infomart\n- Carrier neutral with over 50+ providers avail.\n- Fully redundant Cisco network\n- IPV4 directly allocated ARIN address space\n- BGP Multi-homed network power\n- Multiple tier I and tier II providers´\n- Level 3, Cogent, and Zayo\n\nSecurity:\n- Double-door locking man-trap\n- RFID Keycard\n- Data center access log\n- Multiple security & authentication layers\n- 24/7 Video surveillance\n- 24/7 On-site staff monitoring´\n- Closed circuit TV monitoring & recording´\n- 90-Day Recording retention\n- Physical audit trails on all entry points\n- Inventory for all property removal requests", "field_11": null, "field_12": null, "field_13": null, "field_14": null }, "geometry": { "type": "Point", "coordinates": [ -96.869836361605962, 32.833950788496111 ] } },
{ "type": "Feature", "properties": { "Data Center Name": "SoftLayer - DAL07", "Address Name": "SoftLayer", "Street Number": "1700", "Street Name": "Summit Ave", "Zip code": 75074, "City": "Plano", "State": "Texas", "Lattitude": 33.008809238357692, "Longitude": -96.688159132762422, "Description": "Headquartered in Dallas, SoftLayer is the innovation leader in Cloud, Dedicated, and Managed Hosting, and the largest privately hosting company in the world. SoftLayer provides cloud, dedicated, and seamlessly integrated computing environments, leveraging world-class data centers in Dallas, Houston, San Jose, Seattle, and Washington D.C., Singapore and Amsterdam, and network Points of Presence around the globe. SoftLayer automates all elements of its platform, empowering customers with complete control, security, scalability, and ease-of-management via a leading Customer Portal and Open API. The company’s proprietary offerings include the industry’s first Network-Within-a-Network topology for true out-of-band access, providing remote access to all management options.", "field_11": null, "field_12": null, "field_13": null, "field_14": null }, "geometry": { "type": "Point", "coordinates": [ -96.688159132762422, 33.008809238357692 ] } },
{ "type": "Feature", "properties": { "Data Center Name": "Dallas", "Address Name": "Lunavi", "Street Number": "1950", "Street Name": "North Stemmons, Fwy\nSuite 1039A", "Zip code": 75207, "City": "Dallas", "State": "Texas", "Lattitude": 32.800996401076333, "Longitude": -96.819555161607354, "Description": "The Dallas-Fort Worth region has long been a major Internet and network peering exchange point. Our Dallas data center serves a high concentration of telecommunications companies and are a major communications hub for the southern U.S.\n\nConnectivity\n\n- The largest Internet Exchange in the South Central U.S.\n- Direct connections to 125 network service providers for unparalleled choice of broadband service providers.\n\nCompliance and Certifications\n\n- SOC 1 and 2\n- ISO 21700\n- HIPAA\n- PCI-DSS, SOX, GLB", "field_11": null, "field_12": null, "field_13": null, "field_14": null }, "geometry": { "type": "Point", "coordinates": [ -96.819555161607354, 32.800996401076333 ] } },
{ "type": "Feature", "properties": { "Data Center Name": "DataBank - zColo - 2323 Bryan St", "Address Name": "DataBank", "Street Number": "2323", "Street Name": "Bryan St", "Zip code": 75201, "City": "Dallas", "State": "Texas", "Lattitude": 32.787231473659382, "Longitude": -96.794157003936277, "Description": "Previously known as zColo, part of Zayo Group. DataBank acquired all data center assets from Zayo Group in 2020.\n\n---------------------------------------------------\n\nWhether you're a business looking to colocate server equipment, or a carrier needing to expand your network, we have a colocation solution for you in our Dallas Data Center. Our facilities are designed for data and telecommunications equipment. We offer a carrier neutral secure environment with redundant cooling systems, UPS and generator back up. Our security includes 24x7 key card access and video surveillance. We have on-site staff and 24x7 on call staffing available.\n", "field_11": null, "field_12": null, "field_13": null, "field_14": null }, "geometry": { "type": "Point", "coordinates": [ -96.794157003936277, 32.787231473659382 ] } },
{ "type": "Feature", "properties": { "Data Center Name": "GIPNetworks Plano", "Address Name": "Plano Data Center | Global IP Networks", "Street Number": "1009", "Street Name": "Jupiter Rd.\nSuite 500", "Zip code": 75074, "City": "Plano", "State": "Texas", "Lattitude": 33.01231476697351, "Longitude": -96.683121732762274, "Description": "Background:\nCustomer centric and flexible with fast delivery. Strategic, convenient location and accessibility. State of the art datacenter. Multi layer security. Power density per sqft. Multi-gigabit network infrastructure.\n\nFeatures:\n[X] 24/7 access\n[x] 24/7 staff on side\n[x] Free Equipment Reboot\n[x] Free IP Address provisioning\n[x] Remote hands available\n[x] Pre-action Fire Suppression System\n[x] Smoke Detector\n[x] Video surveillance\n[x] Generator\n[x] UPS\n[x] Alarm system\n[x] Redundant CRAC\n\nServices:\n[X] Rental of cages\n[X] Rental of foot prints\n[X] Rental of racks\n[X] Hosting of individual servers\n[ ] Dedicated servers\n[ ] Virtual servers\n[ ] Office space\n\nConnectivity:\nMultiple gigabit fiber entry on diverse route with self healing core networks technology. Multiple carriers, if premium blend includes AT&T, Level3, Time Warner, Sprint, Savvis, NTT/Verio, and Global Crossing (100% Uptime). Cogent Communication and Xeex blend are available as value bandwidth (99.999% Uptime).", "field_11": null, "field_12": null, "field_13": null, "field_14": null }, "geometry": { "type": "Point", "coordinates": [ -96.683121732762274, 33.01231476697351 ] } },
{ "type": "Feature", "properties": { "Data Center Name": "Psychz Dallas", "Address Name": "Psychz Networks", "Street Number": "1515", "Street Name": "Roundtable Dr", "Zip code": 75457, "City": "Dallas", "State": "Texas", "Lattitude": 32.837986931429093, "Longitude": -96.878362032769914, "Description": "At our Los Angeles datacenter, all cooling equipment is independently dual-powered, including chillers, ventilating and air-conditioning (HVAC) systems for complete climate control. The fault-tolerant site infrastructure features electrical power circuit storage and distribution facilities with expected availability of 99.995%. Located right next to the One Wilshire building, the servers can provide 100+ Gigabit to a Meet-me-room at One Wilshire and 100+ Gigabit Internet capacity. The service offers multiple fiber wavelengths and can be used on all major providers, including Hurricane, China Unicom, Nlayer, Tinet, NTT, Comcast, PCCW and more.", "field_11": null, "field_12": null, "field_13": null, "field_14": null }, "geometry": { "type": "Point", "coordinates": [ -96.878362032769914, 32.837986931429093 ] } },
{ "type": "Feature", "properties": { "Data Center Name": "Tier.Net", "Address Name": "TierNet", "Street Number": "1515", "Street Name": "round table drive", "Zip code": 75247, "City": "Dallas", "State": "Texas", "Lattitude": 32.838004960318983, "Longitude": -96.878394219277453, "Description": "US-owned with offices in New York, Florida, and Texas, Tier.Net operates in datacenters\nstrategically located throughout the USA and beyond! Experience the top tier of hosting and\nrelated services only at Tier.Net! Cutting edge, reliable, and FAST! Tier.Net provides shared,\nreseller, VPS, cloud, dedicated, and co-location services at guaranteed competitive prices.\nTier.Net features an in-house staff, wholly owned network and server hardware, and certified\ntechs available 24/7/365 to ensure your online venture is an outstanding success!\nSelect from USA Datacenter Options:\n- on the East Coast in Ashburn (VA), Charlotte (NC), and Latham (NY)*\n- also on the East Coast in Staten Island (NY) with DDoS Protection included free of\ncharge\n- on the West Coast in Bend (OR) with DDoS Protection included free of charge\n- in Central US in Dallas (TX) with DDoS Protection included free of charge", "field_11": null, "field_12": null, "field_13": null, "field_14": null }, "geometry": { "type": "Point", "coordinates": [ -96.878394219277453, 32.838004960318983 ] } },
{ "type": "Feature", "properties": { "Data Center Name": "LOGIX FIBER NETWORKS Dallas #1", "Address Name": "LOGIX FIBER NETWORKS", "Street Number": "2323", "Street Name": "Bryan\nSuite 850", "Zip code": 75201, "City": "Dallas", "State": "Texas", "Lattitude": 32.787209673659504, "Longitude": -96.794226432772135, "Description": "The Logix Fiber Networks and data center facilities located at 2323 Bryan Street in Dallas, Texas offer unique, world-class colocation space strategically positioned in a most prestigious carrier hotel located in the heart of downtown Dallas and serving the greater Dallas-Ft. Worth Metroplex.\n\nWith over 65 carriers and service providers under one roof, roughly 20% of the nation's internet, voice, and data traffic passes through this building. The location of two Logix colocation centers within this major carrier aggregation point bridges the often overlooked gap between robust data center facilities and the availability of sophisticated, carrier communications solutions (i.e. Internet access, transport services, WAN/MAN solutions, and wireless services). These Logix facilities feature a multiple carrier Internet backbone, dual backup power supplies, several gigabits of local loop to the Internet, state-of-the-art environmental controls, and numerous security systems.\n\nKey Features\n. Redundant power systems including back-up generators, automatic transfer switch, UPS system, -48v battery plant, and independent circuit breakers\n. Environmental conditioning for controlled temperature and humidity\n. Industrial grade reinforced floors\n. Metropolitan Area Networking and Wide Area Networking solutions to reliably access remote sites and remote users\n. 24th Floor Meet-me-Room with access to 65+ carriers and service providers\n. 24x7x365 critical monitoring/disaster prevention\n. 24x7x365 secure access\n. Flexible space and power configurations including colo cabinets, cages and private suites\n. Hands on support", "field_11": null, "field_12": null, "field_13": null, "field_14": null }, "geometry": { "type": "Point", "coordinates": [ -96.794226432772135, 32.787209673659504 ] } },
{ "type": "Feature", "properties": { "Data Center Name": "Enterhost", "Address Name": "Consuro Managed Technology", "Street Number": "801", "Street Name": "Cherry Street\nSuite LLG50", "Zip code": 76102, "City": "Fort Worth", "State": "Texas", "Lattitude": 32.750396660338609, "Longitude": -97.334539303937859, "Description": "Enterhost owns and operates a Tier-1 data center located below street level in downtown Fort Worth, Texas. Over $8 million dollars was invested in building out the 20,000 square foot dedicated server hosting facility. Our data center is engineered with fully redundant electrical, mechanical and network infrastructure to ensure the highest levels of availability.", "field_11": null, "field_12": null, "field_13": null, "field_14": null }, "geometry": { "type": "Point", "coordinates": [ -97.334539303937859, 32.750396660338609 ] } },
{ "type": "Feature", "properties": { "Data Center Name": "NocRoom Dallas Colocation and VPS", "Address Name": "NocRoom Miami Colocation VPS", "Street Number": "33004", "Street Name": "Irving Blvd", "Zip code": 75247, "City": "Dallas", "State": "Texas", "Lattitude": 32.807967083631105, "Longitude": -96.862679661607103, "Description": "Power & Redundancy\nOur power systems feature extensive fault tolerance and resilience at every layer. Incoming service is routed underground to a dedicated on-site transformer. This system routes to our automatic transfer switch which monitors power quality, and automatically transfers to our emergency generators in the event they are needed. Each facility is also protected by one or more uninterruptible Power Supplies (UPS), featuring redundant battery cabinets and full maintenance bypass cabinets allowing for service and upgrades without interruption of power to our servers.\n\nNocRoom Tier1 Bandwidth Network\nMultiple Tier 1 bandwidth providers call NocRoom home including AT&T, CenturyLink, Cogent, Comcast Business Class, FiberLight, FPL FiberNet, Internap, Level 3, TW Telecom, Verizon Business and XO. NocRoom facility is also home to several Tier 2 carriers.\n\nServices\n* Colocation\n* Hosted PBX\n* Dedicated Servers\n* Cloud Servers\n\nBitcoin Accepted\n\nMiami, Dallas and Los Angeles", "field_11": null, "field_12": null, "field_13": null, "field_14": null }, "geometry": { "type": "Point", "coordinates": [ -96.862679661607103, 32.807967083631105 ] } },
{ "type": "Feature", "properties": { "Data Center Name": "LOGIX FIBER NETWORKS Fort Worth", "Address Name": "LOGIX FIBER NETWORKS", "Street Number": "307-309 ", "Street Name": "West 7th St", "Zip code": 76102, "City": "Fort Worth", "State": "Texas", "Lattitude": 32.751188022514825, "Longitude": -97.331973303937886, "Description": "Fiber-based Data, Voice, Data Center and Cloud Interconnect Solutions\n\nLOGIX STRIVES EVERY DAY TO OFFER THE BEST INTERNET AND VOICE PRODUCTS ON THE MARKET TODAY AND PRIDE OURSELVES ON OUR OUTSTANDING SERVICE\n\nLOGIX provides colocation facilities and services to keep your company functioning through the worst case scenario. Our Texas data centers are digital fortresses featuring fully redundant infrastructure state-of-the-art power, cooling, and fire suppression systems robust physical security and scalable connectivity to our world-class fiber optic network. It all amounts to bulletproof protection for your critical data, and a better night's sleep for you.", "field_11": null, "field_12": null, "field_13": null, "field_14": null }, "geometry": { "type": "Point", "coordinates": [ -97.331973303937886, 32.751188022514825 ] } },
{ "type": "Feature", "properties": { "Data Center Name": "Nimbix - Dallas", "Address Name": "Nimbix", "Street Number": "2323", "Street Name": "Bryan Street", "Zip code": 75201, "City": "Dallas", "State": "Texas", "Lattitude": 32.787267552036411, "Longitude": -96.79413554626457, "Description": "Nimbix provides a purpose built compute cloud for big data and computation. Nimbix offers high performance applications as a service through the Nimbix Cloud, dramatically speeding up data processing for Energy, Life Sciences, Manufacturing, Media and Analytics applications.\n\nNimbix delivers unique accelerated high-performance systems and applications from its world-class datacenters as a pay-per-use service. Additional information about Nimbix is included in the company overview, which is available on the Nimbix website at http://www.nimbix.net", "field_11": null, "field_12": null, "field_13": null, "field_14": null }, "geometry": { "type": "Point", "coordinates": [ -96.79413554626457, 32.787267552036411 ] } },
{ "type": "Feature", "properties": { "Data Center Name": "LOGIX FIBER NETWORKS Dallas #2", "Address Name": "LOGIX FIBER NETWORKS", "Street Number": "2914", "Street Name": "Taylor Street", "Zip code": 75226, "City": "Dallas", "State": "Texas", "Lattitude": 32.781440334215681, "Longitude": -96.78091223277238, "Description": "Key Features\n. Over 3000 feet of raised floor\n. True 2N power to every cabinet\n. Fully redundant HAVC system with N+1 cooling\n. Pre-action dry pipe fire suppression with heat and smoke detection\n. SSAE 16 SOC3 certified\n. 24x7x365 critical monitoring/disaster prevention\n. Access card and biometrics security\n\nNetwork Connectivity\n. Diverse fiber routes from the street\n. 200G DWDM connection on Alpheus Texas fiber network\n\nFlexible Options\n. Relay Racks\n. Cabinets\n. Private Cages\n. Private Suites\n. Flexible Power Configurations\n. Remote Hands Support\n\nAbout Alpheus\n. 2,800+ Miles of Long-Haul Fiber\n. 3,200+ Miles of Metro Fiber\n. Connectivity to 300+ COs / Carrier POPs\n. 94,000+ Ethernet-Qualified Addresses\n. 24x7x365 Monitoring & Support", "field_11": null, "field_12": null, "field_13": null, "field_14": null }, "geometry": { "type": "Point", "coordinates": [ -96.78091223277238, 32.781440334215681 ] } },
{ "type": "Feature", "properties": { "Data Center Name": "VAZATA Dallas II", "Address Name": "VAZATA", "Street Number": "2440", "Street Name": "Marsh Lane", "Zip code": 75007, "City": "Carrollton", "State": "Texas", "Lattitude": 32.980131473550564, "Longitude": -96.853716032763671, "Description": "BUILDING SPECIFICATIONS\n. Features 12,500 of move-in-ready Tier III (with Tier IV attributes) data center space\n. The building is strategically located outside of the 500 year flood plain\n. Facility has diverse and redundant utility feeds, and has diverse entry points for fiber to the facility\n\nSECURITY\n. Facility is enclosed by vehicle barrier fencing\n. VAZATA provides 24 X 7 days a week on-site uniformed security, including man cage at main entry\n. Cage access is controlled by biometric and/or key card access readers\n. Each VAZATA data center has a minimum of four security checkpoints that are keycard and/or biometric access controlled\n. All access points, common areas and the building perimeter are monitored by CCTV at the data center security station and remotely at a NOC facility\n. Security images are maintained in accordance with PCI requirements\n. The generator yard is located behind a retaining wall around the perimeter for security\n\nDATACENTER FLOOR\n. 12,500 of move-in-ready Tier III (with Tier IV attributes) data center space . 36-inch raised floor\n. Secure cages and lockable cabinets solutions\n\nELECTRICAL POWER\n. The space offers a total capacity of 2.0 Megawatts of power\n. UPS and PDU to the floor configured 2N\n. Power is served by N+1 utility with three diverse paths to the facility\n. True A/B power is delivered to the data center floor with redundant PDU's and PPs\n. Power is monitored to the branch circuit level\n. Generators are configured N+1 with additional roll-up capability\n. The generator yard is located behind a retaining wall around the perimeter for security\n. Generators are tested on a weekly basis\n. VAZATA provides redundant refueling contracts for the data center\n\nCOOLING\n. Dedicated 2N air-cooled chillers, bi-directional chilled water loop with 2N pumping and N+15% CRAH units to each 1125 kW data center\n. Double-interlock, dry pipe, pre-action, water sprinkler system. Overhead and under floor smoke detection\n\nTELECOM & CONNECTIVITY\n. Fiber enters the building through two separate entrance facilities on different sides of the facility\n. VAZATA has a private, DWDM fully redundant carrier grade fiber ring to connect VAZATA data centers to major carrier hotels\n\nCARRIERS\n. ABOVENET (ZAYO)\n. TW TELECOM\n. ATT\n. VERIZON", "field_11": null, "field_12": null, "field_13": null, "field_14": null }, "geometry": { "type": "Point", "coordinates": [ -96.853716032763671, 32.980131473550564 ] } },
{ "type": "Feature", "properties": { "Data Center Name": "Carrier-One Datacenter", "Address Name": "IWebFusion", "Street Number": "1515", "Street Name": "round table drive", "Zip code": 75247, "City": "Dallas", "State": "Texas", "Lattitude": 32.838004960318983, "Longitude": -96.878415676949132, "Description": "Just a Quick Intro\niWebFusion specializes in shared website hosting, virtualization, public + private cloud hosting, and bare-metal dedicated hosting solutions. iWebFusion, a brand of H4Y Technologies LLC and formerly iWebFusion Technologies LLC of Oregon, is based in Melbourne Beach, FL but operates datacenters in Bend, OR, Charlotte, NC, Los Angeles, CA (x2), Las Vegas, NV, and Monticello, IA. We're a group of engineers, developers and sysadmins but above all, we're genuine people that want to help you. Since 2001, H4Y Technologies LLC has been a leader in all aspects of the webhosting industry.\n\nReliability\niWebFusion is proud of our uptime statistics and you can see them for yourself! [CLICK HERE] to see our public uptime report. iWebFusion wholly owns its equipment, hardware, and in-house staff. We operate our own autonomous network (AS397373) including BGP and routing at our datacenter locations. Dependable scalability comes easy at iWebFusion with packages ranging from simple shared/business hosting to reseller accounts, VPS (virtual private server), Dedicated Servers, and Colocation. All at the best bang for the buck on the net. We do not oversell our services; instead we spread accounts reasonably across powerful servers and offer true 24/7 support. With our servers running 24/7/365 and an average of 99.99% uptime, you don't have to worry about our network going offline.\n\nSupport: In-house Experts!\niWebFusion's support is fast and reliable. We raise the bar for providing friendly, accurate, knowledgeable, and ACCESSIBLE network engineers, sysadmins, and customer support. Our support team is fully trained to help you with anything from building your website to building your private cloud to assisting you with brainstorming a complex enterprise networking project. iWebFusion's team is comprised of certified engineers and high-level sysadmins immediately on tap to provide reliable support and service throughout your hosting experience.\n\nNo Gimmicks\nThis one is pretty simple. We have no hidden fees. We don't sell our services on gimmicks, trendy offerings or misleading information. We pride ourselves on offering no-nonsense high-quality servers, networking, and webhosting with unique features you won't find anywhere else. You will receive all the features you pay for, and they will all work. The amount you see on your invoice will be the amount you will be billed. When you sign up, you can keep paying that price as long as you are an iWebFusion customer.\n\nYour Satisfaction is Guaranteed!\niWebFusion has a legion of fans and ecstatic clients. It is no wonder that our amazing clients have fueled our tremendous growth since 2001. That is why we offer solid money back guarantees and happily provide references. Join thousands of satisfied fans and try iWebFusion today!", "field_11": null, "field_12": null, "field_13": null, "field_14": null }, "geometry": { "type": "Point", "coordinates": [ -96.878415676949132, 32.838004960318983 ] } },
{ "type": "Feature", "properties": { "Data Center Name": "SoftLayer - DAL02/06", "Address Name": "SoftLayer", "Street Number": "1333", "Street Name": "North Stemmons Freeway\nSuite 110", "Zip code": 75207, "City": "Dallas", "State": "Texas", "Lattitude": 32.791592580236077, "Longitude": -96.815252175100213, "Description": "Headquartered in Dallas, SoftLayer is the innovation leader in Cloud, Dedicated, and Managed Hosting, and the largest privately hosting company in the world. SoftLayer provides cloud, dedicated, and seamlessly integrated computing environments, leveraging world-class data centers in Dallas, Houston, San Jose, Seattle, and Washington D.C., Singapore and Amsterdam, and network Points of Presence around the globe. SoftLayer automates all elements of its platform, empowering customers with complete control, security, scalability, and ease-of-management via a leading Customer Portal and Open API. The company’s proprietary offerings include the industry’s first Network-Within-a-Network topology for true out-of-band access, providing remote access to all management options.", "field_11": null, "field_12": null, "field_13": null, "field_14": null }, "geometry": { "type": "Point", "coordinates": [ -96.815252175100213, 32.791592580236077 ] } },
{ "type": "Feature", "properties": { "Data Center Name": "SoftLayer - DAL01", "Address Name": "SoftLayer", "Street Number": "1950", "Street Name": "N. Stemmons Freeway", "Zip code": 75207, "City": "Dallas", "State": "Texas", "Lattitude": 32.800847174075997, "Longitude": -96.819444190443249, "Description": "Headquartered in Dallas, SoftLayer is the innovation leader in Cloud, Dedicated, and Managed Hosting, and the largest privately hosting company in the world. SoftLayer provides cloud, dedicated, and seamlessly integrated computing environments, leveraging world-class data centers in Dallas, Houston, San Jose, Seattle, and Washington D.C., Singapore and Amsterdam, and network Points of Presence around the globe. SoftLayer automates all elements of its platform, empowering customers with complete control, security, scalability, and ease-of-management via a leading Customer Portal and Open API. The company’s proprietary offerings include the industry’s first Network-Within-a-Network topology for true out-of-band access, providing remote access to all management options.", "field_11": null, "field_12": null, "field_13": null, "field_14": null }, "geometry": { "type": "Point", "coordinates": [ -96.819444190443249, 32.800847174075997 ] } },
{ "type": "Feature", "properties": { "Data Center Name": "SoftLayer - DAL04", "Address Name": "SoftLayer", "Street Number": "400", "Street Name": "Akard St", "Zip code": 75202, "City": "Dallas", "State": "Texas", "Lattitude": 32.778303399232719, "Longitude": -96.798943790444241, "Description": "Headquartered in Dallas, SoftLayer is the innovation leader in Cloud, Dedicated, and Managed Hosting, and the largest privately hosting company in the world. SoftLayer provides cloud, dedicated, and seamlessly integrated computing environments, leveraging world-class data centers in Dallas, Houston, San Jose, Seattle, and Washington D.C., Singapore and Amsterdam, and network Points of Presence around the globe. SoftLayer automates all elements of its platform, empowering customers with complete control, security, scalability, and ease-of-management via a leading Customer Portal and Open API. The company’s proprietary offerings include the industry’s first Network-Within-a-Network topology for true out-of-band access, providing remote access to all management options.", "field_11": null, "field_12": null, "field_13": null, "field_14": null }, "geometry": { "type": "Point", "coordinates": [ -96.798943790444241, 32.778303399232719 ] } },
{ "type": "Feature", "properties": { "Data Center Name": "SoftLayer Headquarters", "Address Name": "SoftLayer", "Street Number": "4849", "Street Name": "Alpha Rd", "Zip code": 75244, "City": "Dallas", "State": "Texas", "Lattitude": 32.933988720495151, "Longitude": -96.828007203929857, "Description": "Headquartered in Dallas, SoftLayer is the innovation leader in Cloud, Dedicated, and Managed Hosting, and the largest privately hosting company in the world. SoftLayer provides cloud, dedicated, and seamlessly integrated computing environments, leveraging world-class data centers in Dallas, Houston, San Jose, Seattle, and Washington D.C., Singapore and Amsterdam, and network Points of Presence around the globe. SoftLayer automates all elements of its platform, empowering customers with complete control, security, scalability, and ease-of-management via a leading Customer Portal and Open API. The company’s proprietary offerings include the industry’s first Network-Within-a-Network topology for true out-of-band access, providing remote access to all management options.", "field_11": null, "field_12": null, "field_13": null, "field_14": null }, "geometry": { "type": "Point", "coordinates": [ -96.828007203929857, 32.933988720495151 ] } },
{ "type": "Feature", "properties": { "Data Center Name": "MDC McAllen - MCA2", "Address Name": "MDC Data Centers", "Street Number": "422", "Street Name": "S 11th St", "Zip code": 78501, "City": "McAllen", "State": "Texas", "Lattitude": 26.199389777079507, "Longitude": -98.232186290705542, "Description": "The MDC McAllen expansion brings more space and power to an ever-growing interconnection hub, featuring a 1MW facility built to Tier III specifications and transparent access to our entire network ecosystem.\n\nIt is the first data center built to adapt to McAllen, thought and designed for the growing needs of operators, ISPs, and content and gaming providers.", "field_11": null, "field_12": null, "field_13": null, "field_14": null }, "geometry": { "type": "Point", "coordinates": [ -98.232186290705542, 26.199389777079507 ] } },
{ "type": "Feature", "properties": { "Data Center Name": "MDC McAllen - MCA1", "Address Name": "MDC Data Centers", "Street Number": "200", "Street Name": "South 10th Street\nSuite 702", "Zip code": 78501, "City": "McAllen", "State": "Texas", "Lattitude": 26.202071999043287, "Longitude": -98.231600317690379, "Description": "Our collocation service allows you to expand your network infrastructure by offering full- or half-racks of space and power within our switch site. Our site is carrier-grade, climate-controlled, secured, and protected by fire-suppression systems-providing you with the same high-level security and conditions to which we entrust our own network. With our Smart Hands Service, our technicians can provide the on-site assistance installing and or troubleshooting customer equipment.\n\nOur service helps decrease your costs and reduce your real estate and interconnection costs. Located in the Fiberhead for South Texas we make interconnecting to the major Mexican carriers quick, easy and affordable.", "field_11": null, "field_12": null, "field_13": null, "field_14": null }, "geometry": { "type": "Point", "coordinates": [ -98.231600317690379, 26.202071999043287 ] } },
{ "type": "Feature", "properties": { "Data Center Name": "Lumen McAllen 1", "Address Name": "Lumen", "Street Number": "906", "Street Name": "Beech Avenue", "Zip code": 78505, "City": "McAllen", "State": "Texas", "Lattitude": 26.205107433783247, "Longitude": -98.229116433033681, "Description": "Facility Specifications\n\n. Total Space: 6,015 sq. ft.\n. Colocation Space: 1,754 sq. ft.\n. Ceiling height: 13'0\"\n. Available on-site parking\n\nEnvironmental\n\n. Temperature and humidity controlled\n. Monitored building management system\n. Fire suppression and smoke detection\n\nPower\n\n. DC Power\n. Generator and battery backup\n\nSecurity\n\n. Stringent, multi-layered security control procedures\n\nNetwork Features\n\n. Diverse fiber connectivity\n. NPA-NXX: (956)-984\n. Level 3 portfolio of services\n. Backhaul services, if needed\n. Alternate carrier networks available", "field_11": null, "field_12": null, "field_13": null, "field_14": null }, "geometry": { "type": "Point", "coordinates": [ -98.229116433033681, 26.205107433783247 ] } },
{ "type": "Feature", "properties": { "Data Center Name": "Chase Tower McAllen", "Address Name": "1547 Critical Systems Realty", "Street Number": "200", "Street Name": "S 10th St\nSuite 1205", "Zip code": 78501, "City": "McAllen", "State": "Texas", "Lattitude": 26.202023867201039, "Longitude": -98.231664690705443, "Description": null, "field_11": null, "field_12": null, "field_13": null, "field_14": null }, "geometry": { "type": "Point", "coordinates": [ -98.231664690705443, 26.202023867201039 ] } },
{ "type": "Feature", "properties": { "Data Center Name": "Stream DC San Antonio II - Westover Hills", "Address Name": "Stream Data Centers", "Street Number": "9550", "Street Name": "Westover Hills Blvd", "Zip code": 78251, "City": "San Antonio", "State": "Texas", "Lattitude": 29.471815299253478, "Longitude": -98.671586832910521, "Description": "Stream Data Centers’ second data center in the market, San Antonio II is optimally located just 15 miles from the San Antonio International Airport. In addition to reliable power and fiber infrastructure and virtually no risk of natural disasters, this Texas Hill Country location has newly available turnkey capacity immediately available at the 75,840 SF data center. Tenants benefit from highly resilient infrastructure and stable power prices.\n\n\nHIGHLIGHTS:\n\n- Dual utility feeds from two substations\n\n- 185 mph wind-rated building and equipment yard\n\n- High efficiency air cooled chillers with air side economization\n\n- Chilled water available for in-row and in-rack cooling solutions\n\n- Uptime Tier III Design Certified\n\n- Optimal location outside 500-year flood plain\n\n- 2N distribution to the rack\n\n- Designed to meet or exceed ISO/IEC 27001, SOC 1 Type 1, SOC 2 Type 2, and PCI DSS standards\n\n- LEED Silver certified\n\n- Disaster Recovery office space backed by 2N generators", "field_11": null, "field_12": null, "field_13": null, "field_14": null }, "geometry": { "type": "Point", "coordinates": [ -98.671586832910521, 29.471815299253478 ] } },
{ "type": "Feature", "properties": { "Data Center Name": "Stream DC San Antonio III", "Address Name": "Stream Data Centers", "Street Number": "11203", "Street Name": "W Military Drive", "Zip code": 78253, "City": "San Antonio", "State": "Texas", "Lattitude": 29.44843574585299, "Longitude": -98.714801890583104, "Description": "Stream’s third San Antonio campus is scheduled to support 1.5 million square feet of data center space with a $400M investment, supporting 200 MW at full build.\n\nThis first facility on the new campus, San Antonio III, is currently under construction for 300,000 initial square feet of turnkey data center space and an on-site 334 MW CPS substation, scheduled for occupancy in 2Q 2025.\n\nStrategically located on West Military Drive and Loop 1604, the new West San Antonio campus will leverage a nationally competitive energy market while prioritizing sustainability and taking advantage of the latest in infrastructure design, enabling reliability, security, scalability, and uptime. The new data center campus is located less than five miles from Stream’s nearby facility, San Antonio II, and as the third area data center, Stream is set to reaffirm its commitment to meeting the increasing demands of hyperscalers in Texas, and beyond.\n\n- Up to five new buildings will support up to 200 MW across 1.5 million data center square feet.\n\n- Three out of the new buildings, 120 MW, remain available for new tenant deployments.\n\n- On-site dual-fed breaker and a half CPS substation, with 2N configuration to each building.\n\n- Strategic location, positioned within a nationally competitive energy market.\n\n- Zero water use cooling systems (WUE=0.)\n\n- Data halls designed to accommodate both air and/or liquid-cooled IT.\n\n- Supports advanced digital infrastructure by incorporating the latest technologies for enhanced reliability.\n\n- Secure campus configuration allows for individual to secured perimeters per building, or for the combination of lots.\n\n- Robust network connectivity.", "field_11": null, "field_12": null, "field_13": null, "field_14": null }, "geometry": { "type": "Point", "coordinates": [ -98.714801890583104, 29.44843574585299 ] } },
{ "type": "Feature", "properties": { "Data Center Name": "CyrusOne SAT1 - San Antonio", "Address Name": "CyrusOne Data Centers", "Street Number": "9999", "Street Name": "Westover Hills Blvd", "Zip code": 78251, "City": "San Antonio", "State": "Texas", "Lattitude": 29.46661432111658, "Longitude": -98.688075588731479, "Description": "CyrusOne's 200,000 square foot Lewisville / North Texas data center provides redundant power architecture, high density capability, and abundance of connectivity to many local and international companies.\n\nCyrusOne (NASDAQ: CONE) specializes in highly reliable enterprise-class, carrier-neutral data center properties. The company provides mission-critical data center facilities that protect and ensure the continued operation of IT infrastructure for more than 500 customers, including nine of the global Fortune 20 and more than 100 of the Fortune 1000 companies.\n\nCyrusOne’s data center offerings provide the flexibility, reliability, and security that enterprise customers require and are delivered through a tailored, customer service-focused platform designed to foster long-term relationships. CyrusOne's internet interconnection platform provides robust connectivity options for enterprises, content, and telecommunications companies. CyrusOne is committed to full transparency in communication, management, and service delivery throughout its 25 data centers worldwide.", "field_11": null, "field_12": null, "field_13": null, "field_14": null }, "geometry": { "type": "Point", "coordinates": [ -98.688075588731479, 29.46661432111658 ] } },
{ "type": "Feature", "properties": { "Data Center Name": "CyrusOne SAT2 - San Antonio", "Address Name": "CyrusOne Data Centers", "Street Number": "9554", "Street Name": "Westover Hills Blvd", "Zip code": 78251, "City": "San Antonio", "State": "Texas", "Lattitude": 29.471043262146278, "Longitude": -98.672962132910541, "Description": "Located near CyrusOne’s first San Antonio facility SAT1, the SAT2 site has up to to 196,000 colocation square feet (CSF) and 20,000 sq. ft. of superior Class A office space that can be used by customers.\n\nThe National IX platform at SAT2 provides customers with accessibility to high-performance, low-cost data transfer and unites multiple state-of-the-art CyrusOne sites in Texas and beyond.", "field_11": null, "field_12": null, "field_13": null, "field_14": null }, "geometry": { "type": "Point", "coordinates": [ -98.672962132910541, 29.471043262146278 ] } },
{ "type": "Feature", "properties": { "Data Center Name": "CyrusOne SAT5 - San Antonio", "Address Name": "CyrusOne Data Centers", "Street Number": "14719", "Street Name": "Omicron Dr.", "Zip code": 78245, "City": "San Antonio", "State": "Texas", "Lattitude": 29.419072183485742, "Longitude": -98.78764036174843, "Description": "This campus has 50,000 square feet of raised space per floor and provides connections to the San Antonio Metro IX and CyrusOne National IX with on-ramps to major cloud providers through Megaport.\n\nThe SAT5 San Antonio data center is well-suited for enterprise clients that require a robust data center infrastructure for mission-critical applications. This location is in an area considered one of the safest in the country, free from natural disasters including seismic activity, tornados, and hurricanes. SAT5 also offers Class A office space as well as CyrusOne’s seven layers of physical security.", "field_11": null, "field_12": null, "field_13": null, "field_14": null }, "geometry": { "type": "Point", "coordinates": [ -98.78764036174843, 29.419072183485742 ] } },
{ "type": "Feature", "properties": { "Data Center Name": "H5 Data Centers San Antonio", "Address Name": "H5 Data Centers", "Street Number": "100", "Street Name": "Taylor St.", "Zip code": 78205, "City": "San Antonio", "State": "Texas", "Lattitude": 29.429446330481998, "Longitude": -98.486824590583836, "Description": "H5 Data Centers' San Antonio data center is in an 85,000 SF carrier hotel located at 100 Taylor Street in downtown San Antonio. The San Antonio data center features direct access to the key metro and long haul network providers in Texas. CenturyLink, LOGIX, Telia, Windstream, and other long haul carrier's networks are directly accessible from the San Antonio data center.", "field_11": null, "field_12": null, "field_13": null, "field_14": null }, "geometry": { "type": "Point", "coordinates": [ -98.486824590583836, 29.429446330481998 ] } },
{ "type": "Feature", "properties": { "Data Center Name": "Amazon AWS SAT - 7400 Potranco", "Address Name": "Amazon AWS", "Street Number": "7400", "Street Name": "Potranco Rd", "Zip code": 78251, "City": "San Antonio", "State": "Texas", "Lattitude": 29.450926372223595, "Longitude": -98.638558732911321, "Description": null, "field_11": null, "field_12": null, "field_13": null, "field_14": null }, "geometry": { "type": "Point", "coordinates": [ -98.638558732911321, 29.450926372223595 ] } },
{ "type": "Feature", "properties": { "Data Center Name": "CloudHQ SAT Campus", "Address Name": "CloudHQ", "Street Number": "15255", "Street Name": "Lambda Dr", "Zip code": 78245, "City": "San Antonio", "State": "Texas", "Lattitude": 29.414995203913538, "Longitude": -98.799406332912795, "Description": "Situated west of San Antonio on the former site of the University of Texas Health Science Center, CloudHQ's expansive SAT campus delivers up to 600MW of critical IT load across five fully customizable data centers. Equipped with multiple on-site substations, the campus caters to diverse tenant needs and offers ample room for future expansion. Four diverse fiber paths connect the campus to a multitude of telecommunications providers, ensuring robust connectivity.\n", "field_11": null, "field_12": null, "field_13": null, "field_14": null }, "geometry": { "type": "Point", "coordinates": [ -98.799406332912795, 29.414995203913538 ] } },
{ "type": "Feature", "properties": { "Data Center Name": "Microsoft San Antonio (SAT15)", "Address Name": "Microsoft", "Street Number": "3555", "Street Name": "Westover Link", "Zip code": 78251, "City": "San Antonio", "State": "Texas", "Lattitude": 29.469328438146, "Longitude": -98.702313204074798, "Description": "This Microsoft data center is part of an Azure availability zone in the South Central US Azure region (Americas).\n\nPlease visit the website of Microsoft for further details about Microsoft San Antonio SAT15.", "field_11": null, "field_12": null, "field_13": null, "field_14": null }, "geometry": { "type": "Point", "coordinates": [ -98.702313204074798, 29.469328438146 ] } },
{ "type": "Feature", "properties": { "Data Center Name": "CyrusOne SAT9 - San Antonio", "Address Name": "CyrusOne Data Centers", "Street Number": "14815", "Street Name": "Omicron Dr", "Zip code": 78245, "City": "San Antonio", "State": "Texas", "Lattitude": 29.412704104968235, "Longitude": -98.784419004076966, "Description": "CyrusOne's SAT8 and SAT9 data centers represent the latest expansion in San Antonio, Texas, a location strategically chosen for its stability and absence of natural disasters. These state-of-the-art facilities are designed to meet the high standards of Fortune 1000 companies, offering robust infrastructure for mission-critical applications. With advanced security measures, high-density power architecture, and a carrier-neutral environment, CyrusOne provides a reliable foundation for high-performance computing and disaster recovery solutions. The data centers also offer Class A office space, allowing companies to maintain close proximity to their critical IT operations. Planned to be fully compliant with industry standards and certifications, these facilities underscore CyrusOne's commitment to providing top-tier data center solutions.", "field_11": null, "field_12": null, "field_13": null, "field_14": null }, "geometry": { "type": "Point", "coordinates": [ -98.784419004076966, 29.412704104968235 ] } },
{ "type": "Feature", "properties": { "Data Center Name": "Windstream San Antonio", "Address Name": "Windstream", "Street Number": "106", "Street Name": "S St Mary's St", "Zip code": 78205, "City": "San Antonio", "State": "Texas", "Lattitude": 29.42412673439998, "Longitude": -98.491235204076574, "Description": null, "field_11": null, "field_12": null, "field_13": null, "field_14": null }, "geometry": { "type": "Point", "coordinates": [ -98.491235204076574, 29.42412673439998 ] } },
{ "type": "Feature", "properties": { "Data Center Name": "Microsoft San Antonio (SN7)", "Address Name": "Microsoft", "Street Number": "5200", "Street Name": "Rogers Rd", "Zip code": 78251, "City": "San Antonio", "State": "Texas", "Lattitude": 29.480594851580598, "Longitude": -98.696708932910184, "Description": "This Microsoft data center is part of an Azure availability zone in the South Central US Azure region (Americas).", "field_11": null, "field_12": null, "field_13": null, "field_14": null }, "geometry": { "type": "Point", "coordinates": [ -98.696708932910184, 29.480594851580598 ] } },
{ "type": "Feature", "properties": { "Data Center Name": "Microsoft San Antonio (SAT80 & SAT81)", "Address Name": "Microsoft", "Street Number": "18844", "Street Name": "Fm1957", "Zip code": 78009, "City": "Castroville", "State": "Texas", "Lattitude": 29.431025096532437, "Longitude": -98.87598900407626, "Description": "This Microsoft data center is part of an Azure availability zone in the South Central US Azure region (Americas).", "field_11": null, "field_12": null, "field_13": null, "field_14": null }, "geometry": { "type": "Point", "coordinates": [ -98.87598900407626, 29.431025096532437 ] } },
{ "type": "Feature", "properties": { "Data Center Name": "CyrusOne SAT8 - San Antonio", "Address Name": "CyrusOne Data Centers", "Street Number": "14677", "Street Name": "Omicron Dr", "Zip code": 78245, "City": "San Antonio", "State": "Texas", "Lattitude": 29.412248721232388, "Longitude": -98.786886290584562, "Description": "CyrusOne's SAT8 and SAT9 data centers represent the latest expansion in San Antonio, Texas, a location strategically chosen for its stability and absence of natural disasters. These state-of-the-art facilities are designed to meet the high standards of Fortune 1000 companies, offering robust infrastructure for mission-critical applications. With advanced security measures, high-density power architecture, and a carrier-neutral environment, CyrusOne provides a reliable foundation for high-performance computing and disaster recovery solutions. The data centers also offer Class A office space, allowing companies to maintain close proximity to their critical IT operations. Planned to be fully compliant with industry standards and certifications, these facilities underscore CyrusOne's commitment to providing top-tier data center solutions.", "field_11": null, "field_12": null, "field_13": null, "field_14": null }, "geometry": { "type": "Point", "coordinates": [ -98.786886290584562, 29.412248721232388 ] } },
{ "type": "Feature", "properties": { "Data Center Name": "Microsoft San Antonio (SAT46)", "Address Name": "Microsoft", "Street Number": "15000", "Street Name": "Lambda Dr", "Zip code": 78245, "City": "San Antonio", "State": "Texas", "Lattitude": 29.41413501667607, "Longitude": -98.802964661748661, "Description": "This Microsoft data center is part of an Azure availability zone in the South Central US Azure region (Americas).", "field_11": null, "field_12": null, "field_13": null, "field_14": null }, "geometry": { "type": "Point", "coordinates": [ -98.802964661748661, 29.41413501667607 ] } },
{ "type": "Feature", "properties": { "Data Center Name": "Microsoft San Antonio (SAT82)", "Address Name": "Microsoft", "Street Number": "18844", "Street Name": "Fm1957", "Zip code": 78009, "City": "Castroville", "State": "Texas", "Lattitude": 29.430997063758568, "Longitude": -98.875967546404567, "Description": "This Microsoft data center is part of an Azure availability zone in the South Central US Azure region (Americas).", "field_11": null, "field_12": null, "field_13": null, "field_14": null }, "geometry": { "type": "Point", "coordinates": [ -98.875967546404567, 29.430997063758568 ] } },
{ "type": "Feature", "properties": { "Data Center Name": "Microsoft San Antonio", "Address Name": "Microsoft", "Street Number": "5150", "Street Name": "Rogers Rd", "Zip code": 78251, "City": "San Antonio", "State": "Texas", "Lattitude": 29.47993735471989, "Longitude": -98.692638419417705, "Description": "This Microsoft data center is part of an Azure availability zone in the South Central US Azure region (Americas).", "field_11": null, "field_12": null, "field_13": null, "field_14": null }, "geometry": { "type": "Point", "coordinates": [ -98.692638419417705, 29.47993735471989 ] } },
{ "type": "Feature", "properties": { "Data Center Name": "Microsoft Wiseman Boulevard (SAT14)", "Address Name": "Microsoft", "Street Number": "3545", "Street Name": "Wiseman Blvd", "Zip code": 78251, "City": "San Antonio", "State": "Texas", "Lattitude": 29.475730675927522, "Longitude": -98.681441732910272, "Description": "This Microsoft data center is part of an Azure availability zone in the South Central US Azure region (Americas).", "field_11": null, "field_12": null, "field_13": null, "field_14": null }, "geometry": { "type": "Point", "coordinates": [ -98.681441732910272, 29.475730675927522 ] } },
{ "type": "Feature", "properties": { "Data Center Name": "Amazon AWS SAT - 12807 Donop", "Address Name": "Amazon AWS", "Street Number": "12807", "Street Name": "Donop Rd", "Zip code": 78223, "City": "Elmendorf", "State": "Texas", "Lattitude": 29.292486932287716, "Longitude": -98.388756232917601, "Description": null, "field_11": null, "field_12": null, "field_13": null, "field_14": null }, "geometry": { "type": "Point", "coordinates": [ -98.388756232917601, 29.292486932287716 ] } },
{ "type": "Feature", "properties": { "Data Center Name": "QTS San Antonio", "Address Name": "QTS Data Centers", "Street Number": "8535", "Street Name": "Potranco Rd", "Zip code": 78251, "City": "San Antonio", "State": "Texas", "Lattitude": 29.448018216798438, "Longitude": -98.65252580407558, "Description": "QTS San Antonio is a strategic location in North America, that connects to the east and west coasts, Canada, Mexico, and Central and South America.\n\nDesigned to meet rapid, large scale deployments, QTS San Antonio offers one of the most flexible, efficient builds in the region. The campus provides significant capacity to support ongoing growth.", "field_11": null, "field_12": null, "field_13": null, "field_14": null }, "geometry": { "type": "Point", "coordinates": [ -98.65252580407558, 29.448018216798438 ] } },
{ "type": "Feature", "properties": { "Data Center Name": "Microsoft San Antonio (SAT40)", "Address Name": "Microsoft", "Street Number": "15000", "Street Name": "Lambda Dr", "Zip code": 78245, "City": "San Antonio", "State": "Texas", "Lattitude": 29.414078941798522, "Longitude": -98.802932475241107, "Description": "This Microsoft data center is part of an Azure availability zone in the South Central US Azure region (Americas).", "field_11": null, "field_12": null, "field_13": null, "field_14": null }, "geometry": { "type": "Point", "coordinates": [ -98.802932475241107, 29.414078941798522 ] } },
{ "type": "Feature", "properties": { "Data Center Name": "SiteB Data", "Address Name": "SiteB Data", "Street Number": "911", "Street Name": "North Frio St", "Zip code": 78207, "City": "San Antonio", "State": "Texas", "Lattitude": 29.434948226429135, "Longitude": -98.507331390583659, "Description": "SiteB Data is San Antonio and South Texas' Premier Data Center. SiteB specializes in colocation, disaster recovery, business continuity, dedicated and managed hosting. SiteB is locally owned and operated. SiteB's Data Center is a carrier neutral, 27,000 ft building located near downtown.\n\nA few of SiteB's features:\n\nUtility power on dual services\nBackup power supplied by redundant generators ( 500kw)\nCarrier Neutral ( Carrier List provided on request)\nUPS power by Powerware\nHot Aisle Containment\n36 Cameras throughout Facility\nRedundant Cooling\nCages Available\nMultiple Voltages available to rack\nPerimeter Fencing\nCard Key and biometric access\nRemote Hands Available", "field_11": null, "field_12": null, "field_13": null, "field_14": null }, "geometry": { "type": "Point", "coordinates": [ -98.507331390583659, 29.434948226429135 ] } },
{ "type": "Feature", "properties": { "Data Center Name": "CloudBurst Central Texas", "Address Name": "CloudBurst Data Centers", "Street Number": null, "Street Name": null, "Zip code": 78666, "City": "San Marcos", "State": "Texas", "Lattitude": 29.813502916851995, "Longitude": -98.006481919404422, "Description": "CloudBurst Central Texas stands as a beacon of innovation and sustainability in the heart of Central Texas. This flagship data center, nestled on a sprawling 75-acre site between Austin and San Antonio, is designed to be a Next-Gen, Net-Zero facility with an initial capacity of 20MW, scalable to 30MW. The region's abundant sunshine, geological stability, and favorable climate make it an ideal location for this cutting-edge development.\n\nThe facility is powered by a robust 100MW solar energy infrastructure, featuring a Next-Gen solar farm located adjacent to the data center and several additional 10MW solar farms distributed locally. This \"behind the meter\" power generation ensures a cost-effective and sustainable energy supply.\n\nCloudBurst Central Texas is tailored to support emerging technologies such as AI, immersive cooling, and high-density racks. It caters to a diverse clientele, including tech startups, SMMEs, high-profile businesses, government entities, NGOs, and technology innovators committed to Net-Zero practices. As the first of many planned modular facilities, it sets the standard for a unified design language and operational excellence that will be replicated across a global network, aiming to exceed 200MW in capacity.", "field_11": null, "field_12": null, "field_13": null, "field_14": null }, "geometry": { "type": "Point", "coordinates": [ -98.006481919404422, 29.813502916851995 ] } },
{ "type": "Feature", "properties": { "Data Center Name": "Lumen San Antonio 3", "Address Name": "Lumen", "Street Number": "214", "Street Name": "E Ramsey Rd", "Zip code": 78216, "City": "San Antonio", "State": "Texas", "Lattitude": 29.527489016665331, "Longitude": -98.492139204072416, "Description": null, "field_11": null, "field_12": null, "field_13": null, "field_14": null }, "geometry": { "type": "Point", "coordinates": [ -98.492139204072416, 29.527489016665331 ] } },
{ "type": "Feature", "properties": { "Data Center Name": "Lumen San Antonio 2", "Address Name": "Lumen", "Street Number": "1203", "Street Name": "N. Frio Street", "Zip code": 78207, "City": "San Antonio", "State": "Texas", "Lattitude": 29.438347823924527, "Longitude": -98.506541290583513, "Description": "Facility Specifications\n\n. Total Space: 12,000 sq. ft.\n. Ceiling height: 25'0\"\n. Available on-site parking\n. Loading dock\n\nEnvironmental\n\n. Temperature and humidity controlled\n. Monitored building management system\n. Fire suppression and smoke detection\n\nPower\n\n. DC Power\n. Generator and battery backup\n\nSecurity\n\n. Stringent, multi-layered security control procedures\n. Dual authentication system\n\nNetwork Features\n\n. Diverse fiber connectivity\n. NPA-NXX: (210)-335\n. Level 3 portfolio of services\n. Backhaul services, if needed\n. Alternate carrier networks available", "field_11": null, "field_12": null, "field_13": null, "field_14": null }, "geometry": { "type": "Point", "coordinates": [ -98.506541290583513, 29.438347823924527 ] } },
{ "type": "Feature", "properties": { "Data Center Name": "Lumen San Antonio 1", "Address Name": "Lumen", "Street Number": "5130", "Street Name": "Service Center Drive", "Zip code": 78218, "City": "San Antonio", "State": "Texas", "Lattitude": 29.475712235790208, "Longitude": -98.390822261746223, "Description": "Facility Specifications\n\n. Total Space: 31,725 sq. ft.\n. Colocation Space: 1,458 sq. ft.\n. Ceiling height: 25'0\"\n. Available on-site parking\n. Loading dock\n\nEnvironmental\n\n. Temperature and humidity controlled\n. Monitored building management system\n. Fire suppression and smoke detection\n\nPower\n\n. DC Power\n. Generator and battery backup\n\nSecurity\n\n. Stringent, multi-layered security control procedures\n. Dual authentication system\n\nNetwork Features\n\n. Diverse fiber connectivity\n. NPA-NXX: (210)-386\n. Level 3 portfolio of services\n. Backhaul services, if needed\n. Alternate carrier networks available", "field_11": null, "field_12": null, "field_13": null, "field_14": null }, "geometry": { "type": "Point", "coordinates": [ -98.390822261746223, 29.475712235790208 ] } },
{ "type": "Feature", "properties": { "Data Center Name": "SATC Co-Location Services", "Address Name": "SATC Co-Location Services", "Street Number": "3463", "Street Name": "Magic Drive", "Zip code": 78229, "City": "San Antonio", "State": "Texas", "Lattitude": 29.50297242572482, "Longitude": -98.556892504073403, "Description": "Host with a datacenter that is reliable, secure, and affordable.\n\nOur services provide an economical solution for maintaining your data. Instead of building a dedicated data center in-house, you can store your servers on our premises.\n\nWe offer a highly secure environment that includes security cameras, fire detectors, multiple connections, filtered power and backup power generators 24/7.\n\nSATC Co-Location Services is conveniently located in the San Antonio Technology Center, near IH-10 and Loop 410.\n\nWhether you're a Fortune 500 or a 1 man show, we've got exactly what you need.\n\nFrom Colo to Cloud, we will design a solution for your needs.", "field_11": null, "field_12": null, "field_13": null, "field_14": null }, "geometry": { "type": "Point", "coordinates": [ -98.556892504073403, 29.50297242572482 ] } },
{ "type": "Feature", "properties": { "Data Center Name": "CityNAP", "Address Name": "CityNAP", "Street Number": "415", "Street Name": "N Main", "Zip code": 78205, "City": "San Antonio", "State": "Texas", "Lattitude": 29.428767253103974, "Longitude": -98.494180032912226, "Description": "CityNAP offers one of the most connected and security conscious facilities in San Antonio region. Besides power, ping and pipe our highly trained staff can provide a variety of services from setup, rack & stack, lights out, install, troubleshooting, gap analysis, pen testing along with compliance assistance. We recently did a number of upgrades and have space to turn-up a variety of configurations immediately.", "field_11": null, "field_12": null, "field_13": null, "field_14": null }, "geometry": { "type": "Point", "coordinates": [ -98.494180032912226, 29.428767253103974 ] } },
{ "type": "Feature", "properties": { "Data Center Name": "San Antonio Data Center", "Address Name": "Five 9s Digital, LLC", "Street Number": "8500", "Street Name": "Vicar Drive", "Zip code": 78218, "City": "San Antonio", "State": "Texas", "Lattitude": 29.513600768415049, "Longitude": -98.407328804073018, "Description": "Soon-to-be-vacant data center in San Antonio available for sale or lease. The building includes equipment and infrastructure. Excellent location with robust power and multiple fiber providers with proximity to Austin, Houston and Dallas. The data center is approximately 25,000 SF situated on 2.44 acres.", "field_11": null, "field_12": null, "field_13": null, "field_14": null }, "geometry": { "type": "Point", "coordinates": [ -98.407328804073018, 29.513600768415049 ] } },
{ "type": "Feature", "properties": { "Data Center Name": "TRG Houston One", "Address Name": "TRG Datacenters", "Street Number": "2626", "Street Name": "Spring Cypress Road", "Zip code": 77388, "City": "Spring", "State": "Texas", "Lattitude": 30.066074215927358, "Longitude": -95.459060132886705, "Description": "Strategically located top-notch facilities, rigorous organizational practices, and exceptional customer service delivers hassle-free operations that are backed by our management team’s 20-year 100% uptime track record. Enjoy our commitment to excellence.\n\nPurposefully built outside of the 500-year floodplain, and we then still built 3 feet above ground level. We maintained our 100% uptime throughout Harvey.\n\nBeing located near both the I-45 and I-99 makes our data center highly accessible by any part of Houston, and it's only a short drive to enjoy The Woodlands. That being said, with our Colo+ service you'll technically never have to visit, but you might want to.\n\nBased on data from the NOAA (National Oceanic Atmospheric Association) we have a 100% guarantee of survival given a worst case scenario, our building remains over-prepared by 145% compared to the theoretical max wind speed. Less can be said for data centers located downtown.\n\nOur facility uniquely features cutting-edge capabilities such as waterless cooling, indoor generators, and infinite fuel sources to provide the highest level of convenience, reliability and uptime for our clients.", "field_11": null, "field_12": null, "field_13": null, "field_14": null }, "geometry": { "type": "Point", "coordinates": [ -95.459060132886705, 30.066074215927358 ] } },
{ "type": "Feature", "properties": { "Data Center Name": "Stream DC Houston I - The Woodlands", "Address Name": "Stream Data Centers", "Street Number": "4001", "Street Name": "Technology Forest Blvd", "Zip code": 77381, "City": "The Woodlands", "State": "Texas", "Lattitude": 30.177842523365562, "Longitude": -95.486479304046341, "Description": "Stream's The Woodlands campus offers a master-planned office environment, with no proximity to industrial uses, rail lines or flight paths, and is located 30 miles north of Downtown and more than 75 miles from the Gulf Coast.\n\n\nHIGHLIGHTS:\n\n- 74,901 SF freestanding, purpose-built data center\n\n- Designed to withstand 185 mph winds and uplift\n\n- 7 days of on-site fuel storage at full load\n\n- 3 Private Data Center Suites, each with 10,000 SF of raised floor space\n\n- Each PDC Suite has independent infrastructure, no shared equipment, private A/B telco rooms and private Disaster Recovery office space\n\n- Secured perimeter security fence, K-4 crash rated controlled access points, 24/7 on-site security", "field_11": null, "field_12": null, "field_13": null, "field_14": null }, "geometry": { "type": "Point", "coordinates": [ -95.486479304046341, 30.177842523365562 ] } },
{ "type": "Feature", "properties": { "Data Center Name": "12231 North Fwy (IAH13)", "Address Name": "Digital Realty", "Street Number": "12231", "Street Name": "North Fwy", "Zip code": 77060, "City": "Houston", "State": "Texas", "Lattitude": 29.942677859019138, "Longitude": -95.416475904055773, "Description": null, "field_11": null, "field_12": null, "field_13": null, "field_14": null }, "geometry": { "type": "Point", "coordinates": [ -95.416475904055773, 29.942677859019138 ] } },
{ "type": "Feature", "properties": { "Data Center Name": "12235 North Fwy (IAH14)", "Address Name": "Digital Realty", "Street Number": "12235", "Street Name": "North Fwy", "Zip code": 77060, "City": "Houston", "State": "Texas", "Lattitude": 29.944554648051668, "Longitude": -95.416680061727462, "Description": null, "field_11": null, "field_12": null, "field_13": null, "field_14": null }, "geometry": { "type": "Point", "coordinates": [ -95.416680061727462, 29.944554648051668 ] } },
{ "type": "Feature", "properties": { "Data Center Name": "12001-12245 North Freeway (IAH11)", "Address Name": "Digital Realty", "Street Number": "12001-12245 ", "Street Name": "North Freeway", "Zip code": 77060, "City": "Houston", "State": "Texas", "Lattitude": 29.941778534627833, "Longitude": -95.417284132891695, "Description": "Digital Realty is the world's leading provider of premium data center solutions. Our clients and partners look to us to provide cloud-connected solutions that deliver the Right Workload, in the Right Place, at the Right Value. We simplify the process by delivering all that you need in a \"one-stop-shop\" of over 1,000 Network Service Providers.\n\nIT decision makers choose to take advantage of the largest ecosystem of world-class US, European, and APAC carriers, hosting physical connection points for the world's telecommunications networks and Internet backbones. Our solutions provide low latency access to financial exchange and applications providers, media and content\nproviders, Cloud, Platform-as-a-Service (PaaS), and Software-as-a-Service (SaaS) providers worldwide.", "field_11": null, "field_12": null, "field_13": null, "field_14": null }, "geometry": { "type": "Point", "coordinates": [ -95.417284132891695, 29.941778534627833 ] } },
{ "type": "Feature", "properties": { "Data Center Name": "12001 North Fwy (IAH10)", "Address Name": "Digital Realty", "Street Number": "12001", "Street Name": "North Fwy", "Zip code": 77060, "City": "Houston", "State": "Texas", "Lattitude": 29.941741347058141, "Longitude": -95.417294861727513, "Description": "Digital Realty's IAH10 Data Center, located at 12001 North Freeway in Houston, Texas, is a state-of-the-art facility designed to meet the diverse needs of modern IT strategies. This single-story building encompasses 50,000 square feet, including 30,000 square feet of raised floor space, providing ample room for scalable growth. It boasts an impressive 1,125 kW of UPS capacity per suite, ensuring uninterrupted power supply with N+1 redundancy for both power and cooling systems. The center is a model of sustainability, proudly certified LEED Gold and powered by 100% renewable energy sources. Security is paramount, with 24x7 onsite security personnel, CCTV with 90-day backup, and biometric/photo badge access controls.", "field_11": null, "field_12": null, "field_13": null, "field_14": null }, "geometry": { "type": "Point", "coordinates": [ -95.417294861727513, 29.941741347058141 ] } },
{ "type": "Feature", "properties": { "Data Center Name": "Digital Houston Campus", "Address Name": "Digital Realty", "Street Number": "12001-12245 ", "Street Name": "North Fwy", "Zip code": 77060, "City": "Houston", "State": "Texas", "Lattitude": 29.941694862576458, "Longitude": -95.417316319399205, "Description": null, "field_11": null, "field_12": null, "field_13": null, "field_14": null }, "geometry": { "type": "Point", "coordinates": [ -95.417316319399205, 29.941694862576458 ] } },
{ "type": "Feature", "properties": { "Data Center Name": "Data Foundry- Houston 2", "Address Name": "Data Foundry", "Street Number": "660", "Street Name": "Greens Pkwy", "Zip code": 77067, "City": "Houston", "State": "Texas", "Lattitude": 29.945299830347519, "Longitude": -95.424254261727441, "Description": "Data Foundry is a privately held company headquartered in Austin, Texas that provides data center colocation, disaster recovery and managed services for enterprise customers across a variety of industries including energy, healthcare and financial services. The company's premier data centers are supported by experienced onsite technicians, security staff and customer support 24 X 7 X 365. Founded in 1994, Data Foundry was one of the first 50 Internet Service Providers in the United States. Today, Data Foundry owns and operates purpose-built, carrier-neutral data centers in Texas and operates a global network with colocation presences for deployments worldwide. For more information, visit www.datafoundry.com or call 1.888.839.2794.", "field_11": null, "field_12": null, "field_13": null, "field_14": null }, "geometry": { "type": "Point", "coordinates": [ -95.424254261727441, 29.945299830347519 ] } },
{ "type": "Feature", "properties": { "Data Center Name": "Skybox Houston One", "Address Name": "Skybox Datacenters", "Street Number": "22000", "Street Name": "Franz Road", "Zip code": 77449, "City": "Houston", "State": "Texas", "Lattitude": 29.8029551144054, "Longitude": -95.755842661733155, "Description": "Skybox Datacenters builds and operates world-class data center facilities for enterprise grade users with ultra-low latency connectivity and mission critical resiliency as a core focus of our platform. Each Skybox facility is uniquely crafted to its particular market and the demands of its users.", "field_11": null, "field_12": null, "field_13": null, "field_14": null }, "geometry": { "type": "Point", "coordinates": [ -95.755842661733155, 29.8029551144054 ] } },
{ "type": "Feature", "properties": { "Data Center Name": "Netrality - 1301 Fannin", "Address Name": "Netrality", "Street Number": "1301", "Street Name": "Fannin Street", "Zip code": 77002, "City": "Houston", "State": "Texas", "Lattitude": 29.753403418414262, "Longitude": -95.36576363289926, "Description": "CONNECTIVITY\n´ Carrier-neutral, building-owned and managed Meet Me Room\n´ No monthly recurring cross connect fees\n´ Metro dark fiber, long haul transport and cable providers\nINFRASTRUCTURE\n´ 200mph wind-rated windows\n´ 18\" raised flooring\n´ 16' ceiling heights\n´ Reinforced structure in place for generator plan expansion\n´ Traditional office space for disaster recovery or trading floor applications\navailable\n´ Abundant fiber connections\nCOOLING\n´ 2,400 tons of N+1 redundant chilled water capacity backed up by fully\nredundant cooling towers\n100G DWDM CAPABLE IN MEET ME ROOM\n´ Reduces network operating expenses\n´ Adds redundancy and route diversity\n´ Avoids multiple points of failure\nELECTRICAL\n´ Two Diverse electrical feeds from Polk St. substation (redundancy)\n´ Eight 3,000 KVA transformers and one 2,000 KVA (26 megawatts of\nincoming power)\n´ 2,000 KVA UPS system (supports all building systems & Tenant critical\nloads)\n´ Nine 1,040-2,000 KW diesel generators synchronized by parallel\nswitching systems in two separate generator farms\n´ 65,000 gallon fuel supply for backup generators, consisting of a 60,000\ngallon underground tank and 5,000 gallons in day tanks throughout the\nbuilding\nSECURITY\n´ 24-7 manned security, with camera surveillance and multiple secure\npoints of entry\n´ 24-7 mechanical engineering staff on site\nAMENITIES\n´ Tenant meetings and conference rooms available\n´ Luby's Cafeteria and fitness center with showers", "field_11": null, "field_12": null, "field_13": null, "field_14": null }, "geometry": { "type": "Point", "coordinates": [ -95.36576363289926, 29.753403418414262 ] } },
{ "type": "Feature", "properties": { "Data Center Name": "EdgeConneX Houston", "Address Name": "EdgeConneX", "Street Number": "1510", "Street Name": "Prime West Parkway", "Zip code": 77449, "City": "Katy", "State": "Texas", "Lattitude": 29.794710281146912, "Longitude": -95.744869890569305, "Description": "StratITsphere, a technology services company based in the Houston area, invested $15 million to renovate a warehouse in Katy into a new company headquarters and state-of-the-art data center. And that’s just the first phase of the project the company unveiled today.\n\n“Texas, especially in the Houston area, has a robust economy and a great environment for business,” said Stephen Webster, president and CEO of StratITsphere. “This is the right time and the right place to invest in the future.”\n\nThe company will move from its offices in Humble to the 94,000-square-foot facility at 1510 Primewest Parkway in January. StratITsphere plans to invest additional millions to build out the facility over the next five years.\n\nThe first phase of development will create 10 jobs in 2011 with an annual payroll of $1 million, Webster said. The employee base will grow to 35 during the next five years.\n\nThe building represents the highest quality of data center that can be built. A data center provides a secure off-site location for companies to store their most important computer equipment and data, Webster said.\n\nThe site offers 24-hour manned security and advanced physical safeguards like video surveillance equipment and biometric locks to keep equipment and data secure, he said. In the event of an emergency, the site has generators, showers, kitchens and other amenities that allow it to operate independently from the outside world for up to six days. It also has multiple internet connections to guarantee clients can access their systems and data and keep their businesses open.\n\n“If you have to evacuate for a hurricane and your systems are in our facility, you can run your business by pulling into a Starbucks and opening up your laptop,” Webster explained. Clients also can set up shop or camp out in data center if their respective offices are unusable.\n\nMost companies can’t afford or justify the expense to build and maintain such facilities on their own, so there is great demand to rent space from firms like StratITsphere, Webster said. Nationally, demand for such services is outpacing available supply by a 3-1 ratio.\n\nAlong with the data center, StratITsphere offers IT infrastructure and security consulting to Fortune 500 companies, including many energy companies based in Houston.\n\n“Most companies don’t get the full benefit from the millions of dollars they spend on computers and technology because they don’t know exactly what they should buy, or they don’t know how to use all the capabilities they’ve purchased,” Webster said. “We help them on both counts, and help them secure their systems so a low-level employee can’t post company secrets on WikiLeaks.”", "field_11": null, "field_12": null, "field_13": null, "field_14": null }, "geometry": { "type": "Point", "coordinates": [ -95.744869890569305, 29.794710281146912 ] } },
{ "type": "Feature", "properties": { "Data Center Name": "DataBank HOU1 - Westway Park I", "Address Name": "DataBank", "Street Number": "5150", "Street Name": "Westway Park Blvd", "Zip code": 77041, "City": "Houston", "State": "Texas", "Lattitude": 29.844282304982766, "Longitude": -95.555118390567287, "Description": "162,000 sq. ft. data center / 112,000 sq. ft. of raised white floor\n- SSAE 16 (SOC I type II), PCI DSS (sec 9 & 12), HIPAA, ISO 27001, FISMA, TIA 942 Class 4\n- High Performance Computing (HPC) capable, supports 250 watts per square foot with the ability to support over 1,000 wpsf\n- Efficient, divisible floor plates\n- Extra layer of physical security including hurricane shutters, extra diesel on-site, outside of flood zone\n- Carrier-neutral, as well as dark-fiber connectivity option\n- Part of CyrusOne Texas IX (Internet Exchange)\n- 100% uptime service level agreement on power\n- Oil and gas, as well as healthcare and medical colocation options.\n- 24 x 7 On-site Security", "field_11": null, "field_12": null, "field_13": null, "field_14": null }, "geometry": { "type": "Point", "coordinates": [ -95.555118390567287, 29.844282304982766 ] } },
{ "type": "Feature", "properties": { "Data Center Name": "FIBERTOWN - Houston, Texas", "Address Name": "FIBERTOWN", "Street Number": "12031", "Street Name": "North Freeway", "Zip code": 77067, "City": "Houston", "State": "Texas", "Lattitude": 29.943157558794713, "Longitude": -95.417310590563361, "Description": "Since 1997, FIBERTOWN has delivered fault tolerant colocation and disaster recovery solutions out of its data centers and business continuity campus in Bryan/College Station. The unique service aisle design, 100% uptime guarantee, and superior service have created raving fans and loyal customers of Fortune 500 organizations and mid-size companies along the Gulf Coast.\n\nIn 2011, FIBERTOWN joined forces with Digital Realty Trust - a recognized name in data center design - to expand operations into Houston. The new state-of-the-art, 30,000 sq.ft. colocation facility in North Houston features the latest in modular data center design, high-performance 2N redundancy, and carrier-neutral connectivity.\n\nCompanies also trust FIBERTOWN to design, build and manage business continuity worksites, ready to activate at a moment's notice. Disaster recovery procedures are crucial to organizations along the Gulf Coast. When business must go on, FIBERTOWN's DR office space solutions make sustaining operations quick, secure and reliable.\n\nFIBERTOWN's SASE 16I certified data center and award-winning DR office space offer clients a carrier neutral, one-stop shop for best-in-class technology and amenities to support business continuity needs.", "field_11": null, "field_12": null, "field_13": null, "field_14": null }, "geometry": { "type": "Point", "coordinates": [ -95.417310590563361, 29.943157558794713 ] } },
{ "type": "Feature", "properties": { "Data Center Name": "DataBank HOU5 - Houston Galleria", "Address Name": "DataBank", "Street Number": "4201", "Street Name": "Southwest Freeway", "Zip code": 77027, "City": "Houston", "State": "Texas", "Lattitude": 29.728201609410938, "Longitude": -95.445061275228568, "Description": "Previously owned by CyrusOne and known as CyrusOne Houston - Galleria. Acquired by DataBank in 2022, along with three other CyrusOne data centers in Texas (West I, West II and West III, located on the Westway Park Boulevard Campus).\n\n- 125,000 sq feet campus\n- 81,000 sq feet rwf space\n- 42.5 MW of power available\n- Efficient and Divisible Floor Plates\n- 24 X 7 onsite security\n- 2N Architecture\n- 12 Generators\n- Multiple Fuel Tanks\n- Multiple UPS and PDUs\n- Closed Loop Water System\n- Redundant CRAC Units\n- TW Telecom, AboveNet, Phonoscope\n- Backbone Carrier Network Metro Building Fiber: AboveNet, Airband, Alpheus, AT&T, Cogent, Comcast, Phonoscope, TW Telecom, Verizon, Yipes\n- Redundant Dark Fiber, Gig-E Wireless\n- WAN Backbone\n- Technical Staff On-Site 24x 7 x 365", "field_11": null, "field_12": null, "field_13": null, "field_14": null }, "geometry": { "type": "Point", "coordinates": [ -95.445061275228568, 29.728201609410938 ] } },
{ "type": "Feature", "properties": { "Data Center Name": "1001 Texas Data Center", "Address Name": "1001 Texas Data Center", "Street Number": "1001", "Street Name": "Texas Ave.", "Zip code": 77002, "City": "Houston", "State": "Texas", "Lattitude": 29.760135685660703, "Longitude": -95.362112732899007, "Description": "SERVER HOSTING AND DATA CENTER FACILITIES\n1001 Texas provides state of the art hosting and data center facilities allowing customers to host their equipment within its secure premises. 1001 Texas has 2 state of the art Data Centers within 1001 Texas Ave.\n\nThe facilities are purpose build, and have been designed with fully redundant systems:\n\nSecurity\n. Solid reinforced walls with storm shuttered windows.\n. Premises manned 24/7\n. Reinforced steel doors\n. Tag and PIN entry system with logging\n. CCTV cameras monitoring all aisles and entry points\n. Intrusion detection\n\nPower\n. Onsite electrical substation\n. 2 separate banks of UPS's providing each rack with 2 independent feeds\n. Onsite generator\n\nEnvironmental\n. Fully redundant temperature control system\n. Remote notification of temperature and humidity variation\n\nFire Protection\n. FM200 gas suppression system\n. HSSD early detection system\n. Fire detection remote notification and alarm\n\nMonitoring\n. All systems are monitored from the operations center on a 24/7 basis by engineers onsite to immediately respond to any anomalies.\n\nTelecommunications infrastructure\n. Telecommunications to this building is provided by multiple fiber rings entering the premises at geographically diverse points.", "field_11": null, "field_12": null, "field_13": null, "field_14": null }, "geometry": { "type": "Point", "coordinates": [ -95.362112732899007, 29.760135685660703 ] } },
{ "type": "Feature", "properties": { "Data Center Name": "DataBank HOU2 - Westway Park II", "Address Name": "DataBank", "Street Number": "5170", "Street Name": "Westway Park Blvd", "Zip code": 77041, "City": "Houston", "State": "Texas", "Lattitude": 29.844349046885672, "Longitude": -95.556652532895598, "Description": "DataBank offers the largest footprint of metros and datacenters in the U.S. capable of putting your workloads within 50 miles of half the population.\n\nDataBank’s HOU2 data center is located on their Westway Park Campus, 20 mins west of downtown Houston, just off Beltway 8 between I-10 and 290. This prime location ensures easy accessibility for clients and optimal connectivity, essential for high-performance data operations. With its robust infrastructure and strategic placement, DataBank’s HOU2 data center offers unparalleled reliability and efficiency for businesses seeking top-tier hosting solutions in the heart of Houston’s tech hub.", "field_11": null, "field_12": null, "field_13": null, "field_14": null }, "geometry": { "type": "Point", "coordinates": [ -95.556652532895598, 29.844349046885672 ] } },
{ "type": "Feature", "properties": { "Data Center Name": "DataBank HOU3 - Westway Park III", "Address Name": "DataBank", "Street Number": "11003", "Street Name": "Corporate Centre Dr", "Zip code": 77041, "City": "Houston", "State": "Texas", "Lattitude": 29.844246095054281, "Longitude": -95.560429105910728, "Description": "DataBank offers the largest footprint of metros and datacenters in the U.S. capable of putting your workloads within 50 miles of half the population.\n\nDataBank’s HOU3 data center is located on their Westway Park Campus, 20 mins west of downtown Houston, just off Beltway 8 between I-10 and 290. It provides scalable, redundant power feeds and is located along a major fiber corridor providing access to the fastest and most reliable telecommunications networks in Houston. This strategic location ensures optimal connectivity for businesses seeking robust network infrastructure. With its scalable power and prime fiber connectivity, DataBank’s HOU3 data center offers a secure and high-performance environment, meeting the demands of today’s digital landscape while fostering growth for tomorrow.", "field_11": null, "field_12": null, "field_13": null, "field_14": null }, "geometry": { "type": "Point", "coordinates": [ -95.560429105910728, 29.844246095054281 ] } },
{ "type": "Feature", "properties": { "Data Center Name": "Cogent Data Center - Houston", "Address Name": "Cogent Communications, Inc.", "Street Number": "12061", "Street Name": "North Frwy", "Zip code": 77060, "City": "Houston", "State": "Texas", "Lattitude": 29.944151551677717, "Longitude": -95.416397675219898, "Description": "On-Net Products\n- IP Transit\n- Ethernet Transport Service\n\nStandard Rack Configuration\n- 42U APC Cabinets (Model: AR3100).\n- Power extra (110v/20amp or 2x110v/20amp is standard)\n\nCarrier Availability\n- AT&T\n- ICTX\n\nFacilities\n- 27,460 square feet of non-raised floor colocation space\n- Custom cages available\n\nSecurity\n- C*CURE Software House card reader/access badge system (6 card readers total)\n- Entrance into data center requires HID card swipe and unique PIN code\n- 5 IP cameras in use w/ 24/7 monitoring & recording capabilities to Cogent NOC; 1 at main entrance\n- Security guard patrols the complex parking lot 24X7\n\nUPS Systems\n- 1 160kVA Liebert NX Unit\n- 1 100kVA Schneider Electric / MGE UPS Unit\n\nBattery Room\n- 40 UPS Batteries for Liebert\n- 36 UPS Batteries for MGE\n\nGenerator Systems\n- 2 Onan/Cummins Diesel Generators, 1500kW\n- 2500 gallon diesel storage tank for each generator\n- 2 2000 Amp Automatic Transfer Switches\n\nHVAC\n- 17 - 30 ton Liebert HVAC units with rooftop condensers\n\nElectrical/Fire/Monitoring\n- 480v 3-phase utility feed - 4,000 amps\n- Liebert PDU\n- 3 4400 Amp Lorain DC Systems, 24 Lorain BDFB's\n- Fire suppression & detection system consists of heat detectors, smoke heads and a preaction sprinkler system", "field_11": null, "field_12": null, "field_13": null, "field_14": null }, "geometry": { "type": "Point", "coordinates": [ -95.416397675219898, 29.944151551677717 ] } },
{ "type": "Feature", "properties": { "Data Center Name": "CyrusOne Houston (Greenspoint)", "Address Name": "CyrusOne Data Centers", "Street Number": "12085", "Street Name": "North Freeway", "Zip code": 77060, "City": "Houston", "State": "Texas", "Lattitude": 29.944499417918195, "Longitude": -95.41742739056329, "Description": "CyrusOne (NASDAQ: CONE) specializes in highly reliable enterprise-class, carrier-neutral data center properties. The company provides mission-critical data center facilities that protect and ensure the continued operation of IT infrastructure for more than 500 customers, including nine of the global Fortune 20 and more than 100 of the Fortune 1000 companies.\n\nCyrusOne’s data center offerings provide the flexibility, reliability, and security that enterprise customers require and are delivered through a tailored, customer service-focused platform designed to foster long-term relationships. CyrusOne's internet interconnection platform provides robust connectivity options for enterprises, content, and telecommunications companies. CyrusOne is committed to full transparency in communication, management, and service delivery throughout its 25 data centers worldwide.", "field_11": null, "field_12": null, "field_13": null, "field_14": null }, "geometry": { "type": "Point", "coordinates": [ -95.41742739056329, 29.944499417918195 ] } },
{ "type": "Feature", "properties": { "Data Center Name": "Cogent Data Center - Houston 2", "Address Name": "Cogent Communications, Inc.", "Street Number": "8902", "Street Name": "Point Six Circle", "Zip code": 77095, "City": "Houston", "State": "Texas", "Lattitude": 29.906588576443927, "Longitude": -95.626017832893154, "Description": null, "field_11": null, "field_12": null, "field_13": null, "field_14": null }, "geometry": { "type": "Point", "coordinates": [ -95.626017832893154, 29.906588576443927 ] } },
{ "type": "Feature", "properties": { "Data Center Name": "Data Foundry - Houston 1", "Address Name": "Data Foundry", "Street Number": "5555", "Street Name": "San Felipe\nSuite 625", "Zip code": 77056, "City": "Houston", "State": "Texas", "Lattitude": 29.74941226399217, "Longitude": -95.471581232899439, "Description": "The premier data center resource for the Gulf Coast community, Data Foundry's Houston Data Center (HDC) is one of the largest fiber meet-me-rooms in Houston, incorporating several network providers into its facility, and offering companies a wide range of options including a managed internet offering across multiple providers. N+1 Power Configurations supported by multiple fuel sources, including natural gas and diesel, provide excellent system redundancy and reliability. HDC, which has undergone a number of major capital improvements in the past two years, has been operated by Data Foundry since 1997.\n\nData Foundry has been providing data center outsourcing, colocation and disaster recovery services since 1994, supporting thousands of customers across a wide variety of businesses including energy, financial services, healthcare, high performance computing firms, as well as hosting service providers and technology companies.", "field_11": null, "field_12": null, "field_13": null, "field_14": null }, "geometry": { "type": "Point", "coordinates": [ -95.471581232899439, 29.74941226399217 ] } },
{ "type": "Feature", "properties": { "Data Center Name": "Equinix HO1", "Address Name": "Equinix", "Street Number": "1515", "Street Name": "Aldine Meadows Road", "Zip code": 77032, "City": "Houston", "State": "Texas", "Lattitude": 29.936029654429831, "Longitude": -95.364309004056068, "Description": "HO1 IBX Data Centre is located in the Greater Houston area and is the ideal location for energy, oil and gas, and production firms.", "field_11": null, "field_12": null, "field_13": null, "field_14": null }, "geometry": { "type": "Point", "coordinates": [ -95.364309004056068, 29.936029654429831 ] } },
{ "type": "Feature", "properties": { "Data Center Name": "Verizon Houston", "Address Name": "Verizon Communications Inc.", "Street Number": "2401", "Street Name": "Portsmouth Street", "Zip code": 77098, "City": "Houston", "State": "Texas", "Lattitude": 29.73319182405768, "Longitude": -95.417054861735934, "Description": "Switched and dedicated access to transport facilities via cost-effective, high-capacity metropolitan and long-haul XO network facilities\n\nGreat performance and reliability, while reducing your total operating costs\nXO provides and installs cabinets and cages. Cages come complete with locking door and ladder racking above. Cabinets come with fans and locking doors. Installation is charged per cabinet or cage space. Power is sold separately.\n\nDirect access to the XO network and services.\n\nFeatures & Benefits:\n\nColocation facilities with customized design, expedient implementation, AC or DC power, back-up power supplies, temperature and humidity controls, and fire suppression systems\n\nLarge nationwide footprint with locations in prime metropolitan areas\n\n24x7 Technical Services available on a time-used basis to support your equipment\n\n24x7 on-site physical security, including motion detectors, security cameras, individually locking cabinets and cages and card-key access in select locations\n\n24x7 monitoring of network services\n\n24-hour access (with security escort where necessary)\n\nDirect access to the XO multi-terabit backbone network\n", "field_11": null, "field_12": null, "field_13": null, "field_14": null }, "geometry": { "type": "Point", "coordinates": [ -95.417054861735934, 29.73319182405768 ] } },
{ "type": "Feature", "properties": { "Data Center Name": "Lumen Houston 1", "Address Name": "Lumen", "Street Number": "12001 1-45 ", "Street Name": "North", "Zip code": 77003, "City": "Houston", "State": "Texas", "Lattitude": 30.137002136326881, "Longitude": -95.372890419201894, "Description": "Facility Specifications\n. Total Space: 51,300 sq. ft.\n. Colocation Space: 14,816 sq. ft.\n. Ceiling height: 30'0\"\n. N+1HVAC configuration\n. Loading dock\n. Available on-site parking\n. SSAE 16 Type 2 SOC 1\n. PCI DSS\n\nEnvironmental\n. Temperature and humidity controlled\n. Monitored building management system\n. Fire suppression and smoke detection\n\nPower\n. AC and DC Power\n. Generator, UPS, and battery backup\n\nSecurity\n. Stringent, multi-layered security control procedures\n. Dual authentication system\n\nNetwork Features\n. Diverse fiber connectivity\n. NPA-NXX: (281)-618\n. Level 3 portfolio of services\n. Backhaul services, if needed\n. Alternate carrier networks available", "field_11": null, "field_12": null, "field_13": null, "field_14": null }, "geometry": { "type": "Point", "coordinates": [ -95.372890419201894, 30.137002136326881 ] } },
{ "type": "Feature", "properties": { "Data Center Name": "Energy Transfer Data Center", "Address Name": "Energy Transfer", "Street Number": "7210", "Street Name": "Ardmore", "Zip code": 77054, "City": "Houston", "State": "Texas", "Lattitude": 29.693476575163583, "Longitude": -95.380932461737473, "Description": "The Southern Union Data Center, a Tier III design, SSAE16-compliant data center located 5 miles south of downtown Houston, Texas, provides co-location data center services to small, medium and large companies.\n\nOur existing customers have found the Southern Union Data Center is a cost-effective alternative to building their own computer rooms or data centers. Raised data center space, which includes power, cooling and secured access is available now for a monthly fee.", "field_11": null, "field_12": null, "field_13": null, "field_14": null }, "geometry": { "type": "Point", "coordinates": [ -95.380932461737473, 29.693476575163583 ] } },
{ "type": "Feature", "properties": { "Data Center Name": "Lumen Houston 3", "Address Name": "Lumen", "Street Number": "2300", "Street Name": "Lyons Avenue", "Zip code": 77020, "City": "Houston", "State": "Texas", "Lattitude": 29.771565164390186, "Longitude": -95.345959190570213, "Description": "Facility Specifications\n. Total Space: 23,870 sq. ft.\n. Colocation Space: 7,877 sq. ft.\n. Ceiling height: 21?\"\n. N+1HVAC configuration\n. Available on-site parking\n\nEnvironmental\n. Temperature and humidity controlled\n. Monitored building management system\n. Fire suppression and smoke detection\n\nPower\n. AC and DC Power\n. Generator and battery backup\n\nSecurity\n. Stringent, multi-layered security control procedures\n\nNetwork Features\n. Diverse fiber connectivity\n. NPA-NXX: (832)-553\n. Level 3 portfolio of services\n. Backhaul services, if needed\n. Alternate carrier networks available", "field_11": null, "field_12": null, "field_13": null, "field_14": null }, "geometry": { "type": "Point", "coordinates": [ -95.345959190570213, 29.771565164390186 ] } },
{ "type": "Feature", "properties": { "Data Center Name": "Crown Castle Houston (TX1)", "Address Name": "CROWN CASTLE", "Street Number": "801", "Street Name": "Louisiana St", "Zip code": 77002, "City": "Houston", "State": "Texas", "Lattitude": 29.759649816669494, "Longitude": -95.366282432899013, "Description": "Crown Castle owns and operates approximately 80,000 route miles of fiber supporting small cells and fiber solutions across every major US market. We have 900+ connected datacenters and 100+ colocation facilities including regen huts and pedestals. Our colocation centers offer full connectivity to the Crown Castle metro and long-haul optical network, providing fully managed, high capacity and scalable Ethernet, Wavelength and Internet services. With dual entrances into the building, Crown Castle is able to support diversity with network services as well as entrance facilities for our customers. This is also a carrier neutral facility, which enables connectivity to diverse providers.\n\nCrown Castle offers additional colocation facilities throughout the United States. Check our website for further details.", "field_11": null, "field_12": null, "field_13": null, "field_14": null }, "geometry": { "type": "Point", "coordinates": [ -95.366282432899013, 29.759649816669494 ] } },
{ "type": "Feature", "properties": { "Data Center Name": "LOGIX FIBER NETWORKS KATY #1", "Address Name": "LOGIX FIBER NETWORKS", "Street Number": "1510", "Street Name": "Primewest Parkway, Energy Corridor", "Zip code": 77449, "City": "Katy", "State": "Texas", "Lattitude": 29.794673038718681, "Longitude": -95.744848432897598, "Description": "Logix's data center in the Energy Corridor of Houston is a premier facility conveniently located 25 miles from downtown Houston, within 2 miles of Interstate 10. This data center provides resilient, high-availability infrastructure for mission-critical enterprise solutions and is supported by multi-carrier bandwidth options.\n\nStrategic location and facility:\n. Facility rated for sustained 135 miles per hour winds\n. Outside of the 500 year floodplain\n. 20-mile radius outside of any chemical or flammable plants\n. Outside of airplane flight paths\n. In Houston's Energy Corridor\n\nKey Features:\n. SSAE 18 Type II SOC 2\n. 36-inch industrial-grade, reinforced raised floors\n. Dedicated mechanic isles - not in the same suite as server racks\n. Fully redundant HVAC systems per data center POD\n. Chilled water back-up system with 13,000 gallon tank\n. A/B diverse power feed and A/B power to the rack\n. Pre-action, dry pipe zoned sprinkler system\n. 24x7x365 armed security, monitoring and disaster prevention\n. PIN Code and Vein biometric Readers\n. Back-up site for disaster recovery in Austin or Dallas\n. Cloud and cloud connect services to AWS and Azure\n\n\nNetwork Connectivity:\n. Diverse and redundant fiber routes\n. High-availability, scalable bandwidth\n. Connectivity to multiple carriers\n\nFlexible Options\n. Full and half racks\n. Private cages\n. Flexible power configurations\n\nMore than Just a Data Center Provider\nLOGIX owns and operates the largest independent fiber networks in Texas and our data centers are all on-net to the Logix fiber network. Logix has an extensive metro/regional fiber footprint covering major Texas cities. We serve some of the fastest-growing markets in the U.S. - Dallas/Ft. Worth, Austin, Houston, San Antonio and South Texas, including Corpus Christi, Laredo, McAllen, and Harlingen. Our resilient fiber network features diverse architecture and our facilities are fully redundant in all critical infrastructure. Logix's statewide network of data centers ensures your systems will always be online.\n\nResilient Data Center and Network Services from a Single Provider\n\nOur bundled network and data center delivery model provides a better way to achieve security, reliability,\n. scalability, and value for:\n. Private, Public, and Hybrid Cloud Solutions\n. Enterprise Applications\n. Production Data Sites\n. Disaster Recovery Solutions\n. Database Replication\n. Network Hub Sites\n. Websites\n. Software-as-a-Service (SaaS) Applications\n. IT Operations Infrastructure", "field_11": null, "field_12": null, "field_13": null, "field_14": null }, "geometry": { "type": "Point", "coordinates": [ -95.744848432897598, 29.794673038718681 ] } },
{ "type": "Feature", "properties": { "Data Center Name": "Evocative - INAP Houston", "Address Name": "Evocative Data Centers", "Street Number": "1301", "Street Name": "Fannin St", "Zip code": 77022, "City": "Houston", "State": "Texas", "Lattitude": 29.753422047305154, "Longitude": -95.365752904063413, "Description": "Previously known as Internap Houston and later INAP Houston. Acquired by Evocative in 2022.\n\n-----------------------\n\nInternap Corporation (NASDAQ: INAP) is a leading-edge provider of high-performance data center and cloud solutions with over 100 network Points of Presence worldwide. INAP's full-spectrum portfolio of high-density colocation, managed cloud hosting and network solutions supports evolving IT infrastructure requirements for customers ranging from the Fortune 500 to emerging startups. INAP operates in 21 metropolitan markets, primarily in North America, with data centers connected by a low-latency, high-capacity fiber network. INAP has over one million gross square feet in its portfolio, with approximately 600,000 square feet of sellable data center space.\nFor more information, visit www.INAP.com.", "field_11": null, "field_12": null, "field_13": null, "field_14": null }, "geometry": { "type": "Point", "coordinates": [ -95.365752904063413, 29.753422047305154 ] } },
{ "type": "Feature", "properties": { "Data Center Name": "Lumen, 1124 Hardy Rd", "Address Name": "Lumen", "Street Number": "1124", "Street Name": "Hardy Rd", "Zip code": 77020, "City": "Houston", "State": "Texas", "Lattitude": 29.771418290043268, "Longitude": -95.35098410406269, "Description": null, "field_11": null, "field_12": null, "field_13": null, "field_14": null }, "geometry": { "type": "Point", "coordinates": [ -95.35098410406269, 29.771418290043268 ] } },
{ "type": "Feature", "properties": { "Data Center Name": "Lumen Houston 2", "Address Name": "Lumen", "Street Number": "7060", "Street Name": "Empire Central Dr", "Zip code": 77040, "City": "Houston", "State": "Texas", "Lattitude": 29.874300000564901, "Longitude": -95.545710961730293, "Description": null, "field_11": null, "field_12": null, "field_13": null, "field_14": null }, "geometry": { "type": "Point", "coordinates": [ -95.545710961730293, 29.874300000564901 ] } },
{ "type": "Feature", "properties": { "Data Center Name": "Lumen, 3939 Corporate Dr", "Address Name": "Lumen", "Street Number": "5959", "Street Name": "Coprporate Drive", "Zip code": 77036, "City": "Houston", "State": "Texas", "Lattitude": 29.713312484125257, "Longitude": -95.550469490572567, "Description": null, "field_11": null, "field_12": null, "field_13": null, "field_14": null }, "geometry": { "type": "Point", "coordinates": [ -95.550469490572567, 29.713312484125257 ] } },
{ "type": "Feature", "properties": { "Data Center Name": "LOGIX FIBER NETWORKS Houston #2", "Address Name": "LOGIX FIBER NETWORKS", "Street Number": "811", "Street Name": "Louisiana (Downtown)", "Zip code": 77002, "City": "Houston", "State": "Texas", "Lattitude": 29.759405713996507, "Longitude": -95.366742061734897, "Description": "The LOGIX FIBER NETWORKS data center at 811 Louisiana in Houston, Texas offers unique, world-class colocation space conveniently located in the heart of downtown Houston to serve enterprise customers located in the greater Houston Metroplex.\n\nThe 811 Louisiana data center is only one city block from the Logix fiber network hub at 1010 Travis, and is interconnected with it on a high capacity DWDM system. This redundant fiber facility gives Logix colocation customers remarkable network access to extremely reliable, low latency connectivity to users across the city and throughout the state, including connections to redundant Logix data center facilities located in Austin and Dallas.\n\nThis Logix data center features a multiple carrier Internet backbone, backup diesel generators, several gigabits of local loop to the Internet, state-of-the-art environmental controls, and numerous security systems.\n\nKey Features\n. Fully redundant power systems including dual 600Amp 480V electrical grid services, four 125 KVA PDUs, dual 360 KVA UPS's and dual 400Kw diesel generators\n. Fully redundant HVAC system for controlled temperature and humidity\n. Industrial grade reinforced floors with 5500 SF of 18\" raised floor colocation space\n. Strategically located in downtown Houston\n. 24x7x365 card key and biometric secure access with critical facility monitoring for disaster prevention\n. Flexible space and power configurations including colocation cabinets, cages and private suites\n. Metropolitan Area Networking and Wide Area Networking solutions to reliably access remote sites and remote users", "field_11": null, "field_12": null, "field_13": null, "field_14": null }, "geometry": { "type": "Point", "coordinates": [ -95.366742061734897, 29.759405713996507 ] } },
{ "type": "Feature", "properties": { "Data Center Name": "24 Hour Data", "Address Name": "24 Hour Data", "Street Number": "723", "Street Name": "Main Street, STE 400", "Zip code": 77002, "City": "Houston", "State": "Texas", "Lattitude": 29.758465189045214, "Longitude": -95.363332961734898, "Description": "24 Hour Data is a leading data recovery company with locations throughout Texas. In Houston, we partner with local businesses, IT departments and computer repair shops to offer fast and secure data recovery.\n\nWe can work with your company on a disaster recovery plan or simply be a phone call away when your backup fails and you need comprehensive data recovery.", "field_11": null, "field_12": null, "field_13": null, "field_14": null }, "geometry": { "type": "Point", "coordinates": [ -95.363332961734898, 29.758465189045214 ] } },
{ "type": "Feature", "properties": { "Data Center Name": "Quasar Data Center", "Address Name": "Quasar Data Center", "Street Number": "1001", "Street Name": "Texas St. 310", "Zip code": 77002, "City": "Houston", "State": "Texas", "Lattitude": 29.760097858028423, "Longitude": -95.362090546391443, "Description": "Quasar Data Center is a Preferred collocation facility with a Tier I POP connected directly to the\nInternet via a Settlement Free interconnection.\nQuasar offers a wide range of 24/7 services\nfrom co-location, multiple server hosting, virtual networking, bare metal backup and other\nnetwork services including re-selling bandwidth, hardware and software. We have dual power\ngrids that sustained Quasar through Hurricane Ike where we never lost power or had to operate\nour diesel generator. Quasar can provide customers with premium bandwidth through NTT,\nwhich is a Tier I POP, connected directly to the Internet via a Settlement Free interconnection or\nless expensive Tier I bandwidth through Cogent. We are bandwidth carrier neutral. We are in\nthe process of expanding our operational infrastructure to service more customers and look\nforward to seeing how we can meet your business needs.\nFacility Size: 8500, Facility Classification: Tier II, NOC hours 24/7/365\nNumber Of Fiber Connections: 3 redundant\nCurrent Fiber Providers: 3-redundant, Carrier Neutral\nPower Capacity: Dual Centerpoint power grids 480 volts, 1200 amp main breaker\nUPS: 210 KVa\nBackup Power: 750 Kw with 1200 amp transfer switch\nFire Suppression: FM-200\nRouters (Type/Brand/Network Topology: Cisco 6509\nSAS 70 II Certification\nHVAC Capacity (Ton per sqft / redundant): 4 - 18 ton HVAC units. Plus 2 - 9 ton HVAC, and 2\n- 10 ton HVAC to support Tier I POP\nRemote Hands: 6 at $139.95 per hour\nUptime SLA %: 99.99\nSecurity: Continuous video surveillance from NOC, key card access, cabinet key and\ncombination locks, plus cage space and 24-hour manned building security\nThermal Mitigation Strategy: Raised floors/ Typical Building Seismic Status: R6", "field_11": null, "field_12": null, "field_13": null, "field_14": null }, "geometry": { "type": "Point", "coordinates": [ -95.362090546391443, 29.760097858028423 ] } },
{ "type": "Feature", "properties": { "Data Center Name": "LOGIX FIBER NETWORKS Houston #3", "Address Name": "LOGIX FIBER NETWORKS", "Street Number": "4635", "Street Name": "Southwest Freeway", "Zip code": 77027, "City": "Houston", "State": "Texas", "Lattitude": 29.728878957882539, "Longitude": -95.453049558034209, "Description": "Key Features\n. Over 1500 square feet of colocation space\n. Fully redundant HVAC system with N+1 cooling\n. FM200 fire suppression with heat and smoke detection\n. 24x7x365 critical monitoring/disaster prevention\n. Access card and biometrics security\n\nNetwork Connectivity\n. Diverse fiber routes from the street\n. Connection to Alpheus' DWDM Texas fiber network\n\nFlexible Options\n. Relay Racks\n. Cabinets\n. Private Cages\n. Flexible Power Configurations\n. Remote Hands Support\n\nAbout Alpheus\n. 2,800+ Route Miles of Long-Haul Fiber\n. 3,200+ Route Miles of Metro Fiber\n. Connectivity to 300+ COs / Carrier POPs\n. 94,000+ Ethernet-Qualified Addresses\n. 24x7x365 Monitoring & Support", "field_11": null, "field_12": null, "field_13": null, "field_14": null }, "geometry": { "type": "Point", "coordinates": [ -95.453049558034209, 29.728878957882539 ] } },
{ "type": "Feature", "properties": { "Data Center Name": "Hostrunway Data Center", "Address Name": "Hostrunway", "Street Number": "10685-B ", "Street Name": "Hazelhurst Dr. # 19283", "Zip code": 77043, "City": "Houston", "State": "Texas", "Lattitude": 29.796874999958487, "Longitude": -95.561566504061688, "Description": "Hostrunway Datacenters is USA's largest uptime certified Tier 4 data center. It is based in Houston, Texas. Hostrunway is focused on delivering futuristic data center and cloud solutions riding on disruptive approach to technology, infrastructure and security, of global standards,\nthrough its strategic software defined data centers for customers.\n\nWe offer services like co-location servers, cloud server hosting, Managed services, DR as a service, Back up as a service, dedicated server hosting etc.\n\nWe are certified to host SAP applications. Other certifications include Tier 4, ISO 27001, PCI DSS, HIPAA Compliant etc.\n\nHostrunway data center is backed up with some extra ordinary solutions and facilities like a dynamic IT infrastructure. This helps eliminate all the worries related to the degradation of services and ensure 99.99% uptime.", "field_11": null, "field_12": null, "field_13": null, "field_14": null }, "geometry": { "type": "Point", "coordinates": [ -95.561566504061688, 29.796874999958487 ] } },
{ "type": "Feature", "properties": { "Data Center Name": "SoftLayer - HOU00", "Address Name": "SoftLayer", "Street Number": "835", "Street Name": "Greens Parkway\nSuite 150", "Zip code": 77002, "City": "Houston", "State": "Texas", "Lattitude": 29.942766952584439, "Longitude": -95.427059661727483, "Description": "Headquartered in Dallas, SoftLayer is the innovation leader in Cloud, Dedicated, and Managed Hosting, and the largest privately hosting company in the world. SoftLayer provides cloud, dedicated, and seamlessly integrated computing environments, leveraging world-class data centers in Dallas, Houston, San Jose, Seattle, and Washington D.C., Singapore and Amsterdam, and network Points of Presence around the globe. SoftLayer automates all elements of its platform, empowering customers with complete control, security, scalability, and ease-of-management via a leading Customer Portal and Open API. The company’s proprietary offerings include the industry’s first Network-Within-a-Network topology for true out-of-band access, providing remote access to all management options.", "field_11": null, "field_12": null, "field_13": null, "field_14": null }, "geometry": { "type": "Point", "coordinates": [ -95.427059661727483, 29.942766952584439 ] } },
{ "type": "Feature", "properties": { "Data Center Name": "CyrusOne Houston Greenspoint", "Address Name": "CyrusOne Data Centers", "Street Number": "12175", "Street Name": "North Freeway", "Zip code": 77060, "City": "Houston", "State": "Texas", "Lattitude": 29.942502065448124, "Longitude": -95.415809461727534, "Description": "- 96,000 sq feet campus\n- Initially 8MW IT Load of power planned\n- Efficient and Divisible Floor Plates\n- 24 X 7 onsite security\n- Fully Redundant (2N) Power Architecture\n- Multiple UPS and PDUs, Generators, Switch Gears\n- Redundant CRAC Units\n- Humidity and Temp. Controlled", "field_11": null, "field_12": null, "field_13": null, "field_14": null }, "geometry": { "type": "Point", "coordinates": [ -95.415809461727534, 29.942502065448124 ] } },
{ "type": "Feature", "properties": { "Data Center Name": "TeleSource IDC", "Address Name": "TeleSource Communications Inc.", "Street Number": "1301", "Street Name": "Fannin Street", "Zip code": 77002, "City": "Houston", "State": "Texas", "Lattitude": 29.753431361749303, "Longitude": -95.365752904063413, "Description": null, "field_11": null, "field_12": null, "field_13": null, "field_14": null }, "geometry": { "type": "Point", "coordinates": [ -95.365752904063413, 29.753431361749303 ] } },
{ "type": "Feature", "properties": { "Data Center Name": "SoftLayer - HOU02", "Address Name": "SoftLayer", "Street Number": "855", "Street Name": "Greens Parkway", "Zip code": 77067, "City": "Houston", "State": "Texas", "Lattitude": 29.94237265600178, "Longitude": -95.430155804055829, "Description": "Headquartered in Dallas, SoftLayer is the innovation leader in Cloud, Dedicated, and Managed Hosting, and the largest privately hosting company in the world. SoftLayer provides cloud, dedicated, and seamlessly integrated computing environments, leveraging world-class data centers in Dallas, Houston, San Jose, Seattle, and Washington D.C., Singapore and Amsterdam, and network Points of Presence around the globe. SoftLayer automates all elements of its platform, empowering customers with complete control, security, scalability, and ease-of-management via a leading Customer Portal and Open API. The company’s proprietary offerings include the industry’s first Network-Within-a-Network topology for true out-of-band access, providing remote access to all management options.", "field_11": null, "field_12": null, "field_13": null, "field_14": null }, "geometry": { "type": "Point", "coordinates": [ -95.430155804055829, 29.94237265600178 ] } },
{ "type": "Feature", "properties": { "Data Center Name": "NaviSite Houston", "Address Name": "NaviSite, Inc.", "Street Number": "1301", "Street Name": "Fannin Street", "Zip code": 77002, "City": "Houston", "State": "Texas", "Lattitude": 29.753403418414262, "Longitude": -95.365752904063413, "Description": null, "field_11": null, "field_12": null, "field_13": null, "field_14": null }, "geometry": { "type": "Point", "coordinates": [ -95.365752904063413, 29.753403418414262 ] } },
{ "type": "Feature", "properties": { "Data Center Name": "SoftLayer - HOU04", "Address Name": "SoftLayer", "Street Number": "315", "Street Name": "Capitol St", "Zip code": 77002, "City": "Houston", "State": "Texas", "Lattitude": 29.762840029350428, "Longitude": -95.369028761734725, "Description": "Headquartered in Dallas, SoftLayer is the innovation leader in Cloud, Dedicated, and Managed Hosting, and the largest privately hosting company in the world. SoftLayer provides cloud, dedicated, and seamlessly integrated computing environments, leveraging world-class data centers in Dallas, Houston, San Jose, Seattle, and Washington D.C., Singapore and Amsterdam, and network Points of Presence around the globe. SoftLayer automates all elements of its platform, empowering customers with complete control, security, scalability, and ease-of-management via a leading Customer Portal and Open API. The company’s proprietary offerings include the industry’s first Network-Within-a-Network topology for true out-of-band access, providing remote access to all management options.", "field_11": null, "field_12": null, "field_13": null, "field_14": null }, "geometry": { "type": "Point", "coordinates": [ -95.369028761734725, 29.762840029350428 ] } },
{ "type": "Feature", "properties": { "Data Center Name": "SoftLayer - HOU01", "Address Name": "SoftLayer", "Street Number": "390", "Street Name": "Benmar Drive", "Zip code": 77060, "City": "Houston", "State": "Texas", "Lattitude": 29.943301648989276, "Longitude": -95.397099332891642, "Description": "Headquartered in Dallas, SoftLayer is the innovation leader in Cloud, Dedicated, and Managed Hosting, and the largest privately hosting company in the world. SoftLayer provides cloud, dedicated, and seamlessly integrated computing environments, leveraging world-class data centers in Dallas, Houston, San Jose, Seattle, and Washington D.C., Singapore and Amsterdam, and network Points of Presence around the globe. SoftLayer automates all elements of its platform, empowering customers with complete control, security, scalability, and ease-of-management via a leading Customer Portal and Open API. The company’s proprietary offerings include the industry’s first Network-Within-a-Network topology for true out-of-band access, providing remote access to all management options.", "field_11": null, "field_12": null, "field_13": null, "field_14": null }, "geometry": { "type": "Point", "coordinates": [ -95.397099332891642, 29.943301648989276 ] } },
{ "type": "Feature", "properties": { "Data Center Name": "7500 Metro Center Drive (AUS11)", "Address Name": "Digital Realty", "Street Number": "7500", "Street Name": "Metro Center Drive", "Zip code": 78744, "City": "Austin", "State": "Texas", "Lattitude": 30.212128603974403, "Longitude": -97.69594230404492, "Description": "Conveniently located near the Austin-Bergstrom International Airport and about 10 minutes from the state capital and the University of Texas campus in the 550-acre MetCenter mixed-use development, this shell facility was built in 2000 for datacenter purposes. The building has 75,000 gross square feet with a 30-foot clearance height capable of supporting two floors inside the building. The site has diverse underground electrical ductbanks from a nearby substation. Seven fiber optic providers are in close proximity to the building.", "field_11": null, "field_12": null, "field_13": null, "field_14": null }, "geometry": { "type": "Point", "coordinates": [ -97.69594230404492, 30.212128603974403 ] } },
{ "type": "Feature", "properties": { "Data Center Name": "Lumen Austin 4", "Address Name": "Lumen", "Street Number": "2916", "Street Name": "Montopolis Dr", "Zip code": 78741, "City": "Austin", "State": "Texas", "Lattitude": 30.214337231407999, "Longitude": -97.712691132880693, "Description": "General Features and Specs\n\nColocation Options\n\n. Standard Cabinet - 3kW\n. High Density Cabinet - 5kW\n. Custom Cage Cabinet – 3kW - 15kW\n. Field Tech Services Support Available\n\nNetwork Services\n\n. Edge Computing Solutions including Edge Bare Metal,\n. Private Cloud, Network Storage and others.\n. Hybrid Cloud and IT Solutions\n. Infrastructure Services including Waves, Dark Fiber,\n\nPrivate Line\n\n. Cloud Connect to AWS, Azure, Google and more\n\nEnvironmental\n\n. Temperature and humidity controlled\n. Monitored building management system\n. Fire suppression - Double Interlock Dry-pipe\n. Pre-Action W/ Dual zoned smoke/Ion detection", "field_11": null, "field_12": null, "field_13": null, "field_14": null }, "geometry": { "type": "Point", "coordinates": [ -97.712691132880693, 30.214337231407999 ] } },
{ "type": "Feature", "properties": { "Data Center Name": "Switch THE ROCK Campus", "Address Name": "Switch", "Street Number": null, "Street Name": null, "Zip code": 78682, "City": "Round Rock", "State": "Texas", "Lattitude": 30.486968227807974, "Longitude": -97.672266863938432, "Description": "Located in Round Rock, just north of Austin, Switch's Rock Campus is designed to be a massive datacenter complex positioned to capitalize on the booming technology sector within Texas. Its planned exascale capacity and focus on sustainable technologies will cater to hyperscale customers and environmentally conscious enterprises.\n\nThe Rock Campus is poised to be a major player in the Austin datacenter market. Businesses seeking a reliable, long-term partner with a commitment to innovation and large-scale deployments will find Switch's Austin expansion project a compelling option.\n\n\nThis is a campus listing, that covers multiple data centers.", "field_11": null, "field_12": null, "field_13": null, "field_14": null }, "geometry": { "type": "Point", "coordinates": [ -97.672266863938432, 30.486968227807974 ] } },
{ "type": "Feature", "properties": { "Data Center Name": "CyrusOne AUS3 - Austin", "Address Name": "CyrusOne Data Centers", "Street Number": "7100", "Street Name": " Metropolis Drive", "Zip code": 78744, "City": "Austin", "State": "Texas", "Lattitude": 30.206953038995067, "Longitude": -97.701092804045118, "Description": "Located in the Met Center business park, CyrusOne’s AUS3 data center provides 172,000 total square feet of shell and offers 120,000 colocation square feet (CSF), with up to 18 megawatts of power, and over 25,000 sq. ft. of class A office space at full build.", "field_11": null, "field_12": null, "field_13": null, "field_14": null }, "geometry": { "type": "Point", "coordinates": [ -97.701092804045118, 30.206953038995067 ] } },
{ "type": "Feature", "properties": { "Data Center Name": "CyrusOne AUS2 - Austin", "Address Name": "CyrusOne Data Centers", "Street Number": "7301", "Street Name": "Metropolis Dr, Bldg #6", "Zip code": 78703, "City": "Austin", "State": "Texas", "Lattitude": 30.206063540001097, "Longitude": -97.697880304045171, "Description": "CyrusOne (NASDAQ: CONE) specializes in highly reliable enterprise-class, carrier-neutral data center properties. The company provides mission-critical data center facilities that protect and ensure the continued operation of IT infrastructure for more than 500 customers, including nine of the global Fortune 20 and more than 100 of the Fortune 1000 companies.\n\nCyrusOne's data center offerings provide the flexibility, reliability, and security that enterprise customers require and are delivered through a tailored, customer service-focused platform designed to foster long-term relationships. CyrusOne's internet interconnection platform provides robust connectivity options for enterprises, content, and telecommunications companies. CyrusOne is committed to full transparency in communication, management, and service delivery throughout its 25 data centers worldwide.", "field_11": null, "field_12": null, "field_13": null, "field_14": null }, "geometry": { "type": "Point", "coordinates": [ -97.697880304045171, 30.206063540001097 ] } },
{ "type": "Feature", "properties": { "Data Center Name": "Data Foundry - Texas 1", "Address Name": "Data Foundry", "Street Number": "4100", "Street Name": "Smith School Road\nBldg 1", "Zip code": 78744, "City": "Austin", "State": "Texas", "Lattitude": 30.199008502448585, "Longitude": -97.71382771938886, "Description": "Data Foundry's second Austin data center, Texas 1, is a 130,000 SQ FT master-planned purpose-built development. Designed to be redundant at every level, Texas 1 can serve as your IT production site or as a back-up disaster recovery site. The next-generation facility includes fully concurrently maintainable power, cooling, and network systems with N+1 to 2N+1 design. It offers a full-featured, dedicated worksite recovery center and colocation options including private data suites starting at 2,500 SF featuring hard walls and secure private access. These suites offer small to medium sized businesses the same high-end feature set that was once only available to multi-megawatt deployments. Data Foundry also provides customers with 24x7x365 on-site engineering staff, including remote hands support as well as a managed internet offering across multiple carriers.\n\nTexas 1 resides on the Data Ranch - a 40-acre campus with space for up to 1 million square feet of data center. Features of the Data Ranch include a 100-megawatt capable campus with end-to-end underground power feeds from diverse substations, dual diverse entry points for power, network and water, as well as the availability to over 15 telecom providers.\n\nData Foundry has been providing data center outsourcing, colocation and disaster recovery services since 1994, supporting thousands of customers across a wide variety of businesses including energy, financial services, healthcare, high performance computing firms, as well as hosting service providers and technology companies.", "field_11": null, "field_12": null, "field_13": null, "field_14": null }, "geometry": { "type": "Point", "coordinates": [ -97.71382771938886, 30.199008502448585 ] } },
{ "type": "Feature", "properties": { "Data Center Name": "LightEdge - Austin II", "Address Name": "LightEdge", "Street Number": "7000", "Street Name": " Burleson Road\nSuite 400", "Zip code": 78744, "City": "Austin", "State": "Texas", "Lattitude": 30.199947056213428, "Longitude": -97.705039275209558, "Description": "With over 20 years in business, LightEdge offers a full stack of best-in-class IT services to provide flexibility, security, and control for any stage of a customers' technology roadmap. Our solutions include premier colocation across seven purpose-built data centers, industry-leading private Infrastructure as a Service (IaaS) and cloud platforms, and the top global security and compliance measures.\n\nOur owned and operated facilities, integrated disaster recovery solutions, and premium cloud choices make up a true Hybrid Solution Center model. With our recent acquisition of OnRamp, LightEdge's highly-interconnected data center facilities now span Des Moines, IA, Kansas City, MO, Omaha, NE, Austin, TX and Raleigh, NC.\n\nData Center Services:\nColocation\nManaged Hosting\nVirtual Private Cloud\nCompliant/Secure Hosting (HITRUST/PCI/HIPAA/SOC/ISO)\nPrivate Clouds\nHybrid Hosting\nDisaster Recovery\n\nFeatures:\n[X] SSAE 18 SOC 1 Type II SOC 2 Type II & SOC 3\n[X] HITRUST-certified\n[X] PCI / HIPAA Audited\n[X] 24/7 Customer Access\n[X] 24/7 Staffed Network Operations Center\n[X] 24/7 On-Site, Expert Support\n[X] Remote Hands Available\n[X] Pre-action Fire Suppression\n[X] Video Surveillance\n[X] Multiple Diesel Generator\n[X] Multiple Double Conversion Online UPSs\n[X] Mutiple, Liebert, Trande CRAC & Condenser Units\n[X] Alarm System\n\nServices:\n[x] Rental of Rooms\n[x] Rental of Cages\n[x] Rental of Foot Prints\n[X] Rental of Racks\n[X] Hosting of Individual Servers\n[X] Dedicated Servers\n[X] Managed Hosting\n[X] Secure/Compliant Hosting (PCI/HIPAA)\n[X] Virtual Servers\n[x] Office Space\n\nConnectivity:\nMultiple Carrier Internet Backbones Via GigE\nBorder Gateway Protocol (BGP4) Routing\nPhysically Independent Fiber Entry Points\nOnly Premium Tier-1 Backbone Providers\nMicrosoft Windows and Linux Supported OS", "field_11": null, "field_12": null, "field_13": null, "field_14": null }, "geometry": { "type": "Point", "coordinates": [ -97.705039275209558, 30.199947056213428 ] } },
{ "type": "Feature", "properties": { "Data Center Name": "Element Critical Austin One", "Address Name": "Element Critical", "Street Number": "8025", "Street Name": "North Interstate Hwy 35", "Zip code": 78753, "City": "Austin", "State": "Texas", "Lattitude": 30.342521048478357, "Longitude": -97.697454419383007, "Description": "Located within the dynamic technology hub of Austin, Texas, Element Critical Austin One provides businesses with a secure and well-connected colocation environment. The facility offers diverse fiber routes to multiple carriers, ensuring network flexibility and performance. Austin's rapidly expanding technology scene makes it an attractive location for businesses seeking a strategic presence in the region.", "field_11": null, "field_12": null, "field_13": null, "field_14": null }, "geometry": { "type": "Point", "coordinates": [ -97.697454419383007, 30.342521048478357 ] } },
{ "type": "Feature", "properties": { "Data Center Name": "LightEdge - Austin II", "Address Name": "LightEdge", "Street Number": "2916", "Street Name": "Montopolis Drive\nSuite 300", "Zip code": 78741, "City": "Austin", "State": "Texas", "Lattitude": 30.214402230568695, "Longitude": -97.712712590552343, "Description": "With over 20 years in business, LightEdge offers a full stack of best-in-class IT services to provide flexibility, security, and control for any stage of a customers' technology roadmap. Our solutions include premier colocation across seven purpose-built data centers, industry-leading private Infrastructure as a Service (IaaS) and cloud platforms, and the top global security and compliance measures.\n\nOur owned and operated facilities, integrated disaster recovery solutions, and premium cloud choices make up a true Hybrid Solution Center model. With our recent acquisition of OnRamp, LightEdge's highly-interconnected data center facilities now span Des Moines, IA, Kansas City, MO, Omaha, NE, Austin, TX and Raleigh, NC.\n\nData Center Services:\nColocation\nManaged Hosting\nVirtual Private Cloud\nCompliant/Secure Hosting (HITRUST/PCI/HIPAA/SOC/ISO)\nPrivate Clouds\nHybrid Hosting\nDisaster Recovery\n\nFeatures:\n[X] SSAE 18 SOC 1 Type II SOC 2 Type II & SOC 3\n[X] HITRUST-certified\n[X] PCI / HIPAA Audited\n[X] 24/7 Customer Access\n[X] 24/7 Staffed Network Operations Center\n[X] 24/7 On-Site, Expert Support\n[X] Remote Hands Available\n[X] Pre-action Fire Suppression\n[X] Video Surveillance\n[X] Multiple Diesel Generator\n[X] Multiple Double Conversion Online UPSs\n[X] Mutiple, Liebert, Trande CRAC & Condenser Units\n[X] Alarm System\n\nServices:\n[x] Rental of Rooms\n[x] Rental of Cages\n[x] Rental of Foot Prints\n[X] Rental of Racks\n[X] Hosting of Individual Servers\n[X] Dedicated Servers\n[X] Managed Hosting\n[X] Secure/Compliant Hosting (PCI/HIPAA)\n[X] Virtual Servers\n[x] Office Space\n\nConnectivity:\nMultiple Carrier Internet Backbones Via GigE\nBorder Gateway Protocol (BGP4) Routing\nPhysically Independent Fiber Entry Points\nOnly Premium Tier-1 Backbone Providers\nMicrosoft Windows and Linux Supported OS", "field_11": null, "field_12": null, "field_13": null, "field_14": null }, "geometry": { "type": "Point", "coordinates": [ -97.712712590552343, 30.214402230568695 ] } },
{ "type": "Feature", "properties": { "Data Center Name": "Data Foundry - Texas 2", "Address Name": "Data Foundry", "Street Number": "4100", "Street Name": "Smith School Rd\nBldg 2", "Zip code": 78744, "City": "Austin", "State": "Texas", "Lattitude": 30.199688147210921, "Longitude": -97.71314741938879, "Description": "Located within Data Foundry's \"Data Ranch\" campus in Austin, Texas, Texas 2 offers a purpose-built facility for businesses seeking a secure and reliable datacenter solution. Featuring high-density power options and a concurrently maintainable design, Texas 2 can support a wide range of IT deployments, including those with power-intensive requirements.\n\nThe datacenter's carrier-neutral status and access to diverse fiber routes ensure optimal connectivity within Austin's thriving technology ecosystem. Texas 2 is a compelling choice for companies seeking a scalable and reliable colocation partner within this competitive market.", "field_11": null, "field_12": null, "field_13": null, "field_14": null }, "geometry": { "type": "Point", "coordinates": [ -97.71314741938879, 30.199688147210921 ] } },
{ "type": "Feature", "properties": { "Data Center Name": "Skybox Austin", "Address Name": "Skybox Datacenters", "Street Number": "600", "Street Name": "New Meister Ln", "Zip code": 78660, "City": "Pflugerville", "State": "Texas", "Lattitude": 30.481826474706292, "Longitude": -97.624194332869749, "Description": "Skybox Austin is situated on a twenty-five-acre campus in the heart of Austin’s Silicon Hills, surrounded by some of the worlds largest technology companies. Building 1 supports 30 MW in a 141,000 SF envelope offering an enterprise-class secured data center with abundant power, market-leading design, and operating efficiency. The campus is served by dedicated redundant power feeds from two of the largest substations in the region.", "field_11": null, "field_12": null, "field_13": null, "field_14": null }, "geometry": { "type": "Point", "coordinates": [ -97.624194332869749, 30.481826474706292 ] } },
{ "type": "Feature", "properties": { "Data Center Name": "DataBank AUS1 - Austin", "Address Name": "DataBank", "Street Number": "7218", "Street Name": "McNeil Dr\nSuite 300", "Zip code": 78729, "City": "Austin", "State": "Texas", "Lattitude": 30.436062025778565, "Longitude": -97.766130861707438, "Description": "Previously known as zColo, part of Zayo Group. DataBank acquired all data center assets from Zayo Group in 2020.\n\n---------------------------------------------------\n\nLocated in northwest Austin, 7218 McNeil Drive provides fully redundant electrical power, multiple connections to the Internet backbone via multiple providers using dual entry and custom routing, resulting in no single point of failure. The location is well suited to help safeguard valuable data and deliver colocation, cloud infrastructure, network and disaster recovery solutions for businesses small to large.", "field_11": null, "field_12": null, "field_13": null, "field_14": null }, "geometry": { "type": "Point", "coordinates": [ -97.766130861707438, 30.436062025778565 ] } },
{ "type": "Feature", "properties": { "Data Center Name": "LOGIX FIBER NETWORKS Austin", "Address Name": "LOGIX FIBER NETWORKS", "Street Number": "1905", "Street Name": "E. 6th Street", "Zip code": 78702, "City": "Austin", "State": "Texas", "Lattitude": 30.261062809354044, "Longitude": -97.722179419386308, "Description": "LOGIX FIBER NETWORKS' Austin Data Center is a unique, world-class data facility strategically positioned east of Austin's central business district. Located on East 6th Street, it features a multiple carrier Internet backbone, dual backup power supplies, several gigabits of local loop to the Internet, state-of-the-art environmental controls, and numerous security systems.\nOur Austin data center features dual power service, 2,000 KVA transformers and a back-up diesel generator. Space is available for additional transformers to accommodate tenant's specific power requirements along with secure pad sites for additional generators.\n\nKey Features\n. Fully redundant HVAC system\n. Dry pipe fire suppression with heat and smoke detection\n. Industrial grade reinforced floors\n. Controlled temperature and humidity\n. 24x7x365 critical monitoring/disaster prevention\n. 24x7x365 secure access\n. Covered Loading Dock\n. Hands on support\n\n\nThe data center has an on-site 2000 KW diesel generator, redundant facility class UPS systems, and battery backup. The electrical system capacity is 3000 AMP AC @ 480 Volts and 10,000 AMP -48 Volt DC plant with a current load of approximately 30%.\n\nEnvironmental systems include pre-action fire suppression and HVAC, is engineered to N+1 standards utilizing independent condensers for each 30 ton CRAC unit. Security includes EROX card reader access, monitored by the LOGIX NOC 24x7x365. Customer may choose locking cabinets or locking cages to segregate their systems from other colocation customers. Private data suites are available, built to suit.", "field_11": null, "field_12": null, "field_13": null, "field_14": null }, "geometry": { "type": "Point", "coordinates": [ -97.722179419386308, 30.261062809354044 ] } },
{ "type": "Feature", "properties": { "Data Center Name": "SDC Austin", "Address Name": "Sabey Data Center Properties LLC", "Street Number": "1300", "Street Name": "Louis Henna Blvd", "Zip code": 78664, "City": "Round Rock", "State": "Texas", "Lattitude": 30.487927992699341, "Longitude": -97.646912475197837, "Description": "Purpose-built data center campus with multiple buildings, with 430,000 square feet of space and a total power capacity of 84 MW.\n\nHigh density cooling, supporting up to 100 KW per cabinet.", "field_11": null, "field_12": null, "field_13": null, "field_14": null }, "geometry": { "type": "Point", "coordinates": [ -97.646912475197837, 30.487927992699341 ] } },
{ "type": "Feature", "properties": { "Data Center Name": "Data Foundry - Austin 1", "Address Name": "Data Foundry", "Street Number": "7401", "Street Name": "East Ben White Blvd.", "Zip code": 78741, "City": "Austin", "State": "Texas", "Lattitude": 30.216004188305657, "Longitude": -97.694614575208917, "Description": "Operated by Data Foundry since 2003, ADC (Austin Data Center) is a 40,000 SF data center that offers companies a host of fiber options including a managed internet offering across multiple providers. Powered by a dedicated 400 MW substation, ADC employs high level security measures, including hand key biometric access controls and a building-wide, waterless fire suppression system that is both environmentally safe and effective. Conveniently located near the Austin-Bergstrom Airport and just ten minutes from downtown Austin, ample lodging, dining and athletic amenities are located in direct proximity to ADC.\n\nFeatures:\n[X] 24/7 access\n[X] 24/7 staff on side\n[X] Remote hands available\n[X] Automatic fire suppression - FM200\n[X] Video surveillance\n[X] Redundant Generators\n[X] Redundant UPS\n[X] Alarm system\n[X] Redundant HVAC\n\nServices:\nOffering Colocation In:\nSecure Custom Cages\n1/3, 1/2, Full Locked Cabinets\n\nData Foundry has been providing data center outsourcing, colocation and disaster recovery services since 1994, supporting thousands of customers across a wide variety of businesses including energy, financial services, healthcare, high performance computing firms, as well as hosting service providers and technology companies.", "field_11": null, "field_12": null, "field_13": null, "field_14": null }, "geometry": { "type": "Point", "coordinates": [ -97.694614575208917, 30.216004188305657 ] } },
{ "type": "Feature", "properties": { "Data Center Name": "Core Scientific Austin", "Address Name": "Core Scientific", "Street Number": "3301", "Street Name": "Hibbetts Rd", "Zip code": 78725, "City": "Austin", "State": "Texas", "Lattitude": 30.268397536988896, "Longitude": -97.66867339055014, "Description": "Core Scientific Austin, inaugurated in 2024, is a state-of-the-art data center occupying a sprawling 38 acres of land. Formerly an HP Data Center, it has been transformed into a modern hosting facility with a robust infrastructure. The center boasts a substantial 312,000 square feet under its roof, with a dedicated 118,000 square feet of compute space designed to meet the high demands of data processing. It is equipped with a powerful 16 MW compute power capacity to ensure uninterrupted service.\n\nThe electrical and mechanical systems are engineered for resilience, featuring Powerware UPS for backup power, and Liebert CRAHU units for advanced cooling. The facility is meticulously monitored for humidity, temperature, and potential leaks, with alarms in place to maintain optimal operating conditions. This attention to detail in design and functionality makes Core Scientific Austin a reliable and efficient choice for hosting services.", "field_11": null, "field_12": null, "field_13": null, "field_14": null }, "geometry": { "type": "Point", "coordinates": [ -97.66867339055014, 30.268397536988896 ] } },
{ "type": "Feature", "properties": { "Data Center Name": "CyrusOne Austin Data Center I", "Address Name": "CyrusOne Data Centers", "Street Number": "7401-2", "Street Name": "East Ben White Blvd", "Zip code": 78741, "City": "Austin", "State": "Texas", "Lattitude": 30.216505259274136, "Longitude": -97.695015419388127, "Description": ". 45,000 sq. ft. data center / 17,000 sq. ft. raised white floor\n. SSAE 16 (SOC I type II), PCI DSS (sec 9 & 12), HIPAA, ISO 27001, FISMA, concurrently maintainable design\n. High Performance Computing (HPC) capable, supports 250 wpsf with the ability to support over 1,000 wpsf\n. Carrier-neutral and part of CyrusOne Texas IX (Internet Exchange)\n. 100% uptime service level agreement on power\n. 24×7 staffed NOCC and remote hands support\n. Dedicated cages and private suite options available.", "field_11": null, "field_12": null, "field_13": null, "field_14": null }, "geometry": { "type": "Point", "coordinates": [ -97.695015419388127, 30.216505259274136 ] } },
{ "type": "Feature", "properties": { "Data Center Name": "Skybox PowerCampus Austin", "Address Name": "Skybox Datacenters", "Street Number": null, "Street Name": null, "Zip code": 78634, "City": "Hutto", "State": "Texas", "Lattitude": 30.545380520349084, "Longitude": -97.547556922797042, "Description": "Located in the burgeoning tech landscape of Austin, Texas, Skybox PowerCampus presents a compelling colocation solution for businesses with growing IT demands. The campus design boasts high-density power capabilities and substantial scalability options to support even the most power-intensive deployments.\n\nCompanies seeking a future-proof datacenter partner within the dynamic Austin market will find PowerCampus aligns with their growth trajectory. Skybox Datacenters' commitment to operational excellence and reliable infrastructure makes this facility a reliable choice within a competitive technology ecosystem.", "field_11": null, "field_12": null, "field_13": null, "field_14": null }, "geometry": { "type": "Point", "coordinates": [ -97.547556922797042, 30.545380520349084 ] } },
{ "type": "Feature", "properties": { "Data Center Name": "Rowan Moriah Campus", "Address Name": "Rowan Digital Infrastructure", "Street Number": "2810", "Street Name": "Bob White Rd", "Zip code": 76501, "City": "Temple", "State": "Texas", "Lattitude": 31.058059737648581, "Longitude": -97.297888275174273, "Description": "The Moriah Data Center, a pioneering project by Rowan Digital Infrastructure, is situated in the heart of Texas. Acquired in 2020, this 35-acre campus in Temple, Texas, represents Rowan's first operational asset. With a substantial 500MW capacity, the center was developed in two phases; the first phase aimed to be online by summer 2022, and the second phase reached full operational status by 2023.\n\nStrategically located, Moriah offers competitive energy rates, benefiting from its proximity to a diverse array of fiber networks. These include Fiberlight, Level 3, Telia, Zayo, redIT, and AT&T, ensuring robust connectivity options for clients.", "field_11": null, "field_12": null, "field_13": null, "field_14": null }, "geometry": { "type": "Point", "coordinates": [ -97.297888275174273, 31.058059737648581 ] } },
{ "type": "Feature", "properties": { "Data Center Name": "Data Foundry - The Data Ranch", "Address Name": "Data Foundry", "Street Number": "4100", "Street Name": "Smith School Rd", "Zip code": 78744, "City": "Austin", "State": "Texas", "Lattitude": 30.198952865897649, "Longitude": -97.71378480404546, "Description": "Located across 40 acres in Austin, Texas, Data Foundry's Data Ranch Campus is purpose-built to meet the evolving needs of businesses within a dynamic technology hub. The campus currently hosts the Texas 1 and Texas 2 datacenters with ample space for future development and expansion possibilities.\n\nBusinesses seeking flexible datacenter options, from individual cabinets to build-to-suit deployments, will find the Data Ranch Campus a compelling solution. Its focus on high-density power, carrier-neutral connectivity, and 24x7x365 security make it a reliable choice within the Austin market.", "field_11": null, "field_12": null, "field_13": null, "field_14": null }, "geometry": { "type": "Point", "coordinates": [ -97.71378480404546, 30.198952865897649 ] } },
{ "type": "Feature", "properties": { "Data Center Name": "Cogent Data Center - Austin", "Address Name": "Cogent Communications, Inc.", "Street Number": "7301", "Street Name": "Metro Center Dr", "Zip code": 78744, "City": "Austin", "State": "Texas", "Lattitude": 30.209317520938956, "Longitude": -97.69800739055259, "Description": null, "field_11": null, "field_12": null, "field_13": null, "field_14": null }, "geometry": { "type": "Point", "coordinates": [ -97.69800739055259, 30.209317520938956 ] } },
{ "type": "Feature", "properties": { "Data Center Name": "Prime Austin", "Address Name": "Prime Data Centers", "Street Number": "FM2720 & Bobwhite Rd", "Street Name": "Bobwhite Rd", "Zip code": 78656, "City": "Maxwell", "State": "Texas", "Lattitude": 29.924336973505163, "Longitude": -97.754308175220729, "Description": "Prime Data Centers is poised to establish a state-of-the-art data center campus in Caldwell County, just outside the vibrant tech hub of Austin, Texas. With an impressive investment of $1.3 billion, this \"turn-key\" campus will stretch across 206 acres along Farm to Market Road 2720, promising cutting-edge infrastructure for tech giants and startups alike. Owned by Neimann Farm Partners LP and associated with La Tierra Realty LLC, this development is set to become a cornerstone of technological advancement and economic growth in the region.", "field_11": null, "field_12": null, "field_13": null, "field_14": null }, "geometry": { "type": "Point", "coordinates": [ -97.754308175220729, 29.924336973505163 ] } },
{ "type": "Feature", "properties": { "Data Center Name": "GTT Austin Data Center", "Address Name": "GTT Communications", "Street Number": "6200", "Street Name": "Bridgepoint Parkway", "Zip code": 78730, "City": "Austin", "State": "Texas", "Lattitude": 30.354347665232357, "Longitude": -97.799353504039104, "Description": "About One Source Networks:\nOne Source Networks is a leading provider of innovative, purpose-built communications solutions for the Fortune 1000. Delivering ubiquitous access to cloud-based voice, video, security and computing applications, as well as enterprise networking and infrastructure services, the company offers customizable, cost-effective and scalable solutions delivered on its fully redundant global network infrastructure with interconnection to over 200 global suppliers. The OSN difference is simplicity, cost reduction and customer service focus that delivers all solutions under one contract, one team and one invoice. One Source Networks is a two-time winner of the Inc. 500 award which highlights America´´´€š´´´€ž´s fastest-growing private companies.\n\nAbout Austin Data Center:\nThe One Source Networks´´´€š´´´€ž´ 10,000 square foot data center in Austin, Texas is designed to grow with your business, with a range of offerings that include colocation, cloud computing, unified communications, managed servers, storage, load balancing and firewalls. The facility houses both customer and OSN infrastructure and is well-equipped to meet unique requirements, whether you are seeking a single service, management and solution design, or complete outsourcing of your IT functions. Our Austin facility is SSAE16 Type II certified and PCI compliant, and was built to meet or exceed commercial telecommunications standards worldwide for availability, integrity, and confidentiality.\n\nOur on-site 24/7 NOC and top tier engineering team deliver world-class support to enterprises worldwide. Our engineers specialize in assessing, designing, implementing, and managing complex systems, with an emphasis on disaster preparedness and high availability. Engineers maintain core certifications in Cisco security and networking, IP Telephony, Microsoft, CommVault´ data management solutions, VMware virtualization and Dell Enterprise Storage, along with expertise and certifications in a host of supporting products and technologies.\n\nOur Austin data center features conditioned, continuous power systems that provide multiple power phases with separate Power Distribution Units (PDUs) and N+1 Uninterruptable Power Supplies (UPSs) per phase. The facility is equipped with a 1.5 megawatt utility feed from Austin Energy that may be upgraded based upon customer requirements. Emergency power generation systems provide auxiliary power and can support the entire facility at maximum load for at least 24 hours with fuel stored on-site and refueling contracts with multiple providers to ensure uninterrupted emergency power regardless of widespread, lengthy outages. Electrical power is delivered via 110 volt or 220 volt circuits, and in 20 or 30 amp flow rates.\n\nThe Austin facility has two separate fiber entry points, so if a connection fails, neither the user experience nor the service performance will be impacted. This redundancy ensures reliable connectivity with no data transmission bottlenecks to or from the data center. The facility offers\naccess to four diverse fiber providers including multiple Tier 1 Internet networks. Network connectivity is delivered to customers via multiple Ethernet access feeds to allow for redundancy.\n\nThe data center cooling system consists of 100 tons of Liebert downflow cooling units, expandable to 300 tons, providing N+1 cooling capacity across the data center. All of the Computer Room Air Conditioning equipment is designed to support high-end server equipment. Steamgenerating humidifiers and electric reheat coils control humidity, and\nmodern Chatsworth server racks force hot air directly into the overhead plenum, virtually eliminating hot spots. The facility has a raised flooring system for enhanced air flow.\n\nOur data center is staffed 24/7 and secured by multiple badge access doors. Only authorized OSN engineering and technical staff are allowed in the data center core and cloud services hosting areas, while customer access to the colocation areas is secured by badge and administered by our NOC staff. The data center is under 24/7 video surveillance and physical access and equipment ingress and egress are logged.\n\nThe Austin facility has a double-interlocked pre-action fire protection system designed to provide the best possible security against accidental discharge of water from the sprinklers. Water will discharge from a sprinkler only if that sprinkler has been subjected to enough heat to melt the fusible link on the water head.", "field_11": null, "field_12": null, "field_13": null, "field_14": null }, "geometry": { "type": "Point", "coordinates": [ -97.799353504039104, 30.354347665232357 ] } },
{ "type": "Feature", "properties": { "Data Center Name": "Lumen Austin 1", "Address Name": "Lumen", "Street Number": "4207", "Street Name": "Smith School Road", "Zip code": 78744, "City": "Austin", "State": "Texas", "Lattitude": 30.195817413202043, "Longitude": -97.711135304045584, "Description": "Facility Specifications\n\n. Total Space: 75,474 sq. ft.\n. Colocation Space: 3,316 sq. ft.\n. Ceiling height: 25'0\"\n. N+1 HVAC configuration\n. Available on-site parking\n. Loading dock\n\nEnvironmental\n\n. Temperature and humidity controlled\n. Monitored building management system\n. Fire suppression and smoke detection\n\nPower\n\n. DC Power\n. Generator and battery backup\n\nSecurity\n\n. Stringent, multi-layered security control procedures\n. Dual authentication system\n\nNetwork Features\n\n. Diverse fiber connectivity\n. NPA-NXX: (512)-386\n. Level 3 portfolio of services\n. Backhaul services, if needed\n. Alternate carrier networks available", "field_11": null, "field_12": null, "field_13": null, "field_14": null }, "geometry": { "type": "Point", "coordinates": [ -97.711135304045584, 30.195817413202043 ] } },
{ "type": "Feature", "properties": { "Data Center Name": "Lumen Austin 3", "Address Name": "Lumen", "Street Number": "500", "Street Name": "B. Chicon Street", "Zip code": 78702, "City": "Austin", "State": "Texas", "Lattitude": 30.261115376234638, "Longitude": -97.723053132878761, "Description": "Facility Specifications\n\n. Total Space: 5,000 sq. ft.\n. Colocation Space: 986 sq. ft.\n. Ceiling height: 15'0\"\n. Available on-site parking\n\nEnvironmental\n\n. Temperature and humidity controlled\n. Monitored building management system\n. Fire suppression and smoke detection\n\nPower\n\n. DC Power\n. Generator and battery backup\n\nSecurity\n\n. Stringent, multi-layered security control procedures\n\nNetwork Features\n\n. Diverse fiber connectivity\n. NPA-NXX: (512)-457\n. Level 3 portfolio of services\n. Backhaul services, if needed\n. Alternate carrier networks available", "field_11": null, "field_12": null, "field_13": null, "field_14": null }, "geometry": { "type": "Point", "coordinates": [ -97.723053132878761, 30.261115376234638 ] } },
{ "type": "Feature", "properties": { "Data Center Name": "American Tower EDC Austin", "Address Name": "American Tower Corporation", "Street Number": "1601", "Street Name": "West 10th Street", "Zip code": 78703, "City": "Austin", "State": "Texas", "Lattitude": 30.279050770433351, "Longitude": -97.760272704042194, "Description": "The American Tower Edge Data Center in Austin, TX is a local interconnection and collocation facility, providing a secure and reliable hosting environment for our customer's IT requirements. Our connectivity-enabled, multitenant, neutral-host facility is positioned to enable flexible and turnkey infrastructure environments for various use-cases.\n\nAustin is the capital of Texas and the largest city in Travis County, with portions extending to Hays and Williamson Counties. It is the 11th-most populous city in the U.S., the fourth-most populous city in Texas, and the second-most-populous state capital city. It has a diverse mix of government employees, college students, musicians, high-tech professionals, and blue-collar workers. Austin is considered to be a major center for high tech. Thousands of graduates each year from the engineering and computer science programs at the University of Texas at Austin provide a steady source of employees who help to fuel Austin's technology and defense industry sectors. The region's rapid growth has led Forbes to rank the Austin metropolitan area number one among all big cities for jobs, and WSJ Marketwatch to rank the area number one for growing businesses.", "field_11": null, "field_12": null, "field_13": null, "field_14": null }, "geometry": { "type": "Point", "coordinates": [ -97.760272704042194, 30.279050770433351 ] } },
{ "type": "Feature", "properties": { "Data Center Name": "Lumen Austin 2", "Address Name": "Lumen", "Street Number": "1825-", "Street Name": "A Kramer Lane", "Zip code": 78758, "City": "Austin", "State": "Texas", "Lattitude": 30.385859805412277, "Longitude": -97.709001261709503, "Description": "Facility Specifications\n\n. Total Space: 44,984 sq. ft.\n. Colocation Space: 7,150 sq. ft.\n. Ceiling height: 10'0\"\n. N+1 HVAC configuration\n. Available on-site parking\n. Loading dock\n\nEnvironmental\n\n. Temperature and humidity controlled\n. Monitored building management system\n. Fire suppression and smoke detection\n\nPower\n\n. AC and DC Power\n. Generator, UPS, and battery backup\n\nSecurity\n\n. Stringent, multi-layered security control procedures\n. Dual authentication system\n\nNetwork Features\n\n. Diverse fiber connectivity\n. NPA-NXX: (512)-742\n. Level 3 portfolio of services\n. Backhaul services, if needed\n. Alternate carrier networks available", "field_11": null, "field_12": null, "field_13": null, "field_14": null }, "geometry": { "type": "Point", "coordinates": [ -97.709001261709503, 30.385859805412277 ] } },
{ "type": "Feature", "properties": { "Data Center Name": "Hostway Austin Waller", "Address Name": "Hostway Services, Inc", "Street Number": "501", "Street Name": "Waller", "Zip code": 78702, "City": "Austin", "State": "Texas", "Lattitude": 30.263692041437558, "Longitude": -97.730404161714546, "Description": "Data Center\n\nTwo independent data centers, nearly 60,000 sq ft\nPower conditioning through UPS (Uninterruptible Power Supply) and power backup\nN+1 redundant HVAC system using multiple units with backup units standing by\nRedundant cable routing system\nBackup network equipment\nData center 1: Inergen environmentally green fire suppression system\nData center 1: Power backup provided by a 1.25MW generator being fed from a 4000 gallon diesel reservoir\nData center 2: Power backup provided by a 2MW generator fed from a 5000 gallon diesel reservoir\nNOC (Network Operations Center) staffed with senior system technicians 24 x 7 x 365\n\nNetwork\n\nMultiple and redundant 10GigE core with multiple 10GigE upstreams\nBuilt in excess capacity across the network\n100% uptime guarantee\nBGP4 (Border Gateway Protocol) on Brocade routers\n100% switch-based GigE Ethernet using the latest Brocade and HP technologies\n\n\nSecurity\n\n24x7 live closed circuit TV monitoring\nNo outsider is allowed; Only internal systems and network administration staff have access\nComplete controlled entry keycard system\nOver 60 combined cameras around the data centers\n\n\nAdministration and Support\n\n24 x 7 Security, technical support, and remote hands on premises\n24 x 7 Network monitoring\nExpertise with Windows and Linux platforms\nExpertise with multiple server configurations (VPN, Load balancing, Firewalls)\nNetwork monitoring with 24 x 7 response\nCustom network monitoring with user-configurable notification\nDNS management\n1 Hour hardware repair SLA\nEmergency patch installation", "field_11": null, "field_12": null, "field_13": null, "field_14": null }, "geometry": { "type": "Point", "coordinates": [ -97.730404161714546, 30.263692041437558 ] } },
{ "type": "Feature", "properties": { "Data Center Name": "Thin-nology", "Address Name": "Thin-nology LLC", "Street Number": "3804", "Street Name": "Helios Way", "Zip code": 78660, "City": "Pflugerville", "State": "Texas", "Lattitude": 30.421163778261, "Longitude": -97.591635061708061, "Description": "Austin's newest and most technically advanced Data Center offering full service capabilities that encompases everything from a single server to a full rack to a cage. With the following features.\n\n.100% Uptime Gurantee\nWe are the only Data Center in the Austin area that does NOT utilize a water fire suppresant system. The Fire Suppresant system will cut off the CRAC units while the fire is estinguished but leave all power to the racks functional. The system will take one minute to are (and warn occupants) and 12 seconds to put out the fire. There is no clean up required afterwards and not damage to any equipment.\n\n.Customized Bandwidth Solutions\n\nWe offer contracted pipe rate with burstable options or just \"open\" to the worl on a 95% model\n.Backup Generation\n\nWe offer both in house and off site Backup solutions.\n.Dual Fiber Internet Connections\n\n.24/7/365 Staffed Network Operations Center\n\n.Underground Power Supply\n\nWe are located in a new development that has underground power offered by two providers\n.Managed Firewall/Content Switches\n\nWe are a Cisco house and provide services to manage all your netwrok equipment and VPN Tunnels. Our Cisco Certified engineers will take the guess work and headaches out of your life.\n\n\n.Fire protection via multi-zoned gas suppressant system\n\nWe are the only Data Center in the Austin area that does NOT utilize a water fire suppresant system. The Fire Suppresant system will cut off the CRAC units while the fire is estinguished but leave all power to the racks functional. The system will take one minute to are (and warn occupants) and 12 seconds to put out the fire. There is no clean up required afterwards and not damage to any equipment.\n\nWe are far enough away to not attract atttention but close enogh to make access quick and easy. We are located within two minutes of a freeway. Just 20 miuntes from the Airport and five minutes from all the support (restautants, parts, supplies) you will need while at the Data Center.\n\nWe designed the Data Center to ensure that the temperature never fluctuates more than one degree during winter or supper. Air flow and rack designed were all modelled before the Data Center was built to ensure maximum cooling efficientcy.\n\nCRAC units use state of the art ICOM controllers to manage themselve during the summer heat and the winter cold. They are set to email support should they determine they need service or are encountering problems.\n\n23 camera's and live humans, along with Biometric entry systems protect the Data Center from harm 24/7/365. All tapes and other electronic records are kept for two years. Syslog systems data, is stored indefinately.\n\nWe are built for stealth. No one that tries to find our Data Center does on the first or second try. Instead of build fences for people climb over of mound of dirt for people to drive over we just built it not to look like a data center from the outside. The only way to tell we do something a little differnt that our names is the size of the power pipes and the generators that sit outside. But we could be doing any number of things that require lots of power and backup generators. However we are a Data Center.\n\nOur owner has lots od Data Center Experience. Jon Bowling VP - Technology and owner of the Thin-nology spent nearly 30 years in the Control Room Data Centers thought the worlds refineries, petro-chemical and power plants. During that time he learned what worked and what doesn't. The advantage and disadvangtes of raised floors. The pitfalls of the hot aisle cold aisle design and the dangers of poorly defined air flows. So a lot of money was spent on things that really mattered. Consistent room temperatures though out the Data Center. Uptime in the case of Fire and other potential disaters. Equipment protecion in the event of a distaster and the delopment of sound olicies and practices for the day to day operation of the Data Center.", "field_11": null, "field_12": null, "field_13": null, "field_14": null }, "geometry": { "type": "Point", "coordinates": [ -97.591635061708061, 30.421163778261 ] } },
{ "type": "Feature", "properties": { "Data Center Name": "Hostway Austin Trade Center", "Address Name": "Hostway Services, Inc", "Street Number": "6110", "Street Name": "Trade Center Dr\nSte 100", "Zip code": 78744, "City": "Austin", "State": "Texas", "Lattitude": 30.209792661807526, "Longitude": -97.716337848224214, "Description": "Data Center\n\nTwo independent data centers, nearly 60,000 sq ft\nPower conditioning through UPS (Uninterruptible Power Supply) and power backup\nN+1 redundant HVAC system using multiple units with backup units standing by\nRedundant cable routing system\nBackup network equipment\nData center 1: Inergen environmentally green fire suppression system\nData center 1: Power backup provided by a 1.25MW generator being fed from a 4000 gallon diesel reservoir\nData center 2: Power backup provided by a 2MW generator fed from a 5000 gallon diesel reservoir\nNOC (Network Operations Center) staffed with senior system technicians 24 x 7 x 365\n\nNetwork\n\nMultiple and redundant 10GigE core with multiple 10GigE upstreams\nBuilt in excess capacity across the network\n100% uptime guarantee\nBGP4 (Border Gateway Protocol) on Brocade routers\n100% switch-based GigE Ethernet using the latest Brocade and HP technologies\n\nSecurity\n\n24x7 live closed circuit TV monitoring\nNo outsider is allowed Only internal systems and network administration staff have access\nComplete controlled entry keycard system\nOver 60 combined cameras around the data centers\n\n\nAdministration and Support\n\n24 x 7 Security, technical support, and remote hands on premises\n24 x 7 Network monitoring\nExpertise with Windows and Linux platforms\nExpertise with multiple server configurations (VPN, Load balancing, Firewalls)\nNetwork monitoring with 24 x 7 response\nCustom network monitoring with user-configurable notification\nDNS management\n1 Hour hardware repair SLA\nEmergency patch installation", "field_11": null, "field_12": null, "field_13": null, "field_14": null }, "geometry": { "type": "Point", "coordinates": [ -97.716337848224214, 30.209792661807526 ] } },
{ "type": "Feature", "properties": { "Data Center Name": "Bestline Communications", "Address Name": "Bestline Communications, L.P.", "Street Number": "1122", "Street Name": "Colorado St\nSuite 110", "Zip code": 78701, "City": "Austin", "State": "Texas", "Lattitude": 30.273587703437258, "Longitude": -97.742965961714091, "Description": null, "field_11": null, "field_12": null, "field_13": null, "field_14": null }, "geometry": { "type": "Point", "coordinates": [ -97.742965961714091, 30.273587703437258 ] } },
{ "type": "Feature", "properties": { "Data Center Name": "FIBERTOWN - Bryan, Texas", "Address Name": "FIBERTOWN", "Street Number": "110", "Street Name": "North Main", "Zip code": 77803, "City": "Bryan", "State": "Texas", "Lattitude": 30.674279940659353, "Longitude": -96.373701404026022, "Description": "FIBERTOWN is the premier provider of Texas data center solutions, high availability colocation, and business continuity office space. With a 100% uptime SLA, FIBERTOWN houses the mission-critical\nIT systems for Fortune 500 companies and smaller organizations across many industries.\n\nThe SSAE 18 compliant data centers and award-winning DR office space offer a carrier neutral, one-stop solution for best-in-class technology and amenities. With locations in both Houston and Bryan, Texas, FIBERTOWN's data centers feature a pod design for maximum efficiency, fault-tolerant 2N power and cooling, and fully redundant multi-carrier internet connectivity.", "field_11": null, "field_12": null, "field_13": null, "field_14": null }, "geometry": { "type": "Point", "coordinates": [ -96.373701404026022, 30.674279940659353 ] } },
{ "type": "Feature", "properties": { "Data Center Name": "Stanton Data Center", "Address Name": "Huntleigh Technology Group", "Street Number": "100", "Street Name": "N. Stanton St.", "Zip code": 79901, "City": "El Paso", "State": "Texas", "Lattitude": 31.759038208514337, "Longitude": -106.48555503281642, "Description": "gain access the upper floor entrance to the data center area. The main entrance to the Huntleigh Technology Group data center is key accessed and then different key access is again required to enter the Huntleigh Technology Group mantrap. Once through, and upon entering the Huntleigh Technology Group data center, additional separate key access is required to enter the data center server sector.\n\n\nCustomer Access\n\nNo customer access is allowed into the separate Huntleigh Technology Group telecommunication power facility area. Only Huntleigh Engineering and Technical Operations personnel have access to the data center. Customer´€™s access to their equipment is by escort only, and all customers must sign in and show acceptable ID and then sign out. Customers with access to their own equipment have individual locked cabinets.\n\nColocation\n\nHuntleigh Technology Group offers data center collocation services: from hosting, to simple administration of your servers, to fully outsourced solutions that include dedicated I.T. professionals.\nWe backup our data center´€™s capabilities and collocation services with professional, experienced and a highly knowledgeable team of engineers, system administrators, and help desk staff.\n\nRack Space\nTo meet your specific collocation requirements, we offer 1/3, 1/2, and full racks as well as secured cages and fully enclosed cabinets.\n\nRedundant Power Feeds\nTo gain another level of redundancy, Huntleigh has dual power feeds pooled to power your servers and networking equipment.\n\nRemote Hands Service\nIf you need additional assistance, such as a server reboot or power cycling, our knowledgeable technicians are available to assist you anytime.\n\nCorporate Data Center Outsourcing\nWe offer a complete outsourced solution where we can host your Web, application, e-mail and database servers, manage your tape back-up, and implement and manage your VPN and firewall solutions. We monitor your entire IT infrastructure, so you can focus on your strategic priorities.\n\nManaged Firewall Services\nViruses, worms, hackers, terrorists, disgruntled employees, or any intruder attacks will have a hard time getting past the firewall that´€™s protecting your network.\n\nManaged VPN Services\nWith Huntleigh´€™s VPN solution, you can increase the security of remote communications without increasing your costs in the process.\n\nDisaster Recovery Services\nMany companies have trusted Huntleigh to provide Disaster Recovery, Managed Internet and Data Center services. Find out why you should, too.", "field_11": null, "field_12": null, "field_13": null, "field_14": null }, "geometry": { "type": "Point", "coordinates": [ -106.485555032816421, 31.759038208514337 ] } },
{ "type": "Feature", "properties": { "Data Center Name": "MDC El Paso - ELP1", "Address Name": "MDC Data Centers", "Street Number": "11455", "Street Name": "Cedar Oak Dr", "Zip code": 79936, "City": "El Paso", "State": "Texas", "Lattitude": 31.750021920685995, "Longitude": -106.30994866165268, "Description": "Beyond Colocation\nYou get everything you need to extend your network cost-effectively: reliable colocation, carrier-neutral interconnection, internet exchange, and international fiber crossing.\n\n\n100% Carrier-Neutral\nCarrier neutrality allows you to have more control over your business and interconnection services. We don't compete with you; we facilitate your growth.\n\n\nEnhanced Connectivity\nGet increased redundancy and improve your network performance by connecting through private interconnection, public peering or international fiber crossing.\n\n\nBusiness Advocacy\nFind the anchor customer for your business case or build a more effective solution with support of our team of experts and the Marketplace.", "field_11": null, "field_12": null, "field_13": null, "field_14": null }, "geometry": { "type": "Point", "coordinates": [ -106.309948661652683, 31.750021920685995 ] } },
{ "type": "Feature", "properties": { "Data Center Name": "Flō Networks El Paso", "Address Name": "Flo Networks", "Street Number": "500", "Street Name": "W Overland Avenue", "Zip code": 79901, "City": "El Paso", "State": "Texas", "Lattitude": 31.755383387913245, "Longitude": -106.49316999048833, "Description": null, "field_11": null, "field_12": null, "field_13": null, "field_14": null }, "geometry": { "type": "Point", "coordinates": [ -106.493169990488326, 31.755383387913245 ] } },
{ "type": "Feature", "properties": { "Data Center Name": "Lumen El Paso 2", "Address Name": "Lumen", "Street Number": "201", "Street Name": "E Main Drive\n4th Floor", "Zip code": 79901, "City": "El Paso", "State": "Texas", "Lattitude": 31.761110041618039, "Longitude": -106.48839216535414, "Description": "Facility Specifications\n\n. Total Space: 3,810 sq. ft.\n. Colocation Space: 652 sq. ft.\n. Ceiling height: 15'0\"\n. Available on-site parking\n. Freight elevator\n\nEnvironmental\n\n. Temperature and humidity controlled\n. Monitored building management system\n. Fire suppression and smoke detection\n\nPower\n\n. DC Power\n. Generator and battery backup\n\nSecurity\n\n. Stringent, multi-layered security control procedures\n\nNetwork Features\n\n. Diverse fiber connectivity\n. NPA-NXX: (801)-531\n. Level 3 portfolio of services\n. Backhaul services, if needed\n. Alternate carrier networks available", "field_11": null, "field_12": null, "field_13": null, "field_14": null }, "geometry": { "type": "Point", "coordinates": [ -106.488392165354142, 31.761110041618039 ] } },
{ "type": "Feature", "properties": { "Data Center Name": "Lumen El Paso 1", "Address Name": "Lumen", "Street Number": "501", "Street Name": "W. Overland", "Zip code": 79936, "City": "El Paso", "State": "Texas", "Lattitude": 31.755929346633408, "Longitude": -106.4935589904883, "Description": "Facility Specifications\n\n. Total Space: 20,000 sq. ft.\n. Colocation Space: 6,071 sq. ft.\n. Ceiling height: 12'6\"\n. N+1 HVAC configuration\n. Available on-site parking\n\nEnvironmental\n\n. Temperature and humidity controlled\n. Monitored building management system\n. Fire suppression and smoke detection\n\nPower\n\n. DC Power\n. Generator and battery backup\n\nSecurity\n\n. Stringent, multi-layered security control procedures\n\nNetwork Features\n\n. Diverse fiber connectivity\n. NPA-NXX: (915)-532\n. Level 3 portfolio of services\n. Backhaul services, if needed\n. Alternate carrier networks available", "field_11": null, "field_12": null, "field_13": null, "field_14": null }, "geometry": { "type": "Point", "coordinates": [ -106.493558990488296, 31.755929346633408 ] } },
{ "type": "Feature", "properties": { "Data Center Name": "Chase Tower El Paso", "Address Name": "Unknown Company", "Street Number": "201", "Street Name": "E Main Drive", "Zip code": 79901, "City": "El Paso", "State": "Texas", "Lattitude": 31.761055629525977, "Longitude": -106.48835150398052, "Description": null, "field_11": null, "field_12": null, "field_13": null, "field_14": null }, "geometry": { "type": "Point", "coordinates": [ -106.488351503980525, 31.761055629525977 ] } },
{ "type": "Feature", "properties": { "Data Center Name": "Optiquest Datacenter", "Address Name": "Optimum Computer Solutions (OCS)", "Street Number": "780", "Street Name": "Westridge Rd", "Zip code": 77380, "City": "The Woodlands", "State": "Texas", "Lattitude": 30.12119401552604, "Longitude": -95.453919932884489, "Description": "Features:\n[ ] 24/7 access\n[X] 24/7 staff on side\n[ ] 24/7 security guard(s)\n[X] Remote hands available\n[X] Video surveillance\n[X] Cleaner Propane Generator\n[X] UPS Every Rack\n[X] Alarm system\n[X] Aircondition\n[X] Security Gates\n\nServices:\n[ ] Rental of suites/rooms\n[ ] Rental of cages\n[ ] Rental of foot prints\n[X] Rental of racks\n[X] Hosting of individual servers\n[X] Dedicated servers\n[ ] Virtual servers\n[ ] Office space\n\nCurrently ATT, Level3, Cogent", "field_11": null, "field_12": null, "field_13": null, "field_14": null }, "geometry": { "type": "Point", "coordinates": [ -95.453919932884489, 30.12119401552604 ] } },
{ "type": "Feature", "properties": { "Data Center Name": "Lumen Lubbock 1", "Address Name": "Lumen", "Street Number": "1502", "Street Name": "Ave. N", "Zip code": 79479, "City": "Lubbock", "State": "Texas", "Lattitude": 33.58113062626586, "Longitude": -101.85164983273708, "Description": "Facility Specifications\n\n. Total Space: 5,000 sq. ft.\n. Colocation Space: 1,705 sq. ft.\n. Ceiling height: 15'0\"\n. N+1 HVAC configuration\n. Available on-site parking\n\nEnvironmental\n\n. Temperature and humidity controlled\n. Monitored building management system\n. Fire suppression and smoke detection\n\nPower\n\n. DC Power\n. Generator and battery backup\n\nSecurity\n\n. Stringent, multi-layered security control procedures\n\nNetwork Features\n\n. Diverse fiber connectivity\n. NPA-NXX: (806)-744\n. Level 3 portfolio of services\n. Backhaul services, if needed\n. Alternate carrier networks available", "field_11": null, "field_12": null, "field_13": null, "field_14": null }, "geometry": { "type": "Point", "coordinates": [ -101.851649832737081, 33.58113062626586 ] } },
{ "type": "Feature", "properties": { "Data Center Name": "Reese Data Center", "Address Name": "Reese Data Center", "Street Number": "9924", "Street Name": "Reese Blvd.", "Zip code": 79416, "City": "Lubbock", "State": "Texas", "Lattitude": 33.5943205207953, "Longitude": -102.0322042039006, "Description": "The Reese Data Center can provide the secure, controlled, reliable, efficient, and affordable environment that your servers, storage, and network equipment deserves. Colocation cabinets and cages can be customized to your specific needs.\n\nAt Reese Data Center, we understand you have specific needs often driven by the need for greater efficiency, security, and cost-savings. We have robust cabinet solutions to support and protect rack-mount servers, storage, and network equipment.\n\nFor the ultimate in flexibility and scalability, we can provide your business with virtually any cage configuration that your business demands. Our Secure Caged Colocation space can fill the need for virtually any size data center. Full unescorted access to the facility 24/7/365 for your entire technology team.", "field_11": null, "field_12": null, "field_13": null, "field_14": null }, "geometry": { "type": "Point", "coordinates": [ -102.032204203900605, 33.5943205207953 ] } },
{ "type": "Feature", "properties": { "Data Center Name": "NacSpace Data Center", "Address Name": "NacSpace.com", "Street Number": "2400", "Street Name": "North Stallings Drive", "Zip code": 75964, "City": "Nacogdoches", "State": "Texas", "Lattitude": 31.653147906973658, "Longitude": -94.67633301932851, "Description": "What sets NacSpace Data Center apart from other Data Centers is our service. From our East Texas data center location in Nacogdoches, TX, we provide concierge data center service that even includes transportation from the Nacogdoches airport for your visit to our colocation facility. Coworking office space where you can seamlessly access your data in the event of hurricanes is available by the day or month. Meeting rooms are available for rent. Our HelpDesk is available 24/7/365 days a year with remote hands support.\n\nOur secure and reliable Texas data center, built with Tier II Plus standards and redundant power. Each electric feed has its own UPS system, which are backed up by multiple generators. Our Colocation facility offers cabinets, cages, rack space, and accountability to meet your business objectives and ensure your success.\n\nWant all the benefits of a large data center without the expense of an in-house data center? NacSpace Data Center is your answer in East Texas. When you colocate your servers at the NacSpace East Texas colocation data center, your business can benefit from our data center services at a fraction of the cost of installing your servers in-house at your company facility. You can hire fewer IT specialists and take advantage of improved physical and data security, reliability, and scalability.\n\nWebsite hosting is also available on a dedicated server, virtual server, or shared hosting. WordPress website hosting is also available.", "field_11": null, "field_12": null, "field_13": null, "field_14": null }, "geometry": { "type": "Point", "coordinates": [ -94.67633301932851, 31.653147906973658 ] } },
{ "type": "Feature", "properties": { "Data Center Name": "Tyler Vault.com", "Address Name": "Tyler Vault.com", "Street Number": "110", "Street Name": "N College Ave", "Zip code": 75702, "City": "Tyler", "State": "Texas", "Lattitude": 32.351552937358143, "Longitude": -95.301874603955227, "Description": "When you colocate with us, your business can advertise that you are in a REAL Vault.\n\nIf you are anywhere in the area, call us and setup a tour. If you want to see how we built it, check out our web site.\n\nWe have:\nRedundant Fiber connections, via mutiple carriers.\nRedundant building power feeds.\nManaged and unmanaged colocation.\nPartial or full rack leasing.\nDisaster recovery design and implementation services.\nSecure off-site backup and disaster recovery.\nHardened access controlled facility.\nPower and communication redundancy.\n1,100 sq. foot vault hosting with 40 rack capability A & B power for each rack.\nRemote and local KVM support.\nOnsite private support and conference rooms.\nRemote Hands.", "field_11": null, "field_12": null, "field_13": null, "field_14": null }, "geometry": { "type": "Point", "coordinates": [ -95.301874603955227, 32.351552937358143 ] } },
{ "type": "Feature", "properties": { "Data Center Name": "MDC Laredo - LDO1", "Address Name": "MDC Data Centers", "Street Number": "13619", "Street Name": "Cabezut Dr Unitec Industrial Park", "Zip code": 78045, "City": "Laredo", "State": "Texas", "Lattitude": 27.690635476491824, "Longitude": -99.449923732979286, "Description": "Carrier-Neutral Edge Colocation\nFocused on interconnecting the World with Mexico across the border, our reliable colocation facilities are coupled with fiber crossing assets, internet exchange point, and always-on redundant infrastructure.\n\nBeyond Colocation\nYou get everything you need to extend your network cost-effectively: reliable colocation, carrier-neutral interconnection, internet exchange, and international fiber crossing.\n\n\n100% Carrier-Neutral\nCarrier neutrality allows you to have more control over your business and interconnection services. We don't compete with you; we facilitate your growth.\n\n\nEnhanced Connectivity\nGet increased redundancy and improve your network performance by connecting through private interconnection, public peering or international fiber crossing.\n\n\nBusiness Advocacy\nFind the anchor customer for your business case or build a more effective solution with support of our team of experts and the Marketplace.", "field_11": null, "field_12": null, "field_13": null, "field_14": null }, "geometry": { "type": "Point", "coordinates": [ -99.449923732979286, 27.690635476491824 ] } },
{ "type": "Feature", "properties": { "Data Center Name": "Windstream Laredo", "Address Name": "Windstream", "Street Number": "520", "Street Name": "Matamoros St", "Zip code": 78040, "City": "Laredo", "State": "Texas", "Lattitude": 27.50652546026933, "Longitude": -99.501467504150341, "Description": null, "field_11": null, "field_12": null, "field_13": null, "field_14": null }, "geometry": { "type": "Point", "coordinates": [ -99.501467504150341, 27.50652546026933 ] } },
{ "type": "Feature", "properties": { "Data Center Name": "Lumen Laredo 1", "Address Name": "Lumen", "Street Number": "518", "Street Name": "Farragut", "Zip code": 78040, "City": "Laredo", "State": "Texas", "Lattitude": 27.505837140660738, "Longitude": -99.501562990657931, "Description": "Facility Specifications\n\n. Total Space: 4,800 sq. ft.\n. Colocation Space: 1,750 sq. ft.\n. Ceiling height: 15'6\"\n. Available on-site parking\n\nEnvironmental\n\n. Temperature and humidity controlled\n. Monitored building management system\n. Fire suppression and smoke detection\n\nPower\n\n. DC Power\n. Generator and battery backup\n\nSecurity\n\n. Stringent, multi-layered security control procedures\n\nNetwork Features\n\n. Diverse fiber connectivity\n. NPA-NXX: (956)-712\n. Level 3 portfolio of services\n. Backhaul services, if needed\n. Alternate carrier networks available\n", "field_11": null, "field_12": null, "field_13": null, "field_14": null }, "geometry": { "type": "Point", "coordinates": [ -99.501562990657931, 27.505837140660738 ] } },
{ "type": "Feature", "properties": { "Data Center Name": "DataBank ACT1 - Waco", "Address Name": "DataBank", "Street Number": "700", "Street Name": "Austin", "Zip code": 76701, "City": "Waco", "State": "Texas", "Lattitude": 31.555010859099788, "Longitude": -97.133469203989236, "Description": "Previously known as Clearview - The Waco Information Technology Gateway (ITG). Acquired by Zayo/zColo in 2016. All Zayos colocation data centers were acquired by DataBank in 2020.\n\nACT1 Waco Data Center is a repurposed Cold War nuclear fall-out shelter, providing physical security previously unmet in the commercially available data center market. It’s Central Texas location is within a 100-mile radius from Dallas, Austin, Houston and San Antonio, allowing for true data replication between the W-ITG and clients in those cities. In addition, the Waco location is easily accessible by car in the event of an attack that impacts the nation’s airways.\n\nThe W-ITG is located on a power grid separate from Texas’ major city systems, providing an advantage during potential blackouts and brownouts. It incorporates dual transformer commercial power feeds and multi-carrier fiber availability for operating capacity and redundancy. The facility features a layered security protocol that includes biometrics, magnetic key cards, DVR cameras and onsite personnel. An 80-space parking lot has been converted to support mobile work-space recovery vehicles in the event employees are displaced from their daily work environments.", "field_11": null, "field_12": null, "field_13": null, "field_14": null }, "geometry": { "type": "Point", "coordinates": [ -97.133469203989236, 31.555010859099788 ] } },
{ "type": "Feature", "properties": { "Data Center Name": "Meta Temple Data Center", "Address Name": "Meta", "Street Number": null, "Street Name": "NW H K Dodgen Loop & Industrial Blvd", "Zip code": 76502, "City": "Temple", "State": "Texas", "Lattitude": 31.135979740557708, "Longitude": -97.373674746335126, "Description": "Located in Temple, Texas, the Meta Temple Data Center plays a vital role in supporting Meta's continued expansion within a dynamic technology corridor. This facility features substantial power capacity to accommodate the company's evolving needs while driving economic development in the surrounding region. Meta's commitment to supporting renewable energy initiatives aligns with the Temple Data Center's operations, demonstrating a focus on sustainable growth.", "field_11": null, "field_12": null, "field_13": null, "field_14": null }, "geometry": { "type": "Point", "coordinates": [ -97.373674746335126, 31.135979740557708 ] } },
{ "type": "Feature", "properties": { "Data Center Name": "Lumen Waco", "Address Name": "Lumen", "Street Number": "1417", "Street Name": "Airbase Rd,", "Zip code": 75705, "City": "Waco", "State": "Texas", "Lattitude": 31.612456395084418, "Longitude": -97.092762903986824, "Description": "Facility Specifications\n. Total Space: 4,800 sq ft\n. Colocation Space: 1,740 sq ft\n. Ceiling height: 20'0\"\n. Available on-site parking\n\nEnvironmental\n. Temperature and humidity controlled\n. Monitored building management system\n. Fire suppression and smoke detection\n\nPower\n. DC Power\n. Generator and battery backup\n\nSecurity\n. Stringent, multi-layered security control procedures\n\nNetwork Features\n. Diverse fiber connectivity\n. NPA-NXX: (254)-799\n. Level 3 portfolio of services\n. Backhaul services, if needed\n. Alternate carrier networks available", "field_11": null, "field_12": null, "field_13": null, "field_14": null }, "geometry": { "type": "Point", "coordinates": [ -97.092762903986824, 31.612456395084418 ] } },
{ "type": "Feature", "properties": { "Data Center Name": "Abilene Clean Campus", "Address Name": "Lancium", "Street Number": "5502", "Street Name": "Spinks Rd", "Zip code": 79601, "City": "Abilene", "State": "Texas", "Lattitude": 32.501498067618016, "Longitude": -99.789170719292144, "Description": "Lancium's Abilene Clean Campus is a state-of-the-art data center facility designed to support advanced computing applications, including bitcoin mining and high throughput computing for fields like medical research, video production, and vehicle design. Spanning over 1,000 acres, this campus leverages low-cost renewable energy to power its operations, contributing to the decarbonization and stability of the electric grid. The facility is equipped with Lancium's Smart Response™ technology, allowing it to adjust power consumption dynamically, thereby enhancing grid reliability. Additionally, the campus is expected to generate significant economic benefits for the local community, including job creation and increased local spending.", "field_11": null, "field_12": null, "field_13": null, "field_14": null }, "geometry": { "type": "Point", "coordinates": [ -99.789170719292144, 32.501498067618016 ] } },
{ "type": "Feature", "properties": { "Data Center Name": "Crusoe Abilene", "Address Name": "Crusoe Energy Systems LLC", "Street Number": null, "Street Name": null, "Zip code": 79601, "City": "Abilene", "State": "Texas", "Lattitude": 32.576799658716737, "Longitude": -99.679707499359409, "Description": "Crusoe Energy Systems LLC is set to establish a cutting-edge 200MW AI data center at the Lancium Clean Campus near Abilene, Texas. This facility represents the first phase in a larger plan to expand AI workloads across a 1.2 GW power capacity. The data center is designed to be a beacon of modern AI infrastructure, with high-density data halls optimized for direct-to-chip liquid cooling or rear-door heat exchangers, and the flexibility to incorporate air cooling.\n\nThe center will be powered by a multibillion-dollar investment and aims to operate up to 100,000 GPUs on a single integrated network fabric. This design is not only a leap forward in data center architecture but also in the scale of AI training and inference workloads it can support. Crusoe's collaboration with Lancium underscores a shared commitment to decarbonizing compute for energy-intensive workloads, leveraging local renewable energy sources to minimize environmental impact.\n\nExpected to be energized by 2025, the data center is a testament to Crusoe's mission to align the future of computing with the future of the climate. By reducing both the costs and environmental footprint of digital expansion, Crusoe is paving the way for sustainable growth in the AI sector.\n", "field_11": null, "field_12": null, "field_13": null, "field_14": null }, "geometry": { "type": "Point", "coordinates": [ -99.679707499359409, 32.576799658716737 ] } },
{ "type": "Feature", "properties": { "Data Center Name": "Lumen Harlingen 2", "Address Name": "Lumen", "Street Number": "514", "Street Name": "E Monroe Ave", "Zip code": 78550, "City": "Harlingen", "State": "Texas", "Lattitude": 26.193518858307378, "Longitude": -97.690739919541613, "Description": "General Features and Specs\n\nColocation Options\n\n. Standard Cabinet - 3kW\n. High Density Cabinet - 5kW\n. Custom Cage Cabinet – 3kW - 15kW\n. Field Tech Services Support Available\n\nNetwork Services\n\n. Edge Computing Solutions including Edge Bare Metal,\n. Private Cloud, Network Storage and others.\n. Hybrid Cloud and IT Solutions\n. Infrastructure Services including Waves, Dark Fiber,\n\nPrivate Line\n\n. Cloud Connect to AWS, Azure, Google and more\n\nEnvironmental\n\n. Temperature and humidity controlled\n. Monitored building management system\n. Fire suppression - Double Interlock Dry-pipe\n. Pre-Action W/ Dual zoned smoke/Ion detection", "field_11": null, "field_12": null, "field_13": null, "field_14": null }, "geometry": { "type": "Point", "coordinates": [ -97.690739919541613, 26.193518858307378 ] } },
{ "type": "Feature", "properties": { "Data Center Name": "Lumen Harlingen 1", "Address Name": "Lumen", "Street Number": "505", "Street Name": "E. Monroe", "Zip code": 78550, "City": "Harlingen", "State": "Texas", "Lattitude": 26.194055404112476, "Longitude": -97.690911504198198, "Description": "Facility Specifications\n\n. Total Space: 5,208 sq. ft.\n. Colocation Space: 1,734 sq. ft.\n. Ceiling height: 13'0\"\n. Available on-site parking\n\nEnvironmental\n\n. Temperature and humidity controlled\n. Monitored building management system\n. Fire suppression and smoke detection\n\nPower\n\n. DC Power\n. Generator and battery backup\n\nSecurity\n\n. Stringent, multi-layered security control procedures\n\nNetwork Features\n\n. Diverse fiber connectivity\n. NPA-NXX: (956)-730\n. Level 3 portfolio of services\n. Backhaul services, if needed\n. Alternate carrier networks available", "field_11": null, "field_12": null, "field_13": null, "field_14": null }, "geometry": { "type": "Point", "coordinates": [ -97.690911504198198, 26.194055404112476 ] } },
{ "type": "Feature", "properties": { "Data Center Name": "DataNovaX Pioneer Park", "Address Name": "DataNovaX", "Street Number": "2236", "Street Name": "Airport Dr", "Zip code": 76306, "City": "Wichita Falls", "State": "Texas", "Lattitude": 33.953332572686499, "Longitude": -98.524710375048642, "Description": "DataNovaX's Pioneer Park is a state-of-the-art data center located in Wichita Falls, Texas. The first phase of this development boasts a 37,000-square-foot facility with 6 MW of power, designed with N+1 systems redundancies to ensure uninterrupted service. Adhering to TIER III specifications and SOC 1 Type II and ISO/IEC 27001 standards, the center promises high reliability and security standards.\n\nThe second phase of Pioneer Park is set to expand its capabilities significantly, with plans for a 550,000-square-foot facility equipped with 150 MW of power. This phase is tailored for high-density AI and high-performance computing (HPC) applications, featuring build-to-suit liquid cooling options utilizing AI-ready Vertiv® technology, and Alcatex® Partner for enhanced cooling solutions.\n\nSecurity and connectivity are paramount at Pioneer Park, with perimeter fencing, dual-system chemical and water fire suppression, and 24x7 on-site security personnel with biometric scanners for multi-factor authentication. The network infrastructure offers Gold standard Cardinal Diversity with 4X fiber routes and a carrier-neutral provider ecosystem, ensuring robust and flexible connectivity options for clients.", "field_11": null, "field_12": null, "field_13": null, "field_14": null }, "geometry": { "type": "Point", "coordinates": [ -98.524710375048642, 33.953332572686499 ] } },
{ "type": "Feature", "properties": { "Data Center Name": "Lumen Wichita Falls 1", "Address Name": "Lumen", "Street Number": "301", "Street Name": "Lee St", "Zip code": 76301, "City": "Wichita Falls", "State": "Texas", "Lattitude": 33.919444076242158, "Longitude": -98.490897503886032, "Description": "General Features and Specs\n\nColocation Options\n\n. Standard Cabinet - 3kW\n. High Density Cabinet - 5kW\n. Custom Cage Cabinet – 3kW - 15kW\n. Field Tech Services Support Available\n\nNetwork Services\n\n. Edge Computing Solutions including Edge Bare Metal,\n. Private Cloud, Network Storage and others.\n. Hybrid Cloud and IT Solutions\n. Infrastructure Services including Waves, Dark Fiber,\n\nPrivate Line\n\n. Cloud Connect to AWS, Azure, Google and more\n\nEnvironmental\n\n. Temperature and humidity controlled\n. Monitored building management system\n. Fire suppression - Double Interlock Dry-pipe\n. Pre-Action W/ Dual zoned smoke/Ion detection", "field_11": null, "field_12": null, "field_13": null, "field_14": null }, "geometry": { "type": "Point", "coordinates": [ -98.490897503886032, 33.919444076242158 ] } },
{ "type": "Feature", "properties": { "Data Center Name": "Lumen Amarillo 1", "Address Name": "Lumen", "Street Number": "512", "Street Name": "SE 8th Avenue", "Zip code": 79101, "City": "Amarillo", "State": "Texas", "Lattitude": 35.204646872744917, "Longitude": -101.83163619033475, "Description": "Facility Specifications\n\n.Total Space: 5,000 sq. ft.\n.Colocation Space: 1,731 sq. ft.\n.Ceiling height: 15'\n.Available on-site parking\n\nEnvironmental\n\n.Temperature and humidity controlled\n.Monitored building management system\n.Fire suppression and smoke detection\n\nPower\n\n.DC Power\n.Generator and battery backup\n\nSecurity\n\nStringent, multi-layered security control procedures\n\nNetwork Features\n\n.Diverse fiber connectivity\n.NPA-NXX: (806)-371\n.Level 3 portfolio of services\n.Backhaul services, if needed\n.Alternate carrier networks available", "field_11": null, "field_12": null, "field_13": null, "field_14": null }, "geometry": { "type": "Point", "coordinates": [ -101.831636190334748, 35.204646872744917 ] } },
{ "type": "Feature", "properties": { "Data Center Name": "Lumen Corpus Christi 1", "Address Name": "Lumen", "Street Number": "4901", "Street Name": "Westway Drive", "Zip code": 78408, "City": "Corpus Christi", "State": "Texas", "Lattitude": 27.792820476133723, "Longitude": -97.451604390647177, "Description": "Facility Specifications\n\n. Total Space: 4,800 sq. ft.\n. Colocation Space: 1,761 sq. ft.\n. Ceiling height:13'0\"\n. Available on-site parking\n\nEnvironmental\n\n. Temperature and humidity controlled\n. Monitored building management system\n. Fire suppression and smoke detection\n\nPower\n\n. DC Power\n. Generator and battery backup\n\nSecurity\n\n. Stringent, multi-layered security control procedures\n\nNetwork Features\n\n. Diverse fiber connectivity\n. NPA-NXX: (361)-861\n. Level 3 portfolio of services\n. Backhaul services, if needed\n. Alternate carrier networks available", "field_11": null, "field_12": null, "field_13": null, "field_14": null }, "geometry": { "type": "Point", "coordinates": [ -97.451604390647177, 27.792820476133723 ] } },
{ "type": "Feature", "properties": { "Data Center Name": "MDC Eagle Pass - EGP1", "Address Name": "MDC Data Centers", "Street Number": "464", "Street Name": "Bliss St", "Zip code": 78852, "City": "Eagle Pass", "State": "Texas", "Lattitude": 28.702844717638801, "Longitude": -100.50489263294064, "Description": "MDC's Eagle Pass data center (EGP1) provides a crucial interconnection point along the Texas-Mexico border. It is strategically designed to meet surging connectivity demands between Queretaro and Dallas. EGP1 plays a vital role in diversifying routes and opening new business opportunities, especially for content providers and networks seeking to expand their reach in Mexico.", "field_11": null, "field_12": null, "field_13": null, "field_14": null }, "geometry": { "type": "Point", "coordinates": [ -100.504892632940638, 28.702844717638801 ] } },
{ "type": "Feature", "properties": { "Data Center Name": "Fort Stockton Clean Campus", "Address Name": "Lancium", "Street Number": "1753", "Street Name": "US Hwy 285", "Zip code": 79735, "City": "Fort Stockton", "State": "Texas", "Lattitude": 30.903199397428949, "Longitude": -102.91412780401649, "Description": "The Lancium Clean Campus in Fort Stockton, Texas, is a state-of-the-art data center facility designed to harness renewable energy and support grid stability. Spanning over 100,000 square feet, this campus hosts advanced computing applications, including Bitcoin mining and high-throughput computing for fields like medical research and video production. The facility is strategically located in an area rich with renewable energy resources, allowing it to utilize excess power and contribute to grid reliability. Lancium's proprietary software enables flexible power management, ensuring efficient energy use and minimizing carbon emissions. The campus also brings significant economic benefits to the local community, providing high-paying jobs and boosting local spending.\n", "field_11": null, "field_12": null, "field_13": null, "field_14": null }, "geometry": { "type": "Point", "coordinates": [ -102.914127804016488, 30.903199397428949 ] } },
{ "type": "Feature", "properties": { "Data Center Name": "Data Journey The Bunker", "Address Name": "Data Journey", "Street Number": null, "Street Name": "550 Club Dr.", "Zip code": 77316, "City": "Montgomery", "State": "Texas", "Lattitude": 30.376857422463875, "Longitude": -95.669432004038214, "Description": "If you are looking for a data center that will protect your data and provide a top-of-line facility for your company you have found the right place. We offer almost 40,000 square feet located securely underground safe from any natural disaster. Our site is on one of the the highest pieces of property in Southeast Texas and located safely away from any industrial center.\n\nWe offer a range of services from shared cabinets in an ultra-secure room located 30 to 50 feet underground to dedicated cabinets and open floor space up to 5,000 square feet.\n\nYou can connect to your data over a secure, diverse private network tied to several of the major metro Ethernet providers. This network provides the highest reliability at the lowest available cost. Bandwidth is adjustable on demand ranging from 10mbps to Gigabit speed.\n\nWe also provide the highest level of comfort for your key personnel on Lake Conroe, directly tied to the bunker facility. Our Cisco IP telephone system can support redirects of your original office numbers regardless of your location in Texas. Additional cities around the US are available on a per request basis.", "field_11": null, "field_12": null, "field_13": null, "field_14": null }, "geometry": { "type": "Point", "coordinates": [ -95.669432004038214, 30.376857422463875 ] } },
{ "type": "Feature", "properties": { "Data Center Name": "Core Scientific Pecos", "Address Name": "Core Scientific", "Street Number": "1939", "Street Name": "Farm to Market 2119", "Zip code": 79772, "City": "Pecos", "State": "Texas", "Lattitude": 31.54079304958325, "Longitude": -103.81773889049738, "Description": "Core Scientific Pecos is a state-of-the-art datacenter located in Pecos, Texas. Established in 2022, this facility is a new development, sprawling across 100 acres with a substantial 125,000 square feet under roof. It boasts an energized capacity of 50 MW and a total available capacity of 234 MW, designed to support large-scale operations. The datacenter operates within an annual temperature range of 28 to 99 degrees, ensuring optimal performance in various climatic conditions.", "field_11": null, "field_12": null, "field_13": null, "field_14": null }, "geometry": { "type": "Point", "coordinates": [ -103.817738890497381, 31.54079304958325 ] } },
{ "type": "Feature", "properties": { "Data Center Name": "Lumen Stratford 1", "Address Name": "Lumen", "Street Number": "501", "Street Name": "W Texas Avenue", "Zip code": 79084, "City": "Stratford", "State": "Texas", "Lattitude": 36.336572672060733, "Longitude": -102.07215141137445, "Description": "Facility Specifications\n\n. Total Space: 20,000 sq ft.\n. Colocation Space: 1,639 sq ft.\n. Ceiling height: 20'0\"\n. N+1 HVAC configuration\n. Available on-site parking\n. Loading dock\n\nEnvironmental\n\n. Temperature and humidity controlled\n. Monitored building management system\n. Fire suppression and smoke detection\n\nPower\n\n. DC Power\n. Generator and battery backup\n\nSecurity\n\n. Stringent, multi-layered security control procedures\n. Dual authentication system\n\nNetwork Features\n\n. Diverse fiber connectivity\n. NPA-NXX: (806)-396\n. Level 3 portfolio of services\n. Backhaul services, if needed\n. Alternate carrier networks available", "field_11": null, "field_12": null, "field_13": null, "field_14": null }, "geometry": { "type": "Point", "coordinates": [ -102.072151411374449, 36.336572672060733 ] } }
]
}
