Data Center Name,Address Name ,Street Number ,Street Name,Zip code,City,State ,Lattitude,Longitude,Description,,,,
2323 Bryan Street (DFW10),Digital Realty,2323,Bryan Street,75201,Dallas,Texas,33,#VALUE!,"Located in downtown Dallas Univision Tower is one of the premier Internet gateways in the United States. Consisting of over 477,000 square feet the telecommunications facility serves as the southwest headquarters for the Univision broadcasting network and is the nexus of metro-area national and international communications networks in the southwestern United States.",,,,
8435 Stemmons Freeway (DFW36),Digital Realty,8435,Stemmons Freeway,75247,Dallas,Texas,33,-96.87364466,"Building: 11 stories 230,700 (sq.ft.)

Telx Leased: 34,901 (sq.ft.)

Flood Zone: Outside 100 year flood plain

Seismic: Zone 1

Utility Power Capacity: 6000 (kW)

UPS Power Capacity: 1040 (kW)

UPS Redundancy: N+1

Power Density: 125 (W/sq.ft.)

DC Power Capacity: 50 (kW)

Generator Power Capacity: 3000 (kW)

Generator Redundancy: N+1

Cooling Redundancy: N+1

Roof: Single membrane with insulation, Roof rights available

Floor Loading: 125 (lbs/sq.ft.)

Fiber and Building Entry: Diverse conduit entry points

Security: 24x365 security staff, Proximity card and biometic access control, Digital video monitoring and recording, SSAE 16 SOC2 Complaint

Parking: Parking available w/ security cameras, Reserved and open parking",,,,
1232 Alma Road (DFW16),Digital Realty,1232,Alma Road,75081,Richardson,Texas,33,-96.7157468,"Located in the epicenter of north Dallas' high technology corridor, 1232 Alma Road is a 105,726 square foot free-standing building situated in Digital Realty Trust's 69-acre Datacenter Park - Dallas. Electrical service to the park is distributed from a dedicated, privately owned substation capable of delivering up to 100 MW of power. Telecommunications service is provided by nine different fiber providers currenlty located in the park. 1232 Alma Road is a multi-tenant facility designed for 6,750 kW of IT load. The building is fully-leased.",,,,
4025 Midway Rd (DFW11),Digital Realty,4025,Midway Rd,75007,Carrollton,Texas,33,-96.8446396,"Conveniently located near the George Bush Turnpike and North Dallas Tollway, this facility of more than 100,000 square feet, was built in 2000 and renovated in 2008 and provides an ideal data center location. This building provides data center and office space for lease.",,,,
850 E. Collins Boulevard (DFW28),Digital Realty,850,E. Collins Boulevard,75081,Richardson,Texas,33,-96.71318999,"Digital Realty's datacenter at 850 E. Collins Boulevard is in a 121,000 square foot free-standing facility in our 69-acre data campus known as Digital Dallas. Electrical service to the park is served by diverse substation feeders, to our dedicated, privately owned, substation capable of delivering up to 100 MW of power.",,,,
1210 Integrity Drive (DFW18),Digital Realty,1210,Integrity Drive,75081,Richardson,Texas,33,-96.71385658,"1210 Integrity Drive is on a 7.73-acre green field in our 69-acre data campus known as Digital Dallas. Electrical service to the park is served by diverse substation feeders to our dedicated, privately owned, substation, which can deliver up to 100 MW of power.",,,,
Centersquare Webb Chapel,Centersquare,11830,Webb Chapel Rd. Suite 200,75234,Dallas,Texas,33,-96.871025,"EVOQUE DALLAS/WEBB CHAPEL
11830 Webb Chapel Rd. Suite 200, Dallas, TX 75234
Dallas/Webb Chapel provides high-speed connectivity to Evoque's other US data centers, with low-latency Internet connectivity and direct cloud access to public clouds. Excellent resilience, two private conference rooms, and ample drop-in office space make it the ideal location for several of the largest global organizations.",,,,
900 Quality Way (DFW17),Digital Realty,900,Quality Way,75081,Richardson,Texas,33,-96.71274274,"Located in the epicenter of north Dallas' high technology corridor, 900 Quality Way sits in the middle of Digital Realty Trust's 69-acre Datacenter Park - Dallas. The building has approximately 83,000 square feet on the first floor and almost 29,000 square feet on a second floor mezzanine. Electrical service to the park is distributed from a dedicated, privately owned substation capable of delivering up to 100 MW of power. Telecommunications service is provided by nine different fiber providers currenlty located in the park. 900 Quality Way is planned as a multi-tenant facility with 6,675 kW of IT load and over 60,000 square feet of raised floor area. It's available for lease on either a Powered Base Building or Turn-Key Datacenter basis.",,,,
Cologix DAL1,Cologix,1950,"N. Stemmons Fwy
Suite 1032",75207,Dallas,Texas,33,-96.8195337,"Connectivity Choice

Cologix is your network neutral partner, providing customers with buying power and direct interconnection choice of 35+ unique networks in the company's on-site MMR, in addition to other tenants in the INFOMART.

Relentless Infrastructure

With two power feeds from three different utility substations using two automatic transfer switches (ATSs), two uninterruptible power systems (UPSs), and a backup generator, the robust Cologix Dallas facility offers leading power redundancy. On top of that, the INFOMART location promises additional power reliability on a priority feed with the Parkland Health Hospital System. The data center uses a redundant and efficient perimeter computer room air conditioning (CRAC) system with overhead ducted supply in cold aisle/hot aisle configuration.

Certified & Secure

The Cologix data center is SSAE 16 SOC1 audited, with support to gain PCI compliance on an individual basis. Additionally, the Cologix operated tailgate-proof mantrap is augmented by 24/7 on-site security guards, keycard and biometric authentication access, and closed-circuit TV (CCTV).

The Most Customer Friendly Provider in Dallas

All customers have direct and 24/7 access to seasoned local engineers and support teams, in addition to a web-based portal for online technical support ticket submissions. Local Cologix technicians also leverage the Cologix Command data center infrastructure management (DCIM) platform to continually monitor service to ensure business continuity, alerting customers with options when nearing capacity.

Why Cologix Dallas?

Dallas is situated at the major crossroads of network connectivity in the South Central United States. Cologix maintains 40,000 SQF of data center space in the INFOMART building, which has the largest number of carriers out of any single building in a 900-mile radius, with more than 8,700 strands of fiber. This makes Cologix Dallas the perfect location to colocate your proximity-reliant or latency-sensitive applications.",,,,
Centersquare Allen,Centersquare,900,Guardians Way,75013,Dallas,Texas,33,-96.68330292,"EVOQUE TEXAS
900 Guardians Way, Allen, TX 75013
Evoque Allen is cloud-enabled, with low-latency Internet connectivity, and high-speed connections to Evoque's data centers across the US, with the resilience and physical security you expect from a world-class data center provider.

115,633 sq. ft. data center; 77,124 sq. ft. of raised floor
Standard cabinet: 45U 42"" deep 4 & 6 kW
Standard cage capacity: up to 300 W/sq. ft.
Higher densities with build to suit
Cloud-enabled with Evoque Connectivity Suite and Megaport
99.999% SLA on power, network and bandwidth
Seismic Zone 1",,,,
Cologix DAL2,Cologix,1950,"North Stemmons Freeway
Suite 2010",75207,Dallas,Texas,33,-96.81886405,"Cologix Enterprise Data Center
This technology-forward data center reflects Cologix’s latest expansion in one of the most robust communications markets in the United States. We maintain 50K SQFT of data center space across our three Dallas colocation data centers in the Infomart building, which has the largest number of carriers out of any single building in a 900-mile radius, and more than 8,700 strands of fiber.

With 2N redundancy on the UPS and generator and hot-aisle containment with in-row cooling, the DAL2 data center is designed and built to support 99.999% uptime and growing power densities.",,,,
1215 Integrity Drive (DFW25),Digital Realty,1215,Integrity Drive,75081,Richardson,Texas,33,-96.71445995,"Located in the North Dallas high technology corridor, 1215 Integrity Drive is a single-story data center facility situated on the southwest corner of the 69-acre Digital Dallas data campus. Totaling approximately 112,258 sq. ft., the building was constructed in 2012 and is the first Digital Realty ground-up data center building constructed on the campus. The property is fully leased with 50% of the leased premises expiring 9/30/27 and 50% expiring 7/31/30. Electrical service to the park is distributed from a dedicated, privately owned substation capable of delivering up to 100 MW of power. Telecommunications service is provided by nine different fiber providers currently located within the park.",,,,
Cologix DAL3,Cologix,1950,"North Stemmons Freeway
Suite 2004",75207,Dallas,Texas,33,-96.81900414,"Flexible, Physical and Virtual Connections to the Cloud
Cologix’s newest interconnection hub in Dallas offers an additional 13K SQFT in the renowned Infomart, the region’s premier carrier hotel and most densely connected building within a 900-mile radius. DAL3 offers 2.25 MW of power, direct onramps to Amazon Web Services® Direct Connect and Microsoft® Azure ExpressRoute and on-demand, virtual cloud access through Cologix Access Marketplace.",,,,
950 E. Collins Boulevard (DFW29),Digital Realty,950,E. Collins Boulevard,75081,Richardson,Texas,33,-96.70958977,"950 E. Collins is a 121,370 SF free-standing building located in Digital Realty's 69-acre data campus known as Digital Dallas. The project is located in the epicenter of North Dallas' high technology corridor, with electrical service to the park distributed via a dedicated, privately owned, substation capable of delivering up to 100 MW of power. Telecommunications service is provided by nine different fiber providers currently located in the park. 950 E. Collins is planned as a multi-tenant facility with approximately 60,000 sq. ft. of raised floor space and 6.75 MW of IT load. It is available for lease on a Turn-Key Flex basis.",,,,
Stream DC DFW VII - Garland,Stream Data Centers,1813,Lookout Drive,75044,Garland,Texas,33,-96.6546325,"Stream Data Centers' newly constructed DFW VII facility is an expandable 138,132 SF data center with a new on-site Oncor substation and dual (2) dedicated underground 40 MW utility feeds, predesigned to support full capacity of the campus.

Ultimately, in future phases, the campus will total approximately 400,000 square feet of data center space. Today Stream's DFW VII data center features:


HIGHLIGHTS:

- A 22.66-acre site in Garland, Texas located on Lookout Drive, in close proximity to robust Northeast Dallas, Richardson and Garland amenities, power and fiber infrastructure.

- Initial 138,132 square-foot structurally enhanced facility with land available for multiple phases, and 75,000 square feet of fully commissioned data hall space.

- Two (2) 40 MW utility feeds from a new on-site Oncor substation offering power at competitive transmission rates, and options for renewable energy.

- Two (2) diverse telco entrances, with multiple fiber providers and a strong mix of local, long haul and dark fiber providers to the site through multiple routes.

- Designed to meet or exceed size and capital investment requirements under House Bill 1223 sales tax exemption program.

- Optimal location outside of flight paths, railways and FEMA 500-year flood plain.

- Multiple network service providers are engaged for diverse dark fiber paths back to the major carrier hotels and cloud interconnection locations, allowing our customers to expand beyond the providers that are in the immediate area with access to 100+ network and cloud providers.",,,,
2440 Marsh Lane (DFW12),Digital Realty,2440,Marsh Lane,75006,Carrollton,Texas,33,-96.8539841,,,,,
Hivelocity - Dallas 1,Hivelocity,1515,Round Table Dr,75247,Dallas,Texas,33,-96.8784099,"Hivelocity was founded in 2002 by a few guys with a single mission to create an exceptional company with a singular focus on simplifying hosting. Starting with a single rack of servers located in the quintessential basement, (every great start-up story starts in a basement or garage after all) our vision was to build a hosting company that not only supported customer growth but fostered it as well. Our philosophy back in 2002 is the same as it is today, the more successful our customers are the more successful we will be. Hivelocity's goal has always been to do whatever possible, whenever possible to put our customers in the best position to succeed, with the simple hope that our customer's success would eventually lead to them needing more of our services.

Our deliberate effort to focus only on the customer's needs and success has led us from the single rack of servers in that dingy basement to operating 8 world-class data centers totaling over 70,000 square feet across Florida, Georgia, New York, Texas, California, and Washington State. Today we maintain and manage over 15,000 physical and virtualized servers and provide managed solutions on dedicated servers, virtual servers and private cloud. Each of our data centers is SSAE-16 SOC1 and SOC2 certified with HIPAA and PCI compliant services also available. Hivelocity is privately held and currently employs 80 of the brightest technicians, engineers and programmers in the business.

Through all of the growth and all of the added service offerings our mission has never changed provide our customers with a solution and environment that puts them in the best position to succeed. To us this means providing incredibly reliable solutions that allow our customers to focus on running their business. It means providing a level of customer service and support that far exceeds their expectations. It means always considering the customer's user experience first in everything we do and offer. Lastly, it means doing all of these things at a price point that enables their businesses to flourish.

To provide the ultimate user experience through exceptional customer service, flawless reliability and extraordinary innovation. Today and always.",,,,
907 Security Row (DFW35),Digital Realty,907,Security Row,75081,Richardson,Texas,33,-96.71001286,,,,,
Flexential Dallas - Plano Data Center,Flexential,3500,E Plano Pkwy,75074,Plano,Texas,33,-96.66623738,"Built to accommodate power densities of 1,500 W per square foot, our generation 4 Dallas - Plano data center offers proprietary & highly efficient cooling & 261,400+ square feet of gross building capacity - ample room for your growth.

Our Dallas - Plano facility features:

- 261,425 square-foot data center footprint
- 1500+ watts per square foot power density
- 100% SLA on power, cooling, network and bandwidth

Flexential empowers the IT journey of the nation's most complex businesses by offering flexible and tailored hybrid IT solutions comprised of colocation, cloud, connectivity, data protection, managed, and professional services. The company builds on a platform of three million square feet of data center space in 19 highly connected markets, and on its 100Gbps private backbone to meet the most stringent challenges in security, compliance, and resiliency. See how Flexential goes beyond the four walls of the data center to empower IT through an interactive map found on www.flexential.com.",,,,
Flexential Dallas - Downtown Data Center,Flexential,1950,Stemmons Freeway,75207,Dallas,Texas,33,-96.8194987,"Five data centers. One location. Our Dallas - Downtown complex is designed with a single focus: protecting your mission-critical data and applications. Our facility is 80,000+ square feet and backed by our 100% network and bandwidth uptime commitment.

Our Dallas - Downtown facility features:

- 80,447 square-foot data center footprint
- 150+ watts per square foot power density
- 100% SLA on power, cooling, network and bandwidth

Flexential empowers the IT journey of the nation's most complex businesses by offering flexible and tailored hybrid IT solutions comprised of colocation, cloud, connectivity, data protection, managed, and professional services. The company builds on a platform of three million square feet of data center space in 19 highly connected markets, and on its 100Gbps private backbone to meet the most stringent challenges in security, compliance, and resiliency. See how Flexential goes beyond the four walls of the data center to empower IT through an interactive map found on www.flexential.com.",,,,
4849 Alpha Road (DFW14),Digital Realty,4849,Alpha Road,75244,Dallas,Texas,33,-96.82796352,,,,,
908 Quality Way (DFW20),Digital Realty,908,Quality Way,75081,Richardson,Texas,33,-96.709869,,,,,
904 Quality Way (DFW21),Digital Realty,904,Quality Way,75081,Richardson,Texas,33,-96.71161213,,,,,
Flexential Dallas - Richardson Data Center,Flexential,3010,Waterview Parkway,75080,Richardson,Texas,33,-96.75271723,"Our Dallas - Richardson data center offers secure, reliable colocation, cloud, connectivity and DR solutions over our 100 Gbps network backbone. The facility is certified for compliance with HITRUST CSF & PCI DSS & more regulatory standards.

Our Dallas - Richardson facility features:

- 100,807 square-foot data center footprint
- 240+ watts per square foot power density
- 100% SLA on power, cooling, network and bandwidth

Flexential empowers the IT journey of the nation's most complex businesses by offering flexible and tailored hybrid IT solutions comprised of colocation, cloud, connectivity, data protection, managed, and professional services. The company builds on a platform of three million square feet of data center space in 19 highly connected markets, and on its 100Gbps private backbone to meet the most stringent challenges in security, compliance, and resiliency. See how Flexential goes beyond the four walls of the data center to empower IT through an interactive map found on www.flexential.com.",,,,
2501 S. State Highway 121 (DFW26),Digital Realty,2501,S. State Highway 121,75056,Lewisville,Texas,33,-96.99959008,"Digital Convergence comprises 829,372 sq. ft. on 168.4 acres, including 60 acres of additional land for future development, located in Lewisville, Texas, which competes in the Northwest Dallas submarket. The property was originally developed by Texas Instruments. The campus consists of ten large-box building connected to a central utility plant (CUP) by a central spine. Buildings 1, 11 and part of 3 are two stories with the remaining buildings single-story.",,,,
Stream DC DFW-VIII - Wilmer,Stream Data Centers,60,Sunrise Road,75146,Wilmer,Texas,33,-96.700931,"Stream Data Centers' DFW-VIII is a state-of-the-art facility located on a 77-acre hyperscale campus in South Dallas County. This build-to-suit development is designed to support 90 MW and 690,000 SF at full build, with construction currently underway. The data center benefits from a new on-site Oncor substation, ensuring reliable utility power and robust fiber infrastructure.

The DFW-VIII facility offers a unique balance of speed to market, flexibility, and resiliency. It is strategically located away from flight paths, railways, and FEMA 500-year flood plains, providing an optimal site for data center operations. The campus features dual dedicated underground 40 MW utility feeds, pre-designed to support the full capacity of the campus, and offers 100% renewable power options at competitive transmission rates.

Tenants at DFW-VIII will enjoy a network-rich environment with a strong mix of local, long haul, and dark fiber providers. The data center is designed with closed-loop chillers to enhance water usage effectiveness (WUE) and boasts less than 1 ms roundtrip latency to major carrier hotels. Additionally, it is constructed to meet or exceed the Texas State Data Center Sales Tax Exemption program size and capital investment requirements, offering significant tax incentives.",,,,
Datacenter Park - Dallas,Digital Realty,900-908 ,Quality Way,75081,Richardson,Texas,33,-96.71265689,,,,,
CyrusOne DFW1 - Carrollton,CyrusOne Data Centers,1649,Frankfort Road West,75007,Carrollton,Texas,33,-96.93170131,"CyrusOne (NASDAQ: CONE) specializes in highly reliable enterprise-class, carrier-neutral data center properties. The company provides mission-critical data center facilities that protect and ensure the continued operation of IT infrastructure for more than 500 customers, including nine of the global Fortune 20 and more than 100 of the Fortune 1000 companies.

CyrusOne’s data center offerings provide the flexibility, reliability, and security that enterprise customers require and are delivered through a tailored, customer service-focused platform designed to foster long-term relationships. CyrusOne's internet interconnection platform provides robust connectivity options for enterprises, content, and telecommunications companies. CyrusOne is committed to full transparency in communication, management, and service delivery throughout its 25 data centers worldwide.",,,,
NTT Dallas TX1,NTT Global Data Centers,2008,Lookout Drive,75044,Garland,Texas,33,-96.65736824,"NTT Dallas TX1, the first of five planned data centers on NTT's 42-acre Dallas campus, is perfect for deployments of all sizes with wholesale dedicated vaults, build-to-suit solutions, and retail colocation cages and secure racks available.

Space and location:
- 118,000 sq. ft. of data hall space
- Located in Garland, Texas, conveniently located off of the President George Bush Turnpike with easy access from local airports

Power:
- 16MW of critical IT load
- 1MW, 2MW, 3MW and 5MW customizable private suites and cages
- 100% renewable energy packages available

Connectivity:
- Carrier-neutral data center with three diverse fiber entrances
- Multiple Tier-1 carriers on-site, along with access to many major telecom and cloud providers

Cooling:
- Waterless cooling using indirect air exchange heat wheel cooling technology

Security:
- Multi-factor authentication and multi-level security zones
- Intelligent high-definition video surveillance system with 100+ real-time security feeds
- Anti-climb perimeter fence",,,,
Prime Dallas Data Center Campus,Prime Data Centers,1515,Round Table,75247,Dallas,Texas,33,-96.87849573,"Prime Data Centers brings a focus on connectivity and sustainability to their Dallas data center campus. Featuring two facilities spanning 19 critical megawatts, the campus is designed to support the dynamic growth of technology-driven organizations within the region.

The Dallas location offers access to renewable energy sources and near-zero Water Usage Effectiveness (WUE), demonstrating Prime's commitment to environmentally conscious data center solutions. Companies seeking a strategic base for expansion in the data center capital of the midwest, Prime's Dallas campus a compelling option.",,,,
TierPoint Dallas,TierPoint,3004,Irving Blvd,75247,Dallas,Texas,33,-96.85761861,"Since 2000, businesses in North Texas, across the US, and around the globe have relied on TierPoint in Dallas to connect and protect their most critical IT assets. With 68,000 square feet of environmentally controlled, secure data center space, the facility offers true 2N power and multi-homed connectivity from leading carriers. Solutions offered include cloud, colocation and managed services.

TierPoint Texas (formerly Colo4) delivers seamless data center migration & installation a full suite of managed security services comprehensive business continuity and managed backup in a state-of-the-art 68,000 sq ft facility, backed by a proven, dedicated staff 24x7x365.",,,,
CyrusOne DFW3 - Allen,CyrusOne Data Centers,2300,Chelsea Blvd,75013,Allen,Texas,33,-96.65981276,"Strategically located in Allen, Texas, CyrusOne’s newest Dallas DFW3 data center is 976,000 square feet and contains 580,000 square feet of raised floor/white space at full build-out. The facility is purpose-built, offering industry-leading efficiencies, the latest cooling technology, uniquely low PUEs, and multilayer security. With over 90 acres, at full build, CyrusOne’s DFW3 campus is the largest data center campus in Texas.",,,,
Prime Dallas - Data Center 1,Prime Data Centers,1515,Round Table,75247,Dallas,Texas,33,-96.8784186,"Prime Dallas (1) is a 7.5-megawatt (critical), purpose-built data center in Dallas, Texas. The first of two planned campus data centers, this facility offers diverse colocation capabilities for a wide range of workloads and proximity to Infomart for unmatched regional connectivity options. Customers may lease shared cabinets up to a dedicated suites.",,,,
TierPoint Dallas - Fort Worth,TierPoint,13701,Independence,76177,Fort Worth,Texas,33,-96.85563459,"Just minutes from DFW International Airport, TierPoint's Dallas-Fort Worth data center showcases cutting-edge design and innovation, offering flexibility to meet the diverse needs of businesses - from server racks to high-density cabinets for high-performance/GPU compute requirements.

High Performance
This secure facility promises guaranteed exceptional performance and low-latency connections. Additionally, this TierPoint location is connected via DWDM to two more data centers in the region—Dallas-Allen and Dallas-Irving, further reinforcing its connectivity density, robust infrastructure and service capabilities.

Strategic Location
Known as a business-friendly state with strong economic growth prospects, Texas has no state income tax. In addition, Texas incentivizes businesses to locate data centers in the state by providing sales tax relief for qualifying purchases. Dallas has a low seismic rating (zone 1) indicating a lower risk for earthquakes that could impact a data center.",,,,
DataBank DFW1 - Downtown Dallas,DataBank,400,S. Akard Suite 100,75202,Dallas,Texas,33,-96.79830073,"General Specifications:

* Top-tier Dallas facility sites with available capacity & power for immediate move-in
* 160,000 sq ft of occupied data center
* 40,000 sq ft of available data center

Security:

* 24/7/365 on site security
* Card access required to gain access to parking and building lobby
* Biometric hand scanner required for data center entry
* Annual SSAE 16 & PCI-DSS Audits

Cameras:

* Multiple 360 degree cameras with 10x zoom
* High speed recorders with DV cassette tapes
* Hard drives to eliminate down time for tape swaps and over recording
* Minimum 90 day tape storage

UPS & Generator Backup Power:

* True A+B (2N) power configurations
* All UPS and Generator deployments provide (2N) redundancy

Utility Power:

* Multiple utility feeds from the CBD grid
* 2(N+2) Transformers and feeds
* Feeds to building are concrete encased

HVAC Cooling System:

* Over 3500 Ton cooling tower capacity
* Data Center HVAC system includes (118) 30 Ton Liebert CRAC Units.
* Entire system is designed with at least N+1 redundancy
* 80,000 gallon reserve make-up water tank
* Liebert Leak Detect System",,,,
Tierpoint Dallas-Allen,TierPoint,820,Allen Commerce Parkway,75013,Allen,Texas,33,-96.65734369,"This new 30,000 sq. ft facility in the thriving Allen-Dallas area includes the following specs:

-SSAE-I6 SOC I, Type II
-48-in. raised floors
-16,000 sq. ft. of raised floor
- Sole tenant in a single-story building
- PPOP: Dedicated 2N split system HVAC
- Sole tenant in single-story building
- N+I KyotoCooling wheel HVAC cooling units with
- air-side economizers
- Uptime Institute Tier III Certified
- USGBC Leed Certified

This data center is connected to TierPoint’s private, internal network providing numerous replication and online backup options, plus easy access to a full suite of managed services. In addition, this facility is audited annually under ITAR, EU-US Privacy, SOC 1, SOC 2, HIPAA, PCI-DSS*, and GLBA.

Allen is a high-tech community in the rapidly growing US 75/State Highway 121 corridor, offering easy access from all points in North Texas.",,,,
Prime Dallas - Data Center 2,Prime Data Centers,1517,Round Table,75247,Dallas,Texas,33,-96.8575896,"Prime Dallas (2) is a 12-megawatt (critical), purpose-built data center in Dallas, Texas. The second of two planned campus data centers, this facility offers sustainable wholesale data center capacity and high-density cooling capability for modern workloads like AI. Also, enjoy proximity to Infomart for unmatched regional connectivity options. Customers may lease dedicated data halls up to the entire facility.",,,,
Evocative DAL6,Evocative Data Centers,1221,Coit Road,75075,Plano,Texas,33,-96.76864112,"Previously known as Internap Dallas and later INAP Dallas. Acquired by Evocative in 2022.

-----------------------

Internap Corporation (NASDAQ: INAP) is a leading-edge provider of high-performance data center and cloud solutions with over 100 network Points of Presence worldwide. INAP's full-spectrum portfolio of high-density colocation, managed cloud hosting and network solutions supports evolving IT infrastructure requirements for customers ranging from the Fortune 500 to emerging startups. INAP operates in 21 metropolitan markets, primarily in North America, with data centers connected by a low-latency, high-capacity fiber network. INAP has over one million gross square feet in its portfolio, with approximately 600,000 square feet of sellable data center space.
For more information, visit www.INAP.com.",,,,
Alpha Data Center,M&A Technology Inc.,4407,Alpha Road,75244,Dallas,Texas,33,-96.83458688,"Available for immediate lease - wholesale or modular terms.

Recently renovated fully functional carrier class data center.

Network: 8 Fibre providers - Level3, ATT, Verizon, TW telecom, Zayo, XO Communications, Fiberlight; Logix

Power: 3 megawatts local Oncor substation with second substation in close proximity. Carrier class 8 hour duration battery redundancy and power generator. 4 x 1,200 amp 480v AC service and 500kva 48v DC service distributed.

Cooling: 14 Liebert DX units 390 Tons with outside condensers and plenum ceiling for better airflow through out server rooms.

Fire detection and suppression: VESDA smoke and fire detection system Multiple zoned detection and suppression system Double interlock dry pipe system throughout facility FM200 Gas System. Dual Roof System.

Centralized Data Center Management System connected to environmental and infrastructure devices. NOC and mobility enabled monitoring.

Rent $79. per KW per Month NNN. Power $0.039 per KWH plus TDU & taxes.

Call +1 214 735 6205 or email stewart.hair@macomp.com.",,,,
DataBank DFW2 - North Dallas,DataBank,904,Quality Way,75801,Dallas,Texas,33,-96.81812487,"General Specifications:

* Top-tier North Dallas facility with available capacity & power
* 65,000 sq ft building in Richardson, TX technology corridor
* 40,000 sq ft of available data center

Security:

* 24/7/365 on site security
* Card access required to gain access to parking and building lobby
* Biometric hand scanner required for data center entry
* Annual SSAE 16 & PCI-DSS Audits

Cameras:

* Multiple 360 degree cameras with 10x zoom
* High speed recorders with DV cassette tapes
* Hard drives to eliminate down time for tape swaps and over recording
* Minimum 90 day tape storage

UPS & Generator Backup Power:

* True A+B (2N) power configurations
* All UPS and Generator deployments provide (2N) redundancy

Utility Power:

* 20MW of incoming utility power in a (2N) redundant configuration
* Multiple utility feeds from the CBD grid
* 2(N+2) Transformers and feeds
* Feeds to building are concrete encased

HVAC Cooling System:

* Over 3500 Ton cooling tower capacity
* Data Center HVAC system includes high-efficiency Uni-Flare CRAH Units.
* Entire system is designed with at least N+1 redundancy
* 100,000 gallon reserve make-up water tank
* Liebert Leak Detect System",,,,
Evocative DAL1,Evocative Data Centers,2800,Summit Ave,75074,Plano,Texas,33,-96.67580125,"Evocative operates and maintains mission critical compute center facilities with significant plans for expansion in the top North American data center markets. Our expertise and redundant design deliver reliability and uptime to over 500 businesses every day.

At Evocative, we're know for our data center infrastructure expertise and 24x7x365 customer support. Evocative support center consists of highly trained engineers that monitor our systems around the clock, constantly overseeing the security and uptime of our mission critical IT load and infrastructure.

Evocative meets the rigorous security and protocol standards of HIPAA, PCI DSS, SSAE16, SOC2, and ISAE3402 and provides certified colocation services in all our locations.

Services Provided

Custom Cages and Cabinets

Evocative provides design and construction of custom cages for your project deployment.

Custom cages may include many options. Cooling can be enhanced through containment systems, and specialized floor tiles and cables to assist with the flow of air within hot aisles and cold aisles. Cage security can include sub floor meshing with cage top, bio scanners and badge readers, as well as high definition video cameras

Customers requiring 1-4 racks will be placed in our private cabinet dedicated spaces with assigned and lockable handles.

Remote Hands

Evocative smart hands support for your technical infrastructure

You can trust our trained experts to be your on-site hands, eyes, and ears all without worrying about budget or project time constraints. The Evocative remote hands and eyes service removes the need of staffing personnel at the data center as well eliminating after-hours on-site needs for your infrastructure.",,,,
365 Data Centers - Richardson,365 Data Centers,1001,East Campbell Road,75081,Richardson,Texas,33,-96.75282588,"Our Richardson data center offers a robust infrastructure design built for resiliency — including 2N UPS, generators, and chiller systems. In addition, 13 telecom providers provide carrier neutral services to our customers in this data center, with multiple, diverse points of entry.

The Richardson Data Center is located in Dallas’ Telecom Corridor, a strip along U.S. Route 75 between President George Bush Turnpike and Interstate 635. The Corridor is home to more than 5,700 companies, including significant players such as AT&T, Alcatel-Lucent, Ericsson, Verizon, Samsung, Texas Instruments, and MetroPCS.",,,,
Equinix DA1,Equinix,1950,North Stemmons Freeway Suite 1034,75207,Dallas,Texas,33,-96.81943714,Equinix helps companies accelerate business performance by connecting them to their customers and partners inside the world’s most networked data centers. Our Dallas data centers are business hubs for more than 200 companies. Our Dallas customers can choose from a broad range of network services from more than 95 providers. They can also interconnect directly to customers and partners in their digital supply chain.,,,,
CyrusOne DFW2 - Lewsiville,CyrusOne Data Centers,2501,"S. State Hwy 121 Business
Suite 500 (Bldg #5)",75067,Lewsiville,Texas,33,-96.99747768,"- 185 Acre Campus
- 1,100,000 sq feet space
- 85 Acres for Future Build-to-Suit  
- Nine Minutes From DFW Int'l Airport
- On-Site Electrical Substation Providing
- 2N Redundancy
- Two Independent Power Grids
- Fed by Three Separate Substations
- Transmission Lines Provide 210 MVA
- Two 42 MVA Transformers Within
- On-Site Substations
- 2N on Cooling Infrastructure
- Carrier Neutral Facility
- Multiple Carriers",,,,
DataBank DFW5 - Dallas Infomart,DataBank,1950,Stemmons Fwy,75207,Dallas,Texas,33,-96.81961812,"Previously known as zColo, part of Zayo Group. DataBank acquired all data center assets from Zayo Group in 2020.

---------------------------------------------------

Whether you're a business looking to colocate server equipment, or a carrier needing to expand your network, we have a colocation solution for you in our Dallas Data Center. Our facilities are designed for data and telecommunications equipment. We offer a carrier neutral secure environment with redundant cooling systems, UPS and generator back up. Our security includes 24x7 key card access and video surveillance. We have on-site staff and 24x7 on call staffing available.

Space & Connectivity
-10,085 square feet of data center space
-Suites, private cages and cabinets
-Carrier-neutral connectivity to 6 carriers in-suite and 30+ carrier within the building
-Diverse fiber entrances
-Connectivity to Zayo's national metro and longhaul fiber network
-Remote hands for on-site assistance

Reliability & Security
-Building powered by triverse substations
-UPS/DC power with battery back-up
-800kW diesel generator
-N+1 designed climate control and monitoring
-Smoke detection and pre-action sprinklers
-SLAs supported by geographically diverse NOCs
-Keycard access, video surveillance and 24x7 monitoring",,,,
Infomart Dallas,Equinix,1950,N. Stemmons Freeway,75207,Dallas,Texas,33,-96.81954443,"One of the largest buildings in Dallas and the primary hub for data centers and connectivity in Dallas. Owned by Equinix, but home to many other data centers as well.

Infomart was acquired by Equinix in 2018 from ASB Real Estate Investments in an $800 million transaction. Prior to buying the building, Equinix already had multiple data centers in the building (DA1, DA2, DA3 and DA6), totaling around 3,500 cabinets, and was also the biggest tenant in the building (accounting for 40% of lease revenue).

- Opened in 1985
- 1.6 million gross square foot of space
- 18.2 acres of land
- 7 Floors
- Multiple diverse fiber entry points

Infomart is short for ""International Information Processing Market Center"" and it was originally developed by Trammell Crow in 1985. Around 2000 the building was developed as a carrier hotel, by its owner ASB Real Estate. It was also in 2000 that Equinix established their first data center in Infomart, The Equinix IBX DA1.

Equinix DA3 was originally part of the Switch & Data data center portfolio, that Equinix acquired in 2010.",,,,
Equinix DA6,Equinix,1950,"North Stemmons Freeway
Suite 3050",75207,Dallas,Texas,33,-96.81943714,Dallas DA6 data centre and International Business Exchange (IBX) supports growing enterprise ecosystems with accelerated deployment of virtual and cloud solutions.,,,,
Provision Data Services,Provision Data Services,2020,Live Oak,75201,Dallas,Texas,33,-96.79475221,"As the newest Tier 3 data center in downtown Dallas, Provision Data Services offers 125,000 square feet, 12 carriers for connectivity, and 14 Megawatt capacity for wholesale and retail colocation space. PDS also offers build to suit office suites.

Provision’s customized IT solutions offer customers advanced IT infrastructures to utilize company resources more efficiently. Our 12-story data center is powered by one of the most robust power grids in the country provided by Oncor. Multi segregated feeders result in N+2 power and support N+2 CRAC infrastructure, ensuring customers of 100 percent uninterrupted service and environmental compliance. Provision has connections to all major communication hubs and has multi-point access for Telecom and Long Haul Carriers. Our secure and scalable data center features private enclosures, suites with 18-inch raised floors and static tile floors.

For more information or if you are interested in visiting Provision Data Services for a tour, please visit our website at www.provisiondataservices.com.",,,,
Equinix DA2,Equinix,1950,"North Stemmons Freeway
Suite 2027",75207,Dallas,Texas,33,-96.81961953,Equinix,"North Stemmons Freeway
Suite 2027",75207,Dallas,Texas
Cogent Data Center - Dallas,"Cogent Communications, Inc.",400,S. Akard St,75202,Dallas,Texas,33,-96.79893308,"On-Net Products
. IP Transit
. Ethernet Transport Services

Standard Rack Configuration
. 42U (APC AR3100 Cabinets)
. Power extra (110v/20 amp or 2 X 110v/20 amp is standard)

Carrier Availability
. AT&T, Level3, XO, and Verizon Business

Facilities
. 8,000 Square Foot Facility
. 480v 3-phase utility feed - 800 amps

HVAC
. 4-20 ton air cooled Liebert HVAC units

Security
. C*CURE Software House Card Reader Access Control System (3) card readers total at every essential door
. (8) cameras installed with local DVR unit - remote monitoring and recording capabilities
. (1) Main entrance IP camera in use and tied into separate software - with recording and 24/7 monitoring capabilities to the Cogent NOC
. 24/7 building security (access needs to granted to enter building and also to proceed to the Cogent facility on the 7th floor)

DC Power
. (3) LaMarche Rectifiers - 200 amp each
. (5) strings of 170AH DC Batteries - 20 total

UPS Systems
. (1) Liebert UPS unit - 150kVA Series 600T
. (1) Liebert UPS unit - 80kVA Npower Series
. Each UPS has (1) string of batteries - 80 total

Generator Systems
. Building owned & operated (tested weekly)
. (3) redundant Caterpillar Diesel Generators supply power to Cogent site
. Each generator is 1500kva
. Each generator has its own separate diesel tank

Electrical/Fire/Monitoring
. (1) ASCO Automatic Transfer Switch
. (1) Liebert PDU - 150kVA
. Fire suppression & detection system consists of smoke heads, FM200 tanks, and a pre-action sprinkler system",,,,
DataBank DFW6 - Dallas Love Field,DataBank,8600,Harry Hines Blvd,75235,Dallas,Texas,33,-96.86506375,"Previously known as zColo, part of Zayo Group. DataBank acquired all data center assets from Zayo Group in 2020.

---------------------------------------------------

8600 Harry Hines Blvd. is one of three zColo interconnect-focused data centers in Dallas, TX; the 4th largest market in the U.S. Conveniently located within eight miles of downtown Dallas and only two miles from Dallas Love Field Airport, this facility meets the industry's most stringent data center standards and offers enterprise-class specifications in power and cooling, redundancy, and security.

Zayo also offers Dallas colocation at the Dallas Infomart (1950 N Stemmons Fwy) and at 2323 Brian St.",,,,
ColoHouse Dallas,ColoHouse,1649,West Frankford Road,75007,Dallas,Texas,33,-96.930324,"Our Dallas-area data center is conveniently located near two major airports and multiple interstate highways. The 670,000-square-foot facility offers 400,000 colocation square feet (CSF) and 60,000 square feet of work-area recovery space. This data center is specifically designed to meet the increasing demand for business continuity solutions on a 24/7 year-round basis.",,,,
Aligned DFW-01,Aligned Data Centers,2800,Summit Avenue,75074,Plano,Texas,33,-96.67641599,"Located on Aligned Data Centers 19 acre Plano Campus in the Dallas metro market.

The DFW-01 building was constructed in the 1980s and originally an office and manufacturing plant. Single-story facility retrofitted to a data center in 2015 and expanded in 2019.

Facts:
- 19-acre campus
- 375,000 square feet
- 60 MW
- Tier III Facility and Design Certifications from Uptime Institute
- 100% Uptime SLA
- Industry-leading PUE

Security & Fire Protection
- Multi-layered access control
- 24x7x365 on-site security guards
- 24-hour global monitoring via our Network Operations Center (NOC)

Connectivity & Power
- On-net: DE-CIX, Charter, Cogent, Frontier, Logix Fiber Networks, Lumen, PacketFabric, UPN, VPLS, and Zayo
- Near-net: Verizon, FiberLight
- Diverse utility feeds
- 2N concurrently maintainable

Compliance
- System and Organization Control (SOC) 2 Type 2 and SOC 1 Type 2
- PCI DSS, HIPAA, HITECH, NIST 800-53, ISO 27001:2013",,,,
Equinix DA11,Equinix,1990,North Stemmons Freeway,75207,Dallas,Texas,33,-96.82087499,"DA11, our newest state-of-the-art IBX data centre, is now open for business. The premier new facility provides connectivity to extensive ecosystems to meet the demand for network exchange services in downtown Dallas, a premium interconnection market. It is the first 4-story FDC that serves a high concentration of telecommunications companies and is a major communications hub for the southern US.",,,,
DataBank DFW7 - Dallas LBJ,DataBank,6606,"Lyndon B Johnson Fwy
Ste 135",75240,Dallas,Texas,33,-96.79125578,"Previously known as Clearview - North Dallas Information Technology Gateway (ND ITG). Acquired by Zayo/zColo in 2016. All Zayos colocation data centers were acquired by DataBank in 2020.

• Dual Substation Connectivity
• 2N Generator/UPS/PDU Configuration
• Fiber Access from the Infomart via FiberLight
• Fiber Access from AT&T and Verizon
• 10,000 SF of Raised Floor
• Tremendous amounts of power available to support extreme densities
• Over 300 Tons of cooling available over the raised floor
• Overhead cable trays
• Gas-based fire suppression System
• 24x7 NOC
• Biometric Security Access
• Fully monitored and managed facility
• SAS-70 Type I and II Audits",,,,
DataBank DFW3 - Plano,DataBank,8375,Dominion Pkwy,75024,Plano,Texas,33,-96.81447722,"DataBank offers the largest footprint of metros and datacenters in the U.S. capable of putting your workloads within 50 miles of half the population.

DataBank’s DFW3 Plano data center anchors their campus in Plano TX. This Uptime Certified Tier III data center offers network availability to multiple dark fiber providers and houses nodes for all DataBank’s cloud services including Enterprise Cloud, FedRAMP Cloud, SAN and Object Storage, Virtual Desktop Infrastructure, Storage as a Service, and Disaster Recovery as a Service.",,,,
DataBank DFW4 - Dallas Empire,DataBank,1100,Empire Central Place,75247,Dallas,Texas,33,-96.8736034,"Previously a part of Zayo/zColo, but acquired by DataBank in 2020.

Conveniently located between the Dallas/Fort Worth Airport and downtown Dallas, the DFW4 data center provides N+1 power design and N+1 cooling for maximum uptime assurance. This Empire Central facility is also a carrier-neutral interconnection hub with access to many onsite carriers.",,,,
Rackspace Dallas 2,Rackspace Hosting,1215,Integrity Drive,75081,Richardson,Texas,33,-96.71443721,"Located in the Dallas-Fort Worth metroplex, the Rackspace Dallas Data Center offers businesses a secure and well-connected colocation solution. The region's central location within the US provides access to diverse telecommunications providers, ensuring optimal network performance. Rackspace's commitment to customer service, with its Fanatical Experience™, ensures businesses receive the support they need.",,,,
QTS Irving Campus,QTS Data Centers,6431,Longhorn Drive,75063,Irving,Texas,33,-96.98298258,"QTS Mega Data Center campus featuring strategic central location ensures optimal, fiber-rich connectivity coast-to-coast.

HIGHLIGHTS
* 56+ acre campus
* 175+ MW current planned critical campus capacity
* Master planned campus features 6 facilities
* Redundant campus fiber conduit system allows for express fiber to each building and between future buildings",,,,
ScaleMatrix Dallas,ScaleMatrix,820,Allen Commerce Pkwy,75013,Allen,Texas,33,-96.65737628,"ScaleMatrix's Dallas Data Center, known as US-South 01, presents a strategic nexus for businesses seeking a central U.S. presence with competitive utility rates and seamless access to Texas' diverse vertical industries. Situated in Allen, TX, this facility strategically situates businesses within reach of major markets and connectivity hubs, fostering operational efficiency and regional connectivity.

Spanning 16,000 square feet, the ScaleMatrix Dallas Data Center provides an expansive technical space, accommodating critical equipment and applications with ease. Clients benefit from robust power infrastructure, boasting 7.2 MW of power capacity, ensuring scalability to support high-density workloads and evolving operational demands.

Functioning as both a Cloud Availability Zone and a disaster recovery (DR) site, the ScaleMatrix Dallas Data Center offers clients versatile solutions for their IT needs. Colocation services within this facility provide clients with a comprehensive suite of capabilities under a unified framework, enhancing operational agility and streamlining IT infrastructure management. By consolidating services within this facility, clients can optimize resource allocation and enhance business continuity measures, fostering a resilient operational environment.",,,,
H5 Colo Dallas,H5 Colo,12712,"Park Central Dr
Suite 200",75251,Dallas,Texas,33,-96.77631946,"The H5 Colo facility in Dallas represents the pinnacle of data center design, emphasizing resilience and security. Nestled at 12712 Park Central Drive, this fortress-like structure is meticulously engineered for colocation services, disaster recovery, and adaptable lab or office spaces.

At its core lies a 20,000 square foot hardened data center, surrounded by an expansive 100,000 square feet of supplementary lab and office space. This configuration creates a specialized ecosystem for high-stakes data and technology operations.

The facility stands as a bastion for critical infrastructure and personnel, offering a sanctuary for essential systems and the teams that manage them. It's a haven designed to support the most demanding data and technology requirements, ensuring operational continuity and security.",,,,
CoreSpace,"CoreSpace, Inc.",7505,John W. Carpenter Freeway,75247,Dallas,Texas,33,-96.8730945,"Originally formed in 2009, CoreSpace, Inc. is a woman owned and operated Compliance Hosting company and Data Center and has quickly become the secure hosting provider of choice especially within the SMB marketplace. Some of our Core service offerings include Dedicated and Managed Servers, Cloud, Colocation, VPS, Compliance Hosting and SEO.

In 2011, CoreSpace, Inc. acquired our primary 30,000 square foot data center facility in Dallas, Texas and have since made considerable investments in new equipment and overall operations, including an all new critical power infrastructure, Redundant Cisco Nexus 7000 routers, Infinera Optical Gear, state-of-the-art security devices including, Intrusion Prevention System (IPS) and Distributed Denial of Service (DDoS) Defense System (DDS). We have an experienced staff and management team waiting to serve your needs. We have removed unnecessary overhead by outright owning and operating all infrastructure components and created a financially stable business that allows us to pass savings directly to our customers, ultimately reducing IT expenses. The investments we make allow us to deliver the ultimate flexibility for our customers giving them a virtual smorgasbord of options to choose.

CoreSpace maintains its focus on offering our superior products and services for our customers' utilizing cutting edge technology and services at a value SMBs require. Best-in-class Dell, SuperMicro and IBM hardware, for a variety of Cloud, Dedicated Servers, Managed Services, Compliance Hosting, and Colocation, all backed by our 24/7 support gives our customers a competitive advantage with low pricing is just the beginning of what CoreSpace has to offer!",,,,
STACK Infrastructure DFW02 Campus,STACK INFRASTRUCTURE,,E Belt Line Road,75146,Lancaster,Texas,33,-96.80980427,"STACK Infrastructure's DFW02 campus is a massive 216MW, 102-acre data center campus located in Lancaster, Texas, about 17 miles south of Dallas. With a planned delivery in the second half of 2026, the campus aims to meet the growing capacity demands of hyperscale cloud providers and enterprises in the booming Dallas data center market. The master-planned campus features six buildings that can offer a combined 216MW of critical IT capacity across 1.5 million square feet of space.

The DFW02 campus is designed with future-proofing and flexibility in mind to adapt to evolving technology needs. It offers AI-ready capabilities with support for liquid cooling solutions like liquid-to-chip to enable high-density compute workloads. The campus receives dedicated power from an on-site substation for reliability. It also utilizes 100% renewable energy to align with corporate sustainability goals. Clients can deploy using STACK's POWERSTACK powered shell or HYPERSTACK build-to-suit models.

On the security front, the DFW02 campus has 24/7 on-site personnel, dual-factor biometric access controls, perimeter fencing, and comprehensive CCTV monitoring. It is carrier-neutral with diverse fiber entrances. The campus supports a range of amenities like secure loading docks, office spaces, storage areas, conference rooms, and more to meet client operational needs.",,,,
Equinix DA3,Equinix,1950,"North Stemmons Freeway
Suites 1039A & 2048",75207,Dallas,Texas,33,-96.81952298,"Our Dallas data centers are business hubs for more than 200 companies. Our Dallas customers can choose from a broad range of network services from more than 95 providers. They can also interconnect directly to customers and partners in their digital supply chain.

The Dallas-Fort Worth region has long been a major Internet and network peering exchange point. Our Dallas data centers serve a high concentration of telecommunications companies and are a major communications hub for the southern U.S.",,,,
ColoCrossing DFW1,ColoCrossing,3004,Irving Blvd,75247,Dallas,Texas,33,-96.85776653,"The DFW1 datacenter provides ColoCrossing the flexibility to easily accommodate high-density private cabinets and cages with highly reliable power and cooling infrastructure. ColoCrossing's diverse-path fiber ring provides reliable and redundant connections to our backbone network, which is especially tuned to serve South America. If you're looking for colocation in Dallas, you can trust ColoCrossing to deliver a high quality service at a great price.
",,,,
24 Hour Data,24 Hour Data,811,"E Plano Pkwy
Ste 124",75074,Plano,Texas,33,-96.7019434,"24 Hour Data has an ISO 4, Class 100 Clean Room and SAS Type II data center in Plano, TX. We provide comprehensive data recovery services throughout Dallas Fort Worth, for other data centers, IT departments, computer labs, businesses and more.

Whether your backups failed or you are looking to partner with a reliable data recovery company in your disaster recovery efforts, 24 Hour Data's team of expert technicians are qualified to help.

We work on all configurations, handling complex server data recoveries, all RAID levels (0, 5, 50, etc.), NAS and SAS recoveries and Virtual/VM Ware data recoveries.",,,,
VAZATA Dallas I,VAZATA,4025,Midway Road,75007,Carrollton,Texas,33,-96.84476379,"BUILDING SPECIFICATIONS
??. Approximately 32,000 square feet of Tier 3 and Tier 4 high density data center space . Cages and lockable cabinets on 36 inch raised floor

UTILITY POWER
. 3mW power delivered via 4x750 kW UPS systems
. Power is served from two separate substations with diverse entry points. Each substation is powered by two different electricity providers. No other data center in the market can claim the same.

SECONDARY POWER
. N+1 monthly load testing, over 48,000 gallons of fuel on-site
. Four 2,000 kW generators backed up by a fifth 2,000 kW generator. Generator yard protected by a thirty foot
high retaining wall
. Enough fuel supply to run for several days without requiring additional gas.

COOLING
. Eight 30-ton CRAH units with individual condensing units
. Thirty 30-Ton units on floor configured at 2N

CONDUITS AND RISERS
. Multi-mode and single-mode fiber conduits
. Diverse underground entry points to the building
. Four fiber providers located at the data campus
????????
???????SECURITY
. On-site security personnel and VAZATA Network Operations Center monitoring 24x7x365
. Three levels of electronic security (badge, bio readers, physical security officer). Cage access protectec by
biometric readers and tenant locks

FIRE PROTECTION
. Under floor and overhead smoke detection system
. Double-interlock, pre-action and dry pipe suppression system

TELECOM & CONNECTIVITY
. TW TELECOM
. ATT
. LEVEL 3
. ABOVENET (ZAYO)
. NTT COMMUNICATIONS
. GLOBAL CROSSING (LEVEL 3) . PUBLIC PEERING

VAZATA Blended Bandwidth: ATT, Level 3, Zayo, NTT Communications, Global Crossing
Private DWDM (Dense Wavelength Division Multiplexing), fully redundant carrier grade fiber ring connects the VAZATA facility to 1950 Stemmons (Infomart), 2323 Bryan St. and 400 Akard",,,,
STACK Infrastructure DFW01B,STACK INFRASTRUCTURE,6715,Pinecrest Dr,75024,Plano,Texas,33,-96.80984428,"STACK Infrastructure is a leading provider of digital infrastructure to scale the world's most innovative companies. The Company delivers an extensive geographic footprint spanning the United States, Canada, Europe and Asia Pacific and a comprehensive suite of data center and digital infrastructure solutions, including hyperscale campuses and build-to-suit data centers (""HYPERSTACK""), immediately available wholesale colocation and private data suites (""READYSTACK""), and powered shell options (""POWERSTACK"").

DFW01B is directly adjacent to DFW01A and provides resilient, secure infrastructure with plenty of connectivity and power for immediate and long-term scale.",,,,
Edged Dallas,Edged Energy,505,N Wildwood Dr,75061,Irving,Texas,33,-96.9169452,"The Edged Dallas Data Center is a cutting-edge facility located in Irving, Texas. It spans a vast 162,545 square feet and is a shining example of modern data center design. This center is part of Edged Energy's commitment to pushing the boundaries of innovation and sustainability in the industry.

Sustainability is a core principle of the Edged Dallas Data Center's design. The facility aims for carbon and water neutrality, reflecting Edged Energy's dedication to environmental responsibility. This approach sets a new benchmark for eco-friendly data center operations.",,,,
STACK Infrastructure DFW01A,STACK INFRASTRUCTURE,6653,Pinecrest Dr,75024,Plano,Texas,33,-96.81076588,"STACK Infrastructure is a leading provider of digital infrastructure to scale the world's most innovative companies. The Company delivers an extensive geographic footprint spanning the United States, Canada, Europe and Asia Pacific and a comprehensive suite of data center and digital infrastructure solutions, including hyperscale campuses and build-to-suit data centers (""HYPERSTACK""), immediately available wholesale colocation and private data suites (""READYSTACK""), and powered shell options (""POWERSTACK"").

Located in Plano, DFW01A provides robust connectivity and low-latency access to major interconnection hubs that make this region a popular location for major hyperscale and enterprise data center development.",,,,
CoreWeave Plano,CoreWeave,1000,Coit Rd,75075,Plano,Texas,33,-96.76406903,"CoreWeave's latest addition to its infrastructure portfolio is the Plano, Texas data center, a state-of-the-art facility that became operational at the end of 2023. With an investment of $1.6 billion, the center occupies 454,421 square feet on a 23.8-acre campus located at Lincoln Rackhouse's 1000 Coit Road building. This strategic location is poised to serve as a hub for technological growth and innovation.

The data center is designed with scalability and future expansion in mind, featuring four 14,000-square-foot data halls and an additional 50,000 square feet of powered shell space. CoreWeave's facility is equipped to handle up to 30 megawatts of critical IT load, structured in multiple phases to allow for necessary electrical and mechanical upgrades.

Financially, the partnership between CoreWeave and Lincoln Property Company is cemented through a 6-year Master Services Agreement, with a base rent of $75 per kilowatt per month, amounting to over $260 million for the initial 30 MW installation. The agreement also includes two 2-year renewal options, potentially extending the contract to a decade, with an estimated additional $180.4 million in payments. Tax incentives and abatements from the City of Plano have resulted in approximately $141 million in tax benefits, underscoring the economic significance of this venture for both entities.",,,,
KDC Richardson,KDC,1510,E Lookout Dr,75082,Richardson,Texas,33,-96.69635209,"The KDC Richardson Data Center, a state-of-the-art facility, is strategically situated at 1510 E. Lookout Drive in the heart of the Richardson Telecom Corridor, Texas. This center boasts a robust 130,000 square feet of space designed to cater to high-density computing needs with a focus on sustainability and efficiency.

Equipped with an onsite electrical substation and a design resistant to 190 MPH winds, the data center ensures uninterrupted service and unparalleled reliability. The facility is a powered shell data center, offering flexible configurations to meet the diverse needs of its clients.

Connectivity is a cornerstone of the KDC Richardson Data Center, featuring over 20 network fiber carriers, ensuring optimal data transmission speeds and reliability. Additionally, the center benefits from a 10-year, 50% business personal property tax abatement from the City of Richardson, highlighting its economic advantages.",,,,
Aligned DFW-02,Aligned Data Centers,2800,Summit Avenue,75074,Plano,Texas,33,-96.67651286,"Located on Aligned Data Centers 19 acre Plano Campus in the Dallas metro market.

The DFW-02 building was constructed in 2022. Three-story facility with 220,000 squar efeet of space and 36 MW of power.

Facts:
- 19-acre campus
- Tier III Facility and Design Certifications from Uptime Institute
- 100% Uptime SLA
- Industry-leading PUE

Security & Fire Protection
- Multi-layered access control
- 24x7x365 on-site security guards
- 24-hour global monitoring via our Network Operations Center (NOC)

Connectivity & Power
- On-net: DE-CIX, Charter, Cogent, Frontier, Logix Fiber Networks, Lumen, PacketFabric, UPN, VPLS, and Zayo
- Near-net: Verizon, FiberLight
- Diverse utility feeds
- 2N concurrently maintainable

Compliance
- System and Organization Control (SOC) 2 Type 2 and SOC 1 Type 2
- PCI DSS, HIPAA, HITECH, NIST 800-53, ISO 27001:2013",,,,
5CDC Dallas-Fort Worth - DFW01,5C Data Centers (5CDC),1201,John Burgess Dr,76140,Fort Worth,Texas,33,-97.30861508,"The 5CDC Dallas-Fort Worth data center, known as DFW01, is a state-of-the-art facility strategically located in an industrial park. This 25-acre campus is positioned between major fiber routes, providing excellent connectivity to other metro areas in Texas. The multi-story data center houses eight data halls, also referred to as PODs, which are optimized for high-density computing with capabilities of over 400W per square foot.

DFW01 boasts a dedicated substation powered by Oncor, ensuring reliable and uninterrupted power supply. The data center currently offers 48MW of IT capacity to the region, with the infrastructure designed to support an expansion up to 144MW to meet growing demands.

Designed with efficiency and scalability in mind, the 5CDC Dallas-Fort Worth data center represents a significant investment in the region's technological infrastructure, contributing to the area's growth as a major hub for data and connectivity.",,,,
CyrusOne Dallas (Downtown),CyrusOne Data Centers,2323,Bryan Street,75201,Dallas,Texas,33,-96.79413555,"CyrusOne (NASDAQ: CONE) specializes in highly reliable enterprise-class, carrier-neutral data center properties. The company provides mission-critical data center facilities that protect and ensure the continued operation of IT infrastructure for more than 500 customers, including nine of the global Fortune 20 and more than 100 of the Fortune 1000 companies.

CyrusOne’s data center offerings provide the flexibility, reliability, and security that enterprise customers require and are delivered through a tailored, customer service-focused platform designed to foster long-term relationships. CyrusOne's internet interconnection platform provides robust connectivity options for enterprises, content, and telecommunications companies. CyrusOne is committed to full transparency in communication, management, and service delivery throughout its 25 data centers worldwide.",,,,
Skybox Atlantic Station,Skybox Datacenters,2300,W Plano Pkwy,75075,Plano,Texas,33,-96.74126,Atlantic Station is an industrial and data center campus situated on a 64-acre site with an onsite substation in the DFW metroplex. Multiple data hall configurations are available with up to 1M square feet of mission critical space in one of the fastest growing business districts in the country.,,,,
QTS Irving DC1 & DC2,QTS Data Centers,6431,Longhorn Drive,75063,Irving,Texas,33,-96.9829933,"Purchased in 2013, QTS transformed the former 700,000 sq. ft. Maxim semiconductor manufacturing facility into a state-of-the-art data center. Strategically located on a 40-acre campus in the Irving/Las Colinas area, with the ability to double the footprint on the existing campus, QTS Irving Data Center is ideal for enterprise, medium and small organizations requiring significant room to grow. QTS has achieved the Leadership in Energy and Environmental Design (LEED) Gold Certification for phase I of Irving data center. In addition, the facility's diverse fiber network connections allow QTS to provide carrier-neutral connectivity with maximum flexibility, providing convenient access to the area's numerous network providers.

Spacing
- 54-acre campus
- 700,000 sq. ft. facility
- 292,000 sq. ft. total capacity raised floor
- Purpose-built semi-conductor facility
- Dedicated halls from 25,000 to 30,000 sq. ft.
- Column-free uninterrupted space Halls 3, 4, 5 and 6
- Ability to triple the footprint on the campus

- Data Center 3
-- 427,000 sq. ft. total enclosed space
-- 172,000 sq. ft. of raised floor
-- 3 story design
-- 125 mph wind resistant Data Center
-- Customizable space and power with exponential growth opportunity
-- Office, conference and storage space - design remains flexible for large scale deployments

Power
- 2 separate 138kV feeds
- On-site redundant substation (140MVA total)
- Parallel redundant N+1 generator farm
- 48 hours on-site diesel fuel storage Multiple refueling contracts
- 36MW of UPS power
- Flexible block redundant static UPS
- Able to meet N+1 or 2N distribution

-Data Center 3
-- Planned 32MWs of critical power capacity
-- Dedicated on-site substation
-- 2.66MW Critical Power per Data Hall

Cooling
Air-cooled and water-cooled chillers
48 hours makeup water storage
100k gal chilled water storage
Water-side economization

Connectivity
- Carrier-neutral facility
- Diverse building entrances with two distinct, separate Meet-Me Rooms
- Convenient in-building access to multiple providers
- Diverse access and redundancy to all regional carrier hotels and long haul carrier POPs

Security
- Manned guard gate
- Secured, single-vehicle entry only with card key
- 8' Ameristar Impasse security fence
- 16' concrete wall protects critical infrastructure
- Manned visitor and screening booth
- 24x7x365 manned facility
- Card key and two-factor biometrics authentication

QTS Realty Trust, Inc. (NYSE: QTS) is a leading provider of data center solutions across a diverse footprint spanning more than 6 million square feet of owned mega scale data center space throughout North America. Through its software-defined technology platform, QTS is able to deliver secure, compliant infrastructure solutions, robust connectivity and premium customer service to more than 1,100 leading Hyperscale technology companies, enterprises, and government entities.

FLEXIBLE SOLUTIONS - our unique portfolio of core data center services and value added services coupled with financial flexibility allows QTS to structure complete solutions that meet both your technical and budget requirements.

SECURE FACILITIES - robust, redundant and protected facilities with highly trained personnel that adhere to strict security procedures guarantees security and reliability.

REAL-TIME VISIBILITY - The QTS Service Delivery Platform (SDP) gives you visibility, access, and control of critical metrics across your entire QTS hybrid IT deployment, both in real-time and on-demand.

EXPERT SUPPORT - QTS ITIL certified operations personnel and monitoring systems support all services and ensure maximum availability and uptime.

QTS Data Centers are designed and built with reliability, redundancy and resiliency in mind. We start with fully-redundant high-density power and cooling capacities, add fully integrated UPS systems, link site-wide security and fire protection systems, and enable comprehensive visibility through our customer portal to provide secure, dependable state-of-the-art data center infrastructure for our customers' web services.

All Quality Data Centers provide mission critical electrical, mechanical, and high capacity network systems. QTS's trained staff includes facility and electrical maintenance engineers, data center operations experts, network architects and security officers committed to providing on-site 24x7x365 support and operations for our facilities. This crucial design philosophy is built into our product to minimize service disruption and ensure the highest level of customer service available. It is this level of experience and proven track record that sets QTS apart from the rest of the industry.


Part of QTS Irving Campus
This profile is a sublisting to the campus listing QTS Irving Campus.
- Click here to view the profile for QTS Irving Campus

If you are looking for colocation, cloud, connectivity or other services in QTS Irving DC1 & DC2, other data centers in Dallas or operated by QTS Data Centers, please try our free quote service or reach out for a free consultation about your data center needs.

The below data centers are located closest to 6431 Longhorn Drive.
Distance        Data Center        Address
0.01 miles        QTS Irving Campus        6431 Longhorn Drive
0.17 miles        QTS Irving DC3        6351 Longhorn Drive
0.18 miles        QTS Irving DC6        6300 Longhorn Drive
0.18 miles        QTS Irving DC5        6300 Longhorn Drive
2.57 miles        PowerHouse Irving        111 Customer Way
5 miles        Eonix Communications Dallas        1515 Round Table Drive
5.63 miles        Centersquare - Dallas DFW1        14901 FAA Blvd
6.18 miles        Equinix DA9        2222 East Grauwyler Road
6.34 miles        Cogent Data Center - Irving        2511 E Grauwyler Rd
6.57 miles        Centersquare Webb Chapel        11830 Webb Chapel Rd.

QTS Data Centers
QTS Data Centers
Data Center Operator at
QTS Irving DC1 & DC2
6431 Longhorn Drive
Headquartered in Overland Park, Kansas
",,,,
STACK Infrastructure DFW02B,,,"E Belt Line Road
Building 2",75146,Lancaster,Texas,33,-96.7567246,"STACK Infrastructure's DFW02B data center is part of the DFW02 campus, offering 36MW of flexible capacity with POWERSTACK powered shell or HYPERSTACK build-to-suit deployment options. It features AI-ready capabilities to support liquid cooling solutions like liquid-to-chip for high-density workloads and has access to the campus' 100% renewable energy supply.",,,,
STACK Infrastructure DFW02A,STACK INFRASTRUCTURE,,"E Belt Line Road
Building 1",75146,Lancaster,Texas,33,-96.67200526,"STACK Infrastructure's DFW02A data center is part of the DFW02 campus, offering 36MW of flexible capacity with POWERSTACK powered shell or HYPERSTACK build-to-suit deployment options. It features AI-ready capabilities to support liquid cooling solutions like liquid-to-chip for high-density workloads and has access to the campus' 100% renewable energy supply.",,,,
STACK Infrastructure DFW02E,STACK INFRASTRUCTURE,,"E Belt Line Road
Building 5",75146,Lancaster,Texas,33,-96.75662804,"STACK Infrastructure's DFW02E data center is part of the DFW02 campus, offering 36MW of flexible capacity with POWERSTACK powered shell or HYPERSTACK build-to-suit deployment options. It features AI-ready capabilities to support liquid cooling solutions like liquid-to-chip for high-density workloads and has access to the campus' 100% renewable energy supply.",,,,
STACK Infrastructure DFW02D,STACK INFRASTRUCTURE,,"E Belt Line Road
Building 4",75146,Lancaster,Texas,33,-96.75663877,"STACK Infrastructure's DFW02D data center is part of the DFW02 campus, offering 36MW of flexible capacity with POWERSTACK powered shell or HYPERSTACK build-to-suit deployment options. It features AI-ready capabilities to support liquid cooling solutions like liquid-to-chip for high-density workloads and has access to the campus' 100% renewable energy supply.",,,,
Neutron Data Center,M&A Technology Inc.,13616,Neutron Road,75244,Dallas,Texas,33,-96.83445989,"M&A owned and operated data centers provide personalized security, hosting, colocation, backup, business continuity, and other tailored solutions to meet your business needs.

At our three data centers you’ll find
personalized technical support and data storage solutions including:

Virtual Private Networks
Dedicated Servers
Virtual Servers
Colocation
Hosting
Hybrid Cloud Solutions
Shared Web Hosting
Managed Services
Office 365 Cloud Integration",,,,
STACK Infrastructure DFW02C,STACK INFRASTRUCTURE,,"E Belt Line Road
Building 3",75146,Lancaster,Texas,33,-96.75661731,"STACK Infrastructure's DFW02C data center is part of the DFW02 campus, offering 36MW of flexible capacity with POWERSTACK powered shell or HYPERSTACK build-to-suit deployment options. It features AI-ready capabilities to support liquid cooling solutions like liquid-to-chip for high-density workloads and has access to the campus' 100% renewable energy supply.",,,,
Consolidated Dallas,Consolidated Communications,400,S Akard St,75202,Dallas,Texas,33,-96.79892233,"The Consolidated Communications Dallas Data Center is a state-of-the-art facility designed to ensure the utmost reliability and security for your data needs. Open 24/7 every day of the year, the center spans 6,000 square feet, offering ample space for lockable full or half racks with standard 23-inch configurations. Clients have access to multiple power options, benefiting from redundant power distribution paths and both A & B source delivery.

Security is paramount, with 24x7 access controlled by secure badges and the premises monitored by security cameras. The electrical infrastructure is robust, featuring diesel power generation and multiple redundant power distribution paths, along with automatic power switching to safeguard against outages.

The environmental control system boasts 20 tons of redundant cooling capacity, ensuring optimal operating conditions are maintained, alongside temperature and humidity alarming systems. Fire safety is addressed with a certified data center smoke detection system, a dual interlock pre-action dry pipe sprinkler system, and strategically placed clean agent fire extinguishers.

Additional amenities enhance the user experience, including a guest office, complimentary guest Wifi, and a loading dock to facilitate equipment handling. This comprehensive approach to design and functionality makes the Consolidated Communications Dallas Data Center a reliable choice for your data storage and management needs.",,,,
STACK Infrastructure DFW02F,STACK INFRASTRUCTURE,,"E Belt Line Road
Building 6",75146,Lancaster,Texas,33,-96.75664948,"STACK Infrastructure's DFW02F data center is part of the DFW02 campus, offering 36MW of flexible capacity with POWERSTACK powered shell or HYPERSTACK build-to-suit deployment options. It features AI-ready capabilities to support liquid cooling solutions like liquid-to-chip for high-density workloads and has access to the campus' 100% renewable energy supply.",,,,
Centersquare - Dallas DFW1,Centersquare,14901,FAA Blvd,76155,Fort Worth,Texas,33,-97.04074696,"Centrally located in the Dallas-Fort Worth area, our campus features in a single-story purpose-built data centers and a two-story attached administrative building on a fiber-linked campus. The data center campus is located just 6 miles from Dallas/Ft. Worth International Airport (DFW) and 14 miles from Dallas Love Field Airport.

THE CORE DIFFERENCE: CERTIFIED OPERATIONAL EXCELLENCE
Global enterprises choose Cyxtera data centers because of our commitment to operational excellence and compliance across our entire footprint. In 2014, Uptime Institute's research found that over 70% of data center incidents are caused by human error. Understanding how critical this is for our customers, Cyxtera committed to and achieved the Uptime Institute Management & Operations (M&O) Stamp of Approval in over 50 data centers, ten times more than any other service provider in the world.",,,,
Cogent Data Center - Irving,"Cogent Communications, Inc.",2511,E Grauwyler Rd,75061,Irving,Texas,33,-96.90696492,,,,,
Equinix DA7,Equinix,6653,Pinecrest Dr,75024,Plano,Texas,33,-96.8107015,"DA7, our newest location in the Dallas metro, is the latest strategic facility where enterprises are deploying key components of their interconnection infrastructure.",,,,
Skybox Legacy Campus,Skybox Datacenters,,,75075,Plano,Texas,33,-96.80185591,"The Skybox Legacy campus offers businesses a strategic location within the Dallas metro area, providing access to a wealth of connectivity options and skilled IT professionals. This campus delivers immediate availability and customizable solutions, catering to enterprises seeking rapid deployment and tailored configurations.

Businesses desiring flexible datacenter options that can be deployed quickly within the Dallas market will find the Skybox Legacy campus a compelling choice. Its focus on customization and established infrastructure provides a reliable foundation for growth in this dynamic region.",,,,
Cogent Data Center - Fort Worth,"Cogent Communications, Inc.",1400,E Presidio St,76102,Fort Worth,Texas,33,-97.31432446,,,,,
QTS Irving DC3,QTS Data Centers,6351,Longhorn Drive,75063,Irving,Texas,33,-96.98186232,"As part of the larger QTS campus in Irving, Texas, DFW1-DC3 offers businesses scalable colocation options within the thriving DFW technology hub. The facility's construction prioritizes energy-efficiency and includes water-efficient cooling features. Those seeking sustainable colocation solutions and entry into the North Texas market will find DFW1-DC3 a compelling option.",,,,
Skybox PowerCampus Dallas,Skybox Datacenters,within near Interstate 35E,,75146,Lancaster,Texas,33,-96.80430863,"Located in South Dallas, the Skybox PowerCampus offers businesses a prime position within a major technology and logistics hub. This campus is designed for massive scalability, supporting up to 300 MW of power to accommodate even the most demanding hyperscale IT requirements.

Businesses seeking a future-proof datacenter solution within the dynamic Dallas market will find PowerCampus a strategic asset. Skybox Datacenters' commitment to operational excellence and reliable infrastructure makes this facility a compelling choice for companies prioritizing long-term growth trajectories.",,,,
Core Scientific Denton,Core Scientific,8171,Jim Christal Rd,76207,Denton,Texas,33,-97.21234839,"Core Scientific Denton represents a significant advancement in the data center industry. Established in 2022 in Denton, Texas, this state-of-the-art facility spans 31 acres, with a substantial 30,000 square feet under roof. It boasts an energized capacity of 125 megawatts and a total available capacity of 298 megawatts, catering to the high demands of modern computing. The data center operates within an annual temperature range of 33 to 95 degrees Fahrenheit, ensuring optimal performance in various climatic conditions. Designed from the ground up, it sets a new standard for efficiency and reliability in data processing and mining operations.",,,,
QTS Fort Worth,QTS Data Centers,14100,Park Vista Boulevard,76177,Fort Worth,Texas,33,-97.25921028,"QTS' second data center in the broader Dallas-Ft. Worth-Irving market that serves Fortune 1000 enterprises as well as regional financial services, healthcare and technology companies. This connectivity-rich facility is carrier-neutral with 12 carriers and is situated adjacent to a number of other large Enterprise and technology companies.

Spacing
- Purpose-built data center
- 53 acre campus
- 300,000 gross square feet
- 40,000 square feet of raised floor
- Dedicated 20,000 sq. ft. data halls
- 20 miles from QTS Dallas
- Dual interlock pre-action re detection system

Power
- 2 separate 24.9kV feeds
- On-site redundant substation (50 MVA total with expansion to 200 MVA)
- Parallel redundant N+1 generators
- 96 hours of onsite fuel storage with multiple fuel contract
- 8MW of UPS power
- Block redundant static UPS design to N+1

Cooling
- 2N redundant water-cooled chiller plant
- Ice-box thermal storage system

Connectivity
- Carrier-neutral
- Diverse entrances with 2 separate Meet-Me rooms
- Multiple providers

Security
- Minimum building set back of 100ft. from property line
- Manned guard gate at entrance with vehicle barrier gates
- Staffed security desk 24x7x365
- Barrier armed turnstiles at single point of entry
- 3 factor authentication including badge and biometrics
- VESDA throughout facility

QTS Realty Trust, Inc. (NYSE: QTS) is a leading provider of data center solutions across a diverse footprint spanning more than 6 million square feet of owned mega scale data center space throughout North America. Through its software-defined technology platform, QTS is able to deliver secure, compliant infrastructure solutions, robust connectivity and premium customer service to more than 1,100 leading Hyperscale technology companies, enterprises, and government entities.

FLEXIBLE SOLUTIONS - our unique portfolio of core data center services and value added services coupled with financial flexibility allows QTS to structure complete solutions that meet both your technical and budget requirements.

SECURE FACILITIES - robust, redundant and protected facilities with highly trained personnel that adhere to strict security procedures guarantees security and reliability.

REAL-TIME VISIBILITY - The QTS Service Delivery Platform (SDP) gives you visibility, access, and control of critical metrics across your entire QTS hybrid IT deployment, both in real-time and on-demand.

EXPERT SUPPORT - QTS ITIL certified operations personnel and monitoring systems support all services and ensure maximum availability and uptime.

QTS Data Centers are designed and built with reliability, redundancy and resiliency in mind. We start with fully-redundant high-density power and cooling capacities, add fully integrated UPS systems, link site-wide security and fire protection systems, and enable comprehensive visibility through our customer portal to provide secure, dependable state-of-the-art data center infrastructure for our customers' web services.

All Quality Data Centers provide mission critical electrical, mechanical, and high capacity network systems. QTS's trained staff includes facility and electrical maintenance engineers, data center operations experts, network architects and security officers committed to providing on-site 24x7x365 support and operations for our facilities. This crucial design philosophy is built into our product to minimize service disruption and ensure the highest level of customer service available. It is this level of experience and proven track record that sets QTS apart from the rest of the industry.",,,,
Plano Campus,Aligned Data Centers,2800,Summit Avenue,75074,Plano,Texas,33,-96.67652359,"19 acre campus in Plano (Dallas metro), with two data centers:

DFW-01: Built in the 1980s and originally an office and manufacturing plant. Single-story facility retrofitted to a data center in 2015 and expanded in 2019.

DFW-02: Construction began in 2022.",,,,
PowerHouse Irving,PowerHouse Data Centers,111,Customer Way,75039,Irving,Texas,33,-96.9400366,"PowerHouse Irving is poised to become a landmark data center in the thriving Dallas-Fort Worth market. Spanning 50 acres, this state-of-the-art campus is designed to meet the growing demands for data processing and storage. With a developable area of 946,200 square feet, PowerHouse Irving will feature up to three buildings, each capable of delivering a robust 67 MW of power, totaling a massive 200 MW for the entire campus.

The strategic location of PowerHouse Irving at 111 Customer Way benefits from immediate access to permanent power from an adjacent substation serviced by Oncor, ensuring reliable energy delivery for high-performance operations. The site's development is scheduled to begin in early 2025, with the first powered shell expected to be delivered by late 2025.",,,,
1000 Coit Road,Lincoln Rackhouse,1000,Coit Rd,75075,Plano,Texas,33,-96.7656859,,,,,
Google Midlothian Data Center,Google,3800,Railport Pkwy,76065,Midlothian,Texas,32,-97.04880382,"Located in Midlothian, Texas, this Google data center serves a major technology and economic hub within the United States. The facility's power capacity supports Google's expanding operations within the region. Google's commitment to renewable energy projects underscores their focus on sustainable growth and investment in the Texas energy landscape.",,,,
Equinix DA4,Equinix,2323,Bryan St,75201,Dallas,Texas,33,-96.79417846,"Our Dallas data centers are business hubs for more than 200 companies. Our Dallas customers can choose from a broad range of network services from more than 95 providers. They can also interconnect directly to customers and partners in their digital supply chain.

The Dallas-Fort Worth region has long been a major Internet and network peering exchange point. Our Dallas data centers serve a high concentration of telecommunications companies and are a major communications hub for the southern U.S.
",,,,
365 Data Centers - Dallas,365 Data Centers,2323,Bryan St.,75201,Dallas,Texas,33,-96.79418919,"Available Professional Services

.Remote Hands
.Proactive Network Monitoring
.Systems Management
.Rack & Stack

Infrastructure

.Back-up Power & Generator Capacity -4,400 kW Capacity, N+1 Redundancy
.Diesel Fuel Reserve - 100,000 gallons
.Battery Capacity - 15 minutes at full power load
.Cooling - HVAC: Evaporative Cooling, N+1 Redundancy


Standards & Compliance Certifications

.SSAE 16 (Statement on Standards for Attestation Engagements No. 16) - The SSAE16 audit minimizes the need for multiple sets of auditors to separately examine the same set of controls that govern a third party's services. ""SAS"" is an acronym for Statement on Auditing Standards, which are standards issued by the American Institute of Certified Public Accountants.

Interconnectivity & Available Connectivity Services
.Carrier-neutral
.Atlantic Metro On-net
.Internet Exchange Peering
.Cross Connects
.Optical Wavelength Services",,,,
Meta Fort Worth Data Center,Meta,4500,Like Way,76177,Fort Worth,Texas,33,-97.26199296,"Located in Fort Worth, Texas, the Meta Fort Worth Data Center represents a significant commitment to the state's technology infrastructure. This massive facility delivers the power capacity required to support Meta's growing suite of services. The Fort Worth Data Center supports renewable energy projects and contributes to the region's economic vitality.",,,,
Mobius Partners - Farmers Branch,Mobius Partners,4215,N. Beltwood Pkwy,75244,Farmers Branch,Texas,33,-96.83736256,"Negma is a boutique Micro Data Center facility located in Addison/Farmer Branch. We provide reliable, secure and scalable hosted business services to companies of all sizes around the world. Discover our rock-solid record of high-touch, personalized service. We have 8 fiber providers in our facility and can provide up to 45GB of Bandwidth. We have a robust mesh network.

Farmers Branch headquarters is a 20,000 sqft building with a 3400 sqft Data Center.

We will beat any proposed pricing.


3,400 sqft Data Center - Expanding to 10,000sqft
Raised Floors
3x 100KVA UPS (A+B+C Power)
5x 15 Ton Liebert HVAC
350KW Generator
Fire Suppression
Leak Detection
Smoke Detection

Family owned and operated",,,,
DataBank DFW9 - Red Oak,DataBank,,Stainback Rd,75154,Red Oak,Texas,33,-96.72576016,"DataBank's DFW9 is a state-of-the-art data center located in Red Oak, Texas. This facility represents a significant investment in the region's digital infrastructure, with a construction budget of $256 million. The data center spans over 425,000 square feet, offering ample space for a wide range of IT needs.

Designed by JHET Architects, DFW9 is set to begin construction in September and is expected to be operational by the first quarter of 2027. This facility will be the fifteenth DataBank data center in Texas, highlighting the company's commitment to expanding its footprint in the state.",,,,
Equinix DA9,Equinix,2222,East Grauwyler Road,75061,Irving,Texas,33,-96.91273252,"DA9, our newest location in Irving, TX, is the ideal site for customers with large deployments built to handle data growth.",,,,
Compass Red Oak,Compass Datacenters,300,Houston School Rd,75154,Red Oak,Texas,33,-96.7968834,,,,,
Windstream Dallas,Windstream,600,N Pearl St,75201,Dallas,Texas,33,-96.7953287,,,,,
Lumen Dallas,Lumen,3180,Irving Blvd.,75247,Dallas,Texas,33,-96.86875902,,,,,
Lumen Fort Worth 2,Lumen,1101,E 9th St,76102,Fort Worth,Texas,33,-97.3216074,"General Features and Specs

Colocation Options

. Standard Cabinet - 3kW
. High Density Cabinet - 5kW
. Custom Cage Cabinet – 3kW - 15kW
. Field Tech Services Support Available

Network Services

. Edge Computing Solutions including Edge Bare Metal,
. Private Cloud, Network Storage and others.
. Hybrid Cloud and IT Solutions
. Infrastructure Services including Waves, Dark Fiber,

Private Line

. Cloud Connect to AWS, Azure, Google and more

Environmental

. Temperature and humidity controlled
. Monitored building management system
. Fire suppression - Double Interlock Dry-pipe
. Pre-Action W/ Dual zoned smoke/Ion detection
",,,,
Eonix Communications Dallas,Eonix Communications Inc,1515,Round Table Drive,75207,Dallas,Texas,33,-96.87843713,"Eonix Communications Dallas DC1 (AS62904) offers a wide variety of server colocation and full rack colocation within the Dallas Metro Area. We also offer Dedicated Servers and Virtual Servers through our sister company, ServerHub.

We offer a Full BGP Blended transit offering. Our blend is best-in-class with multiple transit providers connected to each datacenter and tied together to form one globally unified network.

Our transit includes the following providers: Level3, GTT, Telia, Cogent, Equinix Peering.

We offer 10Mbit, 100Mbit, GiGE and 10GE Ethernet and Fiber connectivity",,,,
Cisco Richardson Data Center,Cisco Systems,2300,E President George Bush Hwy,75082,Richardson,Texas,33,-96.67894652,,,,,
Cisco Allen Data Center,Cisco Systems,2260,Chelsea Blvd,75013,Allen,Texas,33,-96.66106998,,,,,
TPx Dallas Data Center,TPx Communications,717,N Harwood St,75201,Dallas,Texas,33,-96.79813449,"TPX offers robust data center colocation services, providing a secure and resilient environment for businesses' computing hardware and servers. Their facilities feature comprehensive power, cooling, and security systems to ensure operational continuity and efficiency.

With a focus on redundancy and high availability, TPX's data centers are designed to meet stringent regulatory compliance standards and offer scalable solutions to support the growing demands of modern enterprises.",,,,
Synoptek - Dallas Data Center,Synoptek,2323,"Bryan Street
Suite 1150-A",75201,Dallas,Texas,33,-96.79420498,"Turn to EarthLink to provide leading technology in efficiency, security and redundancy. With years of experience managing, maintaining and operating data center facilities, you can be assured that your critical data assets are secure and available.
EarthLink's fault tolerant, high availability Enterprise Class Data Centers feature EarthLink's Next Generation Cloud and are designed to provide Cloud Hosting, Cloud Disaster Recovery and Colocation, with a 99.999% UPTIME GUARANTEE and 24x7x365 monitoring.

NETWORK
• Diverse fiber paths to the Data Centers
• Multiple backbone providers
• 24/7 network monitoring to ensure consistent and reliable availability
• 100% uptime guarantee

POWER
• Diverse A&B UPS power available to every cabinet
• Dual diesel generators
• Multiple active utility feeds
• Metered power or fixed circuit

ENVIRONMENTAL
• Real time energy monitoring /PUE
• Ultra efficient cooling and power systems
• Energy efficient precision cooling
• All equipment in N+1
• Environmentally friendly FM200 inert gas or dry pipe pre-action fire suppression

SECURITY
• Biometrics and secure card access
• Closed circuit TV with 24/7 digital surveillance
• On site security personnel
• 24/7 facility access

SLA
• Industry leading network and facility uptime guarantee
• Available bandwidth sustained at 2x utilization",,,,
Rackspace Dallas ,Rackspace Hosting,801,Industrial Blvd.,76051,Grapevine,Texas,33,-97.1046037,,,,,
Serverphase.com,M&A Technology Inc.,2045,Chenault Drive,75006,Carrollton,Texas,33,-96.84568432,"Background:
Serverphase the Hosting division of M&A Technology (www.macomp.com) a privately held company technology solution provider specializing in technology Sales to K through 12 School District, College and Universities, Corporate Enterprises and Government Agencies.

M&A is a minority owned business, a qualified HUB provider, an eRate provider and is recognized or qualified under a number of federal and state government programs.

Serverphase (www.serverphase.com) is a full service hosting provider. Services available range from co-location services through shared, managed, virtual and cloud services as well as back-up, replication and DR services. We can provide a single service or we can provide a complete end to end solution including H/W, S/W, Hosting and professional services. We have very competitive rates on our hosting and services and as well as very competitive bandwidth rates with capacity options ranging from 1 Mbps to multiple Gbps.

For all your hosting and technology needs please contact us at hostingsales@serverphase.com or visit www.servephase.com.


Services:
Co-location: Racks and Suites
Shared Hosting
Dedicated Hosting (servers, storage, network gear)
Managed Server, Storage and Network services
Virtual Servers and shared storage
Cloud Back-up and Virtual Desktop Services
Disaster Recovery Services

Features include:
2 independent street power feeds with an additional 2 layer of redundancy
24/5 staff on site
27/7 on call staff
Remote hands available
Automatic fire suppression
Video surveillance
Generator
UPS
Alarm system
HVAC

Connectivity:
Multiple Fiber Carriers present, Multiple Metro Gig Connections",,,,
Lumen Dallas,Lumen,1150,Regal Row,75247,Dallas,Texas,33,-96.8843964,,,,,
STACK Infrastructure,STACK INFRASTRUCTURE,1950,N Stemmons Freeway,75207,Dallas,Texas,33,-96.81942273,"STACK is a leading data center company built from the ground up to address the full stack of its clients' critical infrastructure needs, today and into the future. The Company delivers a comprehensive suite of wholesale colocation, build-to-suit, and powered shell solutions in six markets today: Atlanta, Georgia; Chicago, Illinois; Dallas/Fort Worth, Texas; Northern Virginia; Portland, Oregon; and Silicon Valley, California. With unparalleled existing and flexible expansion capacity in the leading availability zones, STACK provides the scale and geographic reach that rapidly growing enterprises and hyperscale companies need. For more information, please visit www.stackinfra.com Hillsboro, Ore. Dallas and Ashburn, Va.",,,,
QTS Irving DC5,QTS Data Centers,6300,Longhorn Drive,75063,Irving,Texas,33,-96.980071,"The newly planned QTS datacenter in Dallas is designed to cater to hyperscale deployments, underscoring the area's growth as a major US technology center. Upon completion, this facility will significantly enhance colocation options and network capabilities for businesses within the region. Companies seeking expansion opportunities within the North Texas market should keep this development on their radar.",,,,
QTS Irving DC6,QTS Data Centers,6300,Longhorn Drive,75063,Irving,Texas,33,-96.98013538,"The newly planned QTS datacenter in Dallas is designed to cater to hyperscale deployments, underscoring the area's growth as a major US technology center. Upon completion, this facility will significantly enhance colocation options and network capabilities for businesses within the region. Companies seeking expansion opportunities within the North Texas market should keep this development on their radar.",,,,
Lumen Dallas 3,Lumen,1201,Main Street,75202,Dallas,Texas,33,-96.8018622,"Facility Specifications

. Total Space: 9,569 sq. ft.
. Colocation Space: 913 sq. ft.
. Ceiling height: 9'0""
. Freight elevator
. Available on-site parking
. Loading dock

Environmental

. Temperature and humidity controlled
. Monitored building management system
. Fire suppression and smoke detection

Power

. DC Power
. Generator and battery backup

Security

. Stringent, multi-layered security control procedures

Network Features

. Diverse fiber connectivity
. NPA-NXX: (214)-742
. Level 3 portfolio of services
. Backhaul services, if needed
. Alternate carrier networks available",,,,
Lumen Fort Worth 1,Lumen,1601,Jones Street,76102,Fort Worth,Texas,33,-97.3233969,"Facility Specifications

. Total Space: 18,686 sq. ft.
. Colocation Space: 1,826 sq. ft.
. N+1 HVAC configuration
. Available on-site parking
. Loading dock

Environmental

. Temperature and humidity controlled
. Monitored building management system
. Fire suppression and smoke detection

Power

. DC Power
. Generator and battery backup

Security

. Stringent, multi-layered security control procedures

Network Features

. Diverse fiber connectivity
. NPA-NXX: (817)-334
. Level 3 portfolio of services
. Backhaul services, if needed
. Alternate carrier networks available",,,,
Lumen Dallas 4,Lumen,400,S Akrad,75202,Dallas,Texas,33,-96.7989116,"Facility Specifications

. Total Space: 36,219 sq. ft.
. Colocation Space: 6,479 sq. ft.
. Ceiling height: 15'0""
. N+1 HVAC configuration
. Freight elevator
. Available on-site parking
. Loading dock

Environmental

. Temperature and humidity controlled
. Monitored building management system
. Fire suppression and smoke detection

Power

. DC Power
. Generator and battery backup

Security

. Stringent, multi-layered security control procedures

Network Features

. Diverse fiber connectivity
. NPA-NXX: (214)-977
. Level 3 portfolio of services
. Backhaul services, if needed
. Alternate carrier networks available",,,,
Lumen Dallas 2,Lumen,1950,Stemmons Freeway,75207,Dallas,Texas,33,-96.81944419,"Facility Specifications

. Total Space: 28,220 sq. ft.
. Colocation Space: 6,253 sq. ft.
. Ceiling height: 14'0""
. Freight elevator
. Available on-site parking
. Loading dock

Environmental

. Temperature and humidity controlled
. Monitored building management system
. Fire suppression and smoke detection

Power

. AC and DC Power
. Generator, UPS, and battery backup

Security

. Stringent, multi-layered security control procedures

Network Features

. Diverse fiber connectivity
. NPA-NXX: (214)-550
. Level 3 portfolio of services
. Backhaul services, if needed
. Alternate carrier networks available",,,,
Data Canopy - Dallas,Data Canopy,1807,Ross Avenue,75201,Dallas,Texas,33,-96.80118038,"HOSTING owns and maintains a state-of-the-art data center located in Dallas's Central Business District. The data center has fully redundant connectivity, and industry-leading monitoring and security systems. HOSTING owns, operates, monitors and maintains all power systems, HVAC, network connectivity, advanced fire suppression systems and access control technology in order to ensure that all systems work efficiently.
Connectivity

Multiple Tier 1 Internet connections
Diverse fiber conduits for physical redundancy
CAT6 or fiber access to each row of cabinets/cages
100Mbps standard network connectivity to cabinets/cages

Facility Design

100% dedicated HOSTING resources
24x7 fully staffed Network Operations Center
Fully redundant Liebert environmental controls
Hot aisle/cold aisle layoout
Dedicated Glycol system with redundant pumps and heat exchangers
Pre-action sprinkler fire suppression with PhotoElectric and VESDA detection systems
Raised flooring controls air flow for steady temperature

Facility Power

N+1 Liebert and Powerware UPS systems
150 Watts/sq. ft.
120v and 208v single and three phase circuits
Automatic transfer and programmable logic controllers
Caterpillar diesel generator with 48-hour fuel supply
CBD power grid with double redundancy
Regular and comprehensive system testing

Facility Security

Dedicated data center personnel onsite 24x7
Operations center technicians provide monitoring and remote hands assistance
Video surveillance fully monitored internal/external
24/7 customer access
Access points secured with keycard, man-traps, biometric controls
Security corridor with tailgating prevention",,,,
Epic.io,Epic.io,1526,Viceroy Dr,75235,Dallas,Texas,33,-96.86983636,"Power:
- N+1 infrastructure
- N+1 AC power and N+3 telco-grade DC power
- Redundant power delivery infrastructure
- Redundant hospital and airport power grid
- Weekly tested redundant power generators
- UPS and generator backup
- A + B legs of power available for each cabinet
- 20 & 30 Amp / 120 & 208 Volt power options
- High-density power
- Ultra low PUE
- Power scrubbed before entering facility floor

Facility:
- 1526 Viceroy Dr Dallas, TX 75235
- Single tenant, Epic.io owned
- 100% Renewable energy
- Locking 42U cabinets
- HVAC redundant cooling
- Ceiling and under floor smoke detection
- Liebert CRAC units
- Custom cooling solutions
- 64´F - 76´F Temperature
- Pre-action dry pipe fire suppression
- 24"" Raised floor for improved airflow
- Poured concrete floors´
- Customer lounge with provided coffee and TV
- 24/7 On-site NOC staff
- 24/7 Support ticketing system
- Managed services available
- 24/7 server monitoring
- Facility walkthrough checks
- UL certified grounding system
- Remote hands

Network:
- 100 Mbps, 1000 Mbps, 10-Gbit Connections
- Private VLAN's and private networks available
- Direct connection to the Infomart
- Carrier neutral with over 50+ providers avail.
- Fully redundant Cisco network
- IPV4 directly allocated ARIN address space
- BGP Multi-homed network power
- Multiple tier I and tier II providers´
- Level 3, Cogent, and Zayo

Security:
- Double-door locking man-trap
- RFID Keycard
- Data center access log
- Multiple security & authentication layers
- 24/7 Video surveillance
- 24/7 On-site staff monitoring´
- Closed circuit TV monitoring & recording´
- 90-Day Recording retention
- Physical audit trails on all entry points
- Inventory for all property removal requests",,,,
SoftLayer - DAL07,SoftLayer,1700,Summit Ave,75074,Plano,Texas,33,-96.68815913,"Headquartered in Dallas, SoftLayer is the innovation leader in Cloud, Dedicated, and Managed Hosting, and the largest privately hosting company in the world. SoftLayer provides cloud, dedicated, and seamlessly integrated computing environments, leveraging world-class data centers in Dallas, Houston, San Jose, Seattle, and Washington D.C., Singapore and Amsterdam, and network Points of Presence around the globe. SoftLayer automates all elements of its platform, empowering customers with complete control, security, scalability, and ease-of-management via a leading Customer Portal and Open API. The company’s proprietary offerings include the industry’s first Network-Within-a-Network topology for true out-of-band access, providing remote access to all management options.",,,,
Dallas,Lunavi,1950,"North Stemmons, Fwy
Suite 1039A",75207,Dallas,Texas,33,-96.81955516,"The Dallas-Fort Worth region has long been a major Internet and network peering exchange point. Our Dallas data center serves a high concentration of telecommunications companies and are a major communications hub for the southern U.S.

Connectivity

- The largest Internet Exchange in the South Central U.S.
- Direct connections to 125 network service providers for unparalleled choice of broadband service providers.

Compliance and Certifications

- SOC 1 and 2
- ISO 21700
- HIPAA
- PCI-DSS, SOX, GLB",,,,
DataBank - zColo - 2323 Bryan St,DataBank,2323,Bryan St,75201,Dallas,Texas,33,-96.794157,"Previously known as zColo, part of Zayo Group. DataBank acquired all data center assets from Zayo Group in 2020.

---------------------------------------------------

Whether you're a business looking to colocate server equipment, or a carrier needing to expand your network, we have a colocation solution for you in our Dallas Data Center. Our facilities are designed for data and telecommunications equipment. We offer a carrier neutral secure environment with redundant cooling systems, UPS and generator back up. Our security includes 24x7 key card access and video surveillance. We have on-site staff and 24x7 on call staffing available.
",,,,
GIPNetworks Plano,Plano Data Center | Global IP Networks,1009,"Jupiter Rd.
Suite 500",75074,Plano,Texas,33,-96.68312173,"Background:
Customer centric and flexible with fast delivery. Strategic, convenient location and accessibility. State of the art datacenter. Multi layer security. Power density per sqft. Multi-gigabit network infrastructure.

Features:
[X] 24/7 access
[x] 24/7 staff on side
[x] Free Equipment Reboot
[x] Free IP Address provisioning
[x] Remote hands available
[x] Pre-action Fire Suppression System
[x] Smoke Detector
[x] Video surveillance
[x] Generator
[x] UPS
[x] Alarm system
[x] Redundant CRAC

Services:
[X] Rental of cages
[X] Rental of foot prints
[X] Rental of racks
[X] Hosting of individual servers
[ ] Dedicated servers
[ ] Virtual servers
[ ] Office space

Connectivity:
Multiple gigabit fiber entry on diverse route with self healing core networks technology. Multiple carriers, if premium blend includes AT&T, Level3, Time Warner, Sprint, Savvis, NTT/Verio, and Global Crossing (100% Uptime). Cogent Communication and Xeex blend are available as value bandwidth (99.999% Uptime).",,,,
Psychz Dallas,Psychz Networks,1515,Roundtable Dr,75457,Dallas,Texas,33,-96.87836203,"At our Los Angeles datacenter, all cooling equipment is independently dual-powered, including chillers, ventilating and air-conditioning (HVAC) systems for complete climate control. The fault-tolerant site infrastructure features electrical power circuit storage and distribution facilities with expected availability of 99.995%. Located right next to the One Wilshire building, the servers can provide 100+ Gigabit to a Meet-me-room at One Wilshire and 100+ Gigabit Internet capacity. The service offers multiple fiber wavelengths and can be used on all major providers, including Hurricane, China Unicom, Nlayer, Tinet, NTT, Comcast, PCCW and more.",,,,
Tier.Net,TierNet,1515,round table drive,75247,Dallas,Texas,33,-96.87839422,"US-owned with offices in New York, Florida, and Texas, Tier.Net operates in datacenters
strategically located throughout the USA and beyond! Experience the top tier of hosting and
related services only at Tier.Net! Cutting edge, reliable, and FAST! Tier.Net provides shared,
reseller, VPS, cloud, dedicated, and co-location services at guaranteed competitive prices.
Tier.Net features an in-house staff, wholly owned network and server hardware, and certified
techs available 24/7/365 to ensure your online venture is an outstanding success!
Select from USA Datacenter Options:
- on the East Coast in Ashburn (VA), Charlotte (NC), and Latham (NY)*
- also on the East Coast in Staten Island (NY) with DDoS Protection included free of
charge
- on the West Coast in Bend (OR) with DDoS Protection included free of charge
- in Central US in Dallas (TX) with DDoS Protection included free of charge",,,,
LOGIX FIBER NETWORKS Dallas #1,LOGIX FIBER NETWORKS,2323,"Bryan
Suite 850",75201,Dallas,Texas,33,-96.79422643,"The Logix Fiber Networks and data center facilities located at 2323 Bryan Street in Dallas, Texas offer unique, world-class colocation space strategically positioned in a most prestigious carrier hotel located in the heart of downtown Dallas and serving the greater Dallas-Ft. Worth Metroplex.

With over 65 carriers and service providers under one roof, roughly 20% of the nation's internet, voice, and data traffic passes through this building. The location of two Logix colocation centers within this major carrier aggregation point bridges the often overlooked gap between robust data center facilities and the availability of sophisticated, carrier communications solutions (i.e. Internet access, transport services, WAN/MAN solutions, and wireless services). These Logix facilities feature a multiple carrier Internet backbone, dual backup power supplies, several gigabits of local loop to the Internet, state-of-the-art environmental controls, and numerous security systems.

Key Features
. Redundant power systems including back-up generators, automatic transfer switch, UPS system, -48v battery plant, and independent circuit breakers
. Environmental conditioning for controlled temperature and humidity
. Industrial grade reinforced floors
. Metropolitan Area Networking and Wide Area Networking solutions to reliably access remote sites and remote users
. 24th Floor Meet-me-Room with access to 65+ carriers and service providers
. 24x7x365 critical monitoring/disaster prevention
. 24x7x365 secure access
. Flexible space and power configurations including colo cabinets, cages and private suites
. Hands on support",,,,
Enterhost,Consuro Managed Technology,801,"Cherry Street
Suite LLG50",76102,Fort Worth,Texas,33,-97.3345393,"Enterhost owns and operates a Tier-1 data center located below street level in downtown Fort Worth, Texas. Over $8 million dollars was invested in building out the 20,000 square foot dedicated server hosting facility. Our data center is engineered with fully redundant electrical, mechanical and network infrastructure to ensure the highest levels of availability.",,,,
NocRoom Dallas Colocation and VPS,NocRoom Miami Colocation VPS,33004,Irving Blvd,75247,Dallas,Texas,33,-96.86267966,"Power & Redundancy
Our power systems feature extensive fault tolerance and resilience at every layer. Incoming service is routed underground to a dedicated on-site transformer. This system routes to our automatic transfer switch which monitors power quality, and automatically transfers to our emergency generators in the event they are needed. Each facility is also protected by one or more uninterruptible Power Supplies (UPS), featuring redundant battery cabinets and full maintenance bypass cabinets allowing for service and upgrades without interruption of power to our servers.

NocRoom Tier1 Bandwidth Network
Multiple Tier 1 bandwidth providers call NocRoom home including AT&T, CenturyLink, Cogent, Comcast Business Class, FiberLight, FPL FiberNet, Internap, Level 3, TW Telecom, Verizon Business and XO. NocRoom facility is also home to several Tier 2 carriers.

Services
* Colocation
* Hosted PBX
* Dedicated Servers
* Cloud Servers

Bitcoin Accepted

Miami, Dallas and Los Angeles",,,,
LOGIX FIBER NETWORKS Fort Worth,LOGIX FIBER NETWORKS,307-309 ,West 7th St,76102,Fort Worth,Texas,33,-97.3319733,"Fiber-based Data, Voice, Data Center and Cloud Interconnect Solutions

LOGIX STRIVES EVERY DAY TO OFFER THE BEST INTERNET AND VOICE PRODUCTS ON THE MARKET TODAY AND PRIDE OURSELVES ON OUR OUTSTANDING SERVICE

LOGIX provides colocation facilities and services to keep your company functioning through the worst case scenario. Our Texas data centers are digital fortresses featuring fully redundant infrastructure state-of-the-art power, cooling, and fire suppression systems robust physical security and scalable connectivity to our world-class fiber optic network. It all amounts to bulletproof protection for your critical data, and a better night's sleep for you.",,,,
Nimbix - Dallas,Nimbix,2323,Bryan Street,75201,Dallas,Texas,33,-96.79413555,"Nimbix provides a purpose built compute cloud for big data and computation. Nimbix offers high performance applications as a service through the Nimbix Cloud, dramatically speeding up data processing for Energy, Life Sciences, Manufacturing, Media and Analytics applications.

Nimbix delivers unique accelerated high-performance systems and applications from its world-class datacenters as a pay-per-use service. Additional information about Nimbix is included in the company overview, which is available on the Nimbix website at http://www.nimbix.net",,,,
LOGIX FIBER NETWORKS Dallas #2,LOGIX FIBER NETWORKS,2914,Taylor Street,75226,Dallas,Texas,33,-96.78091223,"Key Features
. Over 3000 feet of raised floor
. True 2N power to every cabinet
. Fully redundant HAVC system with N+1 cooling
. Pre-action dry pipe fire suppression with heat and smoke detection
. SSAE 16 SOC3 certified
. 24x7x365 critical monitoring/disaster prevention
. Access card and biometrics security

Network Connectivity
. Diverse fiber routes from the street
. 200G DWDM connection on Alpheus Texas fiber network

Flexible Options
. Relay Racks
. Cabinets
. Private Cages
. Private Suites
. Flexible Power Configurations
. Remote Hands Support

About Alpheus
. 2,800+ Miles of Long-Haul Fiber
. 3,200+ Miles of Metro Fiber
. Connectivity to 300+ COs / Carrier POPs
. 94,000+ Ethernet-Qualified Addresses
. 24x7x365 Monitoring & Support",,,,
VAZATA Dallas II,VAZATA,2440,Marsh Lane,75007,Carrollton,Texas,33,-96.85371603,"BUILDING SPECIFICATIONS
. Features 12,500 of move-in-ready Tier III (with Tier IV attributes) data center space
. The building is strategically located outside of the 500 year flood plain
. Facility has diverse and redundant utility feeds, and has diverse entry points for fiber to the facility

SECURITY
. Facility is enclosed by vehicle barrier fencing
. VAZATA provides 24 X 7 days a week on-site uniformed security, including man cage at main entry
. Cage access is controlled by biometric and/or key card access readers
. Each VAZATA data center has a minimum of four security checkpoints that are keycard and/or biometric access controlled
. All access points, common areas and the building perimeter are monitored by CCTV at the data center security station and remotely at a NOC facility
. Security images are maintained in accordance with PCI requirements
. The generator yard is located behind a retaining wall around the perimeter for security

DATACENTER FLOOR
. 12,500 of move-in-ready Tier III (with Tier IV attributes) data center space . 36-inch raised floor
. Secure cages and lockable cabinets solutions

ELECTRICAL POWER
. The space offers a total capacity of 2.0 Megawatts of power
. UPS and PDU to the floor configured 2N
. Power is served by N+1 utility with three diverse paths to the facility
. True A/B power is delivered to the data center floor with redundant PDU's and PPs
. Power is monitored to the branch circuit level
. Generators are configured N+1 with additional roll-up capability
. The generator yard is located behind a retaining wall around the perimeter for security
. Generators are tested on a weekly basis
. VAZATA provides redundant refueling contracts for the data center

COOLING
. Dedicated 2N air-cooled chillers, bi-directional chilled water loop with 2N pumping and N+15% CRAH units to each 1125 kW data center
. Double-interlock, dry pipe, pre-action, water sprinkler system. Overhead and under floor smoke detection

TELECOM & CONNECTIVITY
. Fiber enters the building through two separate entrance facilities on different sides of the facility
. VAZATA has a private, DWDM fully redundant carrier grade fiber ring to connect VAZATA data centers to major carrier hotels

CARRIERS
. ABOVENET (ZAYO)
. TW TELECOM
. ATT
. VERIZON",,,,
Carrier-One Datacenter,IWebFusion,1515,round table drive,75247,Dallas,Texas,33,-96.87841568,"Just a Quick Intro
iWebFusion specializes in shared website hosting, virtualization, public + private cloud hosting, and bare-metal dedicated hosting solutions. iWebFusion, a brand of H4Y Technologies LLC and formerly iWebFusion Technologies LLC of Oregon, is based in Melbourne Beach, FL but operates datacenters in Bend, OR, Charlotte, NC, Los Angeles, CA (x2), Las Vegas, NV, and Monticello, IA. We're a group of engineers, developers and sysadmins but above all, we're genuine people that want to help you. Since 2001, H4Y Technologies LLC has been a leader in all aspects of the webhosting industry.

Reliability
iWebFusion is proud of our uptime statistics and you can see them for yourself! [CLICK HERE] to see our public uptime report. iWebFusion wholly owns its equipment, hardware, and in-house staff. We operate our own autonomous network (AS397373) including BGP and routing at our datacenter locations. Dependable scalability comes easy at iWebFusion with packages ranging from simple shared/business hosting to reseller accounts, VPS (virtual private server), Dedicated Servers, and Colocation. All at the best bang for the buck on the net. We do not oversell our services; instead we spread accounts reasonably across powerful servers and offer true 24/7 support. With our servers running 24/7/365 and an average of 99.99% uptime, you don't have to worry about our network going offline.

Support: In-house Experts!
iWebFusion's support is fast and reliable. We raise the bar for providing friendly, accurate, knowledgeable, and ACCESSIBLE network engineers, sysadmins, and customer support. Our support team is fully trained to help you with anything from building your website to building your private cloud to assisting you with brainstorming a complex enterprise networking project. iWebFusion's team is comprised of certified engineers and high-level sysadmins immediately on tap to provide reliable support and service throughout your hosting experience.

No Gimmicks
This one is pretty simple. We have no hidden fees. We don't sell our services on gimmicks, trendy offerings or misleading information. We pride ourselves on offering no-nonsense high-quality servers, networking, and webhosting with unique features you won't find anywhere else. You will receive all the features you pay for, and they will all work. The amount you see on your invoice will be the amount you will be billed. When you sign up, you can keep paying that price as long as you are an iWebFusion customer.

Your Satisfaction is Guaranteed!
iWebFusion has a legion of fans and ecstatic clients. It is no wonder that our amazing clients have fueled our tremendous growth since 2001. That is why we offer solid money back guarantees and happily provide references. Join thousands of satisfied fans and try iWebFusion today!",,,,
SoftLayer - DAL02/06,SoftLayer,1333,"North Stemmons Freeway
Suite 110",75207,Dallas,Texas,33,-96.81525218,"Headquartered in Dallas, SoftLayer is the innovation leader in Cloud, Dedicated, and Managed Hosting, and the largest privately hosting company in the world. SoftLayer provides cloud, dedicated, and seamlessly integrated computing environments, leveraging world-class data centers in Dallas, Houston, San Jose, Seattle, and Washington D.C., Singapore and Amsterdam, and network Points of Presence around the globe. SoftLayer automates all elements of its platform, empowering customers with complete control, security, scalability, and ease-of-management via a leading Customer Portal and Open API. The company’s proprietary offerings include the industry’s first Network-Within-a-Network topology for true out-of-band access, providing remote access to all management options.",,,,
SoftLayer - DAL01,SoftLayer,1950,N. Stemmons Freeway,75207,Dallas,Texas,33,-96.81944419,"Headquartered in Dallas, SoftLayer is the innovation leader in Cloud, Dedicated, and Managed Hosting, and the largest privately hosting company in the world. SoftLayer provides cloud, dedicated, and seamlessly integrated computing environments, leveraging world-class data centers in Dallas, Houston, San Jose, Seattle, and Washington D.C., Singapore and Amsterdam, and network Points of Presence around the globe. SoftLayer automates all elements of its platform, empowering customers with complete control, security, scalability, and ease-of-management via a leading Customer Portal and Open API. The company’s proprietary offerings include the industry’s first Network-Within-a-Network topology for true out-of-band access, providing remote access to all management options.",,,,
SoftLayer - DAL04,SoftLayer,400,Akard St,75202,Dallas,Texas,33,-96.79894379,"Headquartered in Dallas, SoftLayer is the innovation leader in Cloud, Dedicated, and Managed Hosting, and the largest privately hosting company in the world. SoftLayer provides cloud, dedicated, and seamlessly integrated computing environments, leveraging world-class data centers in Dallas, Houston, San Jose, Seattle, and Washington D.C., Singapore and Amsterdam, and network Points of Presence around the globe. SoftLayer automates all elements of its platform, empowering customers with complete control, security, scalability, and ease-of-management via a leading Customer Portal and Open API. The company’s proprietary offerings include the industry’s first Network-Within-a-Network topology for true out-of-band access, providing remote access to all management options.",,,,
SoftLayer Headquarters,SoftLayer,4849,Alpha Rd,75244,Dallas,Texas,33,-96.8280072,"Headquartered in Dallas, SoftLayer is the innovation leader in Cloud, Dedicated, and Managed Hosting, and the largest privately hosting company in the world. SoftLayer provides cloud, dedicated, and seamlessly integrated computing environments, leveraging world-class data centers in Dallas, Houston, San Jose, Seattle, and Washington D.C., Singapore and Amsterdam, and network Points of Presence around the globe. SoftLayer automates all elements of its platform, empowering customers with complete control, security, scalability, and ease-of-management via a leading Customer Portal and Open API. The company’s proprietary offerings include the industry’s first Network-Within-a-Network topology for true out-of-band access, providing remote access to all management options.",,,,
MDC McAllen - MCA2,MDC Data Centers,422,S 11th St,78501,McAllen,Texas,26,-98.23218629,"The MDC McAllen expansion brings more space and power to an ever-growing interconnection hub, featuring a 1MW facility built to Tier III specifications and transparent access to our entire network ecosystem.

It is the first data center built to adapt to McAllen, thought and designed for the growing needs of operators, ISPs, and content and gaming providers.",,,,
MDC McAllen - MCA1,MDC Data Centers,200,"South 10th Street
Suite 702",78501,McAllen,Texas,26,-98.23160032,"Our collocation service allows you to expand your network infrastructure by offering full- or half-racks of space and power within our switch site. Our site is carrier-grade, climate-controlled, secured, and protected by fire-suppression systems-providing you with the same high-level security and conditions to which we entrust our own network. With our Smart Hands Service, our technicians can provide the on-site assistance installing and or troubleshooting customer equipment.

Our service helps decrease your costs and reduce your real estate and interconnection costs. Located in the Fiberhead for South Texas we make interconnecting to the major Mexican carriers quick, easy and affordable.",,,,
Lumen McAllen 1,Lumen,906,Beech Avenue,78505,McAllen,Texas,26,-98.22911643,"Facility Specifications

. Total Space: 6,015 sq. ft.
. Colocation Space: 1,754 sq. ft.
. Ceiling height: 13'0""
. Available on-site parking

Environmental

. Temperature and humidity controlled
. Monitored building management system
. Fire suppression and smoke detection

Power

. DC Power
. Generator and battery backup

Security

. Stringent, multi-layered security control procedures

Network Features

. Diverse fiber connectivity
. NPA-NXX: (956)-984
. Level 3 portfolio of services
. Backhaul services, if needed
. Alternate carrier networks available",,,,
Chase Tower McAllen,1547 Critical Systems Realty,200,"S 10th St
Suite 1205",78501,McAllen,Texas,26,-98.23166469,,,,,
Stream DC San Antonio II - Westover Hills,Stream Data Centers,9550,Westover Hills Blvd,78251,San Antonio,Texas,29,-98.67158683,"Stream Data Centers’ second data center in the market, San Antonio II is optimally located just 15 miles from the San Antonio International Airport. In addition to reliable power and fiber infrastructure and virtually no risk of natural disasters, this Texas Hill Country location has newly available turnkey capacity immediately available at the 75,840 SF data center. Tenants benefit from highly resilient infrastructure and stable power prices.


HIGHLIGHTS:

- Dual utility feeds from two substations

- 185 mph wind-rated building and equipment yard

- High efficiency air cooled chillers with air side economization

- Chilled water available for in-row and in-rack cooling solutions

- Uptime Tier III Design Certified

- Optimal location outside 500-year flood plain

- 2N distribution to the rack

- Designed to meet or exceed ISO/IEC 27001, SOC 1 Type 1, SOC 2 Type 2, and PCI DSS standards

- LEED Silver certified

- Disaster Recovery office space backed by 2N generators",,,,
Stream DC San Antonio III,Stream Data Centers,11203,W Military Drive,78253,San Antonio,Texas,29,-98.71480189,"Stream’s third San Antonio campus is scheduled to support 1.5 million square feet of data center space with a $400M investment, supporting 200 MW at full build.

This first facility on the new campus, San Antonio III, is currently under construction for 300,000 initial square feet of turnkey data center space and an on-site 334 MW CPS substation, scheduled for occupancy in 2Q 2025.

Strategically located on West Military Drive and Loop 1604, the new West San Antonio campus will leverage a nationally competitive energy market while prioritizing sustainability and taking advantage of the latest in infrastructure design, enabling reliability, security, scalability, and uptime. The new data center campus is located less than five miles from Stream’s nearby facility, San Antonio II, and as the third area data center, Stream is set to reaffirm its commitment to meeting the increasing demands of hyperscalers in Texas, and beyond.

- Up to five new buildings will support up to 200 MW across 1.5 million data center square feet.

- Three out of the new buildings, 120 MW, remain available for new tenant deployments.

- On-site dual-fed breaker and a half CPS substation, with 2N configuration to each building.

- Strategic location, positioned within a nationally competitive energy market.

- Zero water use cooling systems (WUE=0.)

- Data halls designed to accommodate both air and/or liquid-cooled IT.

- Supports advanced digital infrastructure by incorporating the latest technologies for enhanced reliability.

- Secure campus configuration allows for individual to secured perimeters per building, or for the combination of lots.

- Robust network connectivity.",,,,
CyrusOne SAT1 - San Antonio,CyrusOne Data Centers,9999,Westover Hills Blvd,78251,San Antonio,Texas,29,-98.68807559,"CyrusOne's 200,000 square foot Lewisville / North Texas data center provides redundant power architecture, high density capability, and abundance of connectivity to many local and international companies.

CyrusOne (NASDAQ: CONE) specializes in highly reliable enterprise-class, carrier-neutral data center properties. The company provides mission-critical data center facilities that protect and ensure the continued operation of IT infrastructure for more than 500 customers, including nine of the global Fortune 20 and more than 100 of the Fortune 1000 companies.

CyrusOne’s data center offerings provide the flexibility, reliability, and security that enterprise customers require and are delivered through a tailored, customer service-focused platform designed to foster long-term relationships. CyrusOne's internet interconnection platform provides robust connectivity options for enterprises, content, and telecommunications companies. CyrusOne is committed to full transparency in communication, management, and service delivery throughout its 25 data centers worldwide.",,,,
CyrusOne SAT2 - San Antonio,CyrusOne Data Centers,9554,Westover Hills Blvd,78251,San Antonio,Texas,29,-98.67296213,"Located near CyrusOne’s first San Antonio facility SAT1, the SAT2 site has up to to 196,000 colocation square feet (CSF) and 20,000 sq. ft. of superior Class A office space that can be used by customers.

The National IX platform at SAT2 provides customers with accessibility to high-performance, low-cost data transfer and unites multiple state-of-the-art CyrusOne sites in Texas and beyond.",,,,
CyrusOne SAT5 - San Antonio,CyrusOne Data Centers,14719,Omicron Dr.,78245,San Antonio,Texas,29,-98.78764036,"This campus has 50,000 square feet of raised space per floor and provides connections to the San Antonio Metro IX and CyrusOne National IX with on-ramps to major cloud providers through Megaport.

The SAT5 San Antonio data center is well-suited for enterprise clients that require a robust data center infrastructure for mission-critical applications. This location is in an area considered one of the safest in the country, free from natural disasters including seismic activity, tornados, and hurricanes. SAT5 also offers Class A office space as well as CyrusOne’s seven layers of physical security.",,,,
H5 Data Centers San Antonio,H5 Data Centers,100,Taylor St.,78205,San Antonio,Texas,29,-98.48682459,"H5 Data Centers' San Antonio data center is in an 85,000 SF carrier hotel located at 100 Taylor Street in downtown San Antonio. The San Antonio data center features direct access to the key metro and long haul network providers in Texas. CenturyLink, LOGIX, Telia, Windstream, and other long haul carrier's networks are directly accessible from the San Antonio data center.",,,,
Amazon AWS SAT - 7400 Potranco,Amazon AWS,7400,Potranco Rd,78251,San Antonio,Texas,29,-98.63855873,,,,,
CloudHQ SAT Campus,CloudHQ,15255,Lambda Dr,78245,San Antonio,Texas,29,-98.79940633,"Situated west of San Antonio on the former site of the University of Texas Health Science Center, CloudHQ's expansive SAT campus delivers up to 600MW of critical IT load across five fully customizable data centers. Equipped with multiple on-site substations, the campus caters to diverse tenant needs and offers ample room for future expansion. Four diverse fiber paths connect the campus to a multitude of telecommunications providers, ensuring robust connectivity.
",,,,
Microsoft San Antonio (SAT15),Microsoft,3555,Westover Link,78251,San Antonio,Texas,29,-98.7023132,"This Microsoft data center is part of an Azure availability zone in the South Central US Azure region (Americas).

Please visit the website of Microsoft for further details about Microsoft San Antonio SAT15.",,,,
CyrusOne SAT9 - San Antonio,CyrusOne Data Centers,14815,Omicron Dr,78245,San Antonio,Texas,29,-98.784419,"CyrusOne's SAT8 and SAT9 data centers represent the latest expansion in San Antonio, Texas, a location strategically chosen for its stability and absence of natural disasters. These state-of-the-art facilities are designed to meet the high standards of Fortune 1000 companies, offering robust infrastructure for mission-critical applications. With advanced security measures, high-density power architecture, and a carrier-neutral environment, CyrusOne provides a reliable foundation for high-performance computing and disaster recovery solutions. The data centers also offer Class A office space, allowing companies to maintain close proximity to their critical IT operations. Planned to be fully compliant with industry standards and certifications, these facilities underscore CyrusOne's commitment to providing top-tier data center solutions.",,,,
Windstream San Antonio,Windstream,106,S St Mary's St,78205,San Antonio,Texas,29,-98.4912352,,,,,
Microsoft San Antonio (SN7),Microsoft,5200,Rogers Rd,78251,San Antonio,Texas,29,-98.69670893,This Microsoft data center is part of an Azure availability zone in the South Central US Azure region (Americas).,,,,
Microsoft San Antonio (SAT80 & SAT81),Microsoft,18844,Fm1957,78009,Castroville,Texas,29,-98.875989,This Microsoft data center is part of an Azure availability zone in the South Central US Azure region (Americas).,,,,
CyrusOne SAT8 - San Antonio,CyrusOne Data Centers,14677,Omicron Dr,78245,San Antonio,Texas,29,-98.78688629,"CyrusOne's SAT8 and SAT9 data centers represent the latest expansion in San Antonio, Texas, a location strategically chosen for its stability and absence of natural disasters. These state-of-the-art facilities are designed to meet the high standards of Fortune 1000 companies, offering robust infrastructure for mission-critical applications. With advanced security measures, high-density power architecture, and a carrier-neutral environment, CyrusOne provides a reliable foundation for high-performance computing and disaster recovery solutions. The data centers also offer Class A office space, allowing companies to maintain close proximity to their critical IT operations. Planned to be fully compliant with industry standards and certifications, these facilities underscore CyrusOne's commitment to providing top-tier data center solutions.",,,,
Microsoft San Antonio (SAT46),Microsoft,15000,Lambda Dr,78245,San Antonio,Texas,29,-98.80296466,This Microsoft data center is part of an Azure availability zone in the South Central US Azure region (Americas).,,,,
Microsoft San Antonio (SAT82),Microsoft,18844,Fm1957,78009,Castroville,Texas,29,-98.87596755,This Microsoft data center is part of an Azure availability zone in the South Central US Azure region (Americas).,,,,
Microsoft San Antonio,Microsoft,5150,Rogers Rd,78251,San Antonio,Texas,29,-98.69263842,This Microsoft data center is part of an Azure availability zone in the South Central US Azure region (Americas).,,,,
Microsoft Wiseman Boulevard (SAT14),Microsoft,3545,Wiseman Blvd,78251,San Antonio,Texas,29,-98.68144173,This Microsoft data center is part of an Azure availability zone in the South Central US Azure region (Americas).,,,,
Amazon AWS SAT - 12807 Donop,Amazon AWS,12807,Donop Rd,78223,Elmendorf,Texas,29,-98.38875623,,,,,
QTS San Antonio,QTS Data Centers,8535,Potranco Rd,78251,San Antonio,Texas,29,-98.6525258,"QTS San Antonio is a strategic location in North America, that connects to the east and west coasts, Canada, Mexico, and Central and South America.

Designed to meet rapid, large scale deployments, QTS San Antonio offers one of the most flexible, efficient builds in the region. The campus provides significant capacity to support ongoing growth.",,,,
Microsoft San Antonio (SAT40),Microsoft,15000,Lambda Dr,78245,San Antonio,Texas,29,-98.80293248,This Microsoft data center is part of an Azure availability zone in the South Central US Azure region (Americas).,,,,
SiteB Data,SiteB Data,911,North Frio St,78207,San Antonio,Texas,29,-98.50733139,"SiteB Data is San Antonio and South Texas' Premier Data Center. SiteB specializes in colocation, disaster recovery, business continuity, dedicated and managed hosting. SiteB is locally owned and operated. SiteB's Data Center is a carrier neutral, 27,000 ft building located near downtown.

A few of SiteB's features:

Utility power on dual services
Backup power supplied by redundant generators ( 500kw)
Carrier Neutral ( Carrier List provided on request)
UPS power by Powerware
Hot Aisle Containment
36 Cameras throughout Facility
Redundant Cooling
Cages Available
Multiple Voltages available to rack
Perimeter Fencing
Card Key and biometric access
Remote Hands Available",,,,
CloudBurst Central Texas,CloudBurst Data Centers,,,78666,San Marcos,Texas,30,-98.00648192,"CloudBurst Central Texas stands as a beacon of innovation and sustainability in the heart of Central Texas. This flagship data center, nestled on a sprawling 75-acre site between Austin and San Antonio, is designed to be a Next-Gen, Net-Zero facility with an initial capacity of 20MW, scalable to 30MW. The region's abundant sunshine, geological stability, and favorable climate make it an ideal location for this cutting-edge development.

The facility is powered by a robust 100MW solar energy infrastructure, featuring a Next-Gen solar farm located adjacent to the data center and several additional 10MW solar farms distributed locally. This ""behind the meter"" power generation ensures a cost-effective and sustainable energy supply.

CloudBurst Central Texas is tailored to support emerging technologies such as AI, immersive cooling, and high-density racks. It caters to a diverse clientele, including tech startups, SMMEs, high-profile businesses, government entities, NGOs, and technology innovators committed to Net-Zero practices. As the first of many planned modular facilities, it sets the standard for a unified design language and operational excellence that will be replicated across a global network, aiming to exceed 200MW in capacity.",,,,
Lumen San Antonio 3,Lumen,214,E Ramsey Rd,78216,San Antonio,Texas,30,-98.4921392,,,,,
Lumen San Antonio 2,Lumen,1203,N. Frio Street,78207,San Antonio,Texas,29,-98.50654129,"Facility Specifications

. Total Space: 12,000 sq. ft.
. Ceiling height: 25'0""
. Available on-site parking
. Loading dock

Environmental

. Temperature and humidity controlled
. Monitored building management system
. Fire suppression and smoke detection

Power

. DC Power
. Generator and battery backup

Security

. Stringent, multi-layered security control procedures
. Dual authentication system

Network Features

. Diverse fiber connectivity
. NPA-NXX: (210)-335
. Level 3 portfolio of services
. Backhaul services, if needed
. Alternate carrier networks available",,,,
Lumen San Antonio 1,Lumen,5130,Service Center Drive,78218,San Antonio,Texas,29,-98.39082226,"Facility Specifications

. Total Space: 31,725 sq. ft.
. Colocation Space: 1,458 sq. ft.
. Ceiling height: 25'0""
. Available on-site parking
. Loading dock

Environmental

. Temperature and humidity controlled
. Monitored building management system
. Fire suppression and smoke detection

Power

. DC Power
. Generator and battery backup

Security

. Stringent, multi-layered security control procedures
. Dual authentication system

Network Features

. Diverse fiber connectivity
. NPA-NXX: (210)-386
. Level 3 portfolio of services
. Backhaul services, if needed
. Alternate carrier networks available",,,,
SATC Co-Location Services,SATC Co-Location Services,3463,Magic Drive,78229,San Antonio,Texas,30,-98.5568925,"Host with a datacenter that is reliable, secure, and affordable.

Our services provide an economical solution for maintaining your data. Instead of building a dedicated data center in-house, you can store your servers on our premises.

We offer a highly secure environment that includes security cameras, fire detectors, multiple connections, filtered power and backup power generators 24/7.

SATC Co-Location Services is conveniently located in the San Antonio Technology Center, near IH-10 and Loop 410.

Whether you're a Fortune 500 or a 1 man show, we've got exactly what you need.

From Colo to Cloud, we will design a solution for your needs.",,,,
CityNAP,CityNAP,415,N Main,78205,San Antonio,Texas,29,-98.49418003,"CityNAP offers one of the most connected and security conscious facilities in San Antonio region. Besides power, ping and pipe our highly trained staff can provide a variety of services from setup, rack & stack, lights out, install, troubleshooting, gap analysis, pen testing along with compliance assistance. We recently did a number of upgrades and have space to turn-up a variety of configurations immediately.",,,,
San Antonio Data Center,"Five 9s Digital, LLC",8500,Vicar Drive,78218,San Antonio,Texas,30,-98.4073288,"Soon-to-be-vacant data center in San Antonio available for sale or lease. The building includes equipment and infrastructure. Excellent location with robust power and multiple fiber providers with proximity to Austin, Houston and Dallas. The data center is approximately 25,000 SF situated on 2.44 acres.",,,,
TRG Houston One,TRG Datacenters,2626,Spring Cypress Road,77388,Spring,Texas,30,-95.45906013,"Strategically located top-notch facilities, rigorous organizational practices, and exceptional customer service delivers hassle-free operations that are backed by our management team’s 20-year 100% uptime track record. Enjoy our commitment to excellence.

Purposefully built outside of the 500-year floodplain, and we then still built 3 feet above ground level. We maintained our 100% uptime throughout Harvey.

Being located near both the I-45 and I-99 makes our data center highly accessible by any part of Houston, and it's only a short drive to enjoy The Woodlands. That being said, with our Colo+ service you'll technically never have to visit, but you might want to.

Based on data from the NOAA (National Oceanic Atmospheric Association) we have a 100% guarantee of survival given a worst case scenario, our building remains over-prepared by 145% compared to the theoretical max wind speed. Less can be said for data centers located downtown.

Our facility uniquely features cutting-edge capabilities such as waterless cooling, indoor generators, and infinite fuel sources to provide the highest level of convenience, reliability and uptime for our clients.",,,,
Stream DC Houston I - The Woodlands,Stream Data Centers,4001,Technology Forest Blvd,77381,The Woodlands,Texas,30,-95.4864793,"Stream's The Woodlands campus offers a master-planned office environment, with no proximity to industrial uses, rail lines or flight paths, and is located 30 miles north of Downtown and more than 75 miles from the Gulf Coast.


HIGHLIGHTS:

- 74,901 SF freestanding, purpose-built data center

- Designed to withstand 185 mph winds and uplift

- 7 days of on-site fuel storage at full load

- 3 Private Data Center Suites, each with 10,000 SF of raised floor space

- Each PDC Suite has independent infrastructure, no shared equipment, private A/B telco rooms and private Disaster Recovery office space

- Secured perimeter security fence, K-4 crash rated controlled access points, 24/7 on-site security",,,,
12231 North Fwy (IAH13),Digital Realty,12231,North Fwy,77060,Houston,Texas,30,-95.4164759,,,,,
12235 North Fwy (IAH14),Digital Realty,12235,North Fwy,77060,Houston,Texas,30,-95.41668006,,,,,
12001-12245 North Freeway (IAH11),Digital Realty,12001-12245 ,North Freeway,77060,Houston,Texas,30,-95.41728413,"Digital Realty is the world's leading provider of premium data center solutions. Our clients and partners look to us to provide cloud-connected solutions that deliver the Right Workload, in the Right Place, at the Right Value. We simplify the process by delivering all that you need in a ""one-stop-shop"" of over 1,000 Network Service Providers.

IT decision makers choose to take advantage of the largest ecosystem of world-class US, European, and APAC carriers, hosting physical connection points for the world's telecommunications networks and Internet backbones. Our solutions provide low latency access to financial exchange and applications providers, media and content
providers, Cloud, Platform-as-a-Service (PaaS), and Software-as-a-Service (SaaS) providers worldwide.",,,,
12001 North Fwy (IAH10),Digital Realty,12001,North Fwy,77060,Houston,Texas,30,-95.41729486,"Digital Realty's IAH10 Data Center, located at 12001 North Freeway in Houston, Texas, is a state-of-the-art facility designed to meet the diverse needs of modern IT strategies. This single-story building encompasses 50,000 square feet, including 30,000 square feet of raised floor space, providing ample room for scalable growth. It boasts an impressive 1,125 kW of UPS capacity per suite, ensuring uninterrupted power supply with N+1 redundancy for both power and cooling systems. The center is a model of sustainability, proudly certified LEED Gold and powered by 100% renewable energy sources. Security is paramount, with 24x7 onsite security personnel, CCTV with 90-day backup, and biometric/photo badge access controls.",,,,
Digital Houston Campus,Digital Realty,12001-12245 ,North Fwy,77060,Houston,Texas,30,-95.41731632,,,,,
Data Foundry- Houston 2,Data Foundry,660,Greens Pkwy,77067,Houston,Texas,30,-95.42425426,"Data Foundry is a privately held company headquartered in Austin, Texas that provides data center colocation, disaster recovery and managed services for enterprise customers across a variety of industries including energy, healthcare and financial services. The company's premier data centers are supported by experienced onsite technicians, security staff and customer support 24 X 7 X 365. Founded in 1994, Data Foundry was one of the first 50 Internet Service Providers in the United States. Today, Data Foundry owns and operates purpose-built, carrier-neutral data centers in Texas and operates a global network with colocation presences for deployments worldwide. For more information, visit www.datafoundry.com or call 1.888.839.2794.",,,,
Skybox Houston One,Skybox Datacenters,22000,Franz Road,77449,Houston,Texas,30,-95.75584266,Skybox Datacenters builds and operates world-class data center facilities for enterprise grade users with ultra-low latency connectivity and mission critical resiliency as a core focus of our platform. Each Skybox facility is uniquely crafted to its particular market and the demands of its users.,,,,
Netrality - 1301 Fannin,Netrality,1301,Fannin Street,77002,Houston,Texas,30,-95.36576363,"CONNECTIVITY
´ Carrier-neutral, building-owned and managed Meet Me Room
´ No monthly recurring cross connect fees
´ Metro dark fiber, long haul transport and cable providers
INFRASTRUCTURE
´ 200mph wind-rated windows
´ 18"" raised flooring
´ 16' ceiling heights
´ Reinforced structure in place for generator plan expansion
´ Traditional office space for disaster recovery or trading floor applications
available
´ Abundant fiber connections
COOLING
´ 2,400 tons of N+1 redundant chilled water capacity backed up by fully
redundant cooling towers
100G DWDM CAPABLE IN MEET ME ROOM
´ Reduces network operating expenses
´ Adds redundancy and route diversity
´ Avoids multiple points of failure
ELECTRICAL
´ Two Diverse electrical feeds from Polk St. substation (redundancy)
´ Eight 3,000 KVA transformers and one 2,000 KVA (26 megawatts of
incoming power)
´ 2,000 KVA UPS system (supports all building systems & Tenant critical
loads)
´ Nine 1,040-2,000 KW diesel generators synchronized by parallel
switching systems in two separate generator farms
´ 65,000 gallon fuel supply for backup generators, consisting of a 60,000
gallon underground tank and 5,000 gallons in day tanks throughout the
building
SECURITY
´ 24-7 manned security, with camera surveillance and multiple secure
points of entry
´ 24-7 mechanical engineering staff on site
AMENITIES
´ Tenant meetings and conference rooms available
´ Luby's Cafeteria and fitness center with showers",,,,
EdgeConneX Houston,EdgeConneX,1510,Prime West Parkway,77449,Katy,Texas,30,-95.74486989,"StratITsphere, a technology services company based in the Houston area, invested $15 million to renovate a warehouse in Katy into a new company headquarters and state-of-the-art data center. And that’s just the first phase of the project the company unveiled today.

“Texas, especially in the Houston area, has a robust economy and a great environment for business,” said Stephen Webster, president and CEO of StratITsphere. “This is the right time and the right place to invest in the future.”

The company will move from its offices in Humble to the 94,000-square-foot facility at 1510 Primewest Parkway in January. StratITsphere plans to invest additional millions to build out the facility over the next five years.

The first phase of development will create 10 jobs in 2011 with an annual payroll of $1 million, Webster said. The employee base will grow to 35 during the next five years.

The building represents the highest quality of data center that can be built. A data center provides a secure off-site location for companies to store their most important computer equipment and data, Webster said.

The site offers 24-hour manned security and advanced physical safeguards like video surveillance equipment and biometric locks to keep equipment and data secure, he said. In the event of an emergency, the site has generators, showers, kitchens and other amenities that allow it to operate independently from the outside world for up to six days. It also has multiple internet connections to guarantee clients can access their systems and data and keep their businesses open.

“If you have to evacuate for a hurricane and your systems are in our facility, you can run your business by pulling into a Starbucks and opening up your laptop,” Webster explained. Clients also can set up shop or camp out in data center if their respective offices are unusable.

Most companies can’t afford or justify the expense to build and maintain such facilities on their own, so there is great demand to rent space from firms like StratITsphere, Webster said. Nationally, demand for such services is outpacing available supply by a 3-1 ratio.

Along with the data center, StratITsphere offers IT infrastructure and security consulting to Fortune 500 companies, including many energy companies based in Houston.

“Most companies don’t get the full benefit from the millions of dollars they spend on computers and technology because they don’t know exactly what they should buy, or they don’t know how to use all the capabilities they’ve purchased,” Webster said. “We help them on both counts, and help them secure their systems so a low-level employee can’t post company secrets on WikiLeaks.”",,,,
DataBank HOU1 - Westway Park I,DataBank,5150,Westway Park Blvd,77041,Houston,Texas,30,-95.55511839,"162,000 sq. ft. data center / 112,000 sq. ft. of raised white floor
- SSAE 16 (SOC I type II), PCI DSS (sec 9 & 12), HIPAA, ISO 27001, FISMA, TIA 942 Class 4
- High Performance Computing (HPC) capable, supports 250 watts per square foot with the ability to support over 1,000 wpsf
- Efficient, divisible floor plates
- Extra layer of physical security including hurricane shutters, extra diesel on-site, outside of flood zone
- Carrier-neutral, as well as dark-fiber connectivity option
- Part of CyrusOne Texas IX (Internet Exchange)
- 100% uptime service level agreement on power
- Oil and gas, as well as healthcare and medical colocation options.
- 24 x 7 On-site Security",,,,
"FIBERTOWN - Houston, Texas",FIBERTOWN,12031,North Freeway,77067,Houston,Texas,30,-95.41731059,"Since 1997, FIBERTOWN has delivered fault tolerant colocation and disaster recovery solutions out of its data centers and business continuity campus in Bryan/College Station. The unique service aisle design, 100% uptime guarantee, and superior service have created raving fans and loyal customers of Fortune 500 organizations and mid-size companies along the Gulf Coast.

In 2011, FIBERTOWN joined forces with Digital Realty Trust - a recognized name in data center design - to expand operations into Houston. The new state-of-the-art, 30,000 sq.ft. colocation facility in North Houston features the latest in modular data center design, high-performance 2N redundancy, and carrier-neutral connectivity.

Companies also trust FIBERTOWN to design, build and manage business continuity worksites, ready to activate at a moment's notice. Disaster recovery procedures are crucial to organizations along the Gulf Coast. When business must go on, FIBERTOWN's DR office space solutions make sustaining operations quick, secure and reliable.

FIBERTOWN's SASE 16I certified data center and award-winning DR office space offer clients a carrier neutral, one-stop shop for best-in-class technology and amenities to support business continuity needs.",,,,
DataBank HOU5 - Houston Galleria,DataBank,4201,Southwest Freeway,77027,Houston,Texas,30,-95.44506128,"Previously owned by CyrusOne and known as CyrusOne Houston - Galleria. Acquired by DataBank in 2022, along with three other CyrusOne data centers in Texas (West I, West II and West III, located on the Westway Park Boulevard Campus).

- 125,000 sq feet campus
- 81,000 sq feet rwf space
- 42.5 MW of power available
- Efficient and Divisible Floor Plates
- 24 X 7 onsite security
- 2N Architecture
- 12 Generators
- Multiple Fuel Tanks
- Multiple UPS and PDUs
- Closed Loop Water System
- Redundant CRAC Units
- TW Telecom, AboveNet, Phonoscope
- Backbone Carrier Network Metro Building Fiber: AboveNet, Airband, Alpheus, AT&T, Cogent, Comcast, Phonoscope, TW Telecom, Verizon, Yipes
- Redundant Dark Fiber, Gig-E Wireless
- WAN Backbone
- Technical Staff On-Site 24x 7 x 365",,,,
1001 Texas Data Center,1001 Texas Data Center,1001,Texas Ave.,77002,Houston,Texas,30,-95.36211273,"SERVER HOSTING AND DATA CENTER FACILITIES
1001 Texas provides state of the art hosting and data center facilities allowing customers to host their equipment within its secure premises. 1001 Texas has 2 state of the art Data Centers within 1001 Texas Ave.

The facilities are purpose build, and have been designed with fully redundant systems:

Security
. Solid reinforced walls with storm shuttered windows.
. Premises manned 24/7
. Reinforced steel doors
. Tag and PIN entry system with logging
. CCTV cameras monitoring all aisles and entry points
. Intrusion detection

Power
. Onsite electrical substation
. 2 separate banks of UPS's providing each rack with 2 independent feeds
. Onsite generator

Environmental
. Fully redundant temperature control system
. Remote notification of temperature and humidity variation

Fire Protection
. FM200 gas suppression system
. HSSD early detection system
. Fire detection remote notification and alarm

Monitoring
. All systems are monitored from the operations center on a 24/7 basis by engineers onsite to immediately respond to any anomalies.

Telecommunications infrastructure
. Telecommunications to this building is provided by multiple fiber rings entering the premises at geographically diverse points.",,,,
DataBank HOU2 - Westway Park II,DataBank,5170,Westway Park Blvd,77041,Houston,Texas,30,-95.55665253,"DataBank offers the largest footprint of metros and datacenters in the U.S. capable of putting your workloads within 50 miles of half the population.

DataBank’s HOU2 data center is located on their Westway Park Campus, 20 mins west of downtown Houston, just off Beltway 8 between I-10 and 290. This prime location ensures easy accessibility for clients and optimal connectivity, essential for high-performance data operations. With its robust infrastructure and strategic placement, DataBank’s HOU2 data center offers unparalleled reliability and efficiency for businesses seeking top-tier hosting solutions in the heart of Houston’s tech hub.",,,,
DataBank HOU3 - Westway Park III,DataBank,11003,Corporate Centre Dr,77041,Houston,Texas,30,-95.56042911,"DataBank offers the largest footprint of metros and datacenters in the U.S. capable of putting your workloads within 50 miles of half the population.

DataBank’s HOU3 data center is located on their Westway Park Campus, 20 mins west of downtown Houston, just off Beltway 8 between I-10 and 290. It provides scalable, redundant power feeds and is located along a major fiber corridor providing access to the fastest and most reliable telecommunications networks in Houston. This strategic location ensures optimal connectivity for businesses seeking robust network infrastructure. With its scalable power and prime fiber connectivity, DataBank’s HOU3 data center offers a secure and high-performance environment, meeting the demands of today’s digital landscape while fostering growth for tomorrow.",,,,
Cogent Data Center - Houston,"Cogent Communications, Inc.",12061,North Frwy,77060,Houston,Texas,30,-95.41639768,"On-Net Products
- IP Transit
- Ethernet Transport Service

Standard Rack Configuration
- 42U APC Cabinets (Model: AR3100).
- Power extra (110v/20amp or 2x110v/20amp is standard)

Carrier Availability
- AT&T
- ICTX

Facilities
- 27,460 square feet of non-raised floor colocation space
- Custom cages available

Security
- C*CURE Software House card reader/access badge system (6 card readers total)
- Entrance into data center requires HID card swipe and unique PIN code
- 5 IP cameras in use w/ 24/7 monitoring & recording capabilities to Cogent NOC; 1 at main entrance
- Security guard patrols the complex parking lot 24X7

UPS Systems
- 1 160kVA Liebert NX Unit
- 1 100kVA Schneider Electric / MGE UPS Unit

Battery Room
- 40 UPS Batteries for Liebert
- 36 UPS Batteries for MGE

Generator Systems
- 2 Onan/Cummins Diesel Generators, 1500kW
- 2500 gallon diesel storage tank for each generator
- 2 2000 Amp Automatic Transfer Switches

HVAC
- 17 - 30 ton Liebert HVAC units with rooftop condensers

Electrical/Fire/Monitoring
- 480v 3-phase utility feed - 4,000 amps
- Liebert PDU
- 3 4400 Amp Lorain DC Systems, 24 Lorain BDFB's
- Fire suppression & detection system consists of heat detectors, smoke heads and a preaction sprinkler system",,,,
CyrusOne Houston (Greenspoint),CyrusOne Data Centers,12085,North Freeway,77060,Houston,Texas,30,-95.41742739,"CyrusOne (NASDAQ: CONE) specializes in highly reliable enterprise-class, carrier-neutral data center properties. The company provides mission-critical data center facilities that protect and ensure the continued operation of IT infrastructure for more than 500 customers, including nine of the global Fortune 20 and more than 100 of the Fortune 1000 companies.

CyrusOne’s data center offerings provide the flexibility, reliability, and security that enterprise customers require and are delivered through a tailored, customer service-focused platform designed to foster long-term relationships. CyrusOne's internet interconnection platform provides robust connectivity options for enterprises, content, and telecommunications companies. CyrusOne is committed to full transparency in communication, management, and service delivery throughout its 25 data centers worldwide.",,,,
Cogent Data Center - Houston 2,"Cogent Communications, Inc.",8902,Point Six Circle,77095,Houston,Texas,30,-95.62601783,,,,,
Data Foundry - Houston 1,Data Foundry,5555,"San Felipe
Suite 625",77056,Houston,Texas,30,-95.47158123,"The premier data center resource for the Gulf Coast community, Data Foundry's Houston Data Center (HDC) is one of the largest fiber meet-me-rooms in Houston, incorporating several network providers into its facility, and offering companies a wide range of options including a managed internet offering across multiple providers. N+1 Power Configurations supported by multiple fuel sources, including natural gas and diesel, provide excellent system redundancy and reliability. HDC, which has undergone a number of major capital improvements in the past two years, has been operated by Data Foundry since 1997.

Data Foundry has been providing data center outsourcing, colocation and disaster recovery services since 1994, supporting thousands of customers across a wide variety of businesses including energy, financial services, healthcare, high performance computing firms, as well as hosting service providers and technology companies.",,,,
Equinix HO1,Equinix,1515,Aldine Meadows Road,77032,Houston,Texas,30,-95.364309,"HO1 IBX Data Centre is located in the Greater Houston area and is the ideal location for energy, oil and gas, and production firms.",,,,
Verizon Houston,Verizon Communications Inc.,2401,Portsmouth Street,77098,Houston,Texas,30,-95.41705486,"Switched and dedicated access to transport facilities via cost-effective, high-capacity metropolitan and long-haul XO network facilities

Great performance and reliability, while reducing your total operating costs
XO provides and installs cabinets and cages. Cages come complete with locking door and ladder racking above. Cabinets come with fans and locking doors. Installation is charged per cabinet or cage space. Power is sold separately.

Direct access to the XO network and services.

Features & Benefits:

Colocation facilities with customized design, expedient implementation, AC or DC power, back-up power supplies, temperature and humidity controls, and fire suppression systems

Large nationwide footprint with locations in prime metropolitan areas

24x7 Technical Services available on a time-used basis to support your equipment

24x7 on-site physical security, including motion detectors, security cameras, individually locking cabinets and cages and card-key access in select locations

24x7 monitoring of network services

24-hour access (with security escort where necessary)

Direct access to the XO multi-terabit backbone network
",,,,
Lumen Houston 1,Lumen,12001 1-45 ,North,77003,Houston,Texas,30,-95.37289042,"Facility Specifications
. Total Space: 51,300 sq. ft.
. Colocation Space: 14,816 sq. ft.
. Ceiling height: 30'0""
. N+1HVAC configuration
. Loading dock
. Available on-site parking
. SSAE 16 Type 2 SOC 1
. PCI DSS

Environmental
. Temperature and humidity controlled
. Monitored building management system
. Fire suppression and smoke detection

Power
. AC and DC Power
. Generator, UPS, and battery backup

Security
. Stringent, multi-layered security control procedures
. Dual authentication system

Network Features
. Diverse fiber connectivity
. NPA-NXX: (281)-618
. Level 3 portfolio of services
. Backhaul services, if needed
. Alternate carrier networks available",,,,
Energy Transfer Data Center,Energy Transfer,7210,Ardmore,77054,Houston,Texas,30,-95.38093246,"The Southern Union Data Center, a Tier III design, SSAE16-compliant data center located 5 miles south of downtown Houston, Texas, provides co-location data center services to small, medium and large companies.

Our existing customers have found the Southern Union Data Center is a cost-effective alternative to building their own computer rooms or data centers. Raised data center space, which includes power, cooling and secured access is available now for a monthly fee.",,,,
Lumen Houston 3,Lumen,2300,Lyons Avenue,77020,Houston,Texas,30,-95.34595919,"Facility Specifications
. Total Space: 23,870 sq. ft.
. Colocation Space: 7,877 sq. ft.
. Ceiling height: 21?""
. N+1HVAC configuration
. Available on-site parking

Environmental
. Temperature and humidity controlled
. Monitored building management system
. Fire suppression and smoke detection

Power
. AC and DC Power
. Generator and battery backup

Security
. Stringent, multi-layered security control procedures

Network Features
. Diverse fiber connectivity
. NPA-NXX: (832)-553
. Level 3 portfolio of services
. Backhaul services, if needed
. Alternate carrier networks available",,,,
Crown Castle Houston (TX1),CROWN CASTLE,801,Louisiana St,77002,Houston,Texas,30,-95.36628243,"Crown Castle owns and operates approximately 80,000 route miles of fiber supporting small cells and fiber solutions across every major US market. We have 900+ connected datacenters and 100+ colocation facilities including regen huts and pedestals. Our colocation centers offer full connectivity to the Crown Castle metro and long-haul optical network, providing fully managed, high capacity and scalable Ethernet, Wavelength and Internet services. With dual entrances into the building, Crown Castle is able to support diversity with network services as well as entrance facilities for our customers. This is also a carrier neutral facility, which enables connectivity to diverse providers.

Crown Castle offers additional colocation facilities throughout the United States. Check our website for further details.",,,,
LOGIX FIBER NETWORKS KATY #1,LOGIX FIBER NETWORKS,1510,"Primewest Parkway, Energy Corridor",77449,Katy,Texas,30,-95.74484843,"Logix's data center in the Energy Corridor of Houston is a premier facility conveniently located 25 miles from downtown Houston, within 2 miles of Interstate 10. This data center provides resilient, high-availability infrastructure for mission-critical enterprise solutions and is supported by multi-carrier bandwidth options.

Strategic location and facility:
. Facility rated for sustained 135 miles per hour winds
. Outside of the 500 year floodplain
. 20-mile radius outside of any chemical or flammable plants
. Outside of airplane flight paths
. In Houston's Energy Corridor

Key Features:
. SSAE 18 Type II SOC 2
. 36-inch industrial-grade, reinforced raised floors
. Dedicated mechanic isles - not in the same suite as server racks
. Fully redundant HVAC systems per data center POD
. Chilled water back-up system with 13,000 gallon tank
. A/B diverse power feed and A/B power to the rack
. Pre-action, dry pipe zoned sprinkler system
. 24x7x365 armed security, monitoring and disaster prevention
. PIN Code and Vein biometric Readers
. Back-up site for disaster recovery in Austin or Dallas
. Cloud and cloud connect services to AWS and Azure


Network Connectivity:
. Diverse and redundant fiber routes
. High-availability, scalable bandwidth
. Connectivity to multiple carriers

Flexible Options
. Full and half racks
. Private cages
. Flexible power configurations

More than Just a Data Center Provider
LOGIX owns and operates the largest independent fiber networks in Texas and our data centers are all on-net to the Logix fiber network. Logix has an extensive metro/regional fiber footprint covering major Texas cities. We serve some of the fastest-growing markets in the U.S. - Dallas/Ft. Worth, Austin, Houston, San Antonio and South Texas, including Corpus Christi, Laredo, McAllen, and Harlingen. Our resilient fiber network features diverse architecture and our facilities are fully redundant in all critical infrastructure. Logix's statewide network of data centers ensures your systems will always be online.

Resilient Data Center and Network Services from a Single Provider

Our bundled network and data center delivery model provides a better way to achieve security, reliability,
. scalability, and value for:
. Private, Public, and Hybrid Cloud Solutions
. Enterprise Applications
. Production Data Sites
. Disaster Recovery Solutions
. Database Replication
. Network Hub Sites
. Websites
. Software-as-a-Service (SaaS) Applications
. IT Operations Infrastructure",,,,
Evocative - INAP Houston,Evocative Data Centers,1301,Fannin St,77022,Houston,Texas,30,-95.3657529,"Previously known as Internap Houston and later INAP Houston. Acquired by Evocative in 2022.

-----------------------

Internap Corporation (NASDAQ: INAP) is a leading-edge provider of high-performance data center and cloud solutions with over 100 network Points of Presence worldwide. INAP's full-spectrum portfolio of high-density colocation, managed cloud hosting and network solutions supports evolving IT infrastructure requirements for customers ranging from the Fortune 500 to emerging startups. INAP operates in 21 metropolitan markets, primarily in North America, with data centers connected by a low-latency, high-capacity fiber network. INAP has over one million gross square feet in its portfolio, with approximately 600,000 square feet of sellable data center space.
For more information, visit www.INAP.com.",,,,
"Lumen, 1124 Hardy Rd",Lumen,1124,Hardy Rd,77020,Houston,Texas,30,-95.3509841,,,,,
Lumen Houston 2,Lumen,7060,Empire Central Dr,77040,Houston,Texas,30,-95.54571096,,,,,
"Lumen, 3939 Corporate Dr",Lumen,5959,Coprporate Drive,77036,Houston,Texas,30,-95.55046949,,,,,
LOGIX FIBER NETWORKS Houston #2,LOGIX FIBER NETWORKS,811,Louisiana (Downtown),77002,Houston,Texas,30,-95.36674206,"The LOGIX FIBER NETWORKS data center at 811 Louisiana in Houston, Texas offers unique, world-class colocation space conveniently located in the heart of downtown Houston to serve enterprise customers located in the greater Houston Metroplex.

The 811 Louisiana data center is only one city block from the Logix fiber network hub at 1010 Travis, and is interconnected with it on a high capacity DWDM system. This redundant fiber facility gives Logix colocation customers remarkable network access to extremely reliable, low latency connectivity to users across the city and throughout the state, including connections to redundant Logix data center facilities located in Austin and Dallas.

This Logix data center features a multiple carrier Internet backbone, backup diesel generators, several gigabits of local loop to the Internet, state-of-the-art environmental controls, and numerous security systems.

Key Features
. Fully redundant power systems including dual 600Amp 480V electrical grid services, four 125 KVA PDUs, dual 360 KVA UPS's and dual 400Kw diesel generators
. Fully redundant HVAC system for controlled temperature and humidity
. Industrial grade reinforced floors with 5500 SF of 18"" raised floor colocation space
. Strategically located in downtown Houston
. 24x7x365 card key and biometric secure access with critical facility monitoring for disaster prevention
. Flexible space and power configurations including colocation cabinets, cages and private suites
. Metropolitan Area Networking and Wide Area Networking solutions to reliably access remote sites and remote users",,,,
24 Hour Data,24 Hour Data,723,"Main Street, STE 400",77002,Houston,Texas,30,-95.36333296,"24 Hour Data is a leading data recovery company with locations throughout Texas. In Houston, we partner with local businesses, IT departments and computer repair shops to offer fast and secure data recovery.

We can work with your company on a disaster recovery plan or simply be a phone call away when your backup fails and you need comprehensive data recovery.",,,,
Quasar Data Center,Quasar Data Center,1001,Texas St. 310,77002,Houston,Texas,30,-95.36209055,"Quasar Data Center is a Preferred collocation facility with a Tier I POP connected directly to the
Internet via a Settlement Free interconnection.
Quasar offers a wide range of 24/7 services
from co-location, multiple server hosting, virtual networking, bare metal backup and other
network services including re-selling bandwidth, hardware and software. We have dual power
grids that sustained Quasar through Hurricane Ike where we never lost power or had to operate
our diesel generator. Quasar can provide customers with premium bandwidth through NTT,
which is a Tier I POP, connected directly to the Internet via a Settlement Free interconnection or
less expensive Tier I bandwidth through Cogent. We are bandwidth carrier neutral. We are in
the process of expanding our operational infrastructure to service more customers and look
forward to seeing how we can meet your business needs.
Facility Size: 8500, Facility Classification: Tier II, NOC hours 24/7/365
Number Of Fiber Connections: 3 redundant
Current Fiber Providers: 3-redundant, Carrier Neutral
Power Capacity: Dual Centerpoint power grids 480 volts, 1200 amp main breaker
UPS: 210 KVa
Backup Power: 750 Kw with 1200 amp transfer switch
Fire Suppression: FM-200
Routers (Type/Brand/Network Topology: Cisco 6509
SAS 70 II Certification
HVAC Capacity (Ton per sqft / redundant): 4 - 18 ton HVAC units. Plus 2 - 9 ton HVAC, and 2
- 10 ton HVAC to support Tier I POP
Remote Hands: 6 at $139.95 per hour
Uptime SLA %: 99.99
Security: Continuous video surveillance from NOC, key card access, cabinet key and
combination locks, plus cage space and 24-hour manned building security
Thermal Mitigation Strategy: Raised floors/ Typical Building Seismic Status: R6",,,,
LOGIX FIBER NETWORKS Houston #3,LOGIX FIBER NETWORKS,4635,Southwest Freeway,77027,Houston,Texas,30,-95.45304956,"Key Features
. Over 1500 square feet of colocation space
. Fully redundant HVAC system with N+1 cooling
. FM200 fire suppression with heat and smoke detection
. 24x7x365 critical monitoring/disaster prevention
. Access card and biometrics security

Network Connectivity
. Diverse fiber routes from the street
. Connection to Alpheus' DWDM Texas fiber network

Flexible Options
. Relay Racks
. Cabinets
. Private Cages
. Flexible Power Configurations
. Remote Hands Support

About Alpheus
. 2,800+ Route Miles of Long-Haul Fiber
. 3,200+ Route Miles of Metro Fiber
. Connectivity to 300+ COs / Carrier POPs
. 94,000+ Ethernet-Qualified Addresses
. 24x7x365 Monitoring & Support",,,,
Hostrunway Data Center,Hostrunway,10685-B ,Hazelhurst Dr. # 19283,77043,Houston,Texas,30,-95.5615665,"Hostrunway Datacenters is USA's largest uptime certified Tier 4 data center. It is based in Houston, Texas. Hostrunway is focused on delivering futuristic data center and cloud solutions riding on disruptive approach to technology, infrastructure and security, of global standards,
through its strategic software defined data centers for customers.

We offer services like co-location servers, cloud server hosting, Managed services, DR as a service, Back up as a service, dedicated server hosting etc.

We are certified to host SAP applications. Other certifications include Tier 4, ISO 27001, PCI DSS, HIPAA Compliant etc.

Hostrunway data center is backed up with some extra ordinary solutions and facilities like a dynamic IT infrastructure. This helps eliminate all the worries related to the degradation of services and ensure 99.99% uptime.",,,,
SoftLayer - HOU00,SoftLayer,835,"Greens Parkway
Suite 150",77002,Houston,Texas,30,-95.42705966,"Headquartered in Dallas, SoftLayer is the innovation leader in Cloud, Dedicated, and Managed Hosting, and the largest privately hosting company in the world. SoftLayer provides cloud, dedicated, and seamlessly integrated computing environments, leveraging world-class data centers in Dallas, Houston, San Jose, Seattle, and Washington D.C., Singapore and Amsterdam, and network Points of Presence around the globe. SoftLayer automates all elements of its platform, empowering customers with complete control, security, scalability, and ease-of-management via a leading Customer Portal and Open API. The company’s proprietary offerings include the industry’s first Network-Within-a-Network topology for true out-of-band access, providing remote access to all management options.",,,,
CyrusOne Houston Greenspoint,CyrusOne Data Centers,12175,North Freeway,77060,Houston,Texas,30,-95.41580946,"- 96,000 sq feet campus
- Initially 8MW IT Load of power planned
- Efficient and Divisible Floor Plates
- 24 X 7 onsite security
- Fully Redundant (2N) Power Architecture
- Multiple UPS and PDUs, Generators, Switch Gears
- Redundant CRAC Units
- Humidity and Temp. Controlled",,,,
TeleSource IDC,TeleSource Communications Inc.,1301,Fannin Street,77002,Houston,Texas,30,-95.3657529,,,,,
SoftLayer - HOU02,SoftLayer,855,Greens Parkway,77067,Houston,Texas,30,-95.4301558,"Headquartered in Dallas, SoftLayer is the innovation leader in Cloud, Dedicated, and Managed Hosting, and the largest privately hosting company in the world. SoftLayer provides cloud, dedicated, and seamlessly integrated computing environments, leveraging world-class data centers in Dallas, Houston, San Jose, Seattle, and Washington D.C., Singapore and Amsterdam, and network Points of Presence around the globe. SoftLayer automates all elements of its platform, empowering customers with complete control, security, scalability, and ease-of-management via a leading Customer Portal and Open API. The company’s proprietary offerings include the industry’s first Network-Within-a-Network topology for true out-of-band access, providing remote access to all management options.",,,,
NaviSite Houston,"NaviSite, Inc.",1301,Fannin Street,77002,Houston,Texas,30,-95.3657529,,,,,
SoftLayer - HOU04,SoftLayer,315,Capitol St,77002,Houston,Texas,30,-95.36902876,"Headquartered in Dallas, SoftLayer is the innovation leader in Cloud, Dedicated, and Managed Hosting, and the largest privately hosting company in the world. SoftLayer provides cloud, dedicated, and seamlessly integrated computing environments, leveraging world-class data centers in Dallas, Houston, San Jose, Seattle, and Washington D.C., Singapore and Amsterdam, and network Points of Presence around the globe. SoftLayer automates all elements of its platform, empowering customers with complete control, security, scalability, and ease-of-management via a leading Customer Portal and Open API. The company’s proprietary offerings include the industry’s first Network-Within-a-Network topology for true out-of-band access, providing remote access to all management options.",,,,
SoftLayer - HOU01,SoftLayer,390,Benmar Drive,77060,Houston,Texas,30,-95.39709933,"Headquartered in Dallas, SoftLayer is the innovation leader in Cloud, Dedicated, and Managed Hosting, and the largest privately hosting company in the world. SoftLayer provides cloud, dedicated, and seamlessly integrated computing environments, leveraging world-class data centers in Dallas, Houston, San Jose, Seattle, and Washington D.C., Singapore and Amsterdam, and network Points of Presence around the globe. SoftLayer automates all elements of its platform, empowering customers with complete control, security, scalability, and ease-of-management via a leading Customer Portal and Open API. The company’s proprietary offerings include the industry’s first Network-Within-a-Network topology for true out-of-band access, providing remote access to all management options.",,,,
7500 Metro Center Drive (AUS11),Digital Realty,7500,Metro Center Drive,78744,Austin,Texas,30,-97.6959423,"Conveniently located near the Austin-Bergstrom International Airport and about 10 minutes from the state capital and the University of Texas campus in the 550-acre MetCenter mixed-use development, this shell facility was built in 2000 for datacenter purposes. The building has 75,000 gross square feet with a 30-foot clearance height capable of supporting two floors inside the building. The site has diverse underground electrical ductbanks from a nearby substation. Seven fiber optic providers are in close proximity to the building.",,,,
Lumen Austin 4,Lumen,2916,Montopolis Dr,78741,Austin,Texas,30,-97.71269113,"General Features and Specs

Colocation Options

. Standard Cabinet - 3kW
. High Density Cabinet - 5kW
. Custom Cage Cabinet – 3kW - 15kW
. Field Tech Services Support Available

Network Services

. Edge Computing Solutions including Edge Bare Metal,
. Private Cloud, Network Storage and others.
. Hybrid Cloud and IT Solutions
. Infrastructure Services including Waves, Dark Fiber,

Private Line

. Cloud Connect to AWS, Azure, Google and more

Environmental

. Temperature and humidity controlled
. Monitored building management system
. Fire suppression - Double Interlock Dry-pipe
. Pre-Action W/ Dual zoned smoke/Ion detection",,,,
Switch THE ROCK Campus,Switch,,,78682,Round Rock,Texas,30,-97.67226686,"Located in Round Rock, just north of Austin, Switch's Rock Campus is designed to be a massive datacenter complex positioned to capitalize on the booming technology sector within Texas. Its planned exascale capacity and focus on sustainable technologies will cater to hyperscale customers and environmentally conscious enterprises.

The Rock Campus is poised to be a major player in the Austin datacenter market. Businesses seeking a reliable, long-term partner with a commitment to innovation and large-scale deployments will find Switch's Austin expansion project a compelling option.


This is a campus listing, that covers multiple data centers.",,,,
CyrusOne AUS3 - Austin,CyrusOne Data Centers,7100, Metropolis Drive,78744,Austin,Texas,30,-97.7010928,"Located in the Met Center business park, CyrusOne’s AUS3 data center provides 172,000 total square feet of shell and offers 120,000 colocation square feet (CSF), with up to 18 megawatts of power, and over 25,000 sq. ft. of class A office space at full build.",,,,
CyrusOne AUS2 - Austin,CyrusOne Data Centers,7301,"Metropolis Dr, Bldg #6",78703,Austin,Texas,30,-97.6978803,"CyrusOne (NASDAQ: CONE) specializes in highly reliable enterprise-class, carrier-neutral data center properties. The company provides mission-critical data center facilities that protect and ensure the continued operation of IT infrastructure for more than 500 customers, including nine of the global Fortune 20 and more than 100 of the Fortune 1000 companies.

CyrusOne's data center offerings provide the flexibility, reliability, and security that enterprise customers require and are delivered through a tailored, customer service-focused platform designed to foster long-term relationships. CyrusOne's internet interconnection platform provides robust connectivity options for enterprises, content, and telecommunications companies. CyrusOne is committed to full transparency in communication, management, and service delivery throughout its 25 data centers worldwide.",,,,
Data Foundry - Texas 1,Data Foundry,4100,"Smith School Road
Bldg 1",78744,Austin,Texas,30,-97.71382772,"Data Foundry's second Austin data center, Texas 1, is a 130,000 SQ FT master-planned purpose-built development. Designed to be redundant at every level, Texas 1 can serve as your IT production site or as a back-up disaster recovery site. The next-generation facility includes fully concurrently maintainable power, cooling, and network systems with N+1 to 2N+1 design. It offers a full-featured, dedicated worksite recovery center and colocation options including private data suites starting at 2,500 SF featuring hard walls and secure private access. These suites offer small to medium sized businesses the same high-end feature set that was once only available to multi-megawatt deployments. Data Foundry also provides customers with 24x7x365 on-site engineering staff, including remote hands support as well as a managed internet offering across multiple carriers.

Texas 1 resides on the Data Ranch - a 40-acre campus with space for up to 1 million square feet of data center. Features of the Data Ranch include a 100-megawatt capable campus with end-to-end underground power feeds from diverse substations, dual diverse entry points for power, network and water, as well as the availability to over 15 telecom providers.

Data Foundry has been providing data center outsourcing, colocation and disaster recovery services since 1994, supporting thousands of customers across a wide variety of businesses including energy, financial services, healthcare, high performance computing firms, as well as hosting service providers and technology companies.",,,,
LightEdge - Austin II,LightEdge,7000," Burleson Road
Suite 400",78744,Austin,Texas,30,-97.70503928,"With over 20 years in business, LightEdge offers a full stack of best-in-class IT services to provide flexibility, security, and control for any stage of a customers' technology roadmap. Our solutions include premier colocation across seven purpose-built data centers, industry-leading private Infrastructure as a Service (IaaS) and cloud platforms, and the top global security and compliance measures.

Our owned and operated facilities, integrated disaster recovery solutions, and premium cloud choices make up a true Hybrid Solution Center model. With our recent acquisition of OnRamp, LightEdge's highly-interconnected data center facilities now span Des Moines, IA, Kansas City, MO, Omaha, NE, Austin, TX and Raleigh, NC.

Data Center Services:
Colocation
Managed Hosting
Virtual Private Cloud
Compliant/Secure Hosting (HITRUST/PCI/HIPAA/SOC/ISO)
Private Clouds
Hybrid Hosting
Disaster Recovery

Features:
[X] SSAE 18 SOC 1 Type II SOC 2 Type II & SOC 3
[X] HITRUST-certified
[X] PCI / HIPAA Audited
[X] 24/7 Customer Access
[X] 24/7 Staffed Network Operations Center
[X] 24/7 On-Site, Expert Support
[X] Remote Hands Available
[X] Pre-action Fire Suppression
[X] Video Surveillance
[X] Multiple Diesel Generator
[X] Multiple Double Conversion Online UPSs
[X] Mutiple, Liebert, Trande CRAC & Condenser Units
[X] Alarm System

Services:
[x] Rental of Rooms
[x] Rental of Cages
[x] Rental of Foot Prints
[X] Rental of Racks
[X] Hosting of Individual Servers
[X] Dedicated Servers
[X] Managed Hosting
[X] Secure/Compliant Hosting (PCI/HIPAA)
[X] Virtual Servers
[x] Office Space

Connectivity:
Multiple Carrier Internet Backbones Via GigE
Border Gateway Protocol (BGP4) Routing
Physically Independent Fiber Entry Points
Only Premium Tier-1 Backbone Providers
Microsoft Windows and Linux Supported OS",,,,
Element Critical Austin One,Element Critical,8025,North Interstate Hwy 35,78753,Austin,Texas,30,-97.69745442,"Located within the dynamic technology hub of Austin, Texas, Element Critical Austin One provides businesses with a secure and well-connected colocation environment. The facility offers diverse fiber routes to multiple carriers, ensuring network flexibility and performance. Austin's rapidly expanding technology scene makes it an attractive location for businesses seeking a strategic presence in the region.",,,,
LightEdge - Austin II,LightEdge,2916,"Montopolis Drive
Suite 300",78741,Austin,Texas,30,-97.71271259,"With over 20 years in business, LightEdge offers a full stack of best-in-class IT services to provide flexibility, security, and control for any stage of a customers' technology roadmap. Our solutions include premier colocation across seven purpose-built data centers, industry-leading private Infrastructure as a Service (IaaS) and cloud platforms, and the top global security and compliance measures.

Our owned and operated facilities, integrated disaster recovery solutions, and premium cloud choices make up a true Hybrid Solution Center model. With our recent acquisition of OnRamp, LightEdge's highly-interconnected data center facilities now span Des Moines, IA, Kansas City, MO, Omaha, NE, Austin, TX and Raleigh, NC.

Data Center Services:
Colocation
Managed Hosting
Virtual Private Cloud
Compliant/Secure Hosting (HITRUST/PCI/HIPAA/SOC/ISO)
Private Clouds
Hybrid Hosting
Disaster Recovery

Features:
[X] SSAE 18 SOC 1 Type II SOC 2 Type II & SOC 3
[X] HITRUST-certified
[X] PCI / HIPAA Audited
[X] 24/7 Customer Access
[X] 24/7 Staffed Network Operations Center
[X] 24/7 On-Site, Expert Support
[X] Remote Hands Available
[X] Pre-action Fire Suppression
[X] Video Surveillance
[X] Multiple Diesel Generator
[X] Multiple Double Conversion Online UPSs
[X] Mutiple, Liebert, Trande CRAC & Condenser Units
[X] Alarm System

Services:
[x] Rental of Rooms
[x] Rental of Cages
[x] Rental of Foot Prints
[X] Rental of Racks
[X] Hosting of Individual Servers
[X] Dedicated Servers
[X] Managed Hosting
[X] Secure/Compliant Hosting (PCI/HIPAA)
[X] Virtual Servers
[x] Office Space

Connectivity:
Multiple Carrier Internet Backbones Via GigE
Border Gateway Protocol (BGP4) Routing
Physically Independent Fiber Entry Points
Only Premium Tier-1 Backbone Providers
Microsoft Windows and Linux Supported OS",,,,
Data Foundry - Texas 2,Data Foundry,4100,"Smith School Rd
Bldg 2",78744,Austin,Texas,30,-97.71314742,"Located within Data Foundry's ""Data Ranch"" campus in Austin, Texas, Texas 2 offers a purpose-built facility for businesses seeking a secure and reliable datacenter solution. Featuring high-density power options and a concurrently maintainable design, Texas 2 can support a wide range of IT deployments, including those with power-intensive requirements.

The datacenter's carrier-neutral status and access to diverse fiber routes ensure optimal connectivity within Austin's thriving technology ecosystem. Texas 2 is a compelling choice for companies seeking a scalable and reliable colocation partner within this competitive market.",,,,
Skybox Austin,Skybox Datacenters,600,New Meister Ln,78660,Pflugerville,Texas,30,-97.62419433,"Skybox Austin is situated on a twenty-five-acre campus in the heart of Austin’s Silicon Hills, surrounded by some of the worlds largest technology companies. Building 1 supports 30 MW in a 141,000 SF envelope offering an enterprise-class secured data center with abundant power, market-leading design, and operating efficiency. The campus is served by dedicated redundant power feeds from two of the largest substations in the region.",,,,
DataBank AUS1 - Austin,DataBank,7218,"McNeil Dr
Suite 300",78729,Austin,Texas,30,-97.76613086,"Previously known as zColo, part of Zayo Group. DataBank acquired all data center assets from Zayo Group in 2020.

---------------------------------------------------

Located in northwest Austin, 7218 McNeil Drive provides fully redundant electrical power, multiple connections to the Internet backbone via multiple providers using dual entry and custom routing, resulting in no single point of failure. The location is well suited to help safeguard valuable data and deliver colocation, cloud infrastructure, network and disaster recovery solutions for businesses small to large.",,,,
LOGIX FIBER NETWORKS Austin,LOGIX FIBER NETWORKS,1905,E. 6th Street,78702,Austin,Texas,30,-97.72217942,"LOGIX FIBER NETWORKS' Austin Data Center is a unique, world-class data facility strategically positioned east of Austin's central business district. Located on East 6th Street, it features a multiple carrier Internet backbone, dual backup power supplies, several gigabits of local loop to the Internet, state-of-the-art environmental controls, and numerous security systems.
Our Austin data center features dual power service, 2,000 KVA transformers and a back-up diesel generator. Space is available for additional transformers to accommodate tenant's specific power requirements along with secure pad sites for additional generators.

Key Features
. Fully redundant HVAC system
. Dry pipe fire suppression with heat and smoke detection
. Industrial grade reinforced floors
. Controlled temperature and humidity
. 24x7x365 critical monitoring/disaster prevention
. 24x7x365 secure access
. Covered Loading Dock
. Hands on support


The data center has an on-site 2000 KW diesel generator, redundant facility class UPS systems, and battery backup. The electrical system capacity is 3000 AMP AC @ 480 Volts and 10,000 AMP -48 Volt DC plant with a current load of approximately 30%.

Environmental systems include pre-action fire suppression and HVAC, is engineered to N+1 standards utilizing independent condensers for each 30 ton CRAC unit. Security includes EROX card reader access, monitored by the LOGIX NOC 24x7x365. Customer may choose locking cabinets or locking cages to segregate their systems from other colocation customers. Private data suites are available, built to suit.",,,,
SDC Austin,Sabey Data Center Properties LLC,1300,Louis Henna Blvd,78664,Round Rock,Texas,30,-97.64691248,"Purpose-built data center campus with multiple buildings, with 430,000 square feet of space and a total power capacity of 84 MW.

High density cooling, supporting up to 100 KW per cabinet.",,,,
Data Foundry - Austin 1,Data Foundry,7401,East Ben White Blvd.,78741,Austin,Texas,30,-97.69461458,"Operated by Data Foundry since 2003, ADC (Austin Data Center) is a 40,000 SF data center that offers companies a host of fiber options including a managed internet offering across multiple providers. Powered by a dedicated 400 MW substation, ADC employs high level security measures, including hand key biometric access controls and a building-wide, waterless fire suppression system that is both environmentally safe and effective. Conveniently located near the Austin-Bergstrom Airport and just ten minutes from downtown Austin, ample lodging, dining and athletic amenities are located in direct proximity to ADC.

Features:
[X] 24/7 access
[X] 24/7 staff on side
[X] Remote hands available
[X] Automatic fire suppression - FM200
[X] Video surveillance
[X] Redundant Generators
[X] Redundant UPS
[X] Alarm system
[X] Redundant HVAC

Services:
Offering Colocation In:
Secure Custom Cages
1/3, 1/2, Full Locked Cabinets

Data Foundry has been providing data center outsourcing, colocation and disaster recovery services since 1994, supporting thousands of customers across a wide variety of businesses including energy, financial services, healthcare, high performance computing firms, as well as hosting service providers and technology companies.",,,,
Core Scientific Austin,Core Scientific,3301,Hibbetts Rd,78725,Austin,Texas,30,-97.66867339,"Core Scientific Austin, inaugurated in 2024, is a state-of-the-art data center occupying a sprawling 38 acres of land. Formerly an HP Data Center, it has been transformed into a modern hosting facility with a robust infrastructure. The center boasts a substantial 312,000 square feet under its roof, with a dedicated 118,000 square feet of compute space designed to meet the high demands of data processing. It is equipped with a powerful 16 MW compute power capacity to ensure uninterrupted service.

The electrical and mechanical systems are engineered for resilience, featuring Powerware UPS for backup power, and Liebert CRAHU units for advanced cooling. The facility is meticulously monitored for humidity, temperature, and potential leaks, with alarms in place to maintain optimal operating conditions. This attention to detail in design and functionality makes Core Scientific Austin a reliable and efficient choice for hosting services.",,,,
CyrusOne Austin Data Center I,CyrusOne Data Centers,7401-2,East Ben White Blvd,78741,Austin,Texas,30,-97.69501542,". 45,000 sq. ft. data center / 17,000 sq. ft. raised white floor
. SSAE 16 (SOC I type II), PCI DSS (sec 9 & 12), HIPAA, ISO 27001, FISMA, concurrently maintainable design
. High Performance Computing (HPC) capable, supports 250 wpsf with the ability to support over 1,000 wpsf
. Carrier-neutral and part of CyrusOne Texas IX (Internet Exchange)
. 100% uptime service level agreement on power
. 24×7 staffed NOCC and remote hands support
. Dedicated cages and private suite options available.",,,,
Skybox PowerCampus Austin,Skybox Datacenters,,,78634,Hutto,Texas,31,-97.54755692,"Located in the burgeoning tech landscape of Austin, Texas, Skybox PowerCampus presents a compelling colocation solution for businesses with growing IT demands. The campus design boasts high-density power capabilities and substantial scalability options to support even the most power-intensive deployments.

Companies seeking a future-proof datacenter partner within the dynamic Austin market will find PowerCampus aligns with their growth trajectory. Skybox Datacenters' commitment to operational excellence and reliable infrastructure makes this facility a reliable choice within a competitive technology ecosystem.",,,,
Rowan Moriah Campus,Rowan Digital Infrastructure,2810,Bob White Rd,76501,Temple,Texas,31,-97.29788828,"The Moriah Data Center, a pioneering project by Rowan Digital Infrastructure, is situated in the heart of Texas. Acquired in 2020, this 35-acre campus in Temple, Texas, represents Rowan's first operational asset. With a substantial 500MW capacity, the center was developed in two phases; the first phase aimed to be online by summer 2022, and the second phase reached full operational status by 2023.

Strategically located, Moriah offers competitive energy rates, benefiting from its proximity to a diverse array of fiber networks. These include Fiberlight, Level 3, Telia, Zayo, redIT, and AT&T, ensuring robust connectivity options for clients.",,,,
Data Foundry - The Data Ranch,Data Foundry,4100,Smith School Rd,78744,Austin,Texas,30,-97.7137848,"Located across 40 acres in Austin, Texas, Data Foundry's Data Ranch Campus is purpose-built to meet the evolving needs of businesses within a dynamic technology hub. The campus currently hosts the Texas 1 and Texas 2 datacenters with ample space for future development and expansion possibilities.

Businesses seeking flexible datacenter options, from individual cabinets to build-to-suit deployments, will find the Data Ranch Campus a compelling solution. Its focus on high-density power, carrier-neutral connectivity, and 24x7x365 security make it a reliable choice within the Austin market.",,,,
Cogent Data Center - Austin,"Cogent Communications, Inc.",7301,Metro Center Dr,78744,Austin,Texas,30,-97.69800739,,,,,
Prime Austin,Prime Data Centers,FM2720 & Bobwhite Rd,Bobwhite Rd,78656,Maxwell,Texas,30,-97.75430818,"Prime Data Centers is poised to establish a state-of-the-art data center campus in Caldwell County, just outside the vibrant tech hub of Austin, Texas. With an impressive investment of $1.3 billion, this ""turn-key"" campus will stretch across 206 acres along Farm to Market Road 2720, promising cutting-edge infrastructure for tech giants and startups alike. Owned by Neimann Farm Partners LP and associated with La Tierra Realty LLC, this development is set to become a cornerstone of technological advancement and economic growth in the region.",,,,
GTT Austin Data Center,GTT Communications,6200,Bridgepoint Parkway,78730,Austin,Texas,30,-97.7993535,"About One Source Networks:
One Source Networks is a leading provider of innovative, purpose-built communications solutions for the Fortune 1000. Delivering ubiquitous access to cloud-based voice, video, security and computing applications, as well as enterprise networking and infrastructure services, the company offers customizable, cost-effective and scalable solutions delivered on its fully redundant global network infrastructure with interconnection to over 200 global suppliers. The OSN difference is simplicity, cost reduction and customer service focus that delivers all solutions under one contract, one team and one invoice. One Source Networks is a two-time winner of the Inc. 500 award which highlights America´´´€š´´´€ž´s fastest-growing private companies.

About Austin Data Center:
The One Source Networks´´´€š´´´€ž´ 10,000 square foot data center in Austin, Texas is designed to grow with your business, with a range of offerings that include colocation, cloud computing, unified communications, managed servers, storage, load balancing and firewalls. The facility houses both customer and OSN infrastructure and is well-equipped to meet unique requirements, whether you are seeking a single service, management and solution design, or complete outsourcing of your IT functions. Our Austin facility is SSAE16 Type II certified and PCI compliant, and was built to meet or exceed commercial telecommunications standards worldwide for availability, integrity, and confidentiality.

Our on-site 24/7 NOC and top tier engineering team deliver world-class support to enterprises worldwide. Our engineers specialize in assessing, designing, implementing, and managing complex systems, with an emphasis on disaster preparedness and high availability. Engineers maintain core certifications in Cisco security and networking, IP Telephony, Microsoft, CommVault´ data management solutions, VMware virtualization and Dell Enterprise Storage, along with expertise and certifications in a host of supporting products and technologies.

Our Austin data center features conditioned, continuous power systems that provide multiple power phases with separate Power Distribution Units (PDUs) and N+1 Uninterruptable Power Supplies (UPSs) per phase. The facility is equipped with a 1.5 megawatt utility feed from Austin Energy that may be upgraded based upon customer requirements. Emergency power generation systems provide auxiliary power and can support the entire facility at maximum load for at least 24 hours with fuel stored on-site and refueling contracts with multiple providers to ensure uninterrupted emergency power regardless of widespread, lengthy outages. Electrical power is delivered via 110 volt or 220 volt circuits, and in 20 or 30 amp flow rates.

The Austin facility has two separate fiber entry points, so if a connection fails, neither the user experience nor the service performance will be impacted. This redundancy ensures reliable connectivity with no data transmission bottlenecks to or from the data center. The facility offers
access to four diverse fiber providers including multiple Tier 1 Internet networks. Network connectivity is delivered to customers via multiple Ethernet access feeds to allow for redundancy.

The data center cooling system consists of 100 tons of Liebert downflow cooling units, expandable to 300 tons, providing N+1 cooling capacity across the data center. All of the Computer Room Air Conditioning equipment is designed to support high-end server equipment. Steamgenerating humidifiers and electric reheat coils control humidity, and
modern Chatsworth server racks force hot air directly into the overhead plenum, virtually eliminating hot spots. The facility has a raised flooring system for enhanced air flow.

Our data center is staffed 24/7 and secured by multiple badge access doors. Only authorized OSN engineering and technical staff are allowed in the data center core and cloud services hosting areas, while customer access to the colocation areas is secured by badge and administered by our NOC staff. The data center is under 24/7 video surveillance and physical access and equipment ingress and egress are logged.

The Austin facility has a double-interlocked pre-action fire protection system designed to provide the best possible security against accidental discharge of water from the sprinklers. Water will discharge from a sprinkler only if that sprinkler has been subjected to enough heat to melt the fusible link on the water head.",,,,
Lumen Austin 1,Lumen,4207,Smith School Road,78744,Austin,Texas,30,-97.7111353,"Facility Specifications

. Total Space: 75,474 sq. ft.
. Colocation Space: 3,316 sq. ft.
. Ceiling height: 25'0""
. N+1 HVAC configuration
. Available on-site parking
. Loading dock

Environmental

. Temperature and humidity controlled
. Monitored building management system
. Fire suppression and smoke detection

Power

. DC Power
. Generator and battery backup

Security

. Stringent, multi-layered security control procedures
. Dual authentication system

Network Features

. Diverse fiber connectivity
. NPA-NXX: (512)-386
. Level 3 portfolio of services
. Backhaul services, if needed
. Alternate carrier networks available",,,,
Lumen Austin 3,Lumen,500,B. Chicon Street,78702,Austin,Texas,30,-97.72305313,"Facility Specifications

. Total Space: 5,000 sq. ft.
. Colocation Space: 986 sq. ft.
. Ceiling height: 15'0""
. Available on-site parking

Environmental

. Temperature and humidity controlled
. Monitored building management system
. Fire suppression and smoke detection

Power

. DC Power
. Generator and battery backup

Security

. Stringent, multi-layered security control procedures

Network Features

. Diverse fiber connectivity
. NPA-NXX: (512)-457
. Level 3 portfolio of services
. Backhaul services, if needed
. Alternate carrier networks available",,,,
American Tower EDC Austin,American Tower Corporation,1601,West 10th Street,78703,Austin,Texas,30,-97.7602727,"The American Tower Edge Data Center in Austin, TX is a local interconnection and collocation facility, providing a secure and reliable hosting environment for our customer's IT requirements. Our connectivity-enabled, multitenant, neutral-host facility is positioned to enable flexible and turnkey infrastructure environments for various use-cases.

Austin is the capital of Texas and the largest city in Travis County, with portions extending to Hays and Williamson Counties. It is the 11th-most populous city in the U.S., the fourth-most populous city in Texas, and the second-most-populous state capital city. It has a diverse mix of government employees, college students, musicians, high-tech professionals, and blue-collar workers. Austin is considered to be a major center for high tech. Thousands of graduates each year from the engineering and computer science programs at the University of Texas at Austin provide a steady source of employees who help to fuel Austin's technology and defense industry sectors. The region's rapid growth has led Forbes to rank the Austin metropolitan area number one among all big cities for jobs, and WSJ Marketwatch to rank the area number one for growing businesses.",,,,
Lumen Austin 2,Lumen,1825-,A Kramer Lane,78758,Austin,Texas,30,-97.70900126,"Facility Specifications

. Total Space: 44,984 sq. ft.
. Colocation Space: 7,150 sq. ft.
. Ceiling height: 10'0""
. N+1 HVAC configuration
. Available on-site parking
. Loading dock

Environmental

. Temperature and humidity controlled
. Monitored building management system
. Fire suppression and smoke detection

Power

. AC and DC Power
. Generator, UPS, and battery backup

Security

. Stringent, multi-layered security control procedures
. Dual authentication system

Network Features

. Diverse fiber connectivity
. NPA-NXX: (512)-742
. Level 3 portfolio of services
. Backhaul services, if needed
. Alternate carrier networks available",,,,
Hostway Austin Waller,"Hostway Services, Inc",501,Waller,78702,Austin,Texas,30,-97.73040416,"Data Center

Two independent data centers, nearly 60,000 sq ft
Power conditioning through UPS (Uninterruptible Power Supply) and power backup
N+1 redundant HVAC system using multiple units with backup units standing by
Redundant cable routing system
Backup network equipment
Data center 1: Inergen environmentally green fire suppression system
Data center 1: Power backup provided by a 1.25MW generator being fed from a 4000 gallon diesel reservoir
Data center 2: Power backup provided by a 2MW generator fed from a 5000 gallon diesel reservoir
NOC (Network Operations Center) staffed with senior system technicians 24 x 7 x 365

Network

Multiple and redundant 10GigE core with multiple 10GigE upstreams
Built in excess capacity across the network
100% uptime guarantee
BGP4 (Border Gateway Protocol) on Brocade routers
100% switch-based GigE Ethernet using the latest Brocade and HP technologies


Security

24x7 live closed circuit TV monitoring
No outsider is allowed; Only internal systems and network administration staff have access
Complete controlled entry keycard system
Over 60 combined cameras around the data centers


Administration and Support

24 x 7 Security, technical support, and remote hands on premises
24 x 7 Network monitoring
Expertise with Windows and Linux platforms
Expertise with multiple server configurations (VPN, Load balancing, Firewalls)
Network monitoring with 24 x 7 response
Custom network monitoring with user-configurable notification
DNS management
1 Hour hardware repair SLA
Emergency patch installation",,,,
Thin-nology,Thin-nology LLC,3804,Helios Way,78660,Pflugerville,Texas,30,-97.59163506,"Austin's newest and most technically advanced Data Center offering full service capabilities that encompases everything from a single server to a full rack to a cage. With the following features.

.100% Uptime Gurantee
We are the only Data Center in the Austin area that does NOT utilize a water fire suppresant system. The Fire Suppresant system will cut off the CRAC units while the fire is estinguished but leave all power to the racks functional. The system will take one minute to are (and warn occupants) and 12 seconds to put out the fire. There is no clean up required afterwards and not damage to any equipment.

.Customized Bandwidth Solutions

We offer contracted pipe rate with burstable options or just ""open"" to the worl on a 95% model
.Backup Generation

We offer both in house and off site Backup solutions.
.Dual Fiber Internet Connections

.24/7/365 Staffed Network Operations Center

.Underground Power Supply

We are located in a new development that has underground power offered by two providers
.Managed Firewall/Content Switches

We are a Cisco house and provide services to manage all your netwrok equipment and VPN Tunnels. Our Cisco Certified engineers will take the guess work and headaches out of your life.


.Fire protection via multi-zoned gas suppressant system

We are the only Data Center in the Austin area that does NOT utilize a water fire suppresant system. The Fire Suppresant system will cut off the CRAC units while the fire is estinguished but leave all power to the racks functional. The system will take one minute to are (and warn occupants) and 12 seconds to put out the fire. There is no clean up required afterwards and not damage to any equipment.

We are far enough away to not attract atttention but close enogh to make access quick and easy. We are located within two minutes of a freeway. Just 20 miuntes from the Airport and five minutes from all the support (restautants, parts, supplies) you will need while at the Data Center.

We designed the Data Center to ensure that the temperature never fluctuates more than one degree during winter or supper. Air flow and rack designed were all modelled before the Data Center was built to ensure maximum cooling efficientcy.

CRAC units use state of the art ICOM controllers to manage themselve during the summer heat and the winter cold. They are set to email support should they determine they need service or are encountering problems.

23 camera's and live humans, along with Biometric entry systems protect the Data Center from harm 24/7/365. All tapes and other electronic records are kept for two years. Syslog systems data, is stored indefinately.

We are built for stealth. No one that tries to find our Data Center does on the first or second try. Instead of build fences for people climb over of mound of dirt for people to drive over we just built it not to look like a data center from the outside. The only way to tell we do something a little differnt that our names is the size of the power pipes and the generators that sit outside. But we could be doing any number of things that require lots of power and backup generators. However we are a Data Center.

Our owner has lots od Data Center Experience. Jon Bowling VP - Technology and owner of the Thin-nology spent nearly 30 years in the Control Room Data Centers thought the worlds refineries, petro-chemical and power plants. During that time he learned what worked and what doesn't. The advantage and disadvangtes of raised floors. The pitfalls of the hot aisle cold aisle design and the dangers of poorly defined air flows. So a lot of money was spent on things that really mattered. Consistent room temperatures though out the Data Center. Uptime in the case of Fire and other potential disaters. Equipment protecion in the event of a distaster and the delopment of sound olicies and practices for the day to day operation of the Data Center.",,,,
Hostway Austin Trade Center,"Hostway Services, Inc",6110,"Trade Center Dr
Ste 100",78744,Austin,Texas,30,-97.71633785,"Data Center

Two independent data centers, nearly 60,000 sq ft
Power conditioning through UPS (Uninterruptible Power Supply) and power backup
N+1 redundant HVAC system using multiple units with backup units standing by
Redundant cable routing system
Backup network equipment
Data center 1: Inergen environmentally green fire suppression system
Data center 1: Power backup provided by a 1.25MW generator being fed from a 4000 gallon diesel reservoir
Data center 2: Power backup provided by a 2MW generator fed from a 5000 gallon diesel reservoir
NOC (Network Operations Center) staffed with senior system technicians 24 x 7 x 365

Network

Multiple and redundant 10GigE core with multiple 10GigE upstreams
Built in excess capacity across the network
100% uptime guarantee
BGP4 (Border Gateway Protocol) on Brocade routers
100% switch-based GigE Ethernet using the latest Brocade and HP technologies

Security

24x7 live closed circuit TV monitoring
No outsider is allowed Only internal systems and network administration staff have access
Complete controlled entry keycard system
Over 60 combined cameras around the data centers


Administration and Support

24 x 7 Security, technical support, and remote hands on premises
24 x 7 Network monitoring
Expertise with Windows and Linux platforms
Expertise with multiple server configurations (VPN, Load balancing, Firewalls)
Network monitoring with 24 x 7 response
Custom network monitoring with user-configurable notification
DNS management
1 Hour hardware repair SLA
Emergency patch installation",,,,
Bestline Communications,"Bestline Communications, L.P.",1122,"Colorado St
Suite 110",78701,Austin,Texas,30,-97.74296596,,,,,
"FIBERTOWN - Bryan, Texas",FIBERTOWN,110,North Main,77803,Bryan,Texas,31,-96.3737014,"FIBERTOWN is the premier provider of Texas data center solutions, high availability colocation, and business continuity office space. With a 100% uptime SLA, FIBERTOWN houses the mission-critical
IT systems for Fortune 500 companies and smaller organizations across many industries.

The SSAE 18 compliant data centers and award-winning DR office space offer a carrier neutral, one-stop solution for best-in-class technology and amenities. With locations in both Houston and Bryan, Texas, FIBERTOWN's data centers feature a pod design for maximum efficiency, fault-tolerant 2N power and cooling, and fully redundant multi-carrier internet connectivity.",,,,
Stanton Data Center,Huntleigh Technology Group,100,N. Stanton St.,79901,El Paso,Texas,32,-106.485555,"gain access the upper floor entrance to the data center area. The main entrance to the Huntleigh Technology Group data center is key accessed and then different key access is again required to enter the Huntleigh Technology Group mantrap. Once through, and upon entering the Huntleigh Technology Group data center, additional separate key access is required to enter the data center server sector.


Customer Access

No customer access is allowed into the separate Huntleigh Technology Group telecommunication power facility area. Only Huntleigh Engineering and Technical Operations personnel have access to the data center. Customer´€™s access to their equipment is by escort only, and all customers must sign in and show acceptable ID and then sign out. Customers with access to their own equipment have individual locked cabinets.

Colocation

Huntleigh Technology Group offers data center collocation services: from hosting, to simple administration of your servers, to fully outsourced solutions that include dedicated I.T. professionals.
We backup our data center´€™s capabilities and collocation services with professional, experienced and a highly knowledgeable team of engineers, system administrators, and help desk staff.

Rack Space
To meet your specific collocation requirements, we offer 1/3, 1/2, and full racks as well as secured cages and fully enclosed cabinets.

Redundant Power Feeds
To gain another level of redundancy, Huntleigh has dual power feeds pooled to power your servers and networking equipment.

Remote Hands Service
If you need additional assistance, such as a server reboot or power cycling, our knowledgeable technicians are available to assist you anytime.

Corporate Data Center Outsourcing
We offer a complete outsourced solution where we can host your Web, application, e-mail and database servers, manage your tape back-up, and implement and manage your VPN and firewall solutions. We monitor your entire IT infrastructure, so you can focus on your strategic priorities.

Managed Firewall Services
Viruses, worms, hackers, terrorists, disgruntled employees, or any intruder attacks will have a hard time getting past the firewall that´€™s protecting your network.

Managed VPN Services
With Huntleigh´€™s VPN solution, you can increase the security of remote communications without increasing your costs in the process.

Disaster Recovery Services
Many companies have trusted Huntleigh to provide Disaster Recovery, Managed Internet and Data Center services. Find out why you should, too.",,,,
MDC El Paso - ELP1,MDC Data Centers,11455,Cedar Oak Dr,79936,El Paso,Texas,32,-106.3099487,"Beyond Colocation
You get everything you need to extend your network cost-effectively: reliable colocation, carrier-neutral interconnection, internet exchange, and international fiber crossing.


100% Carrier-Neutral
Carrier neutrality allows you to have more control over your business and interconnection services. We don't compete with you; we facilitate your growth.


Enhanced Connectivity
Get increased redundancy and improve your network performance by connecting through private interconnection, public peering or international fiber crossing.


Business Advocacy
Find the anchor customer for your business case or build a more effective solution with support of our team of experts and the Marketplace.",,,,
Flō Networks El Paso,Flo Networks,500,W Overland Avenue,79901,El Paso,Texas,32,-106.49317,,,,,
Lumen El Paso 2,Lumen,201,"E Main Drive
4th Floor",79901,El Paso,Texas,32,-106.4883922,"Facility Specifications

. Total Space: 3,810 sq. ft.
. Colocation Space: 652 sq. ft.
. Ceiling height: 15'0""
. Available on-site parking
. Freight elevator

Environmental

. Temperature and humidity controlled
. Monitored building management system
. Fire suppression and smoke detection

Power

. DC Power
. Generator and battery backup

Security

. Stringent, multi-layered security control procedures

Network Features

. Diverse fiber connectivity
. NPA-NXX: (801)-531
. Level 3 portfolio of services
. Backhaul services, if needed
. Alternate carrier networks available",,,,
Lumen El Paso 1,Lumen,501,W. Overland,79936,El Paso,Texas,32,-106.493559,"Facility Specifications

. Total Space: 20,000 sq. ft.
. Colocation Space: 6,071 sq. ft.
. Ceiling height: 12'6""
. N+1 HVAC configuration
. Available on-site parking

Environmental

. Temperature and humidity controlled
. Monitored building management system
. Fire suppression and smoke detection

Power

. DC Power
. Generator and battery backup

Security

. Stringent, multi-layered security control procedures

Network Features

. Diverse fiber connectivity
. NPA-NXX: (915)-532
. Level 3 portfolio of services
. Backhaul services, if needed
. Alternate carrier networks available",,,,
Chase Tower El Paso,Unknown Company,201,E Main Drive,79901,El Paso,Texas,32,-106.4883515,,,,,
Optiquest Datacenter,Optimum Computer Solutions (OCS),780,Westridge Rd,77380,The Woodlands,Texas,30,-95.45391993,"Features:
[ ] 24/7 access
[X] 24/7 staff on side
[ ] 24/7 security guard(s)
[X] Remote hands available
[X] Video surveillance
[X] Cleaner Propane Generator
[X] UPS Every Rack
[X] Alarm system
[X] Aircondition
[X] Security Gates

Services:
[ ] Rental of suites/rooms
[ ] Rental of cages
[ ] Rental of foot prints
[X] Rental of racks
[X] Hosting of individual servers
[X] Dedicated servers
[ ] Virtual servers
[ ] Office space

Currently ATT, Level3, Cogent",,,,
Lumen Lubbock 1,Lumen,1502,Ave. N,79479,Lubbock,Texas,34,-101.8516498,"Facility Specifications

. Total Space: 5,000 sq. ft.
. Colocation Space: 1,705 sq. ft.
. Ceiling height: 15'0""
. N+1 HVAC configuration
. Available on-site parking

Environmental

. Temperature and humidity controlled
. Monitored building management system
. Fire suppression and smoke detection

Power

. DC Power
. Generator and battery backup

Security

. Stringent, multi-layered security control procedures

Network Features

. Diverse fiber connectivity
. NPA-NXX: (806)-744
. Level 3 portfolio of services
. Backhaul services, if needed
. Alternate carrier networks available",,,,
Reese Data Center,Reese Data Center,9924,Reese Blvd.,79416,Lubbock,Texas,34,-102.0322042,"The Reese Data Center can provide the secure, controlled, reliable, efficient, and affordable environment that your servers, storage, and network equipment deserves. Colocation cabinets and cages can be customized to your specific needs.

At Reese Data Center, we understand you have specific needs often driven by the need for greater efficiency, security, and cost-savings. We have robust cabinet solutions to support and protect rack-mount servers, storage, and network equipment.

For the ultimate in flexibility and scalability, we can provide your business with virtually any cage configuration that your business demands. Our Secure Caged Colocation space can fill the need for virtually any size data center. Full unescorted access to the facility 24/7/365 for your entire technology team.",,,,
NacSpace Data Center,NacSpace.com,2400,North Stallings Drive,75964,Nacogdoches,Texas,32,-94.67633302,"What sets NacSpace Data Center apart from other Data Centers is our service. From our East Texas data center location in Nacogdoches, TX, we provide concierge data center service that even includes transportation from the Nacogdoches airport for your visit to our colocation facility. Coworking office space where you can seamlessly access your data in the event of hurricanes is available by the day or month. Meeting rooms are available for rent. Our HelpDesk is available 24/7/365 days a year with remote hands support.

Our secure and reliable Texas data center, built with Tier II Plus standards and redundant power. Each electric feed has its own UPS system, which are backed up by multiple generators. Our Colocation facility offers cabinets, cages, rack space, and accountability to meet your business objectives and ensure your success.

Want all the benefits of a large data center without the expense of an in-house data center? NacSpace Data Center is your answer in East Texas. When you colocate your servers at the NacSpace East Texas colocation data center, your business can benefit from our data center services at a fraction of the cost of installing your servers in-house at your company facility. You can hire fewer IT specialists and take advantage of improved physical and data security, reliability, and scalability.

Website hosting is also available on a dedicated server, virtual server, or shared hosting. WordPress website hosting is also available.",,,,
Tyler Vault.com,Tyler Vault.com,110,N College Ave,75702,Tyler,Texas,32,-95.3018746,"When you colocate with us, your business can advertise that you are in a REAL Vault.

If you are anywhere in the area, call us and setup a tour. If you want to see how we built it, check out our web site.

We have:
Redundant Fiber connections, via mutiple carriers.
Redundant building power feeds.
Managed and unmanaged colocation.
Partial or full rack leasing.
Disaster recovery design and implementation services.
Secure off-site backup and disaster recovery.
Hardened access controlled facility.
Power and communication redundancy.
1,100 sq. foot vault hosting with 40 rack capability A & B power for each rack.
Remote and local KVM support.
Onsite private support and conference rooms.
Remote Hands.",,,,
MDC Laredo - LDO1,MDC Data Centers,13619,Cabezut Dr Unitec Industrial Park,78045,Laredo,Texas,28,-99.44992373,"Carrier-Neutral Edge Colocation
Focused on interconnecting the World with Mexico across the border, our reliable colocation facilities are coupled with fiber crossing assets, internet exchange point, and always-on redundant infrastructure.

Beyond Colocation
You get everything you need to extend your network cost-effectively: reliable colocation, carrier-neutral interconnection, internet exchange, and international fiber crossing.


100% Carrier-Neutral
Carrier neutrality allows you to have more control over your business and interconnection services. We don't compete with you; we facilitate your growth.


Enhanced Connectivity
Get increased redundancy and improve your network performance by connecting through private interconnection, public peering or international fiber crossing.


Business Advocacy
Find the anchor customer for your business case or build a more effective solution with support of our team of experts and the Marketplace.",,,,
Windstream Laredo,Windstream,520,Matamoros St,78040,Laredo,Texas,28,-99.5014675,,,,,
Lumen Laredo 1,Lumen,518,Farragut,78040,Laredo,Texas,28,-99.50156299,"Facility Specifications

. Total Space: 4,800 sq. ft.
. Colocation Space: 1,750 sq. ft.
. Ceiling height: 15'6""
. Available on-site parking

Environmental

. Temperature and humidity controlled
. Monitored building management system
. Fire suppression and smoke detection

Power

. DC Power
. Generator and battery backup

Security

. Stringent, multi-layered security control procedures

Network Features

. Diverse fiber connectivity
. NPA-NXX: (956)-712
. Level 3 portfolio of services
. Backhaul services, if needed
. Alternate carrier networks available
",,,,
DataBank ACT1 - Waco,DataBank,700,Austin,76701,Waco,Texas,32,-97.1334692,"Previously known as Clearview - The Waco Information Technology Gateway (ITG). Acquired by Zayo/zColo in 2016. All Zayos colocation data centers were acquired by DataBank in 2020.

ACT1 Waco Data Center is a repurposed Cold War nuclear fall-out shelter, providing physical security previously unmet in the commercially available data center market. It’s Central Texas location is within a 100-mile radius from Dallas, Austin, Houston and San Antonio, allowing for true data replication between the W-ITG and clients in those cities. In addition, the Waco location is easily accessible by car in the event of an attack that impacts the nation’s airways.

The W-ITG is located on a power grid separate from Texas’ major city systems, providing an advantage during potential blackouts and brownouts. It incorporates dual transformer commercial power feeds and multi-carrier fiber availability for operating capacity and redundancy. The facility features a layered security protocol that includes biometrics, magnetic key cards, DVR cameras and onsite personnel. An 80-space parking lot has been converted to support mobile work-space recovery vehicles in the event employees are displaced from their daily work environments.",,,,
Meta Temple Data Center,Meta,,NW H K Dodgen Loop & Industrial Blvd,76502,Temple,Texas,31,-97.37367475,"Located in Temple, Texas, the Meta Temple Data Center plays a vital role in supporting Meta's continued expansion within a dynamic technology corridor. This facility features substantial power capacity to accommodate the company's evolving needs while driving economic development in the surrounding region. Meta's commitment to supporting renewable energy initiatives aligns with the Temple Data Center's operations, demonstrating a focus on sustainable growth.",,,,
Lumen Waco,Lumen,1417,"Airbase Rd,",75705,Waco,Texas,32,-97.0927629,"Facility Specifications
. Total Space: 4,800 sq ft
. Colocation Space: 1,740 sq ft
. Ceiling height: 20'0""
. Available on-site parking

Environmental
. Temperature and humidity controlled
. Monitored building management system
. Fire suppression and smoke detection

Power
. DC Power
. Generator and battery backup

Security
. Stringent, multi-layered security control procedures

Network Features
. Diverse fiber connectivity
. NPA-NXX: (254)-799
. Level 3 portfolio of services
. Backhaul services, if needed
. Alternate carrier networks available",,,,
Abilene Clean Campus,Lancium,5502,Spinks Rd,79601,Abilene,Texas,33,-99.78917072,"Lancium's Abilene Clean Campus is a state-of-the-art data center facility designed to support advanced computing applications, including bitcoin mining and high throughput computing for fields like medical research, video production, and vehicle design. Spanning over 1,000 acres, this campus leverages low-cost renewable energy to power its operations, contributing to the decarbonization and stability of the electric grid. The facility is equipped with Lancium's Smart Response™ technology, allowing it to adjust power consumption dynamically, thereby enhancing grid reliability. Additionally, the campus is expected to generate significant economic benefits for the local community, including job creation and increased local spending.",,,,
Crusoe Abilene,Crusoe Energy Systems LLC,,,79601,Abilene,Texas,33,-99.6797075,"Crusoe Energy Systems LLC is set to establish a cutting-edge 200MW AI data center at the Lancium Clean Campus near Abilene, Texas. This facility represents the first phase in a larger plan to expand AI workloads across a 1.2 GW power capacity. The data center is designed to be a beacon of modern AI infrastructure, with high-density data halls optimized for direct-to-chip liquid cooling or rear-door heat exchangers, and the flexibility to incorporate air cooling.

The center will be powered by a multibillion-dollar investment and aims to operate up to 100,000 GPUs on a single integrated network fabric. This design is not only a leap forward in data center architecture but also in the scale of AI training and inference workloads it can support. Crusoe's collaboration with Lancium underscores a shared commitment to decarbonizing compute for energy-intensive workloads, leveraging local renewable energy sources to minimize environmental impact.

Expected to be energized by 2025, the data center is a testament to Crusoe's mission to align the future of computing with the future of the climate. By reducing both the costs and environmental footprint of digital expansion, Crusoe is paving the way for sustainable growth in the AI sector.
",,,,
Lumen Harlingen 2,Lumen,514,E Monroe Ave,78550,Harlingen,Texas,26,-97.69073992,"General Features and Specs

Colocation Options

. Standard Cabinet - 3kW
. High Density Cabinet - 5kW
. Custom Cage Cabinet – 3kW - 15kW
. Field Tech Services Support Available

Network Services

. Edge Computing Solutions including Edge Bare Metal,
. Private Cloud, Network Storage and others.
. Hybrid Cloud and IT Solutions
. Infrastructure Services including Waves, Dark Fiber,

Private Line

. Cloud Connect to AWS, Azure, Google and more

Environmental

. Temperature and humidity controlled
. Monitored building management system
. Fire suppression - Double Interlock Dry-pipe
. Pre-Action W/ Dual zoned smoke/Ion detection",,,,
Lumen Harlingen 1,Lumen,505,E. Monroe,78550,Harlingen,Texas,26,-97.6909115,"Facility Specifications

. Total Space: 5,208 sq. ft.
. Colocation Space: 1,734 sq. ft.
. Ceiling height: 13'0""
. Available on-site parking

Environmental

. Temperature and humidity controlled
. Monitored building management system
. Fire suppression and smoke detection

Power

. DC Power
. Generator and battery backup

Security

. Stringent, multi-layered security control procedures

Network Features

. Diverse fiber connectivity
. NPA-NXX: (956)-730
. Level 3 portfolio of services
. Backhaul services, if needed
. Alternate carrier networks available",,,,
DataNovaX Pioneer Park,DataNovaX,2236,Airport Dr,76306,Wichita Falls,Texas,34,-98.52471038,"DataNovaX's Pioneer Park is a state-of-the-art data center located in Wichita Falls, Texas. The first phase of this development boasts a 37,000-square-foot facility with 6 MW of power, designed with N+1 systems redundancies to ensure uninterrupted service. Adhering to TIER III specifications and SOC 1 Type II and ISO/IEC 27001 standards, the center promises high reliability and security standards.

The second phase of Pioneer Park is set to expand its capabilities significantly, with plans for a 550,000-square-foot facility equipped with 150 MW of power. This phase is tailored for high-density AI and high-performance computing (HPC) applications, featuring build-to-suit liquid cooling options utilizing AI-ready Vertiv® technology, and Alcatex® Partner for enhanced cooling solutions.

Security and connectivity are paramount at Pioneer Park, with perimeter fencing, dual-system chemical and water fire suppression, and 24x7 on-site security personnel with biometric scanners for multi-factor authentication. The network infrastructure offers Gold standard Cardinal Diversity with 4X fiber routes and a carrier-neutral provider ecosystem, ensuring robust and flexible connectivity options for clients.",,,,
Lumen Wichita Falls 1,Lumen,301,Lee St,76301,Wichita Falls,Texas,34,-98.4908975,"General Features and Specs

Colocation Options

. Standard Cabinet - 3kW
. High Density Cabinet - 5kW
. Custom Cage Cabinet – 3kW - 15kW
. Field Tech Services Support Available

Network Services

. Edge Computing Solutions including Edge Bare Metal,
. Private Cloud, Network Storage and others.
. Hybrid Cloud and IT Solutions
. Infrastructure Services including Waves, Dark Fiber,

Private Line

. Cloud Connect to AWS, Azure, Google and more

Environmental

. Temperature and humidity controlled
. Monitored building management system
. Fire suppression - Double Interlock Dry-pipe
. Pre-Action W/ Dual zoned smoke/Ion detection",,,,
Lumen Amarillo 1,Lumen,512,SE 8th Avenue,79101,Amarillo,Texas,35,-101.8316362,"Facility Specifications

.Total Space: 5,000 sq. ft.
.Colocation Space: 1,731 sq. ft.
.Ceiling height: 15'
.Available on-site parking

Environmental

.Temperature and humidity controlled
.Monitored building management system
.Fire suppression and smoke detection

Power

.DC Power
.Generator and battery backup

Security

Stringent, multi-layered security control procedures

Network Features

.Diverse fiber connectivity
.NPA-NXX: (806)-371
.Level 3 portfolio of services
.Backhaul services, if needed
.Alternate carrier networks available",,,,
Lumen Corpus Christi 1,Lumen,4901,Westway Drive,78408,Corpus Christi,Texas,28,-97.45160439,"Facility Specifications

. Total Space: 4,800 sq. ft.
. Colocation Space: 1,761 sq. ft.
. Ceiling height:13'0""
. Available on-site parking

Environmental

. Temperature and humidity controlled
. Monitored building management system
. Fire suppression and smoke detection

Power

. DC Power
. Generator and battery backup

Security

. Stringent, multi-layered security control procedures

Network Features

. Diverse fiber connectivity
. NPA-NXX: (361)-861
. Level 3 portfolio of services
. Backhaul services, if needed
. Alternate carrier networks available",,,,
MDC Eagle Pass - EGP1,MDC Data Centers,464,Bliss St,78852,Eagle Pass,Texas,29,-100.5048926,"MDC's Eagle Pass data center (EGP1) provides a crucial interconnection point along the Texas-Mexico border. It is strategically designed to meet surging connectivity demands between Queretaro and Dallas. EGP1 plays a vital role in diversifying routes and opening new business opportunities, especially for content providers and networks seeking to expand their reach in Mexico.",,,,
Fort Stockton Clean Campus,Lancium,1753,US Hwy 285,79735,Fort Stockton,Texas,31,-102.9141278,"The Lancium Clean Campus in Fort Stockton, Texas, is a state-of-the-art data center facility designed to harness renewable energy and support grid stability. Spanning over 100,000 square feet, this campus hosts advanced computing applications, including Bitcoin mining and high-throughput computing for fields like medical research and video production. The facility is strategically located in an area rich with renewable energy resources, allowing it to utilize excess power and contribute to grid reliability. Lancium's proprietary software enables flexible power management, ensuring efficient energy use and minimizing carbon emissions. The campus also brings significant economic benefits to the local community, providing high-paying jobs and boosting local spending.
",,,,
Data Journey The Bunker,Data Journey,,550 Club Dr.,77316,Montgomery,Texas,30,-95.669432,"If you are looking for a data center that will protect your data and provide a top-of-line facility for your company you have found the right place. We offer almost 40,000 square feet located securely underground safe from any natural disaster. Our site is on one of the the highest pieces of property in Southeast Texas and located safely away from any industrial center.

We offer a range of services from shared cabinets in an ultra-secure room located 30 to 50 feet underground to dedicated cabinets and open floor space up to 5,000 square feet.

You can connect to your data over a secure, diverse private network tied to several of the major metro Ethernet providers. This network provides the highest reliability at the lowest available cost. Bandwidth is adjustable on demand ranging from 10mbps to Gigabit speed.

We also provide the highest level of comfort for your key personnel on Lake Conroe, directly tied to the bunker facility. Our Cisco IP telephone system can support redirects of your original office numbers regardless of your location in Texas. Additional cities around the US are available on a per request basis.",,,,
Core Scientific Pecos,Core Scientific,1939,Farm to Market 2119,79772,Pecos,Texas,32,-103.8177389,"Core Scientific Pecos is a state-of-the-art datacenter located in Pecos, Texas. Established in 2022, this facility is a new development, sprawling across 100 acres with a substantial 125,000 square feet under roof. It boasts an energized capacity of 50 MW and a total available capacity of 234 MW, designed to support large-scale operations. The datacenter operates within an annual temperature range of 28 to 99 degrees, ensuring optimal performance in various climatic conditions.",,,,
Lumen Stratford 1,Lumen,501,W Texas Avenue,79084,Stratford,Texas,36,-102.0721514,"Facility Specifications

. Total Space: 20,000 sq ft.
. Colocation Space: 1,639 sq ft.
. Ceiling height: 20'0""
. N+1 HVAC configuration
. Available on-site parking
. Loading dock

Environmental

. Temperature and humidity controlled
. Monitored building management system
. Fire suppression and smoke detection

Power

. DC Power
. Generator and battery backup

Security

. Stringent, multi-layered security control procedures
. Dual authentication system

Network Features

. Diverse fiber connectivity
. NPA-NXX: (806)-396
. Level 3 portfolio of services
. Backhaul services, if needed
. Alternate carrier networks available",,,,
