{"type":"FeatureCollection","features":[{"type":"Feature","id":919,"geometry":{"type":"LineString","coordinates":[[-79.8486,36.3185],[-78.6587529999999,35.8219500000001]]},"properties":{"FID":919,"TYPEPIPE":"Intrastate","Operator":"Cardinal Pipeline Co","Status":"Operating","Shape_Leng":1.28930127818,"Shape__Length":149065.32781084944}},{"type":"Feature","id":1905,"geometry":{"type":"LineString","coordinates":[[-77.55584,36.5463040000001],[-77.5701759999999,36.494336]]},"properties":{"FID":1905,"TYPEPIPE":"Interstate","Operator":"Columbia Gas Trans Co","Status":"Operating","Shape_Leng":0.0539091265001,"Shape__Length":7373.286170258731}},{"type":"Feature","id":3364,"geometry":{"type":"LineString","coordinates":[[-79.7316009999999,36.5419190000001],[-79.712169,36.5224460000001],[-79.6814469999999,36.491659]]},"properties":{"FID":3364,"TYPEPIPE":"Interstate","Operator":"East Tennessee Gas Co","Status":"Operating","Shape_Leng":0.0710034598876,"Shape__Length":8923.850513108526}},{"type":"Feature","id":3368,"geometry":{"type":"LineString","coordinates":[[-111.093369,31.724568],[-111.087526,31.70702],[-111.067927,31.576785],[-111.043601,31.5176440000001],[-111.069798,31.5032580000001],[-111.073541,31.4521090000001],[-111.021146,31.40096],[-110.967331,31.346079]]},"properties":{"FID":3368,"TYPEPIPE":"Interstate","Operator":"El Paso Natural Gas Co","Status":"Operating","Shape_Leng":0.445403420052,"Shape__Length":56094.09830862036}},{"type":"Feature","id":3370,"geometry":{"type":"LineString","coordinates":[[-110.877587,32.0905760000001],[-110.901918,32.0963760000001],[-110.924881,32.1010600000001],[-110.943757,32.1049420000001],[-110.96194,32.108682],[-110.978646,32.1121180000001]]},"properties":{"FID":3370,"TYPEPIPE":"Interstate","Operator":"El Paso Natural Gas Co","Status":"Operating","Shape_Leng":0.103338988419,"Shape__Length":11601.976924052833}},{"type":"Feature","id":3372,"geometry":{"type":"LineString","coordinates":[[-110.819772,32.126631],[-110.878969,32.125567],[-110.899029,32.125207],[-110.919833,32.125002],[-110.924643,32.1445410000001],[-110.947969,32.1588540000001],[-110.974259,32.176929]]},"properties":{"FID":3372,"TYPEPIPE":"Interstate","Operator":"El Paso Natural Gas Co","Status":"Operating","Shape_Leng":0.179468424515,"Shape__Length":20741.849205225524}},{"type":"Feature","id":3374,"geometry":{"type":"LineString","coordinates":[[-110.974259,32.176929],[-111.015082,32.2308380000001]]},"properties":{"FID":3374,"TYPEPIPE":"Interstate","Operator":"El Paso Natural Gas Co","Status":"Operating","Shape_Leng":0.0676217243939,"Shape__Length":8423.239468111553}},{"type":"Feature","id":3376,"geometry":{"type":"LineString","coordinates":[[-113.447182,33.5373040000001],[-113.524675,33.7503110000001],[-113.508497,33.816741],[-113.512906,33.8305950000001],[-113.561693,33.952935]]},"properties":{"FID":3376,"TYPEPIPE":"Interstate","Operator":"El Paso Natural Gas Co","Status":"Operating","Shape_Leng":0.441284459421,"Shape__Length":58040.341631532225}},{"type":"Feature","id":3378,"geometry":{"type":"LineString","coordinates":[[-114.258568,33.2097210000001],[-114.191445,33.4816700000001]]},"properties":{"FID":3378,"TYPEPIPE":"Interstate","Operator":"El Paso Natural Gas Co","Status":"Operating","Shape_Leng":0.280110256381,"Shape__Length":37001.70472416449}},{"type":"Feature","id":3380,"geometry":{"type":"LineString","coordinates":[[-114.288895,33.0238340000001],[-114.258568,33.2097210000001]]},"properties":{"FID":3380,"TYPEPIPE":"Interstate","Operator":"El Paso Natural Gas Co","Status":"Operating","Shape_Leng":0.188344640747,"Shape__Length":24935.752311268086}},{"type":"Feature","id":3382,"geometry":{"type":"LineString","coordinates":[[-113.447182,33.5373040000001],[-113.547319,33.5333640000001],[-113.887687,33.520308],[-114.035347,33.513651]]},"properties":{"FID":3382,"TYPEPIPE":"Interstate","Operator":"El Paso Natural Gas Co","Status":"Operating","Shape_Leng":0.588642777556,"Shape__Length":65550.74513526796}},{"type":"Feature","id":3384,"geometry":{"type":"LineString","coordinates":[[-113.333387,33.482781],[-113.447182,33.5373040000001]]},"properties":{"FID":3384,"TYPEPIPE":"Interstate","Operator":"El Paso Natural Gas Co","Status":"Operating","Shape_Leng":0.126182643632,"Shape__Length":14610.18811682161}},{"type":"Feature","id":3386,"geometry":{"type":"LineString","coordinates":[[-112.946762,33.315459],[-113.10647,33.3848780000001],[-113.202938,33.4268880000001],[-113.232096,33.4395850000001],[-113.296432,33.4676020000001]]},"properties":{"FID":3386,"TYPEPIPE":"Interstate","Operator":"El Paso Natural Gas Co","Status":"Operating","Shape_Leng":0.381335309511,"Shape__Length":43893.52820983949}},{"type":"Feature","id":3388,"geometry":{"type":"LineString","coordinates":[[-112.115677,32.950252],[-112.127772,32.958445],[-112.188947,32.9998870000001]]},"properties":{"FID":3388,"TYPEPIPE":"Interstate","Operator":"El Paso Natural Gas Co","Status":"Operating","Shape_Leng":0.0884993001446,"Shape__Length":10483.635125126975}},{"type":"Feature","id":3390,"geometry":{"type":"LineString","coordinates":[[-111.299047,33.2313090000001],[-111.190791,33.2841020000001],[-111.164004,33.2971670000001],[-111.143047,33.302534],[-111.134615,33.304806],[-111.103962,33.312544]]},"properties":{"FID":3390,"TYPEPIPE":"Interstate","Operator":"El Paso Natural Gas Co","Status":"Operating","Shape_Leng":0.212226745515,"Shape__Length":24393.755498484275}},{"type":"Feature","id":3392,"geometry":{"type":"LineString","coordinates":[[-111.574448,32.9251980000001],[-111.53205,32.9723240000001],[-111.513569,32.992866],[-111.496521,33.0118150000001],[-111.478861,33.0314440000001],[-111.461016,33.0512800000001],[-111.456265,33.05656],[-111.447787,33.0659830000001],[-111.427158,33.088913],[-111.401212,33.1177460000001],[-111.373988,33.1477780000001],[-111.311262,33.2177320000001],[-111.299047,33.2313090000001]]},"properties":{"FID":3392,"TYPEPIPE":"Interstate","Operator":"El Paso Natural Gas Co","Status":"Operating","Shape_Leng":0.411764493197,"Shape__Length":50928.56345845066}},{"type":"Feature","id":3394,"geometry":{"type":"LineString","coordinates":[[-110.978646,32.1121180000001],[-110.984592,32.1142610000001],[-110.99959,32.119667],[-111.017466,32.12611],[-111.054721,32.1395380000001],[-111.076484,32.1477850000001],[-111.088044,32.152165],[-111.116887,32.1619450000001]]},"properties":{"FID":3394,"TYPEPIPE":"Interstate","Operator":"El Paso Natural Gas Co","Status":"Operating","Shape_Leng":0.146956832669,"Shape__Length":16726.501322556873}},{"type":"Feature","id":3396,"geometry":{"type":"LineString","coordinates":[[-112.187583,32.6103130000001],[-112.056308,32.658397],[-111.973831,32.688607]]},"properties":{"FID":3396,"TYPEPIPE":"Interstate","Operator":"El Paso Natural Gas Co","Status":"Operating","Shape_Leng":0.227639776709,"Shape__Length":25948.794594524494}},{"type":"Feature","id":3398,"geometry":{"type":"LineString","coordinates":[[-112.328537,32.5067520000001],[-112.187583,32.6103130000001]]},"properties":{"FID":3398,"TYPEPIPE":"Interstate","Operator":"El Paso Natural Gas Co","Status":"Operating","Shape_Leng":0.174908292648,"Shape__Length":20815.662259162462}},{"type":"Feature","id":3400,"geometry":{"type":"LineString","coordinates":[[-112.604476,32.4750970000001],[-112.328537,32.5067520000001]]},"properties":{"FID":3400,"TYPEPIPE":"Interstate","Operator":"El Paso Natural Gas Co","Status":"Operating","Shape_Leng":0.277748754715,"Shape__Length":31000.184290512792}},{"type":"Feature","id":3402,"geometry":{"type":"LineString","coordinates":[[-111.836533,32.819492],[-111.9757,32.884682],[-111.98885,32.8908420000001],[-111.998349,32.895292],[-112.00506,32.8984360000001],[-112.014174,32.902705],[-112.034036,32.9120090000001],[-112.062897,32.925529],[-112.080469,32.9337600000001],[-112.107676,32.946504],[-112.115677,32.950252]]},"properties":{"FID":3402,"TYPEPIPE":"Interstate","Operator":"El Paso Natural Gas Co","Status":"Operating","Shape_Leng":0.308252413378,"Shape__Length":35581.71653180818}},{"type":"Feature","id":3404,"geometry":{"type":"LineString","coordinates":[[-111.515297,32.5097430000001],[-111.561978,32.5547550000001],[-111.596953,32.5884790000001],[-111.615088,32.605966],[-111.634635,32.6248140000001],[-111.664653,32.653783],[-111.691715,32.6798660000001],[-111.711316,32.701574],[-111.728282,32.7169450000001],[-111.738669,32.7301640000001],[-111.784337,32.769163],[-111.79509,32.77982],[-111.836533,32.819492]]},"properties":{"FID":3404,"TYPEPIPE":"Interstate","Operator":"El Paso Natural Gas Co","Status":"Operating","Shape_Leng":0.446598919212,"Shape__Length":54414.49339340835}},{"type":"Feature","id":3406,"geometry":{"type":"LineString","coordinates":[[-111.332833,32.875729],[-111.656914,32.924923]]},"properties":{"FID":3406,"TYPEPIPE":"Interstate","Operator":"El Paso Natural Gas Co","Status":"Operating","Shape_Leng":0.327793447459,"Shape__Length":36661.3808229091}},{"type":"Feature","id":3408,"geometry":{"type":"LineString","coordinates":[[-111.015082,32.2308380000001],[-111.073307,32.305798]]},"properties":{"FID":3408,"TYPEPIPE":"Interstate","Operator":"El Paso Natural Gas Co","Status":"Operating","Shape_Leng":0.0949165540093,"Shape__Length":11806.826443677883}},{"type":"Feature","id":3410,"geometry":{"type":"LineString","coordinates":[[-110.687203,32.8336340000001],[-110.784818,33.032026],[-110.787043,33.036548],[-110.788488,33.039854],[-110.795144,33.0402540000001]]},"properties":{"FID":3410,"TYPEPIPE":"Interstate","Operator":"El Paso Natural Gas Co","Status":"Operating","Shape_Leng":0.236422237215,"Shape__Length":30328.606160371048}},{"type":"Feature","id":3412,"geometry":{"type":"LineString","coordinates":[[-110.64727,32.7552680000001],[-110.658489,32.7772860000001],[-110.687203,32.8336340000001]]},"properties":{"FID":3412,"TYPEPIPE":"Interstate","Operator":"El Paso Natural Gas Co","Status":"Operating","Shape_Leng":0.0879538199685,"Shape__Length":11289.678799474783}},{"type":"Feature","id":3414,"geometry":{"type":"LineString","coordinates":[[-110.702935,32.6666670000001],[-110.64727,32.7552680000001]]},"properties":{"FID":3414,"TYPEPIPE":"Interstate","Operator":"El Paso Natural Gas Co","Status":"Operating","Shape_Leng":0.104636176469,"Shape__Length":13259.122393423684}},{"type":"Feature","id":3416,"geometry":{"type":"LineString","coordinates":[[-110.702935,32.6666670000001],[-110.692101,32.666458],[-110.620603,32.665075]]},"properties":{"FID":3416,"TYPEPIPE":"Interstate","Operator":"El Paso Natural Gas Co","Status":"Operating","Shape_Leng":0.0823473903053,"Shape__Length":9167.57372677535}},{"type":"Feature","id":3418,"geometry":{"type":"LineString","coordinates":[[-110.779786,32.692466],[-110.702935,32.6666670000001]]},"properties":{"FID":3418,"TYPEPIPE":"Interstate","Operator":"El Paso Natural Gas Co","Status":"Operating","Shape_Leng":0.081065804147,"Shape__Length":9210.338365758571}},{"type":"Feature","id":3420,"geometry":{"type":"LineString","coordinates":[[-110.999816,32.642342],[-110.932936,32.6575780000001],[-110.810064,32.685569],[-110.779786,32.692466]]},"properties":{"FID":3420,"TYPEPIPE":"Interstate","Operator":"El Paso Natural Gas Co","Status":"Operating","Shape_Leng":0.225667047391,"Shape__Length":25374.62244085568}},{"type":"Feature","id":3422,"geometry":{"type":"LineString","coordinates":[[-111.378367,32.3669350000001],[-111.388398,32.377396],[-111.515297,32.5097430000001]]},"properties":{"FID":3422,"TYPEPIPE":"Interstate","Operator":"El Paso Natural Gas Co","Status":"Operating","Shape_Leng":0.197848299883,"Shape__Length":24231.33205060262}},{"type":"Feature","id":3424,"geometry":{"type":"LineString","coordinates":[[-110.451281,31.972762],[-110.584938,31.9827460000001]]},"properties":{"FID":3424,"TYPEPIPE":"Interstate","Operator":"El Paso Natural Gas Co","Status":"Operating","Shape_Leng":0.134029377022,"Shape__Length":14936.208630467905}},{"type":"Feature","id":3426,"geometry":{"type":"LineString","coordinates":[[-110.584938,31.9827460000001],[-110.832758,32.074058],[-110.853152,32.081573],[-110.877587,32.0905760000001]]},"properties":{"FID":3426,"TYPEPIPE":"Interstate","Operator":"El Paso Natural Gas Co","Status":"Operating","Shape_Leng":0.311882583847,"Shape__Length":35521.858820728055}},{"type":"Feature","id":3428,"geometry":{"type":"LineString","coordinates":[[-110.785041864,31.4961304020001],[-110.759656034,31.53218693],[-110.73915424,31.5440274900001],[-110.714965262,31.630073079],[-110.682352,31.641985],[-110.675004,31.647929],[-110.669492,31.6605990000001],[-110.661593,31.6882860000001],[-110.661777,31.707213],[-110.657082,31.7325750000001]]},"properties":{"FID":3428,"TYPEPIPE":"Interstate","Operator":"El Paso Natural Gas Co","Status":"Operating","Shape_Leng":0.288654247025,"Shape__Length":36219.30469435498}},{"type":"Feature","id":3430,"geometry":{"type":"LineString","coordinates":[[-110.657082,31.7325750000001],[-110.647305,31.7664780000001],[-110.584938,31.9827460000001]]},"properties":{"FID":3430,"TYPEPIPE":"Interstate","Operator":"El Paso Natural Gas Co","Status":"Operating","Shape_Leng":0.260365677418,"Shape__Length":33757.30574998322}},{"type":"Feature","id":3432,"geometry":{"type":"LineString","coordinates":[[-110.325076804,31.6460414160001],[-110.269932436,31.7724197260001],[-110.243985,31.876175]]},"properties":{"FID":3432,"TYPEPIPE":"Interstate","Operator":"El Paso Natural Gas Co","Status":"Operating","Shape_Leng":0.244835960825,"Shape__Length":31536.50069654111}},{"type":"Feature","id":3434,"geometry":{"type":"LineString","coordinates":[[-110.464892466,31.622378187],[-110.325076804,31.6460414160001]]},"properties":{"FID":3434,"TYPEPIPE":"Interstate","Operator":"El Paso Natural Gas Co","Status":"Operating","Shape_Leng":0.141803976486,"Shape__Length":15868.733973738155}},{"type":"Feature","id":3436,"geometry":{"type":"LineString","coordinates":[[-110.67482,31.648085],[-110.464892466,31.622378187]]},"properties":{"FID":3436,"TYPEPIPE":"Interstate","Operator":"El Paso Natural Gas Co","Status":"Operating","Shape_Leng":0.21149564952,"Shape__Length":23609.4998800101}},{"type":"Feature","id":3439,"geometry":{"type":"LineString","coordinates":[[-110.924522048,31.3599747150001],[-110.873996116,31.417527996],[-110.828780611,31.460357602],[-110.785041864,31.4961304020001]]},"properties":{"FID":3439,"TYPEPIPE":"Interstate","Operator":"El Paso Natural Gas Co","Status":"Operating","Shape_Leng":0.195369681862,"Shape__Length":23645.70656783422}},{"type":"Feature","id":3441,"geometry":{"type":"LineString","coordinates":[[-110.721817,33.367103],[-110.738858,33.3714370000001],[-110.750052,33.374284],[-110.794319,33.385543]]},"properties":{"FID":3441,"TYPEPIPE":"Interstate","Operator":"El Paso Natural Gas Co","Status":"Operating","Shape_Leng":0.0748102506627,"Shape__Length":8436.921573909462}},{"type":"Feature","id":3443,"geometry":{"type":"LineString","coordinates":[[-110.442467,33.2772370000001],[-110.495428,33.294274],[-110.506071,33.297698],[-110.644194,33.3421310000001],[-110.655219,33.3456780000001],[-110.680332,33.353757],[-110.697866,33.3593980000001],[-110.721817,33.367103]]},"properties":{"FID":3443,"TYPEPIPE":"Interstate","Operator":"El Paso Natural Gas Co","Status":"Operating","Shape_Leng":0.293449008284,"Shape__Length":33322.08284162961}},{"type":"Feature","id":3445,"geometry":{"type":"LineString","coordinates":[[-110.089898,33.1102670000001],[-110.203457,33.164047],[-110.442467,33.2772370000001]]},"properties":{"FID":3445,"TYPEPIPE":"Interstate","Operator":"El Paso Natural Gas Co","Status":"Operating","Shape_Leng":0.390107524488,"Shape__Length":45096.9621964136}},{"type":"Feature","id":3447,"geometry":{"type":"LineString","coordinates":[[-109.92421,32.953564],[-109.970899,32.9977210000001],[-110.03042,33.054015],[-110.089898,33.1102670000001]]},"properties":{"FID":3447,"TYPEPIPE":"Interstate","Operator":"El Paso Natural Gas Co","Status":"Operating","Shape_Leng":0.228053378739,"Shape__Length":27805.283718391453}},{"type":"Feature","id":3449,"geometry":{"type":"LineString","coordinates":[[-109.716607,32.7989160000001],[-109.772227,32.840348],[-109.792869,32.8557250000001],[-109.814925,32.8721550000001],[-109.844924,32.894502],[-109.876503,32.9180260000001],[-109.902265,32.937216],[-109.92421,32.953564]]},"properties":{"FID":3449,"TYPEPIPE":"Interstate","Operator":"El Paso Natural Gas Co","Status":"Operating","Shape_Leng":0.258872573904,"Shape__Length":30891.132690924453}},{"type":"Feature","id":3451,"geometry":{"type":"LineString","coordinates":[[-109.214196,32.7141500000001],[-109.531332,32.767657],[-109.568245,32.7738850000001],[-109.617045,32.782118],[-109.660667,32.789478],[-109.671292,32.791271],[-109.689338,32.794315],[-109.716607,32.7989160000001]]},"properties":{"FID":3451,"TYPEPIPE":"Interstate","Operator":"El Paso Natural Gas Co","Status":"Operating","Shape_Leng":0.509511616845,"Shape__Length":57042.563566162644}},{"type":"Feature","id":3453,"geometry":{"type":"LineString","coordinates":[[-109.271027,33.024818],[-109.298241,33.03977],[-109.335239,33.060098],[-109.348603,33.06744]]},"properties":{"FID":3453,"TYPEPIPE":"Interstate","Operator":"El Paso Natural Gas Co","Status":"Operating","Shape_Leng":0.0885136749965,"Shape__Length":10325.448522231432}},{"type":"Feature","id":3455,"geometry":{"type":"LineString","coordinates":[[-109.180603,32.937683],[-109.193419,32.9500330000001],[-109.227335,32.982715],[-109.256179,33.0105100000001],[-109.271027,33.024818]]},"properties":{"FID":3455,"TYPEPIPE":"Interstate","Operator":"El Paso Natural Gas Co","Status":"Operating","Shape_Leng":0.125574710835,"Shape__Length":15330.766146769285}},{"type":"Feature","id":3457,"geometry":{"type":"LineString","coordinates":[[-109.128205,32.726798],[-109.141263,32.7793510000001],[-109.173539,32.909253],[-109.175139,32.915691],[-109.180603,32.937683]]},"properties":{"FID":3457,"TYPEPIPE":"Interstate","Operator":"El Paso Natural Gas Co","Status":"Operating","Shape_Leng":0.217297109126,"Shape__Length":28540.878352536973}},{"type":"Feature","id":3459,"geometry":{"type":"LineString","coordinates":[[-109.097031,32.64653],[-109.104282,32.6652],[-109.109849,32.679535],[-109.116292,32.696123],[-109.128205,32.726798]]},"properties":{"FID":3459,"TYPEPIPE":"Interstate","Operator":"El Paso Natural Gas Co","Status":"Operating","Shape_Leng":0.0861090593531,"Shape__Length":11169.463585606372}},{"type":"Feature","id":3460,"geometry":{"type":"LineString","coordinates":[[-109.047168,32.6114240000001],[-109.075552,32.631398],[-109.097031,32.64653]]},"properties":{"FID":3460,"TYPEPIPE":"Interstate","Operator":"El Paso Natural Gas Co","Status":"Operating","Shape_Leng":0.0609815567455,"Shape__Length":7234.852539958417}},{"type":"Feature","id":3463,"geometry":{"type":"LineString","coordinates":[[-110.435013,32.3961340000001],[-110.649369,32.574256]]},"properties":{"FID":3463,"TYPEPIPE":"Interstate","Operator":"El Paso Natural Gas Co","Status":"Operating","Shape_Leng":0.278704039476,"Shape__Length":33495.54876605275}},{"type":"Feature","id":3465,"geometry":{"type":"LineString","coordinates":[[-110.345531,32.370531],[-110.435013,32.3961340000001]]},"properties":{"FID":3465,"TYPEPIPE":"Interstate","Operator":"El Paso Natural Gas Co","Status":"Operating","Shape_Leng":0.0930727776152,"Shape__Length":10517.30928959986}},{"type":"Feature","id":3467,"geometry":{"type":"LineString","coordinates":[[-111.790727,32.985187],[-111.793335,33.0162740000001]]},"properties":{"FID":3467,"TYPEPIPE":"Interstate","Operator":"El Paso Natural Gas Co","Status":"Operating","Shape_Leng":0.0311962054263,"Shape__Length":4136.514240372273}},{"type":"Feature","id":3469,"geometry":{"type":"LineString","coordinates":[[-111.793335,33.0162740000001],[-111.899307,33.196756],[-111.904118,33.204885]]},"properties":{"FID":3469,"TYPEPIPE":"Interstate","Operator":"El Paso Natural Gas Co","Status":"Operating","Shape_Leng":0.218739585265,"Shape__Length":27935.86322908122}},{"type":"Feature","id":3471,"geometry":{"type":"LineString","coordinates":[[-111.973831,32.688607],[-111.840028,32.7568880000001],[-111.79509,32.77982],[-111.773728,32.7907220000001]]},"properties":{"FID":3471,"TYPEPIPE":"Interstate","Operator":"El Paso Natural Gas Co","Status":"Operating","Shape_Leng":0.224652362192,"Shape__Length":26054.343500709554}},{"type":"Feature","id":3473,"geometry":{"type":"LineString","coordinates":[[-109.563103,31.4641100000001],[-109.577025,31.4741480000001],[-109.663155,31.524661],[-109.696363,31.5446390000001],[-109.759238927,31.562455695],[-109.806114611,31.58418268],[-109.845322359,31.6137986040001],[-109.870998872,31.627453314],[-109.925644161,31.656513551],[-110.025000941,31.715508976],[-110.117722825,31.7808064700001],[-110.181936718,31.820096468],[-110.243985,31.876175]]},"properties":{"FID":3473,"TYPEPIPE":"Interstate","Operator":"El Paso Natural Gas Co","Status":"Operating","Shape_Leng":0.800768231032,"Shape__Length":93665.81528700198}},{"type":"Feature","id":3475,"geometry":{"type":"LineString","coordinates":[[-111.773728,32.7907220000001],[-111.758603,32.800928],[-111.711349,32.832816],[-111.574448,32.9251980000001]]},"properties":{"FID":3475,"TYPEPIPE":"Interstate","Operator":"El Paso Natural Gas Co","Status":"Operating","Shape_Leng":0.240408637489,"Shape__Length":28455.22878912099}},{"type":"Feature","id":3479,"geometry":{"type":"LineString","coordinates":[[-109.047419,32.2153870000001],[-109.081788,32.2156800000001]]},"properties":{"FID":3479,"TYPEPIPE":"Interstate","Operator":"El Paso Natural Gas Co","Status":"Operating","Shape_Leng":0.034370248908,"Shape__Length":3826.133805284187}},{"type":"Feature","id":3481,"geometry":{"type":"LineString","coordinates":[[-109.668702,32.4223670000001],[-109.680813,32.517568],[-109.690426,32.593129],[-109.697207,32.6464270000001],[-109.716607,32.7989160000001]]},"properties":{"FID":3481,"TYPEPIPE":"Interstate","Operator":"El Paso Natural Gas Co","Status":"Operating","Shape_Leng":0.379584033421,"Shape__Length":50047.21626726241}},{"type":"Feature","id":3483,"geometry":{"type":"LineString","coordinates":[[-109.6847,32.1049350000001],[-109.757207,32.2986050000001]]},"properties":{"FID":3483,"TYPEPIPE":"Interstate","Operator":"El Paso Natural Gas Co","Status":"Operating","Shape_Leng":0.206797809343,"Shape__Length":26726.376386070748}},{"type":"Feature","id":3485,"geometry":{"type":"LineString","coordinates":[[-109.623474,32.1165280000001],[-109.6847,32.1049350000001]]},"properties":{"FID":3485,"TYPEPIPE":"Interstate","Operator":"El Paso Natural Gas Co","Status":"Operating","Shape_Leng":0.0623138887007,"Shape__Length":6983.868253536637}},{"type":"Feature","id":3487,"geometry":{"type":"LineString","coordinates":[[-110.350426,31.972744],[-110.451281,31.972762]]},"properties":{"FID":3487,"TYPEPIPE":"Interstate","Operator":"El Paso Natural Gas Co","Status":"Operating","Shape_Leng":0.100855001606,"Shape__Length":11227.127492431917}},{"type":"Feature","id":3489,"geometry":{"type":"LineString","coordinates":[[-110.245484,31.989405],[-110.350426,31.972744]]},"properties":{"FID":3489,"TYPEPIPE":"Interstate","Operator":"El Paso Natural Gas Co","Status":"Operating","Shape_Leng":0.10625635174,"Shape__Length":11884.960616111906}},{"type":"Feature","id":3491,"geometry":{"type":"LineString","coordinates":[[-110.243985,31.876175],[-110.295453,31.9008030000001],[-110.408947,31.9450820000001],[-110.448394,31.9499670000001],[-110.451281,31.972762]]},"properties":{"FID":3491,"TYPEPIPE":"Interstate","Operator":"El Paso Natural Gas Co","Status":"Operating","Shape_Leng":0.241608113771,"Shape__Length":27927.40422655805}},{"type":"Feature","id":3493,"geometry":{"type":"LineString","coordinates":[[-110.451281,31.972762],[-110.458016,31.9914870000001],[-110.516027,32.0084230000001],[-110.574039,32.025359],[-110.643127,32.045529],[-110.709118,32.0647940000001],[-110.758197,32.091623],[-110.798835,32.1147270000001],[-110.819772,32.126631]]},"properties":{"FID":3493,"TYPEPIPE":"Interstate","Operator":"El Paso Natural Gas Co","Status":"Operating","Shape_Leng":0.408247737399,"Shape__Length":46889.92310445572}},{"type":"Feature","id":3495,"geometry":{"type":"LineString","coordinates":[[-109.6847,32.1049350000001],[-109.725021,32.0966280000001],[-109.765466,32.0882960000001],[-109.838017,32.0733490000001],[-109.981603,32.0437680000001],[-110.038987,32.0319460000001],[-110.245484,31.989405]]},"properties":{"FID":3495,"TYPEPIPE":"Interstate","Operator":"El Paso Natural Gas Co","Status":"Operating","Shape_Leng":0.57256080512,"Shape__Length":64243.65131763896}},{"type":"Feature","id":3497,"geometry":{"type":"LineString","coordinates":[[-110.758903,32.624127],[-110.799125,32.6395180000001]]},"properties":{"FID":3497,"TYPEPIPE":"Interstate","Operator":"El Paso Natural Gas Co","Status":"Operating","Shape_Leng":0.0430661371033,"Shape__Length":4918.020608823359}},{"type":"Feature","id":3499,"geometry":{"type":"LineString","coordinates":[[-110.649369,32.574256],[-110.650002,32.5745440000001],[-110.758903,32.624127]]},"properties":{"FID":3499,"TYPEPIPE":"Interstate","Operator":"El Paso Natural Gas Co","Status":"Operating","Shape_Leng":0.120352872019,"Shape__Length":13860.044501056125}},{"type":"Feature","id":3501,"geometry":{"type":"LineString","coordinates":[[-112.304787,33.4797100000001],[-112.303893,33.492844],[-112.302908,33.500683],[-112.297271,33.550286],[-112.295645,33.564597],[-112.290093,33.6243630000001],[-112.286751,33.660336],[-112.28276,33.6817360000001]]},"properties":{"FID":3501,"TYPEPIPE":"Interstate","Operator":"El Paso Natural Gas Co","Status":"Operating","Shape_Leng":0.203310584807,"Shape__Length":27113.936980566064}},{"type":"Feature","id":3503,"geometry":{"type":"LineString","coordinates":[[-110.890473,32.9261320000001],[-110.91773,33.006379],[-110.942672,33.0798110000001]]},"properties":{"FID":3503,"TYPEPIPE":"Interstate","Operator":"El Paso Natural Gas Co","Status":"Operating","Shape_Leng":0.16230209685,"Shape__Length":21210.488716896583}},{"type":"Feature","id":3505,"geometry":{"type":"LineString","coordinates":[[-110.932936,32.6575780000001],[-110.890922,32.885495]]},"properties":{"FID":3505,"TYPEPIPE":"Interstate","Operator":"El Paso Natural Gas Co","Status":"Operating","Shape_Leng":0.231757060486,"Shape__Length":30534.62202217541}},{"type":"Feature","id":3507,"geometry":{"type":"LineString","coordinates":[[-110.799125,32.6395180000001],[-110.910171,32.6666670000001]]},"properties":{"FID":3507,"TYPEPIPE":"Interstate","Operator":"El Paso Natural Gas Co","Status":"Operating","Shape_Leng":0.11431658811,"Shape__Length":12872.197668607729}},{"type":"Feature","id":3509,"geometry":{"type":"LineString","coordinates":[[-111.142113,32.7586180000001],[-110.890473,32.9261320000001]]},"properties":{"FID":3509,"TYPEPIPE":"Interstate","Operator":"El Paso Natural Gas Co","Status":"Operating","Shape_Leng":0.302297254033,"Shape__Length":35739.61777697821}},{"type":"Feature","id":3511,"geometry":{"type":"LineString","coordinates":[[-111.354087,32.5930710000001],[-111.194291,32.7178680000001],[-111.142113,32.7586180000001]]},"properties":{"FID":3511,"TYPEPIPE":"Interstate","Operator":"El Paso Natural Gas Co","Status":"Operating","Shape_Leng":0.268958706654,"Shape__Length":32189.083322473696}},{"type":"Feature","id":3513,"geometry":{"type":"LineString","coordinates":[[-111.354087,32.5930710000001],[-111.359172,32.5974570000001],[-111.384415,32.618996],[-111.464045,32.6870660000001],[-111.495164,32.713667],[-111.524038,32.73835],[-111.532642,32.745778],[-111.548987,32.759712],[-111.563625,32.7721910000001],[-111.577258,32.783845],[-111.598347,32.801952],[-111.631916,32.830569],[-111.686947,32.884147],[-111.790727,32.985187]]},"properties":{"FID":3513,"TYPEPIPE":"Interstate","Operator":"El Paso Natural Gas Co","Status":"Operating","Shape_Leng":0.587153437299,"Shape__Length":71160.43425881627}},{"type":"Feature","id":3515,"geometry":{"type":"LineString","coordinates":[[-112.267606,33.703835],[-112.255235,33.7311700000001],[-112.243833,33.7563650000001],[-112.229664,33.787672],[-112.221122,33.8065480000001],[-112.207107,33.837516],[-112.190986,33.873138]]},"properties":{"FID":3515,"TYPEPIPE":"Interstate","Operator":"El Paso Natural Gas Co","Status":"Operating","Shape_Leng":0.185833608946,"Shape__Length":24227.949042418084}},{"type":"Feature","id":3517,"geometry":{"type":"LineString","coordinates":[[-110.331726,35.39756],[-110.343133,35.394149],[-110.427568,35.368902],[-110.454474,35.3608570000001],[-110.468041,35.3568000000001]]},"properties":{"FID":3517,"TYPEPIPE":"Interstate","Operator":"El Paso Natural Gas Co","Status":"Operating","Shape_Leng":0.142278448215,"Shape__Length":16162.73441083835}},{"type":"Feature","id":3519,"geometry":{"type":"LineString","coordinates":[[-113.332195,35.199355],[-113.619996,35.1556860000001]]},"properties":{"FID":3519,"TYPEPIPE":"Interstate","Operator":"El Paso Natural Gas Co","Status":"Operating","Shape_Leng":0.291095168565,"Shape__Length":32585.20801522729}},{"type":"Feature","id":3521,"geometry":{"type":"LineString","coordinates":[[-112.071823,35.3059470000001],[-112.192566,35.282069],[-112.398129,35.236797]]},"properties":{"FID":3521,"TYPEPIPE":"Interstate","Operator":"El Paso Natural Gas Co","Status":"Operating","Shape_Leng":0.333570594008,"Shape__Length":37530.8414265101}},{"type":"Feature","id":3523,"geometry":{"type":"LineString","coordinates":[[-111.689766,35.246586],[-111.716642,35.2507620000001],[-111.894237,35.278356],[-112.071823,35.3059470000001]]},"properties":{"FID":3523,"TYPEPIPE":"Interstate","Operator":"El Paso Natural Gas Co","Status":"Operating","Shape_Leng":0.386641021586,"Shape__Length":43293.79366146278}},{"type":"Feature","id":3524,"geometry":{"type":"LineString","coordinates":[[-111.112473,35.309155],[-111.419378,35.2758920000001],[-111.552511,35.2539150000001],[-111.599542,35.246152],[-111.630715,35.2463020000001],[-111.680407,35.246541],[-111.689766,35.246586]]},"properties":{"FID":3524,"TYPEPIPE":"Interstate","Operator":"El Paso Natural Gas Co","Status":"Operating","Shape_Leng":0.581529458349,"Shape__Length":64969.7517765689}},{"type":"Feature","id":3527,"geometry":{"type":"LineString","coordinates":[[-110.734383,35.321846],[-111.013102,35.312081],[-111.112473,35.309155]]},"properties":{"FID":3527,"TYPEPIPE":"Interstate","Operator":"El Paso Natural Gas Co","Status":"Operating","Shape_Leng":0.378304076335,"Shape__Length":42124.57272825758}},{"type":"Feature","id":3529,"geometry":{"type":"LineString","coordinates":[[-110.468041,35.3568000000001],[-110.734383,35.321846]]},"properties":{"FID":3529,"TYPEPIPE":"Interstate","Operator":"El Paso Natural Gas Co","Status":"Operating","Shape_Leng":0.268625842167,"Shape__Length":30030.303912891697}},{"type":"Feature","id":3531,"geometry":{"type":"LineString","coordinates":[[-109.832589,35.535305],[-109.886145,35.5215650000001],[-110.085562,35.465493],[-110.331726,35.39756]]},"properties":{"FID":3531,"TYPEPIPE":"Interstate","Operator":"El Paso Natural Gas Co","Status":"Operating","Shape_Leng":0.517806283485,"Shape__Length":58668.47126759801}},{"type":"Feature","id":3533,"geometry":{"type":"LineString","coordinates":[[-112.375229,34.8125830000001],[-112.368568,35.0144960000001]]},"properties":{"FID":3533,"TYPEPIPE":"Interstate","Operator":"El Paso Natural Gas Co","Status":"Operating","Shape_Leng":0.202022841506,"Shape__Length":27420.294625330538}},{"type":"Feature","id":3535,"geometry":{"type":"LineString","coordinates":[[-112.260376,34.4724390000001],[-112.274012,34.516195],[-112.279245,34.532986],[-112.292256,34.566854],[-112.296785,34.580267],[-112.365117,34.782636],[-112.375229,34.8125830000001]]},"properties":{"FID":3535,"TYPEPIPE":"Interstate","Operator":"El Paso Natural Gas Co","Status":"Operating","Shape_Leng":0.359059624361,"Shape__Length":47771.678298378334}},{"type":"Feature","id":3537,"geometry":{"type":"LineString","coordinates":[[-112.105393,34.243409],[-112.157683,34.320683],[-112.184462,34.362107],[-112.228547,34.4293680000001],[-112.260376,34.4724390000001]]},"properties":{"FID":3537,"TYPEPIPE":"Interstate","Operator":"El Paso Natural Gas Co","Status":"Operating","Shape_Leng":0.276605929654,"Shape__Length":35383.10593751607}},{"type":"Feature","id":3539,"geometry":{"type":"LineString","coordinates":[[-112.139145,34.0526320000001],[-112.133595,34.0839990000001],[-112.122385,34.147363],[-112.105393,34.243409]]},"properties":{"FID":3539,"TYPEPIPE":"Interstate","Operator":"El Paso Natural Gas Co","Status":"Operating","Shape_Leng":0.193739673881,"Shape__Length":25935.117550051156}},{"type":"Feature","id":3541,"geometry":{"type":"LineString","coordinates":[[-112.190986,33.873138],[-112.177086,33.9247930000001],[-112.139145,34.0526320000001]]},"properties":{"FID":3541,"TYPEPIPE":"Interstate","Operator":"El Paso Natural Gas Co","Status":"Operating","Shape_Leng":0.18684291456,"Shape__Length":24773.88692564103}},{"type":"Feature","id":3543,"geometry":{"type":"LineString","coordinates":[[-113.561693,33.952935],[-113.598624,34.033869],[-113.613712,34.063473],[-113.674397,34.151691],[-113.680901,34.1605950000001],[-113.689703,34.165372],[-113.701948,34.1739860000001],[-113.719647,34.1854970000001],[-113.737212,34.1977170000001],[-113.745658,34.2082140000001],[-113.757859,34.21743],[-113.772622,34.221385]]},"properties":{"FID":3543,"TYPEPIPE":"Interstate","Operator":"El Paso Natural Gas Co","Status":"Operating","Shape_Leng":0.351834380302,"Shape__Length":44271.19927485983}},{"type":"Feature","id":3545,"geometry":{"type":"LineString","coordinates":[[-109.756159,35.5579440000001],[-109.832589,35.535305]]},"properties":{"FID":3545,"TYPEPIPE":"Interstate","Operator":"El Paso Natural Gas Co","Status":"Operating","Shape_Leng":0.0797124157268,"Shape__Length":9054.411475443316}},{"type":"Feature","id":3547,"geometry":{"type":"LineString","coordinates":[[-109.045665,35.6074130000001],[-109.082319,35.6086310000001],[-109.10759,35.60947]]},"properties":{"FID":3547,"TYPEPIPE":"Interstate","Operator":"El Paso Natural Gas Co","Status":"Operating","Shape_Leng":0.061959154891,"Shape__Length":6899.210762189787}},{"type":"Feature","id":3549,"geometry":{"type":"LineString","coordinates":[[-114.526817,34.895096],[-114.537766,34.912249],[-114.53933,34.925305],[-114.549823,34.9433100000001],[-114.550905,34.948602],[-114.558726,34.9585870000001],[-114.559851,34.9665370000001],[-114.567799,34.9747160000001],[-114.574368,34.9882840000001],[-114.58563,35.002365],[-114.583999,35.016222],[-114.591574,35.0318070000001],[-114.588446,35.0725130000001],[-114.595641,35.082753],[-114.599395,35.0863370000001],[-114.598862,35.0961110000001]]},"properties":{"FID":3549,"TYPEPIPE":"Interstate","Operator":"El Paso Natural Gas Co","Status":"Operating","Shape_Leng":0.22456316441,"Shape__Length":29535.53981466259}},{"type":"Feature","id":3551,"geometry":{"type":"LineString","coordinates":[[-114.507734,34.805235],[-114.525253,34.8566940000001],[-114.521186,34.862326],[-114.521186,34.876407],[-114.527442,34.8966320000001]]},"properties":{"FID":3551,"TYPEPIPE":"Interstate","Operator":"El Paso Natural Gas Co","Status":"Operating","Shape_Leng":0.0965577874173,"Shape__Length":12876.352388476384}},{"type":"Feature","id":3553,"geometry":{"type":"LineString","coordinates":[[-114.48083,34.736368],[-114.487163,34.7309230000001],[-114.492623,34.726228]]},"properties":{"FID":3553,"TYPEPIPE":"Interstate","Operator":"El Paso Natural Gas Co","Status":"Operating","Shape_Leng":0.0155529562859,"Shape__Length":1899.9724640715704}},{"type":"Feature","id":3555,"geometry":{"type":"LineString","coordinates":[[-113.619996,35.1556860000001],[-113.699838,35.1666200000001],[-113.923412,35.197238]]},"properties":{"FID":3555,"TYPEPIPE":"Interstate","Operator":"El Paso Natural Gas Co","Status":"Operating","Shape_Leng":0.306248000418,"Shape__Length":34246.89756010086}},{"type":"Feature","id":3557,"geometry":{"type":"LineString","coordinates":[[-114.488098,34.759423],[-114.501381,34.796161],[-114.504292,34.8042110000001],[-114.507734,34.805235]]},"properties":{"FID":3557,"TYPEPIPE":"Interstate","Operator":"El Paso Natural Gas Co","Status":"Operating","Shape_Leng":0.0512168261943,"Shape__Length":6739.923732913643}},{"type":"Feature","id":3585,"geometry":{"type":"LineString","coordinates":[[-112.808235,32.376015],[-112.604476,32.4750970000001]]},"properties":{"FID":3585,"TYPEPIPE":"Interstate","Operator":"El Paso Natural Gas Co","Status":"Operating","Shape_Leng":0.226572224258,"Shape__Length":26177.031830566975}},{"type":"Feature","id":3588,"geometry":{"type":"LineString","coordinates":[[-109.097031,32.64653],[-109.214196,32.7141500000001]]},"properties":{"FID":3588,"TYPEPIPE":"Interstate","Operator":"El Paso Natural Gas Co","Status":"Operating","Shape_Leng":0.135277868201,"Shape__Length":15814.342490275301}},{"type":"Feature","id":3768,"geometry":{"type":"LineString","coordinates":[[-113.772622,34.221385],[-113.993698,34.1185570000001]]},"properties":{"FID":3768,"TYPEPIPE":"Interstate","Operator":"El Paso Natural Gas Co","Status":"Operating","Shape_Leng":0.24382000607,"Shape__Length":28232.31576215591}},{"type":"Feature","id":3770,"geometry":{"type":"LineString","coordinates":[[-114.488098,34.759423],[-114.48083,34.736368]]},"properties":{"FID":3770,"TYPEPIPE":"Interstate","Operator":"El Paso Natural Gas Co","Status":"Operating","Shape_Leng":0.024173474078,"Shape__Length":3226.574096022054}},{"type":"Feature","id":3825,"geometry":{"type":"LineString","coordinates":[[-113.772622,34.221385],[-113.775574,34.2224420000001],[-113.777763,34.232967],[-113.782886,34.238167],[-113.785084,34.239558],[-113.78883,34.2453360000001],[-113.791755,34.250912],[-113.790504,34.2555820000001],[-113.797161,34.268692],[-113.799858,34.2832260000001],[-113.819115,34.3010560000001],[-113.817929,34.3095930000001],[-113.840347,34.3537450000001],[-113.845767,34.3584930000001],[-113.852336,34.3771820000001],[-113.857968,34.390495],[-113.866727,34.4020150000001],[-113.867666,34.445025],[-113.883584,34.4625620000001],[-113.883933,34.462946],[-113.91991,34.4985320000001]]},"properties":{"FID":3825,"TYPEPIPE":"Interstate","Operator":"El Paso Natural Gas Co","Status":"Operating","Shape_Leng":0.329438493616,"Shape__Length":42403.92693221107}},{"type":"Feature","id":3827,"geometry":{"type":"LineString","coordinates":[[-113.838829,34.4774360000001],[-113.768242,34.502975]]},"properties":{"FID":3827,"TYPEPIPE":"Interstate","Operator":"El Paso Natural Gas Co","Status":"Operating","Shape_Leng":0.0750650723706,"Shape__Length":8581.446680658972}},{"type":"Feature","id":3829,"geometry":{"type":"LineString","coordinates":[[-112.375229,34.8125830000001],[-112.299523,34.787918]]},"properties":{"FID":3829,"TYPEPIPE":"Interstate","Operator":"El Paso Natural Gas Co","Status":"Operating","Shape_Leng":0.0796226140051,"Shape__Length":9066.653489707654}},{"type":"Feature","id":3831,"geometry":{"type":"LineString","coordinates":[[-112.299523,34.787918],[-112.099629,34.7867670000001],[-112.091194,34.7867190000001],[-112.079597,34.7866520000001]]},"properties":{"FID":3831,"TYPEPIPE":"Interstate","Operator":"El Paso Natural Gas Co","Status":"Operating","Shape_Leng":0.219929643844,"Shape__Length":24482.651715186334}},{"type":"Feature","id":3833,"geometry":{"type":"LineString","coordinates":[[-112.368568,35.0144960000001],[-112.463596,34.921704],[-112.473807,34.912268]]},"properties":{"FID":3833,"TYPEPIPE":"Interstate","Operator":"El Paso Natural Gas Co","Status":"Operating","Shape_Leng":0.146721537912,"Shape__Length":18168.43136141853}},{"type":"Feature","id":3869,"geometry":{"type":"LineString","coordinates":[[-112.28276,33.6817360000001],[-112.277326,33.689661],[-112.267606,33.703835]]},"properties":{"FID":3869,"TYPEPIPE":"Interstate","Operator":"El Paso Natural Gas Co","Status":"Operating","Shape_Leng":0.0267956996091,"Shape__Length":3404.0940079898137}},{"type":"Feature","id":3871,"geometry":{"type":"LineString","coordinates":[[-112.28276,33.6817360000001],[-112.270584,33.6874090000001]]},"properties":{"FID":3871,"TYPEPIPE":"Interstate","Operator":"El Paso Natural Gas Co","Status":"Operating","Shape_Leng":0.0134327177071,"Shape__Length":1553.4374113405706}},{"type":"Feature","id":3873,"geometry":{"type":"LineString","coordinates":[[-113.296432,33.4676020000001],[-113.319278,33.476822],[-113.333387,33.482781]]},"properties":{"FID":3873,"TYPEPIPE":"Interstate","Operator":"El Paso Natural Gas Co","Status":"Operating","Shape_Leng":0.0399521115409,"Shape__Length":4585.705701649598}},{"type":"Feature","id":3875,"geometry":{"type":"LineString","coordinates":[[-111.514988,33.054921],[-111.461016,33.0512800000001]]},"properties":{"FID":3875,"TYPEPIPE":"Interstate","Operator":"El Paso Natural Gas Co","Status":"Operating","Shape_Leng":0.0540946731666,"Shape__Length":6027.5646672458315}},{"type":"Feature","id":3879,"geometry":{"type":"LineString","coordinates":[[-110.890473,32.9261320000001],[-110.786193,33.0052450000001]]},"properties":{"FID":3879,"TYPEPIPE":"Interstate","Operator":"El Paso Natural Gas Co","Status":"Operating","Shape_Leng":0.13089379347,"Shape__Length":15650.517678806586}},{"type":"Feature","id":3881,"geometry":{"type":"LineString","coordinates":[[-110.786193,33.0052450000001],[-110.786367,33.011647],[-110.796126,33.0132820000001],[-110.797844,33.0229590000001],[-110.795635,33.0305770000001],[-110.787043,33.036548]]},"properties":{"FID":3881,"TYPEPIPE":"Interstate","Operator":"El Paso Natural Gas Co","Status":"Operating","Shape_Leng":0.0445225516881,"Shape__Length":5540.056518577279}},{"type":"Feature","id":3883,"geometry":{"type":"LineString","coordinates":[[-110.890922,32.885495],[-110.878944,32.898216],[-110.781303,33.001918]]},"properties":{"FID":3883,"TYPEPIPE":"Interstate","Operator":"El Paso Natural Gas Co","Status":"Operating","Shape_Leng":0.159908223963,"Shape__Length":19682.585455067347}},{"type":"Feature","id":3885,"geometry":{"type":"LineString","coordinates":[[-110.781303,33.001918],[-110.778198,33.0030770000001],[-110.765195,33.007929],[-110.769614,33.019253],[-110.766668,33.026871],[-110.784818,33.032026]]},"properties":{"FID":3885,"TYPEPIPE":"Interstate","Operator":"El Paso Natural Gas Co","Status":"Operating","Shape_Leng":0.0563843578354,"Shape__Length":6740.893041074079}},{"type":"Feature","id":3889,"geometry":{"type":"LineString","coordinates":[[-113.923412,35.197238],[-113.980065,35.279953],[-113.971349,35.3303010000001],[-114.028003,35.3267050000001]]},"properties":{"FID":3889,"TYPEPIPE":"Interstate","Operator":"El Paso Natural Gas Co","Status":"Operating","Shape_Leng":0.208121215819,"Shape__Length":26179.46224630254}},{"type":"Feature","id":3891,"geometry":{"type":"LineString","coordinates":[[-114.48083,34.736368],[-114.473947,34.7407200000001],[-114.433904,34.7422560000001],[-114.335985,34.7391840000001],[-114.335985,34.73432],[-114.330354,34.7215190000001],[-114.339206,34.6964830000001],[-114.346935,34.6626360000001],[-114.353504,34.649836],[-114.357258,34.641131],[-114.366643,34.6344750000001],[-114.37509,34.624234]]},"properties":{"FID":3891,"TYPEPIPE":"Interstate","Operator":"El Paso Natural Gas Co","Status":"Operating","Shape_Leng":0.274952915253,"Shape__Length":33216.268818847435}},{"type":"Feature","id":3893,"geometry":{"type":"LineString","coordinates":[[-114.335985,34.7391840000001],[-114.266848,34.742512],[-114.194895,34.7716980000001],[-114.026275,34.613994],[-113.956825,34.538726],[-113.922412,34.501092],[-113.91991,34.4985320000001]]},"properties":{"FID":3893,"TYPEPIPE":"Interstate","Operator":"El Paso Natural Gas Co","Status":"Operating","Shape_Leng":0.534728192192,"Shape__Length":64661.76716735831}},{"type":"Feature","id":3895,"geometry":{"type":"LineString","coordinates":[[-114.195208,34.7716980000001],[-114.106446,34.844798],[-114.080298,35.0174220000001]]},"properties":{"FID":3895,"TYPEPIPE":"Interstate","Operator":"El Paso Natural Gas Co","Status":"Operating","Shape_Leng":0.289581408173,"Shape__Length":37614.16945375621}},{"type":"Feature","id":3897,"geometry":{"type":"LineString","coordinates":[[-113.332195,35.199355],[-113.091043,35.2907420000001],[-113.041812,35.291314],[-112.781629,35.294338],[-112.90142,35.3242930000001],[-112.938515,35.333898],[-113.041812,35.291314]]},"properties":{"FID":3897,"TYPEPIPE":"Interstate","Operator":"El Paso Natural Gas Co","Status":"Operating","Shape_Leng":0.840850383814,"Shape__Length":95204.05172335646}},{"type":"Feature","id":3899,"geometry":{"type":"LineString","coordinates":[[-112.781629,35.294338],[-112.555015,35.215219],[-112.51607,35.21668],[-112.459139,35.2188160000001],[-112.453936,35.22035],[-112.398129,35.236797]]},"properties":{"FID":3899,"TYPEPIPE":"Interstate","Operator":"El Paso Natural Gas Co","Status":"Operating","Shape_Leng":0.399576566811,"Shape__Length":45339.79129275025}},{"type":"Feature","id":3901,"geometry":{"type":"LineString","coordinates":[[-112.453936,35.22035],[-112.368568,35.0144960000001]]},"properties":{"FID":3901,"TYPEPIPE":"Interstate","Operator":"El Paso Natural Gas Co","Status":"Operating","Shape_Leng":0.222853235875,"Shape__Length":29582.952501069856}},{"type":"Feature","id":3903,"geometry":{"type":"LineString","coordinates":[[-112.267606,33.703835],[-112.160114,33.7066520000001],[-112.037137,33.7098740000001],[-111.983666,33.7112750000001]]},"properties":{"FID":3903,"TYPEPIPE":"Interstate","Operator":"El Paso Natural Gas Co","Status":"Operating","Shape_Leng":0.28403745739,"Shape__Length":31623.732043225606}},{"type":"Feature","id":3905,"geometry":{"type":"LineString","coordinates":[[-114.033623,33.513607],[-114.072937,33.512192],[-114.089468,33.514931],[-114.102677,33.5131230000001],[-114.112935,33.515945],[-114.184889,33.535739],[-114.227766,33.548933],[-114.335406,33.582055],[-114.35207,33.587183],[-114.442008,33.614858]]},"properties":{"FID":3905,"TYPEPIPE":"Interstate","Operator":"El Paso Natural Gas Co","Status":"Operating","Shape_Leng":0.423710747077,"Shape__Length":47896.11855241118}},{"type":"Feature","id":3907,"geometry":{"type":"LineString","coordinates":[[-114.442008,33.614858],[-114.419881,33.6202680000001],[-114.324343,33.643628],[-114.18593,33.5603090000001],[-114.112935,33.515945]]},"properties":{"FID":3907,"TYPEPIPE":"Interstate","Operator":"El Paso Natural Gas Co","Status":"Operating","Shape_Leng":0.368105966794,"Shape__Length":42718.90210762242}},{"type":"Feature","id":3909,"geometry":{"type":"LineString","coordinates":[[-114.18593,33.5603090000001],[-114.191445,33.4816700000001]]},"properties":{"FID":3909,"TYPEPIPE":"Interstate","Operator":"El Paso Natural Gas Co","Status":"Operating","Shape_Leng":0.078832147922,"Shape__Length":10518.384313956522}},{"type":"Feature","id":3911,"geometry":{"type":"LineString","coordinates":[[-114.288895,33.0238340000001],[-114.28948,32.956731],[-114.354849,32.8776120000001],[-114.377294,32.8158720000001],[-114.382043,32.802809],[-114.386841,32.789611],[-114.394071,32.769723]]},"properties":{"FID":3911,"TYPEPIPE":"Interstate","Operator":"El Paso Natural Gas Co","Status":"Operating","Shape_Leng":0.284532795865,"Shape__Length":36618.485885104434}},{"type":"Feature","id":3913,"geometry":{"type":"LineString","coordinates":[[-114.394071,32.769723],[-114.402144,32.7586190000001],[-114.420938,32.733327],[-114.431159,32.718853],[-114.453061,32.6978720000001],[-114.468156,32.683411],[-114.519376,32.6815740000001],[-114.529063,32.681226],[-114.530141,32.62924]]},"properties":{"FID":3913,"TYPEPIPE":"Interstate","Operator":"El Paso Natural Gas Co","Status":"Operating","Shape_Leng":0.227135163182,"Shape__Length":27799.525769275144}},{"type":"Feature","id":3915,"geometry":{"type":"LineString","coordinates":[[-114.529063,32.681226],[-114.567798,32.681739],[-114.576591,32.68483],[-114.603252,32.6942],[-114.609477,32.7027620000001],[-114.615228,32.7106380000001],[-114.623207,32.721566],[-114.658174,32.7193040000001]]},"properties":{"FID":3915,"TYPEPIPE":"Interstate","Operator":"El Paso Natural Gas Co","Status":"Operating","Shape_Leng":0.145227446946,"Shape__Length":16741.140317136356}},{"type":"Feature","id":3917,"geometry":{"type":"LineString","coordinates":[[-113.232096,33.4395850000001],[-113.226139,33.3415370000001],[-113.291509,33.2875930000001]]},"properties":{"FID":3917,"TYPEPIPE":"Interstate","Operator":"El Paso Natural Gas Co","Status":"Operating","Shape_Leng":0.182982508923,"Shape__Length":23316.195642781073}},{"type":"Feature","id":3919,"geometry":{"type":"LineString","coordinates":[[-112.946762,33.315459],[-112.811558,33.242008],[-112.764197,33.21207],[-112.70559,33.214433],[-112.688242,33.215132],[-112.665529,33.2160470000001],[-112.651888,33.216099],[-112.563731,33.2192620000001],[-112.557365,33.217207],[-112.468023,33.1883700000001],[-112.422792,33.161229],[-112.405636,33.149392],[-112.392669,33.140445],[-112.188947,32.9998870000001]]},"properties":{"FID":3919,"TYPEPIPE":"Interstate","Operator":"El Paso Natural Gas Co","Status":"Operating","Shape_Leng":0.847922831041,"Shape__Length":98230.9203551038}},{"type":"Feature","id":3921,"geometry":{"type":"LineString","coordinates":[[-112.236885,33.0322540000001],[-112.136651,33.1221620000001],[-112.093071,33.0718130000001],[-112.058207,32.927961]]},"properties":{"FID":3921,"TYPEPIPE":"Interstate","Operator":"El Paso Natural Gas Co","Status":"Operating","Shape_Leng":0.349255431215,"Shape__Length":44093.72131504504}},{"type":"Feature","id":3923,"geometry":{"type":"LineString","coordinates":[[-112.297271,33.550286],[-112.228167,33.5537200000001]]},"properties":{"FID":3923,"TYPEPIPE":"Interstate","Operator":"El Paso Natural Gas Co","Status":"Operating","Shape_Leng":0.0691892706422,"Shape__Length":7706.285599984702}},{"type":"Feature","id":3925,"geometry":{"type":"LineString","coordinates":[[-112.468023,33.1883700000001],[-112.459139,33.2588220000001],[-112.411203,33.4062710000001],[-112.294564,33.438047],[-112.289414,33.4394500000001],[-112.288964,33.4628510000001]]},"properties":{"FID":3925,"TYPEPIPE":"Interstate","Operator":"El Paso Natural Gas Co","Status":"Operating","Shape_Leng":0.375688224816,"Shape__Length":47168.765806928604}},{"type":"Feature","id":3927,"geometry":{"type":"LineString","coordinates":[[-112.153721,33.284944],[-112.218904,33.327855],[-112.25607,33.3549130000001],[-112.285322,33.3874220000001],[-112.293537,33.4026750000001],[-112.302919,33.466916],[-112.304787,33.4797100000001]]},"properties":{"FID":3927,"TYPEPIPE":"Interstate","Operator":"El Paso Natural Gas Co","Status":"Operating","Shape_Leng":0.262920818571,"Shape__Length":32727.96597432866}},{"type":"Feature","id":3929,"geometry":{"type":"LineString","coordinates":[[-112.153721,33.284944],[-112.122041,33.287355],[-112.05215,33.292673],[-112.021733,33.294987],[-111.962774,33.296736],[-111.956982,33.296908],[-111.887632,33.2989660000001],[-111.860065,33.299784]]},"properties":{"FID":3929,"TYPEPIPE":"Interstate","Operator":"El Paso Natural Gas Co","Status":"Operating","Shape_Leng":0.294108688197,"Shape__Length":32761.719912120065}},{"type":"Feature","id":3931,"geometry":{"type":"LineString","coordinates":[[-112.153721,33.284944],[-112.14831,33.2710010000001],[-112.136651,33.1221620000001]]},"properties":{"FID":3931,"TYPEPIPE":"Interstate","Operator":"El Paso Natural Gas Co","Status":"Operating","Shape_Leng":0.164251085206,"Shape__Length":21794.463658337976}},{"type":"Feature","id":3933,"geometry":{"type":"LineString","coordinates":[[-111.962774,33.296736],[-111.972369,33.3508150000001],[-111.973956,33.3597570000001],[-111.97774,33.381086],[-111.980016,33.393916],[-111.984066,33.4160380000001],[-111.984655,33.420962],[-111.987007,33.4406290000001],[-111.983857,33.4162200000001],[-111.953615,33.41706],[-111.957975,33.41706]]},"properties":{"FID":3933,"TYPEPIPE":"Interstate","Operator":"El Paso Natural Gas Co","Status":"Operating","Shape_Leng":0.205178709638,"Shape__Length":26500.31756987132}},{"type":"Feature","id":3935,"geometry":{"type":"LineString","coordinates":[[-112.021733,33.294987],[-112.017849,33.3048670000001],[-112.012217,33.314636],[-112.005286,33.327661],[-111.997055,33.3403240000001],[-111.987092,33.3508160000001],[-111.973956,33.3597570000001],[-111.95417,33.3623940000001],[-111.936409,33.362756],[-111.922114,33.3623940000001],[-111.909984,33.3609470000001],[-111.896992,33.3598210000001],[-111.804286,33.360191],[-111.803325,33.360195],[-111.80331,33.360195]]},"properties":{"FID":3935,"TYPEPIPE":"Interstate","Operator":"El Paso Natural Gas Co","Status":"Operating","Shape_Leng":0.253073036313,"Shape__Length":29366.41267404086}},{"type":"Feature","id":3937,"geometry":{"type":"LineString","coordinates":[[-111.896992,33.3598210000001],[-111.895694,33.379399],[-111.892877,33.423525],[-111.892045,33.4365530000001],[-111.904353,33.436926]]},"properties":{"FID":3937,"TYPEPIPE":"Interstate","Operator":"El Paso Natural Gas Co","Status":"Operating","Shape_Leng":0.0892049983225,"Shape__Length":11617.150916085808}},{"type":"Feature","id":3939,"geometry":{"type":"LineString","coordinates":[[-112.058207,32.927961],[-111.782702,32.9258750000001],[-111.717146,32.925827],[-111.656914,32.924923]]},"properties":{"FID":3939,"TYPEPIPE":"Interstate","Operator":"El Paso Natural Gas Co","Status":"Operating","Shape_Leng":0.401307698107,"Shape__Length":44674.05471822107}},{"type":"Feature","id":3941,"geometry":{"type":"LineString","coordinates":[[-111.79509,32.77982],[-111.792764,32.8892880000001],[-111.791748,32.9370900000001],[-111.791448,32.9512260000001],[-111.791052,32.969887],[-111.790727,32.985187]]},"properties":{"FID":3941,"TYPEPIPE":"Interstate","Operator":"El Paso Natural Gas Co","Status":"Operating","Shape_Leng":0.205413340518,"Shape__Length":27227.196928829013}},{"type":"Feature","id":3943,"geometry":{"type":"LineString","coordinates":[[-111.378367,32.3669350000001],[-111.363114,32.382126],[-111.337622,32.407514],[-111.319584,32.4265500000001],[-111.297535,32.449818],[-111.264405,32.480435],[-111.253514,32.491457],[-111.205622,32.520158],[-110.999816,32.642342]]},"properties":{"FID":3943,"TYPEPIPE":"Interstate","Operator":"El Paso Natural Gas Co","Status":"Operating","Shape_Leng":0.471567783853,"Shape__Length":56087.14979268121}},{"type":"Feature","id":3945,"geometry":{"type":"LineString","coordinates":[[-111.354087,32.5930710000001],[-111.343235,32.5821030000001],[-111.329106,32.567822],[-111.302049,32.5404750000001],[-111.284739,32.5229790000001],[-111.240706,32.478474],[-111.223927,32.4630300000001],[-111.218141,32.454889],[-111.205604,32.4434910000001],[-111.187281,32.423953],[-111.177966,32.413757],[-111.159315,32.39383],[-111.128877,32.36312],[-111.105475,32.33898],[-111.091824,32.3248990000001],[-111.074904,32.307445],[-111.073307,32.305798]]},"properties":{"FID":3945,"TYPEPIPE":"Interstate","Operator":"El Paso Natural Gas Co","Status":"Operating","Shape_Leng":0.401907717313,"Shape__Length":49147.00191644728}},{"type":"Feature","id":3947,"geometry":{"type":"LineString","coordinates":[[-111.116887,32.1619450000001],[-111.116671,32.133585],[-111.116005,32.0975530000001],[-111.114674,32.053075],[-111.081589,31.980959],[-111.086085,31.89637],[-111.087938,31.861514],[-111.095099,31.7267900000001]]},"properties":{"FID":3947,"TYPEPIPE":"Interstate","Operator":"El Paso Natural Gas Co","Status":"Operating","Shape_Leng":0.442767832158,"Shape__Length":57814.064124324585}},{"type":"Feature","id":3949,"geometry":{"type":"LineString","coordinates":[[-109.047168,32.6114240000001],[-108.837667,32.507191],[-108.62111,32.4091560000001],[-108.077164,32.1629120000001]]},"properties":{"FID":3949,"TYPEPIPE":"Interstate","Operator":"El Paso Natural Gas Co","Status":"Operating","Shape_Leng":1.06879934324,"Shape__Length":123126.08671226326}},{"type":"Feature","id":3953,"geometry":{"type":"LineString","coordinates":[[-109.757207,32.2986050000001],[-109.747175,32.3317190000001],[-109.739775,32.356146],[-109.668702,32.4223670000001]]},"properties":{"FID":3953,"TYPEPIPE":"Interstate","Operator":"El Paso Natural Gas Co","Status":"Operating","Shape_Leng":0.157265673898,"Shape__Length":19606.37911855284}},{"type":"Feature","id":3955,"geometry":{"type":"LineString","coordinates":[[-109.738452,32.357291],[-109.752314,32.364832],[-109.848723,32.4172830000001]]},"properties":{"FID":3955,"TYPEPIPE":"Interstate","Operator":"El Paso Natural Gas Co","Status":"Operating","Shape_Leng":0.125533794282,"Shape__Length":14602.298514629309}},{"type":"Feature","id":3957,"geometry":{"type":"LineString","coordinates":[[-109.696363,31.5446390000001],[-109.696195,31.6117080000001],[-109.678763,31.615304]]},"properties":{"FID":3957,"TYPEPIPE":"Interstate","Operator":"El Paso Natural Gas Co","Status":"Operating","Shape_Leng":0.0848682508335,"Shape__Length":10760.432003157768}},{"type":"Feature","id":3959,"geometry":{"type":"LineString","coordinates":[[-109.897517469,31.4308201540001],[-109.880619589,31.379269395],[-109.878881696,31.3436535000001],[-109.791554913,31.334410201],[-109.786209554,31.3606901520001],[-109.788365408,31.391576806],[-109.793153302,31.440413146],[-109.798230915,31.4797648090001],[-109.802842263,31.513530815],[-109.778086525,31.541406102],[-109.759238927,31.562455695]]},"properties":{"FID":3959,"TYPEPIPE":"Interstate","Operator":"El Paso Natural Gas Co","Status":"Operating","Shape_Leng":0.423865736283,"Shape__Length":52957.317481436}},{"type":"Feature","id":5048,"geometry":{"type":"LineString","coordinates":[[-108.810269,35.6763970000001],[-108.866196,35.6625770000001],[-108.926986,35.6329640000001],[-108.958597,35.629016],[-109.045665,35.6074130000001]]},"properties":{"FID":5048,"TYPEPIPE":"Interstate","Operator":"El Paso Natural Gas Co","Status":"Operating","Shape_Leng":0.24679298903,"Shape__Length":28091.283797483877}},{"type":"Feature","id":5056,"geometry":{"type":"LineString","coordinates":[[-109.10759,35.60947],[-109.289293,35.603351],[-109.396284,35.6211190000001],[-109.538605,35.6078370000001],[-109.607832,35.6013770000001],[-109.697801,35.553996],[-109.756159,35.5579440000001]]},"properties":{"FID":5056,"TYPEPIPE":"Interstate","Operator":"El Paso Natural Gas Co","Status":"Operating","Shape_Leng":0.662903648392,"Shape__Length":74554.96364344379}},{"type":"Feature","id":6033,"geometry":{"type":"LineString","coordinates":[[-110.292072,34.970486],[-110.323763,34.9586170000001]]},"properties":{"FID":6033,"TYPEPIPE":"Interstate","Operator":"El Paso Natural Gas Co","Status":"Operating","Shape_Leng":0.0338406950579,"Shape__Length":3878.7770292636656}},{"type":"Feature","id":6035,"geometry":{"type":"LineString","coordinates":[[-111.332833,32.875729],[-111.273863,32.850628],[-111.213358,32.821848],[-111.110556,32.772949],[-111.011829,32.720585],[-110.985646,32.7066980000001],[-110.910171,32.6666670000001]]},"properties":{"FID":6035,"TYPEPIPE":"Interstate","Operator":"El Paso Natural Gas Co","Status":"Operating","Shape_Leng":0.471756165841,"Shape__Length":54617.58293342375}},{"type":"Feature","id":6037,"geometry":{"type":"LineString","coordinates":[[-113.838829,34.4774360000001],[-113.883584,34.4625620000001]]},"properties":{"FID":6037,"TYPEPIPE":"Interstate","Operator":"El Paso Natural Gas Co","Status":"Operating","Shape_Leng":0.0471619115495,"Shape__Length":5371.685747130047}},{"type":"Feature","id":6039,"geometry":{"type":"LineString","coordinates":[[-111.962774,33.296736],[-111.931994,33.248459],[-111.904118,33.204885]]},"properties":{"FID":6039,"TYPEPIPE":"Interstate","Operator":"El Paso Natural Gas Co","Status":"Operating","Shape_Leng":0.108982290139,"Shape__Length":13860.880747178751}},{"type":"Feature","id":6042,"geometry":{"type":"LineString","coordinates":[[-109.563103,31.4641100000001],[-109.496474,31.4336200000001]]},"properties":{"FID":6042,"TYPEPIPE":"Interstate","Operator":"El Paso Natural Gas Co","Status":"Operating","Shape_Leng":0.0732738953584,"Shape__Length":8416.791658946084}},{"type":"Feature","id":6052,"geometry":{"type":"LineString","coordinates":[[-110.621726,32.613769],[-110.63255,32.598751],[-110.642878,32.5844220000001],[-110.650002,32.5745440000001]]},"properties":{"FID":6052,"TYPEPIPE":"Interstate","Operator":"El Paso Natural Gas Co","Status":"Operating","Shape_Leng":0.0483542432351,"Shape__Length":6063.724294405298}},{"type":"Feature","id":6065,"geometry":{"type":"LineString","coordinates":[[-110.454474,35.3608570000001],[-110.402963,35.1532300000001],[-110.320289,34.9716020000001],[-110.327584,34.8255100000001]]},"properties":{"FID":6065,"TYPEPIPE":"Interstate","Operator":"El Paso Natural Gas Co","Status":"Operating","Shape_Leng":0.559754210951,"Shape__Length":75085.46900540304}},{"type":"Feature","id":6067,"geometry":{"type":"LineString","coordinates":[[-110.468041,35.3568000000001],[-110.446732,35.170997],[-110.48599,35.143788],[-110.646123,35.0328020000001],[-110.648554,34.999241],[-110.675302,35.0209570000001]]},"properties":{"FID":6067,"TYPEPIPE":"Interstate","Operator":"El Paso Natural Gas Co","Status":"Operating","Shape_Leng":0.497723038953,"Shape__Length":63295.17899804562}},{"type":"Feature","id":6071,"geometry":{"type":"LineString","coordinates":[[-110.48599,35.143788],[-110.292072,34.970486],[-110.29111,34.9696270000001],[-110.174394,34.9143490000001]]},"properties":{"FID":6071,"TYPEPIPE":"Interstate","Operator":"El Paso Natural Gas Co","Status":"Operating","Shape_Leng":0.3905067544,"Shape__Length":47123.496706964346}},{"type":"Feature","id":6074,"geometry":{"type":"LineString","coordinates":[[-109.081788,32.2156800000001],[-109.286867,32.178142],[-109.397921,32.157814],[-109.508183,32.1376310000001],[-109.623474,32.1165280000001]]},"properties":{"FID":6074,"TYPEPIPE":"Interstate","Operator":"El Paso Natural Gas Co","Status":"Operating","Shape_Leng":0.550685792173,"Shape__Length":61693.83039641219}},{"type":"Feature","id":6076,"geometry":{"type":"LineString","coordinates":[[-109.047247,32.301947],[-109.534947,32.2950090000001],[-109.983819,32.323779],[-110.023043,32.2950090000001],[-110.184287,32.3129900000001],[-110.345531,32.370531]]},"properties":{"FID":6076,"TYPEPIPE":"Interstate","Operator":"El Paso Natural Gas Co","Status":"Operating","Shape_Leng":1.31963319888,"Shape__Length":147781.50174226152}},{"type":"Feature","id":6078,"geometry":{"type":"LineString","coordinates":[[-108.755409,32.3448540000001],[-109.029419,32.302201],[-109.047247,32.301947]]},"properties":{"FID":6078,"TYPEPIPE":"Interstate","Operator":"El Paso Natural Gas Co","Status":"Operating","Shape_Leng":0.29513966941,"Shape__Length":33000.73038111023}},{"type":"Feature","id":6080,"geometry":{"type":"LineString","coordinates":[[-109.007635,31.8634500000001],[-109.311328958,31.5111438550001],[-109.441393308,31.4785558560001],[-109.496474,31.4336200000001],[-109.566016,31.3742510000001],[-109.595625,31.3511740000001],[-109.737512547,31.3385693380001],[-109.786209554,31.3606901520001]]},"properties":{"FID":6080,"TYPEPIPE":"Interstate","Operator":"El Paso Natural Gas Co","Status":"Operating","Shape_Leng":0.995213173208,"Shape__Length":118165.98659908983}},{"type":"Feature","id":6105,"geometry":{"type":"LineString","coordinates":[[-109.566016,31.3742510000001],[-109.56445,31.362225],[-109.561072,31.352675],[-109.560472,31.334097]]},"properties":{"FID":6105,"TYPEPIPE":"Interstate","Operator":"El Paso Natural Gas Co","Status":"Operating","Shape_Leng":0.0408450447918,"Shape__Length":5300.437207073201}},{"type":"Feature","id":6106,"geometry":{"type":"LineString","coordinates":[[-111.116887,32.1619450000001],[-111.134618,32.175845],[-111.182578,32.2131200000001],[-111.225184,32.2479890000001],[-111.283102,32.2918560000001],[-111.318386,32.3205380000001],[-111.365649,32.3570970000001],[-111.378367,32.3669350000001]]},"properties":{"FID":6106,"TYPEPIPE":"Interstate","Operator":"El Paso Natural Gas Co","Status":"Operating","Shape_Leng":0.332285388772,"Shape__Length":39696.80132570101}},{"type":"Feature","id":6107,"geometry":{"type":"LineString","coordinates":[[-110.901918,32.0963760000001],[-110.900161,32.113906],[-110.899029,32.125207]]},"properties":{"FID":6107,"TYPEPIPE":"Interstate","Operator":"El Paso Natural Gas Co","Status":"Operating","Shape_Leng":0.0289753840821,"Shape__Length":3802.7258517511837}},{"type":"Feature","id":6108,"geometry":{"type":"LineString","coordinates":[[-111.076484,32.1477850000001],[-111.076366,32.175749],[-111.075617,32.217541],[-111.075466,32.236542],[-111.074904,32.307445]]},"properties":{"FID":6108,"TYPEPIPE":"Interstate","Operator":"El Paso Natural Gas Co","Status":"Operating","Shape_Leng":0.159669787493,"Shape__Length":21011.11084934118}},{"type":"Feature","id":6109,"geometry":{"type":"LineString","coordinates":[[-110.890473,32.9261320000001],[-110.878944,32.898216]]},"properties":{"FID":6109,"TYPEPIPE":"Interstate","Operator":"El Paso Natural Gas Co","Status":"Operating","Shape_Leng":0.030202994835,"Shape__Length":3917.8714845491436}},{"type":"Feature","id":6110,"geometry":{"type":"LineString","coordinates":[[-111.190791,33.2841020000001],[-111.208876,33.2908340000001]]},"properties":{"FID":6110,"TYPEPIPE":"Interstate","Operator":"El Paso Natural Gas Co","Status":"Operating","Shape_Leng":0.0192973326913,"Shape__Length":2203.798007986419}},{"type":"Feature","id":6111,"geometry":{"type":"LineString","coordinates":[[-111.456265,33.05656],[-111.407624,33.049132]]},"properties":{"FID":6111,"TYPEPIPE":"Interstate","Operator":"El Paso Natural Gas Co","Status":"Operating","Shape_Leng":0.0492048987907,"Shape__Length":5503.828844286907}},{"type":"Feature","id":6112,"geometry":{"type":"LineString","coordinates":[[-114.530141,32.62924],[-114.569412,32.62924]]},"properties":{"FID":6112,"TYPEPIPE":"Interstate","Operator":"El Paso Natural Gas Co","Status":"Operating","Shape_Leng":0.039271,"Shape__Length":4371.627722941339}},{"type":"Feature","id":6113,"geometry":{"type":"LineString","coordinates":[[-111.972369,33.3508150000001],[-111.964674,33.3508150000001],[-111.938142,33.3508160000001],[-111.918648,33.3508160000001]]},"properties":{"FID":6113,"TYPEPIPE":"Interstate","Operator":"El Paso Natural Gas Co","Status":"Operating","Shape_Leng":0.0537210000188,"Shape__Length":5980.194367910024}},{"type":"Feature","id":6114,"geometry":{"type":"LineString","coordinates":[[-111.885292,33.359861],[-111.885292,33.3663740000001],[-111.784792,33.3663740000001],[-111.784359,33.337791],[-111.749271,33.337791]]},"properties":{"FID":6114,"TYPEPIPE":"Interstate","Operator":"El Paso Natural Gas Co","Status":"Operating","Shape_Leng":0.170687279541,"Shape__Length":19771.16211707281}},{"type":"Feature","id":6115,"geometry":{"type":"LineString","coordinates":[[-111.985114,33.427104],[-111.943253,33.428158]]},"properties":{"FID":6115,"TYPEPIPE":"Interstate","Operator":"El Paso Natural Gas Co","Status":"Operating","Shape_Leng":0.0418742670025,"Shape__Length":4662.065398656724}},{"type":"Feature","id":6116,"geometry":{"type":"LineString","coordinates":[[-111.803325,33.360195],[-111.806019,33.3917000000001]]},"properties":{"FID":6116,"TYPEPIPE":"Interstate","Operator":"El Paso Natural Gas Co","Status":"Operating","Shape_Leng":0.0316199725016,"Shape__Length":4210.441541047184}},{"type":"Feature","id":6120,"geometry":{"type":"LineString","coordinates":[[-114.394071,32.769723],[-114.315628,32.751741]]},"properties":{"FID":6120,"TYPEPIPE":"Interstate","Operator":"El Paso Natural Gas Co","Status":"Operating","Shape_Leng":0.0804776774826,"Shape__Length":9050.862420988691}},{"type":"Feature","id":6121,"geometry":{"type":"LineString","coordinates":[[-109.752279,32.364896],[-109.779264,32.356212],[-109.843943,32.345357]]},"properties":{"FID":6121,"TYPEPIPE":"Interstate","Operator":"El Paso Natural Gas Co","Status":"Operating","Shape_Leng":0.0939314416461,"Shape__Length":10555.314645764043}},{"type":"Feature","id":6123,"geometry":{"type":"LineString","coordinates":[[-114.080298,35.0174220000001],[-114.006213,35.1145220000001],[-114.001855,35.161274],[-113.923412,35.197238]]},"properties":{"FID":6123,"TYPEPIPE":"Interstate","Operator":"El Paso Natural Gas Co","Status":"Operating","Shape_Leng":0.255384178887,"Shape__Length":31964.544643161986}},{"type":"Feature","id":6143,"geometry":{"type":"LineString","coordinates":[[-112.288964,33.4628510000001],[-112.281674,33.4628510000001],[-112.281674,33.4705040000001],[-112.187446,33.4709100000001],[-112.15055,33.471385],[-112.150714,33.400541],[-112.152096,33.347404],[-112.153721,33.284944]]},"properties":{"FID":6143,"TYPEPIPE":"Interstate","Operator":"El Paso Natural Gas Co","Status":"Operating","Shape_Leng":0.332551225552,"Shape__Length":41287.71820607599}},{"type":"Feature","id":6144,"geometry":{"type":"LineString","coordinates":[[-109.595625,31.3511740000001],[-109.595502825,31.3347362170001]]},"properties":{"FID":6144,"TYPEPIPE":"Interstate","Operator":"El Paso Natural Gas Co","Status":"Operating","Shape_Leng":0.016438237031,"Shape__Length":2142.5462023447035}},{"type":"Feature","id":6145,"geometry":{"type":"LineString","coordinates":[[-109.759238927,31.562455695],[-109.758316992,31.8359671800001],[-109.742879438,31.877937476],[-109.660814176,31.902759184],[-109.65546159,32.110471225]]},"properties":{"FID":6145,"TYPEPIPE":"Interstate","Operator":"El Paso Natural Gas Co","Status":"Operating","Shape_Leng":0.611750373147,"Shape__Length":78520.56952526492}},{"type":"Feature","id":6151,"geometry":{"type":"LineString","coordinates":[[-111.205622,32.520158],[-111.242386,32.557311]]},"properties":{"FID":6151,"TYPEPIPE":"Interstate","Operator":"El Paso Natural Gas Co","Status":"Operating","Shape_Leng":0.0522679357254,"Shape__Length":6388.8424297671345}},{"type":"Feature","id":6162,"geometry":{"type":"LineString","coordinates":[[-112.946762,33.315459],[-112.946971,33.3224680000001]]},"properties":{"FID":6162,"TYPEPIPE":"Interstate","Operator":"El Paso Natural Gas Co","Status":"Operating","Shape_Leng":0.00701211537273,"Shape__Length":934.0073916720811}},{"type":"Feature","id":6163,"geometry":{"type":"LineString","coordinates":[[-112.960704,33.332364],[-112.960077,33.3289510000001],[-112.949712,33.327406],[-112.946971,33.3224680000001]]},"properties":{"FID":6163,"TYPEPIPE":"Interstate","Operator":"El Paso Natural Gas Co","Status":"Operating","Shape_Leng":0.0195973669889,"Shape__Length":2357.2863667894244}},{"type":"Feature","id":6164,"geometry":{"type":"LineString","coordinates":[[-112.932422,33.330245],[-112.946971,33.3224680000001]]},"properties":{"FID":6164,"TYPEPIPE":"Interstate","Operator":"El Paso Natural Gas Co","Status":"Operating","Shape_Leng":0.016497124901,"Shape__Length":1922.654276264043}},{"type":"Feature","id":6165,"geometry":{"type":"LineString","coordinates":[[-114.442008,33.614858],[-114.539683,33.590509]]},"properties":{"FID":6165,"TYPEPIPE":"Interstate","Operator":"El Paso Natural Gas Co","Status":"Operating","Shape_Leng":0.100664191379,"Shape__Length":11349.698830432975}},{"type":"Feature","id":14358,"geometry":{"type":"LineString","coordinates":[[-114.480811,34.736387],[-114.496876,34.7229510000001],[-115.139848,34.652199],[-115.272848,34.6158080000001],[-115.339348,34.602161],[-115.395284,34.5835500000001]]},"properties":{"FID":14358,"TYPEPIPE":"Interstate","Operator":"Mojave Pipeline Co","Status":"Operating","Shape_Leng":0.932521530836,"Shape__Length":104713.09284276942}},{"type":"Feature","id":20003,"geometry":{"type":"LineString","coordinates":[[-114.54912,34.9911040000001],[-114.622848,35.0529280000001]]},"properties":{"FID":20003,"TYPEPIPE":"Intrastate","Operator":"Southwest Gas Corp","Status":"Operating","Shape_Leng":0.0962186310441,"Shape__Length":11746.757099364802}},{"type":"Feature","id":21359,"geometry":{"type":"LineString","coordinates":[[-79.256192,35.986816],[-79.3753599999999,35.838464]]},"properties":{"FID":21359,"TYPEPIPE":"Intrastate","Operator":"Public Service Co of NC","Status":"Operating","Shape_Leng":0.190287488102,"Shape__Length":24325.911330741525}},{"type":"Feature","id":21360,"geometry":{"type":"LineString","coordinates":[[-79.256192,35.986816],[-79.412224,36.0076800000001]]},"properties":{"FID":21360,"TYPEPIPE":"Intrastate","Operator":"Public Service Co of NC","Status":"Operating","Shape_Leng":0.15742074679,"Shape__Length":17605.038545265674}},{"type":"Feature","id":21361,"geometry":{"type":"LineString","coordinates":[[-82.59584,35.598592],[-82.8096,35.565056]]},"properties":{"FID":21361,"TYPEPIPE":"Intrastate","Operator":"Public Service Co of NC","Status":"Operating","Shape_Leng":0.216374677114,"Shape__Length":24234.353081445694}},{"type":"Feature","id":21362,"geometry":{"type":"LineString","coordinates":[[-82.680576,35.561472],[-82.624,35.5018240000001]]},"properties":{"FID":21362,"TYPEPIPE":"Intrastate","Operator":"Public Service Co of NC","Status":"Operating","Shape_Leng":0.0822114814366,"Shape__Length":10307.227822519117}},{"type":"Feature","id":21363,"geometry":{"type":"LineString","coordinates":[[-82.59584,35.598592],[-82.285312,35.6321280000001]]},"properties":{"FID":21363,"TYPEPIPE":"Intrastate","Operator":"Public Service Co of NC","Status":"Operating","Shape_Leng":0.312333639046,"Shape__Length":34871.513703212564}},{"type":"Feature","id":21364,"geometry":{"type":"LineString","coordinates":[[-82.59584,35.598592],[-82.615808,35.673344]]},"properties":{"FID":21364,"TYPEPIPE":"Intrastate","Operator":"Public Service Co of NC","Status":"Operating","Shape_Leng":0.0773730090406,"Shape__Length":10477.215583858482}},{"type":"Feature","id":21365,"geometry":{"type":"LineString","coordinates":[[-82.551552,35.430912],[-82.59584,35.598592]]},"properties":{"FID":21365,"TYPEPIPE":"Intrastate","Operator":"Public Service Co of NC","Status":"Operating","Shape_Leng":0.173430128132,"Shape__Length":23456.210971653974}},{"type":"Feature","id":21366,"geometry":{"type":"LineString","coordinates":[[-78.8820479999999,35.9321600000001],[-78.8764159999999,35.8540800000001]]},"properties":{"FID":21366,"TYPEPIPE":"Intrastate","Operator":"Public Service Co of NC","Status":"Operating","Shape_Leng":0.0782828577915,"Shape__Length":10747.468868916238}},{"type":"Feature","id":21367,"geometry":{"type":"LineString","coordinates":[[-78.828288,35.9269120000001],[-78.8820479999999,35.9321600000001]]},"properties":{"FID":21367,"TYPEPIPE":"Intrastate","Operator":"Public Service Co of NC","Status":"Operating","Shape_Leng":0.0540155450217,"Shape__Length":6027.867927782126}},{"type":"Feature","id":21368,"geometry":{"type":"LineString","coordinates":[[-78.793088,36.0076800000001],[-78.828288,35.9269120000001]]},"properties":{"FID":21368,"TYPEPIPE":"Intrastate","Operator":"Public Service Co of NC","Status":"Operating","Shape_Leng":0.0881051066851,"Shape__Length":11779.769422751036}},{"type":"Feature","id":21369,"geometry":{"type":"LineString","coordinates":[[-78.828288,35.9269120000001],[-78.839552,35.846272]]},"properties":{"FID":21369,"TYPEPIPE":"Intrastate","Operator":"Public Service Co of NC","Status":"Operating","Shape_Leng":0.0814228917197,"Shape__Length":11150.754292749989}},{"type":"Feature","id":21370,"geometry":{"type":"LineString","coordinates":[[-79.109248,35.513088],[-79.009664,35.5495680000001]]},"properties":{"FID":21370,"TYPEPIPE":"Intrastate","Operator":"Public Service Co of NC","Status":"Operating","Shape_Leng":0.106055473484,"Shape__Length":12156.995717175334}},{"type":"Feature","id":21371,"geometry":{"type":"LineString","coordinates":[[-79.109248,35.513088],[-79.1719679999999,35.34912]]},"properties":{"FID":21371,"TYPEPIPE":"Intrastate","Operator":"Public Service Co of NC","Status":"Operating","Shape_Leng":0.175554274867,"Shape__Length":23464.10950888177}},{"type":"Feature","id":21372,"geometry":{"type":"LineString","coordinates":[[-79.09504,35.630208],[-79.1833599999999,35.6483840000001]]},"properties":{"FID":21372,"TYPEPIPE":"Intrastate","Operator":"Public Service Co of NC","Status":"Operating","Shape_Leng":0.0901708898481,"Shape__Length":10142.06219135729}},{"type":"Feature","id":21373,"geometry":{"type":"LineString","coordinates":[[-78.8962559999999,35.838464],[-78.83392,35.830656]]},"properties":{"FID":21373,"TYPEPIPE":"Intrastate","Operator":"Public Service Co of NC","Status":"Operating","Shape_Leng":0.0628230989366,"Shape__Length":7021.546132368489}},{"type":"Feature","id":21374,"geometry":{"type":"LineString","coordinates":[[-79.100672,35.6093440000001],[-79.109248,35.513088]]},"properties":{"FID":21374,"TYPEPIPE":"Intrastate","Operator":"Public Service Co of NC","Status":"Operating","Shape_Leng":0.0966372873792,"Shape__Length":13206.330755985064}},{"type":"Feature","id":21375,"geometry":{"type":"LineString","coordinates":[[-79.069184,35.8540800000001],[-78.8962559999999,35.838464]]},"properties":{"FID":21375,"TYPEPIPE":"Intrastate","Operator":"Public Service Co of NC","Status":"Operating","Shape_Leng":0.173631657943,"Shape__Length":19369.345594537364}},{"type":"Feature","id":21376,"geometry":{"type":"LineString","coordinates":[[-79.06368,35.869696],[-79.069184,35.8540800000001]]},"properties":{"FID":21376,"TYPEPIPE":"Intrastate","Operator":"Public Service Co of NC","Status":"Operating","Shape_Leng":0.0165575804995,"Shape__Length":2230.77885208342}},{"type":"Feature","id":21377,"geometry":{"type":"LineString","coordinates":[[-79.06368,35.869696],[-79.097472,35.6901120000001]]},"properties":{"FID":21377,"TYPEPIPE":"Intrastate","Operator":"Public Service Co of NC","Status":"Operating","Shape_Leng":0.182735635058,"Shape__Length":24927.378022105924}},{"type":"Feature","id":21378,"geometry":{"type":"LineString","coordinates":[[-79.3753599999999,35.838464],[-79.395072,35.760384]]},"properties":{"FID":21378,"TYPEPIPE":"Intrastate","Operator":"Public Service Co of NC","Status":"Operating","Shape_Leng":0.0805298040728,"Shape__Length":10938.849264613596}},{"type":"Feature","id":21379,"geometry":{"type":"LineString","coordinates":[[-79.009664,35.5495680000001],[-79.035136,35.6224]]},"properties":{"FID":21379,"TYPEPIPE":"Intrastate","Operator":"Public Service Co of NC","Status":"Operating","Shape_Leng":0.0771577799576,"Shape__Length":10364.894268709344}},{"type":"Feature","id":21380,"geometry":{"type":"LineString","coordinates":[[-79.09504,35.7031680000001],[-79.09504,35.630208]]},"properties":{"FID":21380,"TYPEPIPE":"Intrastate","Operator":"Public Service Co of NC","Status":"Operating","Shape_Leng":0.07296,"Shape__Length":9997.100688614883}},{"type":"Feature","id":21381,"geometry":{"type":"LineString","coordinates":[[-79.09504,35.630208],[-79.100672,35.6093440000001]]},"properties":{"FID":21381,"TYPEPIPE":"Intrastate","Operator":"Public Service Co of NC","Status":"Operating","Shape_Leng":0.0216107824939,"Shape__Length":2925.119944667099}},{"type":"Feature","id":21382,"geometry":{"type":"LineString","coordinates":[[-81.377536,35.2074240000001],[-81.73696,35.259648]]},"properties":{"FID":21382,"TYPEPIPE":"Intrastate","Operator":"Public Service Co of NC","Status":"Operating","Shape_Leng":0.363198235062,"Shape__Length":40639.01225445468}},{"type":"Feature","id":21383,"geometry":{"type":"LineString","coordinates":[[-79.52448,36.499712],[-79.14304,36.4632320000001]]},"properties":{"FID":21383,"TYPEPIPE":"Intrastate","Operator":"Public Service Co of NC","Status":"Operating","Shape_Leng":0.383180458792,"Shape__Length":42761.02361667888}},{"type":"Feature","id":21384,"geometry":{"type":"LineString","coordinates":[[-78.793088,36.0076800000001],[-78.7303679999999,35.937408]]},"properties":{"FID":21384,"TYPEPIPE":"Intrastate","Operator":"Public Service Co of NC","Status":"Operating","Shape_Leng":0.094191041952,"Shape__Length":11923.860432643316}},{"type":"Feature","id":21385,"geometry":{"type":"LineString","coordinates":[[-78.793088,36.0076800000001],[-78.852864,36.0180480000001]]},"properties":{"FID":21385,"TYPEPIPE":"Intrastate","Operator":"Public Service Co of NC","Status":"Operating","Shape_Leng":0.0606684893499,"Shape__Length":6805.493351438565}},{"type":"Feature","id":21386,"geometry":{"type":"LineString","coordinates":[[-78.770304,36.080512],[-78.793088,36.0076800000001]]},"properties":{"FID":21386,"TYPEPIPE":"Intrastate","Operator":"Public Service Co of NC","Status":"Operating","Shape_Leng":0.0763125866421,"Shape__Length":10342.978988350887}},{"type":"Feature","id":21387,"geometry":{"type":"LineString","coordinates":[[-78.852864,36.0180480000001],[-79.009664,35.9009280000001]]},"properties":{"FID":21387,"TYPEPIPE":"Intrastate","Operator":"Public Service Co of NC","Status":"Operating","Shape_Leng":0.195712376716,"Shape__Length":23751.15656178813}},{"type":"Feature","id":21388,"geometry":{"type":"LineString","coordinates":[[-78.7189759999999,36.221184],[-78.619264,36.2680320000001]]},"properties":{"FID":21388,"TYPEPIPE":"Intrastate","Operator":"Public Service Co of NC","Status":"Operating","Shape_Leng":0.110169043057,"Shape__Length":12846.047869170516}},{"type":"Feature","id":21389,"geometry":{"type":"LineString","coordinates":[[-78.619264,36.2680320000001],[-78.6050559999999,36.3461120000001]]},"properties":{"FID":21389,"TYPEPIPE":"Intrastate","Operator":"Public Service Co of NC","Status":"Operating","Shape_Leng":0.0793621677123,"Shape__Length":10901.18991542825}},{"type":"Feature","id":21390,"geometry":{"type":"LineString","coordinates":[[-78.7189759999999,36.221184],[-78.770304,36.080512]]},"properties":{"FID":21390,"TYPEPIPE":"Intrastate","Operator":"Public Service Co of NC","Status":"Operating","Shape_Leng":0.149743698258,"Shape__Length":20217.627967459695}},{"type":"Feature","id":21391,"geometry":{"type":"LineString","coordinates":[[-78.619264,36.2680320000001],[-78.511104,36.2940160000001]]},"properties":{"FID":21391,"TYPEPIPE":"Intrastate","Operator":"Public Service Co of NC","Status":"Operating","Shape_Leng":0.111237376165,"Shape__Length":12563.610413938726}},{"type":"Feature","id":21392,"geometry":{"type":"LineString","coordinates":[[-78.7987199999999,36.260224],[-78.7189759999999,36.221184]]},"properties":{"FID":21392,"TYPEPIPE":"Intrastate","Operator":"Public Service Co of NC","Status":"Operating","Shape_Leng":0.0887875393059,"Shape__Length":10384.431047484211}},{"type":"Feature","id":21393,"geometry":{"type":"LineString","coordinates":[[-82.8096,35.565056],[-82.910464,35.557888]]},"properties":{"FID":21393,"TYPEPIPE":"Intrastate","Operator":"Public Service Co of NC","Status":"Operating","Shape_Leng":0.101118379734,"Shape__Length":11270.892122464706}},{"type":"Feature","id":21394,"geometry":{"type":"LineString","coordinates":[[-82.551552,35.430912],[-82.700544,35.378944]]},"properties":{"FID":21394,"TYPEPIPE":"Intrastate","Operator":"Public Service Co of NC","Status":"Operating","Shape_Leng":0.157795085754,"Shape__Length":18040.538369022313}},{"type":"Feature","id":21395,"geometry":{"type":"LineString","coordinates":[[-82.478848,35.386368],[-82.551552,35.430912]]},"properties":{"FID":21395,"TYPEPIPE":"Intrastate","Operator":"Public Service Co of NC","Status":"Operating","Shape_Leng":0.0852645269265,"Shape__Length":10125.037369871767}},{"type":"Feature","id":21396,"geometry":{"type":"LineString","coordinates":[[-82.305536,35.323136],[-82.478848,35.386368]]},"properties":{"FID":21396,"TYPEPIPE":"Intrastate","Operator":"Public Service Co of NC","Status":"Operating","Shape_Leng":0.184486680191,"Shape__Length":21135.43327231529}},{"type":"Feature","id":21397,"geometry":{"type":"LineString","coordinates":[[-80.7165439999999,35.7662720000001],[-80.865536,35.8036480000001]]},"properties":{"FID":21397,"TYPEPIPE":"Intrastate","Operator":"Public Service Co of NC","Status":"Operating","Shape_Leng":0.153608533096,"Shape__Length":17360.64007278354}},{"type":"Feature","id":21398,"geometry":{"type":"LineString","coordinates":[[-79.213696,36.0387840000001],[-79.247744,36.05184]]},"properties":{"FID":21398,"TYPEPIPE":"Intrastate","Operator":"Public Service Co of NC","Status":"Operating","Shape_Leng":0.0364654005874,"Shape__Length":4194.846330113241}},{"type":"Feature","id":21399,"geometry":{"type":"LineString","coordinates":[[-79.213696,36.0387840000001],[-79.145728,36.0362240000001]]},"properties":{"FID":21399,"TYPEPIPE":"Intrastate","Operator":"Public Service Co of NC","Status":"Operating","Shape_Leng":0.0680161938365,"Shape__Length":7574.366275867893}},{"type":"Feature","id":21400,"geometry":{"type":"LineString","coordinates":[[-79.009664,35.9009280000001],[-79.06368,35.869696]]},"properties":{"FID":21400,"TYPEPIPE":"Intrastate","Operator":"Public Service Co of NC","Status":"Operating","Shape_Leng":0.0623952408442,"Shape__Length":7387.241661300582}},{"type":"Feature","id":21401,"geometry":{"type":"LineString","coordinates":[[-79.009664,35.9009280000001],[-79.256192,35.986816]]},"properties":{"FID":21401,"TYPEPIPE":"Intrastate","Operator":"Public Service Co of NC","Status":"Operating","Shape_Leng":0.261060918806,"Shape__Length":29876.523887723295}},{"type":"Feature","id":21402,"geometry":{"type":"LineString","coordinates":[[-79.256192,35.986816],[-79.213696,36.0387840000001]]},"properties":{"FID":21402,"TYPEPIPE":"Intrastate","Operator":"Public Service Co of NC","Status":"Operating","Shape_Leng":0.0671310884762,"Shape__Length":8574.861555349826}},{"type":"Feature","id":21403,"geometry":{"type":"LineString","coordinates":[[-78.9808639999999,36.4372480000001],[-78.7987199999999,36.260224]]},"properties":{"FID":21403,"TYPEPIPE":"Intrastate","Operator":"Public Service Co of NC","Status":"Operating","Shape_Leng":0.253995931684,"Shape__Length":31776.60312708086}},{"type":"Feature","id":21404,"geometry":{"type":"LineString","coordinates":[[-78.9808639999999,36.4372480000001],[-78.9580799999999,36.5127680000001]]},"properties":{"FID":21404,"TYPEPIPE":"Intrastate","Operator":"Public Service Co of NC","Status":"Operating","Shape_Leng":0.078882070561,"Shape__Length":10758.021213993117}},{"type":"Feature","id":21405,"geometry":{"type":"LineString","coordinates":[[-79.14304,36.4632320000001],[-78.9808639999999,36.4372480000001]]},"properties":{"FID":21405,"TYPEPIPE":"Intrastate","Operator":"Public Service Co of NC","Status":"Operating","Shape_Leng":0.164244400915,"Shape__Length":18408.005095370194}},{"type":"Feature","id":21406,"geometry":{"type":"LineString","coordinates":[[-82.0431359999999,35.2970240000001],[-82.305536,35.323136]]},"properties":{"FID":21406,"TYPEPIPE":"Intrastate","Operator":"Public Service Co of NC","Status":"Operating","Shape_Leng":0.263696030581,"Shape__Length":29426.62253797454}},{"type":"Feature","id":21407,"geometry":{"type":"LineString","coordinates":[[-79.675392,36.520576],[-79.52448,36.499712]]},"properties":{"FID":21407,"TYPEPIPE":"Intrastate","Operator":"Public Service Co of NC","Status":"Operating","Shape_Leng":0.152347426102,"Shape__Length":17046.15977245951}},{"type":"Feature","id":21408,"geometry":{"type":"LineString","coordinates":[[-80.5629439999999,35.5502080000001],[-80.785152,35.635968]]},"properties":{"FID":21408,"TYPEPIPE":"Intrastate","Operator":"Public Service Co of NC","Status":"Operating","Shape_Leng":0.238183065863,"Shape__Length":27380.744937669177}},{"type":"Feature","id":21409,"geometry":{"type":"LineString","coordinates":[[-80.6115839999999,35.7365760000001],[-80.7165439999999,35.7662720000001]]},"properties":{"FID":21409,"TYPEPIPE":"Intrastate","Operator":"Public Service Co of NC","Status":"Operating","Shape_Leng":0.10908003491,"Shape__Length":12373.762792867503}},{"type":"Feature","id":21410,"geometry":{"type":"LineString","coordinates":[[-80.8373759999999,35.673344],[-80.873728,35.6992000000001]]},"properties":{"FID":21410,"TYPEPIPE":"Intrastate","Operator":"Public Service Co of NC","Status":"Operating","Shape_Leng":0.0446094232198,"Shape__Length":5378.985710970225}},{"type":"Feature","id":21411,"geometry":{"type":"LineString","coordinates":[[-80.873728,35.6992000000001],[-80.873728,35.770112]]},"properties":{"FID":21411,"TYPEPIPE":"Intrastate","Operator":"Public Service Co of NC","Status":"Operating","Shape_Leng":0.070912,"Shape__Length":9724.766489706933}},{"type":"Feature","id":21412,"geometry":{"type":"LineString","coordinates":[[-80.8373759999999,35.673344],[-80.8332799999999,35.5466240000001]]},"properties":{"FID":21412,"TYPEPIPE":"Intrastate","Operator":"Public Service Co of NC","Status":"Operating","Shape_Leng":0.126786180698,"Shape__Length":17357.064647459607}},{"type":"Feature","id":21413,"geometry":{"type":"LineString","coordinates":[[-80.785152,35.635968],[-80.8373759999999,35.673344]]},"properties":{"FID":21413,"TYPEPIPE":"Intrastate","Operator":"Public Service Co of NC","Status":"Operating","Shape_Leng":0.0642208031092,"Shape__Length":7747.0885713358675}},{"type":"Feature","id":21414,"geometry":{"type":"LineString","coordinates":[[-81.890048,35.2970240000001],[-81.9747839999999,35.3676800000001]]},"properties":{"FID":21414,"TYPEPIPE":"Intrastate","Operator":"Public Service Co of NC","Status":"Operating","Shape_Leng":0.11032887216,"Shape__Length":13488.130840718068}},{"type":"Feature","id":21415,"geometry":{"type":"LineString","coordinates":[[-81.890048,35.2970240000001],[-82.0431359999999,35.2970240000001]]},"properties":{"FID":21415,"TYPEPIPE":"Intrastate","Operator":"Public Service Co of NC","Status":"Operating","Shape_Leng":0.153088,"Shape__Length":17041.678206555545}},{"type":"Feature","id":21416,"geometry":{"type":"LineString","coordinates":[[-82.0313599999999,35.386368],[-82.0190719999999,35.2896]]},"properties":{"FID":21416,"TYPEPIPE":"Intrastate","Operator":"Public Service Co of NC","Status":"Operating","Shape_Leng":0.0975450704444,"Shape__Length":13275.820394674925}},{"type":"Feature","id":21417,"geometry":{"type":"LineString","coordinates":[[-81.9747839999999,35.37152],[-82.0313599999999,35.386368]]},"properties":{"FID":21417,"TYPEPIPE":"Intrastate","Operator":"Public Service Co of NC","Status":"Operating","Shape_Leng":0.0584919385899,"Shape__Length":6616.234196567761}},{"type":"Feature","id":21418,"geometry":{"type":"LineString","coordinates":[[-81.9747839999999,35.3676800000001],[-81.9747839999999,35.37152]]},"properties":{"FID":21418,"TYPEPIPE":"Intrastate","Operator":"Public Service Co of NC","Status":"Operating","Shape_Leng":0.00383999999997,"Shape__Length":524.2193748280406}},{"type":"Feature","id":21419,"geometry":{"type":"LineString","coordinates":[[-81.73696,35.259648],[-81.890048,35.2970240000001]]},"properties":{"FID":21419,"TYPEPIPE":"Intrastate","Operator":"Public Service Co of NC","Status":"Operating","Shape_Leng":0.157584584018,"Shape__Length":17787.484185888876}},{"type":"Feature","id":21420,"geometry":{"type":"LineString","coordinates":[[-82.745088,35.311872],[-82.724864,35.218688]]},"properties":{"FID":21420,"TYPEPIPE":"Intrastate","Operator":"Public Service Co of NC","Status":"Operating","Shape_Leng":0.0953533850055,"Shape__Length":12902.59118604016}},{"type":"Feature","id":21421,"geometry":{"type":"LineString","coordinates":[[-82.745088,35.311872],[-82.805504,35.226112]]},"properties":{"FID":21421,"TYPEPIPE":"Intrastate","Operator":"Public Service Co of NC","Status":"Operating","Shape_Leng":0.104904102189,"Shape__Length":13489.20192984075}},{"type":"Feature","id":21422,"geometry":{"type":"LineString","coordinates":[[-82.700544,35.378944],[-82.745088,35.311872]]},"properties":{"FID":21422,"TYPEPIPE":"Intrastate","Operator":"Public Service Co of NC","Status":"Operating","Shape_Leng":0.0805159681057,"Shape__Length":10410.41244587163}},{"type":"Feature","id":21423,"geometry":{"type":"LineString","coordinates":[[-78.414208,36.3225600000001],[-78.405632,36.3929600000001]]},"properties":{"FID":21423,"TYPEPIPE":"Intrastate","Operator":"Public Service Co of NC","Status":"Operating","Shape_Leng":0.0709204327116,"Shape__Length":9777.985570240662}},{"type":"Feature","id":21424,"geometry":{"type":"LineString","coordinates":[[-78.414208,36.3225600000001],[-78.3627519999999,36.3278080000001]]},"properties":{"FID":21424,"TYPEPIPE":"Intrastate","Operator":"Public Service Co of NC","Status":"Operating","Shape_Leng":0.0517229295381,"Shape__Length":5773.769913573863}},{"type":"Feature","id":21425,"geometry":{"type":"LineString","coordinates":[[-78.511104,36.2940160000001],[-78.414208,36.3225600000001]]},"properties":{"FID":21425,"TYPEPIPE":"Intrastate","Operator":"Public Service Co of NC","Status":"Operating","Shape_Leng":0.10101284449,"Shape__Length":11484.5378404842}},{"type":"Feature","id":21426,"geometry":{"type":"LineString","coordinates":[[-78.562304,35.77088],[-78.610688,35.8202880000001]]},"properties":{"FID":21426,"TYPEPIPE":"Intrastate","Operator":"Public Service Co of NC","Status":"Operating","Shape_Leng":0.0691531772228,"Shape__Length":8659.729291698059}},{"type":"Feature","id":21427,"geometry":{"type":"LineString","coordinates":[[-78.6278399999999,35.8540800000001],[-78.593664,35.7760000000001]]},"properties":{"FID":21427,"TYPEPIPE":"Intrastate","Operator":"Public Service Co of NC","Status":"Operating","Shape_Leng":0.0852319504411,"Shape__Length":11373.758724712838}},{"type":"Feature","id":21428,"geometry":{"type":"LineString","coordinates":[[-78.6278399999999,35.8540800000001],[-78.530944,35.827968]]},"properties":{"FID":21428,"TYPEPIPE":"Intrastate","Operator":"Public Service Co of NC","Status":"Operating","Shape_Leng":0.100352734691,"Shape__Length":11366.809648664967}},{"type":"Feature","id":21429,"geometry":{"type":"LineString","coordinates":[[-78.736128,35.817728],[-78.562304,35.77088]]},"properties":{"FID":21429,"TYPEPIPE":"Intrastate","Operator":"Public Service Co of NC","Status":"Operating","Shape_Leng":0.18002643717,"Shape__Length":20390.211711986813}},{"type":"Feature","id":21430,"geometry":{"type":"LineString","coordinates":[[-78.562304,35.77088],[-78.485376,35.986816]]},"properties":{"FID":21430,"TYPEPIPE":"Intrastate","Operator":"Public Service Co of NC","Status":"Operating","Shape_Leng":0.229229739083,"Shape__Length":30878.229815072227}},{"type":"Feature","id":21431,"geometry":{"type":"LineString","coordinates":[[-78.736128,35.817728],[-78.744704,35.7760000000001]]},"properties":{"FID":21431,"TYPEPIPE":"Intrastate","Operator":"Public Service Co of NC","Status":"Operating","Shape_Leng":0.042600161502,"Shape__Length":5806.018560791633}},{"type":"Feature","id":21432,"geometry":{"type":"LineString","coordinates":[[-78.7303679999999,35.937408],[-78.6278399999999,35.8540800000001]]},"properties":{"FID":21432,"TYPEPIPE":"Intrastate","Operator":"Public Service Co of NC","Status":"Operating","Shape_Leng":0.132119439781,"Shape__Length":16167.34774968695}},{"type":"Feature","id":21433,"geometry":{"type":"LineString","coordinates":[[-78.8584959999999,35.8488320000001],[-78.736128,35.817728]]},"properties":{"FID":21433,"TYPEPIPE":"Intrastate","Operator":"Public Service Co of NC","Status":"Operating","Shape_Leng":0.126259202595,"Shape__Length":14275.766769127933}},{"type":"Feature","id":21434,"geometry":{"type":"LineString","coordinates":[[-78.839552,35.846272],[-78.836608,35.833216]]},"properties":{"FID":21434,"TYPEPIPE":"Intrastate","Operator":"Public Service Co of NC","Status":"Operating","Shape_Leng":0.0133838063345,"Shape__Length":1822.5563303044369}},{"type":"Feature","id":23282,"geometry":{"type":"LineString","coordinates":[[-114.631669,34.9330880000001],[-114.646912,34.929408]]},"properties":{"FID":23282,"TYPEPIPE":"Intrastate","Operator":"Southern California Gas Co","Status":"Operating","Shape_Leng":0.01568092628,"Shape__Length":1768.88498465104}},{"type":"Feature","id":26239,"geometry":{"type":"LineString","coordinates":[[-82.0125,34.8737],[-82.018639,34.8771180000001],[-82.0309589999999,34.8901500000001],[-82.0347169999999,34.895015],[-82.0347169999999,34.9026610000001],[-82.037223,34.914477],[-82.0434999999999,34.9207000000001],[-82.0488999999999,34.9319],[-82.0488,34.9355],[-82.0545999999999,34.9401],[-82.0545999999999,34.9458000000001],[-82.0587,34.9504],[-82.0597029999999,34.95363],[-82.0629,34.9584],[-82.0628,34.9655000000001],[-82.065203,34.973731],[-82.0672909999999,34.9857210000001],[-82.071092,34.9928780000001],[-82.0887989999999,35.002576],[-82.105087,35.0288140000001],[-82.109055,35.0355910000001],[-82.111561,35.042194],[-82.1228369999999,35.0510560000001],[-82.130353,35.066695],[-82.1380809999999,35.070344],[-82.139959,35.088937],[-82.155621,35.1130900000001],[-82.1616769999999,35.121431],[-82.172535,35.1445410000001],[-82.1927889999999,35.164003],[-82.195295,35.168869],[-82.2081039999999,35.1958270000001]]},"properties":{"FID":26239,"TYPEPIPE":"Interstate","Operator":"Transcontinental Gas PL","Status":"Operating","Shape_Leng":0.392995502532,"Shape__Length":50627.52158433004}},{"type":"Feature","id":26278,"geometry":{"type":"LineString","coordinates":[[-81.41451,35.166543],[-81.410535,35.1692390000001],[-81.3776329999999,35.191601]]},"properties":{"FID":26278,"TYPEPIPE":"Interstate","Operator":"Transcontinental Gas PL","Status":"Operating","Shape_Leng":0.0445849377304,"Shape__Length":5338.451803947667}},{"type":"Feature","id":26279,"geometry":{"type":"LineString","coordinates":[[-80.8761519999999,35.5156630000001],[-80.876902,35.5151060000001],[-80.880275,35.512663],[-80.8834229999999,35.5103750000001],[-80.8867049999999,35.508001],[-80.887421,35.507476],[-80.890123,35.5056040000001],[-80.895617,35.5018880000001],[-80.901507,35.4979240000001],[-80.902553,35.497219],[-80.9064109999999,35.494632],[-80.9074019999999,35.493931],[-80.912671,35.4904070000001],[-80.9137719999999,35.4896610000001],[-80.917309,35.487269],[-80.91813,35.4867150000001],[-80.922764,35.483598],[-80.926396,35.481142],[-80.929909,35.478779],[-80.930625,35.478294],[-80.935263,35.475157],[-80.9405379999999,35.4716040000001],[-80.941323,35.471099],[-80.946127,35.4678230000001],[-80.947058,35.4672200000001],[-80.951916,35.463932],[-80.959142,35.459051],[-80.962113,35.457054],[-80.966369,35.454193],[-80.974969,35.4483500000001],[-80.977549,35.446758],[-80.98607,35.441295],[-80.988544,35.4408040000001],[-80.990391,35.4397470000001]]},"properties":{"FID":26279,"TYPEPIPE":"Interstate","Operator":"Transcontinental Gas PL","Status":"Operating","Shape_Leng":0.137377537945,"Shape__Length":16444.913590051932}},{"type":"Feature","id":27149,"geometry":{"type":"LineString","coordinates":[[-77.145,36.3423000000001],[-77.139488,36.335634],[-77.12958,36.3309980000001],[-77.11989,36.3297640000001],[-77.1193699999999,36.3297150000001],[-77.1045339999999,36.321536],[-77.091642,36.314559],[-77.08946,36.313244],[-77.081992,36.309667],[-77.074766,36.3033],[-77.0718429999999,36.3026360000001],[-77.065116,36.3009900000001],[-77.0532439999999,36.2981510000001],[-77.025278,36.291479]]},"properties":{"FID":27149,"TYPEPIPE":"Interstate","Operator":"Transcontinental Gas PL","Status":"Operating","Shape_Leng":0.132818743032,"Shape__Length":15470.897735276261}},{"type":"Feature","id":27153,"geometry":{"type":"LineString","coordinates":[[-77.511648,36.518202],[-77.506363,36.517047],[-77.500998,36.515764],[-77.4956329999999,36.510616],[-77.489107,36.5043610000001],[-77.487466,36.502725],[-77.4725319999999,36.501362],[-77.4694889999999,36.5010730000001],[-77.463063,36.494946],[-77.457998,36.4901180000001],[-77.44837,36.4855150000001],[-77.445367,36.484088],[-77.428791,36.4780410000001],[-77.4235669999999,36.476181],[-77.4172409999999,36.47161],[-77.412436,36.468242],[-77.402527,36.46104],[-77.394897,36.455446],[-77.387513,36.4492680000001],[-77.379446,36.4422430000001],[-77.375602,36.438859],[-77.3706779999999,36.43456],[-77.364051,36.432908],[-77.346715,36.428434],[-77.338648,36.426381],[-77.321592,36.4220020000001],[-77.305157,36.417768],[-77.2996919999999,36.414095],[-77.28664,36.405242],[-77.277351,36.3989540000001],[-77.2698839999999,36.3964520000001],[-77.259114,36.39286],[-77.2441399999999,36.388048],[-77.238695,36.386332],[-77.2260229999999,36.3835730000001],[-77.219678,36.380702],[-77.20131,36.37233],[-77.1946819999999,36.3688500000001],[-77.189538,36.366268],[-77.18269,36.3628670000001],[-77.180008,36.36152],[-77.1711999999999,36.3570930000001],[-77.145,36.3423000000001]]},"properties":{"FID":27153,"TYPEPIPE":"Interstate","Operator":"Transcontinental Gas PL","Status":"Operating","Shape_Leng":0.414030285211,"Shape__Length":48610.251289750115}},{"type":"Feature","id":27156,"geometry":{"type":"LineString","coordinates":[[-77.5633139999999,36.545121],[-77.564266,36.5307230000001],[-77.557831,36.528884],[-77.544278,36.5257560000001],[-77.527703,36.5219230000001],[-77.5211169999999,36.5204160000001],[-77.511588,36.518202]]},"properties":{"FID":27156,"TYPEPIPE":"Interstate","Operator":"Transcontinental Gas PL","Status":"Operating","Shape_Leng":0.0685828033232,"Shape__Length":8114.147495412116}},{"type":"Feature","id":27162,"geometry":{"type":"LineString","coordinates":[[-77.565518,36.6384120000001],[-77.5656979999999,36.633296],[-77.565838,36.6253570000001],[-77.565999,36.614178],[-77.564317,36.61004],[-77.560173,36.604138],[-77.560754,36.593055],[-77.561234,36.5851960000001],[-77.561574,36.578059],[-77.5620749999999,36.568901],[-77.5626349999999,36.5582670000001],[-77.5629959999999,36.551226],[-77.5633139999999,36.545121]]},"properties":{"FID":27162,"TYPEPIPE":"Interstate","Operator":"Transcontinental Gas PL","Status":"Operating","Shape_Leng":0.0950187968198,"Shape__Length":13093.273936251117}},{"type":"Feature","id":27178,"geometry":{"type":"LineString","coordinates":[[-78.2517139999999,36.7642200000001],[-78.250153,36.758253],[-78.249787,36.7570420000001],[-78.248892,36.753314],[-78.2477909999999,36.7490470000001],[-78.245849,36.741589],[-78.24828,36.7285880000001],[-78.2489889999999,36.7150550000001],[-78.24968,36.703088],[-78.2456079999999,36.6937140000001],[-78.2439669999999,36.6897680000001],[-78.242966,36.6834650000001],[-78.2407039999999,36.6686290000001],[-78.239343,36.6602090000001],[-78.237921,36.651323],[-78.2376209999999,36.649367],[-78.2365,36.6423580000001],[-78.2336569999999,36.6331680000001],[-78.229293,36.624154],[-78.2244489999999,36.614001],[-78.2206649999999,36.606207],[-78.215741,36.595894],[-78.21466,36.5936],[-78.197464,36.5451790000001],[-78.197398,36.5440340000001],[-78.197344,36.543094]]},"properties":{"FID":27178,"TYPEPIPE":"Interstate","Operator":"Transcontinental Gas PL","Status":"Operating","Shape_Leng":0.23161796854,"Shape__Length":31632.500114510945}},{"type":"Feature","id":27214,"geometry":{"type":"LineString","coordinates":[[-79.8486,36.3185],[-79.846899,36.319732],[-79.843987,36.321766],[-79.83887,36.325391],[-79.836685,36.327006],[-79.833533,36.3294730000001],[-79.8281269999999,36.3336850000001],[-79.822511,36.3380730000001],[-79.817664,36.341939],[-79.814691,36.3452100000001],[-79.813095,36.3467370000001],[-79.812158,36.347581],[-79.807958,36.3510850000001],[-79.802133,36.35598],[-79.799021,36.358616],[-79.7968069999999,36.3605690000001],[-79.792318,36.3647730000001],[-79.78766,36.3691210000001],[-79.782882,36.3736460000001],[-79.777825,36.37854],[-79.7730569999999,36.3832180000001],[-79.7679899999999,36.388249],[-79.7634219999999,36.3928060000001],[-79.759981,36.3962220000001],[-79.758315,36.397813],[-79.753317,36.402427],[-79.750006,36.405489],[-79.745717,36.411075],[-79.7418969999999,36.4160420000001],[-79.738126,36.420784],[-79.7341959999999,36.4257180000001],[-79.730845,36.430058],[-79.729319,36.4322040000001],[-79.7265859999999,36.4360540000001],[-79.722147,36.442331],[-79.720601,36.4444770000001],[-79.7177179999999,36.4475390000001],[-79.716688,36.4487760000001],[-79.712082,36.454636],[-79.7084319999999,36.459306],[-79.7047009999999,36.4640150000001],[-79.702397,36.4669650000001],[-79.699933,36.4699150000001],[-79.6931709999999,36.4779120000001],[-79.688792,36.4830390000001],[-79.683236,36.489847],[-79.6814469999999,36.491659],[-79.679745,36.4933830000001],[-79.666977,36.5078580000001],[-79.664932,36.510189],[-79.663566,36.511844],[-79.65816,36.518282],[-79.655387,36.521577],[-79.652055,36.5255320000001],[-79.648938,36.5291550000001],[-79.647497,36.5309070000001],[-79.643886,36.535401],[-79.6411429999999,36.5387850000001],[-79.639597,36.54069],[-79.6380809999999,36.541526],[-79.6379689999999,36.541585]]},"properties":{"FID":27214,"TYPEPIPE":"Interstate","Operator":"Transcontinental Gas PL","Status":"Operating","Shape_Leng":0.308220355776,"Shape__Length":38930.70250365207}},{"type":"Feature","id":27217,"geometry":{"type":"LineString","coordinates":[[-80.35497,35.8594150000001],[-80.342,35.868815],[-80.3394979999999,35.8706110000001],[-80.339886,35.8723890000001],[-80.339778,35.8724800000001],[-80.333343,35.877285],[-80.325147,35.8832630000001],[-80.321384,35.8860950000001],[-80.3208729999999,35.8864750000001],[-80.320353,35.8869040000001],[-80.31612,35.8903990000001],[-80.3107249999999,35.894888],[-80.308914,35.8964090000001],[-80.3032399999999,35.901118],[-80.300988,35.902994],[-80.2985859999999,35.90492],[-80.293712,35.9084710000001],[-80.285676,35.9144010000001],[-80.2811819999999,35.917694],[-80.276759,35.921294],[-80.271305,35.925355],[-80.262808,35.931737],[-80.2610069999999,35.933185],[-80.2542809999999,35.938072],[-80.245885,35.9441800000001],[-80.2394199999999,35.948904],[-80.2314939999999,35.9546720000001],[-80.224428,35.9597690000001],[-80.218193,35.9643070000001],[-80.2068639999999,35.9725100000001],[-80.2000389999999,35.977429],[-80.1886,35.985761],[-80.17545,35.995509],[-80.1555539999999,36.0104430000001],[-80.153082,36.0117290000001],[-80.143905,36.0189050000001],[-80.13775,36.023427],[-80.1257909999999,36.0321240000001],[-80.120467,36.036031],[-80.1062259999999,36.0465960000001],[-80.100601,36.050783],[-80.094086,36.0556320000001],[-80.084979,36.062646],[-80.075192,36.070251],[-80.067822,36.0760070000001],[-80.0615959999999,36.0808640000001],[-80.0547999999999,36.0861320000001],[-80.0486749999999,36.0908920000001],[-80.039317,36.0981560000001],[-80.032771,36.103255],[-80.030749,36.104839],[-80.0282769999999,36.1069390000001],[-80.0269759999999,36.1088950000001],[-80.0244039999999,36.112669],[-80.020881,36.1179050000001],[-80.018368,36.1215730000001],[-80.015596,36.125686],[-80.011883,36.131181],[-80.011082,36.1323610000001],[-80.00883,36.1357140000001],[-80.008119,36.1367890000001],[-80.004947,36.141443],[-80.000573,36.147924],[-79.996764,36.1535390000001],[-79.99292,36.15923],[-79.9902479999999,36.163217],[-79.988546,36.1657330000001],[-79.9851629999999,36.170734],[-79.9822609999999,36.17501],[-79.9806389999999,36.1774380000001],[-79.979258,36.1794640000001],[-79.9740839999999,36.1861280000001],[-79.968038,36.194198],[-79.962904,36.2010230000001],[-79.960682,36.203965],[-79.9562979999999,36.2098340000001],[-79.952615,36.21317],[-79.949802,36.215742],[-79.949152,36.2162890000001],[-79.9427459999999,36.222093],[-79.9395729999999,36.224995],[-79.932577,36.231345],[-79.92412,36.238749],[-79.920537,36.241924],[-79.919035,36.2432590000001],[-79.916483,36.2456540000001],[-79.910738,36.2509600000001],[-79.905133,36.256667],[-79.8986169999999,36.2635480000001],[-79.8939729999999,36.2684600000001],[-79.888989,36.273709],[-79.8849049999999,36.278219],[-79.880011,36.283533],[-79.8738759999999,36.2902930000001],[-79.868051,36.296676],[-79.863637,36.301571],[-79.8580719999999,36.307665],[-79.856861,36.309063],[-79.852877,36.3136210000001],[-79.849952,36.3169600000001],[-79.848582,36.3185530000001]]},"properties":{"FID":27217,"TYPEPIPE":"Interstate","Operator":"Transcontinental Gas PL","Status":"Operating","Shape_Leng":0.689878498504,"Shape__Length":85479.02920121078}},{"type":"Feature","id":27434,"geometry":{"type":"LineString","coordinates":[[-81.3776329999999,35.191601],[-81.3739889999999,35.1939310000001],[-81.3708139999999,35.1959620000001],[-81.368557,35.1974050000001],[-81.3396979999999,35.2174380000001],[-81.329076,35.222653],[-81.323224,35.226369],[-81.242856,35.2796240000001],[-81.283419,35.2532110000001],[-81.305556,35.238796]]},"properties":{"FID":27434,"TYPEPIPE":"Interstate","Operator":"Transcontinental Gas PL","Status":"Operating","Shape_Leng":0.235901432346,"Shape__Length":28151.756660789324}},{"type":"Feature","id":27436,"geometry":{"type":"LineString","coordinates":[[-80.988544,35.4408040000001],[-80.992311,35.443405],[-80.993272,35.4441560000001],[-80.991159,35.445611],[-81.041392,35.4929480000001],[-81.056633,35.5071970000001],[-81.0768849999999,35.51849],[-81.118013,35.543684],[-81.137637,35.5709640000001],[-81.159976,35.5919870000001],[-81.181272,35.6121440000001],[-81.2038199999999,35.624133],[-81.207575,35.6246530000001]]},"properties":{"FID":27436,"TYPEPIPE":"Interstate","Operator":"Transcontinental Gas PL","Status":"Operating","Shape_Leng":0.292600594162,"Shape__Length":35794.11765441702}},{"type":"Feature","id":27447,"geometry":{"type":"LineString","coordinates":[[-80.483963,35.76316],[-80.4909889999999,35.7598100000001],[-80.501227,35.754918],[-80.503278,35.753953],[-80.5040989999999,35.753564],[-80.506571,35.752598],[-80.510074,35.750043],[-80.5103139999999,35.7498410000001],[-80.517349,35.744584],[-80.51884,35.7434650000001],[-80.525496,35.738525],[-80.5273569999999,35.7371380000001],[-80.533222,35.73361],[-80.5347429999999,35.7326850000001],[-80.54348,35.7274120000001],[-80.5454509999999,35.726236],[-80.551886,35.7222540000001],[-80.564196,35.7145150000001],[-80.567979,35.7121060000001],[-80.570891,35.7085050000001],[-80.574384,35.7041330000001],[-80.5758949999999,35.7034590000001],[-80.580629,35.701358],[-80.5809189999999,35.701245],[-80.588205,35.698016],[-80.5919679999999,35.6956640000001],[-80.597862,35.692014],[-80.600444,35.690619],[-80.604697,35.6894830000001],[-80.612924,35.6873340000001],[-80.621971,35.6849330000001],[-80.622872,35.684697],[-80.6275249999999,35.6817120000001],[-80.635842,35.6763990000001],[-80.637283,35.6754500000001],[-80.641196,35.672068],[-80.648221,35.666025],[-80.6586,35.65939],[-80.6697579999999,35.6522350000001],[-80.676504,35.647863],[-80.6822779999999,35.644457],[-80.691815,35.6388190000001],[-80.692726,35.6383490000001],[-80.704956,35.631089],[-80.705876,35.630529],[-80.7119509999999,35.626806],[-80.712622,35.624689],[-80.714303,35.6215090000001],[-80.719527,35.6179480000001],[-80.728604,35.611816],[-80.735249,35.6072980000001],[-80.7443259999999,35.601125],[-80.746898,35.599316],[-80.751892,35.596664],[-80.7527929999999,35.596185],[-80.76188,35.5913590000001],[-80.7667939999999,35.588577],[-80.7713879999999,35.58603],[-80.7724279999999,35.5854380000001],[-80.7797639999999,35.581325],[-80.786259,35.5771310000001],[-80.794135,35.572013],[-80.804063,35.565573],[-80.8108579999999,35.56116],[-80.814411,35.55884],[-80.820286,35.555263],[-80.8222269999999,35.554087],[-80.829083,35.549836],[-80.8364779999999,35.5449780000001],[-80.845656,35.538918],[-80.85106,35.5354300000001],[-80.8581849999999,35.531058],[-80.86049,35.529615],[-80.86061,35.5289680000001],[-80.8609949999999,35.5266070000001],[-80.864313,35.524233],[-80.86774,35.5217460000001],[-80.8761519999999,35.5156630000001]]},"properties":{"FID":27447,"TYPEPIPE":"Interstate","Operator":"Transcontinental Gas PL","Status":"Operating","Shape_Leng":0.46817462185,"Shape__Length":55849.34266073385}},{"type":"Feature","id":27457,"geometry":{"type":"LineString","coordinates":[[-81.6414949999999,35.058528],[-81.634607,35.0618290000001],[-81.632935,35.0646100000001],[-81.608503,35.076078],[-81.603075,35.079206],[-81.583447,35.0837240000001],[-81.578854,35.085834],[-81.563191,35.094497],[-81.548783,35.1024900000001],[-81.547111,35.104749],[-81.543351,35.104228],[-81.517713,35.1147810000001],[-81.465293,35.138989],[-81.41451,35.166543]]},"properties":{"FID":27457,"TYPEPIPE":"Interstate","Operator":"Transcontinental Gas PL","Status":"Operating","Shape_Leng":0.25355659721,"Shape__Length":29547.654344287414}},{"type":"Feature","id":27460,"geometry":{"type":"LineString","coordinates":[[-81.242856,35.2796240000001],[-81.233887,35.286681],[-81.2221949999999,35.2924150000001],[-81.1720319999999,35.3249690000001],[-81.170309,35.326087],[-81.166231,35.3287330000001],[-81.1285329999999,35.3504740000001],[-81.126763,35.3514950000001],[-81.053051,35.3959790000001],[-81.0507019999999,35.397547],[-81.027787,35.412835],[-81.006545,35.430167],[-81.004656,35.4312870000001],[-80.997217,35.4356990000001],[-80.990391,35.4397470000001]]},"properties":{"FID":27460,"TYPEPIPE":"Interstate","Operator":"Transcontinental Gas PL","Status":"Operating","Shape_Leng":0.299374005912,"Shape__Length":35658.862273887804}},{"type":"Feature","id":27462,"geometry":{"type":"LineString","coordinates":[[-80.4840129999999,35.7631430000001],[-80.481061,35.7645470000001],[-80.474666,35.769081],[-80.474206,35.769397],[-80.468261,35.773485],[-80.4675799999999,35.773964],[-80.461866,35.777736],[-80.458383,35.780015],[-80.457503,35.7809400000001],[-80.456272,35.7822130000001],[-80.4500869999999,35.7876810000001],[-80.442291,35.794494],[-80.440489,35.796043],[-80.4338539999999,35.801859],[-80.42797,35.8070260000001],[-80.424787,35.809825],[-80.421454,35.8121530000001],[-80.412708,35.8183010000001],[-80.404701,35.8239310000001],[-80.396665,35.829665],[-80.386837,35.8366740000001],[-80.384666,35.8381820000001],[-80.378021,35.8429840000001],[-80.371515,35.847632],[-80.366812,35.8509010000001],[-80.354771,35.859409]]},"properties":{"FID":27462,"TYPEPIPE":"Interstate","Operator":"Transcontinental Gas PL","Status":"Operating","Shape_Leng":0.161444335488,"Shape__Length":19572.86169863008}},{"type":"Feature","id":27998,"geometry":{"type":"LineString","coordinates":[[-111.980579,35.2154560000001],[-111.973731,35.2472720000001]]},"properties":{"FID":27998,"TYPEPIPE":"Interstate","Operator":"Transwestern Gas Co","Status":"Operating","Shape_Leng":0.032544630279,"Shape__Length":4402.464896978243}},{"type":"Feature","id":28001,"geometry":{"type":"LineString","coordinates":[[-111.38684,35.328124],[-111.385367,35.3628340000001]]},"properties":{"FID":28001,"TYPEPIPE":"Interstate","Operator":"Transwestern Gas Co","Status":"Operating","Shape_Leng":0.03474124104,"Shape__Length":4739.873751457697}},{"type":"Feature","id":28038,"geometry":{"type":"LineString","coordinates":[[-114.534153,34.952114],[-114.466566,34.734049],[-114.485749,34.727242]]},"properties":{"FID":28038,"TYPEPIPE":"Interstate","Operator":"Transwestern Gas Co","Status":"Operating","Shape_Leng":0.248653729579,"Shape__Length":32845.5010840253}},{"type":"Feature","id":28082,"geometry":{"type":"LineString","coordinates":[[-112.695293,35.2513450000001],[-112.672644,35.2759070000001]]},"properties":{"FID":28082,"TYPEPIPE":"Interstate","Operator":"Transwestern Gas Co","Status":"Operating","Shape_Leng":0.03341061276,"Shape__Length":4191.733818000533}},{"type":"Feature","id":28086,"geometry":{"type":"LineString","coordinates":[[-114.630574,34.9337090000001],[-114.589198,34.97286],[-114.580505,34.9844140000001],[-114.567629,34.991448],[-114.546171,34.9999480000001],[-114.531622,35.005456],[-114.523459,35.0117240000001],[-114.511223,35.017993],[-114.490839,35.0242650000001],[-114.485372,35.029257],[-114.470446,35.03367],[-114.450067,35.0368110000001],[-114.425599,35.0462180000001],[-114.425593,35.0493480000001],[-114.421479,35.068137],[-114.405152,35.0806710000001],[-114.401065,35.086935],[-114.384766,35.0869440000001],[-114.364393,35.0869530000001],[-114.34402,35.086963],[-114.319585,35.0807130000001],[-114.29922,35.077593],[-114.278852,35.0744710000001],[-114.25848,35.074482],[-114.238105,35.0744920000001],[-114.213644,35.080766],[-114.193263,35.0839070000001],[-114.172891,35.083918],[-114.152503,35.0901910000001],[-114.132115,35.096464],[-114.111734,35.0996040000001],[-114.099495,35.105871],[-114.087264,35.1090090000001],[-114.066876,35.115281],[-114.038317,35.130951],[-114.017942,35.1309610000001],[-113.997553,35.137234],[-113.977156,35.1466370000001],[-113.97715,35.149769],[-113.960806,35.168564],[-113.956732,35.1685660000001],[-113.932266,35.1748410000001],[-113.911877,35.181112],[-113.891502,35.1811220000001],[-113.871128,35.181132],[-113.850767,35.174879],[-113.826317,35.1748920000001],[-113.805949,35.171769],[-113.785582,35.1686490000001],[-113.765229,35.1592660000001],[-113.748952,35.149879],[-113.744876,35.1498810000001],[-113.720441,35.143631],[-113.70417,35.131114],[-113.700096,35.1311160000001],[-113.679728,35.1279950000001],[-113.659361,35.124874],[-113.638993,35.1217520000001],[-113.614542,35.121764],[-113.594175,35.1186430000001],[-113.515074,35.131689],[-113.408884,35.162094],[-113.334895,35.1947930000001],[-113.332451,35.196105]]},"properties":{"FID":28086,"TYPEPIPE":"Interstate","Operator":"Transwestern Gas Co","Status":"Operating","Shape_Leng":1.41120925315,"Shape__Length":162114.93832792717}},{"type":"Feature","id":28090,"geometry":{"type":"LineString","coordinates":[[-113.334895,35.1947930000001],[-113.395567,35.113183],[-113.430236,35.099166],[-113.517285,35.077384],[-113.53361,35.074173],[-113.537697,35.074173],[-113.558137,35.074173],[-113.578577,35.074173],[-113.603104,35.074173],[-113.623543,35.074173],[-113.643956,35.0709610000001],[-113.664447,35.077384],[-113.684941,35.083809],[-113.709518,35.0902330000001],[-113.721809,35.093445],[-113.729984,35.093445],[-113.75045,35.096658],[-113.770994,35.1095050000001],[-113.775107,35.112717],[-113.791485,35.1159290000001],[-113.816038,35.1191420000001],[-113.836503,35.122354],[-113.856996,35.1287780000001],[-113.873373,35.13199],[-113.87746,35.13199],[-113.897899,35.13199],[-113.922426,35.13199],[-113.934691,35.13199],[-113.995698,35.093445],[-114.01611,35.0902330000001],[-114.036498,35.083809],[-114.056911,35.0805970000001],[-114.077298,35.074173],[-114.081387,35.074173],[-114.101799,35.0709610000001],[-114.122213,35.0677480000001],[-114.1426,35.0613240000001],[-114.163014,35.058113],[-114.162988,35.0549],[-114.187489,35.0516880000001],[-114.207877,35.045264],[-114.22829,35.0420530000001],[-114.248704,35.0388390000001],[-114.248677,35.035627],[-114.269065,35.029204],[-114.293514,35.0195670000001],[-114.313954,35.0195670000001],[-114.322103,35.016356],[-114.334366,35.016356],[-114.354702,35.0035070000001],[-114.375116,35.000294],[-114.399591,34.9938710000001],[-114.534153,34.952114]]},"properties":{"FID":28090,"TYPEPIPE":"Interstate","Operator":"Transwestern Gas Co","Status":"Operating","Shape_Leng":1.294679814,"Shape__Length":148426.06777361984}},{"type":"Feature","id":28093,"geometry":{"type":"LineString","coordinates":[[-112.394596,35.179425],[-112.406055,35.1740950000001],[-112.532753,35.1772760000001],[-112.695293,35.2513450000001],[-112.72825,35.2663630000001],[-112.981647,35.272727],[-113.129018,35.2472720000001],[-113.334895,35.1947930000001]]},"properties":{"FID":28093,"TYPEPIPE":"Interstate","Operator":"Transwestern Gas Co","Status":"Operating","Shape_Leng":0.969704789628,"Shape__Length":109495.3219658549}},{"type":"Feature","id":28096,"geometry":{"type":"LineString","coordinates":[[-110.750285,35.436738],[-110.760908,35.431854],[-110.803169,35.4240890000001],[-110.931868,35.411815],[-111.02789,35.3984740000001],[-111.192575,35.383403],[-111.30822,35.3689370000001],[-111.385367,35.3628340000001],[-111.405805,35.3628340000001],[-111.430333,35.3628340000001],[-111.450773,35.3628340000001],[-111.471224,35.359672],[-111.491678,35.3565110000001],[-111.51213,35.353349],[-111.536658,35.353349],[-111.553022,35.3501880000001],[-111.590305,35.336257],[-111.644387,35.2992140000001],[-111.763662,35.258089],[-111.824589,35.240644],[-111.88795,35.231365],[-111.90839,35.231365],[-111.928816,35.234545],[-111.94923,35.240909],[-111.973731,35.2472720000001],[-111.977806,35.2504540000001],[-111.994145,35.253636],[-112.014558,35.259999],[-112.034972,35.2663630000001],[-112.055412,35.2663630000001],[-112.067663,35.2695440000001],[-112.079927,35.2695440000001],[-112.100379,35.2663630000001],[-112.120818,35.2663630000001],[-112.14127,35.263181],[-112.161723,35.259999],[-112.186263,35.2568180000001],[-112.206715,35.253636],[-112.214904,35.2504540000001],[-112.227168,35.2504540000001],[-112.24762,35.2472720000001],[-112.268072,35.244091],[-112.292612,35.240909],[-112.313078,35.234545],[-112.325354,35.231365],[-112.33353,35.231365],[-112.354009,35.221819],[-112.370399,35.212274],[-112.374499,35.209092],[-112.399053,35.202729],[-112.409605,35.202729]]},"properties":{"FID":28096,"TYPEPIPE":"Interstate","Operator":"Transwestern Gas Co","Status":"Operating","Shape_Leng":1.70568917691,"Shape__Length":192300.45362456472}},{"type":"Feature","id":28099,"geometry":{"type":"LineString","coordinates":[[-110.750272,35.397523],[-110.828418,35.3864790000001],[-110.890954,35.402771],[-110.931868,35.411815],[-111.009862,35.386135],[-111.071706,35.375476],[-111.160809,35.359491],[-111.200684,35.348326],[-111.285633,35.329168],[-111.325523,35.3249920000001],[-111.345961,35.328124],[-111.366401,35.328124],[-111.38684,35.328124],[-111.411368,35.328124],[-111.431807,35.334388],[-111.452246,35.328124],[-111.472686,35.328124],[-111.493125,35.3312570000001],[-111.524393,35.3242990000001],[-111.570334,35.308653],[-111.644387,35.2992140000001],[-111.732123,35.242529],[-111.830088,35.219251],[-111.894784,35.209092],[-111.915225,35.209092],[-111.939752,35.209092],[-111.960165,35.212274],[-111.980579,35.2154560000001],[-112.000993,35.2186370000001],[-112.021406,35.221819],[-112.037706,35.2281820000001],[-112.045882,35.2281820000001],[-112.066296,35.231365],[-112.086709,35.234545],[-112.10715,35.234545],[-112.127614,35.231365],[-112.152141,35.231365],[-112.172606,35.2281820000001],[-112.193046,35.2281820000001],[-112.213511,35.2250020000001],[-112.233977,35.221819],[-112.258503,35.221819],[-112.278995,35.2154560000001],[-112.299459,35.212274],[-112.307662,35.209092],[-112.319951,35.2059120000001],[-112.340442,35.199548],[-112.36096,35.190002],[-112.365047,35.190002],[-112.385537,35.183639],[-112.394596,35.179425]]},"properties":{"FID":28099,"TYPEPIPE":"Interstate","Operator":"Transwestern Gas Co","Status":"Operating","Shape_Leng":1.69590840388,"Shape__Length":191504.82552039291}},{"type":"Feature","id":28102,"geometry":{"type":"LineString","coordinates":[[-110.750272,35.397523],[-110.673105,35.4084280000001],[-110.419783,35.4586410000001],[-110.215583,35.499509],[-110.162499,35.5120830000001],[-110.142086,35.5152350000001],[-110.121685,35.512134],[-110.10128,35.5121600000001],[-110.076792,35.512191],[-110.060463,35.515339],[-109.966588,35.5248480000001],[-109.946184,35.5248760000001],[-109.92578,35.524904],[-109.905383,35.521802],[-109.830022,35.5093430000001]]},"properties":{"FID":28102,"TYPEPIPE":"Interstate","Operator":"Transwestern Gas Co","Status":"Operating","Shape_Leng":0.933978519069,"Shape__Length":104735.2167234786}},{"type":"Feature","id":28105,"geometry":{"type":"LineString","coordinates":[[-109.830022,35.5093430000001],[-109.811557,35.50629],[-109.660543,35.5346650000001],[-109.615651,35.544118],[-109.474243,35.5904390000001],[-109.331233,35.6220920000001],[-109.284559,35.6167100000001],[-109.228357,35.610999],[-109.195248,35.599613],[-109.174808,35.6090060000001],[-109.154369,35.6089840000001],[-109.133928,35.6089620000001],[-109.113489,35.6089400000001],[-109.088962,35.608913],[-109.068523,35.608889],[-109.048082,35.608866],[-109.044984,35.608387]]},"properties":{"FID":28105,"TYPEPIPE":"Interstate","Operator":"Transwestern Gas Co","Status":"Operating","Shape_Leng":0.804363902212,"Shape__Length":90607.89001473262}},{"type":"Feature","id":28109,"geometry":{"type":"LineString","coordinates":[[-109.829468,35.532201],[-109.812518,35.528954],[-109.624474,35.5759380000001],[-109.46096,35.6072600000001],[-109.331233,35.6220920000001],[-109.245652,35.631285],[-109.164147,35.64362],[-109.045963,35.6433400000001],[-109.044977,35.643224]]},"properties":{"FID":28109,"TYPEPIPE":"Interstate","Operator":"Transwestern Gas Co","Status":"Operating","Shape_Leng":0.795825606743,"Shape__Length":89225.92386267422}},{"type":"Feature","id":28113,"geometry":{"type":"LineString","coordinates":[[-109.044977,35.643224],[-108.964457,35.6337490000001],[-108.907404,35.6242170000001],[-108.870726,35.6116020000001],[-108.793296,35.6114170000001]]},"properties":{"FID":28113,"TYPEPIPE":"Interstate","Operator":"Transwestern Gas Co","Status":"Operating","Shape_Leng":0.255136341633,"Shape__Length":28593.69298026184}},{"type":"Feature","id":28118,"geometry":{"type":"LineString","coordinates":[[-109.044984,35.608387],[-109.027644,35.6057040000001],[-109.007203,35.6056790000001],[-108.986765,35.5962430000001],[-108.97859,35.596233],[-108.962237,35.596213],[-108.941798,35.5930510000001],[-108.921359,35.5930260000001],[-108.900919,35.5930010000001],[-108.88048,35.592974],[-108.855952,35.586669],[-108.835513,35.586642],[-108.815074,35.586616],[-108.798721,35.586594],[-108.753755,35.5488960000001]]},"properties":{"FID":28118,"TYPEPIPE":"Interstate","Operator":"Transwestern Gas Co","Status":"Operating","Shape_Leng":0.308260886312,"Shape__Length":35152.01714152634}},{"type":"Feature","id":28294,"geometry":{"type":"LineString","coordinates":[[-110.750285,35.436738],[-110.720029,35.4506470000001],[-110.67915,35.4475150000001],[-110.621919,35.4506470000001],[-110.364384,35.4976320000001],[-110.147725,35.5446150000001],[-110.094582,35.53835],[-110.082319,35.53835],[-109.959683,35.5571430000001],[-109.829468,35.532201]]},"properties":{"FID":28294,"TYPEPIPE":"Interstate","Operator":"Transwestern Gas Co","Status":"Operating","Shape_Leng":0.937519796806,"Shape__Length":105288.55084295159}},{"type":"Feature","id":28298,"geometry":{"type":"LineString","coordinates":[[-112.409605,35.202729],[-112.419491,35.202729],[-112.439945,35.199548],[-112.460383,35.199548],[-112.480836,35.1963660000001],[-112.501275,35.1963660000001],[-112.525778,35.202729],[-112.54619,35.209092],[-112.566579,35.221819],[-112.578805,35.231365],[-112.586966,35.234545],[-112.607381,35.240909],[-112.619604,35.2504540000001],[-112.631855,35.253636],[-112.652243,35.2663630000001],[-112.656319,35.2695440000001],[-112.672644,35.2759070000001],[-112.688944,35.2886340000001],[-112.693032,35.2886340000001],[-112.713458,35.291816],[-112.737986,35.291816],[-112.758413,35.2949980000001],[-112.778852,35.2949980000001],[-112.799305,35.291816],[-112.819731,35.2949980000001],[-112.844246,35.2981800000001],[-112.864684,35.2981800000001],[-112.885125,35.2981800000001],[-112.90555,35.301361],[-112.925977,35.3045440000001],[-112.950504,35.3045440000001],[-112.970957,35.301361],[-112.991409,35.2981800000001],[-113.011849,35.2981800000001],[-113.020024,35.2981800000001],[-113.145415,35.267227],[-113.189279,35.2543640000001],[-113.26315,35.2333140000001],[-113.332451,35.196105]]},"properties":{"FID":28298,"TYPEPIPE":"Interstate","Operator":"Transwestern Gas Co","Status":"Operating","Shape_Leng":0.96771089581,"Shape__Length":110011.45310063272}},{"type":"Feature","id":28384,"geometry":{"type":"LineString","coordinates":[[-82.2081039999999,35.1958270000001],[-82.2063629999999,35.214569],[-82.167941,35.242197],[-82.171281,35.2475840000001],[-82.1708629999999,35.2592260000001],[-82.170655,35.2778190000001],[-82.168359,35.2795570000001],[-82.169819,35.2825110000001],[-82.1737869999999,35.284075],[-82.171281,35.298149]]},"properties":{"FID":28384,"TYPEPIPE":"Interstate","Operator":"Transcontinental Gas PL","Status":"Operating","Shape_Leng":0.127463916357,"Shape__Length":16417.92248282801}},{"type":"Feature","id":30001,"geometry":{"type":"LineString","coordinates":[[-110.098173,36.75044],[-109.993399,36.801611],[-109.931015,36.8206670000001],[-109.894766,36.839057],[-109.856733,36.871113],[-109.813728,36.906367],[-109.76736,36.92927],[-109.67351,36.9512520000001],[-109.625367,36.9539120000001],[-109.612216,36.957459],[-109.567932,36.973399],[-109.489218,36.9922780000001],[-109.404211,36.997691]]},"properties":{"FID":30001,"TYPEPIPE":"Interstate","Operator":"Questar Southern Trails Line","Status":"Operating","Shape_Leng":0.750961525108,"Shape__Length":86795.25033034688}},{"type":"Feature","id":30002,"geometry":{"type":"LineString","coordinates":[[-115.244881,34.72814],[-115.190707,34.749201],[-115.079778,34.779552],[-114.894035,34.836754],[-114.689575,34.901234],[-114.63283,34.9222760000001]]},"properties":{"FID":30002,"TYPEPIPE":"Interstate","Operator":"Questar Southern Trails Line","Status":"Operating","Shape_Leng":0.642388892973,"Shape__Length":73086.80172482297}},{"type":"Feature","id":30660,"geometry":{"type":"LineString","coordinates":[[-111.166944404,32.2009710880001],[-111.193203359,32.128054924],[-111.321807454,32.054437509],[-111.394798969,31.954222707],[-111.398274754,31.859802906],[-111.512975705,31.7682414130001],[-111.53730621,31.67363119],[-111.57553986,31.6114907850001],[-111.57553986,31.498940763]]},"properties":{"FID":30660,"TYPEPIPE":"Intrastate","Operator":"Sierrita Gas Pipeline","Status":"Operating","Shape_Leng":0.874110795984,"Shape__Length":109220.63916577643}},{"type":"Feature","id":32023,"geometry":{"type":"LineString","coordinates":[[-109.404211,36.997691],[-109.383523,36.9964840000001],[-109.383095,36.9962320000001],[-109.382695,36.996118],[-109.350826,36.979746],[-109.350512,36.9797],[-109.347489,36.978188],[-109.34495,36.977089],[-109.338589,36.9747980000001],[-109.329662,36.9711540000001],[-109.32239,36.9684270000001],[-109.317029,36.9662030000001],[-109.280813,36.955405],[-109.249986,36.94606],[-109.249358,36.9458770000001],[-109.249301,36.9459690000001],[-109.223782,36.93812],[-109.191739,36.928386],[-109.167636,36.926862],[-109.147249,36.925543],[-109.146236,36.9254470000001],[-109.125311,36.923845],[-109.1238,36.923616],[-109.121234,36.92357],[-109.044546,36.8730860000001]]},"properties":{"FID":32023,"TYPEPIPE":"Interstate","Operator":"Questar Southern Trails Line","Status":"Operating","Shape_Leng":0.387348147853,"Shape__Length":44704.97161119907}},{"type":"Feature","id":32024,"geometry":{"type":"LineString","coordinates":[[-109.044534,36.873089],[-109.012407,36.8664370000001],[-108.833866,36.778123],[-108.75389,36.736946],[-108.575897,36.654454]]},"properties":{"FID":32024,"TYPEPIPE":"Interstate","Operator":"Questar Southern Trails Line","Status":"Operating","Shape_Leng":0.518130932835,"Shape__Length":60526.183323193276}},{"type":"Feature","id":32026,"geometry":{"type":"LineString","coordinates":[[-114.632727,34.9221360000001],[-114.61463,34.951529],[-114.565475,34.993658],[-114.555002,34.999065],[-114.544217,35.004604],[-114.537485,35.0083030000001],[-114.53471,35.009917],[-114.527727,35.0125590000001],[-114.52436,35.013869],[-114.512372,35.0193150000001],[-114.506638,35.022028],[-114.496831,35.027052],[-114.493289,35.0285020000001],[-114.487925,35.0305950000001],[-114.479536,35.034634],[-114.468443,35.040854],[-114.429055,35.058572],[-114.427827,35.059418],[-114.42571,35.060168],[-114.419342,35.062984],[-114.418364,35.0636880000001],[-114.418182,35.063993],[-114.416183,35.0751240000001],[-114.416409,35.076671],[-114.416141,35.0901470000001],[-114.416072,35.090688],[-114.415344,35.0923750000001],[-114.413525,35.0953050000001],[-114.413321,35.0969460000001],[-114.412342,35.099898],[-114.411615,35.10114],[-114.40984,35.103462],[-114.408906,35.104094],[-114.407041,35.1060170000001],[-114.404582,35.1078440000001],[-114.402579,35.109532],[-114.401282,35.11026],[-114.39764,35.111408],[-114.392655,35.1089460000001],[-114.39195,35.1089700000001],[-114.39129,35.1088750000001],[-114.388718,35.107542],[-114.387602,35.1078440000001],[-114.385873,35.106861],[-114.384257,35.106885],[-114.382801,35.1065080000001],[-114.382412,35.106344],[-114.38189,35.1054540000001],[-114.381231,35.1053830000001],[-114.380775,35.105172],[-114.379706,35.104116],[-114.372423,35.101349],[-114.363686,35.098534],[-114.360546,35.0964690000001],[-114.35818,35.096633],[-114.357541,35.0964920000001],[-114.356245,35.0960230000001],[-114.347075,35.0944700000001],[-114.340432,35.0926620000001],[-114.319226,35.090605],[-114.315471,35.090016],[-114.313628,35.090248],[-114.282425,35.0864710000001],[-114.251402,35.083799],[-114.216501,35.0878060000001],[-114.177722,35.1025040000001],[-114.10275,35.1305610000001],[-114.000632,35.1719790000001]]},"properties":{"FID":32026,"TYPEPIPE":"Interstate","Operator":"Questar Southern Trails Line","Status":"Operating","Shape_Leng":0.736748973573,"Shape__Length":86319.21412354044}},{"type":"Feature","id":32027,"geometry":{"type":"LineString","coordinates":[[-114.000632,35.1719790000001],[-113.983661,35.176886]]},"properties":{"FID":32027,"TYPEPIPE":"Interstate","Operator":"Questar Southern Trails Line","Status":"Operating","Shape_Leng":0.0176661679489,"Shape__Length":2003.9142225828543}},{"type":"Feature","id":32028,"geometry":{"type":"LineString","coordinates":[[-113.983661,35.176886],[-113.938102,35.198248],[-113.870512,35.19559],[-113.716947,35.1743440000001],[-113.603546,35.1642650000001],[-113.545778,35.1670110000001],[-113.492037,35.1730370000001],[-113.421153,35.180935],[-113.397186,35.176906],[-113.296791,35.201061],[-113.250125,35.225086],[-113.154713,35.262409],[-113.104985,35.286206],[-113.000002,35.2880420000001]]},"properties":{"FID":32028,"TYPEPIPE":"Interstate","Operator":"Questar Southern Trails Line","Status":"Operating","Shape_Leng":1.01270073797,"Shape__Length":114256.48827040436}},{"type":"Feature","id":32029,"geometry":{"type":"LineString","coordinates":[[-113.000002,35.2880420000001],[-112.975467,35.2880500000001],[-112.907943,35.288058],[-112.895546,35.288061],[-112.894764,35.288175],[-112.882534,35.289322]]},"properties":{"FID":32029,"TYPEPIPE":"Interstate","Operator":"Questar Southern Trails Line","Status":"Operating","Shape_Leng":0.117529936305,"Shape__Length":13086.812833223834}},{"type":"Feature","id":32030,"geometry":{"type":"LineString","coordinates":[[-112.882534,35.289322],[-112.882031,35.2897800000001],[-112.881724,35.2899170000001],[-112.879937,35.290261],[-112.865289,35.2932930000001],[-112.860965,35.2941940000001],[-112.856107,35.295194],[-112.85207,35.2960140000001],[-112.847912,35.29686],[-112.840151,35.298429],[-112.836107,35.2992600000001],[-112.831324,35.3002260000001],[-112.826799,35.301143],[-112.825284,35.301448],[-112.824781,35.301447],[-112.822547,35.301836],[-112.817665,35.302417],[-112.808047,35.303549],[-112.807101,35.30366],[-112.805956,35.303728],[-112.805034,35.304002],[-112.80456,35.3041160000001],[-112.80333,35.3042530000001],[-112.802548,35.3044130000001],[-112.799503,35.304709],[-112.797715,35.305441],[-112.796905,35.3059670000001],[-112.795815,35.306149],[-112.793022,35.3059870000001],[-112.790481,35.3059620000001],[-112.788861,35.3060990000001],[-112.788609,35.3062130000001],[-112.788358,35.306465],[-112.785227,35.308684],[-112.77944,35.3125370000001],[-112.777147,35.314062],[-112.773479,35.3165270000001],[-112.769013,35.3194780000001],[-112.768259,35.319706],[-112.759839,35.321065],[-112.754373,35.321941],[-112.750013,35.322643],[-112.750012,35.322655],[-112.749314,35.32277],[-112.744762,35.323713],[-112.743282,35.323967],[-112.731274,35.326415],[-112.727045,35.327278],[-112.722945,35.328113],[-112.719553,35.3288020000001],[-112.715743,35.329578],[-112.713899,35.33022],[-112.705227,35.3330580000001],[-112.703454,35.3336400000001],[-112.702197,35.334144],[-112.69572,35.3363880000001],[-112.690681,35.3381400000001],[-112.684521,35.3402790000001],[-112.681179,35.341438],[-112.679307,35.342084],[-112.676094,35.3432030000001],[-112.671668,35.3447350000001],[-112.667278,35.346252],[-112.666635,35.346527],[-112.665853,35.346734],[-112.662724,35.347971],[-112.659184,35.349221],[-112.651493,35.3519220000001],[-112.645831,35.353917],[-112.638472,35.356497],[-112.6345,35.357892],[-112.633299,35.358167],[-112.63274,35.358236],[-112.632432,35.358442],[-112.629231,35.359717],[-112.625449,35.361229],[-112.618995,35.3637910000001],[-112.614742,35.365481],[-112.605739,35.369066],[-112.603098,35.371274],[-112.599726,35.374194],[-112.59526,35.3780410000001],[-112.592014,35.3808450000001],[-112.58787,35.3844270000001],[-112.587786,35.3847470000001],[-112.585688,35.388136],[-112.58538,35.3883870000001],[-112.581036,35.391193],[-112.576844,35.393876],[-112.573433,35.396078],[-112.569073,35.398869],[-112.568653,35.399052],[-112.56745,35.400105],[-112.566219,35.4013860000001],[-112.564792,35.4022790000001],[-112.563561,35.4029190000001],[-112.560207,35.4049800000001],[-112.557076,35.4069000000001],[-112.554066,35.408755],[-112.54881,35.4119840000001],[-112.547165,35.412986],[-112.545738,35.4136950000001],[-112.543083,35.414612],[-112.543052,35.414632],[-112.542324,35.414563],[-112.536686,35.414367],[-112.530838,35.414163],[-112.525599,35.413979],[-112.525096,35.41407],[-112.524648,35.414047],[-112.523977,35.414161],[-112.516729,35.417017],[-112.513987,35.418205],[-112.508855,35.4217550000001],[-112.505615,35.4239910000001],[-112.504943,35.424357],[-112.504663,35.424608],[-112.499988,35.427237],[-112.499519,35.427594],[-112.497088,35.429131],[-112.495765,35.4298860000001],[-112.492128,35.43192],[-112.486315,35.435194],[-112.483251,35.4369080000001],[-112.479256,35.4390500000001],[-112.474672,35.441491],[-112.471996,35.4429220000001],[-112.466279,35.445967],[-112.465664,35.44622],[-112.465245,35.446449],[-112.457244,35.448218],[-112.454474,35.4489070000001],[-112.451313,35.449505],[-112.448852,35.450697],[-112.447761,35.4514080000001],[-112.446475,35.452485],[-112.434681,35.4566570000001],[-112.431899,35.457586],[-112.428934,35.458609],[-112.428458,35.4588610000001],[-112.426108,35.4590910000001],[-112.425324,35.459252],[-112.418315,35.460089],[-112.414591,35.460536],[-112.410804,35.4609840000001],[-112.402535,35.4619730000001],[-112.399858,35.4622840000001],[-112.398375,35.4623990000001],[-112.396975,35.462857],[-112.395184,35.4637280000001],[-112.394373,35.464026],[-112.391463,35.465652],[-112.386733,35.468424],[-112.385978,35.4686990000001],[-112.384522,35.4689280000001],[-112.382591,35.4685840000001],[-112.381891,35.468401],[-112.380324,35.468195],[-112.378868,35.468402],[-112.377917,35.468425],[-112.376937,35.4686080000001],[-112.371156,35.47076],[-112.367812,35.471997],[-112.366665,35.47218],[-112.366413,35.472158],[-112.363642,35.4725010000001],[-112.363362,35.4727300000001],[-112.362942,35.4729590000001],[-112.362214,35.4730730000001],[-112.358267,35.4742640000001],[-112.349654,35.477402],[-112.344231,35.479386],[-112.33529,35.4826410000001],[-112.333911,35.483144],[-112.330372,35.484162],[-112.327812,35.4848900000001],[-112.324871,35.485737],[-112.320382,35.487018],[-112.315613,35.488391],[-112.307422,35.490737],[-112.304898,35.49166],[-112.302604,35.4924980000001],[-112.298544,35.493549],[-112.291335,35.495621],[-112.287433,35.496747],[-112.284217,35.4976730000001],[-112.283325,35.4979200000001]]},"properties":{"FID":32030,"TYPEPIPE":"Interstate","Operator":"Questar Southern Trails Line","Status":"Operating","Shape_Leng":0.646049336246,"Shape__Length":74287.96327168573}},{"type":"Feature","id":32031,"geometry":{"type":"LineString","coordinates":[[-112.283325,35.4979200000001],[-112.251987,35.5000010000001],[-112.227297,35.5070190000001],[-112.19972,35.514734],[-112.19258,35.517097],[-112.153038,35.5312880000001],[-112.120794,35.543795],[-112.113481,35.546588],[-112.112444,35.546748],[-112.109026,35.5472970000001],[-112.067015,35.5629490000001],[-112.009767,35.578023],[-112.000008,35.5806700000001],[-111.965607,35.5897400000001],[-111.957171,35.592472],[-111.950892,35.593712],[-111.94781,35.5959130000001],[-111.858648,35.6264390000001],[-111.824432,35.638084],[-111.772476,35.6554150000001],[-111.748443,35.6631310000001],[-111.684879,35.693273],[-111.654175,35.708332],[-111.64491,35.7117230000001],[-111.638761,35.71493],[-111.618179,35.724413],[-111.556787,35.7531680000001],[-111.556337,35.754038],[-111.55482,35.754037],[-111.552909,35.7544940000001],[-111.537534,35.761469],[-111.522861,35.7666560000001],[-111.513049,35.7709300000001],[-111.500507,35.776734],[-111.4891,35.781528],[-111.486546,35.784027],[-111.48489,35.785128],[-111.471688,35.791093],[-111.439661,35.8094130000001],[-111.415312,35.860036],[-111.416383,35.8631040000001],[-111.415342,35.864296],[-111.412981,35.868785],[-111.408767,35.882298],[-111.407895,35.8829390000001],[-111.40753,35.8843140000001],[-111.403985,35.8855970000001],[-111.391436,35.8967980000001],[-111.338927,35.9422080000001],[-111.250006,35.9948200000001],[-111.244319,35.9981920000001],[-111.242264,36.000004]]},"properties":{"FID":32031,"TYPEPIPE":"Interstate","Operator":"Questar Southern Trails Line","Status":"Operating","Shape_Leng":1.18931056489,"Shape__Length":139315.09569191042}},{"type":"Feature","id":32032,"geometry":{"type":"LineString","coordinates":[[-111.242991,35.999379],[-111.15847,36.092356],[-111.138208,36.115081],[-111.136656,36.11618],[-111.132225,36.1220890000001],[-111.1285,36.125845],[-111.10614,36.1451720000001],[-111.08188,36.159639],[-111.036846,36.185167],[-111.026323,36.1910710000001],[-111.006586,36.203374],[-110.990893,36.2187200000001],[-110.98951,36.219797],[-110.988809,36.22337],[-110.987173,36.225753],[-110.98613,36.2279070000001],[-110.971602,36.2499950000001],[-110.962262,36.265299],[-110.959749,36.268781],[-110.957999,36.271347],[-110.957689,36.2722180000001],[-110.956616,36.274348],[-110.952408,36.2801910000001],[-110.947071,36.289468],[-110.940463,36.301403],[-110.937665,36.305687],[-110.928167,36.3163860000001],[-110.926923,36.3180580000001],[-110.920928,36.324816],[-110.919853,36.3258240000001],[-110.895927,36.353596],[-110.879785,36.37257],[-110.87483,36.376921],[-110.870979,36.380975],[-110.852142,36.398559],[-110.848997,36.400757],[-110.843472,36.404076],[-110.839108,36.4071200000001],[-110.831287,36.4115830000001],[-110.801263,36.422586],[-110.760936,36.4372980000001],[-110.747631,36.4438400000001],[-110.746923,36.4443220000001],[-110.741486,36.44719],[-110.736048,36.4503320000001],[-110.734065,36.4513190000001],[-110.733584,36.45164],[-110.70741,36.4639970000001],[-110.676146,36.478759],[-110.661015,36.486385],[-110.633676,36.500004],[-110.632545,36.4999940000001],[-110.601968,36.5147490000001],[-110.597825,36.5167300000001],[-110.593513,36.518607],[-110.573449,36.5292250000001],[-110.553777,36.539524],[-110.530637,36.5515940000001],[-110.511155,36.5608050000001],[-110.503404,36.562125],[-110.499999,36.5617320000001],[-110.499349,36.561736],[-110.493278,36.5637800000001],[-110.483867,36.572261],[-110.480918,36.5749430000001],[-110.472139,36.5921930000001],[-110.472931,36.612869],[-110.47299,36.614129],[-110.461354,36.6229760000001],[-110.45264,36.629737],[-110.451816,36.629371],[-110.443242,36.6356500000001],[-110.440999,36.6377120000001],[-110.435831,36.6416530000001],[-110.434326,36.642638],[-110.432425,36.645296],[-110.423508,36.6537030000001],[-110.415925,36.662407],[-110.409588,36.666141],[-110.407855,36.6665080000001],[-110.406747,36.667699],[-110.40453,36.6692110000001],[-110.398251,36.675577],[-110.382874,36.6867300000001],[-110.371871,36.6961410000001],[-110.358733,36.7042220000001],[-110.306143,36.718353],[-110.28885,36.719326],[-110.267547,36.7195600000001],[-110.25489,36.7202340000001],[-110.249534,36.7205220000001],[-110.224084,36.720371],[-110.213277,36.7211120000001],[-110.172181,36.724546],[-110.165469,36.724136],[-110.154547,36.724826],[-110.145162,36.7286740000001],[-110.099141,36.7500280000001],[-110.098173,36.75044]]},"properties":{"FID":32032,"TYPEPIPE":"Interstate","Operator":"Questar Southern Trails Line","Status":"Operating","Shape_Leng":1.43611636928,"Shape__Length":173423.625367152}}]}