{"type": "FeatureCollection", "features": [{"type": "Feature", "id": 803, "geometry": {"type": "LineString", "coordinates": [[-88.4246419999999, 41.4035660000001], [-88.424721, 41.3941370000001], [-88.323836, 41.3946230000001], [-88.320519, 41.394639], [-88.317209, 41.394655], [-88.3030219999999, 41.394723], [-88.3030219999999, 41.3913020000001], [-88.201835, 41.391981], [-88.180599, 41.3919560000001], [-88.171728, 41.397809], [-88.172082, 41.4081860000001], [-88.159549, 41.409113], [-88.167791, 41.426426], [-88.1603729999999, 41.4369370000001], [-88.130263, 41.4353140000001], [-88.1314549999999, 41.458091]]}, "properties": {"FID": 803, "TYPEPIPE": "Interstate", "Operator": "Alliance Pipeline System", "Status": "Operating", "Shape_Leng": 0.375555808082, "Shape__Length": 44581.06656094555}}, {"type": "Feature", "id": 806, "geometry": {"type": "LineString", "coordinates": [[-93.006122, 43.4994980000001], [-92.273972, 43.068186], [-91.529094, 42.483592], [-90.8918399999999, 41.983463], [-90.798376, 41.9582550000001], [-90.713867, 41.850866], [-90.585504, 41.785401], [-90.4868479999999, 41.641355], [-90.351978, 41.5906650000001]]}, "properties": {"FID": 806, "TYPEPIPE": "Interstate", "Operator": "Alliance Pipeline System", "Status": "Operating", "Shape_Leng": 3.30293328179, "Shape__Length": 417541.4490180553}}, {"type": "Feature", "id": 807, "geometry": {"type": "LineString", "coordinates": [[-90.351978, 41.5906650000001], [-89.817056, 41.590939], [-89.5522559999999, 41.598143], [-88.806117, 41.3960040000001], [-88.4593179999999, 41.4041050000001], [-88.4246419999999, 41.4035660000001]]}, "properties": {"FID": 807, "TYPEPIPE": "Interstate", "Operator": "Alliance Pipeline System", "Status": "Operating", "Shape_Leng": 1.95442914393, "Shape__Length": 219855.55290339715}}, {"type": "Feature", "id": 3549, "geometry": {"type": "LineString", "coordinates": [[-114.526817, 34.895096], [-114.537766, 34.912249], [-114.53933, 34.925305], [-114.549823, 34.9433100000001], [-114.550905, 34.948602], [-114.558726, 34.9585870000001], [-114.559851, 34.9665370000001], [-114.567799, 34.9747160000001], [-114.574368, 34.9882840000001], [-114.58563, 35.002365], [-114.583999, 35.016222], [-114.591574, 35.0318070000001], [-114.588446, 35.0725130000001], [-114.595641, 35.082753], [-114.599395, 35.0863370000001], [-114.598862, 35.0961110000001]]}, "properties": {"FID": 3549, "TYPEPIPE": "Interstate", "Operator": "El Paso Natural Gas Co", "Status": "Operating", "Shape_Leng": 0.22456316441, "Shape__Length": 29535.53981466259}}, {"type": "Feature", "id": 3872, "geometry": {"type": "LineString", "coordinates": [[-87.4200289999999, 41.5096050000001], [-87.336752, 41.5102890000001], [-87.281488, 41.491614], [-87.24573, 41.504605], [-87.1900449999999, 41.5009690000001], [-86.619616, 41.4637240000001], [-86.555876, 41.482177], [-86.270498, 41.482177], [-86.250216, 41.4734930000001], [-86.1415699999999, 41.4734930000001], [-86.076382, 41.4691510000001], [-85.492689, 41.4366820000001], [-85.4766519999999, 41.425732], [-85.0780599999999, 41.4114490000001], [-84.804005, 41.38644]]}, "properties": {"FID": 3872, "TYPEPIPE": "Interstate", "Operator": "Crossroads Pipeline Co", "Status": "Operating", "Shape_Leng": 2.63293821897, "Shape__Length": 294486.20954974927}}, {"type": "Feature", "id": 3874, "geometry": {"type": "LineString", "coordinates": [[-84.804005, 41.38644], [-84.006923, 41.2995270000001], [-83.977524, 41.2801230000001], [-83.933407, 41.291161], [-83.8102489999999, 41.2746040000001], [-83.775323, 41.2649450000001], [-83.72469, 41.267297], [-83.648785, 41.248314]]}, "properties": {"FID": 3874, "TYPEPIPE": "Interstate", "Operator": "Crossroads Pipeline Co", "Status": "Operating", "Shape_Leng": 1.17194185451, "Shape__Length": 131816.408522999}}, {"type": "Feature", "id": 3876, "geometry": {"type": "LineString", "coordinates": [[-85.0780599999999, 41.4114490000001], [-85.073236, 41.351747], [-85.059143, 41.3493030000001], [-85.0465, 41.349007]]}, "properties": {"FID": 3876, "TYPEPIPE": "Interstate", "Operator": "Crossroads Pipeline Co", "Status": "Operating", "Shape_Leng": 0.0868463889546, "Shape__Length": 11892.014148249176}}, {"type": "Feature", "id": 3895, "geometry": {"type": "LineString", "coordinates": [[-114.195208, 34.7716980000001], [-114.106446, 34.844798], [-114.080298, 35.0174220000001]]}, "properties": {"FID": 3895, "TYPEPIPE": "Interstate", "Operator": "El Paso Natural Gas Co", "Status": "Operating", "Shape_Leng": 0.289581408173, "Shape__Length": 37614.16945375621}}, {"type": "Feature", "id": 6090, "geometry": {"type": "LineString", "coordinates": [[-114.598862, 35.0961110000001], [-114.61316, 35.103234], [-114.638577, 35.1065350000001], [-114.645382, 35.102993]]}, "properties": {"FID": 6090, "TYPEPIPE": "Interstate", "Operator": "El Paso Natural Gas Co", "Status": "Operating", "Shape_Leng": 0.0492761218626, "Shape__Length": 5626.188409412151}}, {"type": "Feature", "id": 6091, "geometry": {"type": "LineString", "coordinates": [[-114.645382, 35.102993], [-114.658259, 35.0962900000001]]}, "properties": {"FID": 6091, "TYPEPIPE": "Interstate", "Operator": "El Paso Natural Gas Co", "Status": "Operating", "Shape_Leng": 0.0145171394565, "Shape__Length": 1698.9986523448945}}, {"type": "Feature", "id": 6123, "geometry": {"type": "LineString", "coordinates": [[-114.080298, 35.0174220000001], [-114.006213, 35.1145220000001], [-114.001855, 35.161274], [-113.923412, 35.197238]]}, "properties": {"FID": 6123, "TYPEPIPE": "Interstate", "Operator": "El Paso Natural Gas Co", "Status": "Operating", "Shape_Leng": 0.255384178887, "Shape__Length": 31964.544643161986}}, {"type": "Feature", "id": 7380, "geometry": {"type": "LineString", "coordinates": [[-88.271037, 42.296342], [-88.252398, 42.2961250000001], [-88.25298, 42.28682], [-88.234341, 42.276216], [-88.234923, 42.2658280000001], [-88.235797, 42.2052330000001], [-88.2363799999999, 42.068245], [-88.240242, 42.06348], [-88.2416219999999, 41.9825460000001], [-88.2314279999999, 41.982763], [-88.230555, 41.957226], [-88.224147, 41.9567940000001]]}, "properties": {"FID": 7380, "TYPEPIPE": "Interstate", "Operator": "Horizon Pipeline Co", "Status": "Operating", "Shape_Leng": 0.386652633671, "Shape__Length": 55973.09304928333}}, {"type": "Feature", "id": 9353, "geometry": {"type": "LineString", "coordinates": [[-88.666932, 42.494621], [-88.673391, 42.5429070000001], [-88.7215439999999, 42.5980870000001], [-88.725071, 42.703221], [-88.687489, 42.739306], [-88.698196, 42.7973250000001], [-88.731191, 42.8855980000001], [-88.711287, 42.9370230000001], [-88.6765369999999, 42.9702170000001], [-88.661643, 43.125123]]}, "properties": {"FID": 9353, "TYPEPIPE": "Interstate", "Operator": "Guardian Pipeline Co", "Status": "Operating", "Shape_Leng": 0.691302443385, "Shape__Length": 100958.06391695312}}, {"type": "Feature", "id": 9355, "geometry": {"type": "LineString", "coordinates": [[-88.03549, 41.31841], [-88.034436, 41.372596], [-88.179581, 41.3740820000001], [-88.180322, 41.3965190000001], [-88.2079199999999, 41.410968], [-88.209013, 41.4440320000001], [-88.4949559999999, 41.602785], [-88.49601, 41.634669], [-88.55027, 41.6352240000001], [-88.551011, 41.6576610000001], [-88.588533, 41.6851970000001], [-88.5911859999999, 41.765497], [-88.6095999999999, 41.789295], [-88.6138129999999, 41.9168310000001], [-88.650136, 41.949076], [-88.666918, 42.49462]]}, "properties": {"FID": 9355, "TYPEPIPE": "Interstate", "Operator": "Guardian Pipeline Co", "Status": "Operating", "Shape_Leng": 1.60065562884, "Shape__Length": 219270.40133119572}}, {"type": "Feature", "id": 10128, "geometry": {"type": "LineString", "coordinates": [[-118.965892, 35.4202700000001], [-118.97807, 35.463372]]}, "properties": {"FID": 10128, "TYPEPIPE": "Interstate", "Operator": "Kern River Gas Trans Co", "Status": "Operating", "Shape_Leng": 0.0447893523954, "Shape__Length": 6043.375959365941}}, {"type": "Feature", "id": 10620, "geometry": {"type": "LineString", "coordinates": [[-91.61028, 41.4032270000001], [-91.587114, 41.4101410000001], [-91.574449, 41.41161], [-91.522184, 41.453356], [-91.445816, 41.4637010000001], [-91.42142, 41.4692710000001], [-91.390661, 41.474841], [-91.3652049999999, 41.481206]]}, "properties": {"FID": 10620, "TYPEPIPE": "Interstate", "Operator": "Northern Border PL Co", "Status": "Operating", "Shape_Leng": 0.263404526842, "Shape__Length": 30691.378504500582}}, {"type": "Feature", "id": 10621, "geometry": {"type": "LineString", "coordinates": [[-91.3652049999999, 41.481206], [-91.3514289999999, 41.487852], [-91.329045, 41.4994830000001], [-91.267055, 41.531882], [-91.2155969999999, 41.564828], [-91.1969789999999, 41.571966], [-91.187672, 41.590698], [-91.159434, 41.613294]]}, "properties": {"FID": 10621, "TYPEPIPE": "Interstate", "Operator": "Northern Border PL Co", "Status": "Operating", "Shape_Leng": 0.248590061348, "Shape__Length": 30717.388600693783}}, {"type": "Feature", "id": 10622, "geometry": {"type": "LineString", "coordinates": [[-91.159434, 41.611702], [-91.138415, 41.6118220000001], [-91.1042619999999, 41.612032], [-91.0096799999999, 41.6126180000001], [-90.931167, 41.613214], [-90.9027609999999, 41.613343], [-90.888561, 41.613681], [-90.845476, 41.61409]]}, "properties": {"FID": 10622, "TYPEPIPE": "Interstate", "Operator": "Northern Border PL Co", "Status": "Operating", "Shape_Leng": 0.31396932186, "Shape__Length": 34951.89932679601}}, {"type": "Feature", "id": 10623, "geometry": {"type": "LineString", "coordinates": [[-90.845476, 41.61409], [-90.811762, 41.614641], [-90.7569819999999, 41.615592], [-90.6052759999999, 41.618278], [-90.479345, 41.6209910000001], [-90.433782, 41.621584], [-90.411007, 41.6231270000001], [-90.3419, 41.6250000000001]]}, "properties": {"FID": 10623, "TYPEPIPE": "Interstate", "Operator": "Northern Border PL Co", "Status": "Operating", "Shape_Leng": 0.503723198344, "Shape__Length": 56087.13402538903}}, {"type": "Feature", "id": 10624, "geometry": {"type": "LineString", "coordinates": [[-90.3419, 41.6250000000001], [-90.332237, 41.624488], [-90.316536, 41.623607], [-90.2730539999999, 41.621115], [-90.236959, 41.6185970000001], [-90.223901, 41.618047], [-90.217373, 41.6166170000001], [-90.197565, 41.614878]]}, "properties": {"FID": 10624, "TYPEPIPE": "Interstate", "Operator": "Northern Border PL Co", "Status": "Operating", "Shape_Leng": 0.144774882323, "Shape__Length": 16154.586156202604}}, {"type": "Feature", "id": 10625, "geometry": {"type": "LineString", "coordinates": [[-90.198206, 41.6156710000001], [-90.1927689999999, 41.613503], [-90.183935, 41.6097770000001], [-90.1594719999999, 41.5992340000001], [-90.139164, 41.5885880000001], [-90.131818, 41.586262], [-90.128145, 41.5802140000001], [-90.117001, 41.5728580000001]]}, "properties": {"FID": 10625, "TYPEPIPE": "Interstate", "Operator": "Northern Border PL Co", "Status": "Operating", "Shape_Leng": 0.0931427090143, "Shape__Length": 11250.003608152136}}, {"type": "Feature", "id": 10626, "geometry": {"type": "LineString", "coordinates": [[-90.117001, 41.5728580000001], [-90.0997399999999, 41.5725370000001], [-90.071694, 41.571985], [-89.994029, 41.570423], [-89.929557, 41.5688460000001], [-89.906234, 41.5685020000001], [-89.894573, 41.5676060000001], [-89.8591929999999, 41.566516]]}, "properties": {"FID": 10626, "TYPEPIPE": "Interstate", "Operator": "Northern Border PL Co", "Status": "Operating", "Shape_Leng": 0.257905101929, "Shape__Length": 28718.357376119733}}, {"type": "Feature", "id": 10627, "geometry": {"type": "LineString", "coordinates": [[-89.8591929999999, 41.566516], [-89.835092, 41.563342], [-89.806482, 41.5617700000001], [-89.7272579999999, 41.557324], [-89.661491, 41.5528340000001], [-89.6376999999999, 41.551855], [-89.625804, 41.5493040000001], [-89.589714, 41.546201]]}, "properties": {"FID": 10627, "TYPEPIPE": "Interstate", "Operator": "Northern Border PL Co", "Status": "Operating", "Shape_Leng": 0.27043173616, "Shape__Length": 30186.9781713423}}, {"type": "Feature", "id": 10628, "geometry": {"type": "LineString", "coordinates": [[-89.1695809999999, 41.5501880000001], [-89.116473, 41.579614], [-89.0230549999999, 41.578024], [-88.9168989999999, 41.5613220000001], [-88.787616, 41.5294670000001], [-88.687909, 41.506676], [-88.62468, 41.4920900000001], [-88.600361, 41.4884430000001]]}, "properties": {"FID": 10628, "TYPEPIPE": "Interstate", "Operator": "Northern Border PL Co", "Status": "Operating", "Shape_Leng": 0.586517522397, "Shape__Length": 66716.62479580016}}, {"type": "Feature", "id": 10629, "geometry": {"type": "LineString", "coordinates": [[-89.589714, 41.546201], [-89.565234, 41.5457050000001], [-89.536172, 41.54546], [-89.455702, 41.544766], [-89.388899, 41.544065], [-89.3647329999999, 41.543913], [-89.352649, 41.5435140000001], [-89.1695809999999, 41.5501880000001]]}, "properties": {"FID": 10629, "TYPEPIPE": "Interstate", "Operator": "Northern Border PL Co", "Status": "Operating", "Shape_Leng": 0.42027440558, "Shape__Length": 46797.08779079436}}, {"type": "Feature", "id": 10630, "geometry": {"type": "LineString", "coordinates": [[-88.600445, 41.488502], [-88.560235, 41.4866200000001], [-88.5078359999999, 41.483885], [-88.4542259999999, 41.480239], [-88.398179, 41.4756810000001], [-88.367719, 41.4665640000001], [-88.347006, 41.4538010000001], [-88.262936, 41.455624]]}, "properties": {"FID": 10630, "TYPEPIPE": "Interstate", "Operator": "Northern Border PL Co", "Status": "Operating", "Shape_Leng": 0.342904586566, "Shape__Length": 38599.15135669037}}, {"type": "Feature", "id": 10631, "geometry": {"type": "LineString", "coordinates": [[-88.262862, 41.4555750000001], [-88.259653, 41.4540530000001], [-88.248845, 41.4544950000001], [-88.248648, 41.458962], [-88.2391509999999, 41.463331], [-88.239085, 41.4615150000001], [-88.215636, 41.4619080000001], [-88.215636, 41.46338], [-88.207972, 41.463626], [-88.206531, 41.4642640000001], [-88.168607, 41.466915], [-88.131403, 41.4576860000001], [-88.002758, 41.452393], [-87.916343, 41.444826], [-87.9177779999999, 41.4314850000001], [-87.9219399999999, 41.428903], [-87.923232, 41.4110420000001]]}, "properties": {"FID": 10631, "TYPEPIPE": "Interstate", "Operator": "Northern Border PL Co", "Status": "Operating", "Shape_Leng": 0.393350282541, "Shape__Length": 45545.86352955685}}, {"type": "Feature", "id": 10632, "geometry": {"type": "LineString", "coordinates": [[-88.002674, 41.452425], [-87.956646, 41.491682], [-87.9576939999999, 41.5136850000001], [-87.9576939999999, 41.5553310000001], [-87.922061, 41.557689], [-87.927301, 41.6802720000001], [-87.911581, 41.6802720000001]]}, "properties": {"FID": 10632, "TYPEPIPE": "Interstate", "Operator": "Northern Border PL Co", "Status": "Operating", "Shape_Leng": 0.298295185471, "Shape__Length": 41224.07274615542}}, {"type": "Feature", "id": 10633, "geometry": {"type": "LineString", "coordinates": [[-87.526714, 41.301631], [-87.534232, 41.301516], [-87.544048, 41.301367], [-87.5613, 41.3011490000001], [-87.6014509999999, 41.3007180000001], [-87.637874, 41.300287], [-87.7761419999999, 41.2984920000001], [-87.917672, 41.2984920000001], [-87.92121, 41.351617], [-87.92121, 41.376851], [-87.923215, 41.4110610000001]]}, "properties": {"FID": 10633, "TYPEPIPE": "Interstate", "Operator": "Northern Border PL Co", "Status": "Operating", "Shape_Leng": 0.503723287292, "Shape__Length": 60234.00390729511}}, {"type": "Feature", "id": 10634, "geometry": {"type": "LineString", "coordinates": [[-87.4798509999999, 41.302442], [-87.52671, 41.301631]]}, "properties": {"FID": 10634, "TYPEPIPE": "Interstate", "Operator": "Northern Border PL Co", "Status": "Operating", "Shape_Leng": 0.0468660175607, "Shape__Length": 5217.704140237475}}, {"type": "Feature", "id": 10644, "geometry": {"type": "LineString", "coordinates": [[-91.3303039999999, 41.263744], [-91.216975, 41.24805]]}, "properties": {"FID": 10644, "TYPEPIPE": "Interstate", "Operator": "Natural Gas PL Co of Am", "Status": "Operating", "Shape_Leng": 0.114410505973, "Shape__Length": 12827.98116739767}}, {"type": "Feature", "id": 10648, "geometry": {"type": "LineString", "coordinates": [[-87.57888, 41.5132160000001], [-87.57888, 41.520896]]}, "properties": {"FID": 10648, "TYPEPIPE": "Interstate", "Operator": "Natural Gas PL Co of Am", "Status": "Operating", "Shape_Leng": 0.00767999999999, "Shape__Length": 1141.8017468517646}}, {"type": "Feature", "id": 10649, "geometry": {"type": "LineString", "coordinates": [[-87.710784, 41.5132160000001], [-87.712256, 41.5331840000001]]}, "properties": {"FID": 10649, "TYPEPIPE": "Interstate", "Operator": "Natural Gas PL Co of Am", "Status": "Operating", "Shape_Leng": 0.020022182898, "Shape__Length": 2973.4849123202575}}, {"type": "Feature", "id": 10650, "geometry": {"type": "LineString", "coordinates": [[-87.577152, 41.5331840000001], [-87.561024, 41.5331840000001]]}, "properties": {"FID": 10650, "TYPEPIPE": "Interstate", "Operator": "Natural Gas PL Co of Am", "Status": "Operating", "Shape_Leng": 0.016128, "Shape__Length": 1795.3607475105673}}, {"type": "Feature", "id": 10651, "geometry": {"type": "LineString", "coordinates": [[-87.57888, 41.520896], [-87.577152, 41.5331840000001]]}, "properties": {"FID": 10651, "TYPEPIPE": "Interstate", "Operator": "Natural Gas PL Co of Am", "Status": "Operating", "Shape_Leng": 0.0124089051894, "Shape__Length": 1837.2624163652515}}, {"type": "Feature", "id": 10652, "geometry": {"type": "LineString", "coordinates": [[-89.9165589999999, 41.462498], [-89.92704, 41.4552320000001]]}, "properties": {"FID": 10652, "TYPEPIPE": "Interstate", "Operator": "Natural Gas PL Co of Am", "Status": "Operating", "Shape_Leng": 0.0127532786765, "Shape__Length": 1589.3804478385953}}, {"type": "Feature", "id": 10697, "geometry": {"type": "LineString", "coordinates": [[-91.48096, 41.377664], [-91.425024, 41.377664]]}, "properties": {"FID": 10697, "TYPEPIPE": "Interstate", "Operator": "Natural Gas PL Co of Am", "Status": "Operating", "Shape_Leng": 0.055936, "Shape__Length": 6226.767037015408}}, {"type": "Feature", "id": 10698, "geometry": {"type": "LineString", "coordinates": [[-91.425024, 41.377664], [-91.421734, 41.3775380000001], [-91.3716479999999, 41.375616]]}, "properties": {"FID": 10698, "TYPEPIPE": "Interstate", "Operator": "Natural Gas PL Co of Am", "Status": "Operating", "Shape_Leng": 0.0534152757267, "Shape__Length": 5949.55176125839}}, {"type": "Feature", "id": 10699, "geometry": {"type": "LineString", "coordinates": [[-91.427584, 41.263744], [-91.3303039999999, 41.263744]]}, "properties": {"FID": 10699, "TYPEPIPE": "Interstate", "Operator": "Natural Gas PL Co of Am", "Status": "Operating", "Shape_Leng": 0.09728, "Shape__Length": 10829.160064371303}}, {"type": "Feature", "id": 10700, "geometry": {"type": "LineString", "coordinates": [[-91.425024, 41.377664], [-91.427584, 41.263744]]}, "properties": {"FID": 10700, "TYPEPIPE": "Interstate", "Operator": "Natural Gas PL Co of Am", "Status": "Operating", "Shape_Leng": 0.113948760415, "Shape__Length": 16888.00992556834}}, {"type": "Feature", "id": 10709, "geometry": {"type": "LineString", "coordinates": [[-91.3716479999999, 41.375616], [-91.3311849999999, 41.3777470000001], [-91.213696, 41.383936]]}, "properties": {"FID": 10709, "TYPEPIPE": "Interstate", "Operator": "Natural Gas PL Co of Am", "Status": "Operating", "Shape_Leng": 0.158170973015, "Shape__Length": 17626.40824566252}}, {"type": "Feature", "id": 10710, "geometry": {"type": "LineString", "coordinates": [[-91.204325, 41.3843400000001], [-91.213696, 41.383936]]}, "properties": {"FID": 10710, "TYPEPIPE": "Interstate", "Operator": "Natural Gas PL Co of Am", "Status": "Operating", "Shape_Leng": 0.00937970452625, "Shape__Length": 1044.8956154786056}}, {"type": "Feature", "id": 10721, "geometry": {"type": "LineString", "coordinates": [[-91.896448, 41.3652480000001], [-91.48096, 41.377664]]}, "properties": {"FID": 10721, "TYPEPIPE": "Interstate", "Operator": "Natural Gas PL Co of Am", "Status": "Operating", "Shape_Leng": 0.41567347185, "Shape__Length": 46288.56830031045}}, {"type": "Feature", "id": 10723, "geometry": {"type": "LineString", "coordinates": [[-88.893184, 42.198272], [-88.913416, 42.152704]]}, "properties": {"FID": 10723, "TYPEPIPE": "Interstate", "Operator": "Natural Gas PL Co of Am", "Status": "Operating", "Shape_Leng": 0.049857561593, "Shape__Length": 7205.7903070767225}}, {"type": "Feature", "id": 10724, "geometry": {"type": "LineString", "coordinates": [[-88.792832, 42.2729600000001], [-88.7136159999999, 42.3014050000001]]}, "properties": {"FID": 10724, "TYPEPIPE": "Interstate", "Operator": "Natural Gas PL Co of Am", "Status": "Operating", "Shape_Leng": 0.0841682403345, "Shape__Length": 9802.196922877301}}, {"type": "Feature", "id": 10725, "geometry": {"type": "LineString", "coordinates": [[-88.705882, 42.2437850000001], [-88.831011, 42.2427070000001]]}, "properties": {"FID": 10725, "TYPEPIPE": "Interstate", "Operator": "Natural Gas PL Co of Am", "Status": "Operating", "Shape_Leng": 0.125133643458, "Shape__Length": 13930.239741413063}}, {"type": "Feature", "id": 10726, "geometry": {"type": "LineString", "coordinates": [[-88.806144, 42.26048], [-88.8352, 42.2832000000001]]}, "properties": {"FID": 10726, "TYPEPIPE": "Interstate", "Operator": "Natural Gas PL Co of Am", "Status": "Operating", "Shape_Leng": 0.0368842722038, "Shape__Length": 4705.806163875558}}, {"type": "Feature", "id": 10727, "geometry": {"type": "LineString", "coordinates": [[-88.831011, 42.2427070000001], [-88.893184, 42.198272]]}, "properties": {"FID": 10727, "TYPEPIPE": "Interstate", "Operator": "Natural Gas PL Co of Am", "Status": "Operating", "Shape_Leng": 0.0764195731079, "Shape__Length": 9618.459522716179}}, {"type": "Feature", "id": 10728, "geometry": {"type": "LineString", "coordinates": [[-88.831011, 42.2427070000001], [-88.792832, 42.2729600000001]]}, "properties": {"FID": 10728, "TYPEPIPE": "Interstate", "Operator": "Natural Gas PL Co of Am", "Status": "Operating", "Shape_Leng": 0.0487122166402, "Shape__Length": 6226.372410172883}}, {"type": "Feature", "id": 10729, "geometry": {"type": "LineString", "coordinates": [[-89.740932, 41.584254], [-89.8579989999999, 41.503095]]}, "properties": {"FID": 10729, "TYPEPIPE": "Interstate", "Operator": "Natural Gas PL Co of Am", "Status": "Operating", "Shape_Leng": 0.142448116063, "Shape__Length": 17763.417792374566}}, {"type": "Feature", "id": 10730, "geometry": {"type": "LineString", "coordinates": [[-89.8552319999999, 41.356032], [-89.744296, 41.3657860000001], [-89.4538239999999, 41.391232]]}, "properties": {"FID": 10730, "TYPEPIPE": "Interstate", "Operator": "Natural Gas PL Co of Am", "Status": "Operating", "Shape_Leng": 0.402948415788, "Shape__Length": 44988.59678986659}}, {"type": "Feature", "id": 10731, "geometry": {"type": "LineString", "coordinates": [[-89.4120959999999, 41.3623040000001], [-89.307383, 41.366208], [-89.164588, 41.3715320000001]]}, "properties": {"FID": 10731, "TYPEPIPE": "Interstate", "Operator": "Natural Gas PL Co of Am", "Status": "Operating", "Shape_Leng": 0.24767996699, "Shape__Length": 27586.443199360714}}, {"type": "Feature", "id": 10732, "geometry": {"type": "LineString", "coordinates": [[-89.4538239999999, 41.391232], [-89.4120959999999, 41.3623040000001]]}, "properties": {"FID": 10732, "TYPEPIPE": "Interstate", "Operator": "Natural Gas PL Co of Am", "Status": "Operating", "Shape_Leng": 0.0507745523663, "Shape__Length": 6324.102654163052}}, {"type": "Feature", "id": 10733, "geometry": {"type": "LineString", "coordinates": [[-89.262241, 38.507503], [-89.2520959999999, 38.556928]]}, "properties": {"FID": 10733, "TYPEPIPE": "Interstate", "Operator": "Natural Gas PL Co of Am", "Status": "Operating", "Shape_Leng": 0.0504554422238, "Shape__Length": 7123.531706887237}}, {"type": "Feature", "id": 10734, "geometry": {"type": "LineString", "coordinates": [[-89.2520959999999, 38.556928], [-89.188495, 38.606636]]}, "properties": {"FID": 10734, "TYPEPIPE": "Interstate", "Operator": "Natural Gas PL Co of Am", "Status": "Operating", "Shape_Leng": 0.0807215737272, "Shape__Length": 10011.659397896568}}, {"type": "Feature", "id": 10735, "geometry": {"type": "LineString", "coordinates": [[-89.188495, 38.606636], [-89.1884439999999, 38.6070540000001], [-89.153113, 38.634624], [-89.142272, 38.6432]]}, "properties": {"FID": 10735, "TYPEPIPE": "Interstate", "Operator": "Natural Gas PL Co of Am", "Status": "Operating", "Shape_Leng": 0.059059092545, "Shape__Length": 7336.1710561183945}}, {"type": "Feature", "id": 10736, "geometry": {"type": "LineString", "coordinates": [[-87.789184, 41.4973440000001], [-87.688448, 41.4973440000001]]}, "properties": {"FID": 10736, "TYPEPIPE": "Interstate", "Operator": "Natural Gas PL Co of Am", "Status": "Operating", "Shape_Leng": 0.100736, "Shape__Length": 11213.88022455573}}, {"type": "Feature", "id": 10737, "geometry": {"type": "LineString", "coordinates": [[-87.789184, 41.5132160000001], [-87.710784, 41.5132160000001]]}, "properties": {"FID": 10737, "TYPEPIPE": "Interstate", "Operator": "Natural Gas PL Co of Am", "Status": "Operating", "Shape_Leng": 0.0784, "Shape__Length": 8727.44807819277}}, {"type": "Feature", "id": 10738, "geometry": {"type": "LineString", "coordinates": [[-87.738368, 41.469952], [-87.620096, 41.469952]]}, "properties": {"FID": 10738, "TYPEPIPE": "Interstate", "Operator": "Natural Gas PL Co of Am", "Status": "Operating", "Shape_Leng": 0.118272, "Shape__Length": 13165.978815101087}}, {"type": "Feature", "id": 10739, "geometry": {"type": "LineString", "coordinates": [[-88.195105, 41.9872790000001], [-88.18528, 42.0088960000001]]}, "properties": {"FID": 10739, "TYPEPIPE": "Interstate", "Operator": "Natural Gas PL Co of Am", "Status": "Operating", "Shape_Leng": 0.0237450060855, "Shape__Length": 3417.7496905333896}}, {"type": "Feature", "id": 10740, "geometry": {"type": "LineString", "coordinates": [[-88.1524479999999, 42.147136], [-88.1524479999999, 42.154048]]}, "properties": {"FID": 10740, "TYPEPIPE": "Interstate", "Operator": "Natural Gas PL Co of Am", "Status": "Operating", "Shape_Leng": 0.006912, "Shape__Length": 1037.8437771145254}}, {"type": "Feature", "id": 10741, "geometry": {"type": "LineString", "coordinates": [[-87.539008, 41.610368], [-87.539008, 41.625383], [-87.539008, 41.6336180000001], [-87.539008, 41.641514], [-87.539008, 41.6487670000001], [-87.539008, 41.7075840000001]]}, "properties": {"FID": 10741, "TYPEPIPE": "Interstate", "Operator": "Natural Gas PL Co of Am", "Status": "Operating", "Shape_Leng": 0.097216, "Shape__Length": 14485.118266159669}}, {"type": "Feature", "id": 10742, "geometry": {"type": "LineString", "coordinates": [[-87.688448, 41.4973440000001], [-87.6928, 41.5132160000001]]}, "properties": {"FID": 10742, "TYPEPIPE": "Interstate", "Operator": "Natural Gas PL Co of Am", "Status": "Operating", "Shape_Leng": 0.0164578336363, "Shape__Length": 2408.521112415612}}, {"type": "Feature", "id": 10743, "geometry": {"type": "LineString", "coordinates": [[-87.561024, 41.55936], [-87.539008, 41.610368]]}, "properties": {"FID": 10743, "TYPEPIPE": "Interstate", "Operator": "Natural Gas PL Co of Am", "Status": "Operating", "Shape_Leng": 0.0555564606504, "Shape__Length": 7977.2311295127465}}, {"type": "Feature", "id": 10744, "geometry": {"type": "LineString", "coordinates": [[-87.561024, 41.5331840000001], [-87.561024, 41.55936]]}, "properties": {"FID": 10744, "TYPEPIPE": "Interstate", "Operator": "Natural Gas PL Co of Am", "Status": "Operating", "Shape_Leng": 0.026176, "Shape__Length": 3893.3990420335904}}, {"type": "Feature", "id": 10745, "geometry": {"type": "LineString", "coordinates": [[-87.574272, 41.552128], [-87.574272, 41.604289], [-87.574272, 41.606633], [-87.574272, 41.669632]]}, "properties": {"FID": 10745, "TYPEPIPE": "Interstate", "Operator": "Natural Gas PL Co of Am", "Status": "Operating", "Shape_Leng": 0.117504, "Shape__Length": 17494.959427558817}}, {"type": "Feature", "id": 10746, "geometry": {"type": "LineString", "coordinates": [[-87.615488, 41.552128], [-87.574272, 41.552128]]}, "properties": {"FID": 10746, "TYPEPIPE": "Interstate", "Operator": "Natural Gas PL Co of Am", "Status": "Operating", "Shape_Leng": 0.041216, "Shape__Length": 4588.144132537767}}, {"type": "Feature", "id": 10747, "geometry": {"type": "LineString", "coordinates": [[-87.712256, 41.5331840000001], [-87.577152, 41.5331840000001]]}, "properties": {"FID": 10747, "TYPEPIPE": "Interstate", "Operator": "Natural Gas PL Co of Am", "Status": "Operating", "Shape_Leng": 0.135104, "Shape__Length": 15039.708484135568}}, {"type": "Feature", "id": 10748, "geometry": {"type": "LineString", "coordinates": [[-87.6928, 41.5132160000001], [-87.57888, 41.5132160000001]]}, "properties": {"FID": 10748, "TYPEPIPE": "Interstate", "Operator": "Natural Gas PL Co of Am", "Status": "Operating", "Shape_Leng": 0.11392, "Shape__Length": 12681.516391171142}}, {"type": "Feature", "id": 10749, "geometry": {"type": "LineString", "coordinates": [[-87.620096, 41.469952], [-87.615488, 41.552128]]}, "properties": {"FID": 10749, "TYPEPIPE": "Interstate", "Operator": "Natural Gas PL Co of Am", "Status": "Operating", "Shape_Leng": 0.0823050948605, "Shape__Length": 12226.910865558171}}, {"type": "Feature", "id": 10750, "geometry": {"type": "LineString", "coordinates": [[-87.574272, 41.552128], [-87.575116, 41.4999280000001], [-87.5756, 41.469952]]}, "properties": {"FID": 10750, "TYPEPIPE": "Interstate", "Operator": "Natural Gas PL Co of Am", "Status": "Operating", "Shape_Leng": 0.0821867298338, "Shape__Length": 12217.040374843029}}, {"type": "Feature", "id": 10751, "geometry": {"type": "LineString", "coordinates": [[-88.183488, 42.1159680000001], [-88.1524479999999, 42.147136]]}, "properties": {"FID": 10751, "TYPEPIPE": "Interstate", "Operator": "Natural Gas PL Co of Am", "Status": "Operating", "Shape_Leng": 0.0439877917609, "Shape__Length": 5816.171602467825}}, {"type": "Feature", "id": 10752, "geometry": {"type": "LineString", "coordinates": [[-88.18528, 42.0088960000001], [-88.183488, 42.1159680000001]]}, "properties": {"FID": 10752, "TYPEPIPE": "Interstate", "Operator": "Natural Gas PL Co of Am", "Status": "Operating", "Shape_Leng": 0.107086994766, "Shape__Length": 16055.872795114079}}, {"type": "Feature", "id": 10753, "geometry": {"type": "LineString", "coordinates": [[-88.913416, 42.152704], [-88.9392789999999, 42.128905]]}, "properties": {"FID": 10753, "TYPEPIPE": "Interstate", "Operator": "Natural Gas PL Co of Am", "Status": "Operating", "Shape_Leng": 0.0351466523299, "Shape__Length": 4588.520159916469}}, {"type": "Feature", "id": 10754, "geometry": {"type": "LineString", "coordinates": [[-88.94206, 42.0431610000001], [-88.7909119999999, 41.9805440000001]]}, "properties": {"FID": 10754, "TYPEPIPE": "Interstate", "Operator": "Natural Gas PL Co of Am", "Status": "Operating", "Shape_Leng": 0.163605032297, "Shape__Length": 19264.392331809984}}, {"type": "Feature", "id": 10755, "geometry": {"type": "LineString", "coordinates": [[-88.764416, 41.932416], [-88.69248, 41.910016]]}, "properties": {"FID": 10755, "TYPEPIPE": "Interstate", "Operator": "Natural Gas PL Co of Am", "Status": "Operating", "Shape_Leng": 0.07534287024, "Shape__Length": 8680.846975203243}}, {"type": "Feature", "id": 10756, "geometry": {"type": "LineString", "coordinates": [[-88.7909119999999, 41.9805440000001], [-88.764416, 41.932416]]}, "properties": {"FID": 10756, "TYPEPIPE": "Interstate", "Operator": "Natural Gas PL Co of Am", "Status": "Operating", "Shape_Leng": 0.0549394430259, "Shape__Length": 7784.8115660644235}}, {"type": "Feature", "id": 10757, "geometry": {"type": "LineString", "coordinates": [[-88.473399, 39.6777710000001], [-88.427264, 39.6759040000001]]}, "properties": {"FID": 10757, "TYPEPIPE": "Interstate", "Operator": "Natural Gas PL Co of Am", "Status": "Operating", "Shape_Leng": 0.0461727616025, "Shape__Length": 5142.81892056849}}, {"type": "Feature", "id": 10758, "geometry": {"type": "LineString", "coordinates": [[-88.24164, 41.725618], [-88.2411519999999, 41.78464]]}, "properties": {"FID": 10758, "TYPEPIPE": "Interstate", "Operator": "Natural Gas PL Co of Am", "Status": "Operating", "Shape_Leng": 0.0590240173827, "Shape__Length": 8807.566239313071}}, {"type": "Feature", "id": 10759, "geometry": {"type": "LineString", "coordinates": [[-88.2, 41.9765120000001], [-88.195105, 41.9872790000001]]}, "properties": {"FID": 10759, "TYPEPIPE": "Interstate", "Operator": "Natural Gas PL Co of Am", "Status": "Operating", "Shape_Leng": 0.0118274813042, "Shape__Length": 1701.9733974424273}}, {"type": "Feature", "id": 10760, "geometry": {"type": "LineString", "coordinates": [[-88.2455679999999, 41.9379200000001], [-88.2, 41.9765120000001]]}, "properties": {"FID": 10760, "TYPEPIPE": "Interstate", "Operator": "Natural Gas PL Co of Am", "Status": "Operating", "Shape_Leng": 0.0597141950293, "Shape__Length": 7687.991071081681}}, {"type": "Feature", "id": 10761, "geometry": {"type": "LineString", "coordinates": [[-88.2411519999999, 41.78464], [-88.2417619999999, 41.8058090000001], [-88.2422309999999, 41.8221130000001], [-88.2430889999999, 41.851883]]}, "properties": {"FID": 10761, "TYPEPIPE": "Interstate", "Operator": "Natural Gas PL Co of Am", "Status": "Operating", "Shape_Leng": 0.0672708928166, "Shape__Length": 10046.355618281432}}, {"type": "Feature", "id": 10762, "geometry": {"type": "LineString", "coordinates": [[-88.8054999999999, 39.0484900000001], [-88.777728, 39.077888]]}, "properties": {"FID": 10762, "TYPEPIPE": "Interstate", "Operator": "Natural Gas PL Co of Am", "Status": "Operating", "Shape_Leng": 0.0404416417569, "Shape__Length": 5227.057244055095}}, {"type": "Feature", "id": 10763, "geometry": {"type": "LineString", "coordinates": [[-88.777728, 39.155968], [-88.749184, 39.216158]]}, "properties": {"FID": 10763, "TYPEPIPE": "Interstate", "Operator": "Natural Gas PL Co of Am", "Status": "Operating", "Shape_Leng": 0.0666152838019, "Shape__Length": 9209.970787434626}}, {"type": "Feature", "id": 10764, "geometry": {"type": "LineString", "coordinates": [[-88.777728, 39.1161920000001], [-88.777728, 39.155968]]}, "properties": {"FID": 10764, "TYPEPIPE": "Interstate", "Operator": "Natural Gas PL Co of Am", "Status": "Operating", "Shape_Leng": 0.039776, "Shape__Length": 5708.566193859093}}, {"type": "Feature", "id": 10765, "geometry": {"type": "LineString", "coordinates": [[-88.777728, 39.077888], [-88.777728, 39.1161920000001]]}, "properties": {"FID": 10765, "TYPEPIPE": "Interstate", "Operator": "Natural Gas PL Co of Am", "Status": "Operating", "Shape_Leng": 0.038304, "Shape__Length": 5494.262860359624}}, {"type": "Feature", "id": 10766, "geometry": {"type": "LineString", "coordinates": [[-88.817152, 38.8241760000001], [-88.817152, 38.9992960000001]]}, "properties": {"FID": 10766, "TYPEPIPE": "Interstate", "Operator": "Natural Gas PL Co of Am", "Status": "Operating", "Shape_Leng": 0.17512, "Shape__Length": 25053.236471112818}}, {"type": "Feature", "id": 10767, "geometry": {"type": "LineString", "coordinates": [[-88.825856, 39.0269440000001], [-88.8054999999999, 39.0484900000001]]}, "properties": {"FID": 10767, "TYPEPIPE": "Interstate", "Operator": "Natural Gas PL Co of Am", "Status": "Operating", "Shape_Leng": 0.0296411344588, "Shape__Length": 3830.161117130594}}, {"type": "Feature", "id": 10768, "geometry": {"type": "LineString", "coordinates": [[-88.817152, 38.9992960000001], [-88.825856, 39.0269440000001]]}, "properties": {"FID": 10768, "TYPEPIPE": "Interstate", "Operator": "Natural Gas PL Co of Am", "Status": "Operating", "Shape_Leng": 0.0289857123425, "Shape__Length": 4077.8570795851474}}, {"type": "Feature", "id": 10769, "geometry": {"type": "LineString", "coordinates": [[-88.367104, 41.1136000000001], [-88.365258, 41.2092640000001]]}, "properties": {"FID": 10769, "TYPEPIPE": "Interstate", "Operator": "Natural Gas PL Co of Am", "Status": "Operating", "Shape_Leng": 0.0956818092011, "Shape__Length": 14146.615712178067}}, {"type": "Feature", "id": 10770, "geometry": {"type": "LineString", "coordinates": [[-88.596549, 41.406283], [-88.529664, 41.4104320000001]]}, "properties": {"FID": 10770, "TYPEPIPE": "Interstate", "Operator": "Natural Gas PL Co of Am", "Status": "Operating", "Shape_Leng": 0.0670135615081, "Shape__Length": 7471.026692101771}}, {"type": "Feature", "id": 10771, "geometry": {"type": "LineString", "coordinates": [[-88.316928, 41.4307840000001], [-88.2547479999999, 41.4545420000001]]}, "properties": {"FID": 10771, "TYPEPIPE": "Interstate", "Operator": "Natural Gas PL Co of Am", "Status": "Operating", "Shape_Leng": 0.0665642168436, "Shape__Length": 7769.133659477352}}, {"type": "Feature", "id": 10772, "geometry": {"type": "LineString", "coordinates": [[-88.4877079999999, 41.452954], [-88.4827779999999, 41.45795]]}, "properties": {"FID": 10772, "TYPEPIPE": "Interstate", "Operator": "Natural Gas PL Co of Am", "Status": "Operating", "Shape_Leng": 0.00701889706436, "Shape__Length": 922.9517792682053}}, {"type": "Feature", "id": 10773, "geometry": {"type": "LineString", "coordinates": [[-88.247786, 41.357693], [-88.2829829999999, 41.374962], [-88.316928, 41.391616]]}, "properties": {"FID": 10773, "TYPEPIPE": "Interstate", "Operator": "Natural Gas PL Co of Am", "Status": "Operating", "Shape_Leng": 0.0770154925546, "Shape__Length": 9195.980323603831}}, {"type": "Feature", "id": 10774, "geometry": {"type": "LineString", "coordinates": [[-88.316928, 41.391616], [-88.317209, 41.394655], [-88.316928, 41.4307840000001]]}, "properties": {"FID": 10774, "TYPEPIPE": "Interstate", "Operator": "Natural Gas PL Co of Am", "Status": "Operating", "Shape_Leng": 0.0391820563785, "Shape__Length": 5814.865418140935}}, {"type": "Feature", "id": 10775, "geometry": {"type": "LineString", "coordinates": [[-88.529664, 41.4104320000001], [-88.4877079999999, 41.452954]]}, "properties": {"FID": 10775, "TYPEPIPE": "Interstate", "Operator": "Natural Gas PL Co of Am", "Status": "Operating", "Shape_Leng": 0.059736307385, "Shape__Length": 7853.294893154406}}, {"type": "Feature", "id": 10776, "geometry": {"type": "LineString", "coordinates": [[-88.362496, 41.352448], [-88.316928, 41.391616]]}, "properties": {"FID": 10776, "TYPEPIPE": "Interstate", "Operator": "Natural Gas PL Co of Am", "Status": "Operating", "Shape_Leng": 0.0600880591133, "Shape__Length": 7712.952206497995}}, {"type": "Feature", "id": 10777, "geometry": {"type": "LineString", "coordinates": [[-90.431928, 41.381605], [-90.16192, 41.3623040000001]]}, "properties": {"FID": 10777, "TYPEPIPE": "Interstate", "Operator": "Natural Gas PL Co of Am", "Status": "Operating", "Shape_Leng": 0.270696968334, "Shape__Length": 30193.208725812692}}, {"type": "Feature", "id": 10778, "geometry": {"type": "LineString", "coordinates": [[-90.16192, 41.3623040000001], [-89.8552319999999, 41.356032]]}, "properties": {"FID": 10778, "TYPEPIPE": "Interstate", "Operator": "Natural Gas PL Co of Am", "Status": "Operating", "Shape_Leng": 0.306752126852, "Shape__Length": 34153.02207574915}}, {"type": "Feature", "id": 10779, "geometry": {"type": "LineString", "coordinates": [[-89.8579989999999, 41.503095], [-89.871202, 41.4939420000001]]}, "properties": {"FID": 10779, "TYPEPIPE": "Interstate", "Operator": "Natural Gas PL Co of Am", "Status": "Operating", "Shape_Leng": 0.0160653857097, "Shape__Length": 2002.716575919919}}, {"type": "Feature", "id": 10780, "geometry": {"type": "LineString", "coordinates": [[-90.0911359999999, 41.404224], [-90.095424, 41.4225920000001]]}, "properties": {"FID": 10780, "TYPEPIPE": "Interstate", "Operator": "Natural Gas PL Co of Am", "Status": "Operating", "Shape_Leng": 0.0188618760467, "Shape__Length": 2767.9175003940004}}, {"type": "Feature", "id": 10781, "geometry": {"type": "LineString", "coordinates": [[-89.871202, 41.4939420000001], [-89.8821119999999, 41.5034880000001]]}, "properties": {"FID": 10781, "TYPEPIPE": "Interstate", "Operator": "Natural Gas PL Co of Am", "Status": "Operating", "Shape_Leng": 0.0144966967272, "Shape__Length": 1867.6335962709647}}, {"type": "Feature", "id": 10782, "geometry": {"type": "LineString", "coordinates": [[-89.9165589999999, 41.462498], [-89.9264639999999, 41.4768]]}, "properties": {"FID": 10782, "TYPEPIPE": "Interstate", "Operator": "Natural Gas PL Co of Am", "Status": "Operating", "Shape_Leng": 0.0173970178191, "Shape__Length": 2393.813795446882}}, {"type": "Feature", "id": 10783, "geometry": {"type": "LineString", "coordinates": [[-88.280701, 42.3199670000001], [-88.336947, 42.324824]]}, "properties": {"FID": 10783, "TYPEPIPE": "Interstate", "Operator": "Natural Gas PL Co of Am", "Status": "Operating", "Shape_Leng": 0.0564553183057, "Shape__Length": 6303.835040993626}}, {"type": "Feature", "id": 10784, "geometry": {"type": "LineString", "coordinates": [[-90.0911359999999, 41.404224], [-90.16192, 41.3623040000001]]}, "properties": {"FID": 10784, "TYPEPIPE": "Interstate", "Operator": "Natural Gas PL Co of Am", "Status": "Operating", "Shape_Leng": 0.0822657951764, "Shape__Length": 10038.467378298505}}, {"type": "Feature", "id": 10785, "geometry": {"type": "LineString", "coordinates": [[-89.97184, 41.4263040000001], [-90.0911359999999, 41.404224]]}, "properties": {"FID": 10785, "TYPEPIPE": "Interstate", "Operator": "Natural Gas PL Co of Am", "Status": "Operating", "Shape_Leng": 0.121322141491, "Shape__Length": 13678.443212079566}}, {"type": "Feature", "id": 10786, "geometry": {"type": "LineString", "coordinates": [[-89.92704, 41.4552320000001], [-89.97184, 41.4263040000001]]}, "properties": {"FID": 10786, "TYPEPIPE": "Interstate", "Operator": "Natural Gas PL Co of Am", "Status": "Operating", "Shape_Leng": 0.053327939994, "Shape__Length": 6582.140195016007}}, {"type": "Feature", "id": 10787, "geometry": {"type": "LineString", "coordinates": [[-89.871202, 41.4939420000001], [-89.9165589999999, 41.462498]]}, "properties": {"FID": 10787, "TYPEPIPE": "Interstate", "Operator": "Natural Gas PL Co of Am", "Status": "Operating", "Shape_Leng": 0.0551904211345, "Shape__Length": 6879.068501491845}}, {"type": "Feature", "id": 10788, "geometry": {"type": "LineString", "coordinates": [[-89.4016, 37.828608], [-89.376155, 37.9525600000001]]}, "properties": {"FID": 10788, "TYPEPIPE": "Interstate", "Operator": "Natural Gas PL Co of Am", "Status": "Operating", "Shape_Leng": 0.126536739048, "Shape__Length": 17712.168583139748}}, {"type": "Feature", "id": 10789, "geometry": {"type": "LineString", "coordinates": [[-89.427712, 37.809152], [-89.4016, 37.828608]]}, "properties": {"FID": 10789, "TYPEPIPE": "Interstate", "Operator": "Natural Gas PL Co of Am", "Status": "Operating", "Shape_Leng": 0.0325633610059, "Shape__Length": 3995.795447142341}}, {"type": "Feature", "id": 10790, "geometry": {"type": "LineString", "coordinates": [[-89.4717439999999, 37.762048], [-89.427712, 37.7776640000001]]}, "properties": {"FID": 10790, "TYPEPIPE": "Interstate", "Operator": "Natural Gas PL Co of Am", "Status": "Operating", "Shape_Leng": 0.0467191232794, "Shape__Length": 5372.342564942324}}, {"type": "Feature", "id": 10791, "geometry": {"type": "LineString", "coordinates": [[-89.427712, 37.7776640000001], [-89.427712, 37.809152]]}, "properties": {"FID": 10791, "TYPEPIPE": "Interstate", "Operator": "Natural Gas PL Co of Am", "Status": "Operating", "Shape_Leng": 0.031488, "Shape__Length": 4435.731470953673}}, {"type": "Feature", "id": 10792, "geometry": {"type": "LineString", "coordinates": [[-89.4717439999999, 37.711104], [-89.4717439999999, 37.762048]]}, "properties": {"FID": 10792, "TYPEPIPE": "Interstate", "Operator": "Natural Gas PL Co of Am", "Status": "Operating", "Shape_Leng": 0.050944, "Shape__Length": 7170.996429554187}}, {"type": "Feature", "id": 10793, "geometry": {"type": "LineString", "coordinates": [[-89.49376, 37.691648], [-89.4717439999999, 37.711104]]}, "properties": {"FID": 10793, "TYPEPIPE": "Interstate", "Operator": "Natural Gas PL Co of Am", "Status": "Operating", "Shape_Leng": 0.0293809494741, "Shape__Length": 3674.1894893406998}}, {"type": "Feature", "id": 10794, "geometry": {"type": "LineString", "coordinates": [[-89.49376, 37.668096], [-89.49376, 37.691648]]}, "properties": {"FID": 10794, "TYPEPIPE": "Interstate", "Operator": "Natural Gas PL Co of Am", "Status": "Operating", "Shape_Leng": 0.023552, "Shape__Length": 3312.6987193869427}}, {"type": "Feature", "id": 10795, "geometry": {"type": "LineString", "coordinates": [[-89.527472, 37.647024], [-89.49376, 37.668096]]}, "properties": {"FID": 10795, "TYPEPIPE": "Interstate", "Operator": "Natural Gas PL Co of Am", "Status": "Operating", "Shape_Leng": 0.0397558565246, "Shape__Length": 4781.506393750744}}, {"type": "Feature", "id": 10796, "geometry": {"type": "LineString", "coordinates": [[-88.250422, 41.0709120000001], [-88.228644, 41.0703800000001]]}, "properties": {"FID": 10796, "TYPEPIPE": "Interstate", "Operator": "Natural Gas PL Co of Am", "Status": "Operating", "Shape_Leng": 0.0217844969646, "Shape__Length": 2425.5882156922225}}, {"type": "Feature", "id": 10797, "geometry": {"type": "LineString", "coordinates": [[-87.577781, 41.2967100000001], [-87.546304, 41.269056]]}, "properties": {"FID": 10797, "TYPEPIPE": "Interstate", "Operator": "Natural Gas PL Co of Am", "Status": "Operating", "Shape_Leng": 0.0418992272602, "Shape__Length": 5390.74176277005}}, {"type": "Feature", "id": 10798, "geometry": {"type": "LineString", "coordinates": [[-87.761509, 41.29569], [-87.803694, 41.2811330000001], [-88.061504, 41.13568]]}, "properties": {"FID": 10798, "TYPEPIPE": "Interstate", "Operator": "Natural Gas PL Co of Am", "Status": "Operating", "Shape_Leng": 0.340637106676, "Shape__Length": 41040.465171741904}}, {"type": "Feature", "id": 10799, "geometry": {"type": "LineString", "coordinates": [[-88.115617, 41.1055030000001], [-88.1390639999999, 41.1520200000001], [-88.164099, 41.201689]]}, "properties": {"FID": 10799, "TYPEPIPE": "Interstate", "Operator": "Natural Gas PL Co of Am", "Status": "Operating", "Shape_Leng": 0.107713745272, "Shape__Length": 15210.298873563273}}, {"type": "Feature", "id": 10800, "geometry": {"type": "LineString", "coordinates": [[-87.546304, 41.269056], [-87.528704, 41.2465920000001]]}, "properties": {"FID": 10800, "TYPEPIPE": "Interstate", "Operator": "Natural Gas PL Co of Am", "Status": "Operating", "Shape_Leng": 0.0285375418703, "Shape__Length": 3860.5736325042453}}, {"type": "Feature", "id": 10801, "geometry": {"type": "LineString", "coordinates": [[-88.087073, 41.0669570000001], [-88.091894, 41.083785], [-88.0946059999999, 41.0932520000001]]}, "properties": {"FID": 10801, "TYPEPIPE": "Interstate", "Operator": "Natural Gas PL Co of Am", "Status": "Operating", "Shape_Leng": 0.0273527533175, "Shape__Length": 3972.7412448242403}}, {"type": "Feature", "id": 10802, "geometry": {"type": "LineString", "coordinates": [[-88.080128, 41.0667520000001], [-88.080128, 41.094144]]}, "properties": {"FID": 10802, "TYPEPIPE": "Interstate", "Operator": "Natural Gas PL Co of Am", "Status": "Operating", "Shape_Leng": 0.027392, "Shape__Length": 4045.2552670594305}}, {"type": "Feature", "id": 10803, "geometry": {"type": "LineString", "coordinates": [[-88.228644, 41.0703800000001], [-88.087073, 41.0669570000001], [-88.080128, 41.0667520000001]]}, "properties": {"FID": 10803, "TYPEPIPE": "Interstate", "Operator": "Natural Gas PL Co of Am", "Status": "Operating", "Shape_Leng": 0.148560400665, "Shape__Length": 16541.42021408843}}, {"type": "Feature", "id": 10804, "geometry": {"type": "LineString", "coordinates": [[-88.0946059999999, 41.0932520000001], [-88.115617, 41.1055030000001]]}, "properties": {"FID": 10804, "TYPEPIPE": "Interstate", "Operator": "Natural Gas PL Co of Am", "Status": "Operating", "Shape_Leng": 0.0243217828705, "Shape__Length": 2957.331633339736}}, {"type": "Feature", "id": 10805, "geometry": {"type": "LineString", "coordinates": [[-88.2547479999999, 41.4545420000001], [-88.2461709999999, 41.468491]]}, "properties": {"FID": 10805, "TYPEPIPE": "Interstate", "Operator": "Natural Gas PL Co of Am", "Status": "Operating", "Shape_Leng": 0.0163749665648, "Shape__Length": 2281.44915228053}}, {"type": "Feature", "id": 10806, "geometry": {"type": "LineString", "coordinates": [[-88.4827779999999, 41.45795], [-88.4538879999999, 41.4872320000001]]}, "properties": {"FID": 10806, "TYPEPIPE": "Interstate", "Operator": "Natural Gas PL Co of Am", "Status": "Operating", "Shape_Leng": 0.0411347495921, "Shape__Length": 5410.084917657055}}, {"type": "Feature", "id": 10807, "geometry": {"type": "LineString", "coordinates": [[-88.351616, 41.500032], [-88.270818, 41.498653], [-88.25249, 41.49834]]}, "properties": {"FID": 10807, "TYPEPIPE": "Interstate", "Operator": "Natural Gas PL Co of Am", "Status": "Operating", "Shape_Leng": 0.0991404394794, "Shape__Length": 11037.521175321996}}, {"type": "Feature", "id": 10808, "geometry": {"type": "LineString", "coordinates": [[-88.4538879999999, 41.4872320000001], [-88.351616, 41.500032]]}, "properties": {"FID": 10808, "TYPEPIPE": "Interstate", "Operator": "Natural Gas PL Co of Am", "Status": "Operating", "Shape_Leng": 0.103069888833, "Shape__Length": 11542.703175043764}}, {"type": "Feature", "id": 10809, "geometry": {"type": "LineString", "coordinates": [[-88.1524479999999, 42.3128320000001], [-88.2156889999999, 42.3178080000001]]}, "properties": {"FID": 10809, "TYPEPIPE": "Interstate", "Operator": "Natural Gas PL Co of Am", "Status": "Operating", "Shape_Leng": 0.0634364615738, "Shape__Length": 7079.69887186104}}, {"type": "Feature", "id": 10810, "geometry": {"type": "LineString", "coordinates": [[-88.1524479999999, 42.154048], [-88.1524479999999, 42.293504]]}, "properties": {"FID": 10810, "TYPEPIPE": "Interstate", "Operator": "Natural Gas PL Co of Am", "Status": "Operating", "Shape_Leng": 0.139456, "Shape__Length": 20963.727777159773}}, {"type": "Feature", "id": 10811, "geometry": {"type": "LineString", "coordinates": [[-88.1139919999999, 42.313223], [-88.026752, 42.3141120000001]]}, "properties": {"FID": 10811, "TYPEPIPE": "Interstate", "Operator": "Natural Gas PL Co of Am", "Status": "Operating", "Shape_Leng": 0.0872445294617, "Shape__Length": 9712.434452802207}}, {"type": "Feature", "id": 10812, "geometry": {"type": "LineString", "coordinates": [[-88.1524479999999, 42.3128320000001], [-88.1139919999999, 42.313223]]}, "properties": {"FID": 10812, "TYPEPIPE": "Interstate", "Operator": "Natural Gas PL Co of Am", "Status": "Operating", "Shape_Leng": 0.0384579876879, "Shape__Length": 4281.306969289285}}, {"type": "Feature", "id": 10813, "geometry": {"type": "LineString", "coordinates": [[-88.1524479999999, 42.293504], [-88.1524479999999, 42.3128320000001]]}, "properties": {"FID": 10813, "TYPEPIPE": "Interstate", "Operator": "Natural Gas PL Co of Am", "Status": "Operating", "Shape_Leng": 0.019328, "Shape__Length": 2909.1413526069373}}, {"type": "Feature", "id": 10814, "geometry": {"type": "LineString", "coordinates": [[-89.164588, 41.3715320000001], [-89.137129, 41.372754]]}, "properties": {"FID": 10814, "TYPEPIPE": "Interstate", "Operator": "Natural Gas PL Co of Am", "Status": "Operating", "Shape_Leng": 0.0274861777081, "Shape__Length": 3062.0921451858176}}, {"type": "Feature", "id": 10815, "geometry": {"type": "LineString", "coordinates": [[-88.659711, 41.402365], [-88.596549, 41.406283]]}, "properties": {"FID": 10815, "TYPEPIPE": "Interstate", "Operator": "Natural Gas PL Co of Am", "Status": "Operating", "Shape_Leng": 0.0632834019945, "Shape__Length": 7055.16548640754}}, {"type": "Feature", "id": 10816, "geometry": {"type": "LineString", "coordinates": [[-88.659711, 41.402365], [-88.6596479999999, 41.4124800000001]]}, "properties": {"FID": 10816, "TYPEPIPE": "Interstate", "Operator": "Natural Gas PL Co of Am", "Status": "Operating", "Shape_Leng": 0.0101151961919, "Shape__Length": 1501.2944235058067}}, {"type": "Feature", "id": 10817, "geometry": {"type": "LineString", "coordinates": [[-88.7855949999999, 41.3945570000001], [-88.797568, 41.3850880000001]]}, "properties": {"FID": 10817, "TYPEPIPE": "Interstate", "Operator": "Natural Gas PL Co of Am", "Status": "Operating", "Shape_Leng": 0.0152648187019, "Shape__Length": 1936.6222006825335}}, {"type": "Feature", "id": 10818, "geometry": {"type": "LineString", "coordinates": [[-89.1129099999999, 41.3742560000001], [-89.112896, 41.3859840000001]]}, "properties": {"FID": 10818, "TYPEPIPE": "Interstate", "Operator": "Natural Gas PL Co of Am", "Status": "Operating", "Shape_Leng": 0.0117280083561, "Shape__Length": 1739.9507969158783}}, {"type": "Feature", "id": 10819, "geometry": {"type": "LineString", "coordinates": [[-89.137129, 41.372754], [-89.137152, 41.390272]]}, "properties": {"FID": 10819, "TYPEPIPE": "Interstate", "Operator": "Natural Gas PL Co of Am", "Status": "Operating", "Shape_Leng": 0.0175180150987, "Shape__Length": 2599.0035542581436}}, {"type": "Feature", "id": 10820, "geometry": {"type": "LineString", "coordinates": [[-88.7855949999999, 41.3945570000001], [-88.659711, 41.402365]]}, "properties": {"FID": 10820, "TYPEPIPE": "Interstate", "Operator": "Natural Gas PL Co of Am", "Status": "Operating", "Shape_Leng": 0.126125914546, "Shape__Length": 14061.165925946594}}, {"type": "Feature", "id": 10821, "geometry": {"type": "LineString", "coordinates": [[-89.1129099999999, 41.3742560000001], [-88.7855949999999, 41.3945570000001]]}, "properties": {"FID": 10821, "TYPEPIPE": "Interstate", "Operator": "Natural Gas PL Co of Am", "Status": "Operating", "Shape_Leng": 0.327943958362, "Shape__Length": 36560.821816529286}}, {"type": "Feature", "id": 10822, "geometry": {"type": "LineString", "coordinates": [[-89.137129, 41.372754], [-89.1248659999999, 41.373515], [-89.1129099999999, 41.3742560000001]]}, "properties": {"FID": 10822, "TYPEPIPE": "Interstate", "Operator": "Natural Gas PL Co of Am", "Status": "Operating", "Shape_Leng": 0.0242655304067, "Shape__Length": 2705.238118297654}}, {"type": "Feature", "id": 10823, "geometry": {"type": "LineString", "coordinates": [[-89.6127999999999, 41.6730880000001], [-89.656853, 41.643487]]}, "properties": {"FID": 10823, "TYPEPIPE": "Interstate", "Operator": "Natural Gas PL Co of Am", "Status": "Operating", "Shape_Leng": 0.0530743441787, "Shape__Length": 6595.539287794489}}, {"type": "Feature", "id": 10824, "geometry": {"type": "LineString", "coordinates": [[-89.287168, 41.884416], [-89.387413, 41.822858], [-89.412729, 41.8073130000001], [-89.42134, 41.8020250000001]]}, "properties": {"FID": 10824, "TYPEPIPE": "Interstate", "Operator": "Natural Gas PL Co of Am", "Status": "Operating", "Shape_Leng": 0.157449682338, "Shape__Length": 19356.022622600984}}, {"type": "Feature", "id": 10825, "geometry": {"type": "LineString", "coordinates": [[-89.6127999999999, 41.6730880000001], [-89.6127999999999, 41.75296]]}, "properties": {"FID": 10825, "TYPEPIPE": "Interstate", "Operator": "Natural Gas PL Co of Am", "Status": "Operating", "Shape_Leng": 0.079872, "Shape__Length": 11910.87433223147}}, {"type": "Feature", "id": 10826, "geometry": {"type": "LineString", "coordinates": [[-89.493031, 41.756902], [-89.506624, 41.7685120000001]]}, "properties": {"FID": 10826, "TYPEPIPE": "Interstate", "Operator": "Natural Gas PL Co of Am", "Status": "Operating", "Shape_Leng": 0.0178762901353, "Shape__Length": 2300.398799221559}}, {"type": "Feature", "id": 10827, "geometry": {"type": "LineString", "coordinates": [[-89.435377, 41.7934060000001], [-89.4501759999999, 41.8081280000001]]}, "properties": {"FID": 10827, "TYPEPIPE": "Interstate", "Operator": "Natural Gas PL Co of Am", "Status": "Operating", "Shape_Leng": 0.020874570295, "Shape__Length": 2747.182031134472}}, {"type": "Feature", "id": 10828, "geometry": {"type": "LineString", "coordinates": [[-89.493031, 41.756902], [-89.6127999999999, 41.6730880000001]]}, "properties": {"FID": 10828, "TYPEPIPE": "Interstate", "Operator": "Natural Gas PL Co of Am", "Status": "Operating", "Shape_Leng": 0.146182762175, "Shape__Length": 18275.298495971627}}, {"type": "Feature", "id": 10829, "geometry": {"type": "LineString", "coordinates": [[-89.480192, 41.7658880000001], [-89.493031, 41.756902]]}, "properties": {"FID": 10829, "TYPEPIPE": "Interstate", "Operator": "Natural Gas PL Co of Am", "Status": "Operating", "Shape_Leng": 0.0156712512902, "Shape__Length": 1959.8713646507636}}, {"type": "Feature", "id": 10830, "geometry": {"type": "LineString", "coordinates": [[-89.435377, 41.7934060000001], [-89.480192, 41.7658880000001]]}, "properties": {"FID": 10830, "TYPEPIPE": "Interstate", "Operator": "Natural Gas PL Co of Am", "Status": "Operating", "Shape_Leng": 0.052589205632, "Shape__Length": 6462.3942506725125}}, {"type": "Feature", "id": 10831, "geometry": {"type": "LineString", "coordinates": [[-89.42134, 41.8020250000001], [-89.425461, 41.799495], [-89.435377, 41.7934060000001]]}, "properties": {"FID": 10831, "TYPEPIPE": "Interstate", "Operator": "Natural Gas PL Co of Am", "Status": "Operating", "Shape_Leng": 0.0164719315958, "Shape__Length": 2024.3677623019043}}, {"type": "Feature", "id": 10832, "geometry": {"type": "LineString", "coordinates": [[-88.494336, 40.616448], [-88.494848, 40.683008]]}, "properties": {"FID": 10832, "TYPEPIPE": "Interstate", "Operator": "Natural Gas PL Co of Am", "Status": "Operating", "Shape_Leng": 0.0665619692016, "Shape__Length": 9766.036566990355}}, {"type": "Feature", "id": 10833, "geometry": {"type": "LineString", "coordinates": [[-88.382258, 41.09193], [-88.367104, 41.1136000000001]]}, "properties": {"FID": 10833, "TYPEPIPE": "Interstate", "Operator": "Natural Gas PL Co of Am", "Status": "Operating", "Shape_Leng": 0.0264430069395, "Shape__Length": 3618.5880226259083}}, {"type": "Feature", "id": 10834, "geometry": {"type": "LineString", "coordinates": [[-88.436451, 40.958086], [-88.4311039999999, 41.011712]]}, "properties": {"FID": 10834, "TYPEPIPE": "Interstate", "Operator": "Natural Gas PL Co of Am", "Status": "Operating", "Shape_Leng": 0.0538919129833, "Shape__Length": 7930.381206667996}}, {"type": "Feature", "id": 10835, "geometry": {"type": "LineString", "coordinates": [[-88.4581909999999, 40.902334], [-88.4400639999999, 40.921856]]}, "properties": {"FID": 10835, "TYPEPIPE": "Interstate", "Operator": "Natural Gas PL Co of Am", "Status": "Operating", "Shape_Leng": 0.026640131625, "Shape__Length": 3513.0167652271566}}, {"type": "Feature", "id": 10836, "geometry": {"type": "LineString", "coordinates": [[-88.476672, 40.746176], [-88.476672, 40.882432]]}, "properties": {"FID": 10836, "TYPEPIPE": "Interstate", "Operator": "Natural Gas PL Co of Am", "Status": "Operating", "Shape_Leng": 0.136256, "Shape__Length": 20041.382182323374}}, {"type": "Feature", "id": 10837, "geometry": {"type": "LineString", "coordinates": [[-88.3944959999999, 41.074432], [-88.250422, 41.0709120000001]]}, "properties": {"FID": 10837, "TYPEPIPE": "Interstate", "Operator": "Natural Gas PL Co of Am", "Status": "Operating", "Shape_Leng": 0.14411699371, "Shape__Length": 16046.664588605281}}, {"type": "Feature", "id": 10838, "geometry": {"type": "LineString", "coordinates": [[-88.3944959999999, 41.074432], [-88.382258, 41.09193]]}, "properties": {"FID": 10838, "TYPEPIPE": "Interstate", "Operator": "Natural Gas PL Co of Am", "Status": "Operating", "Shape_Leng": 0.0213529540813, "Shape__Length": 2921.319037633526}}, {"type": "Feature", "id": 10839, "geometry": {"type": "LineString", "coordinates": [[-88.4400639999999, 40.921856], [-88.436451, 40.958086]]}, "properties": {"FID": 10839, "TYPEPIPE": "Interstate", "Operator": "Natural Gas PL Co of Am", "Status": "Operating", "Shape_Leng": 0.0364097056978, "Shape__Length": 5354.184872668345}}, {"type": "Feature", "id": 10840, "geometry": {"type": "LineString", "coordinates": [[-88.476672, 40.882432], [-88.4581909999999, 40.902334]]}, "properties": {"FID": 10840, "TYPEPIPE": "Interstate", "Operator": "Natural Gas PL Co of Am", "Status": "Operating", "Shape_Leng": 0.027159472841, "Shape__Length": 3580.7571299186284}}, {"type": "Feature", "id": 10841, "geometry": {"type": "LineString", "coordinates": [[-88.476672, 40.7024640000001], [-88.476672, 40.746176]]}, "properties": {"FID": 10841, "TYPEPIPE": "Interstate", "Operator": "Natural Gas PL Co of Am", "Status": "Operating", "Shape_Leng": 0.043712, "Shape__Length": 6420.729532096535}}, {"type": "Feature", "id": 10842, "geometry": {"type": "LineString", "coordinates": [[-88.4311039999999, 41.011712], [-88.3944959999999, 41.074432]]}, "properties": {"FID": 10842, "TYPEPIPE": "Interstate", "Operator": "Natural Gas PL Co of Am", "Status": "Operating", "Shape_Leng": 0.0726219255046, "Shape__Length": 10114.524035457462}}, {"type": "Feature", "id": 10843, "geometry": {"type": "LineString", "coordinates": [[-88.494848, 40.683008], [-88.476672, 40.7024640000001]]}, "properties": {"FID": 10843, "TYPEPIPE": "Interstate", "Operator": "Natural Gas PL Co of Am", "Status": "Operating", "Shape_Leng": 0.0266252307408, "Shape__Length": 3500.485345039071}}, {"type": "Feature", "id": 10844, "geometry": {"type": "LineString", "coordinates": [[-89.142272, 38.6432], [-89.132917, 38.647926], [-89.071069, 38.679173], [-89.038441, 38.695657], [-88.847872, 38.7919360000001]]}, "properties": {"FID": 10844, "TYPEPIPE": "Interstate", "Operator": "Natural Gas PL Co of Am", "Status": "Operating", "Shape_Leng": 0.329838987537, "Shape__Length": 39042.96435446393}}, {"type": "Feature", "id": 10845, "geometry": {"type": "LineString", "coordinates": [[-88.817152, 38.8154880000001], [-88.817152, 38.8241760000001]]}, "properties": {"FID": 10845, "TYPEPIPE": "Interstate", "Operator": "Natural Gas PL Co of Am", "Status": "Operating", "Shape_Leng": 0.00868800000001, "Shape__Length": 1241.3267020788044}}, {"type": "Feature", "id": 10846, "geometry": {"type": "LineString", "coordinates": [[-88.847872, 38.7919360000001], [-88.817152, 38.8154880000001]]}, "properties": {"FID": 10846, "TYPEPIPE": "Interstate", "Operator": "Natural Gas PL Co of Am", "Status": "Operating", "Shape_Leng": 0.0387093671351, "Shape__Length": 4797.203028637257}}, {"type": "Feature", "id": 10847, "geometry": {"type": "LineString", "coordinates": [[-88.514752, 42.2517760000001], [-88.705882, 42.2437850000001]]}, "properties": {"FID": 10847, "TYPEPIPE": "Interstate", "Operator": "Natural Gas PL Co of Am", "Status": "Operating", "Shape_Leng": 0.19129697588, "Shape__Length": 21310.403564407952}}, {"type": "Feature", "id": 10848, "geometry": {"type": "LineString", "coordinates": [[-88.7136159999999, 42.3014050000001], [-88.6132029999999, 42.3535160000001]]}, "properties": {"FID": 10848, "TYPEPIPE": "Interstate", "Operator": "Natural Gas PL Co of Am", "Status": "Operating", "Shape_Leng": 0.113129690577, "Shape__Length": 13656.98600285963}}, {"type": "Feature", "id": 10849, "geometry": {"type": "LineString", "coordinates": [[-88.2156889999999, 42.3178080000001], [-88.280701, 42.3199670000001]]}, "properties": {"FID": 10849, "TYPEPIPE": "Interstate", "Operator": "Natural Gas PL Co of Am", "Status": "Operating", "Shape_Leng": 0.0650478395106, "Shape__Length": 7244.398392800721}}, {"type": "Feature", "id": 10850, "geometry": {"type": "LineString", "coordinates": [[-88.315534, 42.4898590000001], [-88.306952, 42.494788]]}, "properties": {"FID": 10850, "TYPEPIPE": "Interstate", "Operator": "Natural Gas PL Co of Am", "Status": "Operating", "Shape_Leng": 0.00989675527632, "Shape__Length": 1210.9515963048063}}, {"type": "Feature", "id": 10851, "geometry": {"type": "LineString", "coordinates": [[-88.357357, 42.339436], [-88.366407, 42.3251940000001]]}, "properties": {"FID": 10851, "TYPEPIPE": "Interstate", "Operator": "Natural Gas PL Co of Am", "Status": "Operating", "Shape_Leng": 0.0168741537269, "Shape__Length": 2369.457014259783}}, {"type": "Feature", "id": 10852, "geometry": {"type": "LineString", "coordinates": [[-88.431178, 42.3922890000001], [-88.4331089999999, 42.360344]]}, "properties": {"FID": 10852, "TYPEPIPE": "Interstate", "Operator": "Natural Gas PL Co of Am", "Status": "Operating", "Shape_Leng": 0.0320033089852, "Shape__Length": 4818.5747299844215}}, {"type": "Feature", "id": 10853, "geometry": {"type": "LineString", "coordinates": [[-88.315534, 42.4898590000001], [-88.316224, 42.47776]]}, "properties": {"FID": 10853, "TYPEPIPE": "Interstate", "Operator": "Natural Gas PL Co of Am", "Status": "Operating", "Shape_Leng": 0.0121186592081, "Shape__Length": 1827.9366508275077}}, {"type": "Feature", "id": 10854, "geometry": {"type": "LineString", "coordinates": [[-88.6132029999999, 42.3535160000001], [-88.612672, 42.3432960000001]]}, "properties": {"FID": 10854, "TYPEPIPE": "Interstate", "Operator": "Natural Gas PL Co of Am", "Status": "Operating", "Shape_Leng": 0.0102337852723, "Shape__Length": 1540.4976681869175}}, {"type": "Feature", "id": 10855, "geometry": {"type": "LineString", "coordinates": [[-88.31808, 42.29792], [-88.514752, 42.2517760000001]]}, "properties": {"FID": 10855, "TYPEPIPE": "Interstate", "Operator": "Natural Gas PL Co of Am", "Status": "Operating", "Shape_Leng": 0.202012733064, "Shape__Length": 22967.7264669996}}, {"type": "Feature", "id": 10856, "geometry": {"type": "LineString", "coordinates": [[-88.1524479999999, 42.293504], [-88.31808, 42.29792]]}, "properties": {"FID": 10856, "TYPEPIPE": "Interstate", "Operator": "Natural Gas PL Co of Am", "Status": "Operating", "Shape_Leng": 0.165690858167, "Shape__Length": 18450.043496166083}}, {"type": "Feature", "id": 10857, "geometry": {"type": "LineString", "coordinates": [[-88.336947, 42.324824], [-88.357357, 42.339436], [-88.431178, 42.3922890000001]]}, "properties": {"FID": 10857, "TYPEPIPE": "Interstate", "Operator": "Natural Gas PL Co of Am", "Status": "Operating", "Shape_Leng": 0.115892224016, "Shape__Length": 14605.801967074507}}, {"type": "Feature", "id": 10858, "geometry": {"type": "LineString", "coordinates": [[-88.431178, 42.3922890000001], [-88.452365, 42.4173260000001]]}, "properties": {"FID": 10858, "TYPEPIPE": "Interstate", "Operator": "Natural Gas PL Co of Am", "Status": "Operating", "Shape_Leng": 0.032798480727, "Shape__Length": 4450.8089360931735}}, {"type": "Feature", "id": 10859, "geometry": {"type": "LineString", "coordinates": [[-88.3961619999999, 42.4471150000001], [-88.315534, 42.4898590000001]]}, "properties": {"FID": 10859, "TYPEPIPE": "Interstate", "Operator": "Natural Gas PL Co of Am", "Status": "Operating", "Shape_Leng": 0.0912574595307, "Shape__Length": 11052.991517053673}}, {"type": "Feature", "id": 10860, "geometry": {"type": "LineString", "coordinates": [[-88.489798, 42.3974860000001], [-88.452365, 42.4173260000001], [-88.3961619999999, 42.4471150000001]]}, "properties": {"FID": 10860, "TYPEPIPE": "Interstate", "Operator": "Natural Gas PL Co of Am", "Status": "Operating", "Shape_Leng": 0.105975176986, "Shape__Length": 12832.017521562664}}, {"type": "Feature", "id": 10861, "geometry": {"type": "LineString", "coordinates": [[-88.6132029999999, 42.3535160000001], [-88.489798, 42.3974860000001]]}, "properties": {"FID": 10861, "TYPEPIPE": "Interstate", "Operator": "Natural Gas PL Co of Am", "Status": "Operating", "Shape_Leng": 0.131004408037, "Shape__Length": 15251.754143321159}}, {"type": "Feature", "id": 10862, "geometry": {"type": "LineString", "coordinates": [[-88.5241599999999, 40.2808640000001], [-88.5140969999999, 40.314328]]}, "properties": {"FID": 10862, "TYPEPIPE": "Interstate", "Operator": "Natural Gas PL Co of Am", "Status": "Operating", "Shape_Leng": 0.0349442880168, "Shape__Length": 5011.064469420975}}, {"type": "Feature", "id": 10863, "geometry": {"type": "LineString", "coordinates": [[-88.5140969999999, 40.314328], [-88.5079039999999, 40.3345920000001]]}, "properties": {"FID": 10863, "TYPEPIPE": "Interstate", "Operator": "Natural Gas PL Co of Am", "Status": "Operating", "Shape_Leng": 0.021189217659, "Shape__Length": 3038.069728100527}}, {"type": "Feature", "id": 10864, "geometry": {"type": "LineString", "coordinates": [[-88.494877, 40.5877170000001], [-88.494336, 40.616448]]}, "properties": {"FID": 10864, "TYPEPIPE": "Interstate", "Operator": "Natural Gas PL Co of Am", "Status": "Operating", "Shape_Leng": 0.0287360930191, "Shape__Length": 4212.916818304299}}, {"type": "Feature", "id": 10865, "geometry": {"type": "LineString", "coordinates": [[-88.498115, 40.4159010000001], [-88.488288, 40.415104]]}, "properties": {"FID": 10865, "TYPEPIPE": "Interstate", "Operator": "Natural Gas PL Co of Am", "Status": "Operating", "Shape_Leng": 0.00985926660562, "Shape__Length": 1100.125724006434}}, {"type": "Feature", "id": 10866, "geometry": {"type": "LineString", "coordinates": [[-88.498115, 40.4159010000001], [-88.494877, 40.5877170000001]]}, "properties": {"FID": 10866, "TYPEPIPE": "Interstate", "Operator": "Natural Gas PL Co of Am", "Status": "Operating", "Shape_Leng": 0.171846508548, "Shape__Length": 25156.25555646516}}, {"type": "Feature", "id": 10867, "geometry": {"type": "LineString", "coordinates": [[-88.498688, 40.3855360000001], [-88.498115, 40.4159010000001]]}, "properties": {"FID": 10867, "TYPEPIPE": "Interstate", "Operator": "Natural Gas PL Co of Am", "Status": "Operating", "Shape_Leng": 0.0303704058913, "Shape__Length": 4439.174607595239}}, {"type": "Feature", "id": 10868, "geometry": {"type": "LineString", "coordinates": [[-88.530176, 40.3543040000001], [-88.498688, 40.3855360000001]]}, "properties": {"FID": 10868, "TYPEPIPE": "Interstate", "Operator": "Natural Gas PL Co of Am", "Status": "Operating", "Shape_Leng": 0.0443501067417, "Shape__Length": 5754.210242145834}}, {"type": "Feature", "id": 10869, "geometry": {"type": "LineString", "coordinates": [[-88.5079039999999, 40.3345920000001], [-88.530176, 40.3543040000001]]}, "properties": {"FID": 10869, "TYPEPIPE": "Interstate", "Operator": "Natural Gas PL Co of Am", "Status": "Operating", "Shape_Leng": 0.0297423087201, "Shape__Length": 3799.4746351498065}}, {"type": "Feature", "id": 10870, "geometry": {"type": "LineString", "coordinates": [[-88.6874999999999, 39.521372], [-88.6827519999999, 39.6572160000001]]}, "properties": {"FID": 10870, "TYPEPIPE": "Interstate", "Operator": "Natural Gas PL Co of Am", "Status": "Operating", "Shape_Leng": 0.135926950381, "Shape__Length": 19630.08442690648}}, {"type": "Feature", "id": 10871, "geometry": {"type": "LineString", "coordinates": [[-88.642304, 39.684608], [-88.622944, 39.78464]]}, "properties": {"FID": 10871, "TYPEPIPE": "Interstate", "Operator": "Natural Gas PL Co of Am", "Status": "Operating", "Shape_Leng": 0.10188822613, "Shape__Length": 14639.76107672327}}, {"type": "Feature", "id": 10872, "geometry": {"type": "LineString", "coordinates": [[-88.642304, 39.684608], [-88.473399, 39.6777710000001]]}, "properties": {"FID": 10872, "TYPEPIPE": "Interstate", "Operator": "Natural Gas PL Co of Am", "Status": "Operating", "Shape_Leng": 0.169043318691, "Shape__Length": 18828.40757640459}}, {"type": "Feature", "id": 10873, "geometry": {"type": "LineString", "coordinates": [[-88.622944, 39.78464], [-88.62107, 39.792407]]}, "properties": {"FID": 10873, "TYPEPIPE": "Interstate", "Operator": "Natural Gas PL Co of Am", "Status": "Operating", "Shape_Leng": 0.00798987891022, "Shape__Length": 1144.3771400471344}}, {"type": "Feature", "id": 10874, "geometry": {"type": "LineString", "coordinates": [[-88.6827519999999, 39.6572160000001], [-88.642304, 39.684608]]}, "properties": {"FID": 10874, "TYPEPIPE": "Interstate", "Operator": "Natural Gas PL Co of Am", "Status": "Operating", "Shape_Leng": 0.0488504080638, "Shape__Length": 5997.280750913526}}, {"type": "Feature", "id": 10875, "geometry": {"type": "LineString", "coordinates": [[-89.2293759999999, 41.919496], [-89.287168, 41.884416]]}, "properties": {"FID": 10875, "TYPEPIPE": "Interstate", "Operator": "Natural Gas PL Co of Am", "Status": "Operating", "Shape_Leng": 0.0676056333747, "Shape__Length": 8301.601313287743}}, {"type": "Feature", "id": 10876, "geometry": {"type": "LineString", "coordinates": [[-88.991744, 42.063744], [-88.94206, 42.0431610000001]]}, "properties": {"FID": 10876, "TYPEPIPE": "Interstate", "Operator": "Natural Gas PL Co of Am", "Status": "Operating", "Shape_Leng": 0.0537788038636, "Shape__Length": 6333.407506438555}}, {"type": "Feature", "id": 10877, "geometry": {"type": "LineString", "coordinates": [[-88.9614079999999, 42.108544], [-89.0022, 42.15166]]}, "properties": {"FID": 10877, "TYPEPIPE": "Interstate", "Operator": "Natural Gas PL Co of Am", "Status": "Operating", "Shape_Leng": 0.0593546688981, "Shape__Length": 7905.9844822130535}}, {"type": "Feature", "id": 10878, "geometry": {"type": "LineString", "coordinates": [[-88.9392789999999, 42.128905], [-88.9614079999999, 42.108544]]}, "properties": {"FID": 10878, "TYPEPIPE": "Interstate", "Operator": "Natural Gas PL Co of Am", "Status": "Operating", "Shape_Leng": 0.0300709654318, "Shape__Length": 3924.985016787243}}, {"type": "Feature", "id": 10879, "geometry": {"type": "LineString", "coordinates": [[-89.2293759999999, 41.919496], [-89.244864, 41.936]]}, "properties": {"FID": 10879, "TYPEPIPE": "Interstate", "Operator": "Natural Gas PL Co of Am", "Status": "Operating", "Shape_Leng": 0.022633165046, "Shape__Length": 3011.7434432367163}}, {"type": "Feature", "id": 10880, "geometry": {"type": "LineString", "coordinates": [[-89.166173, 41.957861], [-89.14944, 41.9458560000001]]}, "properties": {"FID": 10880, "TYPEPIPE": "Interstate", "Operator": "Natural Gas PL Co of Am", "Status": "Operating", "Shape_Leng": 0.0205940116053, "Shape__Length": 2588.1749255894333}}, {"type": "Feature", "id": 10881, "geometry": {"type": "LineString", "coordinates": [[-89.166173, 41.957861], [-89.2293759999999, 41.919496]]}, "properties": {"FID": 10881, "TYPEPIPE": "Interstate", "Operator": "Natural Gas PL Co of Am", "Status": "Operating", "Shape_Leng": 0.073935731781, "Shape__Length": 9081.006103225509}}, {"type": "Feature", "id": 10882, "geometry": {"type": "LineString", "coordinates": [[-88.991744, 42.063744], [-89.166173, 41.957861]]}, "properties": {"FID": 10882, "TYPEPIPE": "Interstate", "Operator": "Natural Gas PL Co of Am", "Status": "Operating", "Shape_Leng": 0.20405069402, "Shape__Length": 25073.546158551508}}, {"type": "Feature", "id": 10883, "geometry": {"type": "LineString", "coordinates": [[-88.9614079999999, 42.108544], [-88.991744, 42.063744]]}, "properties": {"FID": 10883, "TYPEPIPE": "Interstate", "Operator": "Natural Gas PL Co of Am", "Status": "Operating", "Shape_Leng": 0.0541046476377, "Shape__Length": 7520.7366314223045}}, {"type": "Feature", "id": 10884, "geometry": {"type": "LineString", "coordinates": [[-89.376155, 37.9525600000001], [-89.3507929999999, 38.0761130000001], [-89.345512, 38.101839], [-89.3224769999999, 38.214055]]}, "properties": {"FID": 10884, "TYPEPIPE": "Interstate", "Operator": "Natural Gas PL Co of Am", "Status": "Operating", "Shape_Leng": 0.266947490547, "Shape__Length": 37462.21950026463}}, {"type": "Feature", "id": 10885, "geometry": {"type": "LineString", "coordinates": [[-88.62107, 39.792407], [-88.6166669999999, 39.8147650000001]]}, "properties": {"FID": 10885, "TYPEPIPE": "Interstate", "Operator": "Natural Gas PL Co of Am", "Status": "Operating", "Shape_Leng": 0.0227874213768, "Shape__Length": 3276.570967760157}}, {"type": "Feature", "id": 10886, "geometry": {"type": "LineString", "coordinates": [[-88.6166669999999, 39.8147650000001], [-88.536695, 40.2207720000001]]}, "properties": {"FID": 10886, "TYPEPIPE": "Interstate", "Operator": "Natural Gas PL Co of Am", "Status": "Operating", "Shape_Leng": 0.413808173956, "Shape__Length": 59683.17450405417}}, {"type": "Feature", "id": 10887, "geometry": {"type": "LineString", "coordinates": [[-88.536695, 40.2207720000001], [-88.5241599999999, 40.2808640000001]]}, "properties": {"FID": 10887, "TYPEPIPE": "Interstate", "Operator": "Natural Gas PL Co of Am", "Status": "Operating", "Shape_Leng": 0.0613854599152, "Shape__Length": 8875.067426819416}}, {"type": "Feature", "id": 10888, "geometry": {"type": "LineString", "coordinates": [[-88.536695, 40.2207720000001], [-88.5743679999999, 40.2341440000001]]}, "properties": {"FID": 10888, "TYPEPIPE": "Interstate", "Operator": "Natural Gas PL Co of Am", "Status": "Operating", "Shape_Leng": 0.0399758090975, "Shape__Length": 4624.797258480826}}, {"type": "Feature", "id": 10889, "geometry": {"type": "LineString", "coordinates": [[-90.6543359999999, 41.397504], [-90.431928, 41.381605]]}, "properties": {"FID": 10889, "TYPEPIPE": "Interstate", "Operator": "Natural Gas PL Co of Am", "Status": "Operating", "Shape_Leng": 0.22297555172, "Shape__Length": 24870.484464702407}}, {"type": "Feature", "id": 10890, "geometry": {"type": "LineString", "coordinates": [[-90.697542, 41.440388], [-90.689635, 41.465218]]}, "properties": {"FID": 10890, "TYPEPIPE": "Interstate", "Operator": "Natural Gas PL Co of Am", "Status": "Operating", "Shape_Leng": 0.0260585791823, "Shape__Length": 3791.456130073362}}, {"type": "Feature", "id": 10891, "geometry": {"type": "LineString", "coordinates": [[-90.942208, 41.368832], [-90.6543359999999, 41.397504]]}, "properties": {"FID": 10891, "TYPEPIPE": "Interstate", "Operator": "Natural Gas PL Co of Am", "Status": "Operating", "Shape_Leng": 0.289296339362, "Shape__Length": 32326.877527184002}}, {"type": "Feature", "id": 10892, "geometry": {"type": "LineString", "coordinates": [[-90.6543359999999, 41.397504], [-90.697542, 41.440388]]}, "properties": {"FID": 10892, "TYPEPIPE": "Interstate", "Operator": "Natural Gas PL Co of Am", "Status": "Operating", "Shape_Leng": 0.0608752485991, "Shape__Length": 7978.6628516031715}}, {"type": "Feature", "id": 10893, "geometry": {"type": "LineString", "coordinates": [[-91.042383, 41.390794], [-91.032093, 41.388538]]}, "properties": {"FID": 10893, "TYPEPIPE": "Interstate", "Operator": "Natural Gas PL Co of Am", "Status": "Operating", "Shape_Leng": 0.0105344024985, "Shape__Length": 1193.3875630517502}}, {"type": "Feature", "id": 10894, "geometry": {"type": "LineString", "coordinates": [[-88.749184, 39.216158], [-88.7424, 39.230464]]}, "properties": {"FID": 10894, "TYPEPIPE": "Interstate", "Operator": "Natural Gas PL Co of Am", "Status": "Operating", "Shape_Leng": 0.0158330127265, "Shape__Length": 2190.041157526501}}, {"type": "Feature", "id": 10895, "geometry": {"type": "LineString", "coordinates": [[-88.70528, 39.3008640000001], [-88.6874999999999, 39.521372]]}, "properties": {"FID": 10895, "TYPEPIPE": "Interstate", "Operator": "Natural Gas PL Co of Am", "Status": "Operating", "Shape_Leng": 0.221223657107, "Shape__Length": 31832.939640214317}}, {"type": "Feature", "id": 10896, "geometry": {"type": "LineString", "coordinates": [[-88.7424, 39.230464], [-88.70528, 39.3008640000001]]}, "properties": {"FID": 10896, "TYPEPIPE": "Interstate", "Operator": "Natural Gas PL Co of Am", "Status": "Operating", "Shape_Leng": 0.0795867727704, "Shape__Length": 10933.257603011942}}, {"type": "Feature", "id": 10897, "geometry": {"type": "LineString", "coordinates": [[-89.3224769999999, 38.214055], [-89.262241, 38.507503]]}, "properties": {"FID": 10897, "TYPEPIPE": "Interstate", "Operator": "Natural Gas PL Co of Am", "Status": "Operating", "Shape_Leng": 0.299566527503, "Shape__Length": 42196.4262886571}}, {"type": "Feature", "id": 10898, "geometry": {"type": "LineString", "coordinates": [[-89.716509, 41.601187], [-89.740932, 41.584254]]}, "properties": {"FID": 10898, "TYPEPIPE": "Interstate", "Operator": "Natural Gas PL Co of Am", "Status": "Operating", "Shape_Leng": 0.0297188394457, "Shape__Length": 3707.3059953428674}}, {"type": "Feature", "id": 10899, "geometry": {"type": "LineString", "coordinates": [[-89.656853, 41.643487], [-89.716509, 41.601187]]}, "properties": {"FID": 10899, "TYPEPIPE": "Interstate", "Operator": "Natural Gas PL Co of Am", "Status": "Operating", "Shape_Leng": 0.0731308986407, "Shape__Length": 9153.12677720468}}, {"type": "Feature", "id": 10900, "geometry": {"type": "LineString", "coordinates": [[-89.716509, 41.601187], [-89.732608, 41.6138240000001]]}, "properties": {"FID": 10900, "TYPEPIPE": "Interstate", "Operator": "Natural Gas PL Co of Am", "Status": "Operating", "Shape_Leng": 0.020466352142, "Shape__Length": 2598.3472523432893}}, {"type": "Feature", "id": 10901, "geometry": {"type": "LineString", "coordinates": [[-88.164099, 41.201689], [-88.185088, 41.3132800000001]]}, "properties": {"FID": 10901, "TYPEPIPE": "Interstate", "Operator": "Natural Gas PL Co of Am", "Status": "Operating", "Shape_Leng": 0.113547740629, "Shape__Length": 16688.740924101516}}, {"type": "Feature", "id": 10902, "geometry": {"type": "LineString", "coordinates": [[-88.2461709999999, 41.468491], [-88.2370979999999, 41.478844], [-88.217724, 41.4868900000001], [-88.194048, 41.4973440000001]]}, "properties": {"FID": 10902, "TYPEPIPE": "Interstate", "Operator": "Natural Gas PL Co of Am", "Status": "Operating", "Shape_Leng": 0.0606256147009, "Shape__Length": 7365.487398002049}}, {"type": "Feature", "id": 10903, "geometry": {"type": "LineString", "coordinates": [[-87.5756, 41.469952], [-87.571743, 41.423879], [-87.572529, 41.422936]]}, "properties": {"FID": 10903, "TYPEPIPE": "Interstate", "Operator": "Natural Gas PL Co of Am", "Status": "Operating", "Shape_Leng": 0.0474617800674, "Shape__Length": 7020.907400312349}}, {"type": "Feature", "id": 10904, "geometry": {"type": "LineString", "coordinates": [[-88.25249, 41.49834], [-88.194048, 41.4973440000001]]}, "properties": {"FID": 10904, "TYPEPIPE": "Interstate", "Operator": "Natural Gas PL Co of Am", "Status": "Operating", "Shape_Leng": 0.0584504865677, "Shape__Length": 6507.417662731888}}, {"type": "Feature", "id": 10905, "geometry": {"type": "LineString", "coordinates": [[-88.2201919999999, 41.4522400000001], [-88.2183019999999, 41.4511590000001], [-88.203264, 41.4425600000001]]}, "properties": {"FID": 10905, "TYPEPIPE": "Interstate", "Operator": "Natural Gas PL Co of Am", "Status": "Operating", "Shape_Leng": 0.0195002457527, "Shape__Length": 2370.1726149379315}}, {"type": "Feature", "id": 10906, "geometry": {"type": "LineString", "coordinates": [[-88.2370979999999, 41.478844], [-88.2201919999999, 41.4522400000001]]}, "properties": {"FID": 10906, "TYPEPIPE": "Interstate", "Operator": "Natural Gas PL Co of Am", "Status": "Operating", "Shape_Leng": 0.0315211936956, "Shape__Length": 4377.341913866151}}, {"type": "Feature", "id": 10907, "geometry": {"type": "LineString", "coordinates": [[-88.203264, 41.4425600000001], [-88.0183469999999, 41.4457160000001]]}, "properties": {"FID": 10907, "TYPEPIPE": "Interstate", "Operator": "Natural Gas PL Co of Am", "Status": "Operating", "Shape_Leng": 0.184943929949, "Shape__Length": 20590.201117946763}}, {"type": "Feature", "id": 10908, "geometry": {"type": "LineString", "coordinates": [[-88.0183469999999, 41.4457160000001], [-87.738368, 41.450496]]}, "properties": {"FID": 10908, "TYPEPIPE": "Interstate", "Operator": "Natural Gas PL Co of Am", "Status": "Operating", "Shape_Leng": 0.280019800802, "Shape__Length": 31175.203364111905}}, {"type": "Feature", "id": 10909, "geometry": {"type": "LineString", "coordinates": [[-88.22144, 41.344768], [-88.247786, 41.357693]]}, "properties": {"FID": 10909, "TYPEPIPE": "Interstate", "Operator": "Natural Gas PL Co of Am", "Status": "Operating", "Shape_Leng": 0.0293456528467, "Shape__Length": 3503.5882892883137}}, {"type": "Feature", "id": 10910, "geometry": {"type": "LineString", "coordinates": [[-88.242688, 41.5990400000001], [-88.24164, 41.725618]]}, "properties": {"FID": 10910, "TYPEPIPE": "Interstate", "Operator": "Natural Gas PL Co of Am", "Status": "Operating", "Shape_Leng": 0.126582338373, "Shape__Length": 18861.383309663808}}, {"type": "Feature", "id": 10911, "geometry": {"type": "LineString", "coordinates": [[-87.9206399999999, 41.4973440000001], [-87.789184, 41.4973440000001]]}, "properties": {"FID": 10911, "TYPEPIPE": "Interstate", "Operator": "Natural Gas PL Co of Am", "Status": "Operating", "Shape_Leng": 0.131456, "Shape__Length": 14633.614981714636}}, {"type": "Feature", "id": 10912, "geometry": {"type": "LineString", "coordinates": [[-87.89728, 41.5132160000001], [-87.789184, 41.5132160000001]]}, "properties": {"FID": 10912, "TYPEPIPE": "Interstate", "Operator": "Natural Gas PL Co of Am", "Status": "Operating", "Shape_Leng": 0.108096, "Shape__Length": 12033.191676788032}}, {"type": "Feature", "id": 10913, "geometry": {"type": "LineString", "coordinates": [[-87.738368, 41.450496], [-87.738368, 41.469952]]}, "properties": {"FID": 10913, "TYPEPIPE": "Interstate", "Operator": "Natural Gas PL Co of Am", "Status": "Operating", "Shape_Leng": 0.019456, "Shape__Length": 2890.0281715122983}}, {"type": "Feature", "id": 10914, "geometry": {"type": "LineString", "coordinates": [[-87.640809, 41.344045], [-87.5956389999999, 41.324322], [-87.577781, 41.2967100000001]]}, "properties": {"FID": 10914, "TYPEPIPE": "Interstate", "Operator": "Natural Gas PL Co of Am", "Status": "Operating", "Shape_Leng": 0.082171782844, "Shape__Length": 10366.09118097389}}, {"type": "Feature", "id": 10915, "geometry": {"type": "LineString", "coordinates": [[-88.194048, 41.4973440000001], [-88.194112, 41.5217920000001]]}, "properties": {"FID": 10915, "TYPEPIPE": "Interstate", "Operator": "Natural Gas PL Co of Am", "Status": "Operating", "Shape_Leng": 0.0244480837695, "Shape__Length": 3634.322169048382}}, {"type": "Feature", "id": 10916, "geometry": {"type": "LineString", "coordinates": [[-88.185088, 41.3132800000001], [-88.22144, 41.344768]]}, "properties": {"FID": 10916, "TYPEPIPE": "Interstate", "Operator": "Natural Gas PL Co of Am", "Status": "Operating", "Shape_Leng": 0.0480932640606, "Shape__Length": 6177.7427058117955}}, {"type": "Feature", "id": 10917, "geometry": {"type": "LineString", "coordinates": [[-88.182483, 41.659092], [-88.083113, 41.6927880000001]]}, "properties": {"FID": 10917, "TYPEPIPE": "Interstate", "Operator": "Natural Gas PL Co of Am", "Status": "Operating", "Shape_Leng": 0.104927676597, "Shape__Length": 12148.428975932415}}, {"type": "Feature", "id": 10918, "geometry": {"type": "LineString", "coordinates": [[-88.1838079999999, 41.6426240000001], [-88.182483, 41.659092]]}, "properties": {"FID": 10918, "TYPEPIPE": "Interstate", "Operator": "Natural Gas PL Co of Am", "Status": "Operating", "Shape_Leng": 0.0165212181451, "Shape__Length": 2457.840663284067}}, {"type": "Feature", "id": 10919, "geometry": {"type": "LineString", "coordinates": [[-88.1838079999999, 41.5641600000001], [-88.1838079999999, 41.6426240000001]]}, "properties": {"FID": 10919, "TYPEPIPE": "Interstate", "Operator": "Natural Gas PL Co of Am", "Status": "Operating", "Shape_Leng": 0.078464, "Shape__Length": 11681.005258188583}}, {"type": "Feature", "id": 10920, "geometry": {"type": "LineString", "coordinates": [[-88.1955839999999, 41.5653760000001], [-88.1838079999999, 41.5641600000001]]}, "properties": {"FID": 10920, "TYPEPIPE": "Interstate", "Operator": "Natural Gas PL Co of Am", "Status": "Operating", "Shape_Leng": 0.0118386161353, "Shape__Length": 1323.32384318195}}, {"type": "Feature", "id": 10921, "geometry": {"type": "LineString", "coordinates": [[-88.194112, 41.5217920000001], [-88.1955839999999, 41.5653760000001]]}, "properties": {"FID": 10921, "TYPEPIPE": "Interstate", "Operator": "Natural Gas PL Co of Am", "Status": "Operating", "Shape_Leng": 0.0436088504779, "Shape__Length": 6484.453692602074}}, {"type": "Feature", "id": 10922, "geometry": {"type": "LineString", "coordinates": [[-88.2147199999999, 41.513088], [-88.242688, 41.5990400000001]]}, "properties": {"FID": 10922, "TYPEPIPE": "Interstate", "Operator": "Natural Gas PL Co of Am", "Status": "Operating", "Shape_Leng": 0.0903878051952, "Shape__Length": 13159.961667962223}}, {"type": "Feature", "id": 10923, "geometry": {"type": "LineString", "coordinates": [[-88.194048, 41.4973440000001], [-88.2147199999999, 41.513088]]}, "properties": {"FID": 10923, "TYPEPIPE": "Interstate", "Operator": "Natural Gas PL Co of Am", "Status": "Operating", "Shape_Leng": 0.0259847093499, "Shape__Length": 3282.125551380253}}, {"type": "Feature", "id": 10924, "geometry": {"type": "LineString", "coordinates": [[-88.194048, 41.4973440000001], [-88.143872, 41.4778880000001]]}, "properties": {"FID": 10924, "TYPEPIPE": "Interstate", "Operator": "Natural Gas PL Co of Am", "Status": "Operating", "Shape_Leng": 0.0538160469748, "Shape__Length": 6289.505623971117}}, {"type": "Feature", "id": 10925, "geometry": {"type": "LineString", "coordinates": [[-88.143872, 41.4778880000001], [-88.11648, 41.4973440000001]]}, "properties": {"FID": 10925, "TYPEPIPE": "Interstate", "Operator": "Natural Gas PL Co of Am", "Status": "Operating", "Shape_Leng": 0.0335984761559, "Shape__Length": 4202.062909320569}}, {"type": "Feature", "id": 10926, "geometry": {"type": "LineString", "coordinates": [[-88.11648, 41.4973440000001], [-87.9206399999999, 41.4973440000001]]}, "properties": {"FID": 10926, "TYPEPIPE": "Interstate", "Operator": "Natural Gas PL Co of Am", "Status": "Operating", "Shape_Leng": 0.19584, "Shape__Length": 21800.809076959267}}, {"type": "Feature", "id": 10927, "geometry": {"type": "LineString", "coordinates": [[-87.9206399999999, 41.4973440000001], [-87.89728, 41.5132160000001]]}, "properties": {"FID": 10927, "TYPEPIPE": "Interstate", "Operator": "Natural Gas PL Co of Am", "Status": "Operating", "Shape_Leng": 0.0282419897316, "Shape__Length": 3511.1923150903945}}, {"type": "Feature", "id": 10928, "geometry": {"type": "LineString", "coordinates": [[-87.571479, 41.424514], [-87.5987909999999, 41.3558780000001], [-87.632405, 41.348778], [-87.761747, 41.295243]]}, "properties": {"FID": 10928, "TYPEPIPE": "Interstate", "Operator": "Natural Gas PL Co of Am", "Status": "Operating", "Shape_Leng": 0.248209510103, "Shape__Length": 30955.846635138165}}, {"type": "Feature", "id": 10929, "geometry": {"type": "LineString", "coordinates": [[-89.0022, 42.15166], [-89.02208, 42.172672]]}, "properties": {"FID": 10929, "TYPEPIPE": "Interstate", "Operator": "Natural Gas PL Co of Am", "Status": "Operating", "Shape_Leng": 0.0289260876027, "Shape__Length": 3854.2190893762217}}, {"type": "Feature", "id": 10971, "geometry": {"type": "LineString", "coordinates": [[-90.046848, 37.036928], [-90.03392, 37.11936]]}, "properties": {"FID": 10971, "TYPEPIPE": "Interstate", "Operator": "Natural Gas PL Co of Am", "Status": "Operating", "Shape_Leng": 0.0834396057517, "Shape__Length": 11591.476506503252}}, {"type": "Feature", "id": 10972, "geometry": {"type": "LineString", "coordinates": [[-89.9142399999999, 37.3575680000001], [-89.8593279999999, 37.41632]]}, "properties": {"FID": 10972, "TYPEPIPE": "Interstate", "Operator": "Natural Gas PL Co of Am", "Status": "Operating", "Shape_Leng": 0.0804184384827, "Shape__Length": 10252.86014209479}}, {"type": "Feature", "id": 10973, "geometry": {"type": "LineString", "coordinates": [[-90.03392, 37.11936], [-89.9142399999999, 37.3575680000001]]}, "properties": {"FID": 10973, "TYPEPIPE": "Interstate", "Operator": "Natural Gas PL Co of Am", "Status": "Operating", "Shape_Leng": 0.266582733244, "Shape__Length": 35873.56556359377}}, {"type": "Feature", "id": 10976, "geometry": {"type": "LineString", "coordinates": [[-89.8593279999999, 37.41632], [-89.601792, 37.5869440000001]]}, "properties": {"FID": 10976, "TYPEPIPE": "Interstate", "Operator": "Natural Gas PL Co of Am", "Status": "Operating", "Shape_Leng": 0.30892934576, "Shape__Length": 37351.07099884784}}, {"type": "Feature", "id": 10977, "geometry": {"type": "LineString", "coordinates": [[-89.601792, 37.5869440000001], [-89.527472, 37.647024]]}, "properties": {"FID": 10977, "TYPEPIPE": "Interstate", "Operator": "Natural Gas PL Co of Am", "Status": "Operating", "Shape_Leng": 0.0955670905699, "Shape__Length": 11821.065254232268}}, {"type": "Feature", "id": 11104, "geometry": {"type": "LineString", "coordinates": [[-118.97807, 35.463372], [-119.004455, 35.4965270000001]]}, "properties": {"FID": 11104, "TYPEPIPE": "Interstate", "Operator": "Kern River Gas Trans Co", "Status": "Operating", "Shape_Leng": 0.0423724232255, "Shape__Length": 5400.866778168461}}, {"type": "Feature", "id": 11107, "geometry": {"type": "LineString", "coordinates": [[-118.833968, 35.1450800000001], [-118.787288, 35.1268440000001]]}, "properties": {"FID": 11107, "TYPEPIPE": "Interstate", "Operator": "Kern River Gas Trans Co", "Status": "Operating", "Shape_Leng": 0.0501156073095, "Shape__Length": 5758.860722986026}}, {"type": "Feature", "id": 11110, "geometry": {"type": "LineString", "coordinates": [[-118.787288, 35.1268440000001], [-118.760903, 35.1318180000001], [-118.758873, 35.1318180000001]]}, "properties": {"FID": 11110, "TYPEPIPE": "Interstate", "Operator": "Kern River Gas Trans Co", "Status": "Operating", "Shape_Leng": 0.0288797467586, "Shape__Length": 3240.160200317517}}, {"type": "Feature", "id": 11113, "geometry": {"type": "LineString", "coordinates": [[-118.758873, 35.1318180000001], [-118.7264, 35.106951]]}, "properties": {"FID": 11113, "TYPEPIPE": "Interstate", "Operator": "Kern River Gas Trans Co", "Status": "Operating", "Shape_Leng": 0.0409006530266, "Shape__Length": 4951.831152739234}}, {"type": "Feature", "id": 11117, "geometry": {"type": "LineString", "coordinates": [[-118.833968, 35.1450800000001], [-118.87659, 35.1086090000001], [-118.87862, 35.106951], [-118.87659, 35.0555600000001], [-118.880649, 35.0555600000001], [-118.896838, 35.047287], [-118.896886, 35.0472710000001], [-118.990266, 35.050571], [-118.990248, 35.0505870000001], [-119.008514, 35.0588760000001], [-119.063387, 35.057231], [-119.063313, 35.057218], [-119.075425, 35.060524], [-119.075491, 35.0605340000001], [-119.290639, 35.0555590000001], [-119.290628, 35.0555600000001], [-119.353737, 35.0822180000001], [-119.353546, 35.0820850000001], [-119.373842, 35.0953470000001], [-119.418453, 35.130158], [-119.418493, 35.13016], [-119.430623, 35.128634], [-119.430671, 35.128502], [-119.438928, 35.148443], [-119.438789, 35.1483950000001], [-119.471263, 35.1550260000001], [-119.544328, 35.2047600000001], [-119.558339, 35.216309], [-119.558536, 35.216364], [-119.558536, 35.232942], [-119.5728, 35.2694060000001], [-119.572743, 35.2694130000001], [-119.593039, 35.2843330000001], [-119.592845, 35.2841750000001], [-119.629571, 35.305884], [-119.629571, 35.3075410000001]]}, "properties": {"FID": 11117, "TYPEPIPE": "Interstate", "Operator": "Kern River Gas Trans Co", "Status": "Operating", "Shape_Leng": 0.977919025663, "Shape__Length": 115343.8804855416}}, {"type": "Feature", "id": 11194, "geometry": {"type": "LineString", "coordinates": [[-118.7264, 35.106951], [-118.594475, 35.1102670000001]]}, "properties": {"FID": 11194, "TYPEPIPE": "Interstate", "Operator": "Kern River Gas Trans Co", "Status": "Operating", "Shape_Leng": 0.131966668068, "Shape__Length": 14692.754359505518}}, {"type": "Feature", "id": 11197, "geometry": {"type": "LineString", "coordinates": [[-115.396098, 36.0424090000001], [-115.368779, 36.076491], [-115.338975, 36.1005490000001], [-115.338975, 36.0985440000001], [-115.331524, 36.156685], [-115.334008, 36.158689], [-115.346426, 36.192771], [-115.341459, 36.2128200000001], [-115.311655, 36.252916], [-115.309172, 36.250912], [-115.296754, 36.2589310000001], [-115.299237, 36.2629410000001], [-115.299237, 36.2709600000001], [-115.301721, 36.2729650000001], [-115.05659, 36.28364]]}, "properties": {"FID": 11197, "TYPEPIPE": "Interstate", "Operator": "Kern River Gas Trans Co", "Status": "Operating", "Shape_Leng": 0.531947584907, "Shape__Length": 64783.42203494387}}, {"type": "Feature", "id": 11200, "geometry": {"type": "LineString", "coordinates": [[-118.884708, 35.3572750000001], [-118.902235, 35.3694790000001], [-118.924312, 35.372709], [-118.940728, 35.3814780000001], [-118.97807, 35.3887720000001]]}, "properties": {"FID": 11200, "TYPEPIPE": "Interstate", "Operator": "Kern River Gas Trans Co", "Status": "Operating", "Shape_Leng": 0.100328308891, "Shape__Length": 11521.597014460076}}, {"type": "Feature", "id": 11203, "geometry": {"type": "LineString", "coordinates": [[-114.911792, 36.4333510000001], [-114.830991, 36.4394320000001], [-114.830991, 36.441444]]}, "properties": {"FID": 11203, "TYPEPIPE": "Interstate", "Operator": "Kern River Gas Trans Co", "Status": "Operating", "Shape_Leng": 0.0830415018003, "Shape__Length": 9312.407087523276}}, {"type": "Feature", "id": 11206, "geometry": {"type": "LineString", "coordinates": [[-114.539258, 36.6494920000001], [-114.498208, 36.6076220000001]]}, "properties": {"FID": 11206, "TYPEPIPE": "Interstate", "Operator": "Kern River Gas Trans Co", "Status": "Operating", "Shape_Leng": 0.0586361611977, "Shape__Length": 7390.087910690374}}, {"type": "Feature", "id": 11213, "geometry": {"type": "LineString", "coordinates": [[-114.830991, 36.4394320000001], [-114.830991, 36.441444], [-114.781472, 36.4821220000001], [-114.647274, 36.592361], [-114.539258, 36.6494920000001], [-114.242156, 36.8068930000001], [-114.172416, 36.8435200000001], [-114.049467, 37.0706470000001]]}, "properties": {"FID": 11213, "TYPEPIPE": "Interstate", "Operator": "Kern River Gas Trans Co", "Status": "Operating", "Shape_Leng": 1.03522583856, "Shape__Length": 127328.06361774041}}, {"type": "Feature", "id": 11214, "geometry": {"type": "LineString", "coordinates": [[-115.05659, 36.28364], [-115.028269, 36.2846680000001], [-114.944079, 36.367192], [-114.93932, 36.36864], [-114.911792, 36.4333510000001], [-114.830991, 36.4394320000001], [-114.830991, 36.441444]]}, "properties": {"FID": 11214, "TYPEPIPE": "Interstate", "Operator": "Kern River Gas Trans Co", "Status": "Operating", "Shape_Leng": 0.304568909512, "Shape__Length": 37254.32913930472}}, {"type": "Feature", "id": 11215, "geometry": {"type": "LineString", "coordinates": [[-115.448233, 35.8418330000001], [-115.457972, 35.8838700000001], [-115.457972, 35.8838690000001], [-115.457971, 35.883871], [-115.38368, 35.9983030000001], [-115.396098, 36.0424090000001]]}, "properties": {"FID": 11215, "TYPEPIPE": "Interstate", "Operator": "Kern River Gas Trans Co", "Status": "Operating", "Shape_Leng": 0.225406974442, "Shape__Length": 29876.40268328401}}, {"type": "Feature", "id": 11216, "geometry": {"type": "LineString", "coordinates": [[-115.431534, 35.648599], [-115.61597, 35.622569], [-115.914886, 35.534068], [-116.321926, 35.2998020000001], [-116.531802, 35.101977], [-116.859911, 34.889145], [-116.868878, 34.8833290000001]]}, "properties": {"FID": 11216, "TYPEPIPE": "Interstate", "Operator": "Kern River Gas Trans Co", "Status": "Operating", "Shape_Leng": 1.65784047386, "Shape__Length": 195250.26062465462}}, {"type": "Feature", "id": 11217, "geometry": {"type": "LineString", "coordinates": [[-115.448233, 35.8418330000001], [-115.425174, 35.742305], [-115.429507, 35.678459], [-115.431534, 35.648599]]}, "properties": {"FID": 11217, "TYPEPIPE": "Interstate", "Operator": "Kern River Gas Trans Co", "Status": "Operating", "Shape_Leng": 0.196085865277, "Shape__Length": 26761.964932123803}}, {"type": "Feature", "id": 11218, "geometry": {"type": "LineString", "coordinates": [[-116.868878, 34.8833290000001], [-117.116918, 34.893741], [-117.525715, 34.990398], [-117.540709, 34.992393], [-117.819718, 35.0184990000001], [-117.974992, 35.0330270000001], [-118.128148, 35.055124], [-118.338026, 35.0603300000001]]}, "properties": {"FID": 11218, "TYPEPIPE": "Interstate", "Operator": "Kern River Gas Trans Co", "Status": "Operating", "Shape_Leng": 1.48431732824, "Shape__Length": 166045.90169512713}}, {"type": "Feature", "id": 11838, "geometry": {"type": "LineString", "coordinates": [[-114.049467, 37.0706470000001], [-113.934048, 37.2228010000001], [-113.800202, 37.29245], [-113.73037, 37.30638], [-113.62889, 37.425909]]}, "properties": {"FID": 11838, "TYPEPIPE": "Interstate", "Operator": "Kern River Gas Trans Co", "Status": "Operating", "Shape_Leng": 0.569865679393, "Shape__Length": 70844.21151250319}}, {"type": "Feature", "id": 11849, "geometry": {"type": "LineString", "coordinates": [[-118.338026, 35.0603300000001], [-118.452506, 35.1123890000001]]}, "properties": {"FID": 11849, "TYPEPIPE": "Interstate", "Operator": "Kern River Gas Trans Co", "Status": "Operating", "Shape_Leng": 0.125760923506, "Shape__Length": 14579.50240425892}}, {"type": "Feature", "id": 11865, "geometry": {"type": "LineString", "coordinates": [[-118.452506, 35.1123890000001], [-118.594475, 35.1102670000001]]}, "properties": {"FID": 11865, "TYPEPIPE": "Interstate", "Operator": "Kern River Gas Trans Co", "Status": "Operating", "Shape_Leng": 0.141984857802, "Shape__Length": 15806.55468253818}}, {"type": "Feature", "id": 11876, "geometry": {"type": "LineString", "coordinates": [[-118.833968, 35.1450800000001], [-118.819761, 35.1583420000001], [-118.819761, 35.156684], [-118.821791, 35.156684]]}, "properties": {"FID": 11876, "TYPEPIPE": "Interstate", "Operator": "Kern River Gas Trans Co", "Status": "Operating", "Shape_Leng": 0.0231230068948, "Shape__Length": 2852.0230699117633}}, {"type": "Feature", "id": 11889, "geometry": {"type": "LineString", "coordinates": [[-118.819761, 35.1583420000001], [-118.815702, 35.1948130000001]]}, "properties": {"FID": 11889, "TYPEPIPE": "Interstate", "Operator": "Kern River Gas Trans Co", "Status": "Operating", "Shape_Leng": 0.0366961758498, "Shape__Length": 4987.515202039002}}, {"type": "Feature", "id": 11997, "geometry": {"type": "LineString", "coordinates": [[-118.815702, 35.1948130000001], [-118.819761, 35.3125150000001]]}, "properties": {"FID": 11997, "TYPEPIPE": "Interstate", "Operator": "Kern River Gas Trans Co", "Status": "Operating", "Shape_Leng": 0.117771967314, "Shape__Length": 16051.495360511917}}, {"type": "Feature", "id": 12094, "geometry": {"type": "LineString", "coordinates": [[-118.819761, 35.3125150000001], [-118.858324, 35.3373810000001]]}, "properties": {"FID": 12094, "TYPEPIPE": "Interstate", "Operator": "Kern River Gas Trans Co", "Status": "Operating", "Shape_Leng": 0.0458848877627, "Shape__Length": 5471.634224886289}}, {"type": "Feature", "id": 12138, "geometry": {"type": "LineString", "coordinates": [[-118.858324, 35.3373810000001], [-118.884708, 35.3572750000001]]}, "properties": {"FID": 12138, "TYPEPIPE": "Interstate", "Operator": "Kern River Gas Trans Co", "Status": "Operating", "Shape_Leng": 0.0330437088112, "Shape__Length": 3999.7493279150426}}, {"type": "Feature", "id": 12154, "geometry": {"type": "LineString", "coordinates": [[-118.97807, 35.3887720000001], [-118.965892, 35.4202700000001]]}, "properties": {"FID": 12154, "TYPEPIPE": "Interstate", "Operator": "Kern River Gas Trans Co", "Status": "Operating", "Shape_Leng": 0.033770218951, "Shape__Length": 4510.37599632926}}, {"type": "Feature", "id": 12438, "geometry": {"type": "LineString", "coordinates": [[-87.061116, 38.1506870000001], [-87.0375099999999, 38.0956200000001]]}, "properties": {"FID": 12438, "TYPEPIPE": "Interstate", "Operator": "Midwestern Gas Trans Co", "Status": "Operating", "Shape_Leng": 0.0599134185722, "Shape__Length": 8223.389675981374}}, {"type": "Feature", "id": 12441, "geometry": {"type": "LineString", "coordinates": [[-87.011621, 38.05719], [-87.002136, 38.023598], [-86.99055, 37.98272], [-86.9816, 37.9472700000001], [-86.97715, 37.9296600000001]]}, "properties": {"FID": 12441, "TYPEPIPE": "Interstate", "Operator": "Midwestern Gas Trans Co", "Status": "Operating", "Shape_Leng": 0.132119495918, "Shape__Length": 18419.4332262343}}, {"type": "Feature", "id": 12444, "geometry": {"type": "LineString", "coordinates": [[-86.97715, 37.9296600000001], [-86.9086799999999, 37.67854]]}, "properties": {"FID": 12444, "TYPEPIPE": "Interstate", "Operator": "Midwestern Gas Trans Co", "Status": "Operating", "Shape_Leng": 0.260287140097, "Shape__Length": 36192.289615808564}}, {"type": "Feature", "id": 12453, "geometry": {"type": "LineString", "coordinates": [[-87.08941, 38.2323200000001], [-87.0610599999999, 38.1497600000001]]}, "properties": {"FID": 12453, "TYPEPIPE": "Interstate", "Operator": "Midwestern Gas Trans Co", "Status": "Operating", "Shape_Leng": 0.0872919016863, "Shape__Length": 12111.870858853543}}, {"type": "Feature", "id": 12456, "geometry": {"type": "LineString", "coordinates": [[-87.19904, 38.4986900000001], [-87.1661, 38.41866]]}, "properties": {"FID": 12456, "TYPEPIPE": "Interstate", "Operator": "Midwestern Gas Trans Co", "Status": "Operating", "Shape_Leng": 0.0865438877102, "Shape__Length": 11953.401647145613}}, {"type": "Feature", "id": 12459, "geometry": {"type": "LineString", "coordinates": [[-87.22137, 38.52403], [-87.19904, 38.4986900000001]]}, "properties": {"FID": 12459, "TYPEPIPE": "Interstate", "Operator": "Midwestern Gas Trans Co", "Status": "Operating", "Shape_Leng": 0.0337749093263, "Shape__Length": 4378.909812060893}}, {"type": "Feature", "id": 12462, "geometry": {"type": "LineString", "coordinates": [[-87.2512, 38.54163], [-87.22137, 38.52403]]}, "properties": {"FID": 12462, "TYPEPIPE": "Interstate", "Operator": "Midwestern Gas Trans Co", "Status": "Operating", "Shape_Leng": 0.0346350819257, "Shape__Length": 4159.300837838447}}, {"type": "Feature", "id": 12465, "geometry": {"type": "LineString", "coordinates": [[-87.532256, 39.3729650000001], [-87.505298, 39.3439720000001], [-87.482874, 39.307331]]}, "properties": {"FID": 12465, "TYPEPIPE": "Interstate", "Operator": "Midwestern Gas Trans Co", "Status": "Operating", "Shape_Leng": 0.082547594702, "Shape__Length": 10974.887704240638}}, {"type": "Feature", "id": 12468, "geometry": {"type": "LineString", "coordinates": [[-87.336191, 38.805057], [-87.30654, 38.72522]]}, "properties": {"FID": 12468, "TYPEPIPE": "Interstate", "Operator": "Midwestern Gas Trans Co", "Status": "Operating", "Shape_Leng": 0.0851653002695, "Shape__Length": 11866.526392453818}}, {"type": "Feature", "id": 12471, "geometry": {"type": "LineString", "coordinates": [[-87.43591, 39.0622100000001], [-87.432922, 39.055847], [-87.42601, 39.0411300000001], [-87.41072, 39.0085800000001], [-87.336191, 38.805057]]}, "properties": {"FID": 12471, "TYPEPIPE": "Interstate", "Operator": "Midwestern Gas Trans Co", "Status": "Operating", "Shape_Leng": 0.275991168049, "Shape__Length": 38455.11959343061}}, {"type": "Feature", "id": 12474, "geometry": {"type": "LineString", "coordinates": [[-87.482874, 39.307331], [-87.473835, 39.2349150000001], [-87.458769, 39.1601630000001], [-87.43591, 39.0622100000001]]}, "properties": {"FID": 12474, "TYPEPIPE": "Interstate", "Operator": "Midwestern Gas Trans Co", "Status": "Operating", "Shape_Leng": 0.249817992292, "Shape__Length": 35610.87760093863}}, {"type": "Feature", "id": 12489, "geometry": {"type": "LineString", "coordinates": [[-87.5619799999999, 39.3884200000001], [-87.546657, 39.380453], [-87.532256, 39.3729650000001]]}, "properties": {"FID": 12489, "TYPEPIPE": "Interstate", "Operator": "Midwestern Gas Trans Co", "Status": "Operating", "Shape_Leng": 0.0335018387722, "Shape__Length": 3987.836260874653}}, {"type": "Feature", "id": 12492, "geometry": {"type": "LineString", "coordinates": [[-87.57453, 39.50541], [-87.564674, 39.4134720000001], [-87.56228, 39.39114], [-87.5619799999999, 39.3884200000001]]}, "properties": {"FID": 12492, "TYPEPIPE": "Interstate", "Operator": "Midwestern Gas Trans Co", "Status": "Operating", "Shape_Leng": 0.117661232088, "Shape__Length": 16922.62553619139}}, {"type": "Feature", "id": 12495, "geometry": {"type": "LineString", "coordinates": [[-87.58349, 39.70355], [-87.5788699999999, 39.6012200000001], [-87.57453, 39.50541]]}, "properties": {"FID": 12495, "TYPEPIPE": "Interstate", "Operator": "Midwestern Gas Trans Co", "Status": "Operating", "Shape_Leng": 0.198342485161, "Shape__Length": 28645.427065524025}}, {"type": "Feature", "id": 12498, "geometry": {"type": "LineString", "coordinates": [[-88.09932, 41.1139650000001], [-88.084642, 41.066198], [-88.075301, 41.034522], [-87.97579, 40.7431800000001], [-87.97545, 40.7418700000001]]}, "properties": {"FID": 12498, "TYPEPIPE": "Interstate", "Operator": "Midwestern Gas Trans Co", "Status": "Operating", "Shape_Leng": 0.392217109173, "Shape__Length": 56536.004452054935}}, {"type": "Feature", "id": 12501, "geometry": {"type": "LineString", "coordinates": [[-87.83149, 40.21901], [-87.8259199999999, 40.17562]]}, "properties": {"FID": 12501, "TYPEPIPE": "Interstate", "Operator": "Midwestern Gas Trans Co", "Status": "Operating", "Shape_Leng": 0.0437460512504, "Shape__Length": 6353.9537800738435}}, {"type": "Feature", "id": 12504, "geometry": {"type": "LineString", "coordinates": [[-87.8259199999999, 40.17562], [-87.74581, 40.01885], [-87.661552, 39.8750620000001]]}, "properties": {"FID": 12504, "TYPEPIPE": "Interstate", "Operator": "Midwestern Gas Trans Co", "Status": "Operating", "Shape_Leng": 0.342708924319, "Shape__Length": 47383.711898050286}}, {"type": "Feature", "id": 12507, "geometry": {"type": "LineString", "coordinates": [[-88.170263, 41.33615], [-88.16092, 41.30094], [-88.09932, 41.1139650000001]]}, "properties": {"FID": 12507, "TYPEPIPE": "Interstate", "Operator": "Midwestern Gas Trans Co", "Status": "Operating", "Shape_Leng": 0.233289393435, "Shape__Length": 33824.61106445799}}, {"type": "Feature", "id": 12510, "geometry": {"type": "LineString", "coordinates": [[-88.201581, 41.417151], [-88.1900429999999, 41.402311], [-88.186746, 41.3924180000001], [-88.176856, 41.360265], [-88.170263, 41.33615]]}, "properties": {"FID": 12510, "TYPEPIPE": "Interstate", "Operator": "Midwestern Gas Trans Co", "Status": "Operating", "Shape_Leng": 0.0878652499656, "Shape__Length": 12608.815957352223}}, {"type": "Feature", "id": 12513, "geometry": {"type": "LineString", "coordinates": [[-88.218125, 41.486999], [-88.218131, 41.4869390000001], [-88.218282, 41.4565620000001], [-88.21833, 41.44694], [-88.21833, 41.4469300000001], [-88.217697, 41.4451270000001], [-88.212633, 41.430709], [-88.201581, 41.417151]]}, "properties": {"FID": 12513, "TYPEPIPE": "Interstate", "Operator": "Midwestern Gas Trans Co", "Status": "Operating", "Shape_Leng": 0.0747540228393, "Shape__Length": 10802.42366164581}}, {"type": "Feature", "id": 12519, "geometry": {"type": "LineString", "coordinates": [[-87.0375099999999, 38.0956200000001], [-87.011621, 38.05719]]}, "properties": {"FID": 12519, "TYPEPIPE": "Interstate", "Operator": "Midwestern Gas Trans Co", "Status": "Operating", "Shape_Leng": 0.0463368667585, "Shape__Length": 6151.408947283763}}, {"type": "Feature", "id": 12525, "geometry": {"type": "LineString", "coordinates": [[-87.1661, 38.41866], [-87.1377799999999, 38.34986], [-87.09885, 38.2552700000001], [-87.08941, 38.2323200000001]]}, "properties": {"FID": 12525, "TYPEPIPE": "Interstate", "Operator": "Midwestern Gas Trans Co", "Status": "Operating", "Shape_Leng": 0.201504223147, "Shape__Length": 27785.4219591408}}, {"type": "Feature", "id": 12528, "geometry": {"type": "LineString", "coordinates": [[-87.30654, 38.72522], [-87.296221, 38.6909870000001], [-87.2892179999999, 38.6676610000001], [-87.2892179999999, 38.6542380000001], [-87.2512, 38.54163]]}, "properties": {"FID": 12528, "TYPEPIPE": "Interstate", "Operator": "Midwestern Gas Trans Co", "Status": "Operating", "Shape_Leng": 0.192384550328, "Shape__Length": 26935.07294098172}}, {"type": "Feature", "id": 12531, "geometry": {"type": "LineString", "coordinates": [[-87.84002, 40.25001], [-87.83149, 40.21901]]}, "properties": {"FID": 12531, "TYPEPIPE": "Interstate", "Operator": "Midwestern Gas Trans Co", "Status": "Operating", "Shape_Leng": 0.0321521523385, "Shape__Length": 4619.05365482713}}, {"type": "Feature", "id": 12534, "geometry": {"type": "LineString", "coordinates": [[-87.97545, 40.7418700000001], [-87.93504, 40.5951000000001], [-87.9021099999999, 40.4755200000001], [-87.89568, 40.4521800000001], [-87.87384, 40.3728300000001], [-87.86523, 40.34159], [-87.864393, 40.3385490000001], [-87.84002, 40.25001]]}, "properties": {"FID": 12534, "TYPEPIPE": "Interstate", "Operator": "Midwestern Gas Trans Co", "Status": "Operating", "Shape_Leng": 0.510164234756, "Shape__Length": 73563.34700599528}}, {"type": "Feature", "id": 12537, "geometry": {"type": "LineString", "coordinates": [[-87.661552, 39.8750620000001], [-87.58349, 39.70355]]}, "properties": {"FID": 12537, "TYPEPIPE": "Interstate", "Operator": "Midwestern Gas Trans Co", "Status": "Operating", "Shape_Leng": 0.188441083599, "Shape__Length": 26322.9035275859}}, {"type": "Feature", "id": 12540, "geometry": {"type": "LineString", "coordinates": [[-87.57453, 39.50541], [-87.532321, 39.509707], [-87.531288, 39.5098090000001]]}, "properties": {"FID": 12540, "TYPEPIPE": "Interstate", "Operator": "Midwestern Gas Trans Co", "Status": "Operating", "Shape_Leng": 0.0434651834182, "Shape__Length": 4855.3413228317095}}, {"type": "Feature", "id": 12543, "geometry": {"type": "LineString", "coordinates": [[-87.53139, 39.509801], [-87.4383279999999, 39.5175], [-87.390615, 39.511758]]}, "properties": {"FID": 12543, "TYPEPIPE": "Interstate", "Operator": "Midwestern Gas Trans Co", "Status": "Operating", "Shape_Leng": 0.141437192502, "Shape__Length": 15794.63342739096}}, {"type": "Feature", "id": 13038, "geometry": {"type": "LineString", "coordinates": [[-90.411551, 38.2345060000001], [-90.411569, 38.2345060000001], [-90.411568, 38.234533], [-90.411593, 38.234533]]}, "properties": {"FID": 13038, "TYPEPIPE": "Interstate", "Operator": "Mississippi River Trans Corp", "Status": "Operating", "Shape_Leng": 7.00185121659e-05, "Shape__Length": 8.614820176396966}}, {"type": "Feature", "id": 13041, "geometry": {"type": "LineString", "coordinates": [[-90.099237, 37.9717580000001], [-90.0990649999999, 37.9717360000001], [-90.0969499999999, 37.9723460000001], [-90.0966099999999, 37.972403], [-90.08268, 37.972942], [-90.0750389999999, 37.974345], [-90.07503, 37.9743120000001], [-90.074747, 37.97414], [-90.074356, 37.974209], [-90.074345, 37.9742220000001], [-90.07433, 37.9742150000001], [-90.074221, 37.9742350000001], [-90.074175, 37.9743510000001], [-90.074239, 37.97448], [-90.074216, 37.9745140000001], [-90.072872, 37.974793], [-90.0715069999999, 37.974999], [-90.0704679999999, 37.975197], [-90.068044, 37.975396], [-90.066154, 37.9753450000001], [-90.06519, 37.9752290000001]]}, "properties": {"FID": 13041, "TYPEPIPE": "Interstate", "Operator": "Mississippi River Trans Corp", "Status": "Operating", "Shape_Leng": 0.0347497809869, "Shape__Length": 3901.4133347415427}}, {"type": "Feature", "id": 13044, "geometry": {"type": "LineString", "coordinates": [[-90.0651999999999, 37.9752300000001], [-90.06524, 37.974837], [-90.065327, 37.9746870000001], [-90.0658119999999, 37.974029]]}, "properties": {"FID": 13044, "TYPEPIPE": "Interstate", "Operator": "Mississippi River Trans Corp", "Status": "Operating", "Shape_Leng": 0.00138586281511, "Shape__Length": 186.43603004684007}}, {"type": "Feature", "id": 13047, "geometry": {"type": "LineString", "coordinates": [[-90.3236189999999, 38.535985], [-90.323651, 38.535986], [-90.3236459999999, 38.536052], [-90.32364, 38.5361290000001], [-90.3238009999999, 38.5361360000001]]}, "properties": {"FID": 13047, "TYPEPIPE": "Interstate", "Operator": "Mississippi River Trans Corp", "Status": "Operating", "Shape_Leng": 0.000336590258747, "Shape__Length": 41.9027316769252}}, {"type": "Feature", "id": 13050, "geometry": {"type": "LineString", "coordinates": [[-90.0747049999999, 37.9741460000001], [-90.0747049999999, 37.9741280000001], [-90.0746809999999, 37.9741280000001], [-90.074664, 37.9741330000001], [-90.0742329999999, 37.9736750000001], [-90.0738269999999, 37.973348], [-90.073909, 37.973285]]}, "properties": {"FID": 13050, "TYPEPIPE": "Interstate", "Operator": "Mississippi River Trans Corp", "Status": "Operating", "Shape_Leng": 0.00131334563933, "Shape__Length": 165.1241828919352}}, {"type": "Feature", "id": 13053, "geometry": {"type": "LineString", "coordinates": [[-90.2052419999999, 38.690657], [-90.205505, 38.6908760000001], [-90.205543, 38.6912970000001], [-90.208134, 38.6935480000001], [-90.208403, 38.693833], [-90.214465, 38.6992250000001], [-90.2153749999999, 38.699957], [-90.215617, 38.700211], [-90.215858, 38.70043], [-90.216085, 38.7006910000001], [-90.2162969999999, 38.700961], [-90.216484, 38.7012320000001], [-90.2166789999999, 38.7015210000001], [-90.216847, 38.701782], [-90.217034, 38.7020660000001], [-90.217169, 38.702348], [-90.217317, 38.7026480000001], [-90.217451, 38.7030260000001], [-90.217526, 38.7032790000001], [-90.217593, 38.703534], [-90.217648, 38.7037920000001], [-90.2176909999999, 38.7040500000001], [-90.217718, 38.7043090000001], [-90.217754, 38.7048280000001], [-90.217755, 38.705074], [-90.217756, 38.705516], [-90.2177309999999, 38.706549], [-90.218381, 38.7076870000001], [-90.218875, 38.7124840000001], [-90.21892, 38.713289], [-90.218918, 38.7138840000001], [-90.2188999999999, 38.7142970000001], [-90.218833, 38.7150080000001], [-90.2186979999999, 38.7158870000001], [-90.217935, 38.720412], [-90.2178259999999, 38.721477], [-90.218179, 38.7218], [-90.2181669999999, 38.7221520000001], [-90.217777, 38.7225080000001], [-90.217727, 38.725877], [-90.2174009999999, 38.7261040000001], [-90.217387, 38.7266070000001]]}, "properties": {"FID": 13053, "TYPEPIPE": "Interstate", "Operator": "Mississippi River Trans Corp", "Status": "Operating", "Shape_Leng": 0.0420060711934, "Shape__Length": 5691.461334943226}}, {"type": "Feature", "id": 13056, "geometry": {"type": "LineString", "coordinates": [[-90.269354, 38.52426], [-90.269501, 38.5243080000001], [-90.2695399999999, 38.5243830000001], [-90.269532, 38.5244520000001], [-90.269527, 38.5244900000001], [-90.2694099999999, 38.5254780000001], [-90.2693839999999, 38.525694], [-90.269331, 38.526143], [-90.26933, 38.526148], [-90.2693399999999, 38.526148], [-90.2693849999999, 38.52615], [-90.269492, 38.5261530000001], [-90.2695409999999, 38.5261550000001], [-90.269599, 38.5261570000001], [-90.269624, 38.5261580000001], [-90.269651, 38.5261590000001], [-90.2696999999999, 38.5261600000001], [-90.269755, 38.5261620000001], [-90.2697649999999, 38.5261620000001], [-90.269817, 38.526164]]}, "properties": {"FID": 13056, "TYPEPIPE": "Interstate", "Operator": "Mississippi River Trans Corp", "Status": "Operating", "Shape_Leng": 0.00250392626973, "Shape__Length": 335.7496296708561}}, {"type": "Feature", "id": 13059, "geometry": {"type": "LineString", "coordinates": [[-90.269354, 38.52426], [-90.269345, 38.5242750000001], [-90.2675359999999, 38.523579], [-90.2675589999999, 38.52354]]}, "properties": {"FID": 13059, "TYPEPIPE": "Interstate", "Operator": "Mississippi River Trans Corp", "Status": "Operating", "Shape_Leng": 0.00200104143422, "Shape__Length": 232.8800753571691}}, {"type": "Feature", "id": 13062, "geometry": {"type": "LineString", "coordinates": [[-90.2628339999999, 38.522334], [-90.267364, 38.523447], [-90.267565, 38.5235300000001]]}, "properties": {"FID": 13062, "TYPEPIPE": "Interstate", "Operator": "Mississippi River Trans Corp", "Status": "Operating", "Shape_Leng": 0.00488218867749, "Shape__Length": 553.8601952655214}}, {"type": "Feature", "id": 13065, "geometry": {"type": "LineString", "coordinates": [[-90.262823, 38.5223560000001], [-90.2673839999999, 38.5234760000001], [-90.2675589999999, 38.52354]]}, "properties": {"FID": 13065, "TYPEPIPE": "Interstate", "Operator": "Mississippi River Trans Corp", "Status": "Operating", "Shape_Leng": 0.00488283665004, "Shape__Length": 553.6545874583462}}, {"type": "Feature", "id": 13068, "geometry": {"type": "LineString", "coordinates": [[-90.267565, 38.5235300000001], [-90.267593, 38.523489], [-90.2693639999999, 38.5242450000001], [-90.269354, 38.52426]]}, "properties": {"FID": 13068, "TYPEPIPE": "Interstate", "Operator": "Mississippi River Trans Corp", "Status": "Operating", "Shape_Leng": 0.00199328733484, "Shape__Length": 233.60609942713245}}, {"type": "Feature", "id": 13071, "geometry": {"type": "LineString", "coordinates": [[-90.2675769999999, 38.523513], [-90.269357, 38.524255]]}, "properties": {"FID": 13071, "TYPEPIPE": "Interstate", "Operator": "Mississippi River Trans Corp", "Status": "Operating", "Shape_Leng": 0.00192846156301, "Shape__Length": 224.52102296284366}}, {"type": "Feature", "id": 13074, "geometry": {"type": "LineString", "coordinates": [[-90.267548, 38.523557], [-90.269351, 38.5242650000001]]}, "properties": {"FID": 13074, "TYPEPIPE": "Interstate", "Operator": "Mississippi River Trans Corp", "Status": "Operating", "Shape_Leng": 0.00193702684546, "Shape__Length": 224.57243454321437}}, {"type": "Feature", "id": 13077, "geometry": {"type": "LineString", "coordinates": [[-90.06519, 37.9752290000001], [-90.0644579999999, 37.97519], [-90.0644359999999, 37.9752040000001]]}, "properties": {"FID": 13077, "TYPEPIPE": "Interstate", "Operator": "Mississippi River Trans Corp", "Status": "Operating", "Shape_Leng": 0.000759115007848, "Shape__Length": 84.81924069210781}}, {"type": "Feature", "id": 13080, "geometry": {"type": "LineString", "coordinates": [[-90.4935809999999, 37.866401], [-90.493559, 37.866425]]}, "properties": {"FID": 13080, "TYPEPIPE": "Interstate", "Operator": "Mississippi River Trans Corp", "Status": "Operating", "Shape_Leng": 3.25576411903e-05, "Shape__Length": 4.177417805989042}}, {"type": "Feature", "id": 13083, "geometry": {"type": "LineString", "coordinates": [[-90.363441, 38.4065], [-90.363346, 38.4064660000001], [-90.36322, 38.4064480000001], [-90.358479, 38.406698], [-90.357093, 38.4065820000001], [-90.356973, 38.4065390000001], [-90.356686, 38.40633], [-90.355311, 38.4047580000001], [-90.355217, 38.4046890000001], [-90.354007, 38.404122], [-90.352198, 38.4029120000001], [-90.351556, 38.4021700000001], [-90.350644, 38.4016110000001], [-90.350518, 38.40158], [-90.3481639999999, 38.4016540000001], [-90.348021, 38.4016790000001], [-90.345403, 38.402515], [-90.345273, 38.402536], [-90.3410249999999, 38.4026620000001], [-90.340338, 38.4027810000001], [-90.338938, 38.4029090000001], [-90.337655, 38.403147], [-90.3374699999999, 38.4030930000001]]}, "properties": {"FID": 13083, "TYPEPIPE": "Interstate", "Operator": "Mississippi River Trans Corp", "Status": "Operating", "Shape_Leng": 0.027978279538, "Shape__Length": 3231.2560857162607}}, {"type": "Feature", "id": 13086, "geometry": {"type": "LineString", "coordinates": [[-90.408739, 38.2070650000001], [-90.408688, 38.206395], [-90.407664, 38.206308], [-90.407653, 38.206146], [-90.4072409999999, 38.206063], [-90.406597, 38.205923], [-90.405765, 38.2058050000001], [-90.404893, 38.205671], [-90.404578, 38.20569], [-90.4044689999999, 38.206103], [-90.404555, 38.2066060000001], [-90.404544, 38.2066150000001], [-90.404513, 38.2065920000001], [-90.403423, 38.2067460000001], [-90.403413, 38.206757], [-90.403398, 38.2067490000001], [-90.4026009999999, 38.2068570000001], [-90.402769, 38.207254], [-90.402769, 38.207269], [-90.401624, 38.207318], [-90.401603, 38.207568], [-90.401606, 38.2075810000001], [-90.401516, 38.2075980000001], [-90.401256, 38.2076670000001], [-90.400809, 38.2078490000001], [-90.4005559999999, 38.207996], [-90.400518, 38.208023], [-90.399892, 38.2085920000001], [-90.39953, 38.20905], [-90.398794, 38.2100120000001], [-90.398486, 38.210654], [-90.398252, 38.2110190000001], [-90.397908, 38.211783], [-90.3977169999999, 38.2120150000001], [-90.397552, 38.21216], [-90.397587, 38.212185], [-90.3972699999999, 38.212705], [-90.397099, 38.2134140000001], [-90.396486, 38.213357], [-90.395408, 38.2131620000001], [-90.395388, 38.213152], [-90.395006, 38.213082], [-90.39448, 38.213056], [-90.3941139999999, 38.2130230000001], [-90.393674, 38.2129550000001], [-90.39257, 38.212728], [-90.39181, 38.2136410000001], [-90.390929, 38.2134740000001], [-90.3908969999999, 38.213488], [-90.3904629999999, 38.2138870000001], [-90.3901329999999, 38.214162], [-90.38987, 38.2143620000001], [-90.389126, 38.214885], [-90.388966, 38.2150040000001], [-90.388674, 38.214956], [-90.3883969999999, 38.2149210000001], [-90.3878039999999, 38.2148940000001], [-90.387365, 38.21489], [-90.387121, 38.2148530000001], [-90.3861699999999, 38.214615], [-90.385622, 38.2137940000001], [-90.385736, 38.2137440000001]]}, "properties": {"FID": 13086, "TYPEPIPE": "Interstate", "Operator": "Mississippi River Trans Corp", "Status": "Operating", "Shape_Leng": 0.0305841298128, "Shape__Length": 3712.5869918970757}}, {"type": "Feature", "id": 13089, "geometry": {"type": "LineString", "coordinates": [[-90.402077, 38.161485], [-90.4020599999999, 38.1614940000001], [-90.402079, 38.16152], [-90.401845, 38.161631], [-90.4018399999999, 38.161644], [-90.4011349999999, 38.161505], [-90.400254, 38.16146], [-90.400117, 38.161457], [-90.397393, 38.161621], [-90.3936209999999, 38.161815], [-90.3920659999999, 38.1619410000001], [-90.390708, 38.1622790000001], [-90.390568, 38.162292], [-90.390431, 38.1622820000001], [-90.385451, 38.160986], [-90.384415, 38.1606110000001], [-90.383274, 38.1601170000001], [-90.3809639999999, 38.159451], [-90.3786419999999, 38.1589760000001], [-90.3768009999999, 38.1587230000001], [-90.3766369999999, 38.15873], [-90.3756729999999, 38.1589030000001], [-90.375175, 38.1590570000001], [-90.372561, 38.159526], [-90.371964, 38.159615], [-90.371867, 38.1596490000001], [-90.371653, 38.159792], [-90.3706759999999, 38.1604530000001], [-90.370558, 38.160508], [-90.3704299999999, 38.1605460000001], [-90.370297, 38.1605750000001], [-90.36942, 38.1606540000001], [-90.3670509999999, 38.160806], [-90.3611999999999, 38.1616020000001], [-90.361059, 38.1616680000001], [-90.359495, 38.161734], [-90.358917, 38.1618100000001], [-90.358738, 38.1617830000001], [-90.35669, 38.162105], [-90.3537269999999, 38.162717], [-90.3517449999999, 38.163032], [-90.348409, 38.1636730000001], [-90.347045, 38.1638070000001], [-90.3439279999999, 38.163813], [-90.343794, 38.1638360000001], [-90.339887, 38.1652530000001], [-90.335859, 38.167627], [-90.333004, 38.1697120000001], [-90.3324939999999, 38.16997], [-90.331237, 38.1703850000001], [-90.33081, 38.170442], [-90.3305359999999, 38.1704330000001], [-90.327957, 38.169987], [-90.325505, 38.169452], [-90.32498, 38.1693780000001], [-90.324245, 38.169316], [-90.323083, 38.1692860000001], [-90.320369, 38.169225]]}, "properties": {"FID": 13089, "TYPEPIPE": "Interstate", "Operator": "Mississippi River Trans Corp", "Status": "Operating", "Shape_Leng": 0.0848021969402, "Shape__Length": 9633.141428076362}}, {"type": "Feature", "id": 13092, "geometry": {"type": "LineString", "coordinates": [[-90.4057319999999, 38.286726], [-90.405615, 38.2867120000001], [-90.405408, 38.2864870000001], [-90.404826, 38.286415], [-90.404802, 38.286412]]}, "properties": {"FID": 13092, "TYPEPIPE": "Interstate", "Operator": "Mississippi River Trans Corp", "Status": "Operating", "Shape_Leng": 0.00103419327999, "Shape__Length": 120.82824590116047}}, {"type": "Feature", "id": 13095, "geometry": {"type": "LineString", "coordinates": [[-90.368815, 37.348617], [-90.370257, 37.3487450000001], [-90.3722039999999, 37.3488110000001], [-90.372855, 37.3487880000001], [-90.373622, 37.3487010000001], [-90.3751119999999, 37.3487310000001], [-90.375686, 37.3487390000001], [-90.376389, 37.3489920000001], [-90.376904, 37.3493720000001], [-90.3775439999999, 37.349699], [-90.378116, 37.349922], [-90.37973, 37.3503680000001], [-90.3808549999999, 37.350651], [-90.381771, 37.3508840000001], [-90.383008, 37.3510460000001], [-90.384174, 37.351213], [-90.384721, 37.351233], [-90.387444, 37.3517390000001], [-90.3883949999999, 37.351414], [-90.388986, 37.3511370000001], [-90.3895199999999, 37.3511800000001], [-90.3906459999999, 37.351048], [-90.390999, 37.351117], [-90.393136, 37.3527490000001], [-90.393583, 37.353127], [-90.39592, 37.3542390000001], [-90.397166, 37.3546430000001], [-90.3975579999999, 37.354625], [-90.3980719999999, 37.354428], [-90.398584, 37.3541510000001], [-90.399083, 37.3541210000001], [-90.40155, 37.3543940000001], [-90.402711, 37.354494], [-90.403027, 37.3545110000001], [-90.408994, 37.3564730000001], [-90.412442, 37.3571820000001], [-90.4133199999999, 37.357685], [-90.413887, 37.357986], [-90.415088, 37.3581290000001], [-90.4159289999999, 37.3581500000001], [-90.418443, 37.3585340000001], [-90.423074, 37.3598300000001], [-90.422986, 37.3599780000001], [-90.424702, 37.360692], [-90.424943, 37.3608090000001], [-90.4252959999999, 37.3608350000001], [-90.429483, 37.3623700000001], [-90.434807, 37.365532], [-90.435892, 37.365979], [-90.437631, 37.367236], [-90.438312, 37.3676380000001], [-90.444041, 37.369765], [-90.4483979999999, 37.3700910000001], [-90.449469, 37.3700730000001], [-90.451318, 37.3701540000001], [-90.4523379999999, 37.36981], [-90.453697, 37.369787], [-90.454553, 37.369722], [-90.455117, 37.3698910000001], [-90.455507, 37.370124], [-90.456219, 37.370368], [-90.457458, 37.3702500000001], [-90.457826, 37.370275], [-90.458295, 37.370393], [-90.458691, 37.3704730000001], [-90.4594449999999, 37.3705650000001], [-90.46064, 37.370729], [-90.461214, 37.3709170000001], [-90.462726, 37.3716160000001], [-90.463283, 37.37203], [-90.4637089999999, 37.372279], [-90.4645869999999, 37.3731920000001], [-90.466752, 37.373788], [-90.467233, 37.373947], [-90.476511, 37.3802210000001], [-90.4794019999999, 37.3816810000001], [-90.480498, 37.381961], [-90.484831, 37.3816200000001], [-90.488265, 37.381466], [-90.4899139999999, 37.3813020000001], [-90.490582, 37.3807350000001], [-90.492538, 37.379807], [-90.496792, 37.3794600000001], [-90.4971159999999, 37.3794590000001], [-90.497644, 37.379374], [-90.5019599999999, 37.379325], [-90.504406, 37.3798100000001], [-90.511128, 37.381518], [-90.5160759999999, 37.3822230000001], [-90.5176319999999, 37.382638], [-90.519779, 37.383468], [-90.5225569999999, 37.3840690000001], [-90.5240449999999, 37.3843650000001], [-90.525324, 37.384824], [-90.528353, 37.3847860000001], [-90.529489, 37.3845000000001], [-90.533025, 37.3835760000001], [-90.5359809999999, 37.3824120000001], [-90.536736, 37.382214], [-90.537634, 37.3821800000001], [-90.539291, 37.3827010000001], [-90.539932, 37.382915], [-90.5405229999999, 37.3829890000001], [-90.5421039999999, 37.3829190000001], [-90.542674, 37.3828], [-90.545071, 37.382702], [-90.545913, 37.382778], [-90.5461779999999, 37.382813], [-90.547299, 37.383049], [-90.5484969999999, 37.383024], [-90.551911, 37.381695], [-90.554783, 37.3809250000001], [-90.55558, 37.3809570000001], [-90.556241, 37.3811900000001], [-90.556625, 37.381378], [-90.5585299999999, 37.3823580000001], [-90.559474, 37.382707], [-90.5605559999999, 37.383066], [-90.562667, 37.3836400000001], [-90.563283, 37.3837380000001], [-90.564608, 37.383747], [-90.565273, 37.3836850000001], [-90.568321, 37.383199], [-90.569061, 37.3829860000001], [-90.5700679999999, 37.3824350000001], [-90.5716, 37.382121], [-90.573568, 37.380278], [-90.575413, 37.380101], [-90.5769079999999, 37.379535], [-90.5780719999999, 37.3791120000001], [-90.578975, 37.378764], [-90.579706, 37.378501], [-90.5805349999999, 37.3781990000001], [-90.584054, 37.3769110000001], [-90.5846349999999, 37.376588], [-90.585101, 37.3764330000001], [-90.585683, 37.3762840000001], [-90.587014, 37.3759390000001], [-90.5877399999999, 37.3759670000001], [-90.597525, 37.377396], [-90.602858, 37.377983], [-90.604295, 37.378231], [-90.604798, 37.378244], [-90.6067659999999, 37.378271], [-90.6077979999999, 37.3782630000001], [-90.61868, 37.378793], [-90.619209, 37.378541], [-90.62055, 37.378027], [-90.622552, 37.3778620000001], [-90.625707, 37.3760360000001], [-90.62837, 37.375477], [-90.6299099999999, 37.37517], [-90.631205, 37.374989], [-90.633214, 37.3745490000001], [-90.6348859999999, 37.373932], [-90.635684, 37.3738090000001], [-90.637238, 37.373362], [-90.638573, 37.372954], [-90.639653, 37.372691], [-90.640249, 37.3725440000001], [-90.6408669999999, 37.3721840000001], [-90.641473, 37.371649], [-90.6419339999999, 37.3713710000001], [-90.642538, 37.371085], [-90.644233, 37.37051], [-90.6454679999999, 37.369902], [-90.646624, 37.369497], [-90.647758, 37.368819], [-90.648533, 37.3681110000001], [-90.648836, 37.367956], [-90.64921, 37.3678350000001], [-90.649592, 37.3677720000001], [-90.6502369999999, 37.3677660000001], [-90.6513199999999, 37.367958], [-90.651911, 37.368051], [-90.653162, 37.3680210000001], [-90.653609, 37.368054], [-90.6548779999999, 37.368076], [-90.655585, 37.367958], [-90.657932, 37.367039], [-90.658631, 37.3669180000001], [-90.660396, 37.3664190000001], [-90.662472, 37.3649540000001], [-90.662911, 37.364535], [-90.664361, 37.3616880000001], [-90.665015, 37.361119], [-90.6653919999999, 37.3607410000001], [-90.666194, 37.3605210000001], [-90.666524, 37.360366], [-90.667179, 37.360263], [-90.671531, 37.358638], [-90.673152, 37.3583340000001], [-90.675461, 37.358035], [-90.6760199999999, 37.357984], [-90.67709, 37.358004], [-90.6795979999999, 37.358142], [-90.682011, 37.3580420000001], [-90.682824, 37.3582890000001], [-90.6834279999999, 37.358555], [-90.684154, 37.358846], [-90.684599, 37.3590100000001], [-90.685083, 37.359158], [-90.685551, 37.3592590000001], [-90.68604, 37.3593030000001], [-90.6873889999999, 37.3593990000001], [-90.688862, 37.359378], [-90.6944559999999, 37.3592560000001], [-90.6952159999999, 37.3592090000001], [-90.695973, 37.3592410000001], [-90.696876, 37.3592140000001], [-90.697343, 37.359199], [-90.697506, 37.3591240000001], [-90.6977689999999, 37.359154], [-90.698729, 37.359134]]}, "properties": {"FID": 13095, "TYPEPIPE": "Interstate", "Operator": "Mississippi River Trans Corp", "Status": "Operating", "Shape_Leng": 0.349034721246, "Shape__Length": 39942.379969044196}}, {"type": "Feature", "id": 13098, "geometry": {"type": "LineString", "coordinates": [[-90.3304879999999, 37.358551], [-90.331259, 37.358959], [-90.33174, 37.3605210000001], [-90.3323109999999, 37.362265], [-90.332553, 37.362988], [-90.3331029999999, 37.3647090000001], [-90.3340939999999, 37.365169], [-90.3351469999999, 37.365531], [-90.336648, 37.3657210000001], [-90.337932, 37.366406], [-90.339152, 37.366857], [-90.340019, 37.367333], [-90.340976, 37.3677640000001], [-90.341438, 37.368097], [-90.3422849999999, 37.368569], [-90.343575, 37.369134], [-90.344417, 37.369581], [-90.345793, 37.3710130000001], [-90.345878, 37.3710790000001], [-90.348045, 37.369237], [-90.349919, 37.3676060000001], [-90.3509549999999, 37.366725], [-90.3519209999999, 37.3658770000001], [-90.352273, 37.3655680000001], [-90.35383, 37.3642290000001], [-90.353964, 37.364108], [-90.354843, 37.3631310000001], [-90.3553429999999, 37.3625720000001], [-90.357286, 37.3603810000001], [-90.357336, 37.360329], [-90.359538, 37.358299], [-90.359661, 37.35819], [-90.359721, 37.358141], [-90.360944, 37.3571820000001], [-90.361838, 37.3564850000001], [-90.364425, 37.354427], [-90.3647959999999, 37.3541010000001], [-90.365329, 37.3535580000001], [-90.365369, 37.3535150000001], [-90.3659969999999, 37.352834], [-90.366133, 37.3526570000001], [-90.366213, 37.3525530000001], [-90.366901, 37.351477], [-90.368013, 37.3497890000001], [-90.368694, 37.348772], [-90.368724, 37.3487210000001], [-90.368773, 37.3486490000001]]}, "properties": {"FID": 13098, "TYPEPIPE": "Interstate", "Operator": "Mississippi River Trans Corp", "Status": "Operating", "Shape_Leng": 0.053653252572, "Shape__Length": 6714.300908585767}}, {"type": "Feature", "id": 13101, "geometry": {"type": "LineString", "coordinates": [[-90.3435929999999, 38.1639230000001], [-90.343447, 38.1643300000001], [-90.343487, 38.166033], [-90.3434579999999, 38.166652], [-90.343472, 38.167], [-90.343471, 38.16774], [-90.343607, 38.169567], [-90.343735, 38.1710670000001], [-90.343847, 38.1725750000001], [-90.34353, 38.1732390000001], [-90.342883, 38.174106], [-90.341777, 38.1748440000001], [-90.340572, 38.1756540000001], [-90.3392909999999, 38.1764850000001], [-90.336572, 38.1779670000001], [-90.3354439999999, 38.178316], [-90.335303, 38.1784050000001], [-90.335364, 38.178482]]}, "properties": {"FID": 13101, "TYPEPIPE": "Interstate", "Operator": "Mississippi River Trans Corp", "Status": "Operating", "Shape_Leng": 0.0193619508207, "Shape__Length": 2530.5794084146946}}, {"type": "Feature", "id": 13104, "geometry": {"type": "LineString", "coordinates": [[-90.356752, 38.4357830000001], [-90.356768, 38.43579], [-90.356755, 38.435821], [-90.3567639999999, 38.4358250000001], [-90.356773, 38.435837]]}, "properties": {"FID": 13104, "TYPEPIPE": "Interstate", "Operator": "Mississippi River Trans Corp", "Status": "Operating", "Shape_Leng": 7.59285796183e-05, "Shape__Length": 9.807071274516113}}, {"type": "Feature", "id": 13107, "geometry": {"type": "LineString", "coordinates": [[-90.538152, 37.869897], [-90.538196, 37.870002]]}, "properties": {"FID": 13107, "TYPEPIPE": "Interstate", "Operator": "Mississippi River Trans Corp", "Status": "Operating", "Shape_Leng": 0.000113846387752, "Shape__Length": 15.595867193739531}}, {"type": "Feature", "id": 13110, "geometry": {"type": "LineString", "coordinates": [[-90.371292, 38.1600290000001], [-90.3713529999999, 38.1600950000001], [-90.3713999999999, 38.160081]]}, "properties": {"FID": 13110, "TYPEPIPE": "Interstate", "Operator": "Mississippi River Trans Corp", "Status": "Operating", "Shape_Leng": 0.000138912930705, "Shape__Length": 17.145688343889233}}, {"type": "Feature", "id": 13113, "geometry": {"type": "LineString", "coordinates": [[-90.592155, 37.857874], [-90.5921539999999, 37.8579040000001], [-90.592146, 37.857939]]}, "properties": {"FID": 13113, "TYPEPIPE": "Interstate", "Operator": "Mississippi River Trans Corp", "Status": "Operating", "Shape_Leng": 6.59193081861e-05, "Shape__Length": 9.245768922021021}}, {"type": "Feature", "id": 13116, "geometry": {"type": "LineString", "coordinates": [[-90.538173, 37.869893], [-90.538267, 37.869937]]}, "properties": {"FID": 13116, "TYPEPIPE": "Interstate", "Operator": "Mississippi River Trans Corp", "Status": "Operating", "Shape_Leng": 0.000103788245955, "Shape__Length": 12.16530697310996}}, {"type": "Feature", "id": 13119, "geometry": {"type": "LineString", "coordinates": [[-90.302453, 37.572369], [-90.3027079999999, 37.572336], [-90.303545, 37.572147], [-90.3073189999999, 37.571535], [-90.318669, 37.569871], [-90.320074, 37.56978], [-90.321602, 37.5694710000001], [-90.322719, 37.569351], [-90.324178, 37.5694550000001], [-90.32764, 37.5699320000001], [-90.328087, 37.5698100000001], [-90.328841, 37.569416], [-90.329279, 37.5693420000001], [-90.329819, 37.56956], [-90.330434, 37.5698110000001], [-90.331068, 37.570004], [-90.3317279999999, 37.5702140000001], [-90.332364, 37.570366], [-90.3329799999999, 37.570502], [-90.333582, 37.570586], [-90.3343, 37.570653], [-90.334898, 37.570673], [-90.336892, 37.5707150000001], [-90.337441, 37.570611], [-90.337882, 37.5705810000001], [-90.3384129999999, 37.5704520000001], [-90.3464279999999, 37.5689760000001], [-90.346798, 37.5689750000001], [-90.347794, 37.568928], [-90.34816, 37.569107], [-90.3485879999999, 37.5696330000001], [-90.3491049999999, 37.570088], [-90.349518, 37.570248], [-90.3497849999999, 37.570279], [-90.353189, 37.5689370000001], [-90.353768, 37.5690490000001], [-90.354062, 37.569042], [-90.355452, 37.5686160000001], [-90.356014, 37.568591], [-90.3571489999999, 37.5686200000001], [-90.3597359999999, 37.568722], [-90.3613359999999, 37.568899], [-90.362354, 37.569056], [-90.3634039999999, 37.568942], [-90.364586, 37.568692], [-90.3654789999999, 37.568715], [-90.366184, 37.568873], [-90.368871, 37.5695490000001], [-90.371461, 37.570363], [-90.3720969999999, 37.570613], [-90.374179, 37.5714070000001], [-90.375628, 37.5721730000001], [-90.376227, 37.572545], [-90.376884, 37.5730970000001], [-90.3779749999999, 37.573744], [-90.378767, 37.5740100000001], [-90.382457, 37.5746090000001], [-90.384496, 37.5742670000001], [-90.386428, 37.574377], [-90.402262, 37.57766], [-90.40312, 37.5778990000001], [-90.406217, 37.5787020000001], [-90.409947, 37.580382], [-90.412831, 37.5813460000001], [-90.41405, 37.5819680000001], [-90.418648, 37.583761], [-90.42053, 37.584454], [-90.42397, 37.5850090000001], [-90.4265579999999, 37.585198], [-90.4277499999999, 37.585363], [-90.431142, 37.5859100000001], [-90.4321619999999, 37.586085], [-90.435078, 37.586388], [-90.45104, 37.5878970000001], [-90.460294, 37.588417], [-90.466583, 37.589414], [-90.4731859999999, 37.591568], [-90.476846, 37.5930300000001], [-90.478156, 37.5936090000001], [-90.47943, 37.593823], [-90.487946, 37.594258], [-90.4907679999999, 37.594607], [-90.494841, 37.595689], [-90.4957169999999, 37.5959030000001], [-90.4965079999999, 37.596234], [-90.497897, 37.596932], [-90.49931, 37.5977350000001], [-90.500252, 37.598601], [-90.5010779999999, 37.5988760000001], [-90.502931, 37.598982], [-90.504536, 37.599006], [-90.506244, 37.599435], [-90.509017, 37.599874], [-90.5106729999999, 37.6000500000001], [-90.511578, 37.600011], [-90.514339, 37.599964], [-90.516012, 37.599997], [-90.52143, 37.600966], [-90.5260709999999, 37.6015830000001], [-90.529984, 37.602], [-90.533595, 37.6022390000001], [-90.53676, 37.602183], [-90.539092, 37.6020510000001], [-90.539789, 37.6020530000001], [-90.543282, 37.6014640000001], [-90.548461, 37.600692], [-90.54965, 37.6005480000001], [-90.550594, 37.6004790000001], [-90.5524609999999, 37.600241], [-90.555665, 37.6000940000001], [-90.558773, 37.6004110000001], [-90.559375, 37.6006120000001], [-90.559749, 37.6007710000001], [-90.560533, 37.601324], [-90.560977, 37.601315], [-90.562427, 37.601357], [-90.563733, 37.601248], [-90.565318, 37.601236], [-90.568164, 37.600693], [-90.569268, 37.6003930000001], [-90.570419, 37.600107], [-90.571167, 37.5999600000001], [-90.5719929999999, 37.599766], [-90.5724989999999, 37.5996440000001], [-90.57338, 37.599524], [-90.574121, 37.599431], [-90.575072, 37.5993310000001], [-90.577106, 37.5996020000001], [-90.577978, 37.5997570000001], [-90.578633, 37.59995], [-90.5801059999999, 37.6001800000001], [-90.580935, 37.6003170000001], [-90.581405, 37.6003690000001], [-90.581968, 37.60035], [-90.582925, 37.6000040000001], [-90.584409, 37.599335], [-90.585301, 37.598914], [-90.586195, 37.5985930000001], [-90.587038, 37.598479], [-90.587638, 37.598484], [-90.5895089999999, 37.598843], [-90.5899689999999, 37.5989650000001], [-90.590516, 37.5992140000001], [-90.591438, 37.5994860000001], [-90.591953, 37.5996260000001], [-90.593719, 37.5997800000001], [-90.595122, 37.59995], [-90.597448, 37.6006990000001], [-90.599925, 37.6013300000001], [-90.60207, 37.601908], [-90.602671, 37.601926], [-90.603441, 37.601931], [-90.6051439999999, 37.602048], [-90.606172, 37.602358], [-90.6068769999999, 37.6026030000001], [-90.607226, 37.6025050000001], [-90.6077089999999, 37.6026680000001], [-90.608575, 37.602811], [-90.609256, 37.6028900000001], [-90.609631, 37.6028880000001], [-90.6098959999999, 37.6028180000001], [-90.610147, 37.6027350000001], [-90.610579, 37.6025060000001], [-90.61101, 37.602265], [-90.611376, 37.602336], [-90.611533, 37.6022530000001], [-90.611975, 37.602086], [-90.613856, 37.602059], [-90.613557, 37.6057420000001], [-90.619662, 37.6061], [-90.6204949999999, 37.606114], [-90.6223129999999, 37.6061500000001], [-90.6230619999999, 37.606229], [-90.6233499999999, 37.606273], [-90.6235129999999, 37.606454], [-90.623722, 37.6066690000001], [-90.624062, 37.6068930000001], [-90.624332, 37.6070050000001], [-90.6247289999999, 37.606975], [-90.624874, 37.607065], [-90.626972, 37.606077], [-90.627075, 37.6062240000001], [-90.629152, 37.608955], [-90.629383, 37.609229], [-90.630477, 37.610647], [-90.6317089999999, 37.612337], [-90.632148, 37.6129700000001], [-90.6329499999999, 37.614132], [-90.632741, 37.6156080000001], [-90.633655, 37.6151860000001], [-90.633344, 37.6174500000001], [-90.6335309999999, 37.6176980000001], [-90.6338039999999, 37.617174]]}, "properties": {"FID": 13119, "TYPEPIPE": "Interstate", "Operator": "Mississippi River Trans Corp", "Status": "Operating", "Shape_Leng": 0.353408424379, "Shape__Length": 40343.90882560831}}, {"type": "Feature", "id": 13122, "geometry": {"type": "LineString", "coordinates": [[-90.613856, 37.602059], [-90.613967, 37.600784], [-90.614297, 37.6007240000001], [-90.61544, 37.600738], [-90.615963, 37.60062], [-90.616431, 37.6004990000001], [-90.616949, 37.5998440000001], [-90.618182, 37.59873], [-90.6187879999999, 37.598074], [-90.619038, 37.597654], [-90.619237, 37.597473], [-90.619651, 37.597275], [-90.620054, 37.597109], [-90.620876, 37.5966710000001], [-90.621188, 37.5965340000001], [-90.6214229999999, 37.596484], [-90.621853, 37.596373], [-90.6224359999999, 37.5964030000001], [-90.6229539999999, 37.596318], [-90.62353, 37.596137], [-90.624028, 37.592231], [-90.624058, 37.5917150000001], [-90.62433, 37.5917150000001], [-90.624263, 37.5895810000001], [-90.624289, 37.5892210000001], [-90.624409, 37.588306], [-90.624578, 37.5873990000001], [-90.624644, 37.5871770000001], [-90.624801, 37.5867470000001], [-90.624945, 37.5864550000001], [-90.624972, 37.58633], [-90.62542, 37.585316], [-90.627751, 37.58263], [-90.627894, 37.582387], [-90.628433, 37.581662], [-90.628637, 37.581349], [-90.629364, 37.580499], [-90.6295679999999, 37.580276], [-90.629935, 37.5798760000001], [-90.6311219999999, 37.578538], [-90.6317969999999, 37.577813], [-90.632682, 37.5768190000001], [-90.634644, 37.574753], [-90.635594, 37.5733240000001], [-90.6359409999999, 37.572797], [-90.6362549999999, 37.5721580000001], [-90.636622, 37.570949], [-90.637139, 37.5682350000001], [-90.637483, 37.5673610000001], [-90.638313, 37.5655120000001], [-90.6386429999999, 37.565484], [-90.638841, 37.565159], [-90.638988, 37.5649530000001], [-90.639136, 37.5647510000001], [-90.638956, 37.564538], [-90.63929, 37.564078], [-90.6401089999999, 37.563071], [-90.640818, 37.5624460000001], [-90.6419039999999, 37.5615790000001], [-90.6422939999999, 37.5613220000001], [-90.643139, 37.560908], [-90.643879, 37.5605420000001], [-90.6450139999999, 37.560091], [-90.6459589999999, 37.559743], [-90.6486199999999, 37.558921], [-90.6517269999999, 37.557573], [-90.652194, 37.55735], [-90.653375, 37.5566440000001], [-90.6543149999999, 37.555977], [-90.656626, 37.5536490000001], [-90.6572889999999, 37.5530690000001], [-90.658694, 37.5521210000001], [-90.6590649999999, 37.5518980000001], [-90.659663, 37.5516650000001], [-90.660634, 37.551518], [-90.6616749999999, 37.5512200000001], [-90.662299, 37.5510330000001], [-90.662535, 37.5509230000001], [-90.663599, 37.5504760000001], [-90.6649809999999, 37.549783], [-90.667147, 37.548615], [-90.667768, 37.5482870000001], [-90.668394, 37.547976], [-90.670443, 37.547041], [-90.671127, 37.5465620000001], [-90.671639, 37.5463100000001], [-90.672027, 37.5460360000001], [-90.672377, 37.5457400000001], [-90.672559, 37.5454950000001], [-90.673087, 37.544982], [-90.6759259999999, 37.5427710000001], [-90.6775959999999, 37.54101], [-90.6778419999999, 37.5407960000001], [-90.6781369999999, 37.5405190000001], [-90.679171, 37.5395490000001], [-90.6793729999999, 37.539383], [-90.681079, 37.537971], [-90.682227, 37.53689], [-90.683978, 37.535132], [-90.685096, 37.534067], [-90.685281, 37.533802], [-90.6860809999999, 37.532716], [-90.686492, 37.531983], [-90.68686, 37.5313540000001], [-90.6906529999999, 37.524389], [-90.6912589999999, 37.5229560000001], [-90.6914829999999, 37.522047], [-90.691538, 37.521874], [-90.6915959999999, 37.5217050000001], [-90.69163, 37.5213860000001], [-90.691811, 37.520046], [-90.691953, 37.5180940000001], [-90.6922759999999, 37.515548], [-90.692534, 37.512439], [-90.692468, 37.5120880000001], [-90.692543, 37.511064], [-90.692544, 37.5108280000001], [-90.692548, 37.510481], [-90.692639, 37.5094960000001], [-90.692744, 37.508559], [-90.694599, 37.506849], [-90.694801, 37.5040460000001], [-90.694779, 37.503592], [-90.69477, 37.503137], [-90.694732, 37.502663], [-90.6945949999999, 37.5021380000001], [-90.6944559999999, 37.5016200000001], [-90.69429, 37.501241], [-90.68988, 37.48837], [-90.689751, 37.4879990000001], [-90.689653, 37.4875250000001], [-90.68954, 37.4870710000001], [-90.6895719999999, 37.486607], [-90.6895049999999, 37.4860620000001], [-90.689515, 37.4834990000001], [-90.6895279999999, 37.4830740000001], [-90.689478, 37.481029], [-90.690077, 37.4809440000001]]}, "properties": {"FID": 13122, "TYPEPIPE": "Interstate", "Operator": "Mississippi River Trans Corp", "Status": "Operating", "Shape_Leng": 0.162681302133, "Shape__Length": 21089.12512385223}}, {"type": "Feature", "id": 13125, "geometry": {"type": "LineString", "coordinates": [[-90.633496, 37.6176510000001], [-90.633506, 37.617643], [-90.6335329999999, 37.617663]]}, "properties": {"FID": 13125, "TYPEPIPE": "Interstate", "Operator": "Mississippi River Trans Corp", "Status": "Operating", "Shape_Leng": 4.64068437055e-05, "Shape__Length": 5.69726216169935}}, {"type": "Feature", "id": 13128, "geometry": {"type": "LineString", "coordinates": [[-90.299828, 37.6444900000001], [-90.29986, 37.644486], [-90.299852, 37.644441], [-90.2998839999999, 37.644438]]}, "properties": {"FID": 13128, "TYPEPIPE": "Interstate", "Operator": "Mississippi River Trans Corp", "Status": "Operating", "Shape_Leng": 0.000110094927835, "Shape__Length": 13.582257818610167}}, {"type": "Feature", "id": 13131, "geometry": {"type": "LineString", "coordinates": [[-90.624135, 37.5915850000001], [-90.624693, 37.591575], [-90.624692, 37.591254], [-90.625217, 37.5912730000001], [-90.625708, 37.591278], [-90.625715, 37.5910010000001], [-90.6258549999999, 37.591008], [-90.625864, 37.591057]]}, "properties": {"FID": 13131, "TYPEPIPE": "Interstate", "Operator": "Mississippi River Trans Corp", "Status": "Operating", "Shape_Leng": 0.00236254330986, "Shape__Length": 281.88950515528313}}, {"type": "Feature", "id": 13134, "geometry": {"type": "LineString", "coordinates": [[-90.403449, 37.138428], [-90.4036359999999, 37.138536], [-90.4037289999999, 37.138536]]}, "properties": {"FID": 13134, "TYPEPIPE": "Interstate", "Operator": "Mississippi River Trans Corp", "Status": "Operating", "Shape_Leng": 0.000308946752679, "Shape__Length": 36.058413336569686}}, {"type": "Feature", "id": 13137, "geometry": {"type": "LineString", "coordinates": [[-90.4032989999999, 37.138377], [-90.4034819999999, 37.1384570000001], [-90.403468, 37.138475]]}, "properties": {"FID": 13137, "TYPEPIPE": "Interstate", "Operator": "Mississippi River Trans Corp", "Status": "Operating", "Shape_Leng": 0.000222525815665, "Shape__Length": 26.190994777633733}}, {"type": "Feature", "id": 13140, "geometry": {"type": "LineString", "coordinates": [[-90.401333, 38.339527], [-90.401249, 38.339526]]}, "properties": {"FID": 13140, "TYPEPIPE": "Interstate", "Operator": "Mississippi River Trans Corp", "Status": "Operating", "Shape_Leng": 8.40059521853e-05, "Shape__Length": 9.351914236142555}}, {"type": "Feature", "id": 13143, "geometry": {"type": "LineString", "coordinates": [[-90.401333, 38.339527], [-90.401333, 38.33953], [-90.401332, 38.3396090000001], [-90.401331, 38.33962], [-90.401331, 38.3396230000001], [-90.401323, 38.3400540000001], [-90.4013209999999, 38.340216], [-90.4013199999999, 38.340249], [-90.4013179999999, 38.340359], [-90.4013179999999, 38.340406], [-90.4013189999999, 38.3406610000001], [-90.4013199999999, 38.340832], [-90.4013199999999, 38.340856], [-90.4013199999999, 38.3409830000001], [-90.4013209999999, 38.341073], [-90.4013209999999, 38.34112], [-90.4013209999999, 38.341167], [-90.4013209999999, 38.341189], [-90.4013219999999, 38.341282], [-90.4013219999999, 38.3413590000001], [-90.401326, 38.3415430000001], [-90.401328, 38.341622], [-90.40135, 38.342542], [-90.4013409999999, 38.3428000000001], [-90.401329, 38.343146], [-90.401338, 38.3434530000001], [-90.401338, 38.3434560000001], [-90.4013219999999, 38.34356], [-90.401285, 38.343808], [-90.401219, 38.3440360000001], [-90.401152, 38.3442690000001], [-90.401148, 38.3442820000001], [-90.4011189999999, 38.344384], [-90.400996, 38.344727], [-90.400991, 38.3447400000001], [-90.400841, 38.3450120000001], [-90.400833, 38.3450270000001], [-90.400806, 38.3450780000001], [-90.400586, 38.345488], [-90.400566, 38.3455230000001], [-90.400478, 38.345673], [-90.400475, 38.3456780000001], [-90.400206, 38.346211], [-90.400205, 38.346214], [-90.400202, 38.3462190000001], [-90.4001949999999, 38.346231], [-90.400184, 38.346254], [-90.4001739999999, 38.346275], [-90.400019, 38.3465810000001], [-90.4000159999999, 38.3465860000001], [-90.3999919999999, 38.346634], [-90.399979, 38.34666], [-90.3999659999999, 38.346685], [-90.399873, 38.346869], [-90.3998119999999, 38.347047], [-90.399795, 38.3471750000001], [-90.3997899999999, 38.3475510000001], [-90.3997899999999, 38.347565], [-90.399825, 38.347565]]}, "properties": {"FID": 13143, "TYPEPIPE": "Interstate", "Operator": "Mississippi River Trans Corp", "Status": "Operating", "Shape_Leng": 0.00841133923914, "Shape__Length": 1174.9108578532412}}, {"type": "Feature", "id": 13146, "geometry": {"type": "LineString", "coordinates": [[-90.2693859999999, 38.526122], [-90.269351, 38.5261190000001], [-90.269348, 38.5261750000001], [-90.2694319999999, 38.5262480000001], [-90.2694309999999, 38.526259], [-90.26943, 38.526281], [-90.26943, 38.5262920000001], [-90.2694289999999, 38.526303], [-90.2694279999999, 38.526326], [-90.269427, 38.5263340000001], [-90.269426, 38.5263590000001], [-90.269425, 38.526373], [-90.269425, 38.5263780000001], [-90.269423, 38.526414], [-90.269416, 38.526553], [-90.269415, 38.526556], [-90.2694059999999, 38.526594], [-90.269267, 38.5271470000001], [-90.269232, 38.5272880000001], [-90.268994, 38.5278250000001], [-90.2686619999999, 38.528575], [-90.268629, 38.528651], [-90.268308, 38.5291280000001], [-90.267731, 38.529797], [-90.2671519999999, 38.530314], [-90.265522, 38.531768], [-90.2653789999999, 38.531938], [-90.2651999999999, 38.532152], [-90.264518, 38.5327550000001], [-90.2643639999999, 38.532879], [-90.263458, 38.533604], [-90.2633759999999, 38.533646], [-90.2632859999999, 38.533693], [-90.263198, 38.533738], [-90.26316, 38.533757], [-90.263119, 38.533778], [-90.263108, 38.533771], [-90.263087, 38.533756], [-90.2630599999999, 38.533738]]}, "properties": {"FID": 13146, "TYPEPIPE": "Interstate", "Operator": "Mississippi River Trans Corp", "Status": "Operating", "Shape_Leng": 0.0103969283122, "Shape__Length": 1348.3240980880921}}, {"type": "Feature", "id": 13149, "geometry": {"type": "LineString", "coordinates": [[-90.552667, 37.9130220000001], [-90.552712, 37.913027], [-90.552711, 37.913032]]}, "properties": {"FID": 13149, "TYPEPIPE": "Interstate", "Operator": "Mississippi River Trans Corp", "Status": "Operating", "Shape_Leng": 5.03759451901e-05, "Shape__Length": 5.773037448274736}}, {"type": "Feature", "id": 13152, "geometry": {"type": "LineString", "coordinates": [[-90.5210069999999, 37.867548], [-90.520878, 37.867763]]}, "properties": {"FID": 13152, "TYPEPIPE": "Interstate", "Operator": "Mississippi River Trans Corp", "Status": "Operating", "Shape_Leng": 0.00025073093143, "Shape__Length": 33.54662581552474}}, {"type": "Feature", "id": 13155, "geometry": {"type": "LineString", "coordinates": [[-90.5367449999999, 37.840643], [-90.536748, 37.840643], [-90.536751, 37.84069], [-90.5367679999999, 37.840689]]}, "properties": {"FID": 13155, "TYPEPIPE": "Interstate", "Operator": "Mississippi River Trans Corp", "Status": "Operating", "Shape_Leng": 6.7125033724e-05, "Shape__Length": 8.865199124468392}}, {"type": "Feature", "id": 13158, "geometry": {"type": "LineString", "coordinates": [[-90.392095, 37.785488], [-90.392078, 37.78549], [-90.392084, 37.785518], [-90.392036, 37.7855190000001], [-90.392038, 37.7855490000001]]}, "properties": {"FID": 13158, "TYPEPIPE": "Interstate", "Operator": "Mississippi River Trans Corp", "Status": "Operating", "Shape_Leng": 0.00012382989316, "Shape__Length": 15.490112808200028}}, {"type": "Feature", "id": 13161, "geometry": {"type": "LineString", "coordinates": [[-90.385706, 38.213757], [-90.385691, 38.2137450000001], [-90.385691, 38.2137250000001]]}, "properties": {"FID": 13161, "TYPEPIPE": "Interstate", "Operator": "Mississippi River Trans Corp", "Status": "Operating", "Shape_Leng": 3.92093727145e-05, "Shape__Length": 5.216623824712113}}, {"type": "Feature", "id": 13164, "geometry": {"type": "LineString", "coordinates": [[-90.532053, 37.8577690000001], [-90.531978, 37.8577710000001]]}, "properties": {"FID": 13164, "TYPEPIPE": "Interstate", "Operator": "Mississippi River Trans Corp", "Status": "Operating", "Shape_Leng": 7.50266619087e-05, "Shape__Length": 8.353722517918646}}, {"type": "Feature", "id": 13167, "geometry": {"type": "LineString", "coordinates": [[-90.308611, 37.5595440000001], [-90.308577, 37.5595440000001], [-90.308577, 37.559579], [-90.308508, 37.559579]]}, "properties": {"FID": 13167, "TYPEPIPE": "Interstate", "Operator": "Mississippi River Trans Corp", "Status": "Operating", "Shape_Leng": 0.000137999999993, "Shape__Length": 16.3808608725667}}, {"type": "Feature", "id": 13176, "geometry": {"type": "LineString", "coordinates": [[-90.279423, 38.623143], [-90.279422, 38.623138], [-90.279416, 38.6231100000001], [-90.279414, 38.6231000000001], [-90.2794039999999, 38.623048], [-90.279396, 38.6230100000001], [-90.279389, 38.6229750000001], [-90.2793809999999, 38.622939], [-90.2793789999999, 38.6229260000001], [-90.279378, 38.6229230000001], [-90.279119, 38.622956], [-90.2791099999999, 38.622913], [-90.279096, 38.622915], [-90.279057, 38.622725], [-90.2790189999999, 38.62273]]}, "properties": {"FID": 13176, "TYPEPIPE": "Interstate", "Operator": "Mississippi River Trans Corp", "Status": "Operating", "Shape_Leng": 0.000776061649845, "Shape__Length": 100.46193121664103}}, {"type": "Feature", "id": 13179, "geometry": {"type": "LineString", "coordinates": [[-90.3353519999999, 38.1784670000001], [-90.335319, 38.178483], [-90.335322, 38.1784880000001]]}, "properties": {"FID": 13179, "TYPEPIPE": "Interstate", "Operator": "Mississippi River Trans Corp", "Status": "Operating", "Shape_Leng": 4.25051935292e-05, "Shape__Length": 5.098963689638872}}, {"type": "Feature", "id": 13182, "geometry": {"type": "LineString", "coordinates": [[-90.41344, 37.860421], [-90.413561, 37.860416], [-90.420993, 37.8612570000001], [-90.421773, 37.86138], [-90.423732, 37.8615550000001], [-90.426382, 37.861786], [-90.426932, 37.86183], [-90.427627, 37.8618900000001], [-90.428063, 37.861905], [-90.428619, 37.861971], [-90.4300699999999, 37.862126], [-90.431002, 37.8622320000001], [-90.431567, 37.862292], [-90.4324329999999, 37.862512], [-90.4332029999999, 37.8627020000001], [-90.435739, 37.8632860000001], [-90.436457, 37.863483], [-90.4393719999999, 37.864356], [-90.4406729999999, 37.8647770000001], [-90.4441219999999, 37.8649340000001], [-90.444921, 37.865007], [-90.446949, 37.864667], [-90.450858, 37.864926], [-90.4523319999999, 37.8650260000001], [-90.454644, 37.8652440000001], [-90.4576939999999, 37.865781], [-90.458118, 37.865815], [-90.459778, 37.866183], [-90.460552, 37.8662640000001], [-90.46126, 37.8663280000001], [-90.461642, 37.8663230000001], [-90.462656, 37.866332], [-90.4629839999999, 37.86643], [-90.463679, 37.8664410000001], [-90.4676719999999, 37.866339], [-90.470375, 37.866365], [-90.4730279999999, 37.866428], [-90.473765, 37.866388], [-90.474971, 37.8662780000001], [-90.475582, 37.866294], [-90.4757919999999, 37.866088], [-90.477367, 37.8661050000001], [-90.478532, 37.865976], [-90.47878, 37.8659850000001], [-90.479497, 37.8661000000001], [-90.481084, 37.866162], [-90.482116, 37.866161], [-90.4850289999999, 37.8661450000001], [-90.485722, 37.866155], [-90.485902, 37.8662890000001], [-90.487408, 37.866333], [-90.4882039999999, 37.866338], [-90.4886769999999, 37.8663460000001], [-90.491122, 37.8663690000001], [-90.491982, 37.866367], [-90.4935089999999, 37.8663760000001], [-90.493779, 37.866343], [-90.493894, 37.8662660000001], [-90.494727, 37.866265], [-90.494871, 37.8661220000001], [-90.494961, 37.8661900000001], [-90.4950479999999, 37.8661050000001], [-90.495684, 37.865618], [-90.496041, 37.8656110000001], [-90.496548, 37.866014], [-90.496656, 37.8661100000001], [-90.4966619999999, 37.8662140000001], [-90.496784, 37.866277], [-90.49828, 37.8660830000001], [-90.499525, 37.865979], [-90.500636, 37.8658050000001], [-90.501158, 37.865797], [-90.5027689999999, 37.865924], [-90.503563, 37.8659650000001], [-90.503776, 37.866], [-90.504695, 37.865709], [-90.505638, 37.865398], [-90.5084859999999, 37.8655200000001], [-90.512185, 37.865917], [-90.513942, 37.8660800000001], [-90.51406, 37.8660360000001], [-90.514893, 37.866107], [-90.515186, 37.8661480000001], [-90.515438, 37.866251], [-90.518067, 37.86652], [-90.5202159999999, 37.8671830000001], [-90.520254, 37.8670900000001], [-90.521128, 37.867461], [-90.521426, 37.8675250000001], [-90.521635, 37.8674980000001], [-90.5218589999999, 37.867418], [-90.522034, 37.8672690000001], [-90.52243, 37.8660560000001], [-90.5226059999999, 37.8660110000001], [-90.522638, 37.8659020000001], [-90.523025, 37.8669610000001], [-90.523275, 37.8656300000001], [-90.523396, 37.8656520000001], [-90.523544, 37.865531], [-90.5235979999999, 37.8656], [-90.523725, 37.865505], [-90.523869, 37.8654290000001], [-90.524139, 37.865353], [-90.524151, 37.8652500000001], [-90.524999, 37.8648870000001], [-90.525269, 37.8652710000001], [-90.525542, 37.865752], [-90.525864, 37.866201], [-90.526204, 37.866029], [-90.5276029999999, 37.8656350000001], [-90.530175, 37.8659870000001], [-90.53028, 37.8662690000001], [-90.532162, 37.866276], [-90.532358, 37.8661670000001], [-90.5347379999999, 37.8664140000001], [-90.5364299999999, 37.8674710000001], [-90.536862, 37.867356], [-90.5373739999999, 37.869194], [-90.537775, 37.869879], [-90.538061, 37.869898], [-90.538166, 37.869893]]}, "properties": {"FID": 13182, "TYPEPIPE": "Interstate", "Operator": "Mississippi River Trans Corp", "Status": "Operating", "Shape_Leng": 0.132906137647, "Shape__Length": 15172.367178497754}}, {"type": "Feature", "id": 13185, "geometry": {"type": "LineString", "coordinates": [[-90.538104, 37.869896], [-90.5381329999999, 37.8698220000001], [-90.538438, 37.86965], [-90.5389959999999, 37.869534], [-90.539156, 37.86953], [-90.539487, 37.869531], [-90.539674, 37.8695430000001], [-90.539854, 37.869512], [-90.540405, 37.869314], [-90.540719, 37.869201], [-90.5413579999999, 37.8692990000001], [-90.5414689999999, 37.869327], [-90.5415839999999, 37.869375], [-90.5416939999999, 37.8694400000001], [-90.542905, 37.870479], [-90.543823, 37.8713060000001], [-90.544321, 37.8717060000001], [-90.5454089999999, 37.8726560000001], [-90.546126, 37.8726270000001], [-90.546105, 37.872524], [-90.5467169999999, 37.872513], [-90.548378, 37.87359], [-90.548636, 37.87377], [-90.5494859999999, 37.874336], [-90.549673, 37.8746620000001], [-90.549632, 37.874731], [-90.5493899999999, 37.8748860000001], [-90.5492, 37.875794], [-90.550112, 37.876044], [-90.550214, 37.8760080000001], [-90.5504529999999, 37.876472], [-90.550912, 37.8774680000001], [-90.551413, 37.878473], [-90.5515149999999, 37.878705], [-90.552765, 37.880858], [-90.553546, 37.8820720000001], [-90.5559249999999, 37.8844740000001], [-90.557922, 37.885233], [-90.558701, 37.886065], [-90.559255, 37.8866150000001], [-90.559455, 37.8870160000001], [-90.5599799999999, 37.8878040000001], [-90.56026, 37.888271], [-90.5600909999999, 37.889037], [-90.55966, 37.8902560000001], [-90.5588539999999, 37.8913620000001], [-90.5584949999999, 37.891628], [-90.5577469999999, 37.892212], [-90.557531, 37.8923820000001], [-90.556385, 37.8929840000001], [-90.555714, 37.893372], [-90.5546629999999, 37.894025], [-90.554182, 37.894323], [-90.553372, 37.8948260000001], [-90.5528199999999, 37.8950840000001], [-90.551787, 37.8955950000001], [-90.551681, 37.8955930000001], [-90.550421, 37.895314], [-90.549997, 37.895224], [-90.5499169999999, 37.8952380000001], [-90.550217, 37.896933], [-90.550452, 37.898173], [-90.550673, 37.8992260000001], [-90.5509249999999, 37.9004780000001], [-90.550647, 37.903616], [-90.550711, 37.90398], [-90.550803, 37.904434], [-90.550879, 37.9048460000001], [-90.550991, 37.905331], [-90.550983, 37.906049], [-90.550965, 37.90619], [-90.551025, 37.9066520000001], [-90.551566, 37.90691], [-90.5517599999999, 37.9071450000001], [-90.551953, 37.907498], [-90.553164, 37.908377], [-90.5534239999999, 37.9087910000001], [-90.553727, 37.909233], [-90.553959, 37.909585], [-90.554072, 37.9098900000001], [-90.5540569999999, 37.9102270000001], [-90.553821, 37.910493], [-90.5536759999999, 37.9108180000001], [-90.55338, 37.9109940000001], [-90.553543, 37.9114000000001], [-90.553082, 37.9120510000001], [-90.552719, 37.9125730000001], [-90.552643, 37.9130190000001], [-90.552667, 37.9130220000001]]}, "properties": {"FID": 13185, "TYPEPIPE": "Interstate", "Operator": "Mississippi River Trans Corp", "Status": "Operating", "Shape_Leng": 0.0659811214489, "Shape__Length": 8452.315696499161}}, {"type": "Feature", "id": 13188, "geometry": {"type": "LineString", "coordinates": [[-90.5295829999999, 37.8659060000001], [-90.529579, 37.8658320000001], [-90.52951, 37.8658], [-90.529571, 37.865752], [-90.529641, 37.865669], [-90.529683, 37.865593], [-90.530966, 37.862314], [-90.5310729999999, 37.8621660000001], [-90.531128, 37.8620540000001], [-90.531313, 37.8615070000001], [-90.531505, 37.8609920000001], [-90.531597, 37.8606960000001], [-90.531613, 37.860391], [-90.531713, 37.859882], [-90.531899, 37.8588300000001], [-90.531922, 37.858712], [-90.532074, 37.858417], [-90.53201, 37.858274], [-90.532064, 37.857983], [-90.53208, 37.857669], [-90.5324189999999, 37.8552980000001], [-90.532493, 37.8550510000001], [-90.532549, 37.8548470000001], [-90.532798, 37.8524810000001], [-90.532898, 37.851462], [-90.5329629999999, 37.8502720000001], [-90.5330289999999, 37.8497], [-90.5330929999999, 37.8492170000001], [-90.533085, 37.848884], [-90.532995, 37.8482940000001], [-90.532845, 37.846956], [-90.5327559999999, 37.8468050000001], [-90.532416, 37.846415], [-90.5323079999999, 37.8462860000001], [-90.532246, 37.8461320000001], [-90.532114, 37.8456150000001], [-90.5319509999999, 37.8452130000001], [-90.531664, 37.844235], [-90.531716, 37.8440820000001], [-90.531929, 37.8437470000001], [-90.5316569999999, 37.842952], [-90.531456, 37.84223]]}, "properties": {"FID": 13188, "TYPEPIPE": "Interstate", "Operator": "Mississippi River Trans Corp", "Status": "Operating", "Shape_Leng": 0.0247606698977, "Shape__Length": 3435.9401055078642}}, {"type": "Feature", "id": 13191, "geometry": {"type": "LineString", "coordinates": [[-90.531456, 37.842224], [-90.531463, 37.842222], [-90.531505, 37.8422110000001], [-90.531622, 37.841975], [-90.531683, 37.8418740000001], [-90.531738, 37.8417840000001], [-90.531814, 37.8416920000001], [-90.532274, 37.841258], [-90.532386, 37.8411770000001], [-90.532476, 37.841147], [-90.533016, 37.8410050000001], [-90.533048, 37.841038], [-90.533255, 37.840903], [-90.533396, 37.840835], [-90.533539, 37.8407760000001], [-90.533646, 37.8407520000001], [-90.53367, 37.8407470000001], [-90.5337279999999, 37.8407550000001], [-90.5340169999999, 37.8408390000001], [-90.534365, 37.84094], [-90.534456, 37.840967], [-90.5346729999999, 37.84103], [-90.534669, 37.8410640000001], [-90.534924, 37.8411360000001], [-90.535266, 37.8411580000001], [-90.5350749999999, 37.8411740000001], [-90.53519, 37.8411790000001], [-90.535499, 37.841059], [-90.535925, 37.840829], [-90.536102, 37.8407480000001], [-90.536263, 37.8406600000001], [-90.5367449999999, 37.840643]]}, "properties": {"FID": 13191, "TYPEPIPE": "Interstate", "Operator": "Mississippi River Trans Corp", "Status": "Operating", "Shape_Leng": 0.00648676014367, "Shape__Length": 765.0666431161876}}, {"type": "Feature", "id": 13194, "geometry": {"type": "LineString", "coordinates": [[-90.263189, 38.597578], [-90.2631929999999, 38.5975730000001], [-90.26322, 38.597539], [-90.263313, 38.597424], [-90.263387, 38.5974800000001], [-90.263708, 38.5976390000001], [-90.2639609999999, 38.597717], [-90.2641839999999, 38.597763], [-90.264422, 38.5977940000001], [-90.264652, 38.597813], [-90.264786, 38.597739], [-90.2648559999999, 38.5977350000001], [-90.2652229999999, 38.597716], [-90.265341, 38.5976880000001], [-90.265488, 38.5976160000001], [-90.265703, 38.5975020000001], [-90.265764, 38.597469], [-90.265793, 38.597454]]}, "properties": {"FID": 13194, "TYPEPIPE": "Interstate", "Operator": "Mississippi River Trans Corp", "Status": "Operating", "Shape_Leng": 0.00283297997472, "Shape__Length": 329.3584721775283}}, {"type": "Feature", "id": 13197, "geometry": {"type": "LineString", "coordinates": [[-90.542871, 37.870321], [-90.545782, 37.8678870000001], [-90.548898, 37.865984], [-90.548897, 37.865957], [-90.5489489999999, 37.865955], [-90.5498689999999, 37.8651530000001], [-90.549873, 37.865126], [-90.5499389999999, 37.865123], [-90.550415, 37.8647320000001], [-90.551005, 37.864422], [-90.551234, 37.864249], [-90.5517179999999, 37.86389], [-90.5518199999999, 37.863617], [-90.552677, 37.86309], [-90.553151, 37.8628390000001], [-90.5558339999999, 37.8626630000001], [-90.557401, 37.86217], [-90.55842, 37.861838], [-90.560616, 37.861144], [-90.561404, 37.8608750000001], [-90.561814, 37.8607460000001], [-90.561995, 37.860705], [-90.564363, 37.859475], [-90.56528, 37.859184], [-90.565753, 37.85907], [-90.5662149999999, 37.858905], [-90.5664179999999, 37.8590580000001], [-90.5671569999999, 37.858711], [-90.567336, 37.858571], [-90.568099, 37.8583390000001], [-90.5687599999999, 37.8581540000001], [-90.5687389999999, 37.8581050000001], [-90.56931, 37.8579620000001], [-90.569491, 37.8579250000001], [-90.569649, 37.8579090000001], [-90.5791819999999, 37.857043], [-90.5801749999999, 37.856974], [-90.582049, 37.8569350000001], [-90.582331, 37.856907], [-90.582636, 37.8569370000001], [-90.5829459999999, 37.856997], [-90.586697, 37.857406], [-90.5881399999999, 37.8575710000001], [-90.588876, 37.8576390000001], [-90.5897439999999, 37.8577700000001], [-90.58995, 37.857789], [-90.59176, 37.857852], [-90.592155, 37.857874], [-90.592155, 37.8578460000001]]}, "properties": {"FID": 13197, "TYPEPIPE": "Interstate", "Operator": "Mississippi River Trans Corp", "Status": "Operating", "Shape_Leng": 0.0530055095788, "Shape__Length": 6112.709075864286}}, {"type": "Feature", "id": 13200, "geometry": {"type": "LineString", "coordinates": [[-90.377129, 38.259617], [-90.377129, 38.2596820000001], [-90.3770919999999, 38.259784], [-90.37728, 38.2598100000001], [-90.377635, 38.258987], [-90.377868, 38.2577650000001], [-90.377505, 38.257582], [-90.3775009999999, 38.257411], [-90.377593, 38.2571560000001], [-90.377779, 38.256899], [-90.377934, 38.2567570000001], [-90.378094, 38.25667], [-90.378261, 38.256576], [-90.378414, 38.2565240000001], [-90.3793259999999, 38.2564160000001], [-90.379691, 38.2563960000001], [-90.380037, 38.2564160000001], [-90.380422, 38.2564600000001], [-90.3807219999999, 38.256625], [-90.381199, 38.2566880000001], [-90.3826029999999, 38.256914], [-90.3840529999999, 38.25724], [-90.3842329999999, 38.257258], [-90.385321, 38.257304], [-90.386199, 38.2572020000001], [-90.386917, 38.257048], [-90.388026, 38.2567060000001], [-90.388606, 38.2565690000001], [-90.391397, 38.2557800000001], [-90.392746, 38.2553960000001], [-90.392891, 38.2552870000001], [-90.3952209999999, 38.255274], [-90.395898, 38.2553950000001], [-90.396621, 38.255297], [-90.397383, 38.2552860000001], [-90.399932, 38.255289], [-90.400205, 38.2552630000001], [-90.4014329999999, 38.25529], [-90.401607, 38.255168], [-90.4036629999999, 38.2551740000001], [-90.403755, 38.255302], [-90.406088, 38.2552830000001], [-90.406255, 38.2552020000001], [-90.4077609999999, 38.2551720000001], [-90.410894, 38.255183], [-90.41105, 38.2551970000001], [-90.41114, 38.255228]]}, "properties": {"FID": 13200, "TYPEPIPE": "Interstate", "Operator": "Mississippi River Trans Corp", "Status": "Operating", "Shape_Leng": 0.0376908010924, "Shape__Length": 4324.543803325131}}, {"type": "Feature", "id": 13203, "geometry": {"type": "LineString", "coordinates": [[-90.398919, 38.3444390000001], [-90.3989099999999, 38.344436], [-90.3989, 38.344433], [-90.398897, 38.344432], [-90.398859, 38.3444190000001], [-90.39805, 38.344415], [-90.397821, 38.3444220000001], [-90.397804, 38.3444230000001], [-90.397421, 38.3444240000001], [-90.397414, 38.3444240000001], [-90.397406, 38.3444190000001], [-90.3973979999999, 38.344414], [-90.397387, 38.3444080000001], [-90.397373, 38.3444000000001], [-90.397193, 38.3444010000001], [-90.397116, 38.3444010000001], [-90.396988, 38.3444020000001], [-90.3969769999999, 38.3444020000001], [-90.396821, 38.344403], [-90.396668, 38.344404], [-90.3965229999999, 38.344404], [-90.39637, 38.3444050000001], [-90.3961439999999, 38.344406], [-90.396134, 38.344406], [-90.3957799999999, 38.3444080000001], [-90.395638, 38.344409], [-90.39561, 38.344409], [-90.395611, 38.344387]]}, "properties": {"FID": 13203, "TYPEPIPE": "Interstate", "Operator": "Mississippi River Trans Corp", "Status": "Operating", "Shape_Leng": 0.00334097209631, "Shape__Length": 373.2248779650683}}, {"type": "Feature", "id": 13206, "geometry": {"type": "LineString", "coordinates": [[-90.1877239999999, 38.676772], [-90.1878829999999, 38.676811], [-90.188052, 38.6767610000001], [-90.188202, 38.6769400000001], [-90.188405, 38.6768330000001], [-90.1890109999999, 38.676518], [-90.190393, 38.6781730000001], [-90.1907889999999, 38.67866], [-90.191029, 38.678932], [-90.191274, 38.679177], [-90.1914639999999, 38.679358], [-90.191678, 38.6795480000001], [-90.1922449999999, 38.6800210000001], [-90.193477, 38.6810810000001], [-90.194174, 38.6816180000001], [-90.194767, 38.6820220000001], [-90.1950429999999, 38.682532], [-90.1964819999999, 38.6837790000001], [-90.196884, 38.6841200000001], [-90.1974529999999, 38.6845200000001], [-90.198763, 38.685615], [-90.198594, 38.6857400000001], [-90.199698, 38.6866210000001], [-90.2002409999999, 38.687036], [-90.200748, 38.687368], [-90.201363, 38.687839], [-90.2017089999999, 38.6881330000001], [-90.20282, 38.688924], [-90.20353, 38.6894100000001], [-90.203861, 38.6896560000001], [-90.20399, 38.689775], [-90.204955, 38.690526], [-90.205089, 38.690526], [-90.205247, 38.6906450000001]]}, "properties": {"FID": 13206, "TYPEPIPE": "Interstate", "Operator": "Mississippi River Trans Corp", "Status": "Operating", "Shape_Leng": 0.0234102221817, "Shape__Length": 2928.1630121625913}}, {"type": "Feature", "id": 13209, "geometry": {"type": "LineString", "coordinates": [[-90.283242, 38.477694], [-90.283243, 38.477653], [-90.284276, 38.477696], [-90.28621, 38.4777530000001], [-90.28833, 38.478036], [-90.288588, 38.4780850000001], [-90.289338, 38.478277], [-90.289476, 38.478324], [-90.289643, 38.478399], [-90.289899, 38.478527], [-90.290134, 38.4786510000001], [-90.2905639999999, 38.478846], [-90.29101, 38.4790400000001], [-90.291229, 38.4791050000001], [-90.291484, 38.4793040000001], [-90.291758, 38.47938], [-90.2920349999999, 38.479502], [-90.2934059999999, 38.480221], [-90.293475, 38.4802470000001], [-90.29358, 38.4802700000001], [-90.293797, 38.480353], [-90.293931, 38.4804110000001], [-90.294138, 38.480491], [-90.2945769999999, 38.4807460000001], [-90.294686, 38.4808140000001], [-90.294862, 38.4809080000001], [-90.295062, 38.480987], [-90.29585, 38.481414], [-90.2962459999999, 38.481615], [-90.296657, 38.481834], [-90.297525, 38.4823240000001], [-90.297602, 38.482357], [-90.2986069999999, 38.4822790000001], [-90.298778, 38.482268], [-90.299299, 38.4821740000001], [-90.29946, 38.481978], [-90.299612, 38.48186], [-90.299817, 38.4817600000001], [-90.2999569999999, 38.481699], [-90.3000499999999, 38.481675], [-90.3005199999999, 38.48159], [-90.300938, 38.481524], [-90.30161, 38.4814390000001], [-90.30238, 38.4814480000001], [-90.302515, 38.4814210000001], [-90.3025919999999, 38.481403], [-90.302771, 38.481376], [-90.3029989999999, 38.4813520000001], [-90.303885, 38.4812210000001], [-90.3043949999999, 38.4812190000001], [-90.30538, 38.48132], [-90.305659, 38.4813290000001], [-90.306393, 38.48138], [-90.3065119999999, 38.481403], [-90.3069149999999, 38.4814400000001], [-90.307232, 38.4814470000001], [-90.307357, 38.481458], [-90.307645, 38.481504], [-90.307828, 38.481523], [-90.309184, 38.4815210000001], [-90.3101139999999, 38.4815740000001], [-90.314151, 38.481774], [-90.3143669999999, 38.481789], [-90.318404, 38.481567], [-90.31872, 38.481792], [-90.319104, 38.4817990000001], [-90.3194349999999, 38.481903], [-90.319686, 38.481952], [-90.3200799999999, 38.481973], [-90.320883, 38.4820020000001], [-90.322075, 38.48206], [-90.322802, 38.4820750000001], [-90.323597, 38.482102], [-90.323698, 38.4820920000001], [-90.32379, 38.482066], [-90.3242089999999, 38.481842], [-90.3242939999999, 38.4818040000001], [-90.32442, 38.481771], [-90.32703, 38.481676], [-90.3283299999999, 38.481694], [-90.32879, 38.481704], [-90.3305999999999, 38.481722], [-90.330995, 38.4817190000001], [-90.332035, 38.4817390000001], [-90.3331039999999, 38.4817390000001], [-90.3332139999999, 38.4817570000001], [-90.333266, 38.481772], [-90.333388, 38.481797], [-90.333758, 38.4818050000001], [-90.333758, 38.4817640000001], [-90.333759, 38.4817120000001], [-90.33381, 38.481694], [-90.334173, 38.481708]]}, "properties": {"FID": 13209, "TYPEPIPE": "Interstate", "Operator": "Mississippi River Trans Corp", "Status": "Operating", "Shape_Leng": 0.0525224805831, "Shape__Length": 5943.944276492686}}, {"type": "Feature", "id": 13212, "geometry": {"type": "LineString", "coordinates": [[-90.283242, 38.477694], [-90.282635, 38.4776830000001], [-90.2822209999999, 38.477542], [-90.276617, 38.477742]]}, "properties": {"FID": 13212, "TYPEPIPE": "Interstate", "Operator": "Mississippi River Trans Corp", "Status": "Operating", "Shape_Leng": 0.00665201966678, "Shape__Length": 742.330111738412}}, {"type": "Feature", "id": 13215, "geometry": {"type": "LineString", "coordinates": [[-90.283242, 38.477694], [-90.283241, 38.477722], [-90.282627, 38.47771], [-90.282214, 38.4775700000001], [-90.276604, 38.4777700000001]]}, "properties": {"FID": 13215, "TYPEPIPE": "Interstate", "Operator": "Mississippi River Trans Corp", "Status": "Operating", "Shape_Leng": 0.00669178274199, "Shape__Length": 747.604130716414}}, {"type": "Feature", "id": 13218, "geometry": {"type": "LineString", "coordinates": [[-90.160452, 38.776011], [-90.1633659999999, 38.779697], [-90.164182, 38.7807300000001], [-90.164303, 38.780857], [-90.1644459999999, 38.780917], [-90.164655, 38.7809130000001], [-90.175316, 38.7807300000001], [-90.175429, 38.78069], [-90.175527, 38.7806360000001], [-90.1770289999999, 38.7789260000001], [-90.177126, 38.778846], [-90.177228, 38.778783], [-90.17741, 38.7787690000001], [-90.17747, 38.7787640000001], [-90.178659, 38.7788560000001]]}, "properties": {"FID": 13218, "TYPEPIPE": "Interstate", "Operator": "Mississippi River Trans Corp", "Status": "Operating", "Shape_Leng": 0.0214059047221, "Shape__Length": 2555.9223901274686}}, {"type": "Feature", "id": 13221, "geometry": {"type": "LineString", "coordinates": [[-90.160521, 38.775971], [-90.16344, 38.779565], [-90.1642649999999, 38.780581], [-90.1643299999999, 38.7806830000001], [-90.164502, 38.7807330000001], [-90.1646059999999, 38.780731], [-90.175305, 38.780536], [-90.175445, 38.780512], [-90.175529, 38.780423], [-90.1769889999999, 38.7787520000001], [-90.1770789999999, 38.77867], [-90.1772109999999, 38.778625], [-90.177385, 38.7786150000001], [-90.177441, 38.778622], [-90.178668, 38.778782]]}, "properties": {"FID": 13221, "TYPEPIPE": "Interstate", "Operator": "Mississippi River Trans Corp", "Status": "Operating", "Shape_Leng": 0.0212564112419, "Shape__Length": 2534.8564834890435}}, {"type": "Feature", "id": 13227, "geometry": {"type": "MultiLineString", "coordinates": [[[-90.2997769999999, 37.6443530000001], [-90.299889, 37.644329], [-90.299949, 37.6445590000001], [-90.2998219999999, 37.64541], [-90.299772, 37.645613], [-90.2997599999999, 37.645925], [-90.2997599999999, 37.650204], [-90.2997999999999, 37.6503890000001], [-90.2995069999999, 37.6517900000001], [-90.298558, 37.657696], [-90.298563, 37.6578240000001], [-90.298568, 37.658028], [-90.298567, 37.6608180000001], [-90.29867, 37.662112], [-90.298739, 37.662337], [-90.298708, 37.6625290000001], [-90.298649, 37.662701], [-90.298267, 37.664564], [-90.2982, 37.6647550000001], [-90.298281, 37.6651640000001], [-90.2987649999999, 37.666774], [-90.298931, 37.6677300000001], [-90.299024, 37.6682050000001], [-90.2993269999999, 37.6699070000001], [-90.2993749999999, 37.67012], [-90.299447, 37.670356], [-90.299699, 37.671165], [-90.300576, 37.673432], [-90.300719, 37.673709], [-90.300941, 37.674048], [-90.301055, 37.674219], [-90.301255, 37.6743710000001], [-90.301455, 37.674583], [-90.3035829999999, 37.6766210000001], [-90.3056339999999, 37.678411], [-90.306891, 37.679508], [-90.307641, 37.68015], [-90.307788, 37.6802450000001], [-90.307965, 37.6803370000001], [-90.308208, 37.680381], [-90.308416, 37.6804230000001], [-90.308621, 37.680523], [-90.309187, 37.6810290000001], [-90.309231, 37.6811720000001], [-90.3091699999999, 37.681291], [-90.309201, 37.6814150000001], [-90.309273, 37.6817060000001], [-90.309566, 37.681918], [-90.310663, 37.6828340000001], [-90.3110839999999, 37.683525], [-90.3113749999999, 37.6839810000001], [-90.311551, 37.6843170000001], [-90.3117099999999, 37.684536], [-90.3118679999999, 37.6847670000001], [-90.312317, 37.685365], [-90.3125439999999, 37.6856540000001], [-90.313013, 37.6861230000001], [-90.313853, 37.6870480000001], [-90.3142579999999, 37.687601], [-90.315138, 37.688471], [-90.316158, 37.6895440000001], [-90.317463, 37.690853], [-90.3183569999999, 37.6917050000001], [-90.319068, 37.6923880000001], [-90.319303, 37.692619], [-90.320054, 37.693656], [-90.3208089999999, 37.6944480000001], [-90.321027, 37.6947010000001], [-90.3222729999999, 37.6960260000001], [-90.323663, 37.697366], [-90.3250199999999, 37.6989090000001], [-90.326473, 37.7003280000001], [-90.3282179999999, 37.701986], [-90.329979, 37.7041370000001], [-90.330824, 37.704979], [-90.332009, 37.7062270000001], [-90.333248, 37.707505], [-90.33339, 37.7077190000001], [-90.3340379999999, 37.708335], [-90.334234, 37.7084610000001], [-90.3343619999999, 37.708579], [-90.335116, 37.7094460000001], [-90.335523, 37.709868], [-90.336358, 37.71074], [-90.336739, 37.711124], [-90.337556, 37.7119640000001], [-90.338576, 37.7130300000001], [-90.342881, 37.717045], [-90.34416, 37.718373], [-90.345129, 37.71937], [-90.3461149999999, 37.720394], [-90.346531, 37.72083], [-90.3490189999999, 37.7232940000001], [-90.349544, 37.7238340000001], [-90.3499629999999, 37.724321], [-90.350441, 37.724773], [-90.351007, 37.725265], [-90.351555, 37.7258670000001], [-90.352224, 37.726548], [-90.353222, 37.7275960000001], [-90.353932, 37.7282980000001], [-90.3544689999999, 37.728801], [-90.355407, 37.7297730000001], [-90.3561089999999, 37.7305750000001], [-90.358334, 37.7328910000001], [-90.359587, 37.7341630000001], [-90.36161, 37.737022], [-90.362353, 37.7378130000001], [-90.362653, 37.738192], [-90.363399, 37.7389380000001], [-90.365126, 37.7407400000001], [-90.365335, 37.741027], [-90.3659249999999, 37.741726], [-90.366261, 37.742038], [-90.368526, 37.744518], [-90.369886, 37.7459400000001], [-90.370701, 37.7468660000001], [-90.3710379999999, 37.747219], [-90.371324, 37.747554], [-90.371461, 37.7478090000001], [-90.373145, 37.750027], [-90.373774, 37.7514660000001], [-90.374489, 37.752616], [-90.375645, 37.7543870000001], [-90.377244, 37.756925], [-90.3774069999999, 37.757179], [-90.3781289999999, 37.7582390000001], [-90.3783309999999, 37.7586210000001], [-90.378598, 37.758967], [-90.378888, 37.7595820000001], [-90.379001, 37.7597620000001], [-90.379355, 37.7604240000001], [-90.379327, 37.7606030000001], [-90.379444, 37.7608890000001], [-90.379746, 37.7615910000001], [-90.380035, 37.7622410000001], [-90.380132, 37.762656], [-90.380242, 37.7631640000001], [-90.380586, 37.763856], [-90.380881, 37.7642260000001], [-90.3814409999999, 37.7650610000001], [-90.382266, 37.766244], [-90.382503, 37.7663430000001], [-90.3826979999999, 37.766701], [-90.382723, 37.766943], [-90.383203, 37.767595], [-90.383684, 37.7682510000001], [-90.3838939999999, 37.768557], [-90.3840499999999, 37.768812], [-90.384309, 37.7692630000001], [-90.384513, 37.7698040000001], [-90.384758, 37.770286], [-90.385033, 37.770787], [-90.385453, 37.7725980000001], [-90.386918, 37.774569], [-90.387098, 37.7748040000001], [-90.387286, 37.77516], [-90.387318, 37.775399], [-90.389, 37.779095], [-90.389127, 37.779382], [-90.389136, 37.7795570000001], [-90.389269, 37.7799140000001], [-90.389463, 37.780041], [-90.39019, 37.781488], [-90.390499, 37.7821240000001], [-90.390788, 37.7828010000001], [-90.3911799999999, 37.783671], [-90.391828, 37.784838], [-90.39196, 37.7851830000001], [-90.392062, 37.785314], [-90.3921139999999, 37.785582], [-90.392135, 37.785787], [-90.392252, 37.786253], [-90.392433, 37.786811], [-90.393557, 37.7892870000001], [-90.394887, 37.792832], [-90.395164, 37.7936760000001], [-90.395451, 37.7944880000001], [-90.396487, 37.7972], [-90.3970419999999, 37.7993470000001], [-90.3974899999999, 37.8011710000001], [-90.397814, 37.8022310000001], [-90.397743, 37.802554], [-90.397813, 37.8031810000001], [-90.397913, 37.803417], [-90.398837, 37.806], [-90.3990439999999, 37.806794], [-90.3993109999999, 37.808], [-90.39995, 37.8106760000001], [-90.400238, 37.8118230000001], [-90.4010969999999, 37.814646], [-90.401392, 37.8157330000001], [-90.402832, 37.8192760000001], [-90.404228, 37.823963], [-90.4056409999999, 37.8301650000001], [-90.406352, 37.832861], [-90.406483, 37.833451], [-90.4065449999999, 37.8338460000001], [-90.4065439999999, 37.8343340000001], [-90.406601, 37.834529], [-90.406649, 37.836869], [-90.406663, 37.8381460000001], [-90.406712, 37.8390370000001], [-90.406772, 37.8393800000001], [-90.4070159999999, 37.840519], [-90.4089549999999, 37.8487240000001], [-90.4094049999999, 37.850378], [-90.409501, 37.850715], [-90.410287, 37.8525010000001], [-90.411086, 37.8542620000001], [-90.411909, 37.855964], [-90.412115, 37.8567640000001], [-90.413672, 37.8610630000001], [-90.413786, 37.861406], [-90.413939, 37.8617350000001], [-90.4140179999999, 37.86199], [-90.4150779999999, 37.8650240000001], [-90.4153689999999, 37.866006], [-90.415533, 37.866678], [-90.41572, 37.867348], [-90.415879, 37.868048], [-90.416053, 37.868786], [-90.4163809999999, 37.8699380000001], [-90.416874, 37.87194], [-90.417427, 37.8740060000001], [-90.417948, 37.8760970000001], [-90.41866, 37.878945], [-90.4191729999999, 37.8809420000001], [-90.419882, 37.8837060000001], [-90.420086, 37.884579], [-90.420242, 37.885199], [-90.420633, 37.889869], [-90.420666, 37.8903530000001], [-90.4207929999999, 37.891934], [-90.420811, 37.8922910000001], [-90.4209279999999, 37.893104], [-90.420674, 37.8933870000001], [-90.4211789999999, 37.894438], [-90.421361, 37.8954570000001], [-90.4216239999999, 37.89669], [-90.421709, 37.897186], [-90.421725, 37.8975300000001], [-90.421465, 37.8982840000001], [-90.421432, 37.8986160000001], [-90.421074, 37.900038], [-90.420766, 37.901377], [-90.420408, 37.902323], [-90.42053, 37.90274], [-90.4185429999999, 37.9112220000001], [-90.418149, 37.913981], [-90.417956, 37.915378], [-90.417718, 37.916507], [-90.417628, 37.91668], [-90.417591, 37.9171670000001], [-90.417611, 37.918909], [-90.4176209999999, 37.91972], [-90.417609, 37.919949], [-90.417572, 37.9209310000001], [-90.4175539999999, 37.921584], [-90.417511, 37.9238080000001], [-90.417432, 37.9254680000001], [-90.4174169999999, 37.925794], [-90.4174179999999, 37.926624], [-90.417423, 37.9315560000001], [-90.4174199999999, 37.935552], [-90.417432, 37.9370700000001], [-90.417409, 37.937331], [-90.4174189999999, 37.938996], [-90.4174379999999, 37.9442290000001], [-90.4174399999999, 37.9445160000001], [-90.417413, 37.9450110000001], [-90.4173949999999, 37.945205], [-90.4173939999999, 37.945449], [-90.417386, 37.945683], [-90.417388, 37.946713], [-90.417356, 37.9467900000001], [-90.417353, 37.9471320000001], [-90.4173479999999, 37.9480770000001], [-90.4174, 37.949083], [-90.417356, 37.9518160000001], [-90.4173289999999, 37.953542], [-90.4172609999999, 37.9559600000001], [-90.417224, 37.956942], [-90.417179, 37.957926], [-90.4171699999999, 37.958512], [-90.417161, 37.9586180000001], [-90.417175, 37.958986], [-90.417178, 37.9598060000001], [-90.4171249999999, 37.962447], [-90.417098, 37.963426], [-90.417071, 37.963983], [-90.417061, 37.9646260000001], [-90.4170599999999, 37.965177], [-90.4170099999999, 37.9666070000001], [-90.416971, 37.9671260000001], [-90.417156, 37.968511], [-90.417155, 37.969095], [-90.4170789999999, 37.969629], [-90.417074, 37.9700990000001], [-90.416836, 37.9710600000001], [-90.415926, 37.9732300000001], [-90.415535, 37.9745], [-90.415445, 37.97479], [-90.415409, 37.9749550000001], [-90.41515, 37.976005], [-90.41508, 37.9764920000001], [-90.4149199999999, 37.977181], [-90.4146729999999, 37.9794240000001], [-90.414569, 37.9795950000001], [-90.414468, 37.9797780000001], [-90.414428, 37.9801460000001], [-90.414464, 37.9804990000001], [-90.4144709999999, 37.9806970000001], [-90.414384, 37.981189], [-90.4143099999999, 37.981699], [-90.414205, 37.982808], [-90.414224, 37.9831090000001], [-90.414454, 37.9837190000001], [-90.414587, 37.9840530000001], [-90.4146709999999, 37.984337], [-90.415262, 37.9857270000001], [-90.4154389999999, 37.9861700000001], [-90.415657, 37.9872360000001], [-90.4167879999999, 37.99105], [-90.417517, 37.9933810000001], [-90.4178669999999, 37.9943480000001], [-90.417916, 37.9945300000001], [-90.4179109999999, 37.994713], [-90.417832, 37.994921], [-90.418444, 37.997308], [-90.418528, 37.9978540000001], [-90.4185189999999, 37.9980430000001], [-90.418466, 37.998202], [-90.418429, 37.9985070000001], [-90.418376, 37.998902], [-90.418267, 37.999314], [-90.4181349999999, 37.9998440000001], [-90.418115, 38.0000660000001], [-90.418155, 38.000359], [-90.4180499999999, 38.002147], [-90.418065, 38.002636], [-90.418017, 38.002871], [-90.4178469999999, 38.0032660000001], [-90.417748, 38.0036160000001], [-90.4175999999999, 38.00402], [-90.417557, 38.0045180000001], [-90.417535, 38.005095], [-90.417549, 38.005276], [-90.417512, 38.00548], [-90.417566, 38.005661], [-90.4191, 38.0083510000001], [-90.420585, 38.010855], [-90.421707, 38.0123140000001], [-90.421827, 38.0125150000001], [-90.42187, 38.012688], [-90.421863, 38.012858], [-90.421934, 38.013452], [-90.421954, 38.01397], [-90.42187, 38.014571], [-90.4218079999999, 38.0151000000001], [-90.421837, 38.0153960000001], [-90.421906, 38.017071], [-90.421972, 38.0188160000001], [-90.422089, 38.0198140000001], [-90.422269, 38.021328], [-90.422434, 38.022189], [-90.4225079999999, 38.02248], [-90.4225499999999, 38.022946], [-90.422591, 38.0233180000001], [-90.422656, 38.02358], [-90.422734, 38.023922], [-90.422938, 38.02464], [-90.423114, 38.025175], [-90.423526, 38.0262010000001], [-90.423567, 38.02648], [-90.4235889999999, 38.026713], [-90.4235399999999, 38.0270570000001], [-90.4235209999999, 38.027292], [-90.42346, 38.0275120000001], [-90.4233359999999, 38.0277320000001], [-90.4229319999999, 38.028801], [-90.422803, 38.029054], [-90.4226659999999, 38.02936], [-90.422332, 38.0300080000001], [-90.421774, 38.0310200000001], [-90.421214, 38.0320540000001], [-90.421127, 38.0322170000001], [-90.420916, 38.032568], [-90.4207519999999, 38.032746], [-90.41985, 38.0335430000001], [-90.419661, 38.033736], [-90.4184309999999, 38.035353], [-90.4183379999999, 38.0356100000001], [-90.418173, 38.0359510000001], [-90.4180269999999, 38.036341], [-90.417943, 38.036545], [-90.417906, 38.0367400000001], [-90.418336, 38.0386710000001], [-90.418667, 38.0400490000001], [-90.4186769999999, 38.040223], [-90.418603, 38.040488], [-90.418554, 38.0408630000001], [-90.418378, 38.041327], [-90.417987, 38.042451], [-90.417612, 38.043904], [-90.417588, 38.0440990000001], [-90.417604, 38.0443030000001], [-90.4178679999999, 38.044541], [-90.418491, 38.045332], [-90.41898, 38.045614], [-90.419167, 38.0458810000001], [-90.4193519999999, 38.046515], [-90.419385, 38.0468020000001], [-90.419515, 38.0473440000001], [-90.419868, 38.0483790000001], [-90.420116, 38.0491250000001], [-90.420619, 38.051162], [-90.420742, 38.0522710000001], [-90.420946, 38.0529500000001], [-90.421047, 38.0531750000001], [-90.4212229999999, 38.0535540000001], [-90.421455, 38.0536040000001], [-90.42166, 38.0541040000001], [-90.42146, 38.054221], [-90.4217389999999, 38.054687], [-90.422698, 38.056405], [-90.424194, 38.0590710000001], [-90.4242599999999, 38.059199], [-90.4246649999999, 38.0598400000001], [-90.4250039999999, 38.060502], [-90.4250739999999, 38.0606930000001], [-90.425078, 38.061086], [-90.4251829999999, 38.0619510000001], [-90.425218, 38.0622900000001], [-90.4251839999999, 38.0624700000001], [-90.425158, 38.0627430000001], [-90.425042, 38.06298], [-90.4246169999999, 38.063587], [-90.423459, 38.0651760000001], [-90.422568, 38.0662580000001], [-90.422425, 38.0663710000001], [-90.421512, 38.067443], [-90.419635, 38.069866], [-90.41894, 38.070406], [-90.419135, 38.07095], [-90.41857, 38.0724310000001], [-90.41854, 38.072793], [-90.418378, 38.074437], [-90.418236, 38.0772870000001], [-90.418238, 38.0777560000001], [-90.418265, 38.079505], [-90.418299, 38.0807080000001], [-90.418314, 38.081983], [-90.418263, 38.082435], [-90.418331, 38.0827200000001], [-90.418337, 38.083043], [-90.418286, 38.083261], [-90.418119, 38.083967], [-90.417919, 38.0848790000001], [-90.417813, 38.08545], [-90.417732, 38.0857060000001], [-90.417603, 38.0860420000001], [-90.417456, 38.08639], [-90.4164699999999, 38.088441], [-90.416139, 38.0891060000001], [-90.4157059999999, 38.090088], [-90.4152799999999, 38.090919], [-90.4141729999999, 38.093107], [-90.4141049999999, 38.093415], [-90.4140629999999, 38.0937640000001], [-90.4139299999999, 38.095037], [-90.4139649999999, 38.095425], [-90.413987, 38.095833], [-90.414, 38.0962900000001], [-90.414084, 38.097521], [-90.41409, 38.09801], [-90.414049, 38.098593], [-90.414046, 38.098986], [-90.413992, 38.0992480000001], [-90.413931, 38.099657], [-90.413823, 38.100175], [-90.413616, 38.100917], [-90.412718, 38.1040810000001], [-90.412025, 38.1064840000001], [-90.4119459999999, 38.106751], [-90.4119039999999, 38.107106], [-90.4119009999999, 38.10765], [-90.411896, 38.108318], [-90.4119219999999, 38.1088930000001], [-90.411819, 38.1100490000001], [-90.4119899999999, 38.1100640000001], [-90.411726, 38.1110150000001], [-90.412108, 38.111408], [-90.4121269999999, 38.111749], [-90.411522, 38.1126990000001], [-90.411335, 38.1140380000001], [-90.4112259999999, 38.1152970000001], [-90.410858, 38.118007], [-90.4107779999999, 38.118728], [-90.4107059999999, 38.1191390000001], [-90.4106649999999, 38.1193910000001], [-90.4103699999999, 38.1206270000001], [-90.409886, 38.121788], [-90.409093, 38.12341], [-90.408936, 38.12363], [-90.4090189999999, 38.1238940000001], [-90.408916, 38.124111], [-90.408583, 38.125475], [-90.407995, 38.127893], [-90.4077109999999, 38.129087], [-90.407413, 38.130479], [-90.4074879999999, 38.1306480000001], [-90.4074149999999, 38.1314620000001], [-90.407222, 38.1315460000001], [-90.4066349999999, 38.1352810000001], [-90.406577, 38.135564], [-90.4064509999999, 38.135955], [-90.4055489999999, 38.1385720000001], [-90.40529, 38.139332], [-90.4048759999999, 38.140569], [-90.4044969999999, 38.1418380000001], [-90.4040459999999, 38.1434320000001], [-90.403809, 38.1442740000001], [-90.40352, 38.144723], [-90.402932, 38.145722], [-90.402438, 38.146514], [-90.401147, 38.14748], [-90.400389, 38.1485410000001], [-90.4002629999999, 38.148845], [-90.400002, 38.1492450000001], [-90.3999019999999, 38.149678], [-90.39986, 38.149932], [-90.399771, 38.150265], [-90.399795, 38.1504200000001], [-90.399883, 38.1505700000001], [-90.400071, 38.1506830000001], [-90.400226, 38.150876], [-90.4002599999999, 38.151013], [-90.400429, 38.152339], [-90.400516, 38.1536580000001], [-90.4003909999999, 38.1549220000001], [-90.400528, 38.1556600000001], [-90.4006639999999, 38.1572990000001], [-90.40088, 38.1579800000001], [-90.401111, 38.1589470000001], [-90.40122, 38.15957], [-90.401294, 38.160066], [-90.401307, 38.1601870000001], [-90.40138, 38.1603930000001], [-90.401469, 38.160625], [-90.401578, 38.160808], [-90.401695, 38.16096], [-90.4019079999999, 38.161259], [-90.402653, 38.1622080000001], [-90.403804, 38.163848], [-90.404152, 38.1643550000001], [-90.40428, 38.164564], [-90.404755, 38.165189], [-90.404906, 38.165378], [-90.405028, 38.1657000000001], [-90.405152, 38.1660660000001], [-90.4055909999999, 38.1673660000001], [-90.405811, 38.1679550000001], [-90.406067, 38.168668], [-90.406985, 38.1714280000001], [-90.40706, 38.1716450000001], [-90.407073, 38.17195], [-90.407243, 38.173258], [-90.407384, 38.173999], [-90.407439, 38.17449], [-90.4074649999999, 38.1748430000001], [-90.407515, 38.175282], [-90.407733, 38.17778], [-90.407837, 38.1784510000001], [-90.407958, 38.179448], [-90.408022, 38.1801080000001], [-90.40816, 38.1808720000001], [-90.4084129999999, 38.1832140000001], [-90.408552, 38.184217], [-90.408655, 38.184491], [-90.4086, 38.1847700000001], [-90.408601, 38.18503], [-90.408656, 38.186205], [-90.4086619999999, 38.187572], [-90.408754, 38.18856], [-90.408799, 38.190211], [-90.408825, 38.1905110000001], [-90.4088649999999, 38.190954], [-90.408889, 38.191473], [-90.40889, 38.192347], [-90.408939, 38.1925350000001], [-90.4091309999999, 38.1927430000001], [-90.409299, 38.192971], [-90.4094469999999, 38.1933730000001], [-90.40948, 38.193532], [-90.409417, 38.193679], [-90.409343, 38.193883], [-90.408804, 38.194864], [-90.408483, 38.195212], [-90.408472, 38.1953120000001], [-90.40844, 38.197326], [-90.4084329999999, 38.1980790000001], [-90.408514, 38.2011150000001], [-90.40856, 38.2015720000001], [-90.408563, 38.201917], [-90.408501, 38.202955], [-90.408599, 38.204998], [-90.408643, 38.206829], [-90.408702, 38.2069280000001], [-90.4087959999999, 38.207278], [-90.4086539999999, 38.207389], [-90.408672, 38.2081180000001], [-90.408714, 38.209027], [-90.408737, 38.2093320000001], [-90.408969, 38.2108460000001], [-90.409126, 38.2119550000001], [-90.40921, 38.2122140000001], [-90.409285, 38.2125340000001], [-90.409419, 38.2127600000001], [-90.409366, 38.213629], [-90.409195, 38.213727], [-90.409744, 38.2159070000001], [-90.409774, 38.216234], [-90.409796, 38.216524], [-90.409819, 38.2167600000001], [-90.409827, 38.2169430000001], [-90.409887, 38.2172130000001], [-90.4099899999999, 38.2179140000001], [-90.41002, 38.218345], [-90.410074, 38.2185830000001], [-90.410341, 38.2205490000001], [-90.410523, 38.2220360000001], [-90.410709, 38.2240640000001], [-90.410802, 38.224594], [-90.410924, 38.2255680000001], [-90.411148, 38.226947], [-90.411185, 38.227377], [-90.411216, 38.228142], [-90.411308, 38.2289400000001], [-90.411331, 38.2309950000001], [-90.41138, 38.2331], [-90.4114729999999, 38.233227], [-90.411484, 38.2334970000001], [-90.411457, 38.2336980000001], [-90.411465, 38.233757], [-90.411548, 38.2343280000001], [-90.411558, 38.2350210000001], [-90.411664, 38.237397], [-90.411636, 38.238145], [-90.411535, 38.2387190000001], [-90.411322, 38.23999], [-90.410851, 38.242579], [-90.410745, 38.2431960000001], [-90.410714, 38.2434760000001], [-90.410789, 38.2439450000001], [-90.4108609999999, 38.244285], [-90.4109, 38.2447070000001], [-90.410948, 38.24527], [-90.411021, 38.245687], [-90.411039, 38.246182], [-90.411127, 38.2467750000001], [-90.4111789999999, 38.247083], [-90.411465, 38.248155], [-90.411666, 38.2490040000001], [-90.4119239999999, 38.249896], [-90.412098, 38.250521], [-90.412185, 38.2508510000001], [-90.412158, 38.251093], [-90.412074, 38.2517930000001], [-90.411976, 38.2524020000001], [-90.4116989999999, 38.252956], [-90.41164, 38.2531490000001], [-90.411624, 38.253386], [-90.4116509999999, 38.2537110000001], [-90.411597, 38.253995], [-90.411538, 38.254221], [-90.4114729999999, 38.254468], [-90.4112959999999, 38.2550190000001], [-90.4110669999999, 38.255659], [-90.410989, 38.2558690000001], [-90.410827, 38.2565010000001], [-90.410604, 38.257396], [-90.410567, 38.257643], [-90.410299, 38.2591620000001], [-90.409883, 38.261224], [-90.4098329999999, 38.261461], [-90.409801, 38.2614780000001], [-90.4094719999999, 38.261622], [-90.409474, 38.261626]], [[-90.409914, 38.262754], [-90.4099179999999, 38.2627640000001], [-90.4099429999999, 38.262773], [-90.4099629999999, 38.262952], [-90.409949, 38.263134], [-90.409075, 38.266733], [-90.409093, 38.266938], [-90.409363, 38.2673810000001], [-90.409838, 38.268045], [-90.409901, 38.2682530000001], [-90.410003, 38.2687520000001], [-90.409641, 38.2707600000001], [-90.409502, 38.2715470000001], [-90.409477, 38.271805], [-90.409444, 38.2723530000001], [-90.409461, 38.272544], [-90.4094679999999, 38.27366], [-90.409499, 38.273967], [-90.40955, 38.2744910000001], [-90.409328, 38.274956], [-90.409123, 38.275289], [-90.408939, 38.2756130000001], [-90.4079, 38.278102], [-90.4078019999999, 38.278601], [-90.407672, 38.278964], [-90.407144, 38.28056], [-90.4069469999999, 38.281438], [-90.406798, 38.282027], [-90.406711, 38.2825270000001], [-90.4061399999999, 38.2827300000001], [-90.405816, 38.2828700000001], [-90.4059099999999, 38.2848970000001], [-90.405943, 38.2850290000001], [-90.4060629999999, 38.285761], [-90.406112, 38.286185], [-90.406102, 38.2864050000001], [-90.406061, 38.286634], [-90.4063, 38.2868250000001], [-90.406686, 38.286992], [-90.406511, 38.28713], [-90.4061589999999, 38.2874150000001], [-90.4059549999999, 38.28767], [-90.405568, 38.2881350000001], [-90.405203, 38.2885170000001], [-90.4050109999999, 38.288957], [-90.404776, 38.2895990000001], [-90.4044029999999, 38.290551], [-90.4047439999999, 38.291092], [-90.404333, 38.292328], [-90.40394, 38.294225], [-90.403956, 38.2951110000001], [-90.4038659999999, 38.297085], [-90.403823, 38.297202], [-90.4038439999999, 38.2973460000001], [-90.403898, 38.297514], [-90.4038889999999, 38.298364], [-90.403917, 38.2989150000001], [-90.403335, 38.3026540000001], [-90.403374, 38.302759], [-90.4033829999999, 38.302918], [-90.403316, 38.303047], [-90.403207, 38.3032870000001], [-90.4029159999999, 38.303699], [-90.402661, 38.304021], [-90.40237, 38.3044090000001], [-90.4022409999999, 38.304643], [-90.402053, 38.3051510000001], [-90.4018829999999, 38.3054750000001], [-90.4019029999999, 38.305732], [-90.4019009999999, 38.3059700000001], [-90.401861, 38.306176], [-90.401734, 38.3067130000001], [-90.40207, 38.306785], [-90.403386, 38.307171], [-90.4037949999999, 38.3072910000001], [-90.4037489999999, 38.3074740000001], [-90.403672, 38.3079510000001], [-90.403722, 38.308569], [-90.403704, 38.309081], [-90.403704, 38.3093180000001], [-90.403654, 38.309428], [-90.4036, 38.309527], [-90.403446, 38.3097260000001], [-90.403386, 38.3098370000001], [-90.40332, 38.3099690000001], [-90.403125, 38.310778], [-90.4030969999999, 38.3109010000001], [-90.403044, 38.3112640000001], [-90.4030059999999, 38.311743], [-90.402595, 38.313345], [-90.402549, 38.313541], [-90.402505, 38.3138670000001], [-90.402388, 38.31439], [-90.402372, 38.3147460000001], [-90.401823, 38.3172740000001], [-90.401627, 38.318092], [-90.401516, 38.318425], [-90.4014349999999, 38.319099], [-90.401091, 38.320302], [-90.401001, 38.321698], [-90.400893, 38.323633], [-90.400929, 38.324101], [-90.401087, 38.325839], [-90.401042, 38.326201], [-90.4008709999999, 38.3270410000001], [-90.4008709999999, 38.3276020000001], [-90.400775, 38.3282320000001], [-90.400476, 38.330838], [-90.400316, 38.3323060000001], [-90.400245, 38.333157], [-90.400159, 38.333383], [-90.4001689999999, 38.333734], [-90.4000839999999, 38.333901], [-90.399926, 38.335564], [-90.399792, 38.336619], [-90.3997459999999, 38.336896], [-90.399627, 38.3375120000001], [-90.399575, 38.337782], [-90.399472, 38.3388850000001], [-90.399422, 38.3395550000001], [-90.3994029999999, 38.340045], [-90.3994, 38.3402300000001], [-90.399413, 38.3407060000001], [-90.399323, 38.341013], [-90.3992509999999, 38.3416260000001], [-90.3992059999999, 38.3426690000001], [-90.39908, 38.343774], [-90.399082, 38.344055], [-90.3989319999999, 38.3442430000001], [-90.398793, 38.344452], [-90.3985699999999, 38.3448950000001], [-90.398351, 38.345338], [-90.398045, 38.3461140000001], [-90.3979829999999, 38.346283], [-90.397553, 38.347109], [-90.397532, 38.3471500000001], [-90.397521, 38.3471900000001], [-90.397496, 38.347871], [-90.397454, 38.3480880000001], [-90.397415, 38.348173], [-90.3972199999999, 38.348486], [-90.396852, 38.348893], [-90.3965439999999, 38.3491270000001], [-90.3963639999999, 38.349249], [-90.3963459999999, 38.3493110000001], [-90.39635, 38.349404], [-90.3963679999999, 38.34948], [-90.396528, 38.349857], [-90.3965479999999, 38.3499350000001], [-90.3965449999999, 38.3500290000001], [-90.3965259999999, 38.3520070000001], [-90.396418, 38.3524770000001], [-90.396283, 38.3531750000001], [-90.39537, 38.3541460000001], [-90.395357, 38.354543], [-90.395347, 38.354827], [-90.395346, 38.3548910000001], [-90.3953319999999, 38.356208], [-90.3953329999999, 38.356494], [-90.395301, 38.356837], [-90.3951739999999, 38.3571640000001], [-90.395004, 38.3574160000001], [-90.394584, 38.3577940000001], [-90.393877, 38.3583790000001], [-90.393536, 38.3588080000001], [-90.393381, 38.3592150000001], [-90.3931669999999, 38.3595800000001], [-90.392843, 38.360435], [-90.3926269999999, 38.361009], [-90.392444, 38.3613530000001], [-90.39232, 38.361658], [-90.392263, 38.361992], [-90.3908, 38.3640790000001], [-90.3896979999999, 38.365646], [-90.389509, 38.3659020000001], [-90.3893199999999, 38.3661090000001], [-90.389125, 38.36632], [-90.3887549999999, 38.36693], [-90.388499, 38.3674970000001], [-90.387577, 38.370525], [-90.387297, 38.371497], [-90.386962, 38.372083], [-90.386784, 38.3724], [-90.3865979999999, 38.372737], [-90.386519, 38.372908], [-90.386367, 38.373157], [-90.386112, 38.3735360000001], [-90.386019, 38.373743], [-90.385827, 38.3741230000001], [-90.383427, 38.3777680000001], [-90.3833279999999, 38.377952], [-90.3832609999999, 38.37818], [-90.383249, 38.378814], [-90.383235, 38.3795230000001], [-90.383213, 38.380322], [-90.38317, 38.380569], [-90.383143, 38.3806200000001], [-90.383101, 38.380663], [-90.38305, 38.380701], [-90.3829899999999, 38.380729], [-90.381457, 38.380923], [-90.381314, 38.381024], [-90.380378, 38.3833530000001], [-90.379782, 38.383949], [-90.379397, 38.3843150000001], [-90.378239, 38.385785], [-90.377906, 38.386291], [-90.377699, 38.38663], [-90.377224, 38.387452], [-90.37686, 38.388044], [-90.37623, 38.389062], [-90.376012, 38.3894460000001], [-90.3758359999999, 38.3896930000001], [-90.375544, 38.390003], [-90.375344, 38.3902130000001], [-90.3739449999999, 38.3911820000001], [-90.373793, 38.3912260000001], [-90.3743719999999, 38.391241], [-90.373069, 38.3917440000001], [-90.372868, 38.3919020000001], [-90.372506, 38.3922170000001], [-90.372317, 38.3924000000001], [-90.372271, 38.3924680000001], [-90.372242, 38.39254], [-90.3722229999999, 38.3926220000001], [-90.372169, 38.3928040000001], [-90.3720949999999, 38.393022], [-90.371966, 38.3933470000001], [-90.371812, 38.393715], [-90.3717499999999, 38.3938610000001], [-90.3715539999999, 38.394217], [-90.371387, 38.3945620000001], [-90.371221, 38.3948730000001], [-90.3710579999999, 38.395203], [-90.37083, 38.395613], [-90.370354, 38.3965730000001], [-90.3697289999999, 38.3976630000001], [-90.368961, 38.399056], [-90.368367, 38.400174], [-90.367889, 38.401059], [-90.367819, 38.401371], [-90.3657479999999, 38.403819], [-90.36331, 38.406653], [-90.3632709999999, 38.4067450000001], [-90.363168, 38.4071740000001], [-90.363123, 38.407276], [-90.362916, 38.4081570000001], [-90.3624119999999, 38.4103840000001], [-90.3619349999999, 38.412386], [-90.3619199999999, 38.412552], [-90.361811, 38.4129330000001], [-90.361666, 38.413377], [-90.362267, 38.4164180000001], [-90.3619659999999, 38.4172760000001], [-90.361909, 38.417811], [-90.3618279999999, 38.4181750000001], [-90.36172, 38.418442], [-90.361508, 38.4189190000001], [-90.3613549999999, 38.4192380000001], [-90.361316, 38.41938], [-90.361307, 38.419602], [-90.361328, 38.4206300000001], [-90.361456, 38.4214690000001], [-90.361405, 38.42168], [-90.360941, 38.422464], [-90.36091, 38.422531], [-90.360432, 38.4238740000001], [-90.359661, 38.426423], [-90.359582, 38.426538], [-90.359316, 38.4274170000001], [-90.3590399999999, 38.4283290000001], [-90.358716, 38.429427], [-90.358425, 38.430302], [-90.3582729999999, 38.430822], [-90.357526, 38.4331690000001], [-90.3575299999999, 38.433279], [-90.357109, 38.4345970000001], [-90.356804, 38.435661], [-90.356549, 38.436262], [-90.355552, 38.4380990000001], [-90.3554539999999, 38.438318], [-90.355338, 38.43866], [-90.3552129999999, 38.439083], [-90.3545139999999, 38.4415970000001], [-90.354318, 38.44228], [-90.35426, 38.4424760000001], [-90.354209, 38.44257], [-90.354158, 38.4427430000001], [-90.354162, 38.442864], [-90.353959, 38.443521], [-90.3538119999999, 38.4438020000001], [-90.353665, 38.4441620000001], [-90.351635, 38.4485750000001], [-90.3516089999999, 38.4486860000001], [-90.3510869999999, 38.4498310000001], [-90.351011, 38.449931], [-90.35076, 38.450503], [-90.3501679999999, 38.451821], [-90.349755, 38.4527210000001], [-90.3490859999999, 38.453919], [-90.349075, 38.453983], [-90.349032, 38.454102]], [[-90.345944, 38.4604800000001], [-90.345964, 38.460449], [-90.34489, 38.462318], [-90.344393, 38.4633610000001], [-90.343781, 38.464413], [-90.341287, 38.468783], [-90.341236, 38.468864], [-90.341013, 38.4690610000001], [-90.340961, 38.46912], [-90.340367, 38.470194], [-90.3403299999999, 38.4704580000001], [-90.3378479999999, 38.474794], [-90.337574, 38.4750900000001], [-90.337514, 38.4751610000001], [-90.337165, 38.475803], [-90.337059, 38.475986], [-90.336488, 38.477108], [-90.335722, 38.478659], [-90.33557, 38.478849], [-90.3348319999999, 38.4794160000001], [-90.3346729999999, 38.479541], [-90.3345839999999, 38.479634], [-90.334481, 38.479749], [-90.3342479999999, 38.4812190000001]]]}, "properties": {"FID": 13227, "TYPEPIPE": "Interstate", "Operator": "Mississippi River Trans Corp", "Status": "Operating", "Shape_Leng": 0.912706276599, "Shape__Length": 124976.97741416097}}, {"type": "Feature", "id": 13230, "geometry": {"type": "LineString", "coordinates": [[-90.409474, 38.261626], [-90.4099179999999, 38.2627640000001]]}, "properties": {"FID": 13230, "TYPEPIPE": "Interstate", "Operator": "Mississippi River Trans Corp", "Status": "Operating", "Shape_Leng": 0.00122154819799, "Shape__Length": 168.74072522277325}}, {"type": "Feature", "id": 13233, "geometry": {"type": "LineString", "coordinates": [[-90.4094719999999, 38.261622], [-90.4094239999999, 38.261641], [-90.40987, 38.2627830000001], [-90.4099179999999, 38.2627640000001]]}, "properties": {"FID": 13233, "TYPEPIPE": "Interstate", "Operator": "Mississippi River Trans Corp", "Status": "Operating", "Shape_Leng": 0.00132924890732, "Shape__Length": 181.31605995183043}}, {"type": "Feature", "id": 13236, "geometry": {"type": "LineString", "coordinates": [[-90.349032, 38.454102], [-90.3490209999999, 38.4541310000001], [-90.3489749999999, 38.4542640000001], [-90.3489739999999, 38.4542660000001], [-90.3489719999999, 38.4542710000001], [-90.34896, 38.454306], [-90.348947, 38.4543430000001], [-90.348946, 38.454346], [-90.348756, 38.454779], [-90.348549, 38.45538], [-90.3481419999999, 38.4564110000001], [-90.346962, 38.4587490000001], [-90.346473, 38.4596510000001], [-90.346357, 38.459859], [-90.346187, 38.460178], [-90.34605, 38.4603000000001], [-90.345964, 38.460449]]}, "properties": {"FID": 13236, "TYPEPIPE": "Interstate", "Operator": "Mississippi River Trans Corp", "Status": "Operating", "Shape_Leng": 0.00707571600921, "Shape__Length": 967.3950132963063}}, {"type": "Feature", "id": 13239, "geometry": {"type": "LineString", "coordinates": [[-90.349032, 38.454102], [-90.3490659999999, 38.4541090000001], [-90.348977, 38.454362], [-90.348787, 38.454791], [-90.348581, 38.4553900000001], [-90.348172, 38.456424], [-90.3469929999999, 38.45876], [-90.346504, 38.459664], [-90.346389, 38.4598710000001], [-90.346217, 38.4601930000001], [-90.34608, 38.460315], [-90.345996, 38.4604600000001], [-90.345964, 38.460449]]}, "properties": {"FID": 13239, "TYPEPIPE": "Interstate", "Operator": "Mississippi River Trans Corp", "Status": "Operating", "Shape_Leng": 0.00714865270996, "Shape__Length": 975.801191283571}}, {"type": "Feature", "id": 13242, "geometry": {"type": "LineString", "coordinates": [[-90.298762, 37.4841250000001], [-90.29578, 37.484328], [-90.295466, 37.485693], [-90.295537, 37.486136], [-90.2959759999999, 37.488275], [-90.296054, 37.490705], [-90.295831, 37.491792], [-90.295753, 37.492268], [-90.295697, 37.492761], [-90.295631, 37.4931070000001], [-90.295605, 37.493407], [-90.295513, 37.493945], [-90.295193, 37.4957390000001], [-90.295148, 37.4959660000001], [-90.295079, 37.4969550000001], [-90.2952089999999, 37.4977900000001], [-90.2955909999999, 37.5003560000001], [-90.295943, 37.5030080000001], [-90.295945, 37.50339], [-90.295991, 37.504237], [-90.2959549999999, 37.504914], [-90.296032, 37.5057330000001], [-90.2984309999999, 37.509324], [-90.2990599999999, 37.510819], [-90.29973, 37.512655], [-90.300057, 37.513296], [-90.300899, 37.5156460000001], [-90.301414, 37.5170000000001], [-90.301708, 37.519416], [-90.30186, 37.52042], [-90.302126, 37.5226220000001], [-90.3024149999999, 37.525065], [-90.302726, 37.5274200000001], [-90.302902, 37.5290840000001], [-90.303102, 37.5303000000001], [-90.3031559999999, 37.530923], [-90.3036069999999, 37.5350690000001], [-90.3036979999999, 37.535371], [-90.303774, 37.535757], [-90.303839, 37.5362460000001], [-90.3037659999999, 37.5365610000001], [-90.303783, 37.537814], [-90.3038109999999, 37.5384240000001], [-90.303959, 37.541685], [-90.3042, 37.547644], [-90.3043979999999, 37.551314], [-90.3044829999999, 37.5532210000001], [-90.3045049999999, 37.5540100000001], [-90.3046889999999, 37.55427], [-90.304836, 37.554666], [-90.305063, 37.555239], [-90.3053209999999, 37.555996], [-90.3054479999999, 37.5563470000001], [-90.305776, 37.557173], [-90.3059039999999, 37.557466], [-90.3059929999999, 37.557733], [-90.306091, 37.5580850000001], [-90.3060859999999, 37.558347], [-90.306071, 37.558703], [-90.3061049999999, 37.559268], [-90.306096, 37.559534], [-90.306093, 37.559967], [-90.3061049999999, 37.5609890000001], [-90.30603, 37.561521], [-90.3058149999999, 37.5621980000001], [-90.3042989999999, 37.5668380000001], [-90.304231, 37.5672190000001], [-90.30413, 37.567916], [-90.304074, 37.568403], [-90.3039439999999, 37.568763], [-90.303397, 37.5700600000001], [-90.302604, 37.571988], [-90.3020719999999, 37.5740750000001], [-90.302405, 37.5750600000001], [-90.302441, 37.5756200000001], [-90.3024789999999, 37.576355], [-90.302478, 37.577324], [-90.302507, 37.57804], [-90.302424, 37.578355], [-90.3009069999999, 37.5826460000001], [-90.3008579999999, 37.582942], [-90.300847, 37.5831690000001], [-90.301208, 37.585355], [-90.301283, 37.5856440000001], [-90.301431, 37.5866320000001], [-90.301702, 37.586617]]}, "properties": {"FID": 13242, "TYPEPIPE": "Interstate", "Operator": "Mississippi River Trans Corp", "Status": "Operating", "Shape_Leng": 0.108627513224, "Shape__Length": 14999.772737924586}}, {"type": "Feature", "id": 13248, "geometry": {"type": "MultiLineString", "coordinates": [[[-90.41812, 37.047923], [-90.417897, 37.048205], [-90.416616, 37.0500720000001], [-90.4164959999999, 37.050217], [-90.416416, 37.050398], [-90.416592, 37.0505590000001], [-90.416771, 37.0507220000001], [-90.416617, 37.0513720000001], [-90.4163, 37.0518980000001], [-90.415993, 37.0524070000001], [-90.415692, 37.052736], [-90.4153899999999, 37.0530650000001], [-90.4119709999999, 37.056158], [-90.411455, 37.0568220000001], [-90.410649, 37.0581730000001], [-90.410275, 37.0588290000001], [-90.4096939999999, 37.060214], [-90.4096919999999, 37.0602200000001], [-90.409367, 37.061132], [-90.4088549999999, 37.062572], [-90.408789, 37.062757], [-90.4083, 37.064131], [-90.408282, 37.0642040000001], [-90.4082119999999, 37.0644980000001], [-90.408033, 37.0652440000001], [-90.407344, 37.068467], [-90.407144, 37.068566], [-90.40695, 37.0686630000001], [-90.406845, 37.069083], [-90.406727, 37.069553], [-90.4067219999999, 37.069574], [-90.4066339999999, 37.0699230000001], [-90.406327, 37.071149], [-90.406391, 37.074594], [-90.406531, 37.07966], [-90.406524, 37.079864], [-90.4064299999999, 37.0824230000001], [-90.4063869999999, 37.0855740000001], [-90.4063869999999, 37.0856380000001], [-90.406335, 37.089484], [-90.406328, 37.0899820000001], [-90.406614, 37.091887], [-90.406828, 37.0933180000001], [-90.406855, 37.0934990000001], [-90.4071939999999, 37.0957560000001], [-90.407325, 37.096757], [-90.407434, 37.097399], [-90.407643, 37.0975290000001], [-90.407838, 37.09765], [-90.4077979999999, 37.0984930000001], [-90.407796, 37.099517], [-90.4080979999999, 37.1011350000001], [-90.407774, 37.101386], [-90.4078259999999, 37.1016670000001], [-90.408213, 37.1037650000001], [-90.408203, 37.104023], [-90.408032, 37.1086120000001], [-90.408022, 37.108869], [-90.407968, 37.1103350000001], [-90.4079619999999, 37.110485], [-90.4078739999999, 37.1119580000001], [-90.4078719999999, 37.111997], [-90.407865, 37.1121600000001], [-90.407816, 37.113231], [-90.407642, 37.1140560000001], [-90.407643, 37.1143220000001], [-90.407643, 37.1144990000001], [-90.407719, 37.114985], [-90.407743, 37.115141], [-90.407722, 37.115858], [-90.407641, 37.1186700000001], [-90.407639, 37.11875], [-90.407473, 37.124484], [-90.407683, 37.1256290000001], [-90.407653, 37.126426], [-90.407507, 37.1303060000001], [-90.4074669999999, 37.1305300000001], [-90.407327, 37.1313030000001], [-90.4065449999999, 37.1329740000001], [-90.406306, 37.1334430000001], [-90.4062279999999, 37.1335950000001], [-90.406023, 37.133996], [-90.405257, 37.1352650000001], [-90.4028299999999, 37.139104], [-90.401939, 37.140333], [-90.4018169999999, 37.1405540000001], [-90.401375, 37.141981], [-90.4012999999999, 37.1435950000001], [-90.401308, 37.1441810000001], [-90.401197, 37.144824], [-90.4010499999999, 37.1453720000001], [-90.400879, 37.1459330000001], [-90.4000579999999, 37.14718], [-90.4002, 37.147565], [-90.3996769999999, 37.148448], [-90.399444, 37.1488420000001], [-90.399382, 37.1489470000001], [-90.399065, 37.149482], [-90.3990399999999, 37.149525], [-90.399013, 37.14957], [-90.398869, 37.149813], [-90.3985069999999, 37.150425], [-90.398464, 37.150498], [-90.398152, 37.1506160000001], [-90.397864, 37.1507250000001], [-90.397353, 37.151466], [-90.396829, 37.152694], [-90.396645, 37.153786], [-90.3965259999999, 37.1544960000001], [-90.396443, 37.154674], [-90.396224, 37.154994], [-90.395231, 37.1564450000001], [-90.3948329999999, 37.156847], [-90.3946299999999, 37.1570520000001], [-90.394426, 37.1573260000001], [-90.393964, 37.1585860000001], [-90.393895, 37.158757], [-90.393694, 37.158936], [-90.390521, 37.160918], [-90.39034, 37.161098], [-90.3901539999999, 37.161323], [-90.3901069999999, 37.161508], [-90.3896979999999, 37.1643740000001], [-90.389493, 37.1658130000001], [-90.389195, 37.1679040000001], [-90.3885999999999, 37.1720770000001], [-90.388401, 37.1734670000001], [-90.387544, 37.1794810000001], [-90.387354, 37.1808110000001], [-90.386942, 37.1833270000001], [-90.386711, 37.184742], [-90.386695, 37.1848390000001], [-90.3866869999999, 37.18489], [-90.3866429999999, 37.1851550000001], [-90.386627, 37.185254], [-90.38661, 37.1853590000001], [-90.3865749999999, 37.185573], [-90.3865269999999, 37.1858720000001], [-90.386298, 37.1872880000001], [-90.3862379999999, 37.1876560000001], [-90.386169, 37.1880860000001], [-90.385969, 37.189326], [-90.385952, 37.1894280000001], [-90.3859379999999, 37.189515], [-90.385861, 37.1896560000001], [-90.385608, 37.190031], [-90.385505, 37.190184], [-90.385389, 37.1903560000001], [-90.385274, 37.1906240000001], [-90.383761, 37.194645], [-90.383619, 37.195021], [-90.38292, 37.196878], [-90.3828789999999, 37.196988], [-90.38285, 37.1970650000001], [-90.380438, 37.2049420000001], [-90.3801119999999, 37.205405], [-90.3778589999999, 37.2083180000001], [-90.377444, 37.2087960000001], [-90.376968, 37.209345], [-90.375888, 37.210828], [-90.375029, 37.212999], [-90.3747, 37.215377], [-90.374791, 37.2166350000001], [-90.374804, 37.216821], [-90.3747759999999, 37.217119], [-90.374742, 37.217344], [-90.374584, 37.2183920000001], [-90.3721179999999, 37.224269], [-90.372089, 37.2243300000001], [-90.371156, 37.228204], [-90.371132, 37.228303], [-90.37096, 37.240647], [-90.370404, 37.243255], [-90.36411, 37.254547], [-90.362178, 37.2598810000001], [-90.359592, 37.2646340000001], [-90.358462, 37.2691800000001], [-90.358106, 37.27086], [-90.35787, 37.2718160000001], [-90.357785, 37.272141], [-90.357769, 37.2722040000001], [-90.357701, 37.2724630000001], [-90.357364, 37.2737500000001], [-90.356753, 37.2760880000001], [-90.355606, 37.28047], [-90.35554, 37.280722], [-90.35544, 37.281432], [-90.355397, 37.2817400000001], [-90.354966, 37.2834070000001], [-90.3549429999999, 37.2834980000001], [-90.3543519999999, 37.285783], [-90.354115, 37.2861820000001], [-90.352054, 37.2896510000001], [-90.3513119999999, 37.2921380000001], [-90.351215, 37.292989], [-90.351038, 37.2977470000001], [-90.350989, 37.299041], [-90.350986, 37.299132], [-90.350906, 37.301274], [-90.350695, 37.3029050000001], [-90.350686, 37.3029730000001], [-90.3506829999999, 37.3029990000001], [-90.350425, 37.304987], [-90.3499619999999, 37.306725], [-90.34973, 37.307598], [-90.348686, 37.310124], [-90.3483889999999, 37.3106080000001], [-90.3476199999999, 37.31186], [-90.3462239999999, 37.3144090000001], [-90.3461369999999, 37.3145670000001], [-90.346129, 37.3145930000001], [-90.34506, 37.318227], [-90.344123, 37.3214130000001], [-90.343948, 37.3219360000001], [-90.342823, 37.325207], [-90.3413839999999, 37.329227], [-90.3408019999999, 37.330389], [-90.340412, 37.331705], [-90.338589, 37.344561], [-90.336914, 37.3511570000001], [-90.336689, 37.351748], [-90.33228, 37.356744], [-90.331408, 37.357671], [-90.330323, 37.358705], [-90.330224, 37.3588], [-90.330066, 37.3590160000001], [-90.330033, 37.35906], [-90.3298119999999, 37.359362], [-90.325677, 37.363743], [-90.324696, 37.364596], [-90.324446, 37.364814], [-90.323696, 37.3656970000001], [-90.3233999999999, 37.3663300000001], [-90.322455, 37.368524], [-90.321629, 37.37044], [-90.32067, 37.3721320000001], [-90.3203359999999, 37.373367], [-90.320002, 37.374598], [-90.3123219999999, 37.4053860000001], [-90.3117329999999, 37.4082490000001], [-90.3113949999999, 37.409638], [-90.311236, 37.4103620000001], [-90.31119, 37.4107780000001], [-90.311201, 37.4109580000001], [-90.3112199999999, 37.4112680000001], [-90.311228, 37.411395], [-90.311236, 37.4115210000001], [-90.311381, 37.4129990000001], [-90.311405, 37.41339], [-90.3114339999999, 37.4136300000001], [-90.311497, 37.4138080000001], [-90.3116149999999, 37.41414], [-90.311684, 37.414336], [-90.311749, 37.414519], [-90.3122089999999, 37.4158140000001], [-90.312236, 37.415942], [-90.3122699999999, 37.416068], [-90.312202, 37.4162470000001], [-90.310393, 37.419632], [-90.310375, 37.419674]], [[-90.451153, 36.8832310000001], [-90.4510329999999, 36.883334], [-90.451018, 36.883447], [-90.451013, 36.8834810000001], [-90.4509889999999, 36.883657], [-90.4509649999999, 36.883833], [-90.4507839999999, 36.8851510000001], [-90.450698, 36.8857780000001], [-90.450527, 36.8870240000001], [-90.4505149999999, 36.8871150000001], [-90.450502, 36.8872060000001], [-90.450316, 36.888565], [-90.450569, 36.890606], [-90.450822, 36.8935260000001], [-90.4507379999999, 36.895515], [-90.450728, 36.897299], [-90.450643, 36.901126], [-90.450352, 36.902503], [-90.450206, 36.903192], [-90.449697, 36.905603], [-90.4491, 36.9084250000001], [-90.4490299999999, 36.909135], [-90.448997, 36.9094420000001], [-90.4490509999999, 36.90968], [-90.449121, 36.9101870000001], [-90.449032, 36.910872], [-90.449017, 36.9109920000001], [-90.448883, 36.91175], [-90.4484859999999, 36.913352], [-90.448401, 36.913661], [-90.447596, 36.9161120000001], [-90.4473619999999, 36.9170260000001], [-90.44616, 36.9225930000001], [-90.445821, 36.924407], [-90.445747, 36.9251360000001], [-90.445709, 36.9254980000001], [-90.4456739999999, 36.925815], [-90.4456949999999, 36.926249], [-90.4457609999999, 36.926589], [-90.4459179999999, 36.927169], [-90.446157, 36.9312330000001], [-90.446173, 36.932222], [-90.445142, 36.936138], [-90.44494, 36.936897], [-90.444674, 36.9379250000001], [-90.444314, 36.938901], [-90.444057, 36.9396560000001], [-90.4439399999999, 36.9399970000001], [-90.443799, 36.940484], [-90.442133, 36.9459650000001], [-90.442008, 36.9462730000001], [-90.442015, 36.9466130000001], [-90.441925, 36.9477370000001], [-90.441759, 36.9484190000001], [-90.441571, 36.949151], [-90.441446, 36.9498330000001], [-90.441072, 36.9506640000001], [-90.440551, 36.9517290000001], [-90.440436, 36.952162], [-90.4403289999999, 36.952501], [-90.43897, 36.9587980000001], [-90.438075, 36.962008], [-90.4376999999999, 36.963082], [-90.437159, 36.964204], [-90.4368229999999, 36.9648920000001], [-90.436493, 36.965468], [-90.4362639999999, 36.966034], [-90.436139, 36.9665160000001], [-90.4360559999999, 36.9670150000001], [-90.4357229999999, 36.9697100000001], [-90.4337869999999, 36.973037], [-90.433684, 36.973439], [-90.4334919999999, 36.9747160000001], [-90.433483, 36.9747400000001], [-90.43324, 36.975399], [-90.433048, 36.976279], [-90.4328799999999, 36.977045], [-90.432876, 36.977244], [-90.432876, 36.977249], [-90.433038, 36.977363], [-90.433242, 36.9775050000001], [-90.433236, 36.977716], [-90.433206, 36.9788810000001], [-90.433145, 36.9812190000001], [-90.4331099999999, 36.9825470000001], [-90.4330879999999, 36.983371], [-90.433006, 36.983859], [-90.432872, 36.98465], [-90.43289, 36.984809], [-90.43292, 36.985071], [-90.432969, 36.985506], [-90.43325, 36.9869210000001], [-90.433979, 36.988793], [-90.434019, 36.989039], [-90.434079, 36.989825], [-90.434075, 36.990211], [-90.434065, 36.990548], [-90.434005, 36.992604], [-90.433892, 36.9974470000001], [-90.433866, 36.9981450000001], [-90.433857, 36.9985050000001], [-90.4338479999999, 36.998839], [-90.433844, 36.9988760000001], [-90.433756, 36.9997920000001], [-90.4337409999999, 36.999781], [-90.433514, 37.0008500000001], [-90.433462, 37.001352], [-90.4334659999999, 37.0017760000001], [-90.433754, 37.0030140000001], [-90.433757, 37.003433], [-90.434137, 37.004177], [-90.43451, 37.0047950000001], [-90.4353619999999, 37.005997], [-90.4359019999999, 37.006714], [-90.4374079999999, 37.0084200000001], [-90.437584, 37.0088240000001], [-90.438384, 37.0107300000001], [-90.438634, 37.0113400000001], [-90.438793, 37.0117280000001], [-90.4389209999999, 37.012182], [-90.4389869999999, 37.012524], [-90.4390299999999, 37.01275], [-90.4390529999999, 37.01417], [-90.438949, 37.0149690000001], [-90.43897, 37.0154840000001], [-90.438845, 37.0158000000001], [-90.4384659999999, 37.0164810000001], [-90.437313, 37.020362], [-90.436791, 37.0220860000001], [-90.4364889999999, 37.023084], [-90.435999, 37.0247010000001], [-90.435797, 37.0253690000001], [-90.4357829999999, 37.0254140000001], [-90.435575, 37.026015], [-90.435054, 37.027524], [-90.4348869999999, 37.0279820000001], [-90.432247, 37.033398], [-90.4313079999999, 37.035113], [-90.4309259999999, 37.0357740000001], [-90.43049, 37.036409], [-90.429966, 37.036529], [-90.428997, 37.0376590000001], [-90.4287599999999, 37.037937], [-90.42846, 37.0381990000001], [-90.428168, 37.0384250000001], [-90.427723, 37.038796], [-90.427384, 37.0389420000001], [-90.426877, 37.0391030000001], [-90.42644, 37.0392160000001], [-90.4255699999999, 37.0393960000001], [-90.425197, 37.039557], [-90.423188, 37.0411490000001], [-90.422973, 37.041319]], [[-90.467868, 36.7888800000001], [-90.4678729999999, 36.7904510000001], [-90.4678749999999, 36.7912850000001], [-90.4679149999999, 36.794208], [-90.4679379999999, 36.7959050000001], [-90.467962, 36.7976380000001], [-90.46797, 36.7985600000001], [-90.4678739999999, 36.799429], [-90.4678719999999, 36.7994680000001], [-90.467793, 36.8008320000001], [-90.467596, 36.804223], [-90.467572, 36.804625], [-90.46754, 36.8051820000001], [-90.4675359999999, 36.805261], [-90.4675339999999, 36.8052870000001], [-90.467546, 36.8063680000001], [-90.467575, 36.80656], [-90.4678049999999, 36.808062], [-90.467866, 36.8084650000001], [-90.4678719999999, 36.808502], [-90.4679169999999, 36.8086210000001], [-90.46791, 36.809089], [-90.467905, 36.8093970000001], [-90.4679, 36.8097490000001], [-90.4678509999999, 36.809875], [-90.46785, 36.8098880000001], [-90.4678049999999, 36.8105380000001], [-90.4678039999999, 36.810551], [-90.467764, 36.8113500000001], [-90.467675, 36.8131300000001], [-90.467416, 36.8167260000001], [-90.467503, 36.8215720000001], [-90.467517, 36.8253550000001], [-90.46752, 36.8262030000001], [-90.467526, 36.827797], [-90.4675299999999, 36.8288000000001], [-90.46754, 36.8316530000001], [-90.467548, 36.8325570000001], [-90.467562, 36.8340000000001], [-90.467571, 36.8350350000001], [-90.467538, 36.8358680000001], [-90.467517, 36.8363840000001], [-90.4674199999999, 36.838799], [-90.4673759999999, 36.839117], [-90.467213, 36.840286], [-90.4667489999999, 36.843627], [-90.466673, 36.8444680000001], [-90.466526, 36.846098], [-90.466464, 36.8467860000001], [-90.465715, 36.850309], [-90.4651059999999, 36.853462], [-90.464914, 36.8544580000001], [-90.4649229999999, 36.858121], [-90.4649239999999, 36.858665], [-90.464846, 36.863923], [-90.464736, 36.865638], [-90.464643, 36.867083], [-90.464399, 36.8672030000001], [-90.4643119999999, 36.867245], [-90.464124, 36.8673370000001], [-90.4639769999999, 36.8675190000001], [-90.4638669999999, 36.8677200000001], [-90.46372, 36.867987], [-90.463673, 36.868073], [-90.463621, 36.868167], [-90.4633489999999, 36.868663], [-90.463041, 36.869224], [-90.461506, 36.8720220000001], [-90.4612779999999, 36.8723600000001], [-90.460532, 36.8734680000001], [-90.460505, 36.8735080000001], [-90.459579, 36.8748820000001], [-90.459326, 36.875258], [-90.4592479999999, 36.8753740000001], [-90.457645, 36.8773210000001], [-90.457184, 36.8778810000001], [-90.45712, 36.877933], [-90.457056, 36.877984]]]}, "properties": {"FID": 13248, "TYPEPIPE": "Interstate", "Operator": "Mississippi River Trans Corp", "Status": "Operating", "Shape_Leng": 0.66096431742, "Shape__Length": 90294.83788107976}}, {"type": "Feature", "id": 13269, "geometry": {"type": "LineString", "coordinates": [[-90.422973, 37.041319], [-90.423035, 37.0413520000001], [-90.418209, 37.047965], [-90.41812, 37.047923]]}, "properties": {"FID": 13269, "TYPEPIPE": "Interstate", "Operator": "Mississippi River Trans Corp", "Status": "Operating", "Shape_Leng": 0.00835534699015, "Shape__Length": 1087.169974316228}}, {"type": "Feature", "id": 13272, "geometry": {"type": "LineString", "coordinates": [[-90.422991, 37.0413280000001], [-90.418153, 37.047936]]}, "properties": {"FID": 13272, "TYPEPIPE": "Interstate", "Operator": "Mississippi River Trans Corp", "Status": "Operating", "Shape_Leng": 0.00818974407413, "Shape__Length": 1067.4353138061663}}, {"type": "Feature", "id": 13275, "geometry": {"type": "LineString", "coordinates": [[-90.422945, 37.0413060000001], [-90.4180929999999, 37.0479050000001]]}, "properties": {"FID": 13275, "TYPEPIPE": "Interstate", "Operator": "Mississippi River Trans Corp", "Status": "Operating", "Shape_Leng": 0.00819076949988, "Shape__Length": 1067.1394398912641}}, {"type": "Feature", "id": 13278, "geometry": {"type": "LineString", "coordinates": [[-90.422973, 37.041319], [-90.4229119999999, 37.0412860000001], [-90.418043, 37.0478870000001], [-90.41812, 37.047923]]}, "properties": {"FID": 13278, "TYPEPIPE": "Interstate", "Operator": "Mississippi River Trans Corp", "Status": "Operating", "Shape_Leng": 0.00835681489188, "Shape__Length": 1086.4758100876431}}, {"type": "Feature", "id": 13281, "geometry": {"type": "LineString", "coordinates": [[-90.097318, 37.980149], [-90.095433, 37.9852680000001], [-90.094487, 37.9908380000001], [-90.094012, 37.992356], [-90.0924879999999, 37.9947500000001], [-90.092168, 37.995755], [-90.092118, 37.9964870000001], [-90.0919279999999, 37.998383], [-90.0910909999999, 38.003043], [-90.091172, 38.0034810000001], [-90.092025, 38.006581], [-90.092133, 38.006805], [-90.09209, 38.0068170000001], [-90.0921969999999, 38.0070390000001], [-90.0921539999999, 38.007051], [-90.092159, 38.0070690000001], [-90.092584, 38.008613], [-90.093294, 38.010435], [-90.093747, 38.011987], [-90.094045, 38.0141550000001], [-90.09408, 38.014999], [-90.094075, 38.015449], [-90.0940629999999, 38.0157570000001], [-90.0939989999999, 38.0160010000001]]}, "properties": {"FID": 13281, "TYPEPIPE": "Interstate", "Operator": "Mississippi River Trans Corp", "Status": "Operating", "Shape_Leng": 0.0374427767672, "Shape__Length": 5207.253258917468}}, {"type": "Feature", "id": 13284, "geometry": {"type": "LineString", "coordinates": [[-90.0939989999999, 38.0160010000001], [-90.0940229999999, 38.0160050000001], [-90.0938609999999, 38.016623], [-90.0941109999999, 38.017954]]}, "properties": {"FID": 13284, "TYPEPIPE": "Interstate", "Operator": "Mississippi River Trans Corp", "Status": "Operating", "Shape_Leng": 0.00201748640339, "Shape__Length": 282.0135547427121}}, {"type": "Feature", "id": 13287, "geometry": {"type": "LineString", "coordinates": [[-90.094009, 38.0160030000001], [-90.093847, 38.016621], [-90.093914, 38.0178480000001]]}, "properties": {"FID": 13287, "TYPEPIPE": "Interstate", "Operator": "Mississippi River Trans Corp", "Status": "Operating", "Shape_Leng": 0.00186770816729, "Shape__Length": 262.69987557160135}}, {"type": "Feature", "id": 13290, "geometry": {"type": "LineString", "coordinates": [[-90.093989, 38.0159990000001], [-90.093827, 38.016618], [-90.093722, 38.0177440000001]]}, "properties": {"FID": 13290, "TYPEPIPE": "Interstate", "Operator": "Mississippi River Trans Corp", "Status": "Operating", "Shape_Leng": 0.00177073268971, "Shape__Length": 248.83529066963592}}, {"type": "Feature", "id": 13293, "geometry": {"type": "LineString", "coordinates": [[-90.0939989999999, 38.0160010000001], [-90.093975, 38.015997], [-90.093813, 38.016616], [-90.0935699999999, 38.017663]]}, "properties": {"FID": 13293, "TYPEPIPE": "Interstate", "Operator": "Mississippi River Trans Corp", "Status": "Operating", "Shape_Leng": 0.00173900797701, "Shape__Length": 242.42730694573484}}, {"type": "Feature", "id": 13296, "geometry": {"type": "LineString", "coordinates": [[-90.3099999999999, 37.4200000000001], [-90.3099319999999, 37.4201190000001], [-90.309806, 37.4203880000001], [-90.309848, 37.420401], [-90.309739, 37.4206100000001], [-90.309782, 37.420623], [-90.309745, 37.4207480000001], [-90.309541, 37.421704], [-90.308576, 37.42594], [-90.305437, 37.435665], [-90.305226, 37.435976], [-90.305062, 37.4365270000001], [-90.3047539999999, 37.4371320000001], [-90.304546, 37.4375940000001], [-90.3041049999999, 37.438615], [-90.3035869999999, 37.4397030000001], [-90.303234, 37.44048], [-90.303081, 37.440906], [-90.302721, 37.441516], [-90.302383, 37.4420860000001], [-90.302171, 37.4428730000001], [-90.3019889999999, 37.443474], [-90.301472, 37.4450440000001], [-90.30105, 37.4461870000001], [-90.3005679999999, 37.447523], [-90.299878, 37.449637], [-90.299591, 37.4501940000001], [-90.2993519999999, 37.4507630000001], [-90.29722, 37.455294], [-90.29709, 37.455521], [-90.2964909999999, 37.4561580000001], [-90.2962869999999, 37.4576770000001], [-90.296426, 37.46031], [-90.296451, 37.460738], [-90.296587, 37.461486], [-90.296414, 37.462431], [-90.296682, 37.464234], [-90.296947, 37.466555], [-90.29696, 37.470308], [-90.29697, 37.4706570000001], [-90.297025, 37.4711060000001], [-90.297038, 37.472084], [-90.297051, 37.472494], [-90.297186, 37.472806], [-90.2974809999999, 37.473485], [-90.29754, 37.473864], [-90.297906, 37.474902], [-90.298239, 37.475797], [-90.298438, 37.47634], [-90.29868, 37.4804760000001], [-90.299048, 37.488213], [-90.297542, 37.495145], [-90.297086, 37.496315], [-90.297043, 37.4965940000001], [-90.2970349999999, 37.497546], [-90.297198, 37.4982590000001], [-90.297452, 37.498882], [-90.298358, 37.5006030000001], [-90.298473, 37.500955], [-90.29896, 37.5081720000001], [-90.2993949999999, 37.509535], [-90.300059, 37.512553], [-90.300083, 37.5127630000001], [-90.3000669999999, 37.512905], [-90.300026, 37.5130490000001], [-90.2997819999999, 37.51343], [-90.299876, 37.51383], [-90.300685, 37.516173], [-90.301047, 37.517076], [-90.3012009999999, 37.517613], [-90.301808, 37.5226920000001], [-90.3019159999999, 37.523605], [-90.302088, 37.5252120000001], [-90.302398, 37.5278250000001], [-90.3026869999999, 37.530176], [-90.3027459999999, 37.530742], [-90.303216, 37.5349570000001], [-90.303264, 37.5355740000001], [-90.3032919999999, 37.5357720000001], [-90.304038, 37.5371180000001], [-90.30411, 37.537316], [-90.304226, 37.5378610000001], [-90.3042849999999, 37.5387420000001], [-90.304309, 37.543147], [-90.3046179999999, 37.549747], [-90.3045989999999, 37.550532], [-90.3046219999999, 37.551199], [-90.304695, 37.551636], [-90.304792, 37.5518520000001], [-90.304903, 37.5520970000001], [-90.307705, 37.557331], [-90.3081789999999, 37.5582930000001], [-90.3083569999999, 37.558763], [-90.308475, 37.559021], [-90.308682, 37.5597960000001], [-90.3086929999999, 37.560125], [-90.308658, 37.5603350000001], [-90.308549, 37.560597], [-90.304921, 37.5651480000001], [-90.304549, 37.565292], [-90.3042979999999, 37.5661850000001], [-90.303964, 37.567595], [-90.303559, 37.5691390000001], [-90.302616, 37.5714850000001], [-90.30193, 37.5741120000001], [-90.302081, 37.574613], [-90.302218, 37.575076], [-90.3025909999999, 37.5753530000001], [-90.302579, 37.575697], [-90.3027, 37.5780310000001], [-90.3009969999999, 37.5827790000001], [-90.3009739999999, 37.5831380000001], [-90.301702, 37.586617], [-90.3021449999999, 37.588187], [-90.3023259999999, 37.5888860000001], [-90.30315, 37.592067], [-90.3034049999999, 37.5931200000001], [-90.304028, 37.5959130000001], [-90.3040149999999, 37.5962220000001], [-90.3036099999999, 37.5991960000001], [-90.303466, 37.599795], [-90.302739, 37.6021400000001], [-90.302574, 37.6027530000001], [-90.3025459999999, 37.603218], [-90.302564, 37.6038990000001], [-90.302784, 37.606638], [-90.3028669999999, 37.60864], [-90.302907, 37.6090960000001], [-90.3030449999999, 37.6097270000001], [-90.303027, 37.610236], [-90.302992, 37.610706], [-90.3032259999999, 37.612016], [-90.3031339999999, 37.612691], [-90.3002949999999, 37.6295950000001], [-90.299055, 37.6322860000001], [-90.2989679999999, 37.6325630000001], [-90.298772, 37.6327360000001], [-90.298437, 37.6329920000001], [-90.2984719999999, 37.636156], [-90.2984239999999, 37.6366100000001], [-90.29846, 37.6393620000001], [-90.298462, 37.639801], [-90.29859, 37.64032], [-90.298746, 37.640953], [-90.299133, 37.6423640000001], [-90.29986, 37.6445860000001], [-90.2887689999999, 37.656523], [-90.288122, 37.6568720000001], [-90.287879, 37.6571290000001], [-90.2871289999999, 37.6583400000001], [-90.2863839999999, 37.660044], [-90.286259, 37.6602560000001], [-90.2860229999999, 37.660491], [-90.2818589999999, 37.6635410000001], [-90.2751959999999, 37.6715], [-90.273386, 37.6736970000001], [-90.272615, 37.674673], [-90.271698, 37.675938], [-90.2699039999999, 37.6778410000001], [-90.2641849999999, 37.681764], [-90.2636159999999, 37.682491], [-90.260217, 37.6871790000001], [-90.2555369999999, 37.694218], [-90.253046, 37.6979380000001], [-90.250105, 37.702527], [-90.2485779999999, 37.7044510000001], [-90.245253, 37.7083900000001], [-90.244614, 37.7089730000001], [-90.242493, 37.710022], [-90.24119, 37.711039], [-90.240167, 37.711687], [-90.2361099999999, 37.714544], [-90.234926, 37.715249], [-90.2330909999999, 37.716371], [-90.2328229999999, 37.7167880000001], [-90.2325489999999, 37.717456], [-90.232412, 37.717771], [-90.231983, 37.718439], [-90.230733, 37.7198770000001], [-90.2278249999999, 37.7232460000001], [-90.2272809999999, 37.7239670000001], [-90.22693, 37.7247350000001], [-90.226664, 37.7269870000001], [-90.227324, 37.7316260000001], [-90.226848, 37.7344170000001], [-90.2266959999999, 37.7350440000001], [-90.226211, 37.735621], [-90.2255969999999, 37.7362610000001], [-90.225389, 37.736504], [-90.2248669999999, 37.737197], [-90.223717, 37.738417], [-90.2140889999999, 37.747484], [-90.199825, 37.7634400000001], [-90.195388, 37.769194], [-90.187013, 37.780537], [-90.183575, 37.784563], [-90.183392, 37.784878], [-90.1827519999999, 37.786365], [-90.1824589999999, 37.788034], [-90.182918, 37.791056], [-90.1828859999999, 37.7913510000001], [-90.1827709999999, 37.7916290000001], [-90.1797119999999, 37.79627], [-90.1789249999999, 37.797042], [-90.178622, 37.797177], [-90.1759679999999, 37.7979250000001], [-90.175642, 37.798101], [-90.175022, 37.7987670000001], [-90.16875, 37.8105820000001], [-90.167435, 37.8146120000001], [-90.1674199999999, 37.816288], [-90.166857, 37.8180590000001], [-90.166345, 37.8190880000001], [-90.165273, 37.82057], [-90.163403, 37.8230960000001], [-90.1611, 37.8255730000001], [-90.154196, 37.832815], [-90.152162, 37.835423], [-90.149565, 37.838553], [-90.14676, 37.841796], [-90.145945, 37.842837], [-90.1431929999999, 37.845304], [-90.135826, 37.851259], [-90.132511, 37.8537380000001], [-90.127728, 37.857736], [-90.1232429999999, 37.861612], [-90.122379, 37.8626330000001], [-90.121965, 37.8633620000001], [-90.120827, 37.86623], [-90.120622, 37.8670050000001], [-90.120494, 37.8673230000001], [-90.120351, 37.8681760000001], [-90.119863, 37.874154], [-90.121078, 37.8816570000001], [-90.121092, 37.881969], [-90.121829, 37.883895], [-90.1229059999999, 37.888404], [-90.122944, 37.8893640000001], [-90.122947, 37.8906400000001], [-90.122518, 37.892018], [-90.121547, 37.8942940000001], [-90.115624, 37.9078870000001], [-90.113475, 37.9137190000001], [-90.1132849999999, 37.914312], [-90.1129749999999, 37.9150960000001], [-90.11272, 37.91565], [-90.1092189999999, 37.925011], [-90.108729, 37.927359], [-90.108571, 37.927393], [-90.108322, 37.928591], [-90.108407, 37.928731], [-90.1068749999999, 37.934695], [-90.102467, 37.9465250000001], [-90.1024209999999, 37.9468230000001], [-90.102539, 37.950997], [-90.102249, 37.9532970000001], [-90.100155, 37.9610300000001], [-90.100064, 37.962114], [-90.099068, 37.974028], [-90.0977749999999, 37.978837], [-90.097318, 37.980149]]}, "properties": {"FID": 13296, "TYPEPIPE": "Interstate", "Operator": "Mississippi River Trans Corp", "Status": "Operating", "Shape_Leng": 0.645608091931, "Shape__Length": 86769.00212991731}}, {"type": "Feature", "id": 13302, "geometry": {"type": "LineString", "coordinates": [[-90.4680299999999, 36.7885900000001], [-90.468031, 36.788601], [-90.468041, 36.7887010000001], [-90.468045, 36.7887390000001], [-90.4680969999999, 36.7915760000001], [-90.4680729999999, 36.79193], [-90.468132, 36.7955740000001], [-90.468081, 36.7991440000001], [-90.4680749999999, 36.7995540000001], [-90.468062, 36.8005010000001], [-90.4680739999999, 36.800841], [-90.4680999999999, 36.801565], [-90.4678739999999, 36.8029760000001], [-90.467857, 36.804349], [-90.4678049999999, 36.8053790000001], [-90.467959, 36.8075910000001], [-90.468034, 36.80839], [-90.4680499999999, 36.808563], [-90.468087, 36.8089580000001], [-90.468103, 36.809131], [-90.4680279999999, 36.8107630000001], [-90.467977, 36.812686], [-90.467788, 36.81546], [-90.467687, 36.816945], [-90.467659, 36.818583], [-90.467664, 36.820112], [-90.467686, 36.8208950000001], [-90.467711, 36.8215480000001], [-90.467703, 36.824913], [-90.4677, 36.82577], [-90.4677, 36.8258930000001], [-90.4677, 36.8259880000001], [-90.467699, 36.826328], [-90.467724, 36.828361], [-90.467724, 36.828378], [-90.4677139999999, 36.831039], [-90.467727, 36.832568], [-90.467728, 36.8326660000001], [-90.467729, 36.832786], [-90.4677389999999, 36.8340190000001], [-90.4677399999999, 36.834069], [-90.467741, 36.834162], [-90.467749, 36.835157], [-90.467729, 36.835744], [-90.467674, 36.8373740000001], [-90.4675299999999, 36.839231], [-90.467485, 36.8396100000001], [-90.4673309999999, 36.8409070000001], [-90.467137, 36.84236], [-90.466887, 36.8442880000001], [-90.466696, 36.847204], [-90.4663639999999, 36.8488110000001], [-90.465701, 36.8513780000001], [-90.465357, 36.8533590000001], [-90.465164, 36.854468], [-90.4651479999999, 36.8553860000001], [-90.465131, 36.8563100000001], [-90.465075, 36.8594800000001], [-90.465072, 36.8603150000001], [-90.465072, 36.86042], [-90.465072, 36.860438], [-90.46507, 36.860893], [-90.465063, 36.8627740000001], [-90.465027, 36.8629340000001], [-90.465006, 36.863103], [-90.465051, 36.8632430000001], [-90.4650359999999, 36.863936], [-90.4649019999999, 36.865726], [-90.464845, 36.866492], [-90.464798, 36.8671160000001], [-90.4643129999999, 36.8674110000001], [-90.4642499999999, 36.8674490000001], [-90.464235, 36.8674580000001], [-90.464162, 36.8675660000001], [-90.463872, 36.8681090000001], [-90.463803, 36.8682370000001], [-90.463083, 36.869538], [-90.461844, 36.8717790000001], [-90.4612559999999, 36.872739], [-90.4604649999999, 36.8740290000001], [-90.459302, 36.875589], [-90.45889, 36.876111], [-90.458299, 36.876766], [-90.4575139999999, 36.877706], [-90.457435, 36.8778], [-90.457345, 36.877889], [-90.45705, 36.877893], [-90.4569469999999, 36.8779010000001], [-90.456666, 36.878138], [-90.456439, 36.87834], [-90.456409, 36.878367], [-90.4548119999999, 36.8798100000001], [-90.450879, 36.883361], [-90.450838, 36.8834870000001], [-90.450858, 36.8836850000001], [-90.450824, 36.884287], [-90.450765, 36.884643], [-90.450752, 36.8847250000001], [-90.450728, 36.884869], [-90.450507, 36.8862090000001], [-90.450505, 36.8867000000001], [-90.450407, 36.8872750000001], [-90.4502869999999, 36.8876690000001], [-90.4501509999999, 36.888386], [-90.4503329999999, 36.8903480000001], [-90.4505, 36.8921510000001], [-90.450631, 36.8935700000001], [-90.450575, 36.8954390000001], [-90.4505149999999, 36.897402], [-90.450442, 36.899837], [-90.450412, 36.9010870000001], [-90.450113, 36.902516], [-90.449731, 36.904342], [-90.4488949999999, 36.9083380000001], [-90.4487599999999, 36.909166], [-90.4487359999999, 36.909793], [-90.4487729999999, 36.9099130000001], [-90.448852, 36.9104340000001], [-90.4488479999999, 36.910562], [-90.4488029999999, 36.9112210000001], [-90.448746, 36.9114460000001], [-90.448521, 36.912339], [-90.4479909999999, 36.914435], [-90.4470199999999, 36.917559], [-90.446887, 36.9181840000001], [-90.4463919999999, 36.9204480000001], [-90.44571, 36.923568], [-90.4455149999999, 36.9244590000001], [-90.4454249999999, 36.9249610000001], [-90.4453819999999, 36.9256360000001], [-90.4453829999999, 36.9256820000001], [-90.445395, 36.9265340000001], [-90.445396, 36.926606], [-90.44553, 36.9273260000001], [-90.4455799999999, 36.9275940000001], [-90.445665, 36.9292130000001], [-90.4457819999999, 36.9314590000001], [-90.445758, 36.9322730000001], [-90.4454169999999, 36.9336910000001], [-90.444633, 36.936947], [-90.444405, 36.937895], [-90.444044, 36.939129], [-90.444039, 36.939149], [-90.4439839999999, 36.939334], [-90.4439769999999, 36.9393610000001], [-90.443971, 36.939381], [-90.44388, 36.939693], [-90.443858, 36.9397660000001], [-90.443833, 36.939851], [-90.443808, 36.939937], [-90.443745, 36.9401540000001], [-90.4436719999999, 36.940446], [-90.443589, 36.9407780000001], [-90.443585, 36.940795], [-90.443421, 36.9412840000001], [-90.442826, 36.9431340000001], [-90.4419819999999, 36.9457610000001], [-90.441856, 36.946154], [-90.441797, 36.946351], [-90.4417559999999, 36.947461], [-90.441684, 36.947839], [-90.441674, 36.947883], [-90.4412799999999, 36.9496090000001], [-90.44113, 36.9500140000001], [-90.440448, 36.951449], [-90.4401089999999, 36.9523320000001], [-90.439555, 36.9550760000001], [-90.439173, 36.9569710000001], [-90.438882, 36.9584110000001], [-90.438663, 36.9592040000001], [-90.438453, 36.9599620000001], [-90.4379949999999, 36.961616], [-90.437866, 36.962084], [-90.4377899999999, 36.962357], [-90.436977, 36.964167], [-90.436754, 36.964592], [-90.436513, 36.96506], [-90.436436, 36.9652110000001], [-90.4363499999999, 36.965379], [-90.436104, 36.965858], [-90.43593, 36.9663330000001], [-90.4358359999999, 36.9669520000001], [-90.4355399999999, 36.9695], [-90.4355189999999, 36.969679], [-90.433584, 36.973126], [-90.433495, 36.9735220000001], [-90.433429, 36.9738140000001], [-90.432668, 36.977201], [-90.432656, 36.9772530000001], [-90.432694, 36.978024], [-90.432813, 36.9804520000001], [-90.432789, 36.98105], [-90.432787, 36.9811], [-90.432743, 36.982216], [-90.432722, 36.982755], [-90.432722, 36.982766], [-90.4327049999999, 36.9831970000001], [-90.432628, 36.983967], [-90.432605, 36.9845490000001], [-90.432598, 36.9847340000001], [-90.432628, 36.985217], [-90.432649, 36.9855590000001], [-90.4329549999999, 36.9870070000001], [-90.4330179999999, 36.9873020000001], [-90.433306, 36.988213], [-90.4333329999999, 36.9883], [-90.4336479999999, 36.9892970000001], [-90.43377, 36.990467], [-90.433729, 36.991902], [-90.433543, 36.998426], [-90.4335389999999, 36.998589], [-90.433529, 36.998924], [-90.433529, 36.998929], [-90.4334499999999, 36.9998630000001], [-90.433352, 37.00019], [-90.4333379999999, 37.0002390000001], [-90.4332649999999, 37.000481], [-90.43326, 37.000498], [-90.43316, 37.000834], [-90.4331069999999, 37.001115], [-90.4330849999999, 37.001312], [-90.433101, 37.0015010000001], [-90.433197, 37.0022880000001], [-90.433294, 37.0030780000001], [-90.433373, 37.003341], [-90.433503, 37.00372], [-90.433687, 37.0041120000001], [-90.433927, 37.0044970000001], [-90.43411, 37.0047910000001], [-90.4353149999999, 37.0064800000001], [-90.435397, 37.0065690000001], [-90.4356089999999, 37.0067980000001], [-90.437146, 37.008702], [-90.437331, 37.0090420000001], [-90.4384459999999, 37.0120850000001], [-90.438461, 37.0121270000001], [-90.438549, 37.0124890000001], [-90.438652, 37.0139770000001], [-90.438682, 37.014233], [-90.4386049999999, 37.014759], [-90.4383309999999, 37.015882], [-90.437629, 37.018068], [-90.436365, 37.022], [-90.4358359999999, 37.023645], [-90.435433, 37.024901], [-90.4350939999999, 37.025873], [-90.4345979999999, 37.027294], [-90.434462, 37.0275730000001], [-90.431677, 37.033289], [-90.431618, 37.0334090000001], [-90.431574, 37.0334990000001], [-90.43153, 37.0335900000001], [-90.4308799999999, 37.0349180000001], [-90.430652, 37.0353840000001], [-90.429772, 37.0364650000001], [-90.428663, 37.0377500000001], [-90.4284719999999, 37.037945], [-90.428221, 37.0381640000001], [-90.42805, 37.038299], [-90.427734, 37.03861], [-90.427725, 37.038615], [-90.427711, 37.038624], [-90.427608, 37.038686], [-90.427491, 37.038758], [-90.427444, 37.0387860000001], [-90.426833, 37.039007], [-90.4256, 37.03929], [-90.4253879999999, 37.0393490000001], [-90.425082, 37.0395300000001], [-90.424193, 37.0401680000001], [-90.42395, 37.0403430000001], [-90.423793, 37.0404560000001], [-90.4229549999999, 37.0410850000001], [-90.422726, 37.04128], [-90.422631, 37.0413510000001], [-90.422184, 37.041683], [-90.4221709999999, 37.0416920000001], [-90.421868, 37.0419180000001], [-90.421027, 37.0425430000001], [-90.419833, 37.043304], [-90.419428, 37.043641], [-90.41777, 37.0450230000001], [-90.417611, 37.0451550000001], [-90.417469, 37.0452740000001], [-90.417454, 37.045286], [-90.417244, 37.045461], [-90.417157, 37.0456070000001], [-90.4171049999999, 37.0457190000001], [-90.4167219999999, 37.046933], [-90.416705, 37.046987], [-90.416568, 37.047847], [-90.416463, 37.0485120000001], [-90.4163359999999, 37.049308], [-90.415946, 37.051764], [-90.415768, 37.0520710000001], [-90.415566, 37.0523390000001], [-90.414675, 37.053144], [-90.4146229999999, 37.053192], [-90.414573, 37.053237], [-90.4115889999999, 37.055935], [-90.411275, 37.0563260000001], [-90.410827, 37.0569550000001], [-90.40984, 37.0585370000001], [-90.409836, 37.058546], [-90.409782, 37.0586700000001], [-90.409714, 37.0588280000001], [-90.4093819999999, 37.0597740000001], [-90.4089769999999, 37.060928], [-90.408206, 37.0631230000001], [-90.408136, 37.063407], [-90.408105, 37.0635310000001], [-90.4080759999999, 37.063653], [-90.407369, 37.0665220000001], [-90.407364, 37.066543], [-90.407335, 37.0666610000001], [-90.4073059999999, 37.0667800000001], [-90.407292, 37.0668360000001], [-90.407003, 37.067474], [-90.4068569999999, 37.067798], [-90.406237, 37.0704720000001], [-90.406177, 37.0707320000001], [-90.406168, 37.0739360000001], [-90.406166, 37.074596], [-90.406156, 37.078175], [-90.406143, 37.082407], [-90.406143, 37.08252], [-90.4061, 37.0856580000001], [-90.4061, 37.0857110000001], [-90.4060899999999, 37.0864260000001], [-90.4060499999999, 37.089366], [-90.40606, 37.089481], [-90.4061139999999, 37.0901180000001], [-90.406148, 37.0905250000001], [-90.4063419999999, 37.092027], [-90.406551, 37.093643], [-90.406666, 37.094527], [-90.406806, 37.0956110000001], [-90.407183, 37.0973730000001], [-90.4073969999999, 37.099107], [-90.407409, 37.099204], [-90.4074689999999, 37.099994], [-90.407612, 37.1005970000001], [-90.407613, 37.101366], [-90.407652, 37.1015840000001], [-90.4076669999999, 37.101663], [-90.407698, 37.101838], [-90.407795, 37.1023730000001], [-90.408016, 37.103594], [-90.408001, 37.1040330000001], [-90.407924, 37.1062250000001], [-90.407816, 37.10906], [-90.407698, 37.1121370000001], [-90.407663, 37.1130600000001], [-90.407462, 37.1136750000001], [-90.407463, 37.113881], [-90.407502, 37.114358], [-90.4075099999999, 37.1144550000001], [-90.407518, 37.1145520000001], [-90.4075329999999, 37.114738], [-90.407547, 37.1148660000001], [-90.407588, 37.115239], [-90.407571, 37.1156600000001], [-90.4075559999999, 37.116049], [-90.407474, 37.1187610000001], [-90.40746, 37.119243], [-90.407301, 37.12451], [-90.4074899999999, 37.125977], [-90.407494, 37.1260060000001], [-90.407393, 37.1286950000001], [-90.407322, 37.130596], [-90.407291, 37.1306960000001], [-90.407267, 37.130772], [-90.407029, 37.131534], [-90.4064989999999, 37.1325800000001], [-90.4061799999999, 37.133247], [-90.405986, 37.133653], [-90.40575, 37.134148], [-90.405504, 37.134536], [-90.4044069999999, 37.13627], [-90.4040429999999, 37.136844], [-90.4039339999999, 37.1370170000001], [-90.403083, 37.13836], [-90.402813, 37.138786], [-90.401785, 37.14041], [-90.401676, 37.140582], [-90.401245, 37.142046], [-90.401124, 37.1441350000001], [-90.401001, 37.1450350000001], [-90.4008719999999, 37.145633], [-90.400746, 37.1459780000001], [-90.400649, 37.146129], [-90.400483, 37.1463880000001], [-90.400055, 37.147054], [-90.399666, 37.1474480000001], [-90.399124, 37.147997], [-90.398854, 37.148352], [-90.398735, 37.148735], [-90.3987, 37.148846], [-90.398675, 37.1489260000001], [-90.398635, 37.149055], [-90.3985269999999, 37.1494030000001], [-90.398493, 37.1495130000001], [-90.3984579999999, 37.1496230000001], [-90.3984359999999, 37.1496950000001], [-90.398269, 37.150088], [-90.3977609999999, 37.1507480000001], [-90.39724, 37.151547], [-90.397029, 37.1519880000001], [-90.396621, 37.1528420000001], [-90.396603, 37.152945], [-90.396331, 37.154523], [-90.396303, 37.154638], [-90.395099, 37.156463], [-90.39473, 37.156818], [-90.394513, 37.157027], [-90.3943159999999, 37.157297], [-90.393834, 37.1585660000001], [-90.393724, 37.1587400000001], [-90.393544, 37.1588760000001], [-90.3904239999999, 37.160914], [-90.390412, 37.1609260000001], [-90.390206, 37.1611360000001], [-90.390057, 37.1613600000001], [-90.389981, 37.1615360000001], [-90.389528, 37.164561], [-90.389527, 37.164567], [-90.3892519999999, 37.1664060000001], [-90.389001, 37.168082], [-90.3884439999999, 37.171807], [-90.3881449999999, 37.1738040000001], [-90.387821, 37.1759700000001], [-90.3873129999999, 37.179362], [-90.387123, 37.1806330000001], [-90.386742, 37.183155], [-90.386629, 37.183907], [-90.385914, 37.1881220000001], [-90.385686, 37.189468], [-90.3856, 37.1896370000001], [-90.3855969999999, 37.189643], [-90.3854839999999, 37.189808], [-90.385185, 37.1902440000001], [-90.385034, 37.190529], [-90.38486, 37.1910120000001], [-90.384859, 37.1910140000001], [-90.384807, 37.1911610000001], [-90.384199, 37.192849], [-90.383591, 37.194443], [-90.382803, 37.1965110000001], [-90.382774, 37.196586], [-90.381367, 37.2010070000001], [-90.3801769999999, 37.2047470000001], [-90.3799749999999, 37.205184], [-90.37929, 37.2060210000001], [-90.379183, 37.206152], [-90.377539, 37.2081600000001], [-90.376647, 37.2092860000001], [-90.375954, 37.210161], [-90.3758359999999, 37.2103720000001], [-90.3756509999999, 37.210811], [-90.375605, 37.21092], [-90.375559, 37.211029], [-90.375464, 37.211253], [-90.3751369999999, 37.212028], [-90.3750839999999, 37.2121540000001], [-90.374984, 37.21239], [-90.374961, 37.2124450000001], [-90.374938, 37.212499], [-90.374833, 37.212747], [-90.3747509999999, 37.213373], [-90.3747299999999, 37.213534], [-90.374716, 37.213642], [-90.374632, 37.2142450000001], [-90.374493, 37.2151690000001], [-90.3745529999999, 37.21637], [-90.374567, 37.2166490000001], [-90.374576, 37.216841], [-90.374568, 37.216888], [-90.3743449999999, 37.218198], [-90.3729039999999, 37.221322], [-90.372385, 37.222448], [-90.371668, 37.224002], [-90.371522, 37.2246650000001], [-90.371327, 37.2255470000001], [-90.370732, 37.2282490000001], [-90.370705, 37.2292870000001], [-90.370638, 37.231882], [-90.370637, 37.231926], [-90.3706349999999, 37.231992], [-90.3706319999999, 37.2321030000001], [-90.370505, 37.2370000000001], [-90.370463, 37.238617], [-90.370443, 37.239386], [-90.3704049999999, 37.2408510000001], [-90.370259, 37.2415570000001], [-90.37011, 37.2422780000001], [-90.369905, 37.243271], [-90.369854, 37.2433590000001], [-90.367897, 37.2467510000001], [-90.365622, 37.2506920000001], [-90.365176, 37.2514650000001], [-90.363702, 37.254019], [-90.363437, 37.2544780000001], [-90.363101, 37.2554670000001], [-90.362719, 37.2565910000001], [-90.361638, 37.259775], [-90.360828, 37.261464], [-90.35932, 37.2646090000001], [-90.359251, 37.2649], [-90.3591299999999, 37.265406], [-90.359111, 37.2654870000001], [-90.358607, 37.267608], [-90.3585649999999, 37.2678030000001], [-90.358308, 37.269013], [-90.3582969999999, 37.2690630000001], [-90.358151, 37.269859], [-90.3579799999999, 37.27079], [-90.357815, 37.2714090000001], [-90.3577749999999, 37.271559], [-90.35774, 37.271688], [-90.357713, 37.2717910000001], [-90.3576849999999, 37.271895], [-90.3566989999999, 37.2755910000001], [-90.356685, 37.275642], [-90.355904, 37.278572], [-90.355539, 37.2799370000001], [-90.355356, 37.280624], [-90.355355, 37.2806370000001], [-90.355353, 37.2806580000001], [-90.355264, 37.281644], [-90.354743, 37.283534], [-90.354251, 37.2853220000001], [-90.354147, 37.2856990000001], [-90.353111, 37.2873980000001], [-90.352782, 37.287938], [-90.3517679999999, 37.2896010000001], [-90.351123, 37.291977], [-90.351117, 37.292016], [-90.350943, 37.293105], [-90.350871, 37.2953640000001], [-90.350846, 37.296163], [-90.3508449999999, 37.2961960000001], [-90.350805, 37.2974400000001], [-90.350766, 37.298665], [-90.350763, 37.298774], [-90.350759, 37.298883], [-90.3507549999999, 37.299003], [-90.3506849999999, 37.3012130000001], [-90.350677, 37.301269], [-90.3505729999999, 37.302013], [-90.3504569999999, 37.302848], [-90.350446, 37.3029260000001], [-90.350356, 37.303573], [-90.350174, 37.304874], [-90.349705, 37.306679], [-90.349479, 37.307551], [-90.348462, 37.310021], [-90.347367, 37.311813], [-90.346211, 37.314063], [-90.346186, 37.31411], [-90.345915, 37.3146380000001], [-90.345852, 37.31476], [-90.345249, 37.316763], [-90.344911, 37.317887], [-90.344813, 37.3182140000001], [-90.3437299999999, 37.3218140000001], [-90.342568, 37.325137], [-90.342385, 37.325684], [-90.341293, 37.328941], [-90.341156, 37.3291850000001], [-90.341041, 37.3293900000001], [-90.341023, 37.3294230000001], [-90.340747, 37.329916], [-90.340586, 37.330204], [-90.340557, 37.3302550000001], [-90.340152, 37.3314350000001], [-90.339995, 37.332662], [-90.339778, 37.3346060000001], [-90.339709, 37.335223], [-90.339669, 37.3355790000001], [-90.3394719999999, 37.337344], [-90.339436, 37.3376680000001], [-90.338989, 37.3406880000001], [-90.338986, 37.3407030000001], [-90.3387959999999, 37.3419880000001], [-90.3385739999999, 37.343489], [-90.338496, 37.3440130000001], [-90.338423, 37.3445070000001], [-90.33771, 37.347266], [-90.337562, 37.3478390000001], [-90.336733, 37.35105], [-90.3364, 37.3516520000001], [-90.336111, 37.351992], [-90.3352409999999, 37.353013], [-90.335019, 37.3532740000001], [-90.334918, 37.353393], [-90.332587, 37.3561300000001], [-90.332275, 37.356496], [-90.332343, 37.3566710000001], [-90.332422, 37.3568730000001], [-90.3324039999999, 37.3568950000001], [-90.332319, 37.356998], [-90.331768, 37.357667], [-90.331732, 37.357711], [-90.331724, 37.35772], [-90.331671, 37.357785], [-90.3305339999999, 37.358891], [-90.3303909999999, 37.3590730000001], [-90.330057, 37.359497], [-90.326905, 37.362673], [-90.325689, 37.3638990000001], [-90.324541, 37.364948], [-90.323648, 37.3660830000001], [-90.322976, 37.3677680000001], [-90.322421, 37.3688900000001], [-90.3218219999999, 37.3706050000001], [-90.32078, 37.3723790000001], [-90.3130419999999, 37.4042850000001], [-90.312788, 37.405807], [-90.3126099999999, 37.4068720000001], [-90.312147, 37.407656], [-90.312054, 37.4078640000001], [-90.311989, 37.4081590000001], [-90.311847, 37.408822], [-90.311724, 37.409341], [-90.311702, 37.409433], [-90.311605, 37.409875], [-90.3115789999999, 37.409995], [-90.311553, 37.4101150000001], [-90.311514, 37.410291], [-90.3114669999999, 37.4105500000001], [-90.3113769999999, 37.4110420000001], [-90.311384, 37.4112950000001], [-90.311386, 37.4113830000001], [-90.31157, 37.413419], [-90.3115739999999, 37.413438], [-90.3115769999999, 37.413458], [-90.311581, 37.4134770000001], [-90.3115979999999, 37.413571], [-90.311613, 37.4136500000001], [-90.311664, 37.4137890000001], [-90.311747, 37.4140140000001], [-90.311861, 37.414321], [-90.311898, 37.414421], [-90.312395, 37.415806], [-90.312391, 37.415951], [-90.312405, 37.416096], [-90.312373, 37.4162630000001], [-90.3119569999999, 37.417081], [-90.3118669999999, 37.4172580000001], [-90.311657, 37.417626], [-90.311056, 37.418892], [-90.311047, 37.41891], [-90.310936, 37.4191440000001], [-90.310899, 37.4192220000001], [-90.310898, 37.4192250000001], [-90.3108769999999, 37.419268], [-90.310974, 37.419289], [-90.310909, 37.4194830000001], [-90.3108, 37.4194660000001], [-90.310642, 37.4199550000001]]}, "properties": {"FID": 13302, "TYPEPIPE": "Interstate", "Operator": "Mississippi River Trans Corp", "Status": "Operating", "Shape_Leng": 0.677107905144, "Shape__Length": 92382.14933256299}}, {"type": "Feature", "id": 13305, "geometry": {"type": "LineString", "coordinates": [[-90.0971079999999, 37.9803890000001], [-90.0970589999999, 37.9805700000001], [-90.097022, 37.9807480000001], [-90.0966069999999, 37.981771], [-90.096163, 37.9827940000001], [-90.0956409999999, 37.984083], [-90.0950569999999, 37.9856570000001], [-90.094616, 37.988345], [-90.094117, 37.9912190000001], [-90.093567, 37.992461], [-90.09211, 37.994895], [-90.091853, 37.995904], [-90.091781, 37.9963660000001], [-90.0917489999999, 37.997391], [-90.091709, 37.9982680000001], [-90.091583, 37.998976], [-90.091413, 37.9996180000001], [-90.0908829999999, 38.0027180000001], [-90.090895, 38.003138], [-90.09118, 38.0042480000001], [-90.09122, 38.0043610000001], [-90.091322, 38.004466], [-90.0915889999999, 38.0044560000001], [-90.0917199999999, 38.004553], [-90.091773, 38.004673], [-90.092054, 38.0060990000001], [-90.0921539999999, 38.0063670000001], [-90.092763, 38.008294], [-90.093047, 38.0090240000001], [-90.093116, 38.009144], [-90.093191, 38.009235], [-90.093266, 38.0093690000001], [-90.0949659999999, 38.009547], [-90.0956659999999, 38.009779], [-90.0975569999999, 38.010257], [-90.097703, 38.010333], [-90.097822, 38.010409], [-90.097912, 38.0105080000001], [-90.0995119999999, 38.0134010000001], [-90.0995349999999, 38.0135080000001], [-90.099518, 38.0136200000001], [-90.0994659999999, 38.0137300000001], [-90.0993979999999, 38.013827], [-90.097025, 38.0158710000001], [-90.096575, 38.017073]]}, "properties": {"FID": 13305, "TYPEPIPE": "Interstate", "Operator": "Mississippi River Trans Corp", "Status": "Operating", "Shape_Leng": 0.0438029609879, "Shape__Length": 5889.503568952387}}, {"type": "Feature", "id": 13308, "geometry": {"type": "LineString", "coordinates": [[-90.096575, 38.017073], [-90.09656, 38.017095], [-90.0954819999999, 38.018692]]}, "properties": {"FID": 13308, "TYPEPIPE": "Interstate", "Operator": "Mississippi River Trans Corp", "Status": "Operating", "Shape_Leng": 0.00195341012423, "Shape__Length": 259.1102337730571}}, {"type": "Feature", "id": 13311, "geometry": {"type": "LineString", "coordinates": [[-90.096575, 38.017073], [-90.096616, 38.017101], [-90.0955259999999, 38.018715]]}, "properties": {"FID": 13311, "TYPEPIPE": "Interstate", "Operator": "Mississippi River Trans Corp", "Status": "Operating", "Shape_Leng": 0.00199723599164, "Shape__Length": 264.36988591622026}}, {"type": "Feature", "id": 13314, "geometry": {"type": "LineString", "coordinates": [[-90.310642, 37.419971], [-90.310603, 37.420281], [-90.309014, 37.4261290000001], [-90.305672, 37.4355780000001], [-90.3054319999999, 37.4359390000001], [-90.305078, 37.43697], [-90.3044109999999, 37.438386], [-90.303886, 37.439584], [-90.303396, 37.440458], [-90.303322, 37.440817], [-90.302778, 37.4418390000001], [-90.3024829999999, 37.4426570000001], [-90.301767, 37.4444750000001], [-90.301614, 37.4450600000001], [-90.3008389999999, 37.447249], [-90.3007729999999, 37.4474510000001], [-90.300035, 37.449661], [-90.299674, 37.4503540000001], [-90.297494, 37.455341], [-90.297335, 37.4555360000001], [-90.296754, 37.456054], [-90.296619, 37.4562480000001], [-90.296599, 37.457318], [-90.296542, 37.4575320000001], [-90.296689, 37.4598700000001], [-90.297019, 37.462971], [-90.2970789999999, 37.4636150000001], [-90.297129, 37.464316], [-90.297114, 37.46455], [-90.2972599999999, 37.4659520000001], [-90.2972599999999, 37.468599], [-90.29696, 37.470308], [-90.297322, 37.4712090000001], [-90.2973909999999, 37.472064], [-90.29765, 37.4728680000001], [-90.297888, 37.473752], [-90.297946, 37.4739910000001], [-90.298522, 37.4752770000001], [-90.298762, 37.475825], [-90.298852, 37.476255], [-90.299122, 37.480238], [-90.299153, 37.48267], [-90.299483, 37.488204], [-90.297783, 37.4949510000001], [-90.297768, 37.495147], [-90.297389, 37.4962340000001], [-90.297341, 37.497439], [-90.2974769999999, 37.4980810000001], [-90.29774, 37.4987210000001], [-90.298668, 37.500459], [-90.298771, 37.500818], [-90.299142, 37.5081520000001], [-90.2995799999999, 37.509531], [-90.30029, 37.5126360000001], [-90.300297, 37.5128250000001], [-90.300297, 37.513041], [-90.3002299999999, 37.5132320000001], [-90.2997769999999, 37.513876], [-90.299763, 37.5140410000001], [-90.2998049999999, 37.5142280000001], [-90.300346, 37.5160270000001], [-90.300665, 37.516848], [-90.300888, 37.5175850000001], [-90.301046, 37.518424], [-90.301644, 37.5234820000001], [-90.3023449999999, 37.5289550000001], [-90.302462, 37.530238], [-90.302538, 37.5307550000001], [-90.30268, 37.531596], [-90.3026839999999, 37.5321740000001], [-90.302938, 37.5342670000001], [-90.302993, 37.534496], [-90.303373, 37.534745], [-90.303435, 37.5349380000001], [-90.303485, 37.5357000000001], [-90.30353, 37.536463], [-90.303508, 37.536729], [-90.303589, 37.536863], [-90.303856, 37.537203], [-90.303931, 37.5373690000001], [-90.303976, 37.5375450000001], [-90.304092, 37.538213], [-90.304135, 37.539162], [-90.3041669999999, 37.5396230000001], [-90.304211, 37.5410200000001], [-90.304314, 37.547292], [-90.3044649999999, 37.5495980000001], [-90.3045079999999, 37.5514840000001], [-90.304537, 37.551696], [-90.3046449999999, 37.551878], [-90.305233, 37.5522360000001], [-90.305899, 37.553457], [-90.308282, 37.558092], [-90.308545, 37.558501], [-90.308662, 37.5586450000001], [-90.3086969999999, 37.5587990000001], [-90.308947, 37.559878], [-90.308951, 37.560077], [-90.308935, 37.560299], [-90.308836, 37.5605400000001], [-90.3051359999999, 37.565297], [-90.305013, 37.565475], [-90.304766, 37.5655790000001], [-90.304224, 37.565814], [-90.304142, 37.565955], [-90.304069, 37.5661240000001], [-90.303454, 37.56854], [-90.302429, 37.571514], [-90.301776, 37.5741590000001], [-90.302243, 37.5753720000001], [-90.302292, 37.576596], [-90.302828, 37.5773750000001], [-90.302853, 37.5780270000001], [-90.301082, 37.5828940000001], [-90.301067, 37.5830960000001], [-90.301867, 37.586646], [-90.3025289999999, 37.588962], [-90.3025449999999, 37.589181], [-90.30216, 37.589819], [-90.302185, 37.59009], [-90.30214, 37.590903], [-90.3012199999999, 37.5930300000001], [-90.293552, 37.6055970000001], [-90.2933839999999, 37.6057670000001], [-90.2906389999999, 37.6077460000001], [-90.2895559999999, 37.608343], [-90.289436, 37.608456], [-90.2893559999999, 37.6085610000001], [-90.287243, 37.6123460000001], [-90.2870809999999, 37.6129310000001], [-90.287113, 37.6139140000001], [-90.28702, 37.61418], [-90.285982, 37.616404], [-90.285746, 37.6171340000001], [-90.285224, 37.618745], [-90.285003, 37.6191610000001], [-90.284144, 37.6203540000001], [-90.2834109999999, 37.6213030000001], [-90.2829849999999, 37.6219660000001], [-90.282215, 37.62309], [-90.281821, 37.6240530000001], [-90.2809829999999, 37.625361], [-90.2782359999999, 37.630078], [-90.27629, 37.638338], [-90.276233, 37.6384380000001], [-90.2713469999999, 37.644142], [-90.2712739999999, 37.644458], [-90.268154, 37.6517840000001], [-90.267685, 37.6528880000001], [-90.2673589999999, 37.653403], [-90.266193, 37.6544880000001], [-90.262481, 37.6570300000001], [-90.261186, 37.658256], [-90.2605109999999, 37.659092], [-90.259895, 37.6601210000001], [-90.258886, 37.6637920000001], [-90.2588279999999, 37.6649330000001], [-90.259924, 37.6738700000001], [-90.260193, 37.675209], [-90.261523, 37.682534], [-90.261261, 37.6850680000001], [-90.261205, 37.6852170000001], [-90.260972, 37.6855400000001], [-90.259776, 37.6871760000001], [-90.258898, 37.6884890000001], [-90.254496, 37.69521], [-90.252513, 37.697865], [-90.252288, 37.6982380000001], [-90.2499119999999, 37.7025310000001], [-90.249019, 37.7036790000001], [-90.247539, 37.705456], [-90.2449819999999, 37.708538], [-90.24467, 37.7087980000001], [-90.244411, 37.7089550000001], [-90.243702, 37.709329], [-90.242753, 37.7097580000001], [-90.2423429999999, 37.710022], [-90.241908, 37.7103020000001], [-90.241139, 37.7109520000001], [-90.2397319999999, 37.7118390000001], [-90.235822, 37.71464], [-90.233704, 37.715901], [-90.233233, 37.7162270000001], [-90.232794, 37.7165130000001], [-90.232578, 37.716781], [-90.232512, 37.716863], [-90.232225, 37.7177510000001], [-90.231679, 37.718645], [-90.231031, 37.719432], [-90.229145, 37.7214040000001], [-90.2274409999999, 37.723598], [-90.226983, 37.724166], [-90.226801, 37.724495], [-90.2267399999999, 37.7251410000001], [-90.226725, 37.7259910000001], [-90.2264979999999, 37.72706], [-90.227132, 37.7317540000001], [-90.226724, 37.7345600000001], [-90.226461, 37.7350720000001], [-90.226413, 37.735276], [-90.226131, 37.7356040000001], [-90.2257549999999, 37.7360330000001], [-90.225242, 37.736498], [-90.22488, 37.7368450000001], [-90.224274, 37.7377030000001], [-90.223272, 37.738766], [-90.222072, 37.739915], [-90.2135919999999, 37.747738], [-90.199202, 37.763745], [-90.1945929999999, 37.769031], [-90.186432, 37.7806850000001], [-90.18556, 37.7817410000001], [-90.1831089999999, 37.784681], [-90.182846, 37.78522], [-90.182568, 37.7859300000001], [-90.182358, 37.7864290000001], [-90.182151, 37.7878660000001], [-90.182293, 37.788781], [-90.1826139999999, 37.790647], [-90.1826309999999, 37.7911550000001], [-90.1825919999999, 37.791256], [-90.182499, 37.791383], [-90.179518, 37.796139], [-90.179152, 37.7965060000001], [-90.17875, 37.796882], [-90.178589, 37.796954], [-90.1783569999999, 37.797068], [-90.1758089999999, 37.7977930000001], [-90.1756579999999, 37.797871], [-90.17535, 37.7980840000001], [-90.174791, 37.798639], [-90.174356, 37.7994550000001], [-90.173328, 37.801448], [-90.1686319999999, 37.8104550000001], [-90.167273, 37.8144520000001], [-90.167266, 37.816066], [-90.1671929999999, 37.816378], [-90.16667, 37.818051], [-90.166186, 37.8190260000001], [-90.163209, 37.823037], [-90.160874, 37.8255520000001], [-90.1539969999999, 37.8327540000001], [-90.153523, 37.833425], [-90.152231, 37.8350540000001], [-90.149948, 37.83781], [-90.147053, 37.841161], [-90.1458, 37.8426900000001], [-90.1431889999999, 37.845107], [-90.138818, 37.848646], [-90.132404, 37.853619], [-90.1276109999999, 37.857578], [-90.125859, 37.8591190000001], [-90.124222, 37.860486], [-90.123503, 37.861074], [-90.1221409999999, 37.8625710000001], [-90.121749, 37.8631520000001], [-90.120717, 37.8657470000001], [-90.1203159999999, 37.8671150000001], [-90.120106, 37.867965], [-90.119558, 37.874217], [-90.119748, 37.8758250000001], [-90.120343, 37.879195], [-90.1207019999999, 37.881606], [-90.1207649999999, 37.881764], [-90.1209679999999, 37.8822520000001], [-90.121462, 37.8840040000001], [-90.1226149999999, 37.8884590000001], [-90.1226799999999, 37.8895850000001], [-90.12263, 37.89056], [-90.1226589999999, 37.890742], [-90.122112, 37.89219], [-90.1211979999999, 37.894441], [-90.119086, 37.8993980000001], [-90.1152949999999, 37.907315], [-90.111272, 37.9188050000001], [-90.110084, 37.922285], [-90.110084, 37.9224140000001], [-90.1101639999999, 37.9229], [-90.1100949999999, 37.923145], [-90.109393, 37.924988], [-90.108673, 37.9281990000001], [-90.108494, 37.9290360000001], [-90.106869, 37.935365], [-90.106587, 37.9361720000001], [-90.10655, 37.9362350000001], [-90.106467, 37.936319], [-90.106106, 37.936469], [-90.106029, 37.93652], [-90.1059729999999, 37.93661], [-90.105448, 37.9379200000001], [-90.105455, 37.938001], [-90.105466, 37.9380880000001], [-90.10562, 37.938186], [-90.105632, 37.9382870000001], [-90.105649, 37.938384], [-90.105544, 37.9387310000001], [-90.102639, 37.9466820000001], [-90.102622, 37.9467710000001], [-90.1025919999999, 37.9468570000001], [-90.102548, 37.946963], [-90.1026459999999, 37.948071], [-90.102693, 37.949098], [-90.102741, 37.9506190000001], [-90.102524, 37.9525810000001], [-90.100293, 37.961528], [-90.1002579999999, 37.961824], [-90.100238, 37.9619000000001], [-90.100067, 37.962114], [-90.099892, 37.9623320000001], [-90.099796, 37.962583], [-90.0991079999999, 37.970349], [-90.098718, 37.9737870000001], [-90.0977049999999, 37.9784680000001], [-90.0975579999999, 37.9791760000001], [-90.097294, 37.9798420000001], [-90.097364, 37.979859], [-90.097145, 37.9804090000001], [-90.097109, 37.9804]]}, "properties": {"FID": 13314, "TYPEPIPE": "Interstate", "Operator": "Mississippi River Trans Corp", "Status": "Operating", "Shape_Leng": 0.644557091412, "Shape__Length": 86678.15848357616}}, {"type": "Feature", "id": 13317, "geometry": {"type": "LineString", "coordinates": [[-90.334197, 38.481702], [-90.334441, 38.4818490000001], [-90.334645, 38.4820260000001], [-90.3358899999999, 38.4834060000001], [-90.336414, 38.4839680000001], [-90.33629, 38.4840810000001], [-90.336417, 38.4842150000001], [-90.336584, 38.484158], [-90.3371509999999, 38.4850020000001], [-90.337621, 38.4856320000001], [-90.337859, 38.485997], [-90.3380069999999, 38.485957], [-90.338094, 38.486062], [-90.3382139999999, 38.4866020000001], [-90.3382369999999, 38.486763], [-90.33833, 38.487178], [-90.33841, 38.487291], [-90.338849, 38.4887790000001], [-90.3389079999999, 38.4890530000001], [-90.3387769999999, 38.48918], [-90.338837, 38.4893530000001], [-90.3390209999999, 38.489362], [-90.3392889999999, 38.490546], [-90.339531, 38.4917170000001], [-90.339846, 38.492223], [-90.339911, 38.492536], [-90.340582, 38.4935370000001], [-90.3410469999999, 38.4940770000001], [-90.3419739999999, 38.494713], [-90.3423569999999, 38.49557], [-90.3424669999999, 38.4956280000001], [-90.3426019999999, 38.495569], [-90.342675, 38.4956270000001], [-90.3428299999999, 38.495885], [-90.342841, 38.4960130000001], [-90.342749, 38.497266], [-90.3416129999999, 38.4983070000001], [-90.340763, 38.49884], [-90.340364, 38.499219], [-90.339868, 38.499598], [-90.3396769999999, 38.499736], [-90.337821, 38.50073], [-90.336249, 38.5015990000001], [-90.33534, 38.503848], [-90.3354449999999, 38.504216], [-90.336286, 38.50644], [-90.3357999999999, 38.5065250000001], [-90.335176, 38.5067750000001], [-90.3342729999999, 38.5073360000001], [-90.3340899999999, 38.5072180000001], [-90.333768, 38.507532], [-90.3337969999999, 38.5076250000001], [-90.3335979999999, 38.5077640000001], [-90.3332329999999, 38.508204], [-90.332932, 38.508499], [-90.332442, 38.508961], [-90.332211, 38.509213], [-90.331273, 38.5101280000001], [-90.330506, 38.5108720000001], [-90.3302169999999, 38.511171], [-90.329775, 38.5116120000001], [-90.3297219999999, 38.5117010000001], [-90.329651, 38.5118180000001], [-90.3294339999999, 38.512013], [-90.32901, 38.5124050000001], [-90.3285749999999, 38.5129910000001], [-90.328021, 38.5135480000001], [-90.3277649999999, 38.513814], [-90.327296, 38.514398], [-90.326785, 38.5149190000001], [-90.3256699999999, 38.5161380000001], [-90.3252659999999, 38.516538], [-90.325073, 38.516739], [-90.324826, 38.5169760000001], [-90.324629, 38.5171550000001], [-90.324489, 38.5173530000001], [-90.323502, 38.5184660000001], [-90.322749, 38.5192530000001], [-90.322568, 38.5194960000001], [-90.3224299999999, 38.5195380000001], [-90.322346, 38.519703], [-90.320981, 38.5212090000001], [-90.320663, 38.521506], [-90.320418, 38.5216070000001], [-90.3205839999999, 38.521691], [-90.319855, 38.5224440000001], [-90.319708, 38.5223480000001], [-90.319106, 38.522975], [-90.3191179999999, 38.523106], [-90.318593, 38.5235890000001], [-90.318583, 38.5236850000001], [-90.318656, 38.523784], [-90.318846, 38.5240380000001], [-90.318967, 38.5242240000001], [-90.319083, 38.5244420000001], [-90.3190039999999, 38.524598], [-90.319489, 38.5254150000001], [-90.319646, 38.525426], [-90.320752, 38.527383], [-90.320996, 38.527771], [-90.321173, 38.528086], [-90.3214129999999, 38.528329], [-90.32166, 38.528582], [-90.321907, 38.5288350000001], [-90.3222509999999, 38.52909], [-90.322546, 38.5292880000001], [-90.322919, 38.5295], [-90.3234619999999, 38.5297580000001], [-90.3236449999999, 38.529844], [-90.323696, 38.529969], [-90.3236929999999, 38.530309], [-90.3238909999999, 38.5305030000001], [-90.32388, 38.530833], [-90.323662, 38.535261], [-90.323651, 38.535538], [-90.323612, 38.5360850000001], [-90.3235999999999, 38.5362270000001], [-90.323582, 38.5373750000001], [-90.323516, 38.5374200000001], [-90.3235069999999, 38.538616], [-90.3235309999999, 38.5389250000001], [-90.323563, 38.5391040000001], [-90.323496, 38.5391450000001], [-90.323497, 38.5394230000001], [-90.3234439999999, 38.5400040000001], [-90.324977, 38.5400550000001], [-90.326608, 38.540065], [-90.326581, 38.540284], [-90.3266629999999, 38.5408780000001], [-90.326568, 38.541551], [-90.3264379999999, 38.5435390000001], [-90.3261209999999, 38.545148], [-90.326141, 38.545617], [-90.326109, 38.54614], [-90.326115, 38.5488800000001], [-90.3260549999999, 38.549383], [-90.32615, 38.5504250000001], [-90.3262119999999, 38.550665], [-90.3263699999999, 38.5510860000001], [-90.326406, 38.551379], [-90.3264839999999, 38.551517], [-90.326566, 38.551591], [-90.32661, 38.551728], [-90.32667, 38.551883], [-90.326733, 38.552063], [-90.3269749999999, 38.5526210000001], [-90.327076, 38.55289], [-90.327164, 38.553079], [-90.327601, 38.5537330000001], [-90.327762, 38.554281], [-90.328323, 38.5552450000001], [-90.3284159999999, 38.555531], [-90.328584, 38.555843], [-90.328679, 38.5559420000001], [-90.3288889999999, 38.556387], [-90.329621, 38.5578410000001], [-90.3298579999999, 38.5583110000001], [-90.330253, 38.55918], [-90.330337, 38.559401], [-90.331081, 38.5609460000001], [-90.331373, 38.561604], [-90.331465, 38.561831], [-90.331589, 38.562051], [-90.3317049999999, 38.562277], [-90.331826, 38.5625430000001], [-90.3324039999999, 38.563814], [-90.333182, 38.5658020000001], [-90.3331929999999, 38.5659440000001], [-90.333196, 38.5661620000001], [-90.333106, 38.5667350000001], [-90.332735, 38.5669830000001], [-90.332521, 38.5669540000001], [-90.3323799999999, 38.56793], [-90.3329459999999, 38.56935], [-90.332597, 38.571782], [-90.332574, 38.5719920000001], [-90.332444, 38.57216], [-90.331911, 38.572937], [-90.331632, 38.5732390000001], [-90.3311199999999, 38.573695], [-90.330744, 38.5740080000001], [-90.330609, 38.57408], [-90.329715, 38.5746740000001], [-90.329243, 38.575004], [-90.3285109999999, 38.575451], [-90.327951, 38.5758060000001], [-90.327498, 38.576133], [-90.327105, 38.5763850000001], [-90.326855, 38.576549], [-90.326603, 38.576778], [-90.3260969999999, 38.5772170000001], [-90.325623, 38.5777370000001], [-90.3253549999999, 38.5780320000001], [-90.324259, 38.5794680000001], [-90.323546, 38.58034], [-90.3234179999999, 38.5805050000001], [-90.323089, 38.580839], [-90.3226699999999, 38.5813240000001], [-90.321005, 38.583239], [-90.320353, 38.584013], [-90.320083, 38.584283], [-90.319596, 38.584907], [-90.319331, 38.585221], [-90.318977, 38.585878], [-90.318745, 38.58649], [-90.318635, 38.586982], [-90.318605, 38.58761], [-90.318605, 38.5879130000001], [-90.318609, 38.588197], [-90.318616, 38.5883600000001], [-90.3187109999999, 38.588854], [-90.3191639999999, 38.5899440000001], [-90.319215, 38.590173], [-90.319359, 38.590529], [-90.319373, 38.5907], [-90.319697, 38.5916070000001], [-90.3197709999999, 38.591802], [-90.319942, 38.5922800000001], [-90.319963, 38.5924180000001], [-90.320142, 38.5927830000001], [-90.320221, 38.5929120000001], [-90.320316, 38.593107], [-90.3203549999999, 38.5932], [-90.320362, 38.593267], [-90.320373, 38.593348], [-90.320437, 38.593573], [-90.320496, 38.5938850000001], [-90.3206529999999, 38.594525], [-90.3208, 38.595334], [-90.320864, 38.595736], [-90.3209429999999, 38.5960450000001], [-90.320432, 38.59705], [-90.320146, 38.5974330000001], [-90.319671, 38.5980640000001], [-90.319467, 38.598191], [-90.319104, 38.5983880000001], [-90.3187789999999, 38.5986], [-90.318653, 38.5985750000001], [-90.31746, 38.5992200000001], [-90.316257, 38.599676], [-90.315167, 38.600064], [-90.315086, 38.600133], [-90.314987, 38.60017], [-90.3147539999999, 38.600239], [-90.314691, 38.600261], [-90.314182, 38.600417], [-90.3133079999999, 38.6007690000001], [-90.31296, 38.601033], [-90.3127049999999, 38.601252], [-90.312509, 38.6014000000001], [-90.312362, 38.6015560000001], [-90.3118919999999, 38.602013], [-90.311266, 38.602721], [-90.3105189999999, 38.6035130000001], [-90.3103369999999, 38.603824], [-90.309851, 38.604404], [-90.309632, 38.604723], [-90.3095759999999, 38.6048180000001], [-90.309583, 38.604973], [-90.308841, 38.606008], [-90.308729, 38.606157], [-90.308507, 38.6064480000001], [-90.3082019999999, 38.6068460000001], [-90.307539, 38.607511], [-90.307302, 38.6078190000001], [-90.3070299999999, 38.608102], [-90.306812, 38.608325], [-90.306722, 38.6085220000001], [-90.3062419999999, 38.6090780000001], [-90.305669, 38.609924], [-90.3050009999999, 38.610714], [-90.304671, 38.6110670000001], [-90.304329, 38.611432], [-90.304155, 38.6116190000001], [-90.303849, 38.6118930000001], [-90.303479, 38.6122300000001], [-90.303173, 38.6125180000001], [-90.3027979999999, 38.6128140000001], [-90.302802, 38.612913], [-90.3024139999999, 38.6132710000001], [-90.301959, 38.61355], [-90.3010649999999, 38.614042], [-90.300215, 38.6145500000001], [-90.299732, 38.614834], [-90.2989449999999, 38.615286], [-90.298163, 38.6157680000001], [-90.297339, 38.6162660000001], [-90.295965, 38.6172250000001], [-90.295002, 38.6178600000001], [-90.295312, 38.6181060000001], [-90.295173, 38.6181550000001], [-90.295263, 38.6182170000001], [-90.295474, 38.6185600000001], [-90.295642, 38.61877], [-90.2958649999999, 38.618948], [-90.2964939999999, 38.6191450000001], [-90.296451, 38.6193480000001], [-90.2961329999999, 38.619535], [-90.2954129999999, 38.6200690000001], [-90.294722, 38.620391], [-90.2939709999999, 38.620707], [-90.29357, 38.6208780000001], [-90.293011, 38.6210140000001], [-90.292569, 38.621229], [-90.2922139999999, 38.6213220000001], [-90.291333, 38.621544], [-90.2910219999999, 38.621559], [-90.290702, 38.6216370000001], [-90.2897129999999, 38.6217560000001], [-90.2897389999999, 38.6220200000001], [-90.288426, 38.622229], [-90.288216, 38.622192], [-90.287747, 38.622229], [-90.287405, 38.6222730000001], [-90.286197, 38.6222970000001], [-90.285674, 38.622369], [-90.280005, 38.623069], [-90.279368, 38.6231500000001], [-90.276419, 38.623516], [-90.275749, 38.623611], [-90.275496, 38.623627], [-90.275165, 38.6236460000001], [-90.272586, 38.623927], [-90.272113, 38.623951], [-90.271957, 38.6237860000001], [-90.2714349999999, 38.62379], [-90.27098, 38.6238030000001], [-90.270503, 38.6238110000001], [-90.269908, 38.623793], [-90.268073, 38.6235770000001], [-90.267507, 38.623482], [-90.266759, 38.623318], [-90.2665919999999, 38.623315], [-90.265432, 38.622951], [-90.265302, 38.622889], [-90.264422, 38.622693], [-90.2622959999999, 38.6223890000001], [-90.2622269999999, 38.6219570000001], [-90.26192, 38.621972], [-90.2618879999999, 38.621857], [-90.2619989999999, 38.6214370000001], [-90.262085, 38.6213710000001], [-90.262081, 38.6212110000001], [-90.2622719999999, 38.6203850000001], [-90.2612, 38.620189], [-90.260618, 38.620034], [-90.260706, 38.6199300000001], [-90.260838, 38.6197920000001], [-90.260839, 38.6197060000001], [-90.2615479999999, 38.619124], [-90.261529, 38.619037], [-90.262965, 38.6178840000001], [-90.263055, 38.617938], [-90.2632369999999, 38.617784], [-90.263448, 38.6175860000001], [-90.2637119999999, 38.617396], [-90.264104, 38.6171560000001], [-90.264783, 38.616839], [-90.265139, 38.6166470000001], [-90.2653109999999, 38.616515], [-90.267164, 38.615668], [-90.267939, 38.61528], [-90.268839, 38.6147780000001], [-90.269791, 38.614227], [-90.269987, 38.614115], [-90.271079, 38.6134460000001], [-90.271529, 38.613159], [-90.272146, 38.612667], [-90.2722679999999, 38.6125490000001], [-90.272773, 38.6120480000001], [-90.273141, 38.61159], [-90.273629, 38.610803], [-90.273784, 38.6104260000001], [-90.273929, 38.6100410000001], [-90.2740149999999, 38.6098020000001], [-90.27423, 38.608996], [-90.274346, 38.607623], [-90.274457, 38.607352], [-90.2747909999999, 38.606235], [-90.274919, 38.6056], [-90.2750159999999, 38.6053160000001], [-90.275097, 38.604975], [-90.275141, 38.6047600000001], [-90.2751719999999, 38.6044240000001], [-90.275135, 38.60414], [-90.2750109999999, 38.6038090000001], [-90.2747419999999, 38.603691], [-90.2745429999999, 38.6033590000001], [-90.274084, 38.602945], [-90.2738909999999, 38.6028240000001], [-90.273511, 38.602578], [-90.2732139999999, 38.6024140000001], [-90.272834, 38.602224], [-90.2724909999999, 38.602092], [-90.272049, 38.6018940000001], [-90.2714, 38.601699], [-90.2705789999999, 38.601345], [-90.270098, 38.60127], [-90.269683, 38.6012000000001], [-90.269078, 38.6010600000001], [-90.268501, 38.600918], [-90.268244, 38.6007680000001], [-90.267998, 38.600719], [-90.267725, 38.6005910000001], [-90.267323, 38.600412], [-90.2670639999999, 38.6002740000001], [-90.266474, 38.5999590000001], [-90.266363, 38.599827], [-90.266149, 38.5998200000001], [-90.2660099999999, 38.5996730000001], [-90.265368, 38.599144], [-90.264758, 38.5986760000001], [-90.263768, 38.5980440000001], [-90.26332, 38.5976830000001], [-90.2630339999999, 38.597453], [-90.262378, 38.596979], [-90.262196, 38.596857], [-90.261916, 38.596594], [-90.261746, 38.5964200000001], [-90.261604, 38.5962730000001], [-90.261445, 38.59607], [-90.261287, 38.5958860000001]]}, "properties": {"FID": 13317, "TYPEPIPE": "Interstate", "Operator": "Mississippi River Trans Corp", "Status": "Operating", "Shape_Leng": 0.260674022647, "Shape__Length": 33330.57277021003}}, {"type": "Feature", "id": 13320, "geometry": {"type": "LineString", "coordinates": [[-90.265793, 38.597454], [-90.266157, 38.597353], [-90.268759, 38.594721], [-90.2694989999999, 38.5937640000001], [-90.269984, 38.592388], [-90.270009, 38.5916500000001], [-90.270366, 38.59153], [-90.2704679999999, 38.5909720000001], [-90.270749, 38.5907530000001]]}, "properties": {"FID": 13320, "TYPEPIPE": "Interstate", "Operator": "Mississippi River Trans Corp", "Status": "Operating", "Shape_Leng": 0.00878607269971, "Shape__Length": 1152.1431063046912}}, {"type": "Feature", "id": 13323, "geometry": {"type": "LineString", "coordinates": [[-90.073911, 37.973285], [-90.073853, 37.973238], [-90.073896, 37.9732020000001]]}, "properties": {"FID": 13323, "TYPEPIPE": "Interstate", "Operator": "Mississippi River Trans Corp", "Status": "Operating", "Shape_Leng": 0.000130732827948, "Shape__Length": 16.24211699510954}}, {"type": "Feature", "id": 13326, "geometry": {"type": "LineString", "coordinates": [[-90.698729, 37.359134], [-90.698905, 37.359132]]}, "properties": {"FID": 13326, "TYPEPIPE": "Interstate", "Operator": "Mississippi River Trans Corp", "Status": "Operating", "Shape_Leng": 0.00017601136328, "Shape__Length": 19.594232538632593}}, {"type": "Feature", "id": 13329, "geometry": {"type": "LineString", "coordinates": [[-90.308521, 37.5596], [-90.3088779999999, 37.5595880000001]]}, "properties": {"FID": 13329, "TYPEPIPE": "Interstate", "Operator": "Mississippi River Trans Corp", "Status": "Operating", "Shape_Leng": 0.000357201623687, "Shape__Length": 39.77676912872069}}, {"type": "Feature", "id": 13332, "geometry": {"type": "LineString", "coordinates": [[-90.261794, 38.5964730000001], [-90.2615749999999, 38.5964730000001]]}, "properties": {"FID": 13332, "TYPEPIPE": "Interstate", "Operator": "Mississippi River Trans Corp", "Status": "Operating", "Shape_Leng": 0.000219000000016, "Shape__Length": 24.378968484699726}}, {"type": "Feature", "id": 13335, "geometry": {"type": "LineString", "coordinates": [[-90.2619329999999, 38.6216870000001], [-90.261875, 38.6217260000001], [-90.2618419999999, 38.6217550000001]]}, "properties": {"FID": 13335, "TYPEPIPE": "Interstate", "Operator": "Mississippi River Trans Corp", "Status": "Operating", "Shape_Leng": 0.000113824540286, "Shape__Length": 14.04738121937052}}, {"type": "Feature", "id": 13338, "geometry": {"type": "LineString", "coordinates": [[-90.1063369999999, 38.8624340000001], [-90.10631, 38.862442], [-90.106322, 38.862469], [-90.106277, 38.8624810000001], [-90.106299, 38.862531], [-90.106242, 38.8625460000001], [-90.1062439999999, 38.8625510000001]]}, "properties": {"FID": 13338, "TYPEPIPE": "Interstate", "Operator": "Mississippi River Trans Corp", "Status": "Operating", "Shape_Leng": 0.000223231167227, "Shape__Length": 27.59808636626297}}, {"type": "Feature", "id": 13341, "geometry": {"type": "LineString", "coordinates": [[-90.171122, 38.6867140000001], [-90.171091, 38.686702], [-90.1710809999999, 38.686698], [-90.171069, 38.686694], [-90.1710409999999, 38.6866830000001], [-90.170994, 38.6866650000001], [-90.170966, 38.686654], [-90.170919, 38.6866360000001], [-90.1708419999999, 38.686606], [-90.1706799999999, 38.686544], [-90.170627, 38.6865230000001], [-90.17058, 38.6865050000001], [-90.170555, 38.686496], [-90.170421, 38.686444], [-90.1703869999999, 38.6864390000001], [-90.170363, 38.6864350000001], [-90.170338, 38.686426], [-90.170306, 38.6864140000001], [-90.170274, 38.686402], [-90.170242, 38.6863910000001], [-90.170236, 38.6863890000001], [-90.17022, 38.686383], [-90.170191, 38.6863720000001], [-90.169823, 38.6862370000001], [-90.169813, 38.6862340000001], [-90.169808, 38.686223], [-90.1698049999999, 38.6862220000001], [-90.169789, 38.686216], [-90.169767, 38.6862080000001], [-90.169741, 38.6861990000001], [-90.1697379999999, 38.686197], [-90.169722, 38.686192], [-90.169703, 38.6861850000001], [-90.169677, 38.686175], [-90.169674, 38.6861740000001], [-90.1696709999999, 38.6861730000001], [-90.169673, 38.6861700000001], [-90.169674, 38.6861680000001], [-90.169634, 38.686153]]}, "properties": {"FID": 13341, "TYPEPIPE": "Interstate", "Operator": "Mississippi River Trans Corp", "Status": "Operating", "Shape_Leng": 0.00160214969131, "Shape__Length": 185.46400143845474}}, {"type": "Feature", "id": 13344, "geometry": {"type": "LineString", "coordinates": [[-90.1201609999999, 38.9157500000001], [-90.1201819999999, 38.915753], [-90.1201799999999, 38.915764], [-90.1201789999999, 38.9157690000001], [-90.1201819999999, 38.9157690000001], [-90.120186, 38.9157700000001], [-90.120193, 38.9157700000001], [-90.1202, 38.9157710000001], [-90.1202069999999, 38.9157720000001], [-90.120259, 38.915778], [-90.1203149999999, 38.915783], [-90.120339, 38.915786]]}, "properties": {"FID": 13344, "TYPEPIPE": "Interstate", "Operator": "Mississippi River Trans Corp", "Status": "Operating", "Shape_Leng": 0.000198512357837, "Shape__Length": 22.688267369442812}}, {"type": "Feature", "id": 13347, "geometry": {"type": "LineString", "coordinates": [[-90.114118, 38.66704], [-90.114101, 38.667037], [-90.1141019999999, 38.6670320000001], [-90.114161, 38.66704], [-90.114317, 38.66706], [-90.114369, 38.667067], [-90.114379, 38.667068], [-90.11436, 38.667157], [-90.1145089999999, 38.667176]]}, "properties": {"FID": 13347, "TYPEPIPE": "Interstate", "Operator": "Mississippi River Trans Corp", "Status": "Operating", "Shape_Leng": 0.00054290935756, "Shape__Length": 63.59293519517968}}, {"type": "Feature", "id": 13350, "geometry": {"type": "LineString", "coordinates": [[-90.1669399999999, 38.5949600000001], [-90.166934, 38.594931], [-90.166948, 38.5948940000001], [-90.166774, 38.5948530000001]]}, "properties": {"FID": 13350, "TYPEPIPE": "Interstate", "Operator": "Mississippi River Trans Corp", "Status": "Operating", "Shape_Leng": 0.00024793947585, "Shape__Length": 29.910342532517348}}, {"type": "Feature", "id": 13353, "geometry": {"type": "LineString", "coordinates": [[-90.1791949999999, 38.6759940000001], [-90.178997, 38.6754970000001], [-90.1799369999999, 38.675279], [-90.179919, 38.6751100000001], [-90.179923, 38.6751], [-90.179988, 38.674943], [-90.1789649999999, 38.6686290000001], [-90.178882, 38.668118], [-90.1788779999999, 38.6680910000001], [-90.178372, 38.668142], [-90.178055, 38.6682470000001], [-90.177989, 38.668261], [-90.177972, 38.6682650000001], [-90.1779549999999, 38.668217], [-90.177918, 38.6682240000001], [-90.177928, 38.6682510000001], [-90.177918, 38.668253], [-90.1779109999999, 38.668255], [-90.1779039999999, 38.668256]]}, "properties": {"FID": 13353, "TYPEPIPE": "Interstate", "Operator": "Mississippi River Trans Corp", "Status": "Operating", "Shape_Leng": 0.00986126749284, "Shape__Length": 1340.164997661284}}, {"type": "Feature", "id": 13356, "geometry": {"type": "LineString", "coordinates": [[-90.090588, 38.553303], [-90.090605, 38.5533060000001], [-90.090592, 38.5533830000001], [-90.09067, 38.553379], [-90.0906679999999, 38.5533960000001]]}, "properties": {"FID": 13356, "TYPEPIPE": "Interstate", "Operator": "Mississippi River Trans Corp", "Status": "Operating", "Shape_Leng": 0.000190572108103, "Shape__Length": 24.127560329420533}}, {"type": "Feature", "id": 13359, "geometry": {"type": "LineString", "coordinates": [[-90.134917, 38.8760780000001], [-90.1349289999999, 38.87607], [-90.134945, 38.8760960000001], [-90.134962, 38.876086]]}, "properties": {"FID": 13359, "TYPEPIPE": "Interstate", "Operator": "Mississippi River Trans Corp", "Status": "Operating", "Shape_Leng": 6.46739631428e-05, "Shape__Length": 8.253012158411517}}, {"type": "Feature", "id": 13362, "geometry": {"type": "LineString", "coordinates": [[-90.124949, 38.682283], [-90.125442, 38.682214], [-90.125556, 38.6822310000001], [-90.126268, 38.6824940000001], [-90.126649, 38.6822990000001], [-90.1271189999999, 38.6821890000001], [-90.127193, 38.682084], [-90.1274999999999, 38.68141], [-90.127894, 38.680799], [-90.129462, 38.6789680000001], [-90.130846, 38.678097], [-90.13695, 38.673611], [-90.137184, 38.673479], [-90.1374979999999, 38.6733810000001], [-90.146563, 38.672624], [-90.146821, 38.672646], [-90.14707, 38.672709], [-90.147949, 38.673119], [-90.1503259999999, 38.674241], [-90.150616, 38.674313], [-90.1555729999999, 38.674603], [-90.155877, 38.674851], [-90.156397, 38.6749760000001], [-90.158587, 38.67512], [-90.159074, 38.6751840000001], [-90.1603719999999, 38.6755440000001], [-90.160831, 38.67589], [-90.160897, 38.675916], [-90.161535, 38.6760340000001], [-90.1624439999999, 38.6764170000001], [-90.163037, 38.6767100000001], [-90.163309, 38.676817], [-90.163857, 38.677267], [-90.1692159999999, 38.6765350000001], [-90.1735399999999, 38.676812], [-90.174376, 38.6768750000001], [-90.1743729999999, 38.67639], [-90.1760199999999, 38.6765070000001], [-90.17715, 38.676522], [-90.178445, 38.676452], [-90.178663, 38.676429], [-90.17929, 38.675821], [-90.179468, 38.676267], [-90.185997, 38.674026]]}, "properties": {"FID": 13362, "TYPEPIPE": "Interstate", "Operator": "Mississippi River Trans Corp", "Status": "Operating", "Shape_Leng": 0.0670952427206, "Shape__Length": 7808.896160924747}}, {"type": "Feature", "id": 13365, "geometry": {"type": "LineString", "coordinates": [[-90.22559, 38.460049], [-90.225662, 38.4601290000001], [-90.225831, 38.460317], [-90.2259539999999, 38.460454], [-90.226211, 38.460602], [-90.226238, 38.4606180000001], [-90.226256, 38.460628], [-90.226274, 38.4606380000001], [-90.2263159999999, 38.4606630000001], [-90.226341, 38.460677], [-90.2263619999999, 38.4606890000001], [-90.2263829999999, 38.460701], [-90.2264039999999, 38.4607130000001], [-90.226407, 38.460715], [-90.226413, 38.460718], [-90.2283389999999, 38.4615210000001], [-90.228342, 38.4615220000001], [-90.228378, 38.461531], [-90.228437, 38.461546], [-90.228438, 38.461573], [-90.228446, 38.4618200000001], [-90.228447, 38.461847], [-90.228447, 38.4618740000001], [-90.228448, 38.4618990000001], [-90.228449, 38.461912], [-90.2284519999999, 38.462022], [-90.2284519999999, 38.4620360000001], [-90.2284529999999, 38.462047], [-90.2284529999999, 38.4620630000001], [-90.2284529999999, 38.462068], [-90.228473, 38.4626870000001], [-90.2285019999999, 38.4627100000001], [-90.234131, 38.4674390000001], [-90.2343759999999, 38.4676220000001], [-90.234406, 38.4676450000001], [-90.2347829999999, 38.467928], [-90.235197, 38.4682030000001], [-90.2352299999999, 38.4682250000001], [-90.235325, 38.468288], [-90.235359, 38.46831], [-90.2354759999999, 38.4683880000001], [-90.235733, 38.468559], [-90.236138, 38.4689450000001], [-90.237199, 38.469942], [-90.2381809999999, 38.4708650000001], [-90.2389019999999, 38.4715430000001], [-90.2389259999999, 38.4715650000001], [-90.23895, 38.4715870000001], [-90.239007, 38.471641], [-90.2390159999999, 38.4716500000001], [-90.2390589999999, 38.4716900000001], [-90.2391659999999, 38.471771], [-90.2391699999999, 38.4719170000001], [-90.239221, 38.4733820000001], [-90.239269, 38.47348], [-90.2393279999999, 38.4736040000001], [-90.240626, 38.475417], [-90.2406789999999, 38.4755210000001], [-90.2407219999999, 38.4756370000001], [-90.240706, 38.475761], [-90.240691, 38.475797], [-90.240513, 38.4762260000001], [-90.2403349999999, 38.476655], [-90.2402979999999, 38.476743], [-90.240283, 38.476862], [-90.2402989999999, 38.4769710000001], [-90.240345, 38.4770720000001], [-90.2406539999999, 38.47752], [-90.242244, 38.479829], [-90.243733, 38.481989], [-90.2437609999999, 38.4820950000001], [-90.2437649999999, 38.482203], [-90.243749, 38.4824070000001], [-90.2437429999999, 38.482491], [-90.243741, 38.4825240000001], [-90.243731, 38.482649], [-90.242602, 38.485422], [-90.242502, 38.485668], [-90.242248, 38.4860330000001], [-90.242153, 38.4861690000001], [-90.242113, 38.486274], [-90.242084, 38.4866190000001], [-90.24208, 38.486673], [-90.242103, 38.48679], [-90.242317, 38.4874590000001], [-90.2424599999999, 38.487934], [-90.2426159999999, 38.4886460000001], [-90.242624, 38.488683], [-90.242631, 38.488732], [-90.242634, 38.4887590000001], [-90.2426379999999, 38.4887860000001], [-90.2426409999999, 38.4888080000001], [-90.2426629999999, 38.4890070000001], [-90.242695, 38.4891630000001], [-90.242736, 38.489361], [-90.2429289999999, 38.490305], [-90.24298, 38.490639], [-90.243013, 38.4909640000001], [-90.2430179999999, 38.4910130000001], [-90.24303, 38.49105], [-90.2431089999999, 38.4912850000001], [-90.2430629999999, 38.492238], [-90.24305, 38.492513], [-90.243039, 38.4927490000001], [-90.243039, 38.492757], [-90.243031, 38.493252], [-90.2430229999999, 38.493752], [-90.243027, 38.4944370000001], [-90.2430449999999, 38.4978], [-90.243124, 38.4982900000001], [-90.24314, 38.499127], [-90.243172, 38.500795], [-90.2431789999999, 38.5011480000001], [-90.243388, 38.503134], [-90.243551, 38.5040040000001], [-90.243566, 38.504085], [-90.243799, 38.505325], [-90.243839, 38.50554], [-90.2439689999999, 38.5062330000001], [-90.244709, 38.510181], [-90.2446649999999, 38.5105110000001], [-90.244651, 38.5106190000001], [-90.2451129999999, 38.5130800000001], [-90.2451579999999, 38.513174], [-90.245309, 38.5134850000001], [-90.245483, 38.51448], [-90.2455889999999, 38.515563], [-90.245599, 38.516514], [-90.245624, 38.516599], [-90.245692, 38.516712], [-90.247287, 38.518712], [-90.247383, 38.518789], [-90.247609, 38.5189100000001], [-90.247832, 38.5189950000001], [-90.248617, 38.5192220000001], [-90.2487379999999, 38.519233], [-90.248803, 38.519239], [-90.248797, 38.5192750000001]]}, "properties": {"FID": 13365, "TYPEPIPE": "Interstate", "Operator": "Mississippi River Trans Corp", "Status": "Operating", "Shape_Leng": 0.0699841458154, "Shape__Length": 9441.851687527307}}, {"type": "Feature", "id": 13368, "geometry": {"type": "LineString", "coordinates": [[-90.248797, 38.5192750000001], [-90.257276, 38.5210670000001], [-90.257775, 38.5212020000001]]}, "properties": {"FID": 13368, "TYPEPIPE": "Interstate", "Operator": "Mississippi River Trans Corp", "Status": "Operating", "Shape_Leng": 0.00918323614345, "Shape__Length": 1036.4845379328272}}, {"type": "Feature", "id": 13371, "geometry": {"type": "LineString", "coordinates": [[-90.248792, 38.519292], [-90.257327, 38.5211100000001], [-90.257763, 38.5212270000001], [-90.257816, 38.521102]]}, "properties": {"FID": 13371, "TYPEPIPE": "Interstate", "Operator": "Mississippi River Trans Corp", "Status": "Operating", "Shape_Leng": 0.00931367141759, "Shape__Length": 1054.7430091863305}}, {"type": "Feature", "id": 13374, "geometry": {"type": "LineString", "coordinates": [[-90.2487849999999, 38.5193100000001], [-90.2573379999999, 38.5211400000001], [-90.25778, 38.521288]]}, "properties": {"FID": 13374, "TYPEPIPE": "Interstate", "Operator": "Mississippi River Trans Corp", "Status": "Operating", "Shape_Leng": 0.00921270286031, "Shape__Length": 1040.5962578159074}}, {"type": "Feature", "id": 13377, "geometry": {"type": "LineString", "coordinates": [[-90.248797, 38.5192750000001], [-90.248777, 38.5193330000001], [-90.257287, 38.521152], [-90.2577459999999, 38.5213400000001], [-90.257819, 38.5212300000001], [-90.2578559999999, 38.5211370000001]]}, "properties": {"FID": 13377, "TYPEPIPE": "Interstate", "Operator": "Mississippi River Trans Corp", "Status": "Operating", "Shape_Leng": 0.0094917025209, "Shape__Length": 1079.761216260973}}, {"type": "Feature", "id": 13380, "geometry": {"type": "LineString", "coordinates": [[-90.257816, 38.521102], [-90.2628339999999, 38.522334]]}, "properties": {"FID": 13380, "TYPEPIPE": "Interstate", "Operator": "Mississippi River Trans Corp", "Status": "Operating", "Shape_Leng": 0.00516702506279, "Shape__Length": 585.4600786484133}}, {"type": "Feature", "id": 13383, "geometry": {"type": "LineString", "coordinates": [[-90.2578559999999, 38.5211370000001], [-90.262823, 38.5223560000001]]}, "properties": {"FID": 13383, "TYPEPIPE": "Interstate", "Operator": "Mississippi River Trans Corp", "Status": "Operating", "Shape_Leng": 0.00511439634759, "Shape__Length": 579.4894384868234}}, {"type": "Feature", "id": 13386, "geometry": {"type": "LineString", "coordinates": [[-90.2144979999999, 38.441532], [-90.2147379999999, 38.441421]]}, "properties": {"FID": 13386, "TYPEPIPE": "Interstate", "Operator": "Mississippi River Trans Corp", "Status": "Operating", "Shape_Leng": 0.000264425793012, "Shape__Length": 31.026819820562647}}, {"type": "Feature", "id": 13389, "geometry": {"type": "LineString", "coordinates": [[-90.070015, 38.8334590000001], [-90.070004, 38.8327390000001], [-90.0692459999999, 38.832078], [-90.068839, 38.8317010000001], [-90.0682779999999, 38.831195], [-90.068028, 38.8309190000001], [-90.067682, 38.830479], [-90.067309, 38.8298970000001], [-90.0671169999999, 38.829458], [-90.067399, 38.828964], [-90.075255, 38.829083], [-90.075301, 38.829117], [-90.079849, 38.829393], [-90.0806239999999, 38.829149], [-90.080663, 38.829052], [-90.081874, 38.827227], [-90.082282, 38.826648], [-90.082552, 38.8262580000001], [-90.0827159999999, 38.8260580000001], [-90.083182, 38.825634], [-90.088692, 38.824712], [-90.089139, 38.8247430000001], [-90.089413, 38.824688]]}, "properties": {"FID": 13389, "TYPEPIPE": "Interstate", "Operator": "Mississippi River Trans Corp", "Status": "Operating", "Shape_Leng": 0.029670679342, "Shape__Length": 3524.877676716635}}, {"type": "Feature", "id": 13392, "geometry": {"type": "LineString", "coordinates": [[-90.081916, 38.582764], [-90.080915, 38.5831190000001], [-90.0808059999999, 38.583174]]}, "properties": {"FID": 13392, "TYPEPIPE": "Interstate", "Operator": "Mississippi River Trans Corp", "Status": "Operating", "Shape_Leng": 0.0011841758146, "Shape__Length": 136.8044584539739}}, {"type": "Feature", "id": 13395, "geometry": {"type": "LineString", "coordinates": [[-90.081892, 38.582773], [-90.0819, 38.5827850000001], [-90.081947, 38.582768], [-90.0821339999999, 38.5830940000001], [-90.082568, 38.5829410000001], [-90.0829009999999, 38.582393], [-90.0836869999999, 38.581734], [-90.083659, 38.58169], [-90.0836839999999, 38.5816800000001]]}, "properties": {"FID": 13395, "TYPEPIPE": "Interstate", "Operator": "Mississippi River Trans Corp", "Status": "Operating", "Shape_Leng": 0.00264643808649, "Shape__Length": 336.3937303497536}}, {"type": "Feature", "id": 13398, "geometry": {"type": "LineString", "coordinates": [[-90.197155, 38.54405], [-90.197165, 38.5440580000001], [-90.197128, 38.5441040000001], [-90.197146, 38.5441190000001]]}, "properties": {"FID": 13398, "TYPEPIPE": "Interstate", "Operator": "Mississippi River Trans Corp", "Status": "Operating", "Shape_Leng": 9.52708861544e-05, "Shape__Length": 12.255299148514112}}, {"type": "Feature", "id": 13401, "geometry": {"type": "LineString", "coordinates": [[-90.157024, 38.595642], [-90.15701, 38.5956320000001], [-90.156932, 38.595785]]}, "properties": {"FID": 13401, "TYPEPIPE": "Interstate", "Operator": "Mississippi River Trans Corp", "Status": "Operating", "Shape_Leng": 0.000188939911861, "Shape__Length": 25.569383021789786}}, {"type": "Feature", "id": 13404, "geometry": {"type": "LineString", "coordinates": [[-90.157976, 38.7011590000001], [-90.1579819999999, 38.701153], [-90.157876, 38.701086]]}, "properties": {"FID": 13404, "TYPEPIPE": "Interstate", "Operator": "Mississippi River Trans Corp", "Status": "Operating", "Shape_Leng": 0.0001338846434, "Shape__Length": 16.27021855178187}}, {"type": "Feature", "id": 13407, "geometry": {"type": "LineString", "coordinates": [[-90.0816619999999, 38.07455], [-90.0805999999999, 38.073898], [-90.080705, 38.073805], [-90.08062, 38.073743], [-90.080595, 38.0737560000001]]}, "properties": {"FID": 13407, "TYPEPIPE": "Interstate", "Operator": "Mississippi River Trans Corp", "Status": "Operating", "Shape_Leng": 0.00151982470022, "Shape__Length": 183.75271066471373}}, {"type": "Feature", "id": 13410, "geometry": {"type": "LineString", "coordinates": [[-90.129965, 38.2057], [-90.129914, 38.205722]]}, "properties": {"FID": 13410, "TYPEPIPE": "Interstate", "Operator": "Mississippi River Trans Corp", "Status": "Operating", "Shape_Leng": 5.55427762947e-05, "Shape__Length": 6.476497227924279}}, {"type": "Feature", "id": 13413, "geometry": {"type": "MultiLineString", "coordinates": [[[-90.113871, 38.747749], [-90.113871, 38.747727], [-90.1134699999999, 38.747277], [-90.113164, 38.7472720000001]], [[-90.113871, 38.7476790000001], [-90.113848, 38.747692], [-90.1138779999999, 38.747725], [-90.1138779999999, 38.747739], [-90.113885, 38.7477450000001], [-90.11389, 38.747749]]]}, "properties": {"FID": 13413, "TYPEPIPE": "Interstate", "Operator": "Mississippi River Trans Corp", "Status": "Operating", "Shape_Leng": 0.00103142596766, "Shape__Length": 128.31948915993414}}, {"type": "Feature", "id": 13416, "geometry": {"type": "LineString", "coordinates": [[-90.158294, 38.8828110000001], [-90.1582979999999, 38.882797], [-90.158486, 38.8828540000001], [-90.158454, 38.8829640000001], [-90.158465, 38.8829670000001]]}, "properties": {"FID": 13416, "TYPEPIPE": "Interstate", "Operator": "Mississippi River Trans Corp", "Status": "Operating", "Shape_Leng": 0.00033697301377, "Shape__Length": 41.9367895686341}}, {"type": "Feature", "id": 13419, "geometry": {"type": "LineString", "coordinates": [[-88.7914969999999, 38.60089], [-88.7914929999999, 38.600874], [-88.791568, 38.6008610000001], [-88.790372, 38.599967], [-88.7903709999999, 38.599953]]}, "properties": {"FID": 13419, "TYPEPIPE": "Interstate", "Operator": "Mississippi River Trans Corp", "Status": "Operating", "Shape_Leng": 0.0015998483491, "Shape__Length": 197.1039452512485}}, {"type": "Feature", "id": 13422, "geometry": {"type": "LineString", "coordinates": [[-90.1671689999999, 38.3313650000001], [-90.167282, 38.3313380000001]]}, "properties": {"FID": 13422, "TYPEPIPE": "Interstate", "Operator": "Mississippi River Trans Corp", "Status": "Operating", "Shape_Leng": 0.000116180893434, "Shape__Length": 13.149705413546275}}, {"type": "Feature", "id": 13425, "geometry": {"type": "LineString", "coordinates": [[-90.167132, 38.3312970000001], [-90.170083, 38.3305300000001], [-90.171029, 38.330231], [-90.1716949999999, 38.3299480000001], [-90.1722129999999, 38.3296750000001], [-90.172788, 38.3293120000001], [-90.173261, 38.328984], [-90.173539, 38.328827], [-90.173649, 38.328713], [-90.174064, 38.3285440000001], [-90.174199, 38.328519], [-90.174857, 38.328249], [-90.176007, 38.3279460000001], [-90.179612, 38.3271980000001], [-90.180169, 38.3271320000001], [-90.18069, 38.327122], [-90.181245, 38.327168], [-90.181631, 38.327231], [-90.182062, 38.3273850000001], [-90.183346, 38.3280370000001], [-90.1839649999999, 38.3282800000001], [-90.184061, 38.3283410000001], [-90.18415, 38.328361]]}, "properties": {"FID": 13425, "TYPEPIPE": "Interstate", "Operator": "Mississippi River Trans Corp", "Status": "Operating", "Shape_Leng": 0.0180489777212, "Shape__Length": 2075.392279862905}}, {"type": "Feature", "id": 13428, "geometry": {"type": "LineString", "coordinates": [[-90.082061, 38.094317], [-90.082075, 38.0943140000001], [-90.082093, 38.0938850000001], [-90.0821249999999, 38.093886]]}, "properties": {"FID": 13428, "TYPEPIPE": "Interstate", "Operator": "Mississippi River Trans Corp", "Status": "Operating", "Shape_Leng": 0.000475710898568, "Shape__Length": 65.89457225678655}}, {"type": "Feature", "id": 13431, "geometry": {"type": "LineString", "coordinates": [[-89.291038, 38.597645], [-89.291038, 38.5976620000001], [-89.291073, 38.5976620000001], [-89.291071, 38.5977310000001]]}, "properties": {"FID": 13431, "TYPEPIPE": "Interstate", "Operator": "Mississippi River Trans Corp", "Status": "Operating", "Shape_Leng": 0.000121028979457, "Shape__Length": 16.14811766191373}}, {"type": "Feature", "id": 13434, "geometry": {"type": "LineString", "coordinates": [[-88.939245, 38.5925800000001], [-88.939283, 38.5925780000001], [-88.9392809999999, 38.592537], [-88.939274, 38.592537], [-88.939229, 38.591816], [-88.939152, 38.591819], [-88.939151, 38.591803]]}, "properties": {"FID": 13434, "TYPEPIPE": "Interstate", "Operator": "Mississippi River Trans Corp", "Status": "Operating", "Shape_Leng": 0.000901593920283, "Shape__Length": 124.53625110567681}}, {"type": "Feature", "id": 13437, "geometry": {"type": "LineString", "coordinates": [[-89.553389, 38.624734], [-89.553342, 38.624869], [-89.5532899999999, 38.624851]]}, "properties": {"FID": 13437, "TYPEPIPE": "Interstate", "Operator": "Mississippi River Trans Corp", "Status": "Operating", "Shape_Leng": 0.000197974808834, "Shape__Length": 26.266206440237593}}, {"type": "Feature", "id": 13440, "geometry": {"type": "LineString", "coordinates": [[-90.0899459999999, 38.746612], [-90.089941, 38.746606], [-90.089886, 38.7465310000001], [-90.089894, 38.7463920000001], [-90.089892, 38.746111], [-90.0898789999999, 38.744333], [-90.089867, 38.7427480000001], [-90.08986, 38.74174], [-90.089859, 38.741637], [-90.0898569999999, 38.7415320000001], [-90.0898559999999, 38.741492], [-90.0898539999999, 38.7413570000001], [-90.089779, 38.7388980000001], [-90.0896539999999, 38.7348030000001], [-90.089648, 38.734585], [-90.0895629999999, 38.731809], [-90.0895639999999, 38.731636], [-90.0895649999999, 38.731594], [-90.0895649999999, 38.7315310000001], [-90.089566, 38.731454], [-90.089566, 38.7314400000001], [-90.089566, 38.731413], [-90.089567, 38.7313720000001], [-90.089568, 38.731201], [-90.0896019999999, 38.731055], [-90.089594, 38.7305420000001], [-90.089567, 38.7287210000001], [-90.089556, 38.727979], [-90.089533, 38.7264440000001], [-90.089529, 38.725709], [-90.089524, 38.7248880000001], [-90.089529, 38.724794], [-90.089535, 38.7246680000001], [-90.089552, 38.724311], [-90.089553, 38.724297], [-90.089556, 38.724274], [-90.089559, 38.7242370000001], [-90.089567, 38.724157], [-90.089576, 38.724071], [-90.089622, 38.7235430000001], [-90.089613, 38.7225510000001], [-90.0896049999999, 38.721662], [-90.089597, 38.72074], [-90.089597, 38.7207040000001], [-90.0896049999999, 38.720311], [-90.0896059999999, 38.7202520000001], [-90.089623, 38.7194420000001], [-90.089613, 38.719435], [-90.089574, 38.719406], [-90.089529, 38.7193710000001], [-90.089378, 38.7192590000001], [-90.08937, 38.71853], [-90.08937, 38.7185170000001], [-90.08937, 38.7184950000001], [-90.08937, 38.7184750000001], [-90.089354, 38.716976], [-90.089446, 38.7166930000001], [-90.0895429999999, 38.716444], [-90.089666, 38.716187], [-90.089834, 38.7159500000001], [-90.090003, 38.7157120000001], [-90.0902149999999, 38.715498], [-90.090428, 38.7153040000001], [-90.0905299999999, 38.7152300000001], [-90.0907, 38.715106], [-90.091246, 38.714813], [-90.093836, 38.713462], [-90.0938559999999, 38.713465], [-90.093979, 38.713486], [-90.094006, 38.71349], [-90.09403, 38.713494], [-90.09408, 38.7135030000001], [-90.0940859999999, 38.7135040000001], [-90.094123, 38.71351], [-90.0941529999999, 38.713515], [-90.098594, 38.711332], [-90.101234, 38.7100350000001], [-90.1013619999999, 38.709976], [-90.1016529999999, 38.709841], [-90.1022129999999, 38.709567], [-90.103413, 38.7089930000001], [-90.103709, 38.708829], [-90.103988, 38.708671], [-90.1042409999999, 38.708506], [-90.1045119999999, 38.70833], [-90.104674, 38.7082110000001], [-90.1090139999999, 38.704977], [-90.110887, 38.703581], [-90.111004, 38.7034850000001], [-90.111556, 38.7029470000001], [-90.111563, 38.7029400000001], [-90.111675, 38.70283], [-90.11173, 38.702777], [-90.1117849999999, 38.702723], [-90.11179, 38.7027190000001], [-90.111982, 38.7025310000001], [-90.111946, 38.7025110000001], [-90.1119159999999, 38.7024930000001], [-90.111779, 38.702414], [-90.1116959999999, 38.702367], [-90.111545, 38.702281], [-90.1114439999999, 38.7022220000001], [-90.111438, 38.7022190000001], [-90.1113339999999, 38.7021590000001], [-90.111301, 38.70214], [-90.110244, 38.701534], [-90.110326, 38.701448], [-90.110482, 38.701284], [-90.110627, 38.701133], [-90.110775, 38.7009770000001], [-90.111406, 38.7006180000001], [-90.111668, 38.70047], [-90.1121359999999, 38.700203], [-90.112194, 38.7001700000001], [-90.1128659999999, 38.6997890000001], [-90.114815, 38.6986810000001], [-90.1164879999999, 38.6972030000001], [-90.116587, 38.697124], [-90.1166269999999, 38.697092], [-90.1168, 38.6969250000001], [-90.116809, 38.696917], [-90.1169, 38.696829], [-90.116963, 38.6967690000001], [-90.1172549999999, 38.69651], [-90.117429, 38.696424], [-90.117531, 38.6963230000001], [-90.11765, 38.6962060000001], [-90.118168, 38.695697], [-90.118274, 38.695592], [-90.118283, 38.695584], [-90.118318, 38.695549], [-90.1183369999999, 38.695549], [-90.1185809999999, 38.695543], [-90.118692, 38.6954450000001], [-90.120119, 38.693878], [-90.120343, 38.6933110000001], [-90.1206129999999, 38.6926260000001], [-90.120756, 38.692263], [-90.120941, 38.6917940000001], [-90.121068, 38.691473], [-90.121942, 38.6891570000001], [-90.122289, 38.6882360000001], [-90.122449, 38.6879420000001], [-90.1224799999999, 38.687825], [-90.122325, 38.6876770000001], [-90.122261, 38.6876160000001], [-90.122233, 38.6875890000001], [-90.122176, 38.687534], [-90.122129, 38.68749], [-90.122065, 38.6874290000001], [-90.122021, 38.6873870000001], [-90.122, 38.687367], [-90.121968, 38.6873360000001], [-90.121964, 38.6872240000001], [-90.122462, 38.6863520000001], [-90.1228809999999, 38.6857410000001], [-90.123346, 38.685122], [-90.1237629999999, 38.684536], [-90.124138, 38.684043], [-90.124218, 38.6839370000001], [-90.124982, 38.6830370000001], [-90.125026, 38.6829210000001], [-90.12505, 38.682822], [-90.124988, 38.682751], [-90.1249339999999, 38.682635], [-90.124871, 38.6824970000001]]}, "properties": {"FID": 13440, "TYPEPIPE": "Interstate", "Operator": "Mississippi River Trans Corp", "Status": "Operating", "Shape_Leng": 0.0848198659178, "Shape__Length": 11146.517695327026}}, {"type": "Feature", "id": 13443, "geometry": {"type": "LineString", "coordinates": [[-90.106398, 38.1436370000001], [-90.106297, 38.143721]]}, "properties": {"FID": 13443, "TYPEPIPE": "Interstate", "Operator": "Mississippi River Trans Corp", "Status": "Operating", "Shape_Leng": 0.000131365901159, "Shape__Length": 16.36387484614459}}, {"type": "Feature", "id": 13446, "geometry": {"type": "LineString", "coordinates": [[-90.150741, 38.7085740000001], [-90.1507749999999, 38.7085980000001], [-90.150744, 38.708625], [-90.150721, 38.708608], [-90.150708, 38.708599], [-90.1507, 38.7085940000001], [-90.150651, 38.708558], [-90.1505779999999, 38.708507], [-90.1505029999999, 38.7084530000001], [-90.150409, 38.7083860000001], [-90.150355, 38.7083470000001], [-90.150319, 38.7083210000001], [-90.1501939999999, 38.7082320000001], [-90.1501709999999, 38.708216], [-90.1501499999999, 38.708201], [-90.150088, 38.7082560000001], [-90.150086, 38.7082580000001], [-90.15007, 38.708247]]}, "properties": {"FID": 13446, "TYPEPIPE": "Interstate", "Operator": "Mississippi River Trans Corp", "Status": "Operating", "Shape_Leng": 0.000917692233454, "Shape__Length": 113.08095599616647}}, {"type": "Feature", "id": 13449, "geometry": {"type": "LineString", "coordinates": [[-90.0042579999999, 38.7291900000001], [-90.004229, 38.729221], [-90.004399, 38.7292650000001], [-90.004381, 38.729296], [-90.0043669999999, 38.729291]]}, "properties": {"FID": 13449, "TYPEPIPE": "Interstate", "Operator": "Mississippi River Trans Corp", "Status": "Operating", "Shape_Leng": 0.000268764758275, "Shape__Length": 31.985293855787077}}, {"type": "Feature", "id": 13452, "geometry": {"type": "LineString", "coordinates": [[-89.372893, 38.596284], [-89.372895, 38.596236], [-89.3729069999999, 38.595627], [-89.373128, 38.5954180000001], [-89.373262, 38.5954150000001], [-89.373257, 38.595439]]}, "properties": {"FID": 13452, "TYPEPIPE": "Interstate", "Operator": "Mississippi River Trans Corp", "Status": "Operating", "Shape_Leng": 0.00111988303508, "Shape__Length": 150.5960771199441}}, {"type": "Feature", "id": 13455, "geometry": {"type": "LineString", "coordinates": [[-90.097879, 38.84045], [-90.0983409999999, 38.8405710000001]]}, "properties": {"FID": 13455, "TYPEPIPE": "Interstate", "Operator": "Mississippi River Trans Corp", "Status": "Operating", "Shape_Leng": 0.000477582453594, "Shape__Length": 54.25921472895902}}, {"type": "Feature", "id": 13458, "geometry": {"type": "LineString", "coordinates": [[-90.145254, 38.884536], [-90.145252, 38.884556], [-90.145296, 38.884555], [-90.1453069999999, 38.884446], [-90.1453289999999, 38.8844270000001], [-90.145593, 38.884423], [-90.145977, 38.88449], [-90.14714, 38.884462], [-90.147569, 38.884445], [-90.147846, 38.884667], [-90.148946, 38.8846580000001], [-90.149004, 38.8839570000001], [-90.148997, 38.8838300000001], [-90.149027, 38.8835940000001], [-90.1491509999999, 38.882118], [-90.148945, 38.8820470000001], [-90.1489349999999, 38.8818210000001], [-90.148914, 38.881823], [-90.148881, 38.8816170000001], [-90.1481699999999, 38.8814150000001], [-90.148592, 38.8806440000001], [-90.14898, 38.880336], [-90.149086, 38.880291], [-90.149079, 38.880278]]}, "properties": {"FID": 13458, "TYPEPIPE": "Interstate", "Operator": "Mississippi River Trans Corp", "Status": "Operating", "Shape_Leng": 0.00937116032028, "Shape__Length": 1179.102426238099}}, {"type": "Feature", "id": 13461, "geometry": {"type": "LineString", "coordinates": [[-90.157828, 38.7026270000001], [-90.157699, 38.7025410000001], [-90.157977, 38.702279], [-90.157388, 38.7018870000001], [-90.157631, 38.701507], [-90.157976, 38.7011590000001]]}, "properties": {"FID": 13461, "TYPEPIPE": "Interstate", "Operator": "Mississippi River Trans Corp", "Status": "Operating", "Shape_Leng": 0.00218564706095, "Shape__Length": 276.921545840535}}, {"type": "Feature", "id": 13464, "geometry": {"type": "LineString", "coordinates": [[-90.1568339999999, 38.5957670000001], [-90.1568799999999, 38.595764], [-90.1569229999999, 38.595762], [-90.1569489999999, 38.59576], [-90.1569689999999, 38.595759], [-90.156965, 38.595876], [-90.156982, 38.5958840000001], [-90.157051, 38.595916], [-90.1570809999999, 38.5959300000001], [-90.1571499999999, 38.595962], [-90.157178, 38.5959750000001], [-90.157222, 38.5959950000001], [-90.157403, 38.5960480000001], [-90.15743, 38.596056], [-90.157591, 38.5960920000001], [-90.157665, 38.596102], [-90.157743, 38.5961120000001], [-90.157762, 38.5961150000001], [-90.157977, 38.596116], [-90.1580969999999, 38.5961090000001], [-90.1581669999999, 38.5961050000001], [-90.158197, 38.596103], [-90.158317, 38.596096], [-90.158357, 38.5960910000001], [-90.15844, 38.59608], [-90.158507, 38.596072], [-90.1585269999999, 38.5960690000001], [-90.158597, 38.5960600000001], [-90.158654, 38.596053], [-90.159024, 38.596005], [-90.1599409999999, 38.595878], [-90.160342, 38.595823], [-90.160592, 38.595789], [-90.161039, 38.5957270000001], [-90.1616539999999, 38.595624], [-90.1617209999999, 38.5956130000001], [-90.161928, 38.5955920000001], [-90.162246, 38.595561], [-90.162294, 38.595513], [-90.1623309999999, 38.595538], [-90.163218, 38.5954210000001], [-90.163258, 38.5954150000001], [-90.1632979999999, 38.5954100000001], [-90.163505, 38.595383], [-90.163805, 38.5953430000001], [-90.164032, 38.595307], [-90.164052, 38.5953040000001], [-90.164053, 38.5953490000001], [-90.164521, 38.5952810000001], [-90.16723, 38.594922], [-90.1672349999999, 38.5949180000001], [-90.16732, 38.59484], [-90.167368, 38.594796], [-90.167518, 38.594773], [-90.167695, 38.594746], [-90.167895, 38.5947150000001], [-90.1679119999999, 38.5947120000001], [-90.167965, 38.594704], [-90.168098, 38.594686], [-90.1681849999999, 38.5946740000001], [-90.168245, 38.5946660000001], [-90.168265, 38.5946640000001], [-90.168382, 38.5946480000001], [-90.168425, 38.5946420000001], [-90.168449, 38.594639], [-90.1685219999999, 38.5946290000001], [-90.1685649999999, 38.5946230000001], [-90.168582, 38.5946210000001], [-90.168732, 38.5946010000001], [-90.168831, 38.59455], [-90.1689489999999, 38.5944900000001], [-90.16908, 38.594519], [-90.169193, 38.594543], [-90.169496, 38.594499], [-90.1695549999999, 38.594538], [-90.169565, 38.594545], [-90.169592, 38.5945630000001], [-90.169861, 38.594525], [-90.169882, 38.594504], [-90.1698949999999, 38.5944900000001], [-90.1699369999999, 38.5944480000001], [-90.1699389999999, 38.5944460000001], [-90.170249, 38.594406], [-90.170469, 38.5943770000001], [-90.170642, 38.59434], [-90.171003, 38.594178], [-90.171009, 38.5941760000001], [-90.1710119999999, 38.5941740000001], [-90.1710209999999, 38.5941700000001], [-90.171004, 38.594137], [-90.1710639999999, 38.5941110000001], [-90.171068, 38.59412]]}, "properties": {"FID": 13464, "TYPEPIPE": "Interstate", "Operator": "Mississippi River Trans Corp", "Status": "Operating", "Shape_Leng": 0.0148131617663, "Shape__Length": 1678.0823200055315}}, {"type": "Feature", "id": 13467, "geometry": {"type": "LineString", "coordinates": [[-90.090898, 38.652155], [-90.090931, 38.652154], [-90.0909379999999, 38.6520540000001], [-90.090908, 38.6520550000001], [-90.090908, 38.652049], [-90.09091, 38.6520370000001], [-90.092339, 38.652003], [-90.092339, 38.651998], [-90.092344, 38.651932], [-90.092389, 38.6512760000001], [-90.092396, 38.651171], [-90.09244, 38.6505230000001], [-90.0924469999999, 38.6505230000001], [-90.092496, 38.6505220000001], [-90.092816, 38.650515], [-90.0928489999999, 38.650514], [-90.092867, 38.65053], [-90.092887, 38.6505310000001], [-90.092998, 38.6505340000001], [-90.093008, 38.6505340000001], [-90.093103, 38.650537], [-90.093139, 38.650536], [-90.093149, 38.650536], [-90.0931789999999, 38.650535], [-90.09318, 38.650519], [-90.093181, 38.650509]]}, "properties": {"FID": 13467, "TYPEPIPE": "Interstate", "Operator": "Mississippi River Trans Corp", "Status": "Operating", "Shape_Leng": 0.00386571200879, "Shape__Length": 481.3411649185238}}, {"type": "Feature", "id": 13470, "geometry": {"type": "LineString", "coordinates": [[-90.093181, 38.6505100000001], [-90.0931869999999, 38.6504860000001], [-90.093201, 38.650429], [-90.093193, 38.6492240000001], [-90.09319, 38.648878], [-90.093189, 38.6487320000001], [-90.0931869999999, 38.648449], [-90.0931859999999, 38.64819], [-90.093183, 38.647885], [-90.0931679999999, 38.6456960000001], [-90.0931669999999, 38.645501], [-90.0931669999999, 38.645495], [-90.093132, 38.645498], [-90.092988, 38.6455100000001], [-90.092876, 38.645519], [-90.0928479999999, 38.645521], [-90.092813, 38.6455240000001], [-90.092799, 38.6455250000001], [-90.092787, 38.6448990000001], [-90.092608, 38.6449020000001], [-90.092594, 38.6449020000001]]}, "properties": {"FID": 13470, "TYPEPIPE": "Interstate", "Operator": "Mississippi River Trans Corp", "Status": "Operating", "Shape_Leng": 0.00620591743248, "Shape__Length": 866.9476666817253}}, {"type": "Feature", "id": 13473, "geometry": {"type": "LineString", "coordinates": [[-90.237216, 38.5159850000001], [-90.2487869999999, 38.519304]]}, "properties": {"FID": 13473, "TYPEPIPE": "Interstate", "Operator": "Mississippi River Trans Corp", "Status": "Operating", "Shape_Leng": 0.0120375995115, "Shape__Length": 1371.9082511433958}}, {"type": "Feature", "id": 13476, "geometry": {"type": "LineString", "coordinates": [[-90.171068, 38.59412], [-90.171076, 38.594135], [-90.171056, 38.594212], [-90.1710439999999, 38.5942380000001], [-90.171068, 38.5942420000001], [-90.171141, 38.594455]]}, "properties": {"FID": 13476, "TYPEPIPE": "Interstate", "Operator": "Mississippi River Trans Corp", "Status": "Operating", "Shape_Leng": 0.000374683868507, "Shape__Length": 51.5804942294474}}, {"type": "Feature", "id": 13479, "geometry": {"type": "LineString", "coordinates": [[-90.16105, 38.699572], [-90.161061, 38.699578], [-90.1610899999999, 38.699549], [-90.161095, 38.699552], [-90.16114, 38.699505], [-90.160377, 38.6991820000001], [-90.1604, 38.6991370000001], [-90.1603239999999, 38.699104], [-90.1602779999999, 38.6991170000001]]}, "properties": {"FID": 13479, "TYPEPIPE": "Interstate", "Operator": "Mississippi River Trans Corp", "Status": "Operating", "Shape_Leng": 0.00113418813602, "Shape__Length": 134.47754192136304}}, {"type": "Feature", "id": 13482, "geometry": {"type": "LineString", "coordinates": [[-90.1578709999999, 38.702593], [-90.157834, 38.7026260000001], [-90.157832, 38.7026230000001], [-90.157828, 38.7026270000001], [-90.1579359999999, 38.7027460000001], [-90.15794, 38.7027420000001]]}, "properties": {"FID": 13482, "TYPEPIPE": "Interstate", "Operator": "Mississippi River Trans Corp", "Status": "Operating", "Shape_Leng": 0.00022519906759, "Shape__Length": 28.98565934438372}}, {"type": "Feature", "id": 13485, "geometry": {"type": "LineString", "coordinates": [[-90.145812, 38.879396], [-90.145812, 38.8793910000001], [-90.14582, 38.8793910000001], [-90.145813, 38.8794330000001], [-90.145798, 38.8794330000001], [-90.145733, 38.87982], [-90.145091, 38.8801080000001], [-90.145054, 38.8801310000001], [-90.1450139999999, 38.8801490000001], [-90.144974, 38.880164], [-90.144932, 38.8801770000001], [-90.14489, 38.880188], [-90.144847, 38.8801990000001], [-90.143904, 38.8803350000001], [-90.143904, 38.8803530000001]]}, "properties": {"FID": 13485, "TYPEPIPE": "Interstate", "Operator": "Mississippi River Trans Corp", "Status": "Operating", "Shape_Leng": 0.00239931231906, "Shape__Length": 287.321384044997}}, {"type": "Feature", "id": 13488, "geometry": {"type": "LineString", "coordinates": [[-90.104337, 38.618683], [-90.104328, 38.6186710000001], [-90.10419, 38.618726], [-90.104434, 38.619112], [-90.104481, 38.6190920000001]]}, "properties": {"FID": 13488, "TYPEPIPE": "Interstate", "Operator": "Mississippi River Trans Corp", "Status": "Operating", "Shape_Leng": 0.000671287798871, "Shape__Length": 86.52264164989523}}, {"type": "Feature", "id": 13491, "geometry": {"type": "LineString", "coordinates": [[-90.136331, 38.69237], [-90.136294, 38.6923820000001]]}, "properties": {"FID": 13491, "TYPEPIPE": "Interstate", "Operator": "Mississippi River Trans Corp", "Status": "Operating", "Shape_Leng": 3.8897300705e-05, "Shape__Length": 4.46025264588792}}, {"type": "Feature", "id": 13494, "geometry": {"type": "LineString", "coordinates": [[-90.148185, 38.710745], [-90.148199, 38.710716], [-90.1481139999999, 38.7105760000001], [-90.150424, 38.7089100000001], [-90.150535, 38.7087720000001], [-90.1505339999999, 38.708756], [-90.150921, 38.708421], [-90.151421, 38.708], [-90.152278, 38.7073090000001], [-90.153474, 38.7062470000001], [-90.153804, 38.7059890000001], [-90.155018, 38.704935], [-90.1554869999999, 38.704572], [-90.155481, 38.704506], [-90.155557, 38.704437], [-90.155606, 38.7044330000001], [-90.15577, 38.7042950000001], [-90.156008, 38.704075], [-90.1568589999999, 38.703312], [-90.15709, 38.7031670000001], [-90.157392, 38.702879], [-90.157613, 38.702682], [-90.157815, 38.702617], [-90.157965, 38.702484], [-90.1580529999999, 38.702476], [-90.1583469999999, 38.702166], [-90.1583689999999, 38.702157], [-90.1588609999999, 38.7017040000001], [-90.158837, 38.70156], [-90.1608649999999, 38.6997500000001], [-90.161276, 38.699354], [-90.16295, 38.6978500000001], [-90.1631599999999, 38.697843], [-90.165421, 38.695816], [-90.165904, 38.6953490000001], [-90.1664669999999, 38.694779], [-90.16696, 38.694244], [-90.1673749999999, 38.6937770000001], [-90.167931, 38.693082], [-90.16812, 38.6928100000001], [-90.168445, 38.692282], [-90.16896, 38.691467], [-90.169222, 38.691063], [-90.16952, 38.6905330000001], [-90.169922, 38.6898590000001], [-90.1706619999999, 38.688391], [-90.170832, 38.687999], [-90.171091, 38.6873630000001], [-90.171284, 38.686864], [-90.171677, 38.6856480000001], [-90.171785, 38.685255], [-90.171843, 38.684999], [-90.1719369999999, 38.684493], [-90.172028, 38.684081], [-90.1722099999999, 38.68307], [-90.172248, 38.6827940000001], [-90.172267, 38.682783], [-90.172332, 38.6824], [-90.172318, 38.6823850000001], [-90.173175, 38.6774580000001], [-90.17326, 38.67708], [-90.1732949999999, 38.676858], [-90.174123, 38.6768740000001], [-90.1741289999999, 38.676473], [-90.1746429999999, 38.6764820000001], [-90.175011, 38.6765040000001], [-90.1754959999999, 38.6764630000001], [-90.176239, 38.676432], [-90.1766269999999, 38.6764030000001], [-90.177107, 38.676345], [-90.1776369999999, 38.6762620000001], [-90.178004, 38.6761720000001], [-90.1786899999999, 38.675976], [-90.1786959999999, 38.6759640000001], [-90.179541, 38.6757230000001], [-90.179695, 38.676049], [-90.18192, 38.675414], [-90.182038, 38.6753700000001], [-90.1877239999999, 38.676772]]}, "properties": {"FID": 13494, "TYPEPIPE": "Interstate", "Operator": "Mississippi River Trans Corp", "Status": "Operating", "Shape_Leng": 0.0595850570323, "Shape__Length": 7559.024119064356}}, {"type": "Feature", "id": 13497, "geometry": {"type": "LineString", "coordinates": [[-90.124655, 38.8729740000001], [-90.124666, 38.872963], [-90.124683, 38.8729740000001], [-90.1246849999999, 38.8753810000001], [-90.1246849999999, 38.875412], [-90.124651, 38.8754880000001], [-90.124613, 38.875571], [-90.124602, 38.875596], [-90.124587, 38.8756280000001]]}, "properties": {"FID": 13497, "TYPEPIPE": "Interstate", "Operator": "Mississippi River Trans Corp", "Status": "Operating", "Shape_Leng": 0.00271100373185, "Shape__Length": 385.8141843613565}}, {"type": "Feature", "id": 13500, "geometry": {"type": "LineString", "coordinates": [[-90.225383, 38.4600120000001], [-90.225224, 38.4599850000001], [-90.224813, 38.461716], [-90.224683, 38.4619640000001], [-90.224508, 38.4621890000001], [-90.224272, 38.462387], [-90.2239739999999, 38.462571], [-90.222409, 38.463374], [-90.221054, 38.463466], [-90.220683, 38.4640410000001], [-90.220793, 38.4641940000001], [-90.220961, 38.464454], [-90.220874, 38.464498], [-90.220671, 38.4645770000001], [-90.220209, 38.464617], [-90.218259, 38.4655250000001], [-90.215561, 38.4675100000001], [-90.212803, 38.4713820000001], [-90.212565, 38.471575], [-90.209951, 38.4730460000001], [-90.207345, 38.4754980000001], [-90.205394, 38.477836], [-90.2025869999999, 38.4812630000001], [-90.199444, 38.4833820000001], [-90.198934, 38.483982], [-90.196868, 38.485439], [-90.196042, 38.4861570000001], [-90.1946539999999, 38.487553], [-90.193932, 38.487986], [-90.187584, 38.4918420000001], [-90.183053, 38.496943], [-90.182835, 38.497129], [-90.17799, 38.500327], [-90.174879, 38.5025440000001], [-90.171527, 38.5046830000001], [-90.169111, 38.5062070000001], [-90.167478, 38.507034], [-90.1636939999999, 38.506991], [-90.16138, 38.506964], [-90.158445, 38.507794], [-90.1572829999999, 38.508744], [-90.154909, 38.5112740000001], [-90.1547439999999, 38.511447], [-90.150547, 38.513467], [-90.14715, 38.514573], [-90.146399, 38.514953], [-90.142465, 38.517814], [-90.1424279999999, 38.5179870000001], [-90.141831, 38.51836], [-90.141644, 38.5183450000001], [-90.141586, 38.5183720000001], [-90.141014, 38.518764], [-90.1375839999999, 38.5208960000001], [-90.136049, 38.521502], [-90.116652, 38.525339], [-90.110757, 38.526375], [-90.098916, 38.5276220000001], [-90.098803, 38.527683], [-90.098665, 38.5277750000001], [-90.0915369999999, 38.538369], [-90.091241, 38.539225], [-90.091201, 38.5429], [-90.0910649999999, 38.543864], [-90.090955, 38.551093], [-90.090472, 38.553998], [-90.090233, 38.5551990000001], [-90.090153, 38.556476], [-90.0904, 38.557387], [-90.0902849999999, 38.5594750000001], [-90.090477, 38.565608], [-90.090557, 38.5656520000001], [-90.090608, 38.5657570000001], [-90.090548, 38.566247], [-90.090446, 38.566516], [-90.090335, 38.5665070000001], [-90.0899899999999, 38.567169], [-90.089874, 38.567151], [-90.089754, 38.567213], [-90.089458, 38.567618], [-90.089507, 38.567682], [-90.088778, 38.568299], [-90.088276, 38.5688190000001], [-90.086984, 38.570165], [-90.086386, 38.5707790000001], [-90.085092, 38.571922], [-90.08467, 38.5725330000001], [-90.0834169999999, 38.573515], [-90.083028, 38.5740020000001], [-90.082326, 38.5745230000001], [-90.082678, 38.5751680000001], [-90.0831229999999, 38.5765190000001], [-90.083107, 38.5767900000001], [-90.0817289999999, 38.580474], [-90.08147, 38.581802], [-90.0815229999999, 38.5820790000001], [-90.084563, 38.5873760000001], [-90.086084, 38.5890620000001], [-90.087611, 38.5901700000001], [-90.089465, 38.5918310000001], [-90.08985, 38.59241], [-90.088664, 38.593579], [-90.0890689999999, 38.594812], [-90.08899, 38.594888], [-90.0869, 38.5965870000001], [-90.086676, 38.596914], [-90.081191, 38.60335], [-90.080906, 38.6036040000001], [-90.079082, 38.605711], [-90.078362, 38.606115], [-90.0764, 38.6092130000001], [-90.075208, 38.611752], [-90.0748839999999, 38.612128], [-90.07436, 38.6123710000001], [-90.073785, 38.6145020000001], [-90.0737599999999, 38.614564], [-90.073493, 38.6150260000001], [-90.073753, 38.618476], [-90.073664, 38.6186690000001], [-90.073739, 38.6197480000001], [-90.073886, 38.6199310000001], [-90.073987, 38.620799], [-90.074493, 38.6224500000001], [-90.07563, 38.627217], [-90.0751329999999, 38.628767], [-90.0745449999999, 38.629738], [-90.074182, 38.6304220000001], [-90.0742049999999, 38.6318210000001], [-90.074112, 38.6333720000001], [-90.074222, 38.641042], [-90.0743229999999, 38.6411360000001], [-90.080008, 38.641352], [-90.080169, 38.641425], [-90.080232, 38.6415190000001], [-90.080547, 38.642952], [-90.080261, 38.645808], [-90.0799489999999, 38.655821], [-90.0800419999999, 38.655916], [-90.080134, 38.656009], [-90.08028, 38.656052], [-90.081643, 38.656103], [-90.08194, 38.656192], [-90.082171, 38.656366], [-90.082242, 38.6566300000001], [-90.082226, 38.6588360000001], [-90.082227, 38.659549], [-90.082317, 38.660781], [-90.082371, 38.660898], [-90.082474, 38.660967], [-90.082656, 38.661032], [-90.084085, 38.661036], [-90.0844539999999, 38.6610820000001], [-90.086077, 38.661501], [-90.0869279999999, 38.661662], [-90.087226, 38.661766], [-90.089736, 38.6623760000001], [-90.089701, 38.663256], [-90.089801, 38.663345], [-90.090337, 38.6633630000001], [-90.090853, 38.6634690000001], [-90.093654, 38.664676], [-90.095362, 38.6643800000001], [-90.096148, 38.6650940000001], [-90.100444, 38.66729], [-90.1134, 38.674428], [-90.1137409999999, 38.674721], [-90.113859, 38.6749350000001], [-90.114092, 38.6757050000001], [-90.118131, 38.677781], [-90.1233369999999, 38.6807210000001], [-90.125644, 38.682217], [-90.1265509999999, 38.6827490000001], [-90.126654, 38.682844], [-90.1270069999999, 38.6834620000001], [-90.127034, 38.683569], [-90.127013, 38.6836950000001], [-90.126525, 38.6843020000001], [-90.126227, 38.684696], [-90.126003, 38.6850670000001], [-90.125171, 38.6863020000001], [-90.124964, 38.6867140000001], [-90.124701, 38.6871340000001], [-90.124141, 38.6880780000001], [-90.124501, 38.688341], [-90.124562, 38.6884430000001], [-90.124544, 38.688582], [-90.1228989999999, 38.6917080000001], [-90.12136, 38.693857], [-90.1208589999999, 38.6944130000001], [-90.119383, 38.695628], [-90.115852, 38.6984180000001], [-90.1114269999999, 38.701346], [-90.1132459999999, 38.703289], [-90.113378, 38.7057770000001], [-90.113311, 38.705856], [-90.113323, 38.706145], [-90.113369, 38.706261], [-90.113197, 38.7089960000001], [-90.112959, 38.7096920000001], [-90.112779, 38.7170410000001], [-90.11297, 38.7233230000001], [-90.113167, 38.725395], [-90.1131559999999, 38.7354100000001], [-90.113079, 38.739018], [-90.1131549999999, 38.7431550000001], [-90.113095, 38.74359], [-90.1132259999999, 38.7531080000001], [-90.112963, 38.7540730000001], [-90.1129559999999, 38.754505], [-90.1132229999999, 38.7616870000001], [-90.1128879999999, 38.7620660000001], [-90.112747, 38.7623090000001], [-90.110996, 38.764617], [-90.110871, 38.764647], [-90.1101829999999, 38.765535], [-90.110157, 38.765632], [-90.1074, 38.769102], [-90.099931, 38.7769910000001], [-90.094792, 38.779769], [-90.094707, 38.7798450000001], [-90.094672, 38.780017], [-90.0947209999999, 38.783962], [-90.0948299999999, 38.79141], [-90.0948299999999, 38.7915550000001], [-90.0927389999999, 38.795213], [-90.092439, 38.795639], [-90.09038, 38.798549], [-90.086649, 38.804406], [-90.086442, 38.804744], [-90.086554, 38.8054250000001], [-90.086757, 38.8057170000001], [-90.090425, 38.8243390000001], [-90.089799, 38.824733], [-90.090414, 38.8278760000001], [-90.0906439999999, 38.831154], [-90.0908249999999, 38.8319020000001], [-90.09109, 38.83324], [-90.091055, 38.833649], [-90.091142, 38.834102], [-90.09126, 38.834566], [-90.091616, 38.8360450000001], [-90.0916779999999, 38.8364800000001], [-90.0918159999999, 38.836912], [-90.091877, 38.8371670000001], [-90.091917, 38.8374480000001], [-90.092031, 38.837748], [-90.0921539999999, 38.8380560000001], [-90.092818, 38.838195], [-90.092976, 38.838399], [-90.0944029999999, 38.8405710000001], [-90.094499, 38.840959], [-90.094547, 38.8412900000001], [-90.094925, 38.842477], [-90.09531, 38.84252], [-90.0957969999999, 38.843504], [-90.0966569999999, 38.845263], [-90.096963, 38.8458890000001], [-90.097339, 38.8466290000001], [-90.097799, 38.847566], [-90.098106, 38.8481550000001], [-90.098212, 38.8484030000001], [-90.098479, 38.848846], [-90.098824, 38.8496400000001], [-90.101865, 38.855861], [-90.101827, 38.855986], [-90.101941, 38.856252], [-90.1021039999999, 38.856448], [-90.104047, 38.860261], [-90.104284, 38.860647], [-90.104463, 38.860919], [-90.104756, 38.861369], [-90.104994, 38.861612], [-90.105173, 38.861675], [-90.105329, 38.861852], [-90.105498, 38.8620930000001], [-90.1057519999999, 38.862265], [-90.105981, 38.86246], [-90.106138, 38.862585], [-90.106254, 38.86269], [-90.106435, 38.8625510000001]]}, "properties": {"FID": 13500, "TYPEPIPE": "Interstate", "Operator": "Mississippi River Trans Corp", "Status": "Operating", "Shape_Leng": 0.562840723847, "Shape__Length": 73386.97322694903}}, {"type": "Feature", "id": 13503, "geometry": {"type": "LineString", "coordinates": [[-90.162663, 38.8844530000001], [-90.162605, 38.884374], [-90.161726, 38.884095], [-90.161389, 38.883922], [-90.161326, 38.8838390000001], [-90.161268, 38.8838040000001], [-90.1598969999999, 38.88324], [-90.1591069999999, 38.8830350000001], [-90.158333, 38.882823], [-90.1560009999999, 38.8821120000001], [-90.155774, 38.8821790000001], [-90.14926, 38.880227], [-90.14891, 38.88034], [-90.1431939999999, 38.878629], [-90.142733, 38.8785120000001], [-90.138584, 38.877276], [-90.1382789999999, 38.8771350000001], [-90.136068, 38.8763900000001], [-90.1352919999999, 38.876222], [-90.1343879999999, 38.875906], [-90.133889, 38.8757570000001], [-90.132559, 38.875318], [-90.132192, 38.875255], [-90.129494, 38.87449], [-90.128844, 38.8748870000001], [-90.1285369999999, 38.8747910000001], [-90.125416, 38.8738910000001], [-90.1256069999999, 38.873498], [-90.124632, 38.8730180000001], [-90.1245249999999, 38.872873], [-90.124565, 38.872375], [-90.118952, 38.8694620000001], [-90.118679, 38.869197], [-90.117694, 38.868683], [-90.117307, 38.868474], [-90.117059, 38.868344], [-90.117037, 38.8682220000001], [-90.1166199999999, 38.8680180000001], [-90.1118749999999, 38.8654900000001], [-90.1073279999999, 38.8630810000001], [-90.106657, 38.8626770000001], [-90.106462, 38.862531], [-90.106282, 38.862396], [-90.1062429999999, 38.8621150000001], [-90.1064, 38.8619600000001], [-90.106217, 38.8599360000001], [-90.105739, 38.859657], [-90.1057059999999, 38.859362], [-90.105619, 38.8580400000001], [-90.105598, 38.858011], [-90.105562, 38.8575530000001], [-90.105541, 38.85751], [-90.105475, 38.8570350000001], [-90.1054589999999, 38.8566870000001], [-90.105432, 38.856341], [-90.105267, 38.855802], [-90.1045149999999, 38.8550000000001], [-90.1043339999999, 38.8548920000001], [-90.103731, 38.854246], [-90.1029839999999, 38.8535430000001], [-90.102476, 38.8525690000001], [-90.1034549999999, 38.851975], [-90.10265, 38.851178], [-90.10195, 38.8504280000001], [-90.100582, 38.848388], [-90.100173, 38.847698], [-90.0993979999999, 38.8459520000001], [-90.099245, 38.8455760000001], [-90.098737, 38.843943], [-90.098602, 38.8433650000001], [-90.098511, 38.8429340000001], [-90.0983419999999, 38.8415120000001], [-90.09833, 38.8409050000001], [-90.0983409999999, 38.8405710000001], [-90.098685, 38.8386840000001], [-90.09865, 38.83766], [-90.0988819999999, 38.8365630000001], [-90.09908, 38.835788], [-90.09943, 38.8349670000001], [-90.1000299999999, 38.833607], [-90.1004359999999, 38.83282], [-90.100905, 38.8313860000001], [-90.101196, 38.8301520000001], [-90.101343, 38.8283220000001], [-90.10313, 38.822126], [-90.103101, 38.82085], [-90.1034319999999, 38.819602], [-90.103962, 38.81735], [-90.104687, 38.8137370000001], [-90.104755, 38.813256], [-90.104543, 38.809823], [-90.1034529999999, 38.8072090000001], [-90.103279, 38.8065390000001], [-90.103117, 38.8063770000001], [-90.102987, 38.806312], [-90.1026429999999, 38.8062340000001], [-90.098114, 38.806319], [-90.0948509999999, 38.806289], [-90.090564, 38.8062860000001], [-90.090319, 38.8062860000001], [-90.090325, 38.804243], [-90.090355, 38.8041870000001], [-90.0903709999999, 38.7988], [-90.091769, 38.7969360000001], [-90.091839, 38.7968950000001], [-90.092047, 38.796628], [-90.0920589999999, 38.7965570000001], [-90.0929819999999, 38.795284], [-90.0951919999999, 38.791565], [-90.095202, 38.787289], [-90.095221, 38.7845570000001], [-90.0952569999999, 38.7802], [-90.100291, 38.777435], [-90.102399, 38.774981], [-90.1071939999999, 38.7695180000001], [-90.110157, 38.765632], [-90.11021, 38.7656160000001], [-90.110987, 38.764619], [-90.11193, 38.76336], [-90.112974, 38.7619960000001], [-90.113284, 38.761673], [-90.11524, 38.7595180000001], [-90.118143, 38.7563400000001], [-90.1197049999999, 38.754662], [-90.119918, 38.7544580000001], [-90.120844, 38.7537540000001], [-90.121481, 38.7532830000001], [-90.121793, 38.753042], [-90.122106, 38.7527860000001], [-90.123617, 38.750434], [-90.124061, 38.749739], [-90.124758, 38.748931], [-90.124962, 38.748681], [-90.125398, 38.7481500000001], [-90.125545, 38.7479660000001], [-90.1258, 38.747641], [-90.126294, 38.746973], [-90.1264439999999, 38.746747], [-90.1309229999999, 38.7399510000001], [-90.13388, 38.7354490000001], [-90.135666, 38.732156], [-90.135844, 38.731791], [-90.136094, 38.731338], [-90.137106, 38.7304080000001], [-90.137239, 38.7302800000001], [-90.137389, 38.730072], [-90.138686, 38.728103], [-90.139067, 38.727556], [-90.1408279999999, 38.724881], [-90.141025, 38.7244840000001], [-90.14111, 38.724346], [-90.141429, 38.7239260000001], [-90.141747, 38.723486], [-90.142572, 38.722206], [-90.142866, 38.7217600000001], [-90.142868, 38.721667], [-90.142657, 38.721295], [-90.14259, 38.721163], [-90.1430089999999, 38.7204830000001], [-90.143443, 38.719796], [-90.144078, 38.7187710000001], [-90.144459, 38.7181620000001], [-90.145402, 38.716665], [-90.145993, 38.715745], [-90.146661, 38.7147140000001], [-90.1468179999999, 38.714453], [-90.147195, 38.7138830000001], [-90.147352, 38.713665], [-90.147735, 38.713088], [-90.148184, 38.712413], [-90.148972, 38.7111810000001], [-90.148974, 38.7109120000001], [-90.148415, 38.7107950000001], [-90.148065, 38.7107260000001], [-90.147294, 38.710296], [-90.147211, 38.7098590000001], [-90.147162, 38.709727], [-90.147014, 38.7097610000001], [-90.146586, 38.7098360000001], [-90.1461839999999, 38.7098820000001], [-90.14595, 38.70989], [-90.145704, 38.709892], [-90.145348, 38.709868], [-90.145144, 38.709842], [-90.14489, 38.709801], [-90.1440489999999, 38.7095190000001], [-90.143838, 38.709439], [-90.143726, 38.7093780000001], [-90.1434779999999, 38.709207], [-90.142933, 38.7088200000001], [-90.141445, 38.707751], [-90.141294, 38.7076490000001], [-90.14111, 38.707549], [-90.140549, 38.707134], [-90.140509, 38.7071250000001], [-90.140246, 38.706935], [-90.140114, 38.7068330000001], [-90.140093, 38.706798], [-90.139037, 38.7060230000001], [-90.138652, 38.705719], [-90.1384209999999, 38.705547], [-90.138089, 38.7053270000001], [-90.137522, 38.7049010000001], [-90.137306, 38.704689], [-90.13715, 38.704506], [-90.136712, 38.703835], [-90.1366399999999, 38.703678], [-90.1365289999999, 38.7031910000001], [-90.136489, 38.7026900000001], [-90.136493, 38.7025390000001], [-90.136464, 38.701874], [-90.131604, 38.7018900000001], [-90.131586, 38.695943], [-90.136106, 38.6947040000001], [-90.136218, 38.694553], [-90.136218, 38.694484], [-90.136247, 38.6944600000001], [-90.136247, 38.694142], [-90.136218, 38.6941190000001], [-90.136216, 38.693344], [-90.13618, 38.693005], [-90.136252, 38.692594], [-90.136295, 38.692505], [-90.1362729999999, 38.690969], [-90.136249, 38.6906480000001], [-90.1362129999999, 38.688301], [-90.13546, 38.6879040000001], [-90.1317119999999, 38.687867], [-90.130548, 38.687682], [-90.126561, 38.687549], [-90.126577, 38.6870470000001], [-90.126318, 38.684777], [-90.125617, 38.683296], [-90.125437, 38.682915], [-90.1254049999999, 38.6828830000001], [-90.116877, 38.676996], [-90.1167149999999, 38.676878], [-90.11641, 38.676655], [-90.1149819999999, 38.675843], [-90.113209, 38.674856], [-90.112495, 38.674445], [-90.1121669999999, 38.6743200000001], [-90.106751, 38.6738920000001], [-90.10563, 38.673797], [-90.105106, 38.673763], [-90.104344, 38.6737350000001], [-90.103562, 38.673682], [-90.103478, 38.672061], [-90.103439, 38.672033], [-90.103422, 38.6716950000001], [-90.103458, 38.6716650000001], [-90.1032079999999, 38.6668500000001], [-90.102595, 38.6663760000001], [-90.102564, 38.6657940000001], [-90.102428, 38.6640760000001], [-90.10241, 38.6634250000001], [-90.102384, 38.663126], [-90.102253, 38.663141], [-90.100616, 38.663527], [-90.099274, 38.663823], [-90.096504, 38.664457], [-90.0958899999999, 38.6645790000001], [-90.095759, 38.664548], [-90.095178, 38.6639180000001], [-90.092779, 38.6644640000001], [-90.092675, 38.664205], [-90.093248, 38.662339], [-90.093294, 38.662161], [-90.093398, 38.6618250000001], [-90.092789, 38.661707], [-90.0928049999999, 38.6611990000001], [-90.092861, 38.6599150000001], [-90.092774, 38.6594010000001], [-90.09185, 38.6595120000001], [-90.0916549999999, 38.659527], [-90.090699, 38.6595300000001], [-90.090697, 38.6591790000001], [-90.090719, 38.6591510000001], [-90.090726, 38.6584920000001], [-90.090658, 38.6583620000001], [-90.090617, 38.6575800000001], [-90.0905299999999, 38.6541970000001], [-90.0905069999999, 38.653596], [-90.0904839999999, 38.652426], [-90.090436, 38.6523760000001], [-90.090445, 38.6522330000001], [-90.088761, 38.652155], [-90.08792, 38.652139], [-90.087938, 38.6513570000001], [-90.0879439999999, 38.6502610000001], [-90.080228, 38.6499710000001], [-90.079248, 38.649908], [-90.07924, 38.649609], [-90.07927, 38.648621], [-90.079291, 38.6477370000001], [-90.0793159999999, 38.6455510000001], [-90.0793399999999, 38.645184], [-90.079369, 38.6441070000001], [-90.079357, 38.6437010000001], [-90.079374, 38.6428970000001], [-90.0794059999999, 38.6426480000001], [-90.0794029999999, 38.6425570000001], [-90.0793399999999, 38.642002], [-90.079336, 38.641626], [-90.07942, 38.6414600000001], [-90.079421, 38.6392990000001], [-90.079468, 38.637756], [-90.079506, 38.6370840000001], [-90.079597, 38.6334360000001], [-90.079601, 38.632843], [-90.0795899999999, 38.632247], [-90.0796539999999, 38.629353], [-90.079715, 38.6272940000001], [-90.079752, 38.6263940000001], [-90.079573, 38.626244], [-90.079486, 38.623227], [-90.0796089999999, 38.621112], [-90.0801319999999, 38.6196610000001], [-90.081497, 38.6191460000001], [-90.083499, 38.6191190000001], [-90.083652, 38.61922], [-90.084051, 38.619222], [-90.084142, 38.619222], [-90.084642, 38.6192070000001], [-90.0929609999999, 38.619175], [-90.09338, 38.6191500000001], [-90.0944709999999, 38.6191840000001], [-90.095286, 38.619172], [-90.096214, 38.619173], [-90.0980469999999, 38.6192130000001], [-90.098396, 38.6192290000001], [-90.0994459999999, 38.6191640000001], [-90.09966, 38.619159], [-90.100569, 38.6191900000001], [-90.1015869999999, 38.619218], [-90.102612, 38.619236], [-90.1028659999999, 38.619198], [-90.103117, 38.619136], [-90.103643, 38.6190030000001], [-90.103936, 38.6188740000001], [-90.104567, 38.6185740000001], [-90.104798, 38.618393], [-90.104969, 38.6182370000001], [-90.105161, 38.618028], [-90.105524, 38.617507], [-90.1055679999999, 38.617329], [-90.1064029999999, 38.6159870000001], [-90.106598, 38.615704], [-90.106656, 38.6156610000001], [-90.106692, 38.6155830000001], [-90.106889, 38.6153330000001], [-90.106904, 38.615294], [-90.106824, 38.6151530000001], [-90.108266, 38.61222], [-90.108314, 38.6121400000001], [-90.109142, 38.610481], [-90.109719, 38.6093080000001], [-90.109906, 38.6088790000001], [-90.1101099999999, 38.6084670000001], [-90.11027, 38.608276], [-90.110602, 38.6075530000001], [-90.1108389999999, 38.606995], [-90.110962, 38.6066980000001], [-90.111191, 38.6062170000001], [-90.111263, 38.6060590000001], [-90.111191, 38.603756], [-90.111194, 38.6027780000001], [-90.1119179999999, 38.602333], [-90.113299, 38.601498], [-90.115224, 38.597474], [-90.115605, 38.596862], [-90.115783, 38.5966350000001], [-90.1162439999999, 38.596145], [-90.1164459999999, 38.595977], [-90.116975, 38.595581], [-90.11876, 38.594297], [-90.119046, 38.5941750000001], [-90.1197239999999, 38.593683], [-90.120508, 38.593218], [-90.12061, 38.593221], [-90.122159, 38.592115], [-90.122629, 38.591825], [-90.123735, 38.591029], [-90.1238269999999, 38.5909120000001], [-90.124405, 38.5905010000001], [-90.1252029999999, 38.5899150000001], [-90.126213, 38.5892000000001], [-90.1263729999999, 38.58936], [-90.1270049999999, 38.5889690000001], [-90.127686, 38.5885690000001], [-90.12841, 38.588124], [-90.128588, 38.588066], [-90.130596, 38.5868770000001], [-90.13085, 38.5867850000001], [-90.131513, 38.586671], [-90.131856, 38.586668], [-90.1320929999999, 38.586681], [-90.132334, 38.5867390000001], [-90.132717, 38.586844], [-90.1330409999999, 38.5869690000001], [-90.133244, 38.587071], [-90.133765, 38.587626], [-90.134067, 38.5877530000001], [-90.138359, 38.59142], [-90.1385959999999, 38.5917430000001], [-90.1400369999999, 38.593063], [-90.1410059999999, 38.593778], [-90.143251, 38.595827], [-90.143948, 38.5960890000001], [-90.1469719999999, 38.5982710000001], [-90.148061, 38.599245], [-90.1485059999999, 38.59961], [-90.149483, 38.6004760000001], [-90.1500559999999, 38.6010190000001], [-90.150294, 38.601228], [-90.1505989999999, 38.601032], [-90.150932, 38.600742], [-90.152006, 38.600078], [-90.152233, 38.5999140000001], [-90.152641, 38.599589], [-90.152833, 38.5997370000001], [-90.153645, 38.5989010000001], [-90.1545869999999, 38.598172], [-90.154754, 38.598006], [-90.154884, 38.597856], [-90.155542, 38.5973880000001], [-90.1563409999999, 38.596394], [-90.156891, 38.5958660000001], [-90.157009, 38.595667], [-90.1570629999999, 38.595577], [-90.15711, 38.595445], [-90.157524, 38.5949130000001], [-90.157998, 38.594096], [-90.158252, 38.593626], [-90.158358, 38.593402], [-90.158921, 38.592319], [-90.1591289999999, 38.591938], [-90.1593, 38.591643], [-90.159451, 38.591395], [-90.159756, 38.5909380000001], [-90.160855, 38.588267], [-90.161531, 38.5869070000001], [-90.161527, 38.5868880000001], [-90.160739, 38.586486], [-90.160731, 38.586465], [-90.160899, 38.586217], [-90.162516, 38.584316], [-90.162864, 38.5838850000001], [-90.163155, 38.5835480000001], [-90.1631849999999, 38.5835420000001], [-90.163422, 38.583267], [-90.163416, 38.583242], [-90.164253, 38.582268], [-90.166951, 38.5791990000001], [-90.167442, 38.578671], [-90.1684079999999, 38.5775320000001], [-90.168485, 38.577414], [-90.168668, 38.577213], [-90.168893, 38.576942], [-90.1692419999999, 38.576554], [-90.172037, 38.5733520000001], [-90.17232, 38.573004], [-90.1725939999999, 38.572614], [-90.172636, 38.5725360000001], [-90.172954, 38.5721790000001], [-90.173074, 38.5721050000001], [-90.174438, 38.5705310000001], [-90.1746009999999, 38.570315], [-90.175034, 38.5698400000001], [-90.1758149999999, 38.5689360000001], [-90.1791429999999, 38.5655560000001], [-90.179224, 38.5654630000001], [-90.17925, 38.565449], [-90.179473, 38.56519], [-90.1794849999999, 38.5651740000001], [-90.179503, 38.565141], [-90.179918, 38.5646590000001], [-90.180221, 38.56428], [-90.181102, 38.563246], [-90.181448, 38.562867], [-90.181793, 38.562459], [-90.182087, 38.5621590000001], [-90.183009, 38.561018], [-90.183524, 38.5604030000001], [-90.184606, 38.559063], [-90.184812, 38.5588210000001], [-90.185327, 38.55829], [-90.186092, 38.5573380000001], [-90.18677, 38.5565570000001], [-90.18727, 38.556095], [-90.187462, 38.5558960000001], [-90.189938, 38.553141], [-90.1930629999999, 38.549651], [-90.193184, 38.549516], [-90.19381, 38.548639], [-90.1939839999999, 38.5483820000001], [-90.1944369999999, 38.548186], [-90.194606, 38.5474510000001], [-90.194779, 38.5470940000001], [-90.195006, 38.5467330000001], [-90.19523, 38.546412], [-90.195757, 38.5457670000001], [-90.19658, 38.544743], [-90.19703, 38.544162], [-90.197101, 38.544117], [-90.197366, 38.5437900000001], [-90.1973869999999, 38.543704], [-90.1979029999999, 38.5431060000001], [-90.198379, 38.5426350000001], [-90.198564, 38.542519], [-90.199041, 38.541979], [-90.199313, 38.5417360000001], [-90.199953, 38.541209], [-90.2007629999999, 38.540512], [-90.202414, 38.5390630000001], [-90.2038929999999, 38.537785], [-90.205519, 38.536055], [-90.205589, 38.535764], [-90.2068379999999, 38.5338600000001], [-90.20692, 38.533781], [-90.2071529999999, 38.5336070000001], [-90.207859, 38.533216], [-90.210112, 38.531824], [-90.212453, 38.5305680000001], [-90.213111, 38.5302350000001], [-90.21343, 38.530047], [-90.214412, 38.529348], [-90.2157339999999, 38.5283640000001], [-90.216765, 38.5276430000001], [-90.2183009999999, 38.5268290000001], [-90.2217659999999, 38.525021], [-90.222514, 38.524525], [-90.22346, 38.524078], [-90.22388, 38.5239140000001], [-90.2250309999999, 38.5233200000001], [-90.225892, 38.522855], [-90.226839, 38.522367], [-90.22739, 38.522066], [-90.231429, 38.5199850000001], [-90.232332, 38.519524], [-90.233437, 38.51894], [-90.235962, 38.5179660000001], [-90.236081, 38.5178930000001], [-90.2361729999999, 38.5178030000001], [-90.236823, 38.5166600000001], [-90.237021, 38.516354], [-90.237296, 38.5158910000001], [-90.2373469999999, 38.5156440000001], [-90.243512, 38.505753], [-90.2439449999999, 38.5054700000001], [-90.24755, 38.4998840000001], [-90.253563, 38.488955], [-90.256096, 38.4843290000001], [-90.256247, 38.4843800000001], [-90.256459, 38.4839920000001], [-90.257602, 38.4832030000001], [-90.2576349999999, 38.483235]]}, "properties": {"FID": 13503, "TYPEPIPE": "Interstate", "Operator": "Mississippi River Trans Corp", "Status": "Operating", "Shape_Leng": 0.667997428754, "Shape__Length": 85628.19833231074}}, {"type": "Feature", "id": 13506, "geometry": {"type": "LineString", "coordinates": [[-90.276617, 38.477742], [-90.267118, 38.478081], [-90.266929, 38.4781300000001], [-90.258862, 38.4823890000001], [-90.258856, 38.482466], [-90.258423, 38.4826830000001], [-90.258501, 38.483079], [-90.2576999999999, 38.483186], [-90.2576349999999, 38.483235]]}, "properties": {"FID": 13506, "TYPEPIPE": "Interstate", "Operator": "Mississippi River Trans Corp", "Status": "Operating", "Shape_Leng": 0.0206772425939, "Shape__Length": 2389.5279102088316}}, {"type": "Feature", "id": 13509, "geometry": {"type": "LineString", "coordinates": [[-90.276604, 38.4777700000001], [-90.267124, 38.4781080000001], [-90.266945, 38.4781550000001], [-90.2588959999999, 38.482405], [-90.25889, 38.482482], [-90.258461, 38.482696], [-90.258541, 38.483103], [-90.257688, 38.4831810000001], [-90.257624, 38.483224]]}, "properties": {"FID": 13509, "TYPEPIPE": "Interstate", "Operator": "Mississippi River Trans Corp", "Status": "Operating", "Shape_Leng": 0.0206783254677, "Shape__Length": 2389.349469278171}}, {"type": "Feature", "id": 13512, "geometry": {"type": "LineString", "coordinates": [[-90.2257019999999, 38.460048], [-90.225808, 38.46006], [-90.2261329999999, 38.4602320000001], [-90.2262929999999, 38.460317], [-90.2263159999999, 38.4603290000001], [-90.226333, 38.460338], [-90.2263619999999, 38.460354], [-90.226423, 38.460386], [-90.226519, 38.4604370000001], [-90.2265419999999, 38.460449], [-90.226571, 38.4604640000001], [-90.226574, 38.4604660000001], [-90.226577, 38.460467], [-90.228683, 38.4612290000001], [-90.228721, 38.461243], [-90.2287219999999, 38.4612690000001], [-90.228741, 38.461841], [-90.228742, 38.4618780000001], [-90.228743, 38.461915], [-90.2287469999999, 38.4620370000001], [-90.2287479999999, 38.462066], [-90.22875, 38.4621030000001], [-90.228751, 38.462133], [-90.228751, 38.4621440000001], [-90.228752, 38.462162], [-90.228752, 38.4621730000001], [-90.228764, 38.4625390000001], [-90.22874, 38.462519], [-90.23259, 38.4656890000001], [-90.23269, 38.4657720000001], [-90.232879, 38.4659280000001], [-90.2329769999999, 38.466008], [-90.234337, 38.4671290000001], [-90.234772, 38.4674870000001], [-90.235021, 38.467692], [-90.235084, 38.467717], [-90.235099, 38.467723], [-90.2351429999999, 38.46774], [-90.235241, 38.4677790000001], [-90.235282, 38.4677950000001], [-90.235423, 38.4678510000001], [-90.2354789999999, 38.467873], [-90.235542, 38.467898], [-90.2356389999999, 38.467967], [-90.235689, 38.468017], [-90.2365119999999, 38.4688380000001], [-90.236599, 38.4689240000001], [-90.236755, 38.4690800000001], [-90.236842, 38.469167], [-90.23747, 38.469793], [-90.237556, 38.469879], [-90.237949, 38.470271], [-90.23813, 38.470451], [-90.2383619999999, 38.4706830000001], [-90.2384039999999, 38.470716], [-90.2384529999999, 38.470755], [-90.238636, 38.4709], [-90.238648, 38.4709100000001], [-90.2386729999999, 38.4709290000001], [-90.238681, 38.4709350000001], [-90.23869, 38.470943], [-90.2391279999999, 38.4712890000001], [-90.239224, 38.471365], [-90.2409009999999, 38.472693], [-90.241, 38.4727710000001], [-90.241427, 38.4731090000001], [-90.241526, 38.4731880000001], [-90.2423409999999, 38.4738330000001], [-90.242405, 38.4738840000001], [-90.24244, 38.473911], [-90.242538, 38.4739890000001], [-90.242556, 38.474003], [-90.242825, 38.4742160000001], [-90.242924, 38.474294], [-90.2436519999999, 38.4748710000001], [-90.243704, 38.4749120000001], [-90.243749, 38.474947], [-90.244129, 38.4752490000001], [-90.244228, 38.475327], [-90.24549, 38.476326], [-90.2455889999999, 38.4764040000001], [-90.245638, 38.4764430000001], [-90.245687, 38.476482], [-90.2457909999999, 38.4765640000001], [-90.2458549999999, 38.476615], [-90.245954, 38.4766930000001], [-90.246221, 38.476905], [-90.2464209999999, 38.4770630000001], [-90.246229, 38.477624], [-90.2460819999999, 38.478055], [-90.246068, 38.4780970000001], [-90.24593, 38.4784990000001], [-90.2454719999999, 38.4798410000001], [-90.245422, 38.4800740000001], [-90.245417, 38.480126], [-90.245398, 38.4803440000001], [-90.245483, 38.480371], [-90.245558, 38.480395], [-90.245754, 38.4804560000001], [-90.2460619999999, 38.480553], [-90.24893, 38.481457], [-90.2489429999999, 38.481461], [-90.249172, 38.4815340000001], [-90.249381, 38.4815990000001], [-90.2496429999999, 38.481682], [-90.2499999999999, 38.481794], [-90.25031, 38.4818920000001], [-90.254068, 38.483077], [-90.255079, 38.483395], [-90.2552419999999, 38.4834470000001], [-90.255389, 38.4834930000001], [-90.256053, 38.483702], [-90.256449, 38.4838270000001], [-90.2561389999999, 38.484361]]}, "properties": {"FID": 13512, "TYPEPIPE": "Interstate", "Operator": "Mississippi River Trans Corp", "Status": "Operating", "Shape_Leng": 0.0431752657792, "Shape__Length": 5318.098005678065}}, {"type": "Feature", "id": 13515, "geometry": {"type": "LineString", "coordinates": [[-88.576194, 38.635448], [-88.587975, 38.6283910000001], [-88.600204, 38.625657], [-88.605491, 38.62408], [-88.609593, 38.623451], [-88.62102, 38.622176], [-88.6315949999999, 38.619851], [-88.636836, 38.619241], [-88.64435, 38.6177010000001], [-88.6631649999999, 38.614429], [-88.6684309999999, 38.6133390000001], [-88.687575, 38.61127], [-88.6987569999999, 38.609581], [-88.71131, 38.6097], [-88.717427, 38.60977], [-88.731343, 38.607398], [-88.732833, 38.607127], [-88.7329799999999, 38.607079], [-88.7359289999999, 38.605648], [-88.736037, 38.605594], [-88.736171, 38.605558], [-88.737565, 38.605571], [-88.74013, 38.605447], [-88.749108, 38.604647], [-88.757684, 38.603824], [-88.757851, 38.6038100000001], [-88.764331, 38.604622], [-88.771123, 38.6040360000001], [-88.781174, 38.6027], [-88.792177, 38.6007710000001], [-88.80027, 38.6005210000001], [-88.807589, 38.5995300000001], [-88.809719, 38.5993290000001], [-88.81742, 38.597533], [-88.8222509999999, 38.597476], [-88.826383, 38.5970510000001], [-88.8413649999999, 38.5962650000001], [-88.8474869999999, 38.5959510000001], [-88.852834, 38.5959930000001], [-88.855069, 38.5954890000001], [-88.8612869999999, 38.5954080000001], [-88.863843, 38.595404], [-88.864559, 38.595451], [-88.868924, 38.595403], [-88.875602, 38.5952110000001], [-88.8757669999999, 38.595172], [-88.8759029999999, 38.595135], [-88.880355, 38.591972], [-88.880445, 38.5918960000001], [-88.881114, 38.591169], [-88.881233, 38.591095], [-88.8814109999999, 38.591053], [-88.885032, 38.590678], [-88.902624, 38.591329], [-88.902795, 38.591327], [-88.904873, 38.590881], [-88.9062259999999, 38.590829], [-88.9105289999999, 38.5909490000001], [-88.915351, 38.5920360000001], [-88.920651, 38.5919460000001], [-88.9232, 38.5914730000001], [-88.931992, 38.5913860000001], [-88.938543, 38.591826], [-88.942485, 38.5916750000001], [-88.942603, 38.5916710000001], [-88.942734, 38.591617], [-88.948838, 38.5890840000001], [-88.9489589999999, 38.5890640000001], [-88.953157, 38.5887300000001], [-88.9653279999999, 38.5896920000001], [-88.970615, 38.588914], [-88.973294, 38.5892270000001], [-88.973464, 38.589255], [-88.9736329999999, 38.589259], [-88.9765429999999, 38.5905450000001], [-88.977181, 38.5910210000001], [-88.977288, 38.5910450000001], [-88.977444, 38.591038], [-88.982096, 38.590962], [-88.986012, 38.5910890000001], [-88.9952919999999, 38.5910080000001], [-88.998733, 38.5911310000001], [-88.998838, 38.591147], [-88.998969, 38.591184], [-88.9991, 38.591233], [-88.999299, 38.591393], [-88.9994129999999, 38.591444], [-88.999566, 38.5914740000001], [-89.0002489999999, 38.5915200000001], [-89.000344, 38.5914970000001], [-89.000487, 38.591466], [-89.001446, 38.591103], [-89.001588, 38.591061], [-89.004465, 38.590944], [-89.023321, 38.591077], [-89.023492, 38.5910930000001], [-89.037231, 38.5919010000001], [-89.045267, 38.5921520000001], [-89.045382, 38.5921650000001], [-89.045562, 38.592232], [-89.04905, 38.594116], [-89.049205, 38.5942150000001], [-89.0493889999999, 38.5942370000001], [-89.0600259999999, 38.594257], [-89.0830559999999, 38.5943300000001], [-89.08322, 38.594252], [-89.087607, 38.592942], [-89.087712, 38.5928660000001], [-89.088395, 38.592535], [-89.088541, 38.5925070000001], [-89.088674, 38.5924810000001], [-89.08883, 38.5925280000001], [-89.090693, 38.5932270000001], [-89.09084, 38.5932710000001], [-89.091019, 38.5932770000001], [-89.0960929999999, 38.592927], [-89.107118, 38.593235], [-89.109858, 38.5932730000001], [-89.1149579999999, 38.593285], [-89.1242559999999, 38.593128], [-89.14129, 38.593986], [-89.149411, 38.5941950000001], [-89.151353, 38.5942220000001], [-89.163788, 38.5946290000001], [-89.168937, 38.5954080000001], [-89.177141, 38.5957960000001], [-89.178166, 38.5958450000001], [-89.1784039999999, 38.595956], [-89.18281, 38.5961570000001], [-89.1830209999999, 38.596081], [-89.1852279999999, 38.5953420000001], [-89.195879, 38.5956570000001], [-89.210551, 38.596096], [-89.2283439999999, 38.596909], [-89.232963, 38.5971230000001], [-89.234595, 38.5971510000001], [-89.244108, 38.5975950000001], [-89.252891, 38.5976200000001], [-89.2544139999999, 38.5976220000001], [-89.259844, 38.597627], [-89.263144, 38.5973730000001], [-89.273737, 38.597342], [-89.281533, 38.597785], [-89.2892439999999, 38.597607], [-89.291714, 38.5976590000001], [-89.3186909999999, 38.5974190000001], [-89.326244, 38.597267], [-89.338044, 38.595935], [-89.3471049999999, 38.5959050000001], [-89.351421, 38.5966470000001], [-89.3536549999999, 38.597379], [-89.353833, 38.5974], [-89.355544, 38.597452], [-89.36035, 38.5969650000001], [-89.3618989999999, 38.5967650000001], [-89.3711249999999, 38.596304], [-89.374379, 38.5962670000001], [-89.376771, 38.5963190000001], [-89.381336, 38.596487], [-89.382875, 38.5966060000001], [-89.389465, 38.5970630000001], [-89.4092239999999, 38.5983370000001], [-89.410813, 38.598332], [-89.423977, 38.598373], [-89.430261, 38.598353], [-89.4318939999999, 38.5983680000001], [-89.448587, 38.598354], [-89.457153, 38.5983110000001], [-89.4594719999999, 38.5984790000001], [-89.462508, 38.598648], [-89.4657759999999, 38.5988810000001], [-89.47579, 38.5988350000001], [-89.475983, 38.598806], [-89.483475, 38.6022800000001], [-89.485038, 38.6030220000001], [-89.4851599999999, 38.6030930000001], [-89.485295, 38.6032020000001], [-89.4861319999999, 38.604406], [-89.486206, 38.6045250000001], [-89.48635, 38.6045730000001], [-89.486495, 38.6045780000001], [-89.487184, 38.6045750000001], [-89.4873669999999, 38.604615], [-89.491075, 38.605888], [-89.494711, 38.6073180000001], [-89.5006899999999, 38.609176], [-89.5008299999999, 38.60924], [-89.500954, 38.609385], [-89.5014189999999, 38.6101120000001], [-89.5015, 38.6101880000001], [-89.501645, 38.6102930000001], [-89.506671, 38.612419], [-89.5080359999999, 38.613034], [-89.520945, 38.6178870000001], [-89.524757, 38.618789], [-89.526353, 38.619135], [-89.53441, 38.620802], [-89.537842, 38.6215550000001], [-89.5418299999999, 38.621836], [-89.543446, 38.621717], [-89.5436339999999, 38.621815], [-89.543798, 38.6219630000001], [-89.544724, 38.6224760000001], [-89.545172, 38.622597], [-89.5459989999999, 38.6233050000001], [-89.552697, 38.6245860000001], [-89.5586729999999, 38.6258580000001], [-89.571543, 38.6287800000001], [-89.579696, 38.6306260000001], [-89.580485, 38.6308800000001], [-89.5815459999999, 38.6310730000001], [-89.5844529999999, 38.6316160000001], [-89.593491, 38.6338000000001], [-89.595111, 38.6341800000001], [-89.606615, 38.6363680000001], [-89.612659, 38.6383300000001], [-89.623443, 38.6410000000001], [-89.6288939999999, 38.6423570000001], [-89.633846, 38.643606], [-89.637985, 38.6449450000001], [-89.64552, 38.647369], [-89.64867, 38.648236], [-89.650859, 38.6491770000001], [-89.659099, 38.651348], [-89.661408, 38.65204], [-89.669371, 38.6549820000001], [-89.669504, 38.655016], [-89.680605, 38.6549200000001], [-89.687147, 38.654952], [-89.695453, 38.6548500000001], [-89.6957179999999, 38.6548500000001], [-89.702072, 38.6566490000001], [-89.704146, 38.657319], [-89.705448, 38.6576210000001], [-89.720677, 38.6620340000001], [-89.7214269999999, 38.662408], [-89.723563, 38.662925], [-89.740127, 38.668033], [-89.743755, 38.6691950000001], [-89.746526, 38.6699320000001], [-89.7490969999999, 38.670466], [-89.752887, 38.671253], [-89.753766, 38.671291], [-89.7539129999999, 38.671322], [-89.7585779999999, 38.673597], [-89.771532, 38.6778150000001], [-89.771716, 38.677826], [-89.776665, 38.677918], [-89.7768609999999, 38.6779080000001], [-89.777168, 38.6776760000001], [-89.777279, 38.6776520000001], [-89.77833, 38.677617], [-89.789369, 38.677099], [-89.795963, 38.6771120000001], [-89.806184, 38.6774110000001], [-89.806336, 38.677442], [-89.8085339999999, 38.678432], [-89.809994, 38.6789130000001], [-89.818335, 38.682622], [-89.8230129999999, 38.6854530000001], [-89.823233, 38.6854870000001], [-89.8355989999999, 38.6874], [-89.8357559999999, 38.6874300000001], [-89.844755, 38.6913870000001], [-89.8495169999999, 38.693791], [-89.85669, 38.6980600000001], [-89.8568309999999, 38.698107], [-89.856983, 38.698114], [-89.862245, 38.698677], [-89.862366, 38.6986880000001], [-89.862488, 38.6987290000001], [-89.863599, 38.699282], [-89.8637659999999, 38.699305], [-89.868859, 38.7002190000001], [-89.875175, 38.7019530000001], [-89.88911, 38.702225], [-89.890077, 38.7020900000001], [-89.890189, 38.7020830000001], [-89.890344, 38.7021280000001], [-89.891793, 38.702416], [-89.891963, 38.7025150000001], [-89.8933889999999, 38.7034360000001], [-89.893517, 38.7035020000001], [-89.90603, 38.707314], [-89.913756, 38.7097640000001], [-89.913894, 38.709791], [-89.918784, 38.709752], [-89.9259039999999, 38.7096990000001], [-89.928264, 38.709705], [-89.9284049999999, 38.709751], [-89.9285149999999, 38.7098080000001], [-89.928535, 38.709929], [-89.9284749999999, 38.713265], [-89.928532, 38.71385], [-89.928553, 38.7143110000001], [-89.928569, 38.714699], [-89.928555, 38.7165120000001], [-89.928568, 38.7166110000001], [-89.9286999999999, 38.716662], [-89.929111, 38.7168990000001], [-89.929225, 38.716946], [-89.929412, 38.716977], [-89.932177, 38.7169890000001], [-89.933844, 38.716796], [-89.934107, 38.7169170000001], [-89.934275, 38.7169020000001], [-89.934412, 38.71689], [-89.9345669999999, 38.7168360000001], [-89.934704, 38.716763], [-89.935754, 38.716053], [-89.9359009999999, 38.7160230000001], [-89.93706, 38.7157540000001], [-89.937222, 38.715756], [-89.9374, 38.7157970000001], [-89.9386909999999, 38.716457], [-89.938863, 38.716509], [-89.9392539999999, 38.716572], [-89.940643, 38.7166160000001], [-89.941404, 38.716619], [-89.946417, 38.716802], [-89.952599, 38.717568], [-89.9559179999999, 38.7175950000001], [-89.9576269999999, 38.71779], [-89.958765, 38.717766], [-89.959408, 38.7177300000001], [-89.962284, 38.7176440000001], [-89.9635939999999, 38.717727], [-89.964217, 38.717924], [-89.96431, 38.7179980000001], [-89.964625, 38.7183830000001], [-89.964732, 38.718435], [-89.9659569999999, 38.718532], [-89.967679, 38.7186580000001], [-89.967978, 38.718712], [-89.971377, 38.7192140000001], [-89.973199, 38.7194860000001], [-89.973491, 38.7194900000001], [-89.973797, 38.719475], [-89.974881, 38.7193940000001], [-89.975719, 38.7193780000001], [-89.9763819999999, 38.7194220000001], [-89.9770349999999, 38.719499], [-89.980661, 38.71995], [-89.982003, 38.7198990000001], [-89.982114, 38.7199210000001], [-89.982246, 38.7200020000001], [-89.982534, 38.720403], [-89.982922, 38.7208400000001], [-89.983682, 38.722114], [-89.9849759999999, 38.7220330000001], [-89.9852739999999, 38.7219890000001], [-89.990511, 38.7218270000001], [-89.9909939999999, 38.7218120000001], [-89.9911509999999, 38.7218540000001], [-89.991303, 38.7218950000001], [-89.99163, 38.7221010000001], [-89.9917779999999, 38.7221300000001], [-89.991996, 38.722181], [-89.992962, 38.7222810000001], [-89.993079, 38.7223220000001], [-89.993167, 38.7223880000001], [-89.993267, 38.7224830000001], [-89.993399, 38.722716], [-89.993488, 38.722812], [-89.9936019999999, 38.722916], [-89.994108, 38.723169], [-89.9942789999999, 38.7233120000001], [-89.995348, 38.7236860000001], [-89.9970929999999, 38.72441], [-89.997985, 38.724811], [-89.998499, 38.7250900000001], [-89.999085, 38.725528], [-89.9993479999999, 38.7258], [-90.001857, 38.728306], [-90.002755, 38.728685], [-90.004921, 38.729412], [-90.005062, 38.729456], [-90.0128119999999, 38.7295], [-90.016214, 38.73011], [-90.016316, 38.7301590000001], [-90.016868, 38.7306070000001], [-90.0170419999999, 38.730628], [-90.020523, 38.7307040000001], [-90.0208279999999, 38.7307210000001], [-90.0223779999999, 38.730726], [-90.022544, 38.7307660000001], [-90.0228719999999, 38.731166], [-90.022991, 38.731211], [-90.0249469999999, 38.7318060000001], [-90.0337689999999, 38.733368], [-90.03389, 38.733436], [-90.034886, 38.7345100000001], [-90.0349879999999, 38.7345920000001], [-90.0351239999999, 38.7346390000001], [-90.0388389999999, 38.735573], [-90.038857, 38.7356590000001], [-90.040336, 38.73603], [-90.040471, 38.736003], [-90.0405269999999, 38.7360140000001], [-90.0406379999999, 38.7360570000001], [-90.041686, 38.7363770000001], [-90.046792, 38.738045], [-90.05884, 38.744339], [-90.05896, 38.744358], [-90.075383, 38.744759], [-90.078091, 38.7448130000001], [-90.078257, 38.744823], [-90.0783699999999, 38.7448690000001], [-90.078495, 38.744914], [-90.0796099999999, 38.746112], [-90.0797439999999, 38.7461710000001], [-90.0798599999999, 38.7461690000001], [-90.081363, 38.7456950000001], [-90.082588, 38.745725], [-90.085338, 38.74618], [-90.085819, 38.746473], [-90.085972, 38.7465100000001], [-90.0958419999999, 38.746696], [-90.096378, 38.746987], [-90.103527, 38.747105], [-90.103987, 38.746853], [-90.107174, 38.746904], [-90.109087, 38.7469520000001], [-90.1133749999999, 38.7470640000001], [-90.113659, 38.74713], [-90.1199069999999, 38.7509860000001], [-90.122734, 38.7520480000001], [-90.123824, 38.752437], [-90.128368, 38.7536840000001], [-90.131864, 38.754552], [-90.134246, 38.7552640000001], [-90.138631, 38.756418], [-90.143896, 38.7588020000001], [-90.147218, 38.759933], [-90.1504649999999, 38.761242], [-90.150582, 38.761309], [-90.150699, 38.7613880000001], [-90.155406, 38.7707570000001], [-90.155827, 38.771751], [-90.155858, 38.7716280000001], [-90.156058, 38.771686], [-90.156196, 38.772065], [-90.156322, 38.7720380000001]]}, "properties": {"FID": 13515, "TYPEPIPE": "Interstate", "Operator": "Mississippi River Trans Corp", "Status": "Operating", "Shape_Leng": 1.63460300836, "Shape__Length": 185149.3759754046}}, {"type": "Feature", "id": 13518, "geometry": {"type": "LineString", "coordinates": [[-90.156324, 38.7720400000001], [-90.1563649999999, 38.772026], [-90.156505, 38.771977], [-90.156777, 38.771625], [-90.1569239999999, 38.7715480000001], [-90.157075, 38.771738], [-90.160381, 38.775922], [-90.160452, 38.776011]]}, "properties": {"FID": 13518, "TYPEPIPE": "Interstate", "Operator": "Mississippi River Trans Corp", "Status": "Operating", "Shape_Leng": 0.00649148355113, "Shape__Length": 849.0099584423454}}, {"type": "Feature", "id": 13521, "geometry": {"type": "LineString", "coordinates": [[-90.156324, 38.7720380000001], [-90.1563639999999, 38.772022], [-90.1564999999999, 38.7719700000001], [-90.1567659999999, 38.771621], [-90.156915, 38.771529], [-90.1570849999999, 38.771738], [-90.160425, 38.775852], [-90.160521, 38.775971]]}, "properties": {"FID": 13521, "TYPEPIPE": "Interstate", "Operator": "Mississippi River Trans Corp", "Status": "Operating", "Shape_Leng": 0.00652402769333, "Shape__Length": 851.6003551058747}}, {"type": "Feature", "id": 13524, "geometry": {"type": "LineString", "coordinates": [[-90.084716, 38.0304860000001], [-90.0846079999999, 38.030668], [-90.084643, 38.03079], [-90.086535, 38.039271], [-90.086894, 38.044671], [-90.086668, 38.047399], [-90.086105, 38.048841], [-90.084929, 38.052938], [-90.0833039999999, 38.066288], [-90.082882, 38.068519], [-90.082775, 38.068781], [-90.080618, 38.0741860000001], [-90.079258, 38.0761860000001], [-90.079, 38.0771750000001], [-90.078174, 38.0813430000001], [-90.079356, 38.0862050000001], [-90.079549, 38.0883890000001], [-90.0808279999999, 38.0901440000001], [-90.08127, 38.090606], [-90.0814819999999, 38.0911610000001], [-90.081648, 38.092491], [-90.0821349999999, 38.0951830000001], [-90.08306, 38.0970550000001], [-90.083157, 38.097337], [-90.0832359999999, 38.0991010000001], [-90.0824, 38.103209], [-90.0834849999999, 38.1052110000001], [-90.0846289999999, 38.1087610000001], [-90.0846539999999, 38.109048], [-90.084261, 38.1096160000001], [-90.084327, 38.1099530000001], [-90.084521, 38.111183], [-90.0852629999999, 38.1121870000001], [-90.0863419999999, 38.114003], [-90.086579, 38.1146370000001], [-90.0866779999999, 38.116298], [-90.086312, 38.117783], [-90.0861829999999, 38.1196390000001], [-90.085659, 38.121582], [-90.085716, 38.121876], [-90.087307, 38.1248440000001], [-90.0879629999999, 38.125504], [-90.089535, 38.126765], [-90.090662, 38.1277850000001], [-90.095724, 38.133767], [-90.096847, 38.1345820000001], [-90.0994899999999, 38.135865], [-90.100724, 38.137165], [-90.10481, 38.141756], [-90.113734, 38.152321], [-90.117252, 38.156172], [-90.1195309999999, 38.159251], [-90.1198459999999, 38.160939], [-90.1203649999999, 38.168211], [-90.12076, 38.17091], [-90.120741, 38.1763310000001], [-90.121467, 38.179287], [-90.12269, 38.1807170000001], [-90.123231, 38.1822510000001], [-90.122964, 38.183366], [-90.123185, 38.1856040000001], [-90.123786, 38.188143], [-90.126635, 38.1956010000001], [-90.127835, 38.20002], [-90.128864, 38.203581], [-90.1301579999999, 38.2060710000001], [-90.131399, 38.207357], [-90.1329709999999, 38.2145080000001], [-90.136242, 38.222243], [-90.137074, 38.226681], [-90.137861, 38.2293750000001], [-90.139306, 38.2327520000001], [-90.139734, 38.233525], [-90.140605, 38.23634], [-90.141243, 38.2386700000001], [-90.1411599999999, 38.2399070000001], [-90.140706, 38.2407160000001], [-90.140791, 38.2426530000001], [-90.1421999999999, 38.245119], [-90.1419339999999, 38.251586], [-90.142073, 38.252959], [-90.1426499999999, 38.256786], [-90.1422399999999, 38.263543], [-90.1419959999999, 38.267259], [-90.141722, 38.276772], [-90.141915, 38.2821950000001], [-90.143337, 38.286], [-90.147534, 38.2953400000001], [-90.154356, 38.3062550000001], [-90.156713, 38.3135720000001], [-90.158578, 38.317869], [-90.161053, 38.3202380000001], [-90.164281, 38.3256410000001], [-90.167299, 38.331626], [-90.171229, 38.335791], [-90.174746, 38.341121], [-90.1782699999999, 38.344316], [-90.179184, 38.3453470000001], [-90.18162, 38.3484050000001], [-90.182718, 38.3498710000001], [-90.183949, 38.35143], [-90.1843849999999, 38.3545570000001], [-90.187757, 38.360031], [-90.189337, 38.3637650000001], [-90.190013, 38.3651150000001], [-90.1904969999999, 38.366028], [-90.192582, 38.3687810000001], [-90.193546, 38.372476], [-90.194651, 38.375911], [-90.19955, 38.3844500000001], [-90.2023359999999, 38.387278], [-90.205632, 38.395467], [-90.207983, 38.402758], [-90.2094959999999, 38.413077], [-90.2110199999999, 38.416839], [-90.211896, 38.420847], [-90.2119259999999, 38.4243690000001], [-90.212114, 38.4260760000001], [-90.212859, 38.4277250000001], [-90.212845, 38.4293460000001], [-90.211043, 38.4322730000001], [-90.212185, 38.4390490000001], [-90.213173, 38.44142], [-90.213918, 38.442414], [-90.218377, 38.447823], [-90.221825, 38.4510240000001], [-90.2240169999999, 38.452168], [-90.224723, 38.452771], [-90.225836, 38.454663], [-90.2263149999999, 38.4561620000001], [-90.2255489999999, 38.4599000000001]]}, "properties": {"FID": 13524, "TYPEPIPE": "Interstate", "Operator": "Mississippi River Trans Corp", "Status": "Operating", "Shape_Leng": 0.47734078915, "Shape__Length": 65248.19919265569}}, {"type": "Feature", "id": 13527, "geometry": {"type": "LineString", "coordinates": [[-90.0941109999999, 38.017954], [-90.094214, 38.0185000000001], [-90.0942019999999, 38.0188000000001], [-90.094182, 38.0190920000001], [-90.094137, 38.019383], [-90.094061, 38.0196730000001], [-90.093958, 38.019994], [-90.0938199999999, 38.020273], [-90.093657, 38.0205610000001], [-90.093488, 38.020833], [-90.093305, 38.0211380000001], [-90.093085, 38.021367], [-90.092818, 38.0215870000001], [-90.092418, 38.0218360000001], [-90.090354, 38.02285], [-90.084707, 38.0304820000001]]}, "properties": {"FID": 13527, "TYPEPIPE": "Interstate", "Operator": "Mississippi River Trans Corp", "Status": "Operating", "Shape_Leng": 0.0163263461663, "Shape__Length": 2128.601992490696}}, {"type": "Feature", "id": 13530, "geometry": {"type": "LineString", "coordinates": [[-90.093914, 38.0178480000001], [-90.093937, 38.0182770000001], [-90.093922, 38.018832], [-90.093897, 38.019127], [-90.09381, 38.019435], [-90.093691, 38.0197450000001], [-90.0935679999999, 38.02005], [-90.093444, 38.020335], [-90.093285, 38.0206140000001], [-90.093108, 38.0208930000001], [-90.09289, 38.021171], [-90.092315, 38.021686], [-90.090342, 38.0228450000001], [-90.0847249999999, 38.03049]]}, "properties": {"FID": 13530, "TYPEPIPE": "Interstate", "Operator": "Mississippi River Trans Corp", "Status": "Operating", "Shape_Leng": 0.0161242809256, "Shape__Length": 2111.662363734511}}, {"type": "Feature", "id": 13533, "geometry": {"type": "LineString", "coordinates": [[-90.093722, 38.0177440000001], [-90.093621, 38.018825], [-90.093551, 38.019144], [-90.093491, 38.0194250000001], [-90.09336, 38.019747], [-90.093049, 38.0203050000001], [-90.092697, 38.020882], [-90.0925139999999, 38.02115], [-90.092051, 38.0216510000001], [-90.0903289999999, 38.022839], [-90.084695, 38.0304760000001], [-90.084716, 38.0304860000001]]}, "properties": {"FID": 13533, "TYPEPIPE": "Interstate", "Operator": "Mississippi River Trans Corp", "Status": "Operating", "Shape_Leng": 0.015974264464, "Shape__Length": 2099.8812290649503}}, {"type": "Feature", "id": 13536, "geometry": {"type": "LineString", "coordinates": [[-90.0935699999999, 38.017663], [-90.093285, 38.0188940000001], [-90.093222, 38.0191800000001], [-90.0929829999999, 38.019772], [-90.092675, 38.020385], [-90.092261, 38.0209990000001], [-90.0918829999999, 38.0214920000001], [-90.090316, 38.022836], [-90.084737, 38.030496], [-90.084716, 38.0304860000001]]}, "properties": {"FID": 13536, "TYPEPIPE": "Interstate", "Operator": "Mississippi River Trans Corp", "Status": "Operating", "Shape_Leng": 0.0158066470487, "Shape__Length": 2086.999784021872}}, {"type": "Feature", "id": 13539, "geometry": {"type": "LineString", "coordinates": [[-90.084777, 38.0305990000001], [-90.084708, 38.0306780000001], [-90.086631, 38.039266], [-90.087047, 38.044667], [-90.086803, 38.047373], [-90.0862289999999, 38.0488540000001], [-90.085053, 38.0529310000001], [-90.0835489999999, 38.066355], [-90.082958, 38.068922], [-90.082413, 38.07003], [-90.081934, 38.074144], [-90.0818859999999, 38.074282], [-90.080463, 38.075874], [-90.080436, 38.0759880000001], [-90.080415, 38.076106], [-90.08041, 38.0763670000001], [-90.080526, 38.0770580000001], [-90.080527, 38.077143], [-90.080481, 38.077297], [-90.080401, 38.0773750000001], [-90.079337, 38.078766], [-90.0784399999999, 38.080431], [-90.0783699999999, 38.080678], [-90.078411, 38.080925], [-90.0784839999999, 38.081215], [-90.07874, 38.081757], [-90.0796789999999, 38.0842020000001], [-90.0800619999999, 38.0858190000001], [-90.080072, 38.0859520000001], [-90.080066, 38.08606], [-90.0793639999999, 38.088514], [-90.079329, 38.0894010000001], [-90.079551, 38.0903440000001], [-90.0799489999999, 38.0908630000001], [-90.0805819999999, 38.0913830000001], [-90.0813909999999, 38.0923700000001], [-90.081484, 38.092612], [-90.0819069999999, 38.095315], [-90.0821979999999, 38.0957980000001], [-90.082836, 38.097063], [-90.082984, 38.0978940000001], [-90.083019, 38.0987870000001], [-90.0821129999999, 38.103285], [-90.0821299999999, 38.1033820000001], [-90.08216, 38.1035010000001], [-90.0824719999999, 38.1040550000001], [-90.0828539999999, 38.1046430000001], [-90.083548, 38.106117], [-90.084005, 38.107309], [-90.0840039999999, 38.1074300000001], [-90.083896, 38.108148], [-90.0838639999999, 38.10877], [-90.083998, 38.1093950000001], [-90.0839289999999, 38.110483], [-90.0839479999999, 38.110597], [-90.084012, 38.110751], [-90.084393, 38.1111700000001], [-90.084441, 38.1113290000001], [-90.084533, 38.1115330000001], [-90.084615, 38.1117600000001], [-90.0851259999999, 38.112599], [-90.0855799999999, 38.113318], [-90.085991, 38.113834], [-90.0862089999999, 38.1141920000001], [-90.086329, 38.1146600000001], [-90.086448, 38.1158530000001], [-90.08642, 38.116435], [-90.0860939999999, 38.117598], [-90.0860969999999, 38.117711], [-90.0861359999999, 38.1178380000001], [-90.086419, 38.1183290000001], [-90.086445, 38.118449], [-90.086417, 38.119937], [-90.085941, 38.121713], [-90.085976, 38.121876], [-90.085997, 38.1220110000001], [-90.086422, 38.122844], [-90.087153, 38.1239430000001], [-90.087503, 38.1246590000001], [-90.087909, 38.125168], [-90.089883, 38.1269310000001], [-90.090898, 38.127843], [-90.0915639999999, 38.128637], [-90.093264, 38.130591], [-90.094251, 38.1317730000001], [-90.095894, 38.133612], [-90.096911, 38.13431], [-90.097588, 38.134691], [-90.099682, 38.1356890000001], [-90.100519, 38.1363270000001], [-90.1005729999999, 38.136461], [-90.10077, 38.13683], [-90.105025, 38.1417510000001], [-90.109186, 38.1467420000001], [-90.109444, 38.147155], [-90.1098029999999, 38.1474640000001], [-90.114074, 38.1524250000001], [-90.1175239999999, 38.1560520000001], [-90.1189219999999, 38.15808], [-90.119044, 38.158265], [-90.1195079999999, 38.1587030000001], [-90.119587, 38.158799], [-90.11965, 38.1589230000001], [-90.120051, 38.160853], [-90.120506, 38.166188], [-90.120706, 38.1682410000001], [-90.120801, 38.1697090000001], [-90.121007, 38.171116], [-90.120805, 38.176338], [-90.121538, 38.17929], [-90.1227939999999, 38.1807180000001], [-90.123363, 38.182265], [-90.123119, 38.1833540000001], [-90.1234009999999, 38.1852910000001], [-90.12327, 38.185654], [-90.123278, 38.185799], [-90.123548, 38.186245], [-90.123816, 38.1879200000001], [-90.126738, 38.195705], [-90.127324, 38.1977210000001], [-90.127912, 38.199888], [-90.128974, 38.2036170000001], [-90.130392, 38.206125], [-90.131512, 38.207315], [-90.1320039999999, 38.20946], [-90.1331029999999, 38.2144690000001], [-90.1364549999999, 38.2221930000001], [-90.137301, 38.2266220000001], [-90.138066, 38.2293450000001], [-90.139532, 38.2327770000001], [-90.13996, 38.233554], [-90.1407399999999, 38.2361230000001], [-90.14144, 38.2386540000001], [-90.1413699999999, 38.239922], [-90.141002, 38.240621], [-90.140861, 38.2409860000001], [-90.140934, 38.2420760000001], [-90.141057, 38.2427000000001], [-90.142419, 38.245099], [-90.142398, 38.2463440000001], [-90.142195, 38.251431], [-90.142348, 38.252736], [-90.142823, 38.2566350000001], [-90.1428519999999, 38.257004], [-90.1427839999999, 38.2589620000001], [-90.14215, 38.267754], [-90.14207, 38.270901], [-90.151247, 38.2757590000001], [-90.151331, 38.2758670000001], [-90.151421, 38.2759760000001], [-90.1514289999999, 38.276102], [-90.151628, 38.277137], [-90.151691, 38.277232], [-90.151754, 38.2773540000001], [-90.1543739999999, 38.280125], [-90.159531, 38.2838130000001], [-90.181002, 38.298438], [-90.182226, 38.299742], [-90.182271, 38.299858], [-90.182287, 38.299961], [-90.182633, 38.3024520000001], [-90.1826579999999, 38.3025750000001], [-90.182784, 38.302629], [-90.183779, 38.3036030000001], [-90.184185, 38.304136], [-90.18421, 38.30427], [-90.183602, 38.3193360000001], [-90.1832669999999, 38.32124], [-90.182812, 38.324688], [-90.182847, 38.324803], [-90.182888, 38.324914], [-90.183408, 38.3258290000001], [-90.184208, 38.327791], [-90.184252, 38.3279250000001], [-90.1841029999999, 38.328559], [-90.184134, 38.328678], [-90.184489, 38.329818], [-90.184494, 38.329958], [-90.18414, 38.3358690000001], [-90.1842829999999, 38.3414720000001], [-90.184359, 38.3441280000001], [-90.1848389999999, 38.345311], [-90.184964, 38.345397], [-90.185487, 38.345874], [-90.185545, 38.345989], [-90.185906, 38.346997], [-90.186341, 38.347856], [-90.187174, 38.34862], [-90.186921, 38.349697], [-90.18704, 38.3498250000001], [-90.187084, 38.3500940000001], [-90.187131, 38.357577], [-90.187167, 38.3576860000001], [-90.187237, 38.357805], [-90.187761, 38.35852], [-90.188588, 38.3599300000001], [-90.190253, 38.3633590000001], [-90.190821, 38.364672], [-90.19181, 38.3661490000001], [-90.193587, 38.3685320000001], [-90.1936709999999, 38.368678], [-90.19467, 38.3723620000001], [-90.19591, 38.375882], [-90.200371, 38.384193], [-90.200845, 38.3847040000001], [-90.202148, 38.3858520000001], [-90.203021, 38.38705], [-90.2057119999999, 38.3954190000001], [-90.207743, 38.4009150000001], [-90.208331, 38.402765], [-90.209786, 38.4125710000001], [-90.2103229999999, 38.414108], [-90.210934, 38.4156330000001], [-90.21138, 38.4168300000001], [-90.214376, 38.4215060000001], [-90.2145369999999, 38.425457], [-90.214911, 38.4264840000001], [-90.214864, 38.427582], [-90.214871, 38.428101], [-90.215008, 38.4285330000001], [-90.214801, 38.4300260000001], [-90.214209, 38.4308760000001], [-90.213249, 38.432259], [-90.212977, 38.432708], [-90.212975, 38.432868], [-90.213487, 38.4397440000001], [-90.2142679999999, 38.4416110000001], [-90.2143829999999, 38.4419040000001], [-90.2197409999999, 38.4482880000001], [-90.220789, 38.449371], [-90.222837, 38.451278], [-90.224643, 38.4522380000001], [-90.225474, 38.4530330000001], [-90.225789, 38.453632], [-90.226257, 38.454509], [-90.226637, 38.4552580000001], [-90.2268559999999, 38.455951], [-90.2268719999999, 38.4563380000001], [-90.2259309999999, 38.459824], [-90.22578, 38.4597850000001]]}, "properties": {"FID": 13539, "TYPEPIPE": "Interstate", "Operator": "Mississippi River Trans Corp", "Status": "Operating", "Shape_Leng": 0.488490090582, "Shape__Length": 66372.4120873457}}, {"type": "Feature", "id": 13542, "geometry": {"type": "LineString", "coordinates": [[-90.0954819999999, 38.018692], [-90.0915689999999, 38.0244920000001], [-90.09148, 38.024576], [-90.08716, 38.0272850000001], [-90.084777, 38.0305990000001]]}, "properties": {"FID": 13542, "TYPEPIPE": "Interstate", "Operator": "Mississippi River Trans Corp", "Status": "Operating", "Shape_Leng": 0.0162998695894, "Shape__Length": 2096.535389192595}}, {"type": "Feature", "id": 13545, "geometry": {"type": "LineString", "coordinates": [[-90.0955259999999, 38.018715], [-90.0916089999999, 38.0245190000001], [-90.0915199999999, 38.0246030000001], [-90.0871999999999, 38.0273050000001], [-90.084821, 38.030627], [-90.084777, 38.0305990000001]]}, "properties": {"FID": 13545, "TYPEPIPE": "Interstate", "Operator": "Mississippi River Trans Corp", "Status": "Operating", "Shape_Leng": 0.0163580284779, "Shape__Length": 2103.6902539933026}}, {"type": "Feature", "id": 13548, "geometry": {"type": "LineString", "coordinates": [[-89.7703590001106, 38.7036839999622], [-89.7702709998646, 38.7036830000096], [-89.7702400002016, 38.7036830000096], [-89.7702219999021, 38.7036830000096], [-89.7701729999395, 38.7036830000096], [-89.7701099999877, 38.7036820000571], [-89.7700999997603, 38.7036820000571], [-89.7688340002582, 38.7036740000086], [-89.7688359998651, 38.7036330000131], [-89.7688550002422, 38.7032099999394], [-89.7685290001781, 38.7029409999444], [-89.7684689999106, 38.7028910000709]]}, "properties": {"FID": 13548, "TYPEPIPE": "Interstate", "Operator": "Mississippi River Trans Corp", "Status": "Operating", "Shape_Leng": 0.00257827702806, "Shape__Length": 298.58372313099824}}, {"type": "Feature", "id": 13551, "geometry": {"type": "LineString", "coordinates": [[-89.7688389999999, 38.7035720000001], [-89.768884, 38.7035720000001], [-89.7689369999999, 38.7035720000001], [-89.769038, 38.7035730000001]]}, "properties": {"FID": 13551, "TYPEPIPE": "Interstate", "Operator": "Mississippi River Trans Corp", "Status": "Operating", "Shape_Leng": 0.000199004950383, "Shape__Length": 22.153483522188537}}, {"type": "Feature", "id": 13554, "geometry": {"type": "LineString", "coordinates": [[-89.76847, 38.7028920000001], [-89.768504, 38.7028960000001], [-89.768535, 38.7028990000001], [-89.768626, 38.702909], [-89.7686429999999, 38.702911], [-89.76865, 38.702911], [-89.7692719999999, 38.702977], [-89.769344, 38.7029840000001], [-89.769424, 38.702993], [-89.7694729999999, 38.702998], [-89.769489, 38.7030050000001], [-89.7694929999999, 38.7030060000001], [-89.769524, 38.703019], [-89.769557, 38.7030330000001], [-89.769573, 38.703036], [-89.769581, 38.703038], [-89.7698789999999, 38.7030940000001], [-89.770357, 38.7031850000001]]}, "properties": {"FID": 13554, "TYPEPIPE": "Interstate", "Operator": "Mississippi River Trans Corp", "Status": "Operating", "Shape_Leng": 0.00191401062602, "Shape__Length": 214.9493589236241}}, {"type": "Feature", "id": 13557, "geometry": {"type": "LineString", "coordinates": [[-89.769133, 38.701212], [-89.774976, 38.7012480000001], [-89.775864, 38.7012540000001]]}, "properties": {"FID": 13557, "TYPEPIPE": "Interstate", "Operator": "Mississippi River Trans Corp", "Status": "Operating", "Shape_Leng": 0.00673113117092, "Shape__Length": 749.3154672005916}}, {"type": "Feature", "id": 13560, "geometry": {"type": "LineString", "coordinates": [[-89.770359, 38.7036840000001], [-89.771137, 38.7036890000001], [-89.771641, 38.703692], [-89.772752, 38.7030580000001], [-89.772828, 38.7030140000001]]}, "properties": {"FID": 13560, "TYPEPIPE": "Interstate", "Operator": "Mississippi River Trans Corp", "Status": "Operating", "Shape_Leng": 0.00264901342303, "Shape__Length": 306.4646267925404}}, {"type": "Feature", "id": 13563, "geometry": {"type": "LineString", "coordinates": [[-89.767826, 38.7067670000001], [-89.7678779999999, 38.7067680000001], [-89.769889, 38.707546], [-89.77025, 38.7076860000001]]}, "properties": {"FID": 13563, "TYPEPIPE": "Interstate", "Operator": "Mississippi River Trans Corp", "Status": "Operating", "Shape_Leng": 0.00259545384569, "Shape__Length": 300.5303517641522}}, {"type": "Feature", "id": 13566, "geometry": {"type": "LineString", "coordinates": [[-89.769133, 38.701212], [-89.772623, 38.7012340000001]]}, "properties": {"FID": 13566, "TYPEPIPE": "Interstate", "Operator": "Mississippi River Trans Corp", "Status": "Operating", "Shape_Leng": 0.00349006934028, "Shape__Length": 388.5176964848746}}, {"type": "Feature", "id": 13569, "geometry": {"type": "LineString", "coordinates": [[-89.7683279999999, 38.70459], [-89.768276, 38.70459], [-89.768188, 38.704591], [-89.768136, 38.704591]]}, "properties": {"FID": 13569, "TYPEPIPE": "Interstate", "Operator": "Mississippi River Trans Corp", "Status": "Operating", "Shape_Leng": 0.000192005681605, "Shape__Length": 21.374380768294976}}, {"type": "Feature", "id": 13572, "geometry": {"type": "LineString", "coordinates": [[-89.768639, 38.702168], [-89.768969, 38.7021700000001]]}, "properties": {"FID": 13572, "TYPEPIPE": "Interstate", "Operator": "Mississippi River Trans Corp", "Status": "Operating", "Shape_Leng": 0.00033000606057, "Shape__Length": 36.73653970582785}}, {"type": "Feature", "id": 13575, "geometry": {"type": "LineString", "coordinates": [[-89.768338, 38.703448], [-89.766814, 38.703648], [-89.7659189999999, 38.703766], [-89.765855, 38.7037740000001], [-89.765813, 38.70378], [-89.7657589999999, 38.703787], [-89.765171, 38.7038640000001], [-89.7649289999999, 38.703896], [-89.764541, 38.703947]]}, "properties": {"FID": 13575, "TYPEPIPE": "Interstate", "Operator": "Mississippi River Trans Corp", "Status": "Operating", "Shape_Leng": 0.00382965309762, "Shape__Length": 428.63244570727977}}, {"type": "Feature", "id": 13578, "geometry": {"type": "LineString", "coordinates": [[-89.764665, 38.7039310000001], [-89.76455, 38.7038390000001], [-89.764357, 38.7038380000001], [-89.7642309999999, 38.7038370000001], [-89.764098, 38.703836], [-89.764059, 38.703836], [-89.763768, 38.703834], [-89.762037, 38.7038230000001], [-89.7615429999999, 38.7038200000001]]}, "properties": {"FID": 13578, "TYPEPIPE": "Interstate", "Operator": "Mississippi River Trans Corp", "Status": "Operating", "Shape_Leng": 0.00315433310821, "Shape__Length": 353.0822040103135}}, {"type": "Feature", "id": 13581, "geometry": {"type": "LineString", "coordinates": [[-89.752887, 38.671253], [-89.7530389999999, 38.672087], [-89.7530369999999, 38.672306], [-89.753615, 38.67231], [-89.753615, 38.672328], [-89.753609, 38.6729020000001], [-89.753608, 38.672961], [-89.753606, 38.673166], [-89.753606, 38.6731800000001], [-89.7536449999999, 38.673305], [-89.753615, 38.6736700000001], [-89.753614, 38.673686]]}, "properties": {"FID": 13581, "TYPEPIPE": "Interstate", "Operator": "Mississippi River Trans Corp", "Status": "Operating", "Shape_Leng": 0.00302801548455, "Shape__Length": 412.51484255335725}}, {"type": "Feature", "id": 13584, "geometry": {"type": "LineString", "coordinates": [[-89.753614, 38.673686], [-89.753614, 38.673708], [-89.753614, 38.6737190000001], [-89.7535779999999, 38.67717], [-89.753576, 38.677373], [-89.753576, 38.6773930000001], [-89.753547, 38.6801960000001], [-89.753539, 38.6809650000001], [-89.7535379999999, 38.68102], [-89.7535109999999, 38.683661], [-89.753509, 38.6838450000001], [-89.753501, 38.684627], [-89.753501, 38.684649], [-89.7535, 38.684674], [-89.7535, 38.6846770000001], [-89.7535, 38.684732], [-89.753499, 38.6847920000001], [-89.7536689999999, 38.6847930000001], [-89.756342, 38.68481], [-89.756377, 38.68481], [-89.759065, 38.684827], [-89.7603119999999, 38.6848350000001], [-89.762971, 38.684852], [-89.764143, 38.6848600000001], [-89.764149, 38.6848600000001], [-89.764179, 38.6848600000001], [-89.7642089999999, 38.6848600000001], [-89.764246, 38.6848600000001], [-89.7650829999999, 38.6848660000001], [-89.767595, 38.685927], [-89.767681, 38.6859630000001], [-89.7676539999999, 38.687084], [-89.76766, 38.687916], [-89.767706, 38.6904500000001], [-89.767706, 38.690475], [-89.767715, 38.6910790000001], [-89.767716, 38.691159], [-89.7678069999999, 38.6971750000001], [-89.7678069999999, 38.697183], [-89.76783, 38.697685], [-89.76783, 38.6976930000001], [-89.769201, 38.6991130000001], [-89.7693379999999, 38.699464], [-89.769412, 38.6996550000001], [-89.769358, 38.700092], [-89.769353, 38.7001330000001], [-89.769348, 38.7001710000001], [-89.769336, 38.70027], [-89.769334, 38.7002810000001], [-89.769324, 38.7003270000001], [-89.769322, 38.7003350000001], [-89.769313, 38.7003780000001], [-89.769143, 38.7011670000001], [-89.769134, 38.7012100000001], [-89.769065, 38.7015290000001], [-89.768942, 38.701598], [-89.768928, 38.701606], [-89.768879, 38.7016330000001], [-89.7688449999999, 38.701652], [-89.768808, 38.701673], [-89.768748, 38.7017060000001], [-89.768634, 38.70219], [-89.7686169999999, 38.7022630000001], [-89.768604, 38.7023170000001], [-89.768338, 38.703449], [-89.768255, 38.7038030000001], [-89.768301, 38.703855], [-89.768356, 38.703918], [-89.7684149999999, 38.703986], [-89.768457, 38.704033], [-89.7683279999999, 38.70459], [-89.768287, 38.7047680000001], [-89.767865, 38.706598], [-89.767849, 38.706665], [-89.767835, 38.7067270000001], [-89.7678329999999, 38.706733], [-89.767825, 38.7067680000001], [-89.767819, 38.706795]]}, "properties": {"FID": 13584, "TYPEPIPE": "Interstate", "Operator": "Mississippi River Trans Corp", "Status": "Operating", "Shape_Leng": 0.0473641299242, "Shape__Length": 6267.524688447968}}, {"type": "Feature", "id": 13587, "geometry": {"type": "LineString", "coordinates": [[-89.769133, 38.701212], [-89.7692209999999, 38.7012130000001], [-89.770839, 38.701223], [-89.7720899999999, 38.7012300000001], [-89.77216, 38.7012310000001], [-89.77223, 38.7012310000001], [-89.7722689999999, 38.7012320000001], [-89.772304, 38.7012320000001], [-89.7723599999999, 38.7012320000001], [-89.773131, 38.701237], [-89.774462, 38.701245], [-89.775878, 38.7012540000001]]}, "properties": {"FID": 13587, "TYPEPIPE": "Interstate", "Operator": "Mississippi River Trans Corp", "Status": "Operating", "Shape_Leng": 0.00674514498459, "Shape__Length": 750.8764645768264}}, {"type": "Feature", "id": 13590, "geometry": {"type": "LineString", "coordinates": [[-90.1671709999999, 38.331372], [-90.167112, 38.3313840000001]]}, "properties": {"FID": 13590, "TYPEPIPE": "Interstate", "Operator": "Mississippi River Trans Corp", "Status": "Operating", "Shape_Leng": 6.02079728647e-05, "Shape__Length": 6.785027094387092}}, {"type": "Feature", "id": 13593, "geometry": {"type": "LineString", "coordinates": [[-90.136293, 38.6923580000001], [-90.136339, 38.692346]]}, "properties": {"FID": 13593, "TYPEPIPE": "Interstate", "Operator": "Mississippi River Trans Corp", "Status": "Operating", "Shape_Leng": 4.75394573003e-05, "Shape__Length": 5.399138577862832}}, {"type": "Feature", "id": 13842, "geometry": {"type": "LineString", "coordinates": [[-90.142028, 38.270478], [-90.156368, 38.270198], [-90.157561, 38.2703920000001], [-90.15864, 38.2702110000001], [-90.163723, 38.270043], [-90.167584, 38.268373], [-90.168918, 38.2687060000001], [-90.181782, 38.26873], [-90.1858109999999, 38.2663640000001], [-90.190977, 38.265471], [-90.191659, 38.265429], [-90.21057, 38.265699], [-90.21372, 38.264849], [-90.232121, 38.2650620000001], [-90.246499, 38.2627380000001], [-90.2471799999999, 38.262933], [-90.254309, 38.2623530000001], [-90.257775, 38.2612140000001], [-90.259392, 38.2615630000001], [-90.2638219999999, 38.261482], [-90.264961, 38.260161], [-90.2670619999999, 38.260203], [-90.267573, 38.260385], [-90.267828, 38.2605790000001], [-90.268594, 38.260525], [-90.269958, 38.260233], [-90.2706669999999, 38.2602890000001], [-90.271491, 38.260234], [-90.272059, 38.2603590000001], [-90.272768, 38.260582], [-90.2735059999999, 38.2606240000001], [-90.274613, 38.2605560000001], [-90.275296, 38.2601240000001], [-90.276801, 38.259736], [-90.277654, 38.2591380000001], [-90.2814329999999, 38.257887], [-90.282114, 38.257957], [-90.282852, 38.257888], [-90.285408, 38.257485], [-90.2860899999999, 38.2575130000001], [-90.287764, 38.257723], [-90.2903459999999, 38.2590460000001], [-90.2907709999999, 38.259074], [-90.298694, 38.2579920000001], [-90.301645, 38.259412], [-90.312462, 38.259262], [-90.317374, 38.259932], [-90.3335539999999, 38.265613], [-90.339829, 38.2660030000001], [-90.347696, 38.262999], [-90.3485479999999, 38.262749], [-90.3510459999999, 38.262776], [-90.351927, 38.262707], [-90.3530909999999, 38.262485], [-90.358174, 38.262276]]}, "properties": {"FID": 13842, "TYPEPIPE": "Interstate", "Operator": "Mississippi River Trans Corp", "Status": "Operating", "Shape_Leng": 0.221633778248, "Shape__Length": 25022.061770431043}}, {"type": "Feature", "id": 13845, "geometry": {"type": "LineString", "coordinates": [[-90.0867929999999, 38.1130190000001], [-90.055338, 38.1313910000001], [-90.041552, 38.1388680000001], [-90.009891, 38.142953], [-90.00154, 38.1403970000001], [-89.985934, 38.1261250000001], [-89.9517299999999, 38.1133200000001], [-89.950882, 38.107599], [-89.9424309999999, 38.094166], [-89.941859, 38.0758530000001], [-89.936661, 38.0707110000001], [-89.927556, 38.070727], [-89.92281, 38.0713080000001], [-89.915545, 38.0564380000001], [-89.9134729999999, 38.04614], [-89.909473, 38.041569]]}, "properties": {"FID": 13845, "TYPEPIPE": "Interstate", "Operator": "Mississippi River Trans Corp", "Status": "Operating", "Shape_Leng": 0.244739541843, "Shape__Length": 30190.062275448036}}, {"type": "Feature", "id": 14316, "geometry": {"type": "LineString", "coordinates": [[-91.525774, 37.998091], [-91.4296229999999, 38.011041]]}, "properties": {"FID": 14316, "TYPEPIPE": "Intrastate", "Operator": "Missouri Gas Co", "Status": "Operating", "Shape_Leng": 0.0970191594532, "Shape__Length": 10858.711501543432}}, {"type": "Feature", "id": 14319, "geometry": {"type": "LineString", "coordinates": [[-91.4296229999999, 38.011041], [-91.3525979999999, 38.0557600000001]]}, "properties": {"FID": 14319, "TYPEPIPE": "Intrastate", "Operator": "Missouri Gas Co", "Status": "Operating", "Shape_Leng": 0.0890653669279, "Shape__Length": 10651.979497711693}}, {"type": "Feature", "id": 14322, "geometry": {"type": "LineString", "coordinates": [[-91.3525979999999, 38.0557600000001], [-91.31938, 38.1053210000001]]}, "properties": {"FID": 14322, "TYPEPIPE": "Intrastate", "Operator": "Missouri Gas Co", "Status": "Operating", "Shape_Leng": 0.0596634582051, "Shape__Length": 7924.648668174948}}, {"type": "Feature", "id": 14325, "geometry": {"type": "LineString", "coordinates": [[-91.31938, 38.1053210000001], [-91.311828, 38.1053400000001]]}, "properties": {"FID": 14325, "TYPEPIPE": "Intrastate", "Operator": "Missouri Gas Co", "Status": "Operating", "Shape_Leng": 0.00755202390089, "Shape__Length": 840.6890915222915}}, {"type": "Feature", "id": 14328, "geometry": {"type": "LineString", "coordinates": [[-91.311828, 38.1053400000001], [-91.1981639999999, 38.20405]]}, "properties": {"FID": 14328, "TYPEPIPE": "Intrastate", "Operator": "Missouri Gas Co", "Status": "Operating", "Shape_Leng": 0.150542914134, "Shape__Length": 18851.259739333203}}, {"type": "Feature", "id": 14349, "geometry": {"type": "LineString", "coordinates": [[-90.127714, 38.856033], [-90.221281, 38.8659710000001]]}, "properties": {"FID": 14349, "TYPEPIPE": "Interstate", "Operator": "Missouri Interstate Gas, LLC", "Status": "Operating", "Shape_Leng": 0.0940932905844, "Shape__Length": 10512.280975786256}}, {"type": "Feature", "id": 14352, "geometry": {"type": "LineString", "coordinates": [[-90.1063369999999, 38.8624340000001], [-90.108197, 38.859496], [-90.123556, 38.8604100000001], [-90.1256, 38.8579]]}, "properties": {"FID": 14352, "TYPEPIPE": "Interstate", "Operator": "Missouri Interstate Gas, LLC", "Status": "Operating", "Shape_Leng": 0.0221004264425, "Shape__Length": 2607.9077253599867}}, {"type": "Feature", "id": 14355, "geometry": {"type": "LineString", "coordinates": [[-90.1256, 38.8579], [-90.127714, 38.856033]]}, "properties": {"FID": 14355, "TYPEPIPE": "Interstate", "Operator": "Missouri Interstate Gas, LLC", "Status": "Operating", "Shape_Leng": 0.00282040511275, "Shape__Length": 355.8255402921547}}, {"type": "Feature", "id": 14376, "geometry": {"type": "LineString", "coordinates": [[-117.540709, 34.992393], [-117.97551, 35.0343]]}, "properties": {"FID": 14376, "TYPEPIPE": "Interstate", "Operator": "Mojave Pipeline Co", "Status": "Operating", "Shape_Leng": 0.436815872251, "Shape__Length": 48735.82147569187}}, {"type": "Feature", "id": 14379, "geometry": {"type": "LineString", "coordinates": [[-117.97551, 35.0343], [-118.128148, 35.055124]]}, "properties": {"FID": 14379, "TYPEPIPE": "Interstate", "Operator": "Mojave Pipeline Co", "Status": "Operating", "Shape_Leng": 0.154051932867, "Shape__Length": 17225.882583916235}}, {"type": "Feature", "id": 14382, "geometry": {"type": "LineString", "coordinates": [[-118.128148, 35.055124], [-118.261708, 35.0603300000001]]}, "properties": {"FID": 14382, "TYPEPIPE": "Interstate", "Operator": "Mojave Pipeline Co", "Status": "Operating", "Shape_Leng": 0.133661423141, "Shape__Length": 14884.677762414842}}, {"type": "Feature", "id": 14385, "geometry": {"type": "LineString", "coordinates": [[-118.261708, 35.0603300000001], [-118.338026, 35.0603300000001]]}, "properties": {"FID": 14385, "TYPEPIPE": "Interstate", "Operator": "Mojave Pipeline Co", "Status": "Operating", "Shape_Leng": 0.076318, "Shape__Length": 8495.68089836277}}, {"type": "Feature", "id": 14388, "geometry": {"type": "LineString", "coordinates": [[-118.338026, 35.0603300000001], [-118.452506, 35.1123890000001]]}, "properties": {"FID": 14388, "TYPEPIPE": "Interstate", "Operator": "Mojave Pipeline Co", "Status": "Operating", "Shape_Leng": 0.125760923506, "Shape__Length": 14579.50240425892}}, {"type": "Feature", "id": 14391, "geometry": {"type": "LineString", "coordinates": [[-118.452506, 35.1123890000001], [-118.594475, 35.1102670000001]]}, "properties": {"FID": 14391, "TYPEPIPE": "Interstate", "Operator": "Mojave Pipeline Co", "Status": "Operating", "Shape_Leng": 0.141984857802, "Shape__Length": 15806.55468253818}}, {"type": "Feature", "id": 14394, "geometry": {"type": "LineString", "coordinates": [[-118.833968, 35.1450800000001], [-118.819761, 35.1583420000001], [-118.819761, 35.156684], [-118.821791, 35.156684]]}, "properties": {"FID": 14394, "TYPEPIPE": "Interstate", "Operator": "Mojave Pipeline Co", "Status": "Operating", "Shape_Leng": 0.0231230068948, "Shape__Length": 2852.0230699117633}}, {"type": "Feature", "id": 14397, "geometry": {"type": "LineString", "coordinates": [[-118.819761, 35.1583420000001], [-118.815702, 35.1948130000001]]}, "properties": {"FID": 14397, "TYPEPIPE": "Interstate", "Operator": "Mojave Pipeline Co", "Status": "Operating", "Shape_Leng": 0.0366961758498, "Shape__Length": 4987.515202039002}}, {"type": "Feature", "id": 14400, "geometry": {"type": "LineString", "coordinates": [[-118.815702, 35.1948130000001], [-118.819761, 35.3125150000001]]}, "properties": {"FID": 14400, "TYPEPIPE": "Interstate", "Operator": "Mojave Pipeline Co", "Status": "Operating", "Shape_Leng": 0.117771967314, "Shape__Length": 16051.495360511917}}, {"type": "Feature", "id": 14403, "geometry": {"type": "LineString", "coordinates": [[-118.819761, 35.3125150000001], [-118.858324, 35.3373810000001]]}, "properties": {"FID": 14403, "TYPEPIPE": "Interstate", "Operator": "Mojave Pipeline Co", "Status": "Operating", "Shape_Leng": 0.0458848877627, "Shape__Length": 5471.634224886289}}, {"type": "Feature", "id": 14406, "geometry": {"type": "LineString", "coordinates": [[-118.858324, 35.3373810000001], [-118.884708, 35.3572750000001]]}, "properties": {"FID": 14406, "TYPEPIPE": "Interstate", "Operator": "Mojave Pipeline Co", "Status": "Operating", "Shape_Leng": 0.0330437088112, "Shape__Length": 3999.7493279150426}}, {"type": "Feature", "id": 14409, "geometry": {"type": "LineString", "coordinates": [[-118.97807, 35.3887720000001], [-118.965892, 35.4202700000001]]}, "properties": {"FID": 14409, "TYPEPIPE": "Interstate", "Operator": "Mojave Pipeline Co", "Status": "Operating", "Shape_Leng": 0.033770218951, "Shape__Length": 4510.37599632926}}, {"type": "Feature", "id": 14412, "geometry": {"type": "LineString", "coordinates": [[-118.965892, 35.4202700000001], [-118.97807, 35.463372]]}, "properties": {"FID": 14412, "TYPEPIPE": "Interstate", "Operator": "Mojave Pipeline Co", "Status": "Operating", "Shape_Leng": 0.0447893523954, "Shape__Length": 6043.375959365941}}, {"type": "Feature", "id": 14415, "geometry": {"type": "LineString", "coordinates": [[-118.97807, 35.463372], [-119.004455, 35.4965270000001]]}, "properties": {"FID": 14415, "TYPEPIPE": "Interstate", "Operator": "Mojave Pipeline Co", "Status": "Operating", "Shape_Leng": 0.0423724232255, "Shape__Length": 5400.866778168461}}, {"type": "Feature", "id": 14418, "geometry": {"type": "LineString", "coordinates": [[-118.833968, 35.1450800000001], [-118.787288, 35.1268440000001]]}, "properties": {"FID": 14418, "TYPEPIPE": "Interstate", "Operator": "Mojave Pipeline Co", "Status": "Operating", "Shape_Leng": 0.0501156073095, "Shape__Length": 5758.860722986026}}, {"type": "Feature", "id": 14421, "geometry": {"type": "LineString", "coordinates": [[-118.787288, 35.1268440000001], [-118.760903, 35.1318180000001], [-118.758873, 35.1318180000001]]}, "properties": {"FID": 14421, "TYPEPIPE": "Interstate", "Operator": "Mojave Pipeline Co", "Status": "Operating", "Shape_Leng": 0.0288797467586, "Shape__Length": 3240.160200317517}}, {"type": "Feature", "id": 14424, "geometry": {"type": "LineString", "coordinates": [[-118.758873, 35.1318180000001], [-118.7264, 35.106951]]}, "properties": {"FID": 14424, "TYPEPIPE": "Interstate", "Operator": "Mojave Pipeline Co", "Status": "Operating", "Shape_Leng": 0.0409006530266, "Shape__Length": 4951.831152739234}}, {"type": "Feature", "id": 14427, "geometry": {"type": "LineString", "coordinates": [[-118.833968, 35.1450800000001], [-118.87659, 35.1086090000001], [-118.87862, 35.106951], [-118.87659, 35.0555600000001], [-118.880649, 35.0555600000001], [-118.896838, 35.047287], [-118.896886, 35.0472710000001], [-118.990266, 35.050571], [-118.990248, 35.0505870000001], [-119.008514, 35.0588760000001], [-119.063387, 35.057231], [-119.063313, 35.057218], [-119.075425, 35.060524], [-119.075491, 35.0605340000001], [-119.290639, 35.0555590000001], [-119.290628, 35.0555600000001], [-119.353737, 35.0822180000001], [-119.353546, 35.0820850000001], [-119.373842, 35.0953470000001], [-119.418453, 35.130158], [-119.418493, 35.13016], [-119.430623, 35.128634], [-119.430671, 35.128502], [-119.438928, 35.148443], [-119.438789, 35.1483950000001], [-119.471263, 35.1550260000001], [-119.544328, 35.2047600000001], [-119.558339, 35.216309], [-119.558536, 35.216364], [-119.558536, 35.232942], [-119.5728, 35.2694060000001], [-119.572743, 35.2694130000001], [-119.593039, 35.2843330000001], [-119.592845, 35.2841750000001], [-119.629571, 35.305884], [-119.629571, 35.3075410000001]]}, "properties": {"FID": 14427, "TYPEPIPE": "Interstate", "Operator": "Mojave Pipeline Co", "Status": "Operating", "Shape_Leng": 0.977919025663, "Shape__Length": 115343.8804855416}}, {"type": "Feature", "id": 14430, "geometry": {"type": "LineString", "coordinates": [[-118.7264, 35.106951], [-118.594475, 35.1102670000001]]}, "properties": {"FID": 14430, "TYPEPIPE": "Interstate", "Operator": "Mojave Pipeline Co", "Status": "Operating", "Shape_Leng": 0.131966668068, "Shape__Length": 14692.754359505518}}, {"type": "Feature", "id": 14433, "geometry": {"type": "LineString", "coordinates": [[-118.884708, 35.3572750000001], [-118.902235, 35.3694790000001], [-118.924312, 35.372709], [-118.940728, 35.3814780000001], [-118.97807, 35.3887720000001]]}, "properties": {"FID": 14433, "TYPEPIPE": "Interstate", "Operator": "Mojave Pipeline Co", "Status": "Operating", "Shape_Leng": 0.100328308891, "Shape__Length": 11521.597014460076}}, {"type": "Feature", "id": 14637, "geometry": {"type": "LineString", "coordinates": [[-91.375872, 39.264455], [-91.383996, 39.337549]]}, "properties": {"FID": 14637, "TYPEPIPE": "Intrastate", "Operator": "Missouri Pipeline Co", "Status": "Operating", "Shape_Leng": 0.0735440834602, "Shape__Length": 10553.78637453286}}, {"type": "Feature", "id": 14640, "geometry": {"type": "LineString", "coordinates": [[-91.0505699999999, 38.3323550000001], [-91.043052, 38.440011]]}, "properties": {"FID": 14640, "TYPEPIPE": "Intrastate", "Operator": "Missouri Pipeline Co", "Status": "Operating", "Shape_Leng": 0.107918185029, "Shape__Length": 15311.934131527438}}, {"type": "Feature", "id": 14643, "geometry": {"type": "LineString", "coordinates": [[-91.043052, 38.440011], [-91.006816, 38.493299]]}, "properties": {"FID": 14643, "TYPEPIPE": "Intrastate", "Operator": "Missouri Pipeline Co", "Status": "Operating", "Shape_Leng": 0.0644411253782, "Shape__Length": 8583.191299472743}}, {"type": "Feature", "id": 14646, "geometry": {"type": "LineString", "coordinates": [[-91.006816, 38.493299], [-91.005603, 38.50793]]}, "properties": {"FID": 14646, "TYPEPIPE": "Intrastate", "Operator": "Missouri Pipeline Co", "Status": "Operating", "Shape_Leng": 0.0146811964771, "Shape__Length": 2085.5315916516083}}, {"type": "Feature", "id": 14649, "geometry": {"type": "LineString", "coordinates": [[-91.005603, 38.50793], [-91.002303, 38.547752]]}, "properties": {"FID": 14649, "TYPEPIPE": "Intrastate", "Operator": "Missouri Pipeline Co", "Status": "Operating", "Shape_Leng": 0.0399584995214, "Shape__Length": 5678.433963316516}}, {"type": "Feature", "id": 14652, "geometry": {"type": "LineString", "coordinates": [[-91.002303, 38.547752], [-90.9934259999999, 38.556337]]}, "properties": {"FID": 14652, "TYPEPIPE": "Intrastate", "Operator": "Missouri Pipeline Co", "Status": "Operating", "Shape_Leng": 0.012349224834, "Shape__Length": 1571.578437771543}}, {"type": "Feature", "id": 14655, "geometry": {"type": "LineString", "coordinates": [[-91.005603, 38.50793], [-91.021426, 38.513923]]}, "properties": {"FID": 14655, "TYPEPIPE": "Intrastate", "Operator": "Missouri Pipeline Co", "Status": "Operating", "Shape_Leng": 0.0169199106972, "Shape__Length": 1956.9001321395297}}, {"type": "Feature", "id": 14658, "geometry": {"type": "LineString", "coordinates": [[-91.006816, 38.493299], [-90.974617, 38.5052150000001]]}, "properties": {"FID": 14658, "TYPEPIPE": "Intrastate", "Operator": "Missouri Pipeline Co", "Status": "Operating", "Shape_Leng": 0.0343331713799, "Shape__Length": 3964.9155707052523}}, {"type": "Feature", "id": 14661, "geometry": {"type": "LineString", "coordinates": [[-91.043052, 38.440011], [-91.061055, 38.4430180000001]]}, "properties": {"FID": 14661, "TYPEPIPE": "Intrastate", "Operator": "Missouri Pipeline Co", "Status": "Operating", "Shape_Leng": 0.0182523986916, "Shape__Length": 2049.1472178043414}}, {"type": "Feature", "id": 14664, "geometry": {"type": "LineString", "coordinates": [[-91.055529, 38.3335520000001], [-91.041934, 38.3323080000001]]}, "properties": {"FID": 14664, "TYPEPIPE": "Intrastate", "Operator": "Missouri Pipeline Co", "Status": "Operating", "Shape_Leng": 0.013651796988, "Shape__Length": 1523.6505588039786}}, {"type": "Feature", "id": 14667, "geometry": {"type": "LineString", "coordinates": [[-91.1981639999999, 38.20405], [-91.0505699999999, 38.3323550000001]]}, "properties": {"FID": 14667, "TYPEPIPE": "Intrastate", "Operator": "Missouri Pipeline Co", "Status": "Operating", "Shape_Leng": 0.195566259516, "Shape__Length": 24513.14413820315}}, {"type": "Feature", "id": 14670, "geometry": {"type": "LineString", "coordinates": [[-90.814304, 38.9050730000001], [-90.820024, 38.9169590000001]]}, "properties": {"FID": 14670, "TYPEPIPE": "Intrastate", "Operator": "Missouri Pipeline Co", "Status": "Operating", "Shape_Leng": 0.013190731443, "Shape__Length": 1815.7403604879903}}, {"type": "Feature", "id": 14673, "geometry": {"type": "LineString", "coordinates": [[-90.820024, 38.9169590000001], [-90.862275, 38.930642]]}, "properties": {"FID": 14673, "TYPEPIPE": "Intrastate", "Operator": "Missouri Pipeline Co", "Status": "Operating", "Shape_Leng": 0.0444113891924, "Shape__Length": 5094.588400335897}}, {"type": "Feature", "id": 14676, "geometry": {"type": "LineString", "coordinates": [[-90.862275, 38.930642], [-91.047155, 39.143355]]}, "properties": {"FID": 14676, "TYPEPIPE": "Intrastate", "Operator": "Missouri Pipeline Co", "Status": "Operating", "Shape_Leng": 0.281828733044, "Shape__Length": 36782.0702538506}}, {"type": "Feature", "id": 14679, "geometry": {"type": "LineString", "coordinates": [[-91.047155, 39.143355], [-91.1641539999999, 39.227178]]}, "properties": {"FID": 14679, "TYPEPIPE": "Intrastate", "Operator": "Missouri Pipeline Co", "Status": "Operating", "Shape_Leng": 0.143927277922, "Shape__Length": 17735.765639481964}}, {"type": "Feature", "id": 14682, "geometry": {"type": "LineString", "coordinates": [[-91.1721679999999, 39.232919], [-91.375872, 39.264455]]}, "properties": {"FID": 14682, "TYPEPIPE": "Intrastate", "Operator": "Missouri Pipeline Co", "Status": "Operating", "Shape_Leng": 0.206130635549, "Shape__Length": 23124.90969258391}}, {"type": "Feature", "id": 14685, "geometry": {"type": "LineString", "coordinates": [[-91.1641539999999, 39.227178], [-91.1721679999999, 39.232919]]}, "properties": {"FID": 14685, "TYPEPIPE": "Intrastate", "Operator": "Missouri Pipeline Co", "Status": "Operating", "Shape_Leng": 0.00985815789081, "Shape__Length": 1215.1362173469652}}, {"type": "Feature", "id": 14688, "geometry": {"type": "LineString", "coordinates": [[-90.908678, 38.638295], [-90.805058, 38.88586]]}, "properties": {"FID": 14688, "TYPEPIPE": "Intrastate", "Operator": "Missouri Pipeline Co", "Status": "Operating", "Shape_Leng": 0.268375732183, "Shape__Length": 37177.79010651645}}, {"type": "Feature", "id": 14691, "geometry": {"type": "LineString", "coordinates": [[-90.805058, 38.88586], [-90.5902809999999, 38.8726270000001]]}, "properties": {"FID": 14691, "TYPEPIPE": "Intrastate", "Operator": "Missouri Pipeline Co", "Status": "Operating", "Shape_Leng": 0.21518427456, "Shape__Length": 23983.632788318133}}, {"type": "Feature", "id": 14694, "geometry": {"type": "LineString", "coordinates": [[-90.5902809999999, 38.8726270000001], [-90.581744, 38.872101]]}, "properties": {"FID": 14694, "TYPEPIPE": "Intrastate", "Operator": "Missouri Pipeline Co", "Status": "Operating", "Shape_Leng": 0.00855318917129, "Shape__Length": 953.3058886861617}}, {"type": "Feature", "id": 14697, "geometry": {"type": "LineString", "coordinates": [[-90.503426, 38.90668], [-90.410836, 38.9475600000001]]}, "properties": {"FID": 14697, "TYPEPIPE": "Intrastate", "Operator": "Missouri Pipeline Co", "Status": "Operating", "Shape_Leng": 0.101213054988, "Shape__Length": 11851.353739573122}}, {"type": "Feature", "id": 14700, "geometry": {"type": "LineString", "coordinates": [[-90.581744, 38.872101], [-90.503426, 38.90668]]}, "properties": {"FID": 14700, "TYPEPIPE": "Intrastate", "Operator": "Missouri Pipeline Co", "Status": "Operating", "Shape_Leng": 0.0856120106352, "Shape__Length": 10023.288550332389}}, {"type": "Feature", "id": 14703, "geometry": {"type": "LineString", "coordinates": [[-90.410836, 38.9475600000001], [-90.224508, 38.8779190000001]]}, "properties": {"FID": 14703, "TYPEPIPE": "Intrastate", "Operator": "Missouri Pipeline Co", "Status": "Operating", "Shape_Leng": 0.198917049206, "Shape__Length": 23010.723006512766}}, {"type": "Feature", "id": 14706, "geometry": {"type": "LineString", "coordinates": [[-90.224508, 38.8779190000001], [-90.221281, 38.8659710000001]]}, "properties": {"FID": 14706, "TYPEPIPE": "Intrastate", "Operator": "Missouri Pipeline Co", "Status": "Operating", "Shape_Leng": 0.0123761154245, "Shape__Length": 1745.7209519405753}}, {"type": "Feature", "id": 14709, "geometry": {"type": "LineString", "coordinates": [[-90.5814789999999, 38.869069], [-90.580232, 38.8548080000001]]}, "properties": {"FID": 14709, "TYPEPIPE": "Intrastate", "Operator": "Missouri Pipeline Co", "Status": "Operating", "Shape_Leng": 0.0143154158165, "Shape__Length": 2043.5138675334558}}, {"type": "Feature", "id": 14712, "geometry": {"type": "LineString", "coordinates": [[-90.581744, 38.872101], [-90.5814789999999, 38.869069]]}, "properties": {"FID": 14712, "TYPEPIPE": "Intrastate", "Operator": "Missouri Pipeline Co", "Status": "Operating", "Shape_Leng": 0.00304355860797, "Shape__Length": 434.5186871971538}}, {"type": "Feature", "id": 14715, "geometry": {"type": "LineString", "coordinates": [[-90.96404, 38.584756], [-90.908678, 38.638295]]}, "properties": {"FID": 14715, "TYPEPIPE": "Intrastate", "Operator": "Missouri Pipeline Co", "Status": "Operating", "Shape_Leng": 0.0770154242019, "Shape__Length": 9805.95156352139}}, {"type": "Feature", "id": 14718, "geometry": {"type": "LineString", "coordinates": [[-90.805058, 38.88586], [-90.814304, 38.9050730000001]]}, "properties": {"FID": 14718, "TYPEPIPE": "Intrastate", "Operator": "Missouri Pipeline Co", "Status": "Operating", "Shape_Leng": 0.0213220047135, "Shape__Length": 2934.4694654055966}}, {"type": "Feature", "id": 14721, "geometry": {"type": "LineString", "coordinates": [[-90.9934259999999, 38.556337], [-90.96404, 38.584756]]}, "properties": {"FID": 14721, "TYPEPIPE": "Intrastate", "Operator": "Missouri Pipeline Co", "Status": "Operating", "Shape_Leng": 0.0408800263821, "Shape__Length": 5203.246984914034}}, {"type": "Feature", "id": 14965, "geometry": {"type": "LineString", "coordinates": [[-90.032064, 42.3693440000001], [-89.9980159999999, 42.489856]]}, "properties": {"FID": 14965, "TYPEPIPE": "Intrastate", "Operator": "Northern Illinois Gas Co", "Status": "Operating", "Shape_Leng": 0.125229423252, "Shape__Length": 18566.327625176946}}, {"type": "Feature", "id": 15001, "geometry": {"type": "LineString", "coordinates": [[-90.262528, 42.30528], [-90.2671359999999, 42.259456]]}, "properties": {"FID": 15001, "TYPEPIPE": "Intrastate", "Operator": "Northern Illinois Gas Co", "Status": "Operating", "Shape_Leng": 0.0460551043859, "Shape__Length": 6913.94762638651}}, {"type": "Feature", "id": 15002, "geometry": {"type": "LineString", "coordinates": [[-90.141696, 42.389504], [-90.141696, 42.3664640000001]]}, "properties": {"FID": 15002, "TYPEPIPE": "Intrastate", "Operator": "Northern Illinois Gas Co", "Status": "Operating", "Shape_Leng": 0.02304, "Shape__Length": 3471.979368239641}}, {"type": "Feature", "id": 15003, "geometry": {"type": "LineString", "coordinates": [[-90.141696, 42.389504], [-90.0572799999999, 42.372096]]}, "properties": {"FID": 15003, "TYPEPIPE": "Intrastate", "Operator": "Northern Illinois Gas Co", "Status": "Operating", "Shape_Leng": 0.0861922242433, "Shape__Length": 9756.461214747284}}, {"type": "Feature", "id": 15004, "geometry": {"type": "LineString", "coordinates": [[-90.0572799999999, 42.372096], [-90.0572799999999, 42.357376]]}, "properties": {"FID": 15004, "TYPEPIPE": "Intrastate", "Operator": "Northern Illinois Gas Co", "Status": "Operating", "Shape_Leng": 0.01472, "Shape__Length": 2217.7411971939728}}, {"type": "Feature", "id": 15006, "geometry": {"type": "LineString", "coordinates": [[-90.0572799999999, 42.372096], [-90.032064, 42.3693440000001]]}, "properties": {"FID": 15006, "TYPEPIPE": "Intrastate", "Operator": "Northern Illinois Gas Co", "Status": "Operating", "Shape_Leng": 0.0253657280597, "Shape__Length": 2837.494263637653}}, {"type": "Feature", "id": 15567, "geometry": {"type": "LineString", "coordinates": [[-91.088836, 42.3825900000001], [-91.063352, 42.2985580000001], [-91.063352, 42.2992830000001]]}, "properties": {"FID": 15567, "TYPEPIPE": "Interstate", "Operator": "Northern Natural Gas Co", "Status": "Operating", "Shape_Leng": 0.0885362252505, "Shape__Length": 13078.720808651433}}, {"type": "Feature", "id": 16017, "geometry": {"type": "LineString", "coordinates": [[-89.297859, 42.2781790000001], [-89.07488, 42.2777600000001]]}, "properties": {"FID": 16017, "TYPEPIPE": "Intrastate", "Operator": "Northern Illinois Gas Co", "Status": "Operating", "Shape_Leng": 0.222979393671, "Shape__Length": 24821.988789282885}}, {"type": "Feature", "id": 16058, "geometry": {"type": "LineString", "coordinates": [[-90.3420999999999, 42.09592], [-90.164224, 42.0618240000001]]}, "properties": {"FID": 16058, "TYPEPIPE": "Interstate", "Operator": "Northern Natural Gas Co", "Status": "Operating", "Shape_Leng": 0.181114352253, "Shape__Length": 20450.739211108732}}, {"type": "Feature", "id": 16117, "geometry": {"type": "LineString", "coordinates": [[-91.3587199999999, 41.923072], [-91.433216, 41.893632]]}, "properties": {"FID": 16117, "TYPEPIPE": "Interstate", "Operator": "Northern Natural Gas Co", "Status": "Operating", "Shape_Leng": 0.0801022322785, "Shape__Length": 9389.539618225437}}, {"type": "Feature", "id": 16118, "geometry": {"type": "LineString", "coordinates": [[-91.166208, 41.868032], [-91.11808, 41.77664]]}, "properties": {"FID": 16118, "TYPEPIPE": "Interstate", "Operator": "Northern Natural Gas Co", "Status": "Operating", "Shape_Leng": 0.103289893252, "Shape__Length": 14665.663111301039}}, {"type": "Feature", "id": 16119, "geometry": {"type": "LineString", "coordinates": [[-91.166208, 41.868032], [-91.0568959999999, 41.875456]]}, "properties": {"FID": 16119, "TYPEPIPE": "Interstate", "Operator": "Northern Natural Gas Co", "Status": "Operating", "Shape_Leng": 0.109563813004, "Shape__Length": 12219.0636079228}}, {"type": "Feature", "id": 16120, "geometry": {"type": "LineString", "coordinates": [[-91.196928, 41.90464], [-91.166208, 41.868032]]}, "properties": {"FID": 16120, "TYPEPIPE": "Interstate", "Operator": "Northern Natural Gas Co", "Status": "Operating", "Shape_Leng": 0.0477897903741, "Shape__Length": 6454.342808174666}}, {"type": "Feature", "id": 16121, "geometry": {"type": "LineString", "coordinates": [[-91.196928, 41.90464], [-91.144448, 41.9448320000001]]}, "properties": {"FID": 16121, "TYPEPIPE": "Interstate", "Operator": "Northern Natural Gas Co", "Status": "Operating", "Shape_Leng": 0.0661025511157, "Shape__Length": 8383.985230545612}}, {"type": "Feature", "id": 16122, "geometry": {"type": "LineString", "coordinates": [[-91.218688, 41.9448320000001], [-91.196928, 41.90464]]}, "properties": {"FID": 16122, "TYPEPIPE": "Interstate", "Operator": "Northern Natural Gas Co", "Status": "Operating", "Shape_Leng": 0.0457044249937, "Shape__Length": 6483.000280735862}}, {"type": "Feature", "id": 16123, "geometry": {"type": "LineString", "coordinates": [[-90.500572, 41.876871], [-90.601728, 41.8385920000001]]}, "properties": {"FID": 16123, "TYPEPIPE": "Interstate", "Operator": "Northern Natural Gas Co", "Status": "Operating", "Shape_Leng": 0.108156452313, "Shape__Length": 12630.693560436508}}, {"type": "Feature", "id": 16124, "geometry": {"type": "LineString", "coordinates": [[-90.500572, 41.876871], [-90.4529919999999, 41.8094080000001]]}, "properties": {"FID": 16124, "TYPEPIPE": "Interstate", "Operator": "Northern Natural Gas Co", "Status": "Operating", "Shape_Leng": 0.082553696277, "Shape__Length": 11387.567761982033}}, {"type": "Feature", "id": 16125, "geometry": {"type": "LineString", "coordinates": [[-90.561853, 41.963761], [-90.500572, 41.876871]]}, "properties": {"FID": 16125, "TYPEPIPE": "Interstate", "Operator": "Northern Natural Gas Co", "Status": "Operating", "Shape_Leng": 0.106326069527, "Shape__Length": 14680.6652641869}}, {"type": "Feature", "id": 16127, "geometry": {"type": "LineString", "coordinates": [[-91.411456, 42.292992], [-91.481344, 42.2087680000001]]}, "properties": {"FID": 16127, "TYPEPIPE": "Interstate", "Operator": "Northern Natural Gas Co", "Status": "Operating", "Shape_Leng": 0.109444116882, "Shape__Length": 14864.88201452157}}, {"type": "Feature", "id": 16128, "geometry": {"type": "LineString", "coordinates": [[-91.385344, 42.402816], [-91.411456, 42.292992]]}, "properties": {"FID": 16128, "TYPEPIPE": "Interstate", "Operator": "Northern Natural Gas Co", "Status": "Operating", "Shape_Leng": 0.112885550537, "Shape__Length": 16795.304296579314}}, {"type": "Feature", "id": 16129, "geometry": {"type": "LineString", "coordinates": [[-91.59936, 42.4064000000001], [-91.385344, 42.402816]]}, "properties": {"FID": 16129, "TYPEPIPE": "Interstate", "Operator": "Northern Natural Gas Co", "Status": "Operating", "Shape_Leng": 0.214046007466, "Shape__Length": 23830.278331613245}}, {"type": "Feature", "id": 16130, "geometry": {"type": "LineString", "coordinates": [[-91.319552, 42.3912960000001], [-91.236352, 42.39872]]}, "properties": {"FID": 16130, "TYPEPIPE": "Interstate", "Operator": "Northern Natural Gas Co", "Status": "Operating", "Shape_Leng": 0.0835305679138, "Shape__Length": 9329.141285506988}}, {"type": "Feature", "id": 16131, "geometry": {"type": "LineString", "coordinates": [[-91.319552, 42.3912960000001], [-91.323648, 42.4389120000001]]}, "properties": {"FID": 16131, "TYPEPIPE": "Interstate", "Operator": "Northern Natural Gas Co", "Status": "Operating", "Shape_Leng": 0.0477918473382, "Shape__Length": 7194.134124539879}}, {"type": "Feature", "id": 16132, "geometry": {"type": "LineString", "coordinates": [[-91.385344, 42.402816], [-91.319552, 42.3912960000001]]}, "properties": {"FID": 16132, "TYPEPIPE": "Interstate", "Operator": "Northern Natural Gas Co", "Status": "Operating", "Shape_Leng": 0.0667929462144, "Shape__Length": 7526.982855432083}}, {"type": "Feature", "id": 16133, "geometry": {"type": "LineString", "coordinates": [[-91.314944, 41.9448320000001], [-91.3587199999999, 41.923072]]}, "properties": {"FID": 16133, "TYPEPIPE": "Interstate", "Operator": "Northern Natural Gas Co", "Status": "Operating", "Shape_Leng": 0.0488859466104, "Shape__Length": 5860.881211939408}}, {"type": "Feature", "id": 16134, "geometry": {"type": "LineString", "coordinates": [[-91.2407039999999, 41.9704320000001], [-91.314944, 41.9448320000001]]}, "properties": {"FID": 16134, "TYPEPIPE": "Interstate", "Operator": "Northern Natural Gas Co", "Status": "Operating", "Shape_Leng": 0.0785298516489, "Shape__Length": 9109.633811463485}}, {"type": "Feature", "id": 16152, "geometry": {"type": "LineString", "coordinates": [[-90.361344, 42.50496], [-90.431232, 42.596352]]}, "properties": {"FID": 16152, "TYPEPIPE": "Interstate", "Operator": "Northern Natural Gas Co", "Status": "Operating", "Shape_Leng": 0.115051424189, "Shape__Length": 15850.840085635611}}, {"type": "Feature", "id": 16153, "geometry": {"type": "LineString", "coordinates": [[-91.126784, 42.3802880000001], [-91.088836, 42.3825900000001], [-91.0044159999999, 42.3877120000001]]}, "properties": {"FID": 16153, "TYPEPIPE": "Interstate", "Operator": "Northern Natural Gas Co", "Status": "Operating", "Shape_Leng": 0.12259299817, "Shape__Length": 13667.815564107166}}, {"type": "Feature", "id": 16154, "geometry": {"type": "LineString", "coordinates": [[-91.157504, 42.384128], [-91.126784, 42.3802880000001]]}, "properties": {"FID": 16154, "TYPEPIPE": "Interstate", "Operator": "Northern Natural Gas Co", "Status": "Operating", "Shape_Leng": 0.0309590697534, "Shape__Length": 3468.3543624923655}}, {"type": "Feature", "id": 16155, "geometry": {"type": "LineString", "coordinates": [[-91.179264, 42.2924800000001], [-91.2407039999999, 42.0948480000001]]}, "properties": {"FID": 16155, "TYPEPIPE": "Interstate", "Operator": "Northern Natural Gas Co", "Status": "Operating", "Shape_Leng": 0.206962027976, "Shape__Length": 30472.36944331298}}, {"type": "Feature", "id": 16156, "geometry": {"type": "LineString", "coordinates": [[-91.157504, 42.384128], [-91.179264, 42.2924800000001]]}, "properties": {"FID": 16156, "TYPEPIPE": "Interstate", "Operator": "Northern Natural Gas Co", "Status": "Operating", "Shape_Leng": 0.0941958253002, "Shape__Length": 14012.998353120332}}, {"type": "Feature", "id": 16157, "geometry": {"type": "LineString", "coordinates": [[-91.236352, 42.39872], [-91.157504, 42.384128]]}, "properties": {"FID": 16157, "TYPEPIPE": "Interstate", "Operator": "Northern Natural Gas Co", "Status": "Operating", "Shape_Leng": 0.0801868665556, "Shape__Length": 9048.682414878964}}, {"type": "Feature", "id": 16158, "geometry": {"type": "LineString", "coordinates": [[-91.236352, 42.39872], [-91.205632, 42.4499200000001]]}, "properties": {"FID": 16158, "TYPEPIPE": "Interstate", "Operator": "Northern Natural Gas Co", "Status": "Operating", "Shape_Leng": 0.0597089474032, "Shape__Length": 8444.623875976904}}, {"type": "Feature", "id": 16159, "geometry": {"type": "LineString", "coordinates": [[-91.144448, 41.9448320000001], [-91.1093759999999, 41.9850240000001]]}, "properties": {"FID": 16159, "TYPEPIPE": "Interstate", "Operator": "Northern Natural Gas Co", "Status": "Operating", "Shape_Leng": 0.0533426850468, "Shape__Length": 7172.870652655451}}, {"type": "Feature", "id": 16160, "geometry": {"type": "LineString", "coordinates": [[-91.2407039999999, 41.9704320000001], [-91.218688, 41.9448320000001]]}, "properties": {"FID": 16160, "TYPEPIPE": "Interstate", "Operator": "Northern Natural Gas Co", "Status": "Operating", "Shape_Leng": 0.0337648375681, "Shape__Length": 4548.875439873946}}, {"type": "Feature", "id": 16161, "geometry": {"type": "LineString", "coordinates": [[-91.2407039999999, 42.0948480000001], [-91.2407039999999, 41.9704320000001]]}, "properties": {"FID": 16161, "TYPEPIPE": "Interstate", "Operator": "Northern Natural Gas Co", "Status": "Operating", "Shape_Leng": 0.124416, "Shape__Length": 18646.49054689426}}, {"type": "Feature", "id": 16162, "geometry": {"type": "LineString", "coordinates": [[-90.759424, 42.384128], [-90.6982399999999, 42.2924800000001]]}, "properties": {"FID": 16162, "TYPEPIPE": "Interstate", "Operator": "Northern Natural Gas Co", "Status": "Operating", "Shape_Leng": 0.110194545056, "Shape__Length": 15391.09686390512}}, {"type": "Feature", "id": 16163, "geometry": {"type": "LineString", "coordinates": [[-90.759424, 42.384128], [-90.7023359999999, 42.468352]]}, "properties": {"FID": 16163, "TYPEPIPE": "Interstate", "Operator": "Northern Natural Gas Co", "Status": "Operating", "Shape_Leng": 0.101748326374, "Shape__Length": 14202.864946188762}}, {"type": "Feature", "id": 16164, "geometry": {"type": "LineString", "coordinates": [[-91.0044159999999, 42.3877120000001], [-90.759424, 42.384128]]}, "properties": {"FID": 16164, "TYPEPIPE": "Interstate", "Operator": "Northern Natural Gas Co", "Status": "Operating", "Shape_Leng": 0.245018213854, "Shape__Length": 27277.733279570162}}, {"type": "Feature", "id": 16165, "geometry": {"type": "LineString", "coordinates": [[-90.5274879999999, 42.1314560000001], [-90.42688, 42.2302720000001]]}, "properties": {"FID": 16165, "TYPEPIPE": "Interstate", "Operator": "Northern Natural Gas Co", "Status": "Operating", "Shape_Leng": 0.141019755779, "Shape__Length": 18595.39713090591}}, {"type": "Feature", "id": 16166, "geometry": {"type": "LineString", "coordinates": [[-90.6982399999999, 42.2924800000001], [-90.5274879999999, 42.1314560000001]]}, "properties": {"FID": 16166, "TYPEPIPE": "Interstate", "Operator": "Northern Natural Gas Co", "Status": "Operating", "Shape_Leng": 0.234701883418, "Shape__Length": 30773.58694410621}}, {"type": "Feature", "id": 16167, "geometry": {"type": "LineString", "coordinates": [[-90.348032, 42.0472320000001], [-90.439936, 42.0472320000001]]}, "properties": {"FID": 16167, "TYPEPIPE": "Interstate", "Operator": "Northern Natural Gas Co", "Status": "Operating", "Shape_Leng": 0.091904, "Shape__Length": 10230.706481862813}}, {"type": "Feature", "id": 16168, "geometry": {"type": "LineString", "coordinates": [[-90.5274879999999, 42.1314560000001], [-90.3420999999999, 42.09592]]}, "properties": {"FID": 16168, "TYPEPIPE": "Interstate", "Operator": "Northern Natural Gas Co", "Status": "Operating", "Shape_Leng": 0.188763126272, "Shape__Length": 21315.142645733413}}, {"type": "Feature", "id": 16169, "geometry": {"type": "LineString", "coordinates": [[-90.561853, 41.963761], [-90.457344, 42.003456]]}, "properties": {"FID": 16169, "TYPEPIPE": "Interstate", "Operator": "Northern Natural Gas Co", "Status": "Operating", "Shape_Leng": 0.111793667558, "Shape__Length": 13064.66567079158}}, {"type": "Feature", "id": 16170, "geometry": {"type": "LineString", "coordinates": [[-90.6104319999999, 42.0326400000001], [-90.561853, 41.963761]]}, "properties": {"FID": 16170, "TYPEPIPE": "Interstate", "Operator": "Northern Natural Gas Co", "Status": "Operating", "Shape_Leng": 0.0842866293193, "Shape__Length": 11648.775156273645}}, {"type": "Feature", "id": 16171, "geometry": {"type": "LineString", "coordinates": [[-90.5274879999999, 42.1314560000001], [-90.6104319999999, 42.0326400000001]]}, "properties": {"FID": 16171, "TYPEPIPE": "Interstate", "Operator": "Northern Natural Gas Co", "Status": "Operating", "Shape_Leng": 0.129012824913, "Shape__Length": 17462.076242841456}}, {"type": "Feature", "id": 16172, "geometry": {"type": "LineString", "coordinates": [[-90.339328, 42.0326400000001], [-90.26048, 42.003456]]}, "properties": {"FID": 16172, "TYPEPIPE": "Interstate", "Operator": "Northern Natural Gas Co", "Status": "Operating", "Shape_Leng": 0.0840756383265, "Shape__Length": 9806.286597691318}}, {"type": "Feature", "id": 16173, "geometry": {"type": "LineString", "coordinates": [[-90.348032, 42.0472320000001], [-90.339328, 42.0326400000001]]}, "properties": {"FID": 16173, "TYPEPIPE": "Interstate", "Operator": "Northern Natural Gas Co", "Status": "Operating", "Shape_Leng": 0.0169907645502, "Shape__Length": 2392.1934298834126}}, {"type": "Feature", "id": 16174, "geometry": {"type": "LineString", "coordinates": [[-90.3420999999999, 42.09592], [-90.348032, 42.0472320000001]]}, "properties": {"FID": 16174, "TYPEPIPE": "Interstate", "Operator": "Northern Natural Gas Co", "Status": "Operating", "Shape_Leng": 0.0490480373511, "Shape__Length": 7331.245635442522}}, {"type": "Feature", "id": 16175, "geometry": {"type": "LineString", "coordinates": [[-90.628096, 42.395136], [-90.523136, 42.406144]]}, "properties": {"FID": 16175, "TYPEPIPE": "Interstate", "Operator": "Northern Natural Gas Co", "Status": "Operating", "Shape_Leng": 0.105535670103, "Shape__Length": 11801.345942834352}}, {"type": "Feature", "id": 16176, "geometry": {"type": "LineString", "coordinates": [[-90.759424, 42.384128], [-90.628096, 42.395136]]}, "properties": {"FID": 16176, "TYPEPIPE": "Interstate", "Operator": "Northern Natural Gas Co", "Status": "Operating", "Shape_Leng": 0.131788541414, "Shape__Length": 14713.212366356034}}, {"type": "Feature", "id": 16177, "geometry": {"type": "LineString", "coordinates": [[-90.4225279999999, 42.446336], [-90.361344, 42.50496]]}, "properties": {"FID": 16177, "TYPEPIPE": "Interstate", "Operator": "Northern Natural Gas Co", "Status": "Operating", "Shape_Leng": 0.084736386706, "Shape__Length": 11165.886975316844}}, {"type": "Feature", "id": 16178, "geometry": {"type": "LineString", "coordinates": [[-90.523136, 42.406144], [-90.4225279999999, 42.446336]]}, "properties": {"FID": 16178, "TYPEPIPE": "Interstate", "Operator": "Northern Natural Gas Co", "Status": "Operating", "Shape_Leng": 0.10833912741, "Shape__Length": 12734.658571798771}}, {"type": "Feature", "id": 16179, "geometry": {"type": "LineString", "coordinates": [[-90.361344, 42.50496], [-90.2911999999999, 42.567168]]}, "properties": {"FID": 16179, "TYPEPIPE": "Interstate", "Operator": "Northern Natural Gas Co", "Status": "Operating", "Shape_Leng": 0.0937550851954, "Shape__Length": 12218.599368491172}}, {"type": "Feature", "id": 17171, "geometry": {"type": "LineString", "coordinates": [[-90.032064, 42.3693440000001], [-90.00576, 42.3693440000001]]}, "properties": {"FID": 17171, "TYPEPIPE": "Intrastate", "Operator": "Northern Illinois Gas Co", "Status": "Operating", "Shape_Leng": 0.026304, "Shape__Length": 2928.147885831073}}, {"type": "Feature", "id": 17372, "geometry": {"type": "LineString", "coordinates": [[-88.087073, 41.0669570000001], [-88.184419, 41.1498090000001]]}, "properties": {"FID": 17372, "TYPEPIPE": "Interstate", "Operator": "Natural Gas PL Co of Am", "Status": "Operating", "Shape_Leng": 0.127830738166, "Shape__Length": 16348.307982162114}}, {"type": "Feature", "id": 17374, "geometry": {"type": "LineString", "coordinates": [[-88.854592, 39.1136000000001], [-88.852809, 39.141055], [-88.8527359999999, 39.1421760000001]]}, "properties": {"FID": 17374, "TYPEPIPE": "Interstate", "Operator": "Natural Gas PL Co of Am", "Status": "Operating", "Shape_Leng": 0.028636209822, "Shape__Length": 4105.890669778006}}, {"type": "Feature", "id": 17376, "geometry": {"type": "LineString", "coordinates": [[-88.427264, 39.6759040000001], [-88.326176, 39.6755840000001]]}, "properties": {"FID": 17376, "TYPEPIPE": "Interstate", "Operator": "Natural Gas PL Co of Am", "Status": "Operating", "Shape_Leng": 0.101088506488, "Shape__Length": 11253.159862025916}}, {"type": "Feature", "id": 17378, "geometry": {"type": "LineString", "coordinates": [[-88.080128, 41.094144], [-88.061504, 41.13568]]}, "properties": {"FID": 17378, "TYPEPIPE": "Interstate", "Operator": "Natural Gas PL Co of Am", "Status": "Operating", "Shape_Leng": 0.0455202446391, "Shape__Length": 6477.979285444657}}, {"type": "Feature", "id": 17380, "geometry": {"type": "LineString", "coordinates": [[-88.777728, 39.1161920000001], [-88.854592, 39.1136000000001]]}, "properties": {"FID": 17380, "TYPEPIPE": "Interstate", "Operator": "Natural Gas PL Co of Am", "Status": "Operating", "Shape_Leng": 0.0769076911628, "Shape__Length": 8564.539109904616}}, {"type": "Feature", "id": 17382, "geometry": {"type": "LineString", "coordinates": [[-88.0068019999999, 41.7189750000001], [-87.9155459999999, 41.750009]]}, "properties": {"FID": 17382, "TYPEPIPE": "Interstate", "Operator": "Natural Gas PL Co of Am", "Status": "Operating", "Shape_Leng": 0.0963886232498, "Shape__Length": 11163.719127574666}}, {"type": "Feature", "id": 17384, "geometry": {"type": "LineString", "coordinates": [[-87.9155459999999, 41.750009], [-87.822052, 41.776217], [-87.8027299999999, 41.830996], [-87.737036, 41.8497360000001]]}, "properties": {"FID": 17384, "TYPEPIPE": "Interstate", "Operator": "Natural Gas PL Co of Am", "Status": "Operating", "Shape_Leng": 0.223499276339, "Shape__Length": 27407.65066601319}}, {"type": "Feature", "id": 17386, "geometry": {"type": "LineString", "coordinates": [[-88.18528, 42.0088960000001], [-88.019307, 42.0091630000001]]}, "properties": {"FID": 17386, "TYPEPIPE": "Interstate", "Operator": "Natural Gas PL Co of Am", "Status": "Operating", "Shape_Leng": 0.165973214761, "Shape__Length": 18476.07314685346}}, {"type": "Feature", "id": 17388, "geometry": {"type": "LineString", "coordinates": [[-87.574272, 41.669632], [-87.57413, 41.688006], [-87.511564, 41.688006]]}, "properties": {"FID": 17388, "TYPEPIPE": "Interstate", "Operator": "Natural Gas PL Co of Am", "Status": "Operating", "Shape_Leng": 0.0809405487019, "Shape__Length": 9703.41760948762}}, {"type": "Feature", "id": 17393, "geometry": {"type": "LineString", "coordinates": [[-89.307383, 41.366208], [-89.281579, 41.300457], [-89.281579, 41.300759]]}, "properties": {"FID": 17393, "TYPEPIPE": "Interstate", "Operator": "Natural Gas PL Co of Am", "Status": "Operating", "Shape_Leng": 0.0709351396513, "Shape__Length": 10206.897301371253}}, {"type": "Feature", "id": 17409, "geometry": {"type": "LineString", "coordinates": [[-88.026752, 42.3141120000001], [-88.026574, 42.3249430000001], [-88.0339729999999, 42.3272610000001], [-88.03297, 42.3832090000001], [-88.006609, 42.3957490000001], [-87.982286, 42.451326], [-87.912437, 42.492282], [-87.906299, 42.4958810000001]]}, "properties": {"FID": 17409, "TYPEPIPE": "Interstate", "Operator": "Natural Gas PL Co of Am", "Status": "Operating", "Shape_Leng": 0.25248728534, "Shape__Length": 34058.17328852706}}, {"type": "Feature", "id": 17415, "geometry": {"type": "LineString", "coordinates": [[-91.042383, 41.390794], [-91.073956, 41.389957]]}, "properties": {"FID": 17415, "TYPEPIPE": "Interstate", "Operator": "Natural Gas PL Co of Am", "Status": "Operating", "Shape_Leng": 0.0315840924834, "Shape__Length": 3516.883900886534}}, {"type": "Feature", "id": 17416, "geometry": {"type": "LineString", "coordinates": [[-91.073956, 41.389957], [-91.204325, 41.3843400000001]]}, "properties": {"FID": 17416, "TYPEPIPE": "Interstate", "Operator": "Natural Gas PL Co of Am", "Status": "Operating", "Shape_Leng": 0.13048994923, "Shape__Length": 14536.521557347729}}, {"type": "Feature", "id": 17418, "geometry": {"type": "LineString", "coordinates": [[-91.032093, 41.388538], [-91.002037, 41.3819490000001]]}, "properties": {"FID": 17418, "TYPEPIPE": "Interstate", "Operator": "Natural Gas PL Co of Am", "Status": "Operating", "Shape_Leng": 0.0307697588063, "Shape__Length": 3485.717657051381}}, {"type": "Feature", "id": 17420, "geometry": {"type": "LineString", "coordinates": [[-90.689635, 41.465218], [-90.681413, 41.498162]]}, "properties": {"FID": 17420, "TYPEPIPE": "Interstate", "Operator": "Natural Gas PL Co of Am", "Status": "Operating", "Shape_Leng": 0.0339545051503, "Shape__Length": 4980.010453315813}}, {"type": "Feature", "id": 17421, "geometry": {"type": "LineString", "coordinates": [[-91.002037, 41.3819490000001], [-90.942208, 41.368832]]}, "properties": {"FID": 17421, "TYPEPIPE": "Interstate", "Operator": "Natural Gas PL Co of Am", "Status": "Operating", "Shape_Leng": 0.0612500198368, "Shape__Length": 6938.575251598722}}, {"type": "Feature", "id": 17424, "geometry": {"type": "LineString", "coordinates": [[-88.019307, 42.0091630000001], [-87.732021, 42.009625], [-87.7254609999999, 42.009636], [-87.6692399999999, 42.009727]]}, "properties": {"FID": 17424, "TYPEPIPE": "Interstate", "Operator": "Natural Gas PL Co of Am", "Status": "Operating", "Shape_Leng": 0.350067454353, "Shape__Length": 38969.37179419462}}, {"type": "Feature", "id": 17426, "geometry": {"type": "LineString", "coordinates": [[-88.2430889999999, 41.851883], [-88.244268, 41.8927890000001]]}, "properties": {"FID": 17426, "TYPEPIPE": "Interstate", "Operator": "Natural Gas PL Co of Am", "Status": "Operating", "Shape_Leng": 0.0409229871466, "Shape__Length": 6116.675475030916}}, {"type": "Feature", "id": 17428, "geometry": {"type": "LineString", "coordinates": [[-88.244268, 41.8927890000001], [-88.2455679999999, 41.9379200000001]]}, "properties": {"FID": 17428, "TYPEPIPE": "Interstate", "Operator": "Natural Gas PL Co of Am", "Status": "Operating", "Shape_Leng": 0.0451497193901, "Shape__Length": 6752.982754141516}}, {"type": "Feature", "id": 17430, "geometry": {"type": "LineString", "coordinates": [[-88.083113, 41.6927880000001], [-88.0068019999999, 41.7189750000001]]}, "properties": {"FID": 17430, "TYPEPIPE": "Interstate", "Operator": "Natural Gas PL Co of Am", "Status": "Operating", "Shape_Leng": 0.0806791651544, "Shape__Length": 9349.329059692063}}, {"type": "Feature", "id": 17432, "geometry": {"type": "LineString", "coordinates": [[-88.184419, 41.1498090000001], [-88.1390639999999, 41.1520200000001]]}, "properties": {"FID": 17432, "TYPEPIPE": "Interstate", "Operator": "Natural Gas PL Co of Am", "Status": "Operating", "Shape_Leng": 0.0454088597743, "Shape__Length": 5059.465469035184}}, {"type": "Feature", "id": 17458, "geometry": {"type": "LineString", "coordinates": [[-90.1358549999999, 36.9393510000001], [-90.046848, 37.036928]]}, "properties": {"FID": 17458, "TYPEPIPE": "Interstate", "Operator": "Natural Gas PL Co of Am", "Status": "Operating", "Shape_Leng": 0.132073907256, "Shape__Length": 16825.62452910639}}, {"type": "Feature", "id": 17460, "geometry": {"type": "LineString", "coordinates": [[-88.365258, 41.2092640000001], [-88.362496, 41.352448]]}, "properties": {"FID": 17460, "TYPEPIPE": "Interstate", "Operator": "Natural Gas PL Co of Am", "Status": "Operating", "Shape_Leng": 0.143210636826, "Shape__Length": 21212.483648343983}}, {"type": "Feature", "id": 17464, "geometry": {"type": "LineString", "coordinates": [[-89.2520959999999, 38.556928], [-89.273531, 38.6056820000001], [-89.479069, 38.6420580000001], [-89.596289, 38.6420580000001], [-89.6363699999999, 38.657681], [-89.708179, 38.656931], [-89.9519979999999, 38.733202], [-89.9904079999999, 38.735806], [-90.0104479999999, 38.7488270000001], [-90.080588, 38.7488270000001]]}, "properties": {"FID": 17464, "TYPEPIPE": "Interstate", "Operator": "Natural Gas PL Co of Am", "Status": "Operating", "Shape_Leng": 0.882048132023, "Shape__Length": 101075.4163636417}}, {"type": "Feature", "id": 17466, "geometry": {"type": "LineString", "coordinates": [[-87.603488, 40.7218560000001], [-87.665568, 40.8736640000001]]}, "properties": {"FID": 17466, "TYPEPIPE": "Intrastate", "Operator": "Northern Illinois Gas Co", "Status": "Operating", "Shape_Leng": 0.164010960804, "Shape__Length": 23368.5237521735}}, {"type": "Feature", "id": 17468, "geometry": {"type": "LineString", "coordinates": [[-87.732512, 40.7226880000001], [-87.603488, 40.7218560000001]]}, "properties": {"FID": 17468, "TYPEPIPE": "Intrastate", "Operator": "Northern Illinois Gas Co", "Status": "Operating", "Shape_Leng": 0.129026682512, "Shape__Length": 14363.40586560898}}, {"type": "Feature", "id": 17470, "geometry": {"type": "LineString", "coordinates": [[-87.732512, 40.7226880000001], [-87.732512, 40.685184]]}, "properties": {"FID": 17470, "TYPEPIPE": "Intrastate", "Operator": "Northern Illinois Gas Co", "Status": "Operating", "Shape_Leng": 0.037504, "Shape__Length": 5507.167899894528}}, {"type": "Feature", "id": 17472, "geometry": {"type": "LineString", "coordinates": [[-87.750976, 40.7226880000001], [-87.732512, 40.7226880000001]]}, "properties": {"FID": 17472, "TYPEPIPE": "Intrastate", "Operator": "Northern Illinois Gas Co", "Status": "Operating", "Shape_Leng": 0.018464, "Shape__Length": 2055.4030780065805}}, {"type": "Feature", "id": 17474, "geometry": {"type": "LineString", "coordinates": [[-87.750976, 40.7402240000001], [-87.750976, 40.7226880000001]]}, "properties": {"FID": 17474, "TYPEPIPE": "Intrastate", "Operator": "Northern Illinois Gas Co", "Status": "Operating", "Shape_Leng": 0.017536, "Shape__Length": 2576.088528781198}}, {"type": "Feature", "id": 17476, "geometry": {"type": "LineString", "coordinates": [[-87.836384, 40.741024], [-87.750976, 40.7402240000001]]}, "properties": {"FID": 17476, "TYPEPIPE": "Intrastate", "Operator": "Northern Illinois Gas Co", "Status": "Operating", "Shape_Leng": 0.0854117466394, "Shape__Length": 9508.301583364853}}, {"type": "Feature", "id": 17478, "geometry": {"type": "LineString", "coordinates": [[-87.945024, 40.741024], [-87.836384, 40.741024]]}, "properties": {"FID": 17478, "TYPEPIPE": "Intrastate", "Operator": "Northern Illinois Gas Co", "Status": "Operating", "Shape_Leng": 0.10864, "Shape__Length": 12093.749479785562}}, {"type": "Feature", "id": 17480, "geometry": {"type": "LineString", "coordinates": [[-88.0207359999999, 40.68768], [-88.10128, 40.645152]]}, "properties": {"FID": 17480, "TYPEPIPE": "Intrastate", "Operator": "Northern Illinois Gas Co", "Status": "Operating", "Shape_Leng": 0.091082197602, "Shape__Length": 10924.567851887361}}, {"type": "Feature", "id": 17482, "geometry": {"type": "LineString", "coordinates": [[-88.019776, 40.74352], [-88.0207359999999, 40.68768]]}, "properties": {"FID": 17482, "TYPEPIPE": "Intrastate", "Operator": "Northern Illinois Gas Co", "Status": "Operating", "Shape_Leng": 0.0558482515393, "Shape__Length": 8201.79860843355}}, {"type": "Feature", "id": 17484, "geometry": {"type": "LineString", "coordinates": [[-87.975448, 40.7418680000001], [-88.019776, 40.74352]]}, "properties": {"FID": 17484, "TYPEPIPE": "Intrastate", "Operator": "Northern Illinois Gas Co", "Status": "Operating", "Shape_Leng": 0.0443587723906, "Shape__Length": 4940.536418790911}}, {"type": "Feature", "id": 17486, "geometry": {"type": "LineString", "coordinates": [[-87.945024, 40.741024], [-87.946016, 40.8119360000001]]}, "properties": {"FID": 17486, "TYPEPIPE": "Intrastate", "Operator": "Northern Illinois Gas Co", "Status": "Operating", "Shape_Leng": 0.0709189382887, "Shape__Length": 10424.818843112122}}, {"type": "Feature", "id": 17488, "geometry": {"type": "LineString", "coordinates": [[-87.975448, 40.7418680000001], [-87.945024, 40.741024]]}, "properties": {"FID": 17488, "TYPEPIPE": "Intrastate", "Operator": "Northern Illinois Gas Co", "Status": "Operating", "Shape_Leng": 0.0304357045589, "Shape__Length": 3389.053597086675}}, {"type": "Feature", "id": 17490, "geometry": {"type": "LineString", "coordinates": [[-88.193408, 40.741184], [-88.193408, 40.7211520000001]]}, "properties": {"FID": 17490, "TYPEPIPE": "Intrastate", "Operator": "Northern Illinois Gas Co", "Status": "Operating", "Shape_Leng": 0.020032, "Shape__Length": 2942.7453354895115}}, {"type": "Feature", "id": 17492, "geometry": {"type": "LineString", "coordinates": [[-88.294112, 40.7436480000001], [-88.193408, 40.741184]]}, "properties": {"FID": 17492, "TYPEPIPE": "Intrastate", "Operator": "Northern Illinois Gas Co", "Status": "Operating", "Shape_Leng": 0.100734139754, "Shape__Length": 11216.162184759343}}, {"type": "Feature", "id": 17494, "geometry": {"type": "LineString", "coordinates": [[-88.294112, 40.7436480000001], [-88.294112, 40.7219840000001]]}, "properties": {"FID": 17494, "TYPEPIPE": "Intrastate", "Operator": "Northern Illinois Gas Co", "Status": "Operating", "Shape_Leng": 0.021664, "Shape__Length": 3182.5685956906527}}, {"type": "Feature", "id": 17496, "geometry": {"type": "LineString", "coordinates": [[-88.052384, 40.564352], [-88.0359359999999, 40.612736]]}, "properties": {"FID": 17496, "TYPEPIPE": "Intrastate", "Operator": "Northern Illinois Gas Co", "Status": "Operating", "Shape_Leng": 0.0511033086992, "Shape__Length": 7325.065212418739}}, {"type": "Feature", "id": 17498, "geometry": {"type": "LineString", "coordinates": [[-88.052384, 40.564352], [-88.106432, 40.564352]]}, "properties": {"FID": 17498, "TYPEPIPE": "Intrastate", "Operator": "Northern Illinois Gas Co", "Status": "Operating", "Shape_Leng": 0.054048, "Shape__Length": 6016.595838395879}}, {"type": "Feature", "id": 17500, "geometry": {"type": "LineString", "coordinates": [[-88.086176, 40.458464], [-88.052384, 40.564352]]}, "properties": {"FID": 17500, "TYPEPIPE": "Intrastate", "Operator": "Northern Illinois Gas Co", "Status": "Operating", "Shape_Leng": 0.111149304127, "Shape__Length": 15953.916622149029}}, {"type": "Feature", "id": 17502, "geometry": {"type": "LineString", "coordinates": [[-87.8565399999999, 40.291574], [-87.7955839999999, 40.291616]]}, "properties": {"FID": 17502, "TYPEPIPE": "Intrastate", "Operator": "Northern Illinois Gas Co", "Status": "Operating", "Shape_Leng": 0.0609560144694, "Shape__Length": 6785.593649287825}}, {"type": "Feature", "id": 17504, "geometry": {"type": "LineString", "coordinates": [[-87.7955839999999, 40.3274880000001], [-87.7955839999999, 40.291616]]}, "properties": {"FID": 17504, "TYPEPIPE": "Intrastate", "Operator": "Northern Illinois Gas Co", "Status": "Operating", "Shape_Leng": 0.035872, "Shape__Length": 5236.637596257962}}, {"type": "Feature", "id": 17507, "geometry": {"type": "LineString", "coordinates": [[-87.960672, 40.3274880000001], [-87.7955839999999, 40.3274880000001]]}, "properties": {"FID": 17507, "TYPEPIPE": "Intrastate", "Operator": "Northern Illinois Gas Co", "Status": "Operating", "Shape_Leng": 0.165088, "Shape__Length": 18377.51209608279}}, {"type": "Feature", "id": 17509, "geometry": {"type": "LineString", "coordinates": [[-87.960672, 40.3274880000001], [-87.9596799999999, 40.2874560000001]]}, "properties": {"FID": 17509, "TYPEPIPE": "Intrastate", "Operator": "Northern Illinois Gas Co", "Status": "Operating", "Shape_Leng": 0.040044289081, "Shape__Length": 5844.7827683719715}}, {"type": "Feature", "id": 17511, "geometry": {"type": "LineString", "coordinates": [[-88.0233919999999, 40.3266560000001], [-87.960672, 40.3274880000001]]}, "properties": {"FID": 17511, "TYPEPIPE": "Intrastate", "Operator": "Northern Illinois Gas Co", "Status": "Operating", "Shape_Leng": 0.0627255181246, "Shape__Length": 6983.015342695362}}, {"type": "Feature", "id": 17513, "geometry": {"type": "LineString", "coordinates": [[-88.0233919999999, 40.3266560000001], [-88.0233919999999, 40.299968]]}, "properties": {"FID": 17513, "TYPEPIPE": "Intrastate", "Operator": "Northern Illinois Gas Co", "Status": "Operating", "Shape_Leng": 0.026688, "Shape__Length": 3896.1631056433544}}, {"type": "Feature", "id": 17515, "geometry": {"type": "LineString", "coordinates": [[-88.121856, 40.326688], [-88.0233919999999, 40.3266560000001]]}, "properties": {"FID": 17515, "TYPEPIPE": "Intrastate", "Operator": "Northern Illinois Gas Co", "Status": "Operating", "Shape_Leng": 0.0984640051999, "Shape__Length": 10960.963337419287}}, {"type": "Feature", "id": 17517, "geometry": {"type": "LineString", "coordinates": [[-88.086176, 40.458464], [-88.147904, 40.458464]]}, "properties": {"FID": 17517, "TYPEPIPE": "Intrastate", "Operator": "Northern Illinois Gas Co", "Status": "Operating", "Shape_Leng": 0.061728, "Shape__Length": 6871.529527688399}}, {"type": "Feature", "id": 17519, "geometry": {"type": "LineString", "coordinates": [[-88.121856, 40.3483840000001], [-88.086176, 40.458464]]}, "properties": {"FID": 17519, "TYPEPIPE": "Intrastate", "Operator": "Northern Illinois Gas Co", "Status": "Operating", "Shape_Leng": 0.115718057364, "Shape__Length": 16574.93340595299}}, {"type": "Feature", "id": 17521, "geometry": {"type": "LineString", "coordinates": [[-88.121856, 40.3483840000001], [-88.137824, 40.3500480000001]]}, "properties": {"FID": 17521, "TYPEPIPE": "Intrastate", "Operator": "Northern Illinois Gas Co", "Status": "Operating", "Shape_Leng": 0.0160544672911, "Shape__Length": 1794.0899261801135}}, {"type": "Feature", "id": 17523, "geometry": {"type": "LineString", "coordinates": [[-88.121856, 40.326688], [-88.121856, 40.3483840000001]]}, "properties": {"FID": 17523, "TYPEPIPE": "Intrastate", "Operator": "Northern Illinois Gas Co", "Status": "Operating", "Shape_Leng": 0.021696, "Shape__Length": 3168.5212656864896}}, {"type": "Feature", "id": 17525, "geometry": {"type": "LineString", "coordinates": [[-88.121856, 40.3058560000001], [-88.121856, 40.326688]]}, "properties": {"FID": 17525, "TYPEPIPE": "Intrastate", "Operator": "Northern Illinois Gas Co", "Status": "Operating", "Shape_Leng": 0.020832, "Shape__Length": 3041.382909179665}}, {"type": "Feature", "id": 17527, "geometry": {"type": "LineString", "coordinates": [[-88.13728, 40.3058560000001], [-88.121856, 40.3058560000001]]}, "properties": {"FID": 17527, "TYPEPIPE": "Intrastate", "Operator": "Northern Illinois Gas Co", "Status": "Operating", "Shape_Leng": 0.015424, "Shape__Length": 1716.9918259941041}}, {"type": "Feature", "id": 17529, "geometry": {"type": "LineString", "coordinates": [[-88.13632, 40.315008], [-88.13728, 40.3058560000001]]}, "properties": {"FID": 17529, "TYPEPIPE": "Intrastate", "Operator": "Northern Illinois Gas Co", "Status": "Operating", "Shape_Leng": 0.00920221190799, "Shape__Length": 1340.3045014338456}}, {"type": "Feature", "id": 17531, "geometry": {"type": "LineString", "coordinates": [[-88.13632, 40.315008], [-88.146944, 40.2658240000001]]}, "properties": {"FID": 17531, "TYPEPIPE": "Intrastate", "Operator": "Northern Illinois Gas Co", "Status": "Operating", "Shape_Leng": 0.0503183389233, "Shape__Length": 7274.68337532281}}, {"type": "Feature", "id": 17533, "geometry": {"type": "LineString", "coordinates": [[-88.388032, 40.315008], [-88.13632, 40.315008]]}, "properties": {"FID": 17533, "TYPEPIPE": "Intrastate", "Operator": "Northern Illinois Gas Co", "Status": "Operating", "Shape_Leng": 0.251712, "Shape__Length": 28020.4516665563}}, {"type": "Feature", "id": 17535, "geometry": {"type": "LineString", "coordinates": [[-88.3401279999999, 40.424288], [-88.137824, 40.3500480000001]]}, "properties": {"FID": 17535, "TYPEPIPE": "Intrastate", "Operator": "Northern Illinois Gas Co", "Status": "Operating", "Shape_Leng": 0.215495907191, "Shape__Length": 24997.852821280758}}, {"type": "Feature", "id": 17537, "geometry": {"type": "LineString", "coordinates": [[-88.2665919999999, 40.455136], [-88.2665919999999, 40.4384640000001]]}, "properties": {"FID": 17537, "TYPEPIPE": "Intrastate", "Operator": "Northern Illinois Gas Co", "Status": "Operating", "Shape_Leng": 0.016672, "Shape__Length": 2438.761427969672}}, {"type": "Feature", "id": 17539, "geometry": {"type": "LineString", "coordinates": [[-88.3672319999999, 40.455136], [-88.2665919999999, 40.455136]]}, "properties": {"FID": 17539, "TYPEPIPE": "Intrastate", "Operator": "Northern Illinois Gas Co", "Status": "Operating", "Shape_Leng": 0.10064, "Shape__Length": 11203.193553434685}}, {"type": "Feature", "id": 17541, "geometry": {"type": "LineString", "coordinates": [[-88.3672319999999, 40.455136], [-88.232704, 40.5627200000001]]}, "properties": {"FID": 17541, "TYPEPIPE": "Intrastate", "Operator": "Northern Illinois Gas Co", "Status": "Operating", "Shape_Leng": 0.172255913803, "Shape__Length": 21734.506588287357}}, {"type": "Feature", "id": 17543, "geometry": {"type": "LineString", "coordinates": [[-88.336768, 41.23936], [-88.279328, 41.249888]]}, "properties": {"FID": 17543, "TYPEPIPE": "Intrastate", "Operator": "Northern Illinois Gas Co", "Status": "Operating", "Shape_Leng": 0.0583968525179, "Shape__Length": 6581.425271598389}}, {"type": "Feature", "id": 17545, "geometry": {"type": "LineString", "coordinates": [[-88.279328, 41.249888], [-88.279328, 41.213152]]}, "properties": {"FID": 17545, "TYPEPIPE": "Intrastate", "Operator": "Northern Illinois Gas Co", "Status": "Operating", "Shape_Leng": 0.036736, "Shape__Length": 5437.696654018946}}, {"type": "Feature", "id": 17547, "geometry": {"type": "LineString", "coordinates": [[-87.975264, 41.34912], [-88.0202879999999, 41.3808000000001]]}, "properties": {"FID": 17547, "TYPEPIPE": "Intrastate", "Operator": "Northern Illinois Gas Co", "Status": "Operating", "Shape_Leng": 0.055052547407, "Shape__Length": 6870.25150888604}}, {"type": "Feature", "id": 17549, "geometry": {"type": "LineString", "coordinates": [[-88.0947199999999, 41.2840640000001], [-87.975264, 41.34912]]}, "properties": {"FID": 17549, "TYPEPIPE": "Intrastate", "Operator": "Northern Illinois Gas Co", "Status": "Operating", "Shape_Leng": 0.136022127141, "Shape__Length": 16425.68584035508}}, {"type": "Feature", "id": 17551, "geometry": {"type": "LineString", "coordinates": [[-88.0947199999999, 41.2840640000001], [-88.0418559999999, 41.2365120000001]]}, "properties": {"FID": 17551, "TYPEPIPE": "Intrastate", "Operator": "Northern Illinois Gas Co", "Status": "Operating", "Shape_Leng": 0.0711041152114, "Shape__Length": 9177.01541670505}}, {"type": "Feature", "id": 17553, "geometry": {"type": "LineString", "coordinates": [[-88.0947199999999, 41.2840640000001], [-88.0947199999999, 41.232352]]}, "properties": {"FID": 17553, "TYPEPIPE": "Intrastate", "Operator": "Northern Illinois Gas Co", "Status": "Operating", "Shape_Leng": 0.051712, "Shape__Length": 7657.58517709747}}, {"type": "Feature", "id": 17555, "geometry": {"type": "LineString", "coordinates": [[-88.1388479999999, 41.2748800000001], [-88.0947199999999, 41.2840640000001]]}, "properties": {"FID": 17555, "TYPEPIPE": "Intrastate", "Operator": "Northern Illinois Gas Co", "Status": "Operating", "Shape_Leng": 0.0450735647581, "Shape__Length": 5097.2055321057605}}, {"type": "Feature", "id": 17557, "geometry": {"type": "LineString", "coordinates": [[-88.1388479999999, 41.2748800000001], [-88.165184, 41.355776]]}, "properties": {"FID": 17557, "TYPEPIPE": "Intrastate", "Operator": "Northern Illinois Gas Co", "Status": "Operating", "Shape_Leng": 0.085074953494, "Shape__Length": 12342.912291348766}}, {"type": "Feature", "id": 17559, "geometry": {"type": "LineString", "coordinates": [[-88.232512, 41.2573760000001], [-88.1388479999999, 41.2748800000001]]}, "properties": {"FID": 17559, "TYPEPIPE": "Intrastate", "Operator": "Northern Illinois Gas Co", "Status": "Operating", "Shape_Leng": 0.0952855440873, "Shape__Length": 10744.057311804385}}, {"type": "Feature", "id": 17561, "geometry": {"type": "LineString", "coordinates": [[-88.232512, 41.2573760000001], [-88.2266559999999, 41.2432000000001]]}, "properties": {"FID": 17561, "TYPEPIPE": "Intrastate", "Operator": "Northern Illinois Gas Co", "Status": "Operating", "Shape_Leng": 0.0153379174597, "Shape__Length": 2197.8480340436727}}, {"type": "Feature", "id": 17563, "geometry": {"type": "LineString", "coordinates": [[-88.2695679999999, 41.2515520000001], [-88.232512, 41.2573760000001]]}, "properties": {"FID": 17563, "TYPEPIPE": "Intrastate", "Operator": "Northern Illinois Gas Co", "Status": "Operating", "Shape_Leng": 0.037510879915, "Shape__Length": 4214.234507361554}}, {"type": "Feature", "id": 17565, "geometry": {"type": "LineString", "coordinates": [[-88.2695679999999, 41.2515520000001], [-88.2773759999999, 41.2657280000001]]}, "properties": {"FID": 17565, "TYPEPIPE": "Intrastate", "Operator": "Northern Illinois Gas Co", "Status": "Operating", "Shape_Leng": 0.016184061295, "Shape__Length": 2272.0441185055283}}, {"type": "Feature", "id": 17567, "geometry": {"type": "LineString", "coordinates": [[-88.279328, 41.249888], [-88.2695679999999, 41.2515520000001]]}, "properties": {"FID": 17567, "TYPEPIPE": "Intrastate", "Operator": "Northern Illinois Gas Co", "Status": "Operating", "Shape_Leng": 0.00990083309629, "Shape__Length": 1114.0635727649174}}, {"type": "Feature", "id": 17569, "geometry": {"type": "LineString", "coordinates": [[-87.6701439999999, 41.2039040000001], [-87.653312, 41.194784]]}, "properties": {"FID": 17569, "TYPEPIPE": "Intrastate", "Operator": "Northern Illinois Gas Co", "Status": "Operating", "Shape_Leng": 0.019143944839, "Shape__Length": 2308.990693435512}}, {"type": "Feature", "id": 17571, "geometry": {"type": "LineString", "coordinates": [[-87.882848, 41.18224], [-87.834976, 41.18224]]}, "properties": {"FID": 17571, "TYPEPIPE": "Intrastate", "Operator": "Northern Illinois Gas Co", "Status": "Operating", "Shape_Leng": 0.047872, "Shape__Length": 5329.086663251743}}, {"type": "Feature", "id": 17573, "geometry": {"type": "LineString", "coordinates": [[-87.8625279999999, 41.2481280000001], [-87.882848, 41.18224]]}, "properties": {"FID": 17573, "TYPEPIPE": "Intrastate", "Operator": "Northern Illinois Gas Co", "Status": "Operating", "Shape_Leng": 0.0689502062651, "Shape__Length": 10009.313959207093}}, {"type": "Feature", "id": 17575, "geometry": {"type": "LineString", "coordinates": [[-87.890215, 41.271328], [-87.8625279999999, 41.2481280000001]]}, "properties": {"FID": 17575, "TYPEPIPE": "Intrastate", "Operator": "Northern Illinois Gas Co", "Status": "Operating", "Shape_Leng": 0.036122153438, "Shape__Length": 4615.461579817846}}, {"type": "Feature", "id": 17577, "geometry": {"type": "LineString", "coordinates": [[-87.8340479999999, 41.314848], [-87.8625279999999, 41.2481280000001]]}, "properties": {"FID": 17577, "TYPEPIPE": "Intrastate", "Operator": "Northern Illinois Gas Co", "Status": "Operating", "Shape_Leng": 0.0725442540798, "Shape__Length": 10379.555439751033}}, {"type": "Feature", "id": 17579, "geometry": {"type": "LineString", "coordinates": [[-87.8340479999999, 41.314848], [-87.8055679999999, 41.312352]]}, "properties": {"FID": 17579, "TYPEPIPE": "Intrastate", "Operator": "Northern Illinois Gas Co", "Status": "Operating", "Shape_Leng": 0.0285891660599, "Shape__Length": 3191.8878667909094}}, {"type": "Feature", "id": 17581, "geometry": {"type": "LineString", "coordinates": [[-87.6701439999999, 41.261472], [-87.6701439999999, 41.2039040000001]]}, "properties": {"FID": 17581, "TYPEPIPE": "Intrastate", "Operator": "Northern Illinois Gas Co", "Status": "Operating", "Shape_Leng": 0.0575679999999, "Shape__Length": 8521.42132086493}}, {"type": "Feature", "id": 17583, "geometry": {"type": "LineString", "coordinates": [[-87.6701439999999, 41.31152], [-87.6701439999999, 41.261472]]}, "properties": {"FID": 17583, "TYPEPIPE": "Intrastate", "Operator": "Northern Illinois Gas Co", "Status": "Operating", "Shape_Leng": 0.050048, "Shape__Length": 7414.389805300161}}, {"type": "Feature", "id": 17585, "geometry": {"type": "LineString", "coordinates": [[-87.6701439999999, 41.31152], [-87.650528, 41.31152]]}, "properties": {"FID": 17585, "TYPEPIPE": "Intrastate", "Operator": "Northern Illinois Gas Co", "Status": "Operating", "Shape_Leng": 0.019616, "Shape__Length": 2183.643131399527}}, {"type": "Feature", "id": 17587, "geometry": {"type": "LineString", "coordinates": [[-87.6701439999999, 41.3790720000001], [-87.6701439999999, 41.31152]]}, "properties": {"FID": 17587, "TYPEPIPE": "Intrastate", "Operator": "Northern Illinois Gas Co", "Status": "Operating", "Shape_Leng": 0.067552, "Shape__Length": 10016.562414118089}}, {"type": "Feature", "id": 17589, "geometry": {"type": "LineString", "coordinates": [[-87.6976, 40.9078400000001], [-87.6976, 40.9370240000001]]}, "properties": {"FID": 17589, "TYPEPIPE": "Intrastate", "Operator": "Northern Illinois Gas Co", "Status": "Operating", "Shape_Leng": 0.029184, "Shape__Length": 4299.577416040935}}, {"type": "Feature", "id": 17591, "geometry": {"type": "LineString", "coordinates": [[-87.754848, 40.9078400000001], [-87.780064, 40.9070080000001]]}, "properties": {"FID": 17591, "TYPEPIPE": "Intrastate", "Operator": "Northern Illinois Gas Co", "Status": "Operating", "Shape_Leng": 0.0252297221546, "Shape__Length": 2809.7060690326907}}, {"type": "Feature", "id": 17593, "geometry": {"type": "LineString", "coordinates": [[-87.754848, 40.9078400000001], [-87.754848, 40.969568]]}, "properties": {"FID": 17593, "TYPEPIPE": "Intrastate", "Operator": "Northern Illinois Gas Co", "Status": "Operating", "Shape_Leng": 0.061728, "Shape__Length": 9096.412756949663}}, {"type": "Feature", "id": 17595, "geometry": {"type": "LineString", "coordinates": [[-87.6976, 40.9078400000001], [-87.754848, 40.9078400000001]]}, "properties": {"FID": 17595, "TYPEPIPE": "Intrastate", "Operator": "Northern Illinois Gas Co", "Status": "Operating", "Shape_Leng": 0.057248, "Shape__Length": 6372.818208936602}}, {"type": "Feature", "id": 17596, "geometry": {"type": "LineString", "coordinates": [[-87.6976, 40.8736640000001], [-87.6976, 40.9078400000001]]}, "properties": {"FID": 17596, "TYPEPIPE": "Intrastate", "Operator": "Northern Illinois Gas Co", "Status": "Operating", "Shape_Leng": 0.034176, "Shape__Length": 5032.619963492267}}, {"type": "Feature", "id": 17599, "geometry": {"type": "LineString", "coordinates": [[-87.665568, 40.8736640000001], [-87.6976, 40.8736640000001]]}, "properties": {"FID": 17599, "TYPEPIPE": "Intrastate", "Operator": "Northern Illinois Gas Co", "Status": "Operating", "Shape_Leng": 0.032032, "Shape__Length": 3565.7859290912747}}, {"type": "Feature", "id": 17600, "geometry": {"type": "LineString", "coordinates": [[-87.946016, 40.8119360000001], [-87.9693119999999, 40.8119360000001]]}, "properties": {"FID": 17600, "TYPEPIPE": "Intrastate", "Operator": "Northern Illinois Gas Co", "Status": "Operating", "Shape_Leng": 0.023296, "Shape__Length": 2593.2988575175405}}, {"type": "Feature", "id": 17603, "geometry": {"type": "LineString", "coordinates": [[-87.9639039999999, 40.932032], [-87.97856, 40.849472]]}, "properties": {"FID": 17603, "TYPEPIPE": "Intrastate", "Operator": "Northern Illinois Gas Co", "Status": "Operating", "Shape_Leng": 0.0838507718271, "Shape__Length": 12266.43782225167}}, {"type": "Feature", "id": 17604, "geometry": {"type": "LineString", "coordinates": [[-87.960992, 41.0037760000001], [-87.9639039999999, 40.932032]]}, "properties": {"FID": 17604, "TYPEPIPE": "Intrastate", "Operator": "Northern Illinois Gas Co", "Status": "Operating", "Shape_Leng": 0.0718030729148, "Shape__Length": 10582.042664151877}}, {"type": "Feature", "id": 17607, "geometry": {"type": "LineString", "coordinates": [[-87.8212799999999, 41.11136], [-87.7490239999999, 41.1130240000001]]}, "properties": {"FID": 17607, "TYPEPIPE": "Intrastate", "Operator": "Northern Illinois Gas Co", "Status": "Operating", "Shape_Leng": 0.0722751577791, "Shape__Length": 8047.257720449601}}, {"type": "Feature", "id": 17609, "geometry": {"type": "LineString", "coordinates": [[-87.8212799999999, 41.11136], [-87.8212799999999, 41.0813440000001]]}, "properties": {"FID": 17609, "TYPEPIPE": "Intrastate", "Operator": "Northern Illinois Gas Co", "Status": "Operating", "Shape_Leng": 0.030016, "Shape__Length": 4433.841127708554}}, {"type": "Feature", "id": 17611, "geometry": {"type": "LineString", "coordinates": [[-87.902368, 41.11136], [-87.8212799999999, 41.11136]]}, "properties": {"FID": 17611, "TYPEPIPE": "Intrastate", "Operator": "Northern Illinois Gas Co", "Status": "Operating", "Shape_Leng": 0.081088, "Shape__Length": 9026.674869447947}}, {"type": "Feature", "id": 17613, "geometry": {"type": "LineString", "coordinates": [[-87.902368, 41.11136], [-87.900416, 41.040448]]}, "properties": {"FID": 17613, "TYPEPIPE": "Intrastate", "Operator": "Northern Illinois Gas Co", "Status": "Operating", "Shape_Leng": 0.0709388613385, "Shape__Length": 10473.828147226255}}, {"type": "Feature", "id": 17615, "geometry": {"type": "LineString", "coordinates": [[-87.902368, 41.11136], [-87.905312, 41.1322240000001]]}, "properties": {"FID": 17615, "TYPEPIPE": "Intrastate", "Operator": "Northern Illinois Gas Co", "Status": "Operating", "Shape_Leng": 0.0210706818115, "Shape__Length": 3100.508260960749}}, {"type": "Feature", "id": 17617, "geometry": {"type": "LineString", "coordinates": [[-87.962912, 41.112192], [-87.902368, 41.11136]]}, "properties": {"FID": 17617, "TYPEPIPE": "Intrastate", "Operator": "Northern Illinois Gas Co", "Status": "Operating", "Shape_Leng": 0.060549716432, "Shape__Length": 6740.848227901051}}, {"type": "Feature", "id": 17619, "geometry": {"type": "LineString", "coordinates": [[-87.960992, 41.0037760000001], [-87.9316479999999, 41.005408]]}, "properties": {"FID": 17619, "TYPEPIPE": "Intrastate", "Operator": "Northern Illinois Gas Co", "Status": "Operating", "Shape_Leng": 0.0293893477301, "Shape__Length": 3275.4179298825456}}, {"type": "Feature", "id": 17621, "geometry": {"type": "LineString", "coordinates": [[-87.962912, 41.112192], [-87.960992, 41.0037760000001]]}, "properties": {"FID": 17621, "TYPEPIPE": "Intrastate", "Operator": "Northern Illinois Gas Co", "Status": "Operating", "Shape_Leng": 0.108432999848, "Shape__Length": 16006.85689429846}}, {"type": "Feature", "id": 17623, "geometry": {"type": "LineString", "coordinates": [[-88.00784, 41.106368], [-87.962912, 41.112192]]}, "properties": {"FID": 17623, "TYPEPIPE": "Intrastate", "Operator": "Northern Illinois Gas Co", "Status": "Operating", "Shape_Leng": 0.0453039088822, "Shape__Length": 5074.84245350225}}, {"type": "Feature", "id": 17625, "geometry": {"type": "LineString", "coordinates": [[-88.00784, 41.106368], [-88.002976, 41.063808]]}, "properties": {"FID": 17625, "TYPEPIPE": "Intrastate", "Operator": "Northern Illinois Gas Co", "Status": "Operating", "Shape_Leng": 0.0428370411676, "Shape__Length": 6308.989888814318}}, {"type": "Feature", "id": 17627, "geometry": {"type": "LineString", "coordinates": [[-88.068608, 41.094656], [-88.00784, 41.106368]]}, "properties": {"FID": 17627, "TYPEPIPE": "Intrastate", "Operator": "Northern Illinois Gas Co", "Status": "Operating", "Shape_Leng": 0.0618863536492, "Shape__Length": 6982.414422482741}}, {"type": "Feature", "id": 17629, "geometry": {"type": "LineString", "coordinates": [[-87.714816, 41.112192], [-87.714816, 41.0271040000001]]}, "properties": {"FID": 17629, "TYPEPIPE": "Intrastate", "Operator": "Northern Illinois Gas Co", "Status": "Operating", "Shape_Leng": 0.085088, "Shape__Length": 12563.74879238382}}, {"type": "Feature", "id": 17631, "geometry": {"type": "LineString", "coordinates": [[-87.7490239999999, 41.1130240000001], [-87.714816, 41.112192]]}, "properties": {"FID": 17631, "TYPEPIPE": "Intrastate", "Operator": "Northern Illinois Gas Co", "Status": "Operating", "Shape_Leng": 0.0342181163713, "Shape__Length": 3810.0008331845793}}, {"type": "Feature", "id": 17632, "geometry": {"type": "LineString", "coordinates": [[-87.7168, 41.1372160000001], [-87.7490239999999, 41.1130240000001]]}, "properties": {"FID": 17632, "TYPEPIPE": "Intrastate", "Operator": "Northern Illinois Gas Co", "Status": "Operating", "Shape_Leng": 0.0402944045743, "Shape__Length": 5064.496146781977}}, {"type": "Feature", "id": 17634, "geometry": {"type": "LineString", "coordinates": [[-87.7168, 41.15472], [-87.7168, 41.1372160000001]]}, "properties": {"FID": 17634, "TYPEPIPE": "Intrastate", "Operator": "Northern Illinois Gas Co", "Status": "Operating", "Shape_Leng": 0.017504, "Shape__Length": 2587.574900520034}}, {"type": "Feature", "id": 17637, "geometry": {"type": "LineString", "coordinates": [[-87.653312, 41.15472], [-87.7168, 41.15472]]}, "properties": {"FID": 17637, "TYPEPIPE": "Intrastate", "Operator": "Northern Illinois Gas Co", "Status": "Operating", "Shape_Leng": 0.063488, "Shape__Length": 7067.4518314842135}}, {"type": "Feature", "id": 17639, "geometry": {"type": "LineString", "coordinates": [[-87.653312, 41.194784], [-87.653312, 41.15472]]}, "properties": {"FID": 17639, "TYPEPIPE": "Intrastate", "Operator": "Northern Illinois Gas Co", "Status": "Operating", "Shape_Leng": 0.040064, "Shape__Length": 5925.168226084672}}, {"type": "Feature", "id": 17641, "geometry": {"type": "LineString", "coordinates": [[-87.905312, 41.1322240000001], [-87.9961279999999, 41.185568]]}, "properties": {"FID": 17641, "TYPEPIPE": "Intrastate", "Operator": "Northern Illinois Gas Co", "Status": "Operating", "Shape_Leng": 0.105323920322, "Shape__Length": 12822.359584648346}}, {"type": "Feature", "id": 17643, "geometry": {"type": "LineString", "coordinates": [[-87.882848, 41.18224], [-87.905312, 41.1322240000001]]}, "properties": {"FID": 17643, "TYPEPIPE": "Intrastate", "Operator": "Northern Illinois Gas Co", "Status": "Operating", "Shape_Leng": 0.0548291122671, "Shape__Length": 7806.388107004122}}, {"type": "Feature", "id": 17645, "geometry": {"type": "LineString", "coordinates": [[-88.069248, 41.135584], [-88.069248, 41.1155840000001]]}, "properties": {"FID": 17645, "TYPEPIPE": "Intrastate", "Operator": "Northern Illinois Gas Co", "Status": "Operating", "Shape_Leng": 0.02, "Shape__Length": 2955.6340843448415}}, {"type": "Feature", "id": 17647, "geometry": {"type": "LineString", "coordinates": [[-88.069248, 41.135584], [-88.069248, 41.1589440000001]]}, "properties": {"FID": 17647, "TYPEPIPE": "Intrastate", "Operator": "Northern Illinois Gas Co", "Status": "Operating", "Shape_Leng": 0.02336, "Shape__Length": 3453.3218030845746}}, {"type": "Feature", "id": 17649, "geometry": {"type": "LineString", "coordinates": [[-88.061504, 41.13568], [-88.069248, 41.135584]]}, "properties": {"FID": 17649, "TYPEPIPE": "Intrastate", "Operator": "Northern Illinois Gas Co", "Status": "Operating", "Shape_Leng": 0.00774459501847, "Shape__Length": 862.1749038993199}}, {"type": "Feature", "id": 17651, "geometry": {"type": "LineString", "coordinates": [[-88.252032, 41.159808], [-88.195456, 41.1664640000001]]}, "properties": {"FID": 17651, "TYPEPIPE": "Intrastate", "Operator": "Northern Illinois Gas Co", "Status": "Operating", "Shape_Leng": 0.056966183934, "Shape__Length": 6374.4486483407}}, {"type": "Feature", "id": 17653, "geometry": {"type": "LineString", "coordinates": [[-88.279328, 41.159808], [-88.252032, 41.159808]]}, "properties": {"FID": 17653, "TYPEPIPE": "Intrastate", "Operator": "Northern Illinois Gas Co", "Status": "Operating", "Shape_Leng": 0.027296, "Shape__Length": 3038.576820690185}}, {"type": "Feature", "id": 17655, "geometry": {"type": "LineString", "coordinates": [[-88.143744, 41.059712], [-88.1632319999999, 41.0839040000001]]}, "properties": {"FID": 17655, "TYPEPIPE": "Intrastate", "Operator": "Northern Illinois Gas Co", "Status": "Operating", "Shape_Leng": 0.0310650126026, "Shape__Length": 4179.347979059648}}, {"type": "Feature", "id": 17657, "geometry": {"type": "LineString", "coordinates": [[-88.304704, 41.059712], [-88.143744, 41.059712]]}, "properties": {"FID": 17657, "TYPEPIPE": "Intrastate", "Operator": "Northern Illinois Gas Co", "Status": "Operating", "Shape_Leng": 0.16096, "Shape__Length": 17917.98523808457}}, {"type": "Feature", "id": 17659, "geometry": {"type": "LineString", "coordinates": [[-88.304704, 41.059712], [-88.3037439999999, 41.038848]]}, "properties": {"FID": 17659, "TYPEPIPE": "Intrastate", "Operator": "Northern Illinois Gas Co", "Status": "Operating", "Shape_Leng": 0.0208860742123, "Shape__Length": 3081.592628958302}}, {"type": "Feature", "id": 17661, "geometry": {"type": "LineString", "coordinates": [[-88.304704, 41.093056], [-88.304704, 41.059712]]}, "properties": {"FID": 17661, "TYPEPIPE": "Intrastate", "Operator": "Northern Illinois Gas Co", "Status": "Operating", "Shape_Leng": 0.033344, "Shape__Length": 4923.943253381178}}, {"type": "Feature", "id": 17664, "geometry": {"type": "LineString", "coordinates": [[-88.227648, 41.093056], [-88.304704, 41.093056]]}, "properties": {"FID": 17664, "TYPEPIPE": "Intrastate", "Operator": "Northern Illinois Gas Co", "Status": "Operating", "Shape_Leng": 0.077056, "Shape__Length": 8577.83468256332}}, {"type": "Feature", "id": 17666, "geometry": {"type": "LineString", "coordinates": [[-88.228644, 41.0703800000001], [-88.227648, 41.093056]]}, "properties": {"FID": 17666, "TYPEPIPE": "Intrastate", "Operator": "Northern Illinois Gas Co", "Status": "Operating", "Shape_Leng": 0.0226978631593, "Shape__Length": 3350.6951738211806}}, {"type": "Feature", "id": 17668, "geometry": {"type": "LineString", "coordinates": [[-88.274464, 40.9579840000001], [-88.273472, 40.900448]]}, "properties": {"FID": 17668, "TYPEPIPE": "Intrastate", "Operator": "Northern Illinois Gas Co", "Status": "Operating", "Shape_Leng": 0.0575445510887, "Shape__Length": 8478.169255365536}}, {"type": "Feature", "id": 17671, "geometry": {"type": "LineString", "coordinates": [[-88.274464, 40.9579840000001], [-88.223744, 40.9571520000001]]}, "properties": {"FID": 17671, "TYPEPIPE": "Intrastate", "Operator": "Northern Illinois Gas Co", "Status": "Operating", "Shape_Leng": 0.0507268235158, "Shape__Length": 5647.456372766435}}, {"type": "Feature", "id": 17673, "geometry": {"type": "LineString", "coordinates": [[-88.3661759999999, 40.9571520000001], [-88.274464, 40.9579840000001]]}, "properties": {"FID": 17673, "TYPEPIPE": "Intrastate", "Operator": "Northern Illinois Gas Co", "Status": "Operating", "Shape_Leng": 0.0917157738232, "Shape__Length": 10210.069732570766}}, {"type": "Feature", "id": 17675, "geometry": {"type": "LineString", "coordinates": [[-89.0145919999999, 40.7537280000001], [-89.148096, 40.75872]]}, "properties": {"FID": 17675, "TYPEPIPE": "Intrastate", "Operator": "Northern Illinois Gas Co", "Status": "Operating", "Shape_Leng": 0.133597298176, "Shape__Length": 14879.692911693273}}, {"type": "Feature", "id": 17677, "geometry": {"type": "LineString", "coordinates": [[-89.0145919999999, 40.8404800000001], [-89.0145919999999, 40.7537280000001]]}, "properties": {"FID": 17677, "TYPEPIPE": "Intrastate", "Operator": "Northern Illinois Gas Co", "Status": "Operating", "Shape_Leng": 0.086752, "Shape__Length": 12756.714045511559}}, {"type": "Feature", "id": 17679, "geometry": {"type": "LineString", "coordinates": [[-88.5972159999999, 40.5885440000001], [-88.5972159999999, 40.5676800000001]]}, "properties": {"FID": 17679, "TYPEPIPE": "Intrastate", "Operator": "Northern Illinois Gas Co", "Status": "Operating", "Shape_Leng": 0.020864, "Shape__Length": 3057.944910218008}}, {"type": "Feature", "id": 17681, "geometry": {"type": "LineString", "coordinates": [[-88.522656, 40.5885440000001], [-88.5972159999999, 40.5885440000001]]}, "properties": {"FID": 17681, "TYPEPIPE": "Intrastate", "Operator": "Northern Illinois Gas Co", "Status": "Operating", "Shape_Leng": 0.07456, "Shape__Length": 8299.981233542785}}, {"type": "Feature", "id": 17683, "geometry": {"type": "LineString", "coordinates": [[-88.522656, 40.5885440000001], [-88.526528, 40.566016]]}, "properties": {"FID": 17683, "TYPEPIPE": "Intrastate", "Operator": "Northern Illinois Gas Co", "Status": "Operating", "Shape_Leng": 0.0228583281979, "Shape__Length": 3329.8043292357725}}, {"type": "Feature", "id": 17685, "geometry": {"type": "LineString", "coordinates": [[-88.494877, 40.5877170000001], [-88.522656, 40.5885440000001]]}, "properties": {"FID": 17685, "TYPEPIPE": "Intrastate", "Operator": "Northern Illinois Gas Co", "Status": "Operating", "Shape_Leng": 0.027791307454, "Shape__Length": 3094.71944690564}}, {"type": "Feature", "id": 17687, "geometry": {"type": "LineString", "coordinates": [[-88.494877, 40.5877170000001], [-88.385152, 40.5868800000001]]}, "properties": {"FID": 17687, "TYPEPIPE": "Intrastate", "Operator": "Northern Illinois Gas Co", "Status": "Operating", "Shape_Leng": 0.109728192339, "Shape__Length": 12215.147320083095}}, {"type": "Feature", "id": 17689, "geometry": {"type": "LineString", "coordinates": [[-88.408416, 40.745344], [-88.408416, 40.725312]]}, "properties": {"FID": 17689, "TYPEPIPE": "Intrastate", "Operator": "Northern Illinois Gas Co", "Status": "Operating", "Shape_Leng": 0.020032, "Shape__Length": 2942.929333734326}}, {"type": "Feature", "id": 17691, "geometry": {"type": "LineString", "coordinates": [[-88.476672, 40.746176], [-88.408416, 40.745344]]}, "properties": {"FID": 17691, "TYPEPIPE": "Intrastate", "Operator": "Northern Illinois Gas Co", "Status": "Operating", "Shape_Leng": 0.0682610706039, "Shape__Length": 7599.206549000402}}, {"type": "Feature", "id": 17692, "geometry": {"type": "LineString", "coordinates": [[-88.603968, 40.7470080000001], [-88.476672, 40.746176]]}, "properties": {"FID": 17692, "TYPEPIPE": "Intrastate", "Operator": "Northern Illinois Gas Co", "Status": "Operating", "Shape_Leng": 0.127298718925, "Shape__Length": 14171.053227897819}}, {"type": "Feature", "id": 17694, "geometry": {"type": "LineString", "coordinates": [[-88.676608, 40.7470080000001], [-88.603968, 40.7470080000001]]}, "properties": {"FID": 17694, "TYPEPIPE": "Intrastate", "Operator": "Northern Illinois Gas Co", "Status": "Operating", "Shape_Leng": 0.07264, "Shape__Length": 8086.247811228037}}, {"type": "Feature", "id": 17696, "geometry": {"type": "LineString", "coordinates": [[-88.6911679999999, 40.706976], [-88.676608, 40.7470080000001]]}, "properties": {"FID": 17696, "TYPEPIPE": "Intrastate", "Operator": "Northern Illinois Gas Co", "Status": "Operating", "Shape_Leng": 0.0425975894153, "Shape__Length": 6099.70341766604}}, {"type": "Feature", "id": 17699, "geometry": {"type": "LineString", "coordinates": [[-88.873184, 40.6536], [-88.6911679999999, 40.706976]]}, "properties": {"FID": 17699, "TYPEPIPE": "Intrastate", "Operator": "Northern Illinois Gas Co", "Status": "Operating", "Shape_Leng": 0.1896808415, "Shape__Length": 21724.041905120284}}, {"type": "Feature", "id": 17701, "geometry": {"type": "LineString", "coordinates": [[-88.9196479999999, 40.6536], [-88.873184, 40.6536]]}, "properties": {"FID": 17701, "TYPEPIPE": "Intrastate", "Operator": "Northern Illinois Gas Co", "Status": "Operating", "Shape_Leng": 0.046464, "Shape__Length": 5172.348820211366}}, {"type": "Feature", "id": 17702, "geometry": {"type": "LineString", "coordinates": [[-88.9205439999999, 40.680352], [-88.9196479999999, 40.6536]]}, "properties": {"FID": 17702, "TYPEPIPE": "Intrastate", "Operator": "Northern Illinois Gas Co", "Status": "Operating", "Shape_Leng": 0.0267670005791, "Shape__Length": 3927.4098885426006}}, {"type": "Feature", "id": 17705, "geometry": {"type": "LineString", "coordinates": [[-88.82384, 40.7487360000001], [-88.676608, 40.7470080000001]]}, "properties": {"FID": 17705, "TYPEPIPE": "Intrastate", "Operator": "Northern Illinois Gas Co", "Status": "Operating", "Shape_Leng": 0.147242140055, "Shape__Length": 16391.757944585454}}, {"type": "Feature", "id": 17707, "geometry": {"type": "LineString", "coordinates": [[-88.4767679999999, 40.314176], [-88.388032, 40.315008]]}, "properties": {"FID": 17707, "TYPEPIPE": "Intrastate", "Operator": "Northern Illinois Gas Co", "Status": "Operating", "Shape_Leng": 0.0887399003831, "Shape__Length": 9878.793106690846}}, {"type": "Feature", "id": 17708, "geometry": {"type": "LineString", "coordinates": [[-88.4767679999999, 40.314176], [-88.4767679999999, 40.3383680000001]]}, "properties": {"FID": 17708, "TYPEPIPE": "Intrastate", "Operator": "Northern Illinois Gas Co", "Status": "Operating", "Shape_Leng": 0.024192, "Shape__Length": 3532.4517659004778}}, {"type": "Feature", "id": 17711, "geometry": {"type": "LineString", "coordinates": [[-88.5140969999999, 40.314328], [-88.4767679999999, 40.314176]]}, "properties": {"FID": 17711, "TYPEPIPE": "Intrastate", "Operator": "Northern Illinois Gas Co", "Status": "Operating", "Shape_Leng": 0.0373293094632, "Shape__Length": 4155.5045221539385}}, {"type": "Feature", "id": 17713, "geometry": {"type": "LineString", "coordinates": [[-88.48736, 40.424288], [-88.3672319999999, 40.424288]]}, "properties": {"FID": 17713, "TYPEPIPE": "Intrastate", "Operator": "Northern Illinois Gas Co", "Status": "Operating", "Shape_Leng": 0.120128, "Shape__Length": 13372.587790016085}}, {"type": "Feature", "id": 17714, "geometry": {"type": "LineString", "coordinates": [[-88.77456, 40.44016], [-88.77456, 40.5310400000001]]}, "properties": {"FID": 17714, "TYPEPIPE": "Intrastate", "Operator": "Northern Illinois Gas Co", "Status": "Operating", "Shape_Leng": 0.09088, "Shape__Length": 13301.509429985657}}, {"type": "Feature", "id": 17716, "geometry": {"type": "LineString", "coordinates": [[-88.673984, 40.4409600000001], [-88.77456, 40.44016]]}, "properties": {"FID": 17716, "TYPEPIPE": "Intrastate", "Operator": "Northern Illinois Gas Co", "Status": "Operating", "Shape_Leng": 0.100579181623, "Shape__Length": 11196.68054784601}}, {"type": "Feature", "id": 17718, "geometry": {"type": "LineString", "coordinates": [[-116.479474, 42.187192], [-116.603101, 42.001248]]}, "properties": {"FID": 17718, "TYPEPIPE": "Interstate", "Operator": "Northwest Pipeline", "Status": "Operating", "Shape_Leng": 0.223290855758, "Shape__Length": 31104.978905830554}}, {"type": "Feature", "id": 17719, "geometry": {"type": "LineString", "coordinates": [[-88.5385919999999, 40.423456], [-88.673984, 40.4409600000001]]}, "properties": {"FID": 17719, "TYPEPIPE": "Intrastate", "Operator": "Northern Illinois Gas Co", "Status": "Operating", "Shape_Leng": 0.136518803394, "Shape__Length": 15287.620600941666}}, {"type": "Feature", "id": 17721, "geometry": {"type": "LineString", "coordinates": [[-116.603101, 42.001248], [-116.605083, 41.997819]]}, "properties": {"FID": 17721, "TYPEPIPE": "Interstate", "Operator": "Northwest Pipeline", "Status": "Operating", "Shape_Leng": 0.0039606015957, "Shape__Length": 559.0258163519571}}, {"type": "Feature", "id": 17727, "geometry": {"type": "LineString", "coordinates": [[-88.48736, 40.424288], [-88.5385919999999, 40.423456]]}, "properties": {"FID": 17727, "TYPEPIPE": "Intrastate", "Operator": "Northern Illinois Gas Co", "Status": "Operating", "Shape_Leng": 0.0512387553322, "Shape__Length": 5704.417695359899}}, {"type": "Feature", "id": 17728, "geometry": {"type": "LineString", "coordinates": [[-88.488288, 40.415104], [-88.48736, 40.424288]]}, "properties": {"FID": 17728, "TYPEPIPE": "Intrastate", "Operator": "Northern Illinois Gas Co", "Status": "Operating", "Shape_Leng": 0.00923076594872, "Shape__Length": 1346.8514110923704}}, {"type": "Feature", "id": 17731, "geometry": {"type": "LineString", "coordinates": [[-88.8830399999999, 40.7487360000001], [-88.82384, 40.7487360000001]]}, "properties": {"FID": 17731, "TYPEPIPE": "Intrastate", "Operator": "Northern Illinois Gas Co", "Status": "Operating", "Shape_Leng": 0.0592, "Shape__Length": 6590.113854959607}}, {"type": "Feature", "id": 17733, "geometry": {"type": "LineString", "coordinates": [[-88.82384, 40.649504], [-88.82384, 40.7487360000001]]}, "properties": {"FID": 17733, "TYPEPIPE": "Intrastate", "Operator": "Northern Illinois Gas Co", "Status": "Operating", "Shape_Leng": 0.099232, "Shape__Length": 14570.39033543691}}, {"type": "Feature", "id": 17735, "geometry": {"type": "LineString", "coordinates": [[-88.924416, 40.6186240000001], [-88.82384, 40.649504]]}, "properties": {"FID": 17735, "TYPEPIPE": "Intrastate", "Operator": "Northern Illinois Gas Co", "Status": "Operating", "Shape_Leng": 0.10520981977, "Shape__Length": 12077.685152490794}}, {"type": "Feature", "id": 17736, "geometry": {"type": "LineString", "coordinates": [[-88.924416, 40.5777600000001], [-88.924416, 40.6186240000001]]}, "properties": {"FID": 17736, "TYPEPIPE": "Intrastate", "Operator": "Northern Illinois Gas Co", "Status": "Operating", "Shape_Leng": 0.040864, "Shape__Length": 5991.055948747322}}, {"type": "Feature", "id": 17739, "geometry": {"type": "LineString", "coordinates": [[-88.9578549999999, 40.576957], [-88.924416, 40.5777600000001]]}, "properties": {"FID": 17739, "TYPEPIPE": "Intrastate", "Operator": "Northern Illinois Gas Co", "Status": "Operating", "Shape_Leng": 0.0334486401816, "Shape__Length": 3724.272493483598}}, {"type": "Feature", "id": 17741, "geometry": {"type": "LineString", "coordinates": [[-88.9578549999999, 40.576957], [-88.958272, 40.555232]]}, "properties": {"FID": 17741, "TYPEPIPE": "Intrastate", "Operator": "Northern Illinois Gas Co", "Status": "Operating", "Shape_Leng": 0.0217290016798, "Shape__Length": 3183.904511073666}}, {"type": "Feature", "id": 17743, "geometry": {"type": "LineString", "coordinates": [[-88.9573119999999, 40.6052800000001], [-88.9578549999999, 40.576957]]}, "properties": {"FID": 17743, "TYPEPIPE": "Intrastate", "Operator": "Northern Illinois Gas Co", "Status": "Operating", "Shape_Leng": 0.0283282046378, "Shape__Length": 4152.425157176167}}, {"type": "Feature", "id": 17745, "geometry": {"type": "LineString", "coordinates": [[-88.924416, 40.506016], [-88.924416, 40.5777600000001]]}, "properties": {"FID": 17745, "TYPEPIPE": "Intrastate", "Operator": "Northern Illinois Gas Co", "Status": "Operating", "Shape_Leng": 0.071744, "Shape__Length": 10509.516305501573}}, {"type": "Feature", "id": 17746, "geometry": {"type": "LineString", "coordinates": [[-88.9485759999999, 40.506016], [-88.924416, 40.506016]]}, "properties": {"FID": 17746, "TYPEPIPE": "Intrastate", "Operator": "Northern Illinois Gas Co", "Status": "Operating", "Shape_Leng": 0.02416, "Shape__Length": 2689.478897564113}}, {"type": "Feature", "id": 17749, "geometry": {"type": "LineString", "coordinates": [[-88.9485759999999, 40.492672], [-88.97856, 40.492672]]}, "properties": {"FID": 17749, "TYPEPIPE": "Intrastate", "Operator": "Northern Illinois Gas Co", "Status": "Operating", "Shape_Leng": 0.029984, "Shape__Length": 3337.8036119472235}}, {"type": "Feature", "id": 17750, "geometry": {"type": "LineString", "coordinates": [[-88.9485759999999, 40.506016], [-88.9485759999999, 40.492672]]}, "properties": {"FID": 17750, "TYPEPIPE": "Intrastate", "Operator": "Northern Illinois Gas Co", "Status": "Operating", "Shape_Leng": 0.013344, "Shape__Length": 1953.4733223188668}}, {"type": "Feature", "id": 17753, "geometry": {"type": "LineString", "coordinates": [[-88.9485759999999, 40.5218560000001], [-88.9485759999999, 40.506016]]}, "properties": {"FID": 17753, "TYPEPIPE": "Intrastate", "Operator": "Northern Illinois Gas Co", "Status": "Operating", "Shape_Leng": 0.01584, "Shape__Length": 2319.375779952854}}, {"type": "Feature", "id": 17755, "geometry": {"type": "LineString", "coordinates": [[-88.9573119999999, 40.53024], [-88.9485759999999, 40.5218560000001]]}, "properties": {"FID": 17755, "TYPEPIPE": "Intrastate", "Operator": "Northern Illinois Gas Co", "Status": "Operating", "Shape_Leng": 0.0121082266249, "Shape__Length": 1566.3170886820365}}, {"type": "Feature", "id": 17756, "geometry": {"type": "LineString", "coordinates": [[-88.958272, 40.555232], [-88.9573119999999, 40.53024]]}, "properties": {"FID": 17756, "TYPEPIPE": "Intrastate", "Operator": "Northern Illinois Gas Co", "Status": "Operating", "Shape_Leng": 0.0250104311038, "Shape__Length": 3662.5919577818936}}, {"type": "Feature", "id": 17759, "geometry": {"type": "LineString", "coordinates": [[-88.97856, 40.555232], [-88.979552, 40.5310400000001]]}, "properties": {"FID": 17759, "TYPEPIPE": "Intrastate", "Operator": "Northern Illinois Gas Co", "Status": "Operating", "Shape_Leng": 0.024212330082, "Shape__Length": 3545.583267794047}}, {"type": "Feature", "id": 17761, "geometry": {"type": "LineString", "coordinates": [[-88.6362559999999, 40.26], [-88.5743679999999, 40.2341440000001]]}, "properties": {"FID": 17761, "TYPEPIPE": "Intrastate", "Operator": "Northern Illinois Gas Co", "Status": "Operating", "Shape_Leng": 0.0670720305343, "Shape__Length": 7853.883231370596}}, {"type": "Feature", "id": 17763, "geometry": {"type": "LineString", "coordinates": [[-88.6362559999999, 40.26], [-88.6536639999999, 40.242464]]}, "properties": {"FID": 17763, "TYPEPIPE": "Intrastate", "Operator": "Northern Illinois Gas Co", "Status": "Operating", "Shape_Leng": 0.0247093051298, "Shape__Length": 3208.9231255867344}}, {"type": "Feature", "id": 17765, "geometry": {"type": "LineString", "coordinates": [[-88.740672, 40.3383680000001], [-88.6362559999999, 40.26]]}, "properties": {"FID": 17765, "TYPEPIPE": "Intrastate", "Operator": "Northern Illinois Gas Co", "Status": "Operating", "Shape_Leng": 0.130553607687, "Shape__Length": 16307.847313456452}}, {"type": "Feature", "id": 17767, "geometry": {"type": "LineString", "coordinates": [[-88.768736, 40.353376], [-88.740672, 40.3383680000001]]}, "properties": {"FID": 17767, "TYPEPIPE": "Intrastate", "Operator": "Northern Illinois Gas Co", "Status": "Operating", "Shape_Leng": 0.0318249612726, "Shape__Length": 3816.4071718898585}}, {"type": "Feature", "id": 17769, "geometry": {"type": "LineString", "coordinates": [[-88.768736, 40.353376], [-88.7832319999999, 40.3358720000001]]}, "properties": {"FID": 17769, "TYPEPIPE": "Intrastate", "Operator": "Northern Illinois Gas Co", "Status": "Operating", "Shape_Leng": 0.0227271650673, "Shape__Length": 3023.2603483268726}}, {"type": "Feature", "id": 17771, "geometry": {"type": "LineString", "coordinates": [[-88.8818879999999, 40.4051200000001], [-88.768736, 40.353376]]}, "properties": {"FID": 17771, "TYPEPIPE": "Intrastate", "Operator": "Northern Illinois Gas Co", "Status": "Operating", "Shape_Leng": 0.1244219299, "Shape__Length": 14691.340171541384}}, {"type": "Feature", "id": 17772, "geometry": {"type": "LineString", "coordinates": [[-88.8818879999999, 40.4051200000001], [-88.892512, 40.386752]]}, "properties": {"FID": 17772, "TYPEPIPE": "Intrastate", "Operator": "Northern Illinois Gas Co", "Status": "Operating", "Shape_Leng": 0.0212191611521, "Shape__Length": 2933.7581892957874}}, {"type": "Feature", "id": 17775, "geometry": {"type": "LineString", "coordinates": [[-88.9108799999999, 40.420128], [-88.8818879999999, 40.4051200000001]]}, "properties": {"FID": 17775, "TYPEPIPE": "Intrastate", "Operator": "Northern Illinois Gas Co", "Status": "Operating", "Shape_Leng": 0.032646226857, "Shape__Length": 3902.643693218789}}, {"type": "Feature", "id": 17777, "geometry": {"type": "LineString", "coordinates": [[-88.9108799999999, 40.420128], [-88.9108799999999, 40.399296]]}, "properties": {"FID": 17777, "TYPEPIPE": "Intrastate", "Operator": "Northern Illinois Gas Co", "Status": "Operating", "Shape_Leng": 0.020832, "Shape__Length": 3045.6016001291573}}, {"type": "Feature", "id": 17779, "geometry": {"type": "LineString", "coordinates": [[-88.9495679999999, 40.4368000000001], [-88.9108799999999, 40.420128]]}, "properties": {"FID": 17779, "TYPEPIPE": "Intrastate", "Operator": "Northern Illinois Gas Co", "Status": "Operating", "Shape_Leng": 0.0421273892853, "Shape__Length": 4948.961924461513}}, {"type": "Feature", "id": 17781, "geometry": {"type": "LineString", "coordinates": [[-88.97472, 40.4368000000001], [-88.975648, 40.364224]]}, "properties": {"FID": 17781, "TYPEPIPE": "Intrastate", "Operator": "Northern Illinois Gas Co", "Status": "Operating", "Shape_Leng": 0.0725819327381, "Shape__Length": 10609.53738511584}}, {"type": "Feature", "id": 17782, "geometry": {"type": "LineString", "coordinates": [[-88.97472, 40.4368000000001], [-88.9495679999999, 40.4368000000001]]}, "properties": {"FID": 17782, "TYPEPIPE": "Intrastate", "Operator": "Northern Illinois Gas Co", "Status": "Operating", "Shape_Leng": 0.025152, "Shape__Length": 2799.907832438126}}, {"type": "Feature", "id": 17785, "geometry": {"type": "LineString", "coordinates": [[-88.99888, 40.4368000000001], [-88.97472, 40.4368000000001]]}, "properties": {"FID": 17785, "TYPEPIPE": "Intrastate", "Operator": "Northern Illinois Gas Co", "Status": "Operating", "Shape_Leng": 0.02416, "Shape__Length": 2689.478897564113}}, {"type": "Feature", "id": 17788, "geometry": {"type": "LineString", "coordinates": [[-88.99888, 40.4368000000001], [-89.04144, 40.382592]]}, "properties": {"FID": 17788, "TYPEPIPE": "Intrastate", "Operator": "Northern Illinois Gas Co", "Status": "Operating", "Shape_Leng": 0.0689192343544, "Shape__Length": 9233.296037120987}}, {"type": "Feature", "id": 17790, "geometry": {"type": "LineString", "coordinates": [[-88.999872, 40.555232], [-88.99888, 40.4368000000001]]}, "properties": {"FID": 17790, "TYPEPIPE": "Intrastate", "Operator": "Northern Illinois Gas Co", "Status": "Operating", "Shape_Leng": 0.11843615448, "Shape__Length": 17337.160481974046}}, {"type": "Feature", "id": 17793, "geometry": {"type": "LineString", "coordinates": [[-88.999872, 40.555232], [-89.132352, 40.555232]]}, "properties": {"FID": 17793, "TYPEPIPE": "Intrastate", "Operator": "Northern Illinois Gas Co", "Status": "Operating", "Shape_Leng": 0.13248, "Shape__Length": 14747.606140289456}}, {"type": "Feature", "id": 17794, "geometry": {"type": "LineString", "coordinates": [[-88.97856, 40.555232], [-88.999872, 40.555232]]}, "properties": {"FID": 17794, "TYPEPIPE": "Intrastate", "Operator": "Northern Illinois Gas Co", "Status": "Operating", "Shape_Leng": 0.021312, "Shape__Length": 2372.4409877900034}}, {"type": "Feature", "id": 17797, "geometry": {"type": "LineString", "coordinates": [[-88.958272, 40.555232], [-88.97856, 40.555232]]}, "properties": {"FID": 17797, "TYPEPIPE": "Intrastate", "Operator": "Northern Illinois Gas Co", "Status": "Operating", "Shape_Leng": 0.020288, "Shape__Length": 2258.449829213321}}, {"type": "Feature", "id": 17798, "geometry": {"type": "LineString", "coordinates": [[-88.9573119999999, 40.6052800000001], [-88.97664, 40.6052800000001]]}, "properties": {"FID": 17798, "TYPEPIPE": "Intrastate", "Operator": "Northern Illinois Gas Co", "Status": "Operating", "Shape_Leng": 0.019328, "Shape__Length": 2151.583118055016}}, {"type": "Feature", "id": 17801, "geometry": {"type": "LineString", "coordinates": [[-88.9573119999999, 40.680352], [-88.9573119999999, 40.6052800000001]]}, "properties": {"FID": 17801, "TYPEPIPE": "Intrastate", "Operator": "Northern Illinois Gas Co", "Status": "Operating", "Shape_Leng": 0.075072, "Shape__Length": 11013.634511345997}}, {"type": "Feature", "id": 17803, "geometry": {"type": "LineString", "coordinates": [[-88.9573119999999, 40.680352], [-89.006624, 40.680352]]}, "properties": {"FID": 17803, "TYPEPIPE": "Intrastate", "Operator": "Northern Illinois Gas Co", "Status": "Operating", "Shape_Leng": 0.049312, "Shape__Length": 5489.386730004102}}, {"type": "Feature", "id": 17805, "geometry": {"type": "LineString", "coordinates": [[-88.958272, 40.6886720000001], [-88.9573119999999, 40.680352]]}, "properties": {"FID": 17805, "TYPEPIPE": "Intrastate", "Operator": "Northern Illinois Gas Co", "Status": "Operating", "Shape_Leng": 0.00837520149014, "Shape__Length": 1226.036852732977}}, {"type": "Feature", "id": 17807, "geometry": {"type": "LineString", "coordinates": [[-88.9205439999999, 40.680352], [-88.860576, 40.680352]]}, "properties": {"FID": 17807, "TYPEPIPE": "Intrastate", "Operator": "Northern Illinois Gas Co", "Status": "Operating", "Shape_Leng": 0.059968, "Shape__Length": 6675.6072238869965}}, {"type": "Feature", "id": 17808, "geometry": {"type": "LineString", "coordinates": [[-88.9205439999999, 40.6886720000001], [-88.9205439999999, 40.680352]]}, "properties": {"FID": 17808, "TYPEPIPE": "Intrastate", "Operator": "Northern Illinois Gas Co", "Status": "Operating", "Shape_Leng": 0.00832000000003, "Shape__Length": 1221.3704885514453}}, {"type": "Feature", "id": 17810, "geometry": {"type": "LineString", "coordinates": [[-88.958272, 40.6886720000001], [-88.9205439999999, 40.6886720000001]]}, "properties": {"FID": 17810, "TYPEPIPE": "Intrastate", "Operator": "Northern Illinois Gas Co", "Status": "Operating", "Shape_Leng": 0.037728, "Shape__Length": 4199.86174865067}}, {"type": "Feature", "id": 17813, "geometry": {"type": "LineString", "coordinates": [[-88.958289, 40.7515910000001], [-88.958272, 40.6886720000001]]}, "properties": {"FID": 17813, "TYPEPIPE": "Intrastate", "Operator": "Northern Illinois Gas Co", "Status": "Operating", "Shape_Leng": 0.0629190022966, "Shape__Length": 9241.409561491586}}, {"type": "Feature", "id": 17815, "geometry": {"type": "LineString", "coordinates": [[-88.958289, 40.7515910000001], [-88.8830399999999, 40.7487360000001]]}, "properties": {"FID": 17815, "TYPEPIPE": "Intrastate", "Operator": "Northern Illinois Gas Co", "Status": "Operating", "Shape_Leng": 0.0753031408774, "Shape__Length": 8387.179242966886}}, {"type": "Feature", "id": 17817, "geometry": {"type": "LineString", "coordinates": [[-89.0145919999999, 40.7537280000001], [-88.958289, 40.7515910000001]]}, "properties": {"FID": 17817, "TYPEPIPE": "Intrastate", "Operator": "Northern Illinois Gas Co", "Status": "Operating", "Shape_Leng": 0.0563435406945, "Shape__Length": 6275.483441004257}}, {"type": "Feature", "id": 17819, "geometry": {"type": "LineString", "coordinates": [[-88.385152, 40.5868800000001], [-88.3986879999999, 40.65696]]}, "properties": {"FID": 17819, "TYPEPIPE": "Intrastate", "Operator": "Northern Illinois Gas Co", "Status": "Operating", "Shape_Leng": 0.0713752737017, "Shape__Length": 10387.91984585194}}, {"type": "Feature", "id": 17821, "geometry": {"type": "LineString", "coordinates": [[-88.408416, 40.745344], [-88.294112, 40.7436480000001]]}, "properties": {"FID": 17821, "TYPEPIPE": "Intrastate", "Operator": "Northern Illinois Gas Co", "Status": "Operating", "Shape_Leng": 0.114316581614, "Shape__Length": 12726.703010154515}}, {"type": "Feature", "id": 17823, "geometry": {"type": "LineString", "coordinates": [[-88.3672319999999, 40.424288], [-88.3401279999999, 40.424288]]}, "properties": {"FID": 17823, "TYPEPIPE": "Intrastate", "Operator": "Northern Illinois Gas Co", "Status": "Operating", "Shape_Leng": 0.027104, "Shape__Length": 3017.203478462994}}, {"type": "Feature", "id": 17825, "geometry": {"type": "LineString", "coordinates": [[-88.3672319999999, 40.424288], [-88.3672319999999, 40.455136]]}, "properties": {"FID": 17825, "TYPEPIPE": "Intrastate", "Operator": "Northern Illinois Gas Co", "Status": "Operating", "Shape_Leng": 0.030848, "Shape__Length": 4511.935085715726}}, {"type": "Feature", "id": 17827, "geometry": {"type": "LineString", "coordinates": [[-88.8519679999999, 41.353344], [-88.840896, 41.1562880000001]]}, "properties": {"FID": 17827, "TYPEPIPE": "Intrastate", "Operator": "Northern Illinois Gas Co", "Status": "Operating", "Shape_Leng": 0.19736680653, "Shape__Length": 29204.866099783438}}, {"type": "Feature", "id": 17829, "geometry": {"type": "LineString", "coordinates": [[-88.588992, 41.2993280000001], [-88.610112, 41.2993280000001]]}, "properties": {"FID": 17829, "TYPEPIPE": "Intrastate", "Operator": "Northern Illinois Gas Co", "Status": "Operating", "Shape_Leng": 0.02112, "Shape__Length": 2351.067645551637}}, {"type": "Feature", "id": 17832, "geometry": {"type": "LineString", "coordinates": [[-88.539776, 41.312192], [-88.588992, 41.2993280000001]]}, "properties": {"FID": 17832, "TYPEPIPE": "Intrastate", "Operator": "Northern Illinois Gas Co", "Status": "Operating", "Shape_Leng": 0.050869412735, "Shape__Length": 5800.876011661036}}, {"type": "Feature", "id": 17834, "geometry": {"type": "LineString", "coordinates": [[-88.538752, 41.2196480000001], [-88.539776, 41.312192]]}, "properties": {"FID": 17834, "TYPEPIPE": "Intrastate", "Operator": "Northern Illinois Gas Co", "Status": "Operating", "Shape_Leng": 0.0925496651101, "Shape__Length": 13706.139811530753}}, {"type": "Feature", "id": 17836, "geometry": {"type": "LineString", "coordinates": [[-88.538752, 41.2196480000001], [-88.521664, 41.2196480000001]]}, "properties": {"FID": 17836, "TYPEPIPE": "Intrastate", "Operator": "Northern Illinois Gas Co", "Status": "Operating", "Shape_Leng": 0.017088, "Shape__Length": 1902.2274586744606}}, {"type": "Feature", "id": 17838, "geometry": {"type": "LineString", "coordinates": [[-88.536704, 41.176832], [-88.538752, 41.2196480000001]]}, "properties": {"FID": 17838, "TYPEPIPE": "Intrastate", "Operator": "Northern Illinois Gas Co", "Status": "Operating", "Shape_Leng": 0.0428649525837, "Shape__Length": 6338.54176721812}}, {"type": "Feature", "id": 17840, "geometry": {"type": "LineString", "coordinates": [[-88.574912, 41.176832], [-88.574912, 41.1931520000001]]}, "properties": {"FID": 17840, "TYPEPIPE": "Intrastate", "Operator": "Northern Illinois Gas Co", "Status": "Operating", "Shape_Leng": 0.01632, "Shape__Length": 2413.9841540018097}}, {"type": "Feature", "id": 17842, "geometry": {"type": "LineString", "coordinates": [[-88.6022399999999, 41.327616], [-88.469376, 41.3619200000001]]}, "properties": {"FID": 17842, "TYPEPIPE": "Intrastate", "Operator": "Northern Illinois Gas Co", "Status": "Operating", "Shape_Leng": 0.137221014834, "Shape__Length": 15640.566899998463}}, {"type": "Feature", "id": 17844, "geometry": {"type": "LineString", "coordinates": [[-88.754304, 41.3473920000001], [-88.6022399999999, 41.327616]]}, "properties": {"FID": 17844, "TYPEPIPE": "Intrastate", "Operator": "Northern Illinois Gas Co", "Status": "Operating", "Shape_Leng": 0.153344547578, "Shape__Length": 17179.7360224458}}, {"type": "Feature", "id": 17846, "geometry": {"type": "LineString", "coordinates": [[-88.754304, 41.3473920000001], [-88.7633279999999, 41.3713280000001]]}, "properties": {"FID": 17846, "TYPEPIPE": "Intrastate", "Operator": "Northern Illinois Gas Co", "Status": "Operating", "Shape_Leng": 0.0255805526132, "Shape__Length": 3689.3724073191993}}, {"type": "Feature", "id": 17848, "geometry": {"type": "LineString", "coordinates": [[-88.8519679999999, 41.353344], [-88.754304, 41.3473920000001]]}, "properties": {"FID": 17848, "TYPEPIPE": "Intrastate", "Operator": "Northern Illinois Gas Co", "Status": "Operating", "Shape_Leng": 0.0978452001888, "Shape__Length": 10907.675585370735}}, {"type": "Feature", "id": 17850, "geometry": {"type": "LineString", "coordinates": [[-88.817728, 41.3713280000001], [-88.8519679999999, 41.353344]]}, "properties": {"FID": 17850, "TYPEPIPE": "Intrastate", "Operator": "Northern Illinois Gas Co", "Status": "Operating", "Shape_Leng": 0.0386755976812, "Shape__Length": 4652.19373137255}}, {"type": "Feature", "id": 17852, "geometry": {"type": "LineString", "coordinates": [[-88.5514439999999, 41.153575], [-88.352832, 41.21024]]}, "properties": {"FID": 17852, "TYPEPIPE": "Intrastate", "Operator": "Northern Illinois Gas Co", "Status": "Operating", "Shape_Leng": 0.206537281789, "Shape__Length": 23644.66776768154}}, {"type": "Feature", "id": 17854, "geometry": {"type": "LineString", "coordinates": [[-88.574912, 41.176832], [-88.536704, 41.176832]]}, "properties": {"FID": 17854, "TYPEPIPE": "Intrastate", "Operator": "Northern Illinois Gas Co", "Status": "Operating", "Shape_Leng": 0.038208, "Shape__Length": 4253.295104229823}}, {"type": "Feature", "id": 17856, "geometry": {"type": "LineString", "coordinates": [[-88.574912, 41.1468800000001], [-88.574912, 41.176832]]}, "properties": {"FID": 17856, "TYPEPIPE": "Intrastate", "Operator": "Northern Illinois Gas Co", "Status": "Operating", "Shape_Leng": 0.029952, "Shape__Length": 4428.8066144371405}}, {"type": "Feature", "id": 17858, "geometry": {"type": "LineString", "coordinates": [[-88.6181119999999, 41.1331200000001], [-88.574912, 41.1468800000001]]}, "properties": {"FID": 17858, "TYPEPIPE": "Intrastate", "Operator": "Northern Illinois Gas Co", "Status": "Operating", "Shape_Leng": 0.0453384781394, "Shape__Length": 5221.43117895837}}, {"type": "Feature", "id": 17860, "geometry": {"type": "LineString", "coordinates": [[-88.6181119999999, 41.1331200000001], [-88.636224, 41.165696]]}, "properties": {"FID": 17860, "TYPEPIPE": "Intrastate", "Operator": "Northern Illinois Gas Co", "Status": "Operating", "Shape_Leng": 0.0372725142699, "Shape__Length": 5220.909232548603}}, {"type": "Feature", "id": 17862, "geometry": {"type": "LineString", "coordinates": [[-88.8401919999999, 41.0757120000001], [-88.6181119999999, 41.1331200000001]]}, "properties": {"FID": 17862, "TYPEPIPE": "Intrastate", "Operator": "Northern Illinois Gas Co", "Status": "Operating", "Shape_Leng": 0.229380044607, "Shape__Length": 26136.150408789123}}, {"type": "Feature", "id": 17863, "geometry": {"type": "LineString", "coordinates": [[-88.873344, 40.999488], [-88.898496, 41.00032]]}, "properties": {"FID": 17863, "TYPEPIPE": "Intrastate", "Operator": "Northern Illinois Gas Co", "Status": "Operating", "Shape_Leng": 0.025165757052, "Shape__Length": 2802.5959355623163}}, {"type": "Feature", "id": 17864, "geometry": {"type": "LineString", "coordinates": [[-88.873344, 41.061184], [-88.873344, 40.999488]]}, "properties": {"FID": 17864, "TYPEPIPE": "Intrastate", "Operator": "Northern Illinois Gas Co", "Status": "Operating", "Shape_Leng": 0.061696, "Shape__Length": 9104.33861662168}}, {"type": "Feature", "id": 17865, "geometry": {"type": "LineString", "coordinates": [[-88.8401919999999, 41.0757120000001], [-88.873344, 41.061184]]}, "properties": {"FID": 17865, "TYPEPIPE": "Intrastate", "Operator": "Northern Illinois Gas Co", "Status": "Operating", "Shape_Leng": 0.0361955506658, "Shape__Length": 4268.606569877579}}, {"type": "Feature", "id": 17866, "geometry": {"type": "LineString", "coordinates": [[-88.839872, 41.1451520000001], [-88.8401919999999, 41.0757120000001]]}, "properties": {"FID": 17866, "TYPEPIPE": "Intrastate", "Operator": "Northern Illinois Gas Co", "Status": "Operating", "Shape_Leng": 0.0694407373233, "Shape__Length": 10259.656208238406}}, {"type": "Feature", "id": 17867, "geometry": {"type": "LineString", "coordinates": [[-88.878144, 41.1443200000001], [-88.878144, 41.1717760000001]]}, "properties": {"FID": 17867, "TYPEPIPE": "Intrastate", "Operator": "Northern Illinois Gas Co", "Status": "Operating", "Shape_Leng": 0.027456, "Shape__Length": 4059.503509024158}}, {"type": "Feature", "id": 17868, "geometry": {"type": "LineString", "coordinates": [[-88.839872, 41.1451520000001], [-88.878144, 41.1443200000001]]}, "properties": {"FID": 17868, "TYPEPIPE": "Intrastate", "Operator": "Northern Illinois Gas Co", "Status": "Operating", "Shape_Leng": 0.0382810424101, "Shape__Length": 4262.194430668669}}, {"type": "Feature", "id": 17869, "geometry": {"type": "LineString", "coordinates": [[-88.840896, 41.1562880000001], [-88.839872, 41.1451520000001]]}, "properties": {"FID": 17869, "TYPEPIPE": "Intrastate", "Operator": "Northern Illinois Gas Co", "Status": "Operating", "Shape_Leng": 0.0111829813556, "Shape__Length": 1650.2694676406759}}, {"type": "Feature", "id": 17870, "geometry": {"type": "LineString", "coordinates": [[-88.840896, 41.1562880000001], [-88.7885439999999, 41.1562880000001]]}, "properties": {"FID": 17870, "TYPEPIPE": "Intrastate", "Operator": "Northern Illinois Gas Co", "Status": "Operating", "Shape_Leng": 0.052352, "Shape__Length": 5827.797982014716}}, {"type": "Feature", "id": 17871, "geometry": {"type": "LineString", "coordinates": [[-89.0145919999999, 40.8404800000001], [-89.166624, 40.8404800000001]]}, "properties": {"FID": 17871, "TYPEPIPE": "Intrastate", "Operator": "Northern Illinois Gas Co", "Status": "Operating", "Shape_Leng": 0.152032, "Shape__Length": 16924.124824285507}}, {"type": "Feature", "id": 17872, "geometry": {"type": "LineString", "coordinates": [[-89.0145919999999, 40.8704960000001], [-89.0145919999999, 40.8404800000001]]}, "properties": {"FID": 17872, "TYPEPIPE": "Intrastate", "Operator": "Northern Illinois Gas Co", "Status": "Operating", "Shape_Leng": 0.030016, "Shape__Length": 4417.681463913061}}, {"type": "Feature", "id": 17874, "geometry": {"type": "LineString", "coordinates": [[-89.0145919999999, 40.8704960000001], [-88.965856, 40.8696640000001]]}, "properties": {"FID": 17874, "TYPEPIPE": "Intrastate", "Operator": "Northern Illinois Gas Co", "Status": "Operating", "Shape_Leng": 0.0487431012554, "Shape__Length": 5426.649042880821}}, {"type": "Feature", "id": 17876, "geometry": {"type": "LineString", "coordinates": [[-89.0145919999999, 40.939712], [-89.0145919999999, 40.8704960000001]]}, "properties": {"FID": 17876, "TYPEPIPE": "Intrastate", "Operator": "Northern Illinois Gas Co", "Status": "Operating", "Shape_Leng": 0.069216, "Shape__Length": 10194.681906029582}}, {"type": "Feature", "id": 17878, "geometry": {"type": "LineString", "coordinates": [[-88.9863359999999, 40.939712], [-89.0145919999999, 40.939712]]}, "properties": {"FID": 17878, "TYPEPIPE": "Intrastate", "Operator": "Northern Illinois Gas Co", "Status": "Operating", "Shape_Leng": 0.028256, "Shape__Length": 3145.443531854078}}, {"type": "Feature", "id": 17880, "geometry": {"type": "LineString", "coordinates": [[-88.9863359999999, 40.954752], [-88.9863359999999, 40.939712]]}, "properties": {"FID": 17880, "TYPEPIPE": "Intrastate", "Operator": "Northern Illinois Gas Co", "Status": "Operating", "Shape_Leng": 0.01504, "Shape__Length": 2216.6229130625725}}, {"type": "Feature", "id": 17882, "geometry": {"type": "LineString", "coordinates": [[-88.9863359999999, 40.954752], [-88.960032, 40.954752]]}, "properties": {"FID": 17882, "TYPEPIPE": "Intrastate", "Operator": "Northern Illinois Gas Co", "Status": "Operating", "Shape_Leng": 0.026304, "Shape__Length": 2928.1478858236223}}, {"type": "Feature", "id": 17884, "geometry": {"type": "LineString", "coordinates": [[-88.985376, 41.0789760000001], [-88.9863359999999, 40.954752]]}, "properties": {"FID": 17884, "TYPEPIPE": "Intrastate", "Operator": "Northern Illinois Gas Co", "Status": "Operating", "Shape_Leng": 0.124227709373, "Shape__Length": 18328.022328439467}}, {"type": "Feature", "id": 17886, "geometry": {"type": "LineString", "coordinates": [[-88.985376, 41.0789760000001], [-88.985376, 41.2191040000001]]}, "properties": {"FID": 17886, "TYPEPIPE": "Intrastate", "Operator": "Northern Illinois Gas Co", "Status": "Operating", "Shape_Leng": 0.140128, "Shape__Length": 20715.77403308451}}, {"type": "Feature", "id": 17889, "geometry": {"type": "LineString", "coordinates": [[-88.87328, 41.0789760000001], [-88.985376, 41.0789760000001]]}, "properties": {"FID": 17889, "TYPEPIPE": "Intrastate", "Operator": "Northern Illinois Gas Co", "Status": "Operating", "Shape_Leng": 0.112096, "Shape__Length": 12478.469639962539}}, {"type": "Feature", "id": 17891, "geometry": {"type": "LineString", "coordinates": [[-88.873344, 41.061184], [-88.87328, 41.0789760000001]]}, "properties": {"FID": 17891, "TYPEPIPE": "Intrastate", "Operator": "Northern Illinois Gas Co", "Status": "Operating", "Shape_Leng": 0.0177921151076, "Shape__Length": 2627.120860033676}}, {"type": "Feature", "id": 17893, "geometry": {"type": "LineString", "coordinates": [[-88.873344, 41.061184], [-88.908384, 41.0564800000001]]}, "properties": {"FID": 17893, "TYPEPIPE": "Intrastate", "Operator": "Northern Illinois Gas Co", "Status": "Operating", "Shape_Leng": 0.0353543380082, "Shape__Length": 3961.97256422254}}, {"type": "Feature", "id": 17896, "geometry": {"type": "LineString", "coordinates": [[-88.4217599999999, 40.9571520000001], [-88.4217599999999, 40.94048]]}, "properties": {"FID": 17896, "TYPEPIPE": "Intrastate", "Operator": "Northern Illinois Gas Co", "Status": "Operating", "Shape_Leng": 0.016672, "Shape__Length": 2457.20902787894}}, {"type": "Feature", "id": 17898, "geometry": {"type": "LineString", "coordinates": [[-88.436451, 40.958086], [-88.4217599999999, 40.9571520000001]]}, "properties": {"FID": 17898, "TYPEPIPE": "Intrastate", "Operator": "Northern Illinois Gas Co", "Status": "Operating", "Shape_Leng": 0.0147206602094, "Shape__Length": 1641.179572514643}}, {"type": "Feature", "id": 17900, "geometry": {"type": "LineString", "coordinates": [[-88.545408, 40.97968], [-88.5514439999999, 41.153575]]}, "properties": {"FID": 17900, "TYPEPIPE": "Intrastate", "Operator": "Northern Illinois Gas Co", "Status": "Operating", "Shape_Leng": 0.17399972506, "Shape__Length": 25684.26002196144}}, {"type": "Feature", "id": 17902, "geometry": {"type": "LineString", "coordinates": [[-88.574912, 41.1468800000001], [-88.5514439999999, 41.153575]]}, "properties": {"FID": 17902, "TYPEPIPE": "Intrastate", "Operator": "Northern Illinois Gas Co", "Status": "Operating", "Shape_Leng": 0.0244043039032, "Shape__Length": 2793.656805704981}}, {"type": "Feature", "id": 17904, "geometry": {"type": "LineString", "coordinates": [[-88.566816, 40.907136], [-88.625704, 40.974233]]}, "properties": {"FID": 17904, "TYPEPIPE": "Intrastate", "Operator": "Northern Illinois Gas Co", "Status": "Operating", "Shape_Leng": 0.0892737584792, "Shape__Length": 11863.54126803099}}, {"type": "Feature", "id": 17906, "geometry": {"type": "LineString", "coordinates": [[-88.625704, 40.974233], [-88.551264, 41.03056]]}, "properties": {"FID": 17906, "TYPEPIPE": "Intrastate", "Operator": "Northern Illinois Gas Co", "Status": "Operating", "Shape_Leng": 0.0933490467493, "Shape__Length": 11734.550119355608}}, {"type": "Feature", "id": 17908, "geometry": {"type": "LineString", "coordinates": [[-88.658176, 40.949664], [-88.625704, 40.974233]]}, "properties": {"FID": 17908, "TYPEPIPE": "Intrastate", "Operator": "Northern Illinois Gas Co", "Status": "Operating", "Shape_Leng": 0.0407193632686, "Shape__Length": 5117.0501907155885}}, {"type": "Feature", "id": 17910, "geometry": {"type": "LineString", "coordinates": [[-88.566816, 40.907136], [-88.545408, 40.97968]]}, "properties": {"FID": 17910, "TYPEPIPE": "Intrastate", "Operator": "Northern Illinois Gas Co", "Status": "Operating", "Shape_Leng": 0.0756368587396, "Shape__Length": 10953.440975509671}}, {"type": "Feature", "id": 17912, "geometry": {"type": "LineString", "coordinates": [[-88.4581909999999, 40.902334], [-88.566816, 40.907136]]}, "properties": {"FID": 17912, "TYPEPIPE": "Intrastate", "Operator": "Northern Illinois Gas Co", "Status": "Operating", "Shape_Leng": 0.108731089524, "Shape__Length": 12112.746415729775}}, {"type": "Feature", "id": 17914, "geometry": {"type": "LineString", "coordinates": [[-88.676608, 40.7470080000001], [-88.566816, 40.907136]]}, "properties": {"FID": 17914, "TYPEPIPE": "Intrastate", "Operator": "Northern Illinois Gas Co", "Status": "Operating", "Shape_Leng": 0.194152670978, "Shape__Length": 26538.971652113236}}, {"type": "Feature", "id": 17916, "geometry": {"type": "LineString", "coordinates": [[-88.382258, 41.09193], [-88.436416, 41.0897600000001]]}, "properties": {"FID": 17916, "TYPEPIPE": "Intrastate", "Operator": "Northern Illinois Gas Co", "Status": "Operating", "Shape_Leng": 0.0542014562904, "Shape__Length": 6037.3549281603255}}, {"type": "Feature", "id": 17919, "geometry": {"type": "LineString", "coordinates": [[-88.551264, 41.03056], [-88.436416, 41.0897600000001]]}, "properties": {"FID": 17919, "TYPEPIPE": "Intrastate", "Operator": "Northern Illinois Gas Co", "Status": "Operating", "Shape_Leng": 0.129207983902, "Shape__Length": 15486.727022691224}}, {"type": "Feature", "id": 17921, "geometry": {"type": "LineString", "coordinates": [[-88.839872, 41.1451520000001], [-88.658176, 40.949664]]}, "properties": {"FID": 17921, "TYPEPIPE": "Intrastate", "Operator": "Northern Illinois Gas Co", "Status": "Operating", "Shape_Leng": 0.266887606606, "Shape__Length": 35238.161957921686}}, {"type": "Feature", "id": 17923, "geometry": {"type": "LineString", "coordinates": [[-88.884032, 40.857984], [-88.814816, 40.858816]]}, "properties": {"FID": 17923, "TYPEPIPE": "Intrastate", "Operator": "Northern Illinois Gas Co", "Status": "Operating", "Shape_Leng": 0.0692210002817, "Shape__Length": 7706.062919571529}}, {"type": "Feature", "id": 17925, "geometry": {"type": "LineString", "coordinates": [[-88.884032, 40.857984], [-88.8830399999999, 40.8754880000001]]}, "properties": {"FID": 17925, "TYPEPIPE": "Intrastate", "Operator": "Northern Illinois Gas Co", "Status": "Operating", "Shape_Leng": 0.0175320871547, "Shape__Length": 2578.9986722125504}}, {"type": "Feature", "id": 17927, "geometry": {"type": "LineString", "coordinates": [[-88.8830399999999, 40.7487360000001], [-88.884032, 40.857984]]}, "properties": {"FID": 17927, "TYPEPIPE": "Intrastate", "Operator": "Northern Illinois Gas Co", "Status": "Operating", "Shape_Leng": 0.109252503715, "Shape__Length": 16066.60329737306}}, {"type": "Feature", "id": 17929, "geometry": {"type": "LineString", "coordinates": [[-88.336768, 41.23936], [-88.336768, 41.383296]]}, "properties": {"FID": 17929, "TYPEPIPE": "Intrastate", "Operator": "Northern Illinois Gas Co", "Status": "Operating", "Shape_Leng": 0.143936, "Shape__Length": 21331.61440787092}}, {"type": "Feature", "id": 17931, "geometry": {"type": "LineString", "coordinates": [[-88.352832, 41.2368000000001], [-88.336768, 41.23936]]}, "properties": {"FID": 17931, "TYPEPIPE": "Intrastate", "Operator": "Northern Illinois Gas Co", "Status": "Operating", "Shape_Leng": 0.0162667051366, "Shape__Length": 1827.952002076977}}, {"type": "Feature", "id": 17932, "geometry": {"type": "LineString", "coordinates": [[-88.352832, 41.2368000000001], [-88.4091519999999, 41.2248320000001]]}, "properties": {"FID": 17932, "TYPEPIPE": "Intrastate", "Operator": "Northern Illinois Gas Co", "Status": "Operating", "Shape_Leng": 0.0575775600733, "Shape__Length": 6514.982562978279}}, {"type": "Feature", "id": 17934, "geometry": {"type": "LineString", "coordinates": [[-88.352832, 41.21024], [-88.352832, 41.2368000000001]]}, "properties": {"FID": 17934, "TYPEPIPE": "Intrastate", "Operator": "Northern Illinois Gas Co", "Status": "Operating", "Shape_Leng": 0.02656, "Shape__Length": 3930.9546625232324}}, {"type": "Feature", "id": 17937, "geometry": {"type": "LineString", "coordinates": [[-88.3661759999999, 40.9571520000001], [-88.3661759999999, 40.9888320000001]]}, "properties": {"FID": 17937, "TYPEPIPE": "Intrastate", "Operator": "Northern Illinois Gas Co", "Status": "Operating", "Shape_Leng": 0.03168, "Shape__Length": 4670.879482157528}}, {"type": "Feature", "id": 17939, "geometry": {"type": "LineString", "coordinates": [[-88.4217599999999, 40.9571520000001], [-88.3661759999999, 40.9571520000001]]}, "properties": {"FID": 17939, "TYPEPIPE": "Intrastate", "Operator": "Northern Illinois Gas Co", "Status": "Operating", "Shape_Leng": 0.055584, "Shape__Length": 6187.582576254383}}, {"type": "Feature", "id": 17941, "geometry": {"type": "LineString", "coordinates": [[-88.057472, 41.8444160000001], [-88.057473, 41.879965]]}, "properties": {"FID": 17941, "TYPEPIPE": "Intrastate", "Operator": "Northern Illinois Gas Co", "Status": "Operating", "Shape_Leng": 0.035549000014, "Shape__Length": 5313.575904605035}}, {"type": "Feature", "id": 17943, "geometry": {"type": "LineString", "coordinates": [[-88.057473, 41.879965], [-87.9641599999999, 41.879552]]}, "properties": {"FID": 17943, "TYPEPIPE": "Intrastate", "Operator": "Northern Illinois Gas Co", "Status": "Operating", "Shape_Leng": 0.0933139139572, "Shape__Length": 10387.739175886316}}, {"type": "Feature", "id": 17945, "geometry": {"type": "LineString", "coordinates": [[-88.151808, 41.880384], [-88.057473, 41.879965]]}, "properties": {"FID": 17945, "TYPEPIPE": "Intrastate", "Operator": "Northern Illinois Gas Co", "Status": "Operating", "Shape_Leng": 0.0943359305143, "Shape__Length": 10501.51102274065}}, {"type": "Feature", "id": 17947, "geometry": {"type": "LineString", "coordinates": [[-88.222784, 41.85472], [-88.135552, 41.8444160000001]]}, "properties": {"FID": 17947, "TYPEPIPE": "Intrastate", "Operator": "Northern Illinois Gas Co", "Status": "Operating", "Shape_Leng": 0.0878384553598, "Shape__Length": 9831.954399298113}}, {"type": "Feature", "id": 17949, "geometry": {"type": "LineString", "coordinates": [[-87.9641599999999, 41.879552], [-87.9641599999999, 41.868416]]}, "properties": {"FID": 17949, "TYPEPIPE": "Intrastate", "Operator": "Northern Illinois Gas Co", "Status": "Operating", "Shape_Leng": 0.011136, "Shape__Length": 1664.825902491808}}, {"type": "Feature", "id": 17951, "geometry": {"type": "LineString", "coordinates": [[-88.2663679999999, 41.8830080000001], [-88.151808, 41.880384]]}, "properties": {"FID": 17951, "TYPEPIPE": "Intrastate", "Operator": "Northern Illinois Gas Co", "Status": "Operating", "Shape_Leng": 0.114590047456, "Shape__Length": 12758.794440662741}}, {"type": "Feature", "id": 17953, "geometry": {"type": "LineString", "coordinates": [[-87.96928, 41.933568], [-87.961152, 41.942976]]}, "properties": {"FID": 17953, "TYPEPIPE": "Intrastate", "Operator": "Northern Illinois Gas Co", "Status": "Operating", "Shape_Leng": 0.0124328133582, "Shape__Length": 1673.5818666471682}}, {"type": "Feature", "id": 17955, "geometry": {"type": "LineString", "coordinates": [[-88.271424, 41.93696], [-88.327232, 41.93696]]}, "properties": {"FID": 17955, "TYPEPIPE": "Intrastate", "Operator": "Northern Illinois Gas Co", "Status": "Operating", "Shape_Leng": 0.055808, "Shape__Length": 6212.518142193556}}, {"type": "Feature", "id": 17957, "geometry": {"type": "LineString", "coordinates": [[-88.2663679999999, 41.8830080000001], [-88.271424, 41.93696]]}, "properties": {"FID": 17957, "TYPEPIPE": "Intrastate", "Operator": "Northern Illinois Gas Co", "Status": "Operating", "Shape_Leng": 0.0541883884241, "Shape__Length": 8089.944682212141}}, {"type": "Feature", "id": 17959, "geometry": {"type": "LineString", "coordinates": [[-88.310976, 41.8744320000001], [-88.2663679999999, 41.8830080000001]]}, "properties": {"FID": 17959, "TYPEPIPE": "Intrastate", "Operator": "Northern Illinois Gas Co", "Status": "Operating", "Shape_Leng": 0.0454248988992, "Shape__Length": 5128.607509584885}}, {"type": "Feature", "id": 17961, "geometry": {"type": "LineString", "coordinates": [[-88.310976, 41.8744320000001], [-88.327232, 41.93696]]}, "properties": {"FID": 17961, "TYPEPIPE": "Intrastate", "Operator": "Northern Illinois Gas Co", "Status": "Operating", "Shape_Leng": 0.0646065656106, "Shape__Length": 9526.005405553653}}, {"type": "Feature", "id": 17963, "geometry": {"type": "LineString", "coordinates": [[-88.304896, 41.8513280000001], [-88.310976, 41.8744320000001]]}, "properties": {"FID": 17963, "TYPEPIPE": "Intrastate", "Operator": "Northern Illinois Gas Co", "Status": "Operating", "Shape_Leng": 0.0238906093685, "Shape__Length": 3519.134189441383}}, {"type": "Feature", "id": 17966, "geometry": {"type": "LineString", "coordinates": [[-88.2866559999999, 41.661056], [-88.2866559999999, 41.630208]]}, "properties": {"FID": 17966, "TYPEPIPE": "Intrastate", "Operator": "Northern Illinois Gas Co", "Status": "Operating", "Shape_Leng": 0.030848, "Shape__Length": 4595.377802609466}}, {"type": "Feature", "id": 17968, "geometry": {"type": "LineString", "coordinates": [[-88.314944, 41.661056], [-88.2866559999999, 41.661056]]}, "properties": {"FID": 17968, "TYPEPIPE": "Intrastate", "Operator": "Northern Illinois Gas Co", "Status": "Operating", "Shape_Leng": 0.028288, "Shape__Length": 3149.005755564198}}, {"type": "Feature", "id": 17970, "geometry": {"type": "LineString", "coordinates": [[-88.314944, 41.7081600000001], [-88.314944, 41.661056]]}, "properties": {"FID": 17970, "TYPEPIPE": "Intrastate", "Operator": "Northern Illinois Gas Co", "Status": "Operating", "Shape_Leng": 0.047104, "Shape__Length": 7021.257730211131}}, {"type": "Feature", "id": 17972, "geometry": {"type": "LineString", "coordinates": [[-88.2643839999999, 41.725312], [-88.314944, 41.7081600000001]]}, "properties": {"FID": 17972, "TYPEPIPE": "Intrastate", "Operator": "Northern Illinois Gas Co", "Status": "Operating", "Shape_Leng": 0.053390118037, "Shape__Length": 6182.307334193878}}, {"type": "Feature", "id": 17974, "geometry": {"type": "LineString", "coordinates": [[-88.2643839999999, 41.5034240000001], [-88.316928, 41.4307840000001]]}, "properties": {"FID": 17974, "TYPEPIPE": "Intrastate", "Operator": "Northern Illinois Gas Co", "Status": "Operating", "Shape_Leng": 0.0896517793242, "Shape__Length": 12274.49430957158}}, {"type": "Feature", "id": 17976, "geometry": {"type": "LineString", "coordinates": [[-88.2643839999999, 41.725312], [-88.2643839999999, 41.5034240000001]]}, "properties": {"FID": 17976, "TYPEPIPE": "Intrastate", "Operator": "Northern Illinois Gas Co", "Status": "Operating", "Shape_Leng": 0.221888, "Shape__Length": 33038.33036943432}}, {"type": "Feature", "id": 17978, "geometry": {"type": "LineString", "coordinates": [[-88.129024, 41.5556480000001], [-88.116928, 41.649088]]}, "properties": {"FID": 17978, "TYPEPIPE": "Intrastate", "Operator": "Northern Illinois Gas Co", "Status": "Operating", "Shape_Leng": 0.0942196731898, "Shape__Length": 13975.296000098051}}, {"type": "Feature", "id": 17980, "geometry": {"type": "LineString", "coordinates": [[-88.19776, 41.5539840000001], [-88.129024, 41.5556480000001]]}, "properties": {"FID": 17980, "TYPEPIPE": "Intrastate", "Operator": "Northern Illinois Gas Co", "Status": "Operating", "Shape_Leng": 0.0687561385769, "Shape__Length": 7655.659409093143}}, {"type": "Feature", "id": 17982, "geometry": {"type": "LineString", "coordinates": [[-88.222976, 41.6088320000001], [-88.19776, 41.5539840000001]]}, "properties": {"FID": 17982, "TYPEPIPE": "Intrastate", "Operator": "Northern Illinois Gas Co", "Status": "Operating", "Shape_Leng": 0.0603667935209, "Shape__Length": 8631.666129857547}}, {"type": "Feature", "id": 17984, "geometry": {"type": "LineString", "coordinates": [[-88.22176, 41.7287680000001], [-88.222976, 41.6088320000001]]}, "properties": {"FID": 17984, "TYPEPIPE": "Intrastate", "Operator": "Northern Illinois Gas Co", "Status": "Operating", "Shape_Leng": 0.119942164196, "Shape__Length": 17873.625130067463}}, {"type": "Feature", "id": 17986, "geometry": {"type": "LineString", "coordinates": [[-88.060352, 41.71936], [-88.116928, 41.649088]]}, "properties": {"FID": 17986, "TYPEPIPE": "Intrastate", "Operator": "Northern Illinois Gas Co", "Status": "Operating", "Shape_Leng": 0.0902163940756, "Shape__Length": 12222.189304835561}}, {"type": "Feature", "id": 17988, "geometry": {"type": "LineString", "coordinates": [[-88.064576, 41.7801600000001], [-88.060352, 41.71936]]}, "properties": {"FID": 17988, "TYPEPIPE": "Intrastate", "Operator": "Northern Illinois Gas Co", "Status": "Operating", "Shape_Leng": 0.0609465517975, "Shape__Length": 9084.134952098226}}, {"type": "Feature", "id": 17990, "geometry": {"type": "LineString", "coordinates": [[-88.1704319999999, 41.696192], [-88.116928, 41.649088]]}, "properties": {"FID": 17990, "TYPEPIPE": "Intrastate", "Operator": "Northern Illinois Gas Co", "Status": "Operating", "Shape_Leng": 0.0712843940284, "Shape__Length": 9206.19992336786}}, {"type": "Feature", "id": 17992, "geometry": {"type": "LineString", "coordinates": [[-88.1704319999999, 41.712448], [-88.1704319999999, 41.696192]]}, "properties": {"FID": 17992, "TYPEPIPE": "Intrastate", "Operator": "Northern Illinois Gas Co", "Status": "Operating", "Shape_Leng": 0.016256, "Shape__Length": 2423.8396576885134}}, {"type": "Feature", "id": 17994, "geometry": {"type": "LineString", "coordinates": [[-88.201472, 41.727936], [-88.1704319999999, 41.712448]]}, "properties": {"FID": 17994, "TYPEPIPE": "Intrastate", "Operator": "Northern Illinois Gas Co", "Status": "Operating", "Shape_Leng": 0.0346894759834, "Shape__Length": 4156.334921357333}}, {"type": "Feature", "id": 17996, "geometry": {"type": "LineString", "coordinates": [[-88.265412, 41.766848], [-88.2643839999999, 41.725312]]}, "properties": {"FID": 17996, "TYPEPIPE": "Intrastate", "Operator": "Northern Illinois Gas Co", "Status": "Operating", "Shape_Leng": 0.0415487193545, "Shape__Length": 6198.28000847818}}, {"type": "Feature", "id": 17998, "geometry": {"type": "LineString", "coordinates": [[-88.265412, 41.766848], [-88.222784, 41.766464]]}, "properties": {"FID": 17998, "TYPEPIPE": "Intrastate", "Operator": "Northern Illinois Gas Co", "Status": "Operating", "Shape_Leng": 0.0426297295323, "Shape__Length": 4745.673331417188}}, {"type": "Feature", "id": 18000, "geometry": {"type": "LineString", "coordinates": [[-88.3221119999999, 41.76736], [-88.265412, 41.766848]]}, "properties": {"FID": 18000, "TYPEPIPE": "Intrastate", "Operator": "Northern Illinois Gas Co", "Status": "Operating", "Shape_Leng": 0.0567023116283, "Shape__Length": 6312.277689181572}}, {"type": "Feature", "id": 18003, "geometry": {"type": "LineString", "coordinates": [[-88.2643839999999, 41.725312], [-88.22176, 41.7287680000001]]}, "properties": {"FID": 18003, "TYPEPIPE": "Intrastate", "Operator": "Northern Illinois Gas Co", "Status": "Operating", "Shape_Leng": 0.0427638785893, "Shape__Length": 4772.801219466096}}, {"type": "Feature", "id": 18005, "geometry": {"type": "LineString", "coordinates": [[-88.314048, 41.75104], [-88.2643839999999, 41.725312]]}, "properties": {"FID": 18005, "TYPEPIPE": "Intrastate", "Operator": "Northern Illinois Gas Co", "Status": "Operating", "Shape_Leng": 0.0559324850154, "Shape__Length": 6730.282693910319}}, {"type": "Feature", "id": 18007, "geometry": {"type": "LineString", "coordinates": [[-88.064576, 41.7801600000001], [-87.96928, 41.70912]]}, "properties": {"FID": 18007, "TYPEPIPE": "Intrastate", "Operator": "Northern Illinois Gas Co", "Status": "Operating", "Shape_Leng": 0.118861302433, "Shape__Length": 14995.843424403249}}, {"type": "Feature", "id": 18009, "geometry": {"type": "LineString", "coordinates": [[-88.070656, 41.789632], [-88.064576, 41.7801600000001]]}, "properties": {"FID": 18009, "TYPEPIPE": "Intrastate", "Operator": "Northern Illinois Gas Co", "Status": "Operating", "Shape_Leng": 0.0112554513014, "Shape__Length": 1567.7173982619076}}, {"type": "Feature", "id": 18011, "geometry": {"type": "LineString", "coordinates": [[-88.070656, 41.789632], [-87.9621759999999, 41.8264320000001]]}, "properties": {"FID": 18011, "TYPEPIPE": "Intrastate", "Operator": "Northern Illinois Gas Co", "Status": "Operating", "Shape_Leng": 0.114551955025, "Shape__Length": 13267.755788091297}}, {"type": "Feature", "id": 18013, "geometry": {"type": "LineString", "coordinates": [[-88.057472, 41.815296], [-88.057472, 41.8444160000001]]}, "properties": {"FID": 18013, "TYPEPIPE": "Intrastate", "Operator": "Northern Illinois Gas Co", "Status": "Operating", "Shape_Leng": 0.02912, "Shape__Length": 4350.421870860271}}, {"type": "Feature", "id": 18015, "geometry": {"type": "LineString", "coordinates": [[-88.070656, 41.789632], [-88.057472, 41.815296]]}, "properties": {"FID": 18015, "TYPEPIPE": "Intrastate", "Operator": "Northern Illinois Gas Co", "Status": "Operating", "Shape_Leng": 0.0288523612899, "Shape__Length": 4103.872705193696}}, {"type": "Feature", "id": 18017, "geometry": {"type": "LineString", "coordinates": [[-88.1679999999999, 41.766464], [-88.070656, 41.789632]]}, "properties": {"FID": 18017, "TYPEPIPE": "Intrastate", "Operator": "Northern Illinois Gas Co", "Status": "Operating", "Shape_Leng": 0.100063032934, "Shape__Length": 11374.78402054594}}, {"type": "Feature", "id": 18020, "geometry": {"type": "LineString", "coordinates": [[-88.222784, 41.766464], [-88.1679999999999, 41.766464]]}, "properties": {"FID": 18020, "TYPEPIPE": "Intrastate", "Operator": "Northern Illinois Gas Co", "Status": "Operating", "Shape_Leng": 0.054784, "Shape__Length": 6098.526983622462}}, {"type": "Feature", "id": 18022, "geometry": {"type": "LineString", "coordinates": [[-88.22176, 41.7287680000001], [-88.222784, 41.766464]]}, "properties": {"FID": 18022, "TYPEPIPE": "Intrastate", "Operator": "Northern Illinois Gas Co", "Status": "Operating", "Shape_Leng": 0.0377099057543, "Shape__Length": 5625.580208328473}}, {"type": "Feature", "id": 18024, "geometry": {"type": "LineString", "coordinates": [[-88.201472, 41.727936], [-88.22176, 41.7287680000001]]}, "properties": {"FID": 18024, "TYPEPIPE": "Intrastate", "Operator": "Northern Illinois Gas Co", "Status": "Operating", "Shape_Leng": 0.0203050527702, "Shape__Length": 2261.8569216230353}}, {"type": "Feature", "id": 18025, "geometry": {"type": "LineString", "coordinates": [[-88.201472, 41.7450880000001], [-88.201472, 41.727936]]}, "properties": {"FID": 18025, "TYPEPIPE": "Intrastate", "Operator": "Northern Illinois Gas Co", "Status": "Operating", "Shape_Leng": 0.017152, "Shape__Length": 2558.71860369388}}, {"type": "Feature", "id": 18028, "geometry": {"type": "LineString", "coordinates": [[-88.064576, 41.7801600000001], [-88.201472, 41.7450880000001]]}, "properties": {"FID": 18028, "TYPEPIPE": "Intrastate", "Operator": "Northern Illinois Gas Co", "Status": "Operating", "Shape_Leng": 0.141317231787, "Shape__Length": 16113.012677870682}}, {"type": "Feature", "id": 18030, "geometry": {"type": "LineString", "coordinates": [[-87.953088, 41.789632], [-88.064576, 41.7801600000001]]}, "properties": {"FID": 18030, "TYPEPIPE": "Intrastate", "Operator": "Northern Illinois Gas Co", "Status": "Operating", "Shape_Leng": 0.111889646206, "Shape__Length": 12491.088534141576}}, {"type": "Feature", "id": 18032, "geometry": {"type": "LineString", "coordinates": [[-88.057472, 41.8444160000001], [-87.9560959999999, 41.8444160000001]]}, "properties": {"FID": 18032, "TYPEPIPE": "Intrastate", "Operator": "Northern Illinois Gas Co", "Status": "Operating", "Shape_Leng": 0.101376, "Shape__Length": 11285.124698661268}}, {"type": "Feature", "id": 18034, "geometry": {"type": "LineString", "coordinates": [[-88.135552, 41.8444160000001], [-88.057472, 41.8444160000001]]}, "properties": {"FID": 18034, "TYPEPIPE": "Intrastate", "Operator": "Northern Illinois Gas Co", "Status": "Operating", "Shape_Leng": 0.07808, "Shape__Length": 8691.82584113814}}, {"type": "Feature", "id": 18036, "geometry": {"type": "LineString", "coordinates": [[-88.222784, 41.766464], [-88.222784, 41.85472]]}, "properties": {"FID": 18036, "TYPEPIPE": "Intrastate", "Operator": "Northern Illinois Gas Co", "Status": "Operating", "Shape_Leng": 0.088256, "Shape__Length": 13181.16189205926}}, {"type": "Feature", "id": 18038, "geometry": {"type": "LineString", "coordinates": [[-88.329216, 41.7921920000001], [-88.304896, 41.8513280000001]]}, "properties": {"FID": 18038, "TYPEPIPE": "Intrastate", "Operator": "Northern Illinois Gas Co", "Status": "Operating", "Shape_Leng": 0.0639416053599, "Shape__Length": 9239.137972302353}}, {"type": "Feature", "id": 18040, "geometry": {"type": "LineString", "coordinates": [[-88.3221119999999, 41.76736], [-88.329216, 41.7921920000001]]}, "properties": {"FID": 18040, "TYPEPIPE": "Intrastate", "Operator": "Northern Illinois Gas Co", "Status": "Operating", "Shape_Leng": 0.0258281830565, "Shape__Length": 3790.3272352647077}}, {"type": "Feature", "id": 18042, "geometry": {"type": "LineString", "coordinates": [[-88.314048, 41.75104], [-88.3221119999999, 41.76736]]}, "properties": {"FID": 18042, "TYPEPIPE": "Intrastate", "Operator": "Northern Illinois Gas Co", "Status": "Operating", "Shape_Leng": 0.0182035847019, "Shape__Length": 2595.6321284983455}}, {"type": "Feature", "id": 18044, "geometry": {"type": "LineString", "coordinates": [[-88.316928, 41.4307840000001], [-88.288576, 41.416704]]}, "properties": {"FID": 18044, "TYPEPIPE": "Intrastate", "Operator": "Northern Illinois Gas Co", "Status": "Operating", "Shape_Leng": 0.0316556835971, "Shape__Length": 3785.5620406215407}}, {"type": "Feature", "id": 18046, "geometry": {"type": "LineString", "coordinates": [[-88.0183469999999, 41.4457160000001], [-88.0202879999999, 41.3808000000001]]}, "properties": {"FID": 18046, "TYPEPIPE": "Intrastate", "Operator": "Northern Illinois Gas Co", "Status": "Operating", "Shape_Leng": 0.0649450116406, "Shape__Length": 9638.184292138623}}, {"type": "Feature", "id": 18048, "geometry": {"type": "LineString", "coordinates": [[-88.165184, 41.355776], [-88.2024959999999, 41.4018560000001]]}, "properties": {"FID": 18048, "TYPEPIPE": "Intrastate", "Operator": "Northern Illinois Gas Co", "Status": "Operating", "Shape_Leng": 0.0592920883761, "Shape__Length": 7999.127035045581}}, {"type": "Feature", "id": 18050, "geometry": {"type": "LineString", "coordinates": [[-87.92672, 41.868416], [-87.92768, 41.94464]]}, "properties": {"FID": 18050, "TYPEPIPE": "Intrastate", "Operator": "Northern Illinois Gas Co", "Status": "Operating", "Shape_Leng": 0.0762300451004, "Shape__Length": 11401.756280825295}}, {"type": "Feature", "id": 18052, "geometry": {"type": "LineString", "coordinates": [[-87.9641599999999, 41.868416], [-87.92672, 41.868416]]}, "properties": {"FID": 18052, "TYPEPIPE": "Intrastate", "Operator": "Northern Illinois Gas Co", "Status": "Operating", "Shape_Leng": 0.0374399999999, "Shape__Length": 4167.80173529312}}, {"type": "Feature", "id": 18054, "geometry": {"type": "LineString", "coordinates": [[-87.846144, 41.7475840000001], [-87.872064, 41.78592]]}, "properties": {"FID": 18054, "TYPEPIPE": "Intrastate", "Operator": "Northern Illinois Gas Co", "Status": "Operating", "Shape_Leng": 0.0462762930235, "Shape__Length": 6408.0027247521275}}, {"type": "Feature", "id": 18056, "geometry": {"type": "LineString", "coordinates": [[-87.8007039999999, 41.7475840000001], [-87.846144, 41.7475840000001]]}, "properties": {"FID": 18056, "TYPEPIPE": "Intrastate", "Operator": "Northern Illinois Gas Co", "Status": "Operating", "Shape_Leng": 0.04544, "Shape__Length": 5058.357661651447}}, {"type": "Feature", "id": 18058, "geometry": {"type": "LineString", "coordinates": [[-87.8007039999999, 41.696192], [-87.8007039999999, 41.7475840000001]]}, "properties": {"FID": 18058, "TYPEPIPE": "Intrastate", "Operator": "Northern Illinois Gas Co", "Status": "Operating", "Shape_Leng": 0.051392, "Shape__Length": 7664.863907087594}}, {"type": "Feature", "id": 18060, "geometry": {"type": "LineString", "coordinates": [[-87.7148799999999, 41.6499200000001], [-87.8007039999999, 41.696192]]}, "properties": {"FID": 18060, "TYPEPIPE": "Intrastate", "Operator": "Northern Illinois Gas Co", "Status": "Operating", "Shape_Leng": 0.0975031125657, "Shape__Length": 11782.68033704233}}, {"type": "Feature", "id": 18062, "geometry": {"type": "LineString", "coordinates": [[-87.601728, 41.637056], [-87.552192, 41.631936]]}, "properties": {"FID": 18062, "TYPEPIPE": "Intrastate", "Operator": "Northern Illinois Gas Co", "Status": "Operating", "Shape_Leng": 0.0497998965461, "Shape__Length": 5566.802362740135}}, {"type": "Feature", "id": 18064, "geometry": {"type": "LineString", "coordinates": [[-87.647168, 41.649088], [-87.601728, 41.637056]]}, "properties": {"FID": 18064, "TYPEPIPE": "Intrastate", "Operator": "Northern Illinois Gas Co", "Status": "Operating", "Shape_Leng": 0.0470059849806, "Shape__Length": 5366.505530862575}}, {"type": "Feature", "id": 18066, "geometry": {"type": "LineString", "coordinates": [[-87.7148799999999, 41.6499200000001], [-87.647168, 41.649088]]}, "properties": {"FID": 18066, "TYPEPIPE": "Intrastate", "Operator": "Northern Illinois Gas Co", "Status": "Operating", "Shape_Leng": 0.0677171113382, "Shape__Length": 7538.684400148649}}, {"type": "Feature", "id": 18068, "geometry": {"type": "LineString", "coordinates": [[-87.9036589999999, 41.649864], [-87.7148799999999, 41.6499200000001]]}, "properties": {"FID": 18068, "TYPEPIPE": "Intrastate", "Operator": "Northern Illinois Gas Co", "Status": "Operating", "Shape_Leng": 0.188779008306, "Shape__Length": 21014.783808489945}}, {"type": "Feature", "id": 18070, "geometry": {"type": "LineString", "coordinates": [[-87.9036589999999, 41.649864], [-87.887616, 41.39552]]}, "properties": {"FID": 18070, "TYPEPIPE": "Intrastate", "Operator": "Northern Illinois Gas Co", "Status": "Operating", "Shape_Leng": 0.25484946181, "Shape__Length": 37859.37575555348}}, {"type": "Feature", "id": 18071, "geometry": {"type": "LineString", "coordinates": [[-87.906368, 41.6928], [-87.9036589999999, 41.649864]]}, "properties": {"FID": 18071, "TYPEPIPE": "Intrastate", "Operator": "Northern Illinois Gas Co", "Status": "Operating", "Shape_Leng": 0.0430213758148, "Shape__Length": 6405.763509435742}}, {"type": "Feature", "id": 18074, "geometry": {"type": "LineString", "coordinates": [[-87.9500159999999, 41.6928], [-87.906368, 41.6928]]}, "properties": {"FID": 18074, "TYPEPIPE": "Intrastate", "Operator": "Northern Illinois Gas Co", "Status": "Operating", "Shape_Leng": 0.043648, "Shape__Length": 4858.873134139925}}, {"type": "Feature", "id": 18076, "geometry": {"type": "LineString", "coordinates": [[-87.96928, 41.70912], [-87.9500159999999, 41.6928]]}, "properties": {"FID": 18076, "TYPEPIPE": "Intrastate", "Operator": "Northern Illinois Gas Co", "Status": "Operating", "Shape_Leng": 0.0252476552575, "Shape__Length": 3243.3676598430316}}, {"type": "Feature", "id": 18078, "geometry": {"type": "LineString", "coordinates": [[-87.8192, 41.8264320000001], [-87.817152, 41.8016000000001]]}, "properties": {"FID": 18078, "TYPEPIPE": "Intrastate", "Operator": "Northern Illinois Gas Co", "Status": "Operating", "Shape_Leng": 0.0249163104813, "Shape__Length": 3715.8929998151616}}, {"type": "Feature", "id": 18080, "geometry": {"type": "LineString", "coordinates": [[-87.8192, 41.8264320000001], [-87.8192, 41.846144]]}, "properties": {"FID": 18080, "TYPEPIPE": "Intrastate", "Operator": "Northern Illinois Gas Co", "Status": "Operating", "Shape_Leng": 0.019712, "Shape__Length": 2945.1968570249155}}, {"type": "Feature", "id": 18082, "geometry": {"type": "LineString", "coordinates": [[-87.9621759999999, 41.8264320000001], [-87.8192, 41.8264320000001]]}, "properties": {"FID": 18082, "TYPEPIPE": "Intrastate", "Operator": "Northern Illinois Gas Co", "Status": "Operating", "Shape_Leng": 0.142976, "Shape__Length": 15916.01551565528}}, {"type": "Feature", "id": 18084, "geometry": {"type": "LineString", "coordinates": [[-87.9560959999999, 41.8444160000001], [-87.953088, 41.789632]]}, "properties": {"FID": 18084, "TYPEPIPE": "Intrastate", "Operator": "Northern Illinois Gas Co", "Status": "Operating", "Shape_Leng": 0.0548665172943, "Shape__Length": 8189.738681672919}}, {"type": "Feature", "id": 18086, "geometry": {"type": "LineString", "coordinates": [[-87.745696, 41.436608], [-87.8340479999999, 41.314848]]}, "properties": {"FID": 18086, "TYPEPIPE": "Intrastate", "Operator": "Northern Illinois Gas Co", "Status": "Operating", "Shape_Leng": 0.150437939045, "Shape__Length": 20567.031718251157}}, {"type": "Feature", "id": 18088, "geometry": {"type": "LineString", "coordinates": [[-87.71232, 41.46832], [-87.745696, 41.436608]]}, "properties": {"FID": 18088, "TYPEPIPE": "Intrastate", "Operator": "Northern Illinois Gas Co", "Status": "Operating", "Shape_Leng": 0.0460392041634, "Shape__Length": 5999.01825126871}}, {"type": "Feature", "id": 18090, "geometry": {"type": "LineString", "coordinates": [[-87.6701439999999, 41.3790720000001], [-87.691712, 41.3790720000001]]}, "properties": {"FID": 18090, "TYPEPIPE": "Intrastate", "Operator": "Northern Illinois Gas Co", "Status": "Operating", "Shape_Leng": 0.021568, "Shape__Length": 2400.938777429983}}, {"type": "Feature", "id": 18092, "geometry": {"type": "LineString", "coordinates": [[-87.6701439999999, 41.44496], [-87.6701439999999, 41.3790720000001]]}, "properties": {"FID": 18092, "TYPEPIPE": "Intrastate", "Operator": "Northern Illinois Gas Co", "Status": "Operating", "Shape_Leng": 0.065888, "Shape__Length": 9779.85322925821}}, {"type": "Feature", "id": 18095, "geometry": {"type": "LineString", "coordinates": [[-87.71232, 41.46832], [-87.6701439999999, 41.44496]]}, "properties": {"FID": 18095, "TYPEPIPE": "Intrastate", "Operator": "Northern Illinois Gas Co", "Status": "Operating", "Shape_Leng": 0.0482131162237, "Shape__Length": 5838.000185732748}}, {"type": "Feature", "id": 18097, "geometry": {"type": "LineString", "coordinates": [[-87.7148799999999, 41.6499200000001], [-87.71232, 41.46832]]}, "properties": {"FID": 18097, "TYPEPIPE": "Intrastate", "Operator": "Northern Illinois Gas Co", "Status": "Operating", "Shape_Leng": 0.181618043157, "Shape__Length": 27017.951482800905}}, {"type": "Feature", "id": 18099, "geometry": {"type": "LineString", "coordinates": [[-87.975264, 41.34912], [-87.887616, 41.39552]]}, "properties": {"FID": 18099, "TYPEPIPE": "Intrastate", "Operator": "Northern Illinois Gas Co", "Status": "Operating", "Shape_Leng": 0.0991722335334, "Shape__Length": 11940.418890966515}}, {"type": "Feature", "id": 18101, "geometry": {"type": "LineString", "coordinates": [[-88.280512, 42.478592], [-88.280512, 42.494016]]}, "properties": {"FID": 18101, "TYPEPIPE": "Intrastate", "Operator": "Northern Illinois Gas Co", "Status": "Operating", "Shape_Leng": 0.015424, "Shape__Length": 2328.31771105621}}, {"type": "Feature", "id": 18103, "geometry": {"type": "LineString", "coordinates": [[-88.316224, 42.47776], [-88.280512, 42.478592]]}, "properties": {"FID": 18103, "TYPEPIPE": "Intrastate", "Operator": "Northern Illinois Gas Co", "Status": "Operating", "Shape_Leng": 0.0357216904415, "Shape__Length": 3977.4245541493297}}, {"type": "Feature", "id": 18106, "geometry": {"type": "LineString", "coordinates": [[-88.318272, 42.4494720000001], [-88.316224, 42.47776]]}, "properties": {"FID": 18106, "TYPEPIPE": "Intrastate", "Operator": "Northern Illinois Gas Co", "Status": "Operating", "Shape_Leng": 0.0283620388548, "Shape__Length": 4274.728705844125}}, {"type": "Feature", "id": 18108, "geometry": {"type": "LineString", "coordinates": [[-88.280512, 42.4494720000001], [-88.318272, 42.4494720000001]]}, "properties": {"FID": 18108, "TYPEPIPE": "Intrastate", "Operator": "Northern Illinois Gas Co", "Status": "Operating", "Shape_Leng": 0.03776, "Shape__Length": 4203.423972351477}}, {"type": "Feature", "id": 18110, "geometry": {"type": "LineString", "coordinates": [[-88.306048, 42.3775360000001], [-88.279488, 42.4108800000001]]}, "properties": {"FID": 18110, "TYPEPIPE": "Intrastate", "Operator": "Northern Illinois Gas Co", "Status": "Operating", "Shape_Leng": 0.0426292849577, "Shape__Length": 5831.181380758842}}, {"type": "Feature", "id": 18112, "geometry": {"type": "LineString", "coordinates": [[-88.293824, 42.364672], [-88.306048, 42.3775360000001]]}, "properties": {"FID": 18112, "TYPEPIPE": "Intrastate", "Operator": "Northern Illinois Gas Co", "Status": "Operating", "Shape_Leng": 0.0177456662879, "Shape__Length": 2368.277219754184}}, {"type": "Feature", "id": 18114, "geometry": {"type": "LineString", "coordinates": [[-88.297856, 42.3457920000001], [-88.293824, 42.364672]]}, "properties": {"FID": 18114, "TYPEPIPE": "Intrastate", "Operator": "Northern Illinois Gas Co", "Status": "Operating", "Shape_Leng": 0.0193057355208, "Shape__Length": 2879.263320674187}}, {"type": "Feature", "id": 18116, "geometry": {"type": "LineString", "coordinates": [[-88.292736, 42.284096], [-88.297856, 42.3457920000001]]}, "properties": {"FID": 18116, "TYPEPIPE": "Intrastate", "Operator": "Northern Illinois Gas Co", "Status": "Operating", "Shape_Leng": 0.0619080836079, "Shape__Length": 9305.34319272943}}, {"type": "Feature", "id": 18119, "geometry": {"type": "LineString", "coordinates": [[-88.348992, 42.269568], [-88.292736, 42.284096]]}, "properties": {"FID": 18119, "TYPEPIPE": "Intrastate", "Operator": "Northern Illinois Gas Co", "Status": "Operating", "Shape_Leng": 0.0581016378426, "Shape__Length": 6632.877143422847}}, {"type": "Feature", "id": 18121, "geometry": {"type": "LineString", "coordinates": [[-88.0524159999999, 41.9687040000001], [-87.96928, 41.933568]]}, "properties": {"FID": 18121, "TYPEPIPE": "Intrastate", "Operator": "Northern Illinois Gas Co", "Status": "Operating", "Shape_Leng": 0.0902559305087, "Shape__Length": 10644.599893506189}}, {"type": "Feature", "id": 18123, "geometry": {"type": "LineString", "coordinates": [[-88.111232, 41.973824], [-88.0524159999999, 41.9687040000001]]}, "properties": {"FID": 18123, "TYPEPIPE": "Intrastate", "Operator": "Northern Illinois Gas Co", "Status": "Operating", "Shape_Leng": 0.0590384303315, "Shape__Length": 6592.093765307595}}, {"type": "Feature", "id": 18125, "geometry": {"type": "LineString", "coordinates": [[-88.141632, 41.981504], [-88.111232, 41.973824]]}, "properties": {"FID": 18125, "TYPEPIPE": "Intrastate", "Operator": "Northern Illinois Gas Co", "Status": "Operating", "Shape_Leng": 0.0313551016582, "Shape__Length": 3574.1811436944713}}, {"type": "Feature", "id": 18127, "geometry": {"type": "LineString", "coordinates": [[-88.141632, 41.998656], [-88.141632, 41.981504]]}, "properties": {"FID": 18127, "TYPEPIPE": "Intrastate", "Operator": "Northern Illinois Gas Co", "Status": "Operating", "Shape_Leng": 0.017152, "Shape__Length": 2568.8860095907003}}, {"type": "Feature", "id": 18129, "geometry": {"type": "LineString", "coordinates": [[-88.2724479999999, 41.999488], [-88.141632, 41.998656]]}, "properties": {"FID": 18129, "TYPEPIPE": "Intrastate", "Operator": "Northern Illinois Gas Co", "Status": "Operating", "Shape_Leng": 0.130818645766, "Shape__Length": 14562.903792730862}}, {"type": "Feature", "id": 18131, "geometry": {"type": "LineString", "coordinates": [[-88.292736, 42.041472], [-88.3342719999999, 41.9780480000001]]}, "properties": {"FID": 18131, "TYPEPIPE": "Intrastate", "Operator": "Northern Illinois Gas Co", "Status": "Operating", "Shape_Leng": 0.0758145307444, "Shape__Length": 10567.330880368874}}, {"type": "Feature", "id": 18133, "geometry": {"type": "LineString", "coordinates": [[-88.292736, 42.041472], [-88.303872, 42.0638720000001]]}, "properties": {"FID": 18133, "TYPEPIPE": "Intrastate", "Operator": "Northern Illinois Gas Co", "Status": "Operating", "Shape_Leng": 0.0250154051736, "Shape__Length": 3579.692571090313}}, {"type": "Feature", "id": 18135, "geometry": {"type": "LineString", "coordinates": [[-88.2724479999999, 41.999488], [-88.292736, 42.041472]]}, "properties": {"FID": 18135, "TYPEPIPE": "Intrastate", "Operator": "Northern Illinois Gas Co", "Status": "Operating", "Shape_Leng": 0.0466289523794, "Shape__Length": 6684.129879794139}}, {"type": "Feature", "id": 18137, "geometry": {"type": "LineString", "coordinates": [[-88.271424, 41.93696], [-88.2724479999999, 41.999488]]}, "properties": {"FID": 18137, "TYPEPIPE": "Intrastate", "Operator": "Northern Illinois Gas Co", "Status": "Operating", "Shape_Leng": 0.0625363842895, "Shape__Length": 9362.412910776926}}, {"type": "Feature", "id": 18139, "geometry": {"type": "LineString", "coordinates": [[-88.013952, 42.034752], [-87.937664, 42.034752]]}, "properties": {"FID": 18139, "TYPEPIPE": "Intrastate", "Operator": "Northern Illinois Gas Co", "Status": "Operating", "Shape_Leng": 0.076288, "Shape__Length": 8492.341313634068}}, {"type": "Feature", "id": 18141, "geometry": {"type": "LineString", "coordinates": [[-88.105536, 42.0630400000001], [-88.013952, 42.034752]]}, "properties": {"FID": 18141, "TYPEPIPE": "Intrastate", "Operator": "Northern Illinois Gas Co", "Status": "Operating", "Shape_Leng": 0.0958532211248, "Shape__Length": 11041.874197672638}}, {"type": "Feature", "id": 18143, "geometry": {"type": "LineString", "coordinates": [[-88.184832, 42.0638720000001], [-88.105536, 42.0630400000001]]}, "properties": {"FID": 18143, "TYPEPIPE": "Intrastate", "Operator": "Northern Illinois Gas Co", "Status": "Operating", "Shape_Leng": 0.0793003646902, "Shape__Length": 8828.071867929779}}, {"type": "Feature", "id": 18145, "geometry": {"type": "LineString", "coordinates": [[-88.303872, 42.0638720000001], [-88.184832, 42.0638720000001]]}, "properties": {"FID": 18145, "TYPEPIPE": "Intrastate", "Operator": "Northern Illinois Gas Co", "Status": "Operating", "Shape_Leng": 0.11904, "Shape__Length": 13251.47218403034}}, {"type": "Feature", "id": 18147, "geometry": {"type": "LineString", "coordinates": [[-88.304896, 42.084416], [-88.303872, 42.0638720000001]]}, "properties": {"FID": 18147, "TYPEPIPE": "Intrastate", "Operator": "Northern Illinois Gas Co", "Status": "Operating", "Shape_Leng": 0.0205695044179, "Shape__Length": 3083.092089775743}}, {"type": "Feature", "id": 18149, "geometry": {"type": "LineString", "coordinates": [[-88.290688, 42.1452800000001], [-88.304896, 42.084416]]}, "properties": {"FID": 18149, "TYPEPIPE": "Intrastate", "Operator": "Northern Illinois Gas Co", "Status": "Operating", "Shape_Leng": 0.0625003500791, "Shape__Length": 9269.566102046436}}, {"type": "Feature", "id": 18151, "geometry": {"type": "LineString", "coordinates": [[-88.2712959999999, 42.148672], [-88.290688, 42.1452800000001]]}, "properties": {"FID": 18151, "TYPEPIPE": "Intrastate", "Operator": "Northern Illinois Gas Co", "Status": "Operating", "Shape_Leng": 0.0196864249675, "Shape__Length": 2217.9692649977183}}, {"type": "Feature", "id": 18153, "geometry": {"type": "LineString", "coordinates": [[-88.2559359999999, 42.1624320000001], [-88.2712959999999, 42.148672]]}, "properties": {"FID": 18153, "TYPEPIPE": "Intrastate", "Operator": "Northern Illinois Gas Co", "Status": "Operating", "Shape_Leng": 0.0206220076617, "Shape__Length": 2681.9756583515573}}, {"type": "Feature", "id": 18155, "geometry": {"type": "LineString", "coordinates": [[-88.2559359999999, 42.1624320000001], [-88.2784, 42.1693440000001]]}, "properties": {"FID": 18155, "TYPEPIPE": "Intrastate", "Operator": "Northern Illinois Gas Co", "Status": "Operating", "Shape_Leng": 0.0235033410391, "Shape__Length": 2707.590481196701}}, {"type": "Feature", "id": 18157, "geometry": {"type": "LineString", "coordinates": [[-88.2559359999999, 42.1624320000001], [-88.2191359999999, 42.163328]]}, "properties": {"FID": 18157, "TYPEPIPE": "Intrastate", "Operator": "Northern Illinois Gas Co", "Status": "Operating", "Shape_Leng": 0.03681090621, "Shape__Length": 4098.766664814134}}, {"type": "Feature", "id": 18161, "geometry": {"type": "LineString", "coordinates": [[-88.2569599999999, 42.202752], [-88.2559359999999, 42.1624320000001]]}, "properties": {"FID": 18161, "TYPEPIPE": "Intrastate", "Operator": "Northern Illinois Gas Co", "Status": "Operating", "Shape_Leng": 0.0403330010785, "Shape__Length": 6058.224646716157}}, {"type": "Feature", "id": 18162, "geometry": {"type": "LineString", "coordinates": [[-88.237568, 42.202752], [-88.20384, 42.202752]]}, "properties": {"FID": 18162, "TYPEPIPE": "Intrastate", "Operator": "Northern Illinois Gas Co", "Status": "Operating", "Shape_Leng": 0.033728, "Shape__Length": 3754.5837854743004}}, {"type": "Feature", "id": 18165, "geometry": {"type": "LineString", "coordinates": [[-88.237568, 42.212992], [-88.216128, 42.212992]]}, "properties": {"FID": 18165, "TYPEPIPE": "Intrastate", "Operator": "Northern Illinois Gas Co", "Status": "Operating", "Shape_Leng": 0.02144, "Shape__Length": 2386.689882606268}}, {"type": "Feature", "id": 18167, "geometry": {"type": "LineString", "coordinates": [[-88.237568, 42.202752], [-88.237568, 42.212992]]}, "properties": {"FID": 18167, "TYPEPIPE": "Intrastate", "Operator": "Northern Illinois Gas Co", "Status": "Operating", "Shape_Leng": 0.01024, "Shape__Length": 1538.9397336421534}}, {"type": "Feature", "id": 18169, "geometry": {"type": "LineString", "coordinates": [[-88.2569599999999, 42.202752], [-88.237568, 42.202752]]}, "properties": {"FID": 18169, "TYPEPIPE": "Intrastate", "Operator": "Northern Illinois Gas Co", "Status": "Operating", "Shape_Leng": 0.019392, "Shape__Length": 2158.707565460354}}, {"type": "Feature", "id": 18171, "geometry": {"type": "LineString", "coordinates": [[-88.303936, 42.2395520000001], [-88.2569599999999, 42.202752]]}, "properties": {"FID": 18171, "TYPEPIPE": "Intrastate", "Operator": "Northern Illinois Gas Co", "Status": "Operating", "Shape_Leng": 0.059673985756, "Shape__Length": 7612.230744585179}}, {"type": "Feature", "id": 18173, "geometry": {"type": "LineString", "coordinates": [[-88.334592, 42.2387200000001], [-88.303936, 42.2395520000001]]}, "properties": {"FID": 18173, "TYPEPIPE": "Intrastate", "Operator": "Northern Illinois Gas Co", "Status": "Operating", "Shape_Leng": 0.0306672881097, "Shape__Length": 3414.902536348363}}, {"type": "Feature", "id": 18175, "geometry": {"type": "LineString", "coordinates": [[-88.113984, 42.340608], [-88.074112, 42.366336]]}, "properties": {"FID": 18175, "TYPEPIPE": "Intrastate", "Operator": "Northern Illinois Gas Co", "Status": "Operating", "Shape_Leng": 0.0474521481916, "Shape__Length": 5892.393159923888}}, {"type": "Feature", "id": 18177, "geometry": {"type": "LineString", "coordinates": [[-88.1139919999999, 42.313223], [-88.113984, 42.340608]]}, "properties": {"FID": 18177, "TYPEPIPE": "Intrastate", "Operator": "Northern Illinois Gas Co", "Status": "Operating", "Shape_Leng": 0.0273850011685, "Shape__Length": 4123.391242301402}}, {"type": "Feature", "id": 18180, "geometry": {"type": "LineString", "coordinates": [[-88.0812799999999, 42.1658880000001], [-87.8739199999999, 42.0288]]}, "properties": {"FID": 18180, "TYPEPIPE": "Intrastate", "Operator": "Northern Illinois Gas Co", "Status": "Operating", "Shape_Leng": 0.248578537577, "Shape__Length": 30916.347023769784}}, {"type": "Feature", "id": 18182, "geometry": {"type": "LineString", "coordinates": [[-88.0812799999999, 42.223296], [-88.0812799999999, 42.1658880000001]]}, "properties": {"FID": 18182, "TYPEPIPE": "Intrastate", "Operator": "Northern Illinois Gas Co", "Status": "Operating", "Shape_Leng": 0.057408, "Shape__Length": 8625.868680712767}}, {"type": "Feature", "id": 18184, "geometry": {"type": "LineString", "coordinates": [[-88.115008, 42.2464], [-88.0812799999999, 42.223296]]}, "properties": {"FID": 18184, "TYPEPIPE": "Intrastate", "Operator": "Northern Illinois Gas Co", "Status": "Operating", "Shape_Leng": 0.0408824265425, "Shape__Length": 5115.037280965991}}, {"type": "Feature", "id": 18186, "geometry": {"type": "LineString", "coordinates": [[-88.115008, 42.293504], [-88.115008, 42.2464]]}, "properties": {"FID": 18186, "TYPEPIPE": "Intrastate", "Operator": "Northern Illinois Gas Co", "Status": "Operating", "Shape_Leng": 0.047104, "Shape__Length": 7086.091147229075}}, {"type": "Feature", "id": 18188, "geometry": {"type": "LineString", "coordinates": [[-88.1524479999999, 42.293504], [-88.115008, 42.293504]]}, "properties": {"FID": 18188, "TYPEPIPE": "Intrastate", "Operator": "Northern Illinois Gas Co", "Status": "Operating", "Shape_Leng": 0.0374399999999, "Shape__Length": 4167.80173529312}}, {"type": "Feature", "id": 18190, "geometry": {"type": "LineString", "coordinates": [[-88.2800339999999, 42.431473], [-88.228416, 42.431488]]}, "properties": {"FID": 18190, "TYPEPIPE": "Intrastate", "Operator": "Northern Illinois Gas Co", "Status": "Operating", "Shape_Leng": 0.0516180021794, "Shape__Length": 5746.089921122814}}, {"type": "Feature", "id": 18192, "geometry": {"type": "LineString", "coordinates": [[-88.2800339999999, 42.431473], [-88.280512, 42.4494720000001]]}, "properties": {"FID": 18192, "TYPEPIPE": "Intrastate", "Operator": "Northern Illinois Gas Co", "Status": "Operating", "Shape_Leng": 0.0180053460117, "Shape__Length": 2715.5579295042785}}, {"type": "Feature", "id": 18194, "geometry": {"type": "LineString", "coordinates": [[-88.279488, 42.4108800000001], [-88.2800339999999, 42.431473]]}, "properties": {"FID": 18194, "TYPEPIPE": "Intrastate", "Operator": "Northern Illinois Gas Co", "Status": "Operating", "Shape_Leng": 0.0206002370132, "Shape__Length": 3105.963852107424}}, {"type": "Feature", "id": 18196, "geometry": {"type": "LineString", "coordinates": [[-88.228416, 42.4108800000001], [-88.228416, 42.431488]]}, "properties": {"FID": 18196, "TYPEPIPE": "Intrastate", "Operator": "Northern Illinois Gas Co", "Status": "Operating", "Shape_Leng": 0.020608, "Shape__Length": 3107.6314220428467}}, {"type": "Feature", "id": 18198, "geometry": {"type": "LineString", "coordinates": [[-88.279488, 42.4108800000001], [-88.228416, 42.4108800000001]]}, "properties": {"FID": 18198, "TYPEPIPE": "Intrastate", "Operator": "Northern Illinois Gas Co", "Status": "Operating", "Shape_Leng": 0.051072, "Shape__Length": 5685.309033792466}}, {"type": "Feature", "id": 18200, "geometry": {"type": "LineString", "coordinates": [[-88.274368, 42.284096], [-88.274368, 42.358656]]}, "properties": {"FID": 18200, "TYPEPIPE": "Intrastate", "Operator": "Northern Illinois Gas Co", "Status": "Operating", "Shape_Leng": 0.07456, "Shape__Length": 11225.598875128664}}, {"type": "Feature", "id": 18202, "geometry": {"type": "LineString", "coordinates": [[-88.292736, 42.284096], [-88.274368, 42.284096]]}, "properties": {"FID": 18202, "TYPEPIPE": "Intrastate", "Operator": "Northern Illinois Gas Co", "Status": "Operating", "Shape_Leng": 0.018368, "Shape__Length": 2044.716406892985}}, {"type": "Feature", "id": 18204, "geometry": {"type": "LineString", "coordinates": [[-87.92768, 41.94464], [-87.937664, 41.9439360000001]]}, "properties": {"FID": 18204, "TYPEPIPE": "Intrastate", "Operator": "Northern Illinois Gas Co", "Status": "Operating", "Shape_Leng": 0.0100087897371, "Shape__Length": 1116.3969329259098}}, {"type": "Feature", "id": 18206, "geometry": {"type": "LineString", "coordinates": [[-87.961152, 41.942976], [-87.937664, 41.9439360000001]]}, "properties": {"FID": 18206, "TYPEPIPE": "Intrastate", "Operator": "Northern Illinois Gas Co", "Status": "Operating", "Shape_Leng": 0.0235076103422, "Shape__Length": 2618.616701996054}}, {"type": "Feature", "id": 18208, "geometry": {"type": "LineString", "coordinates": [[-87.937664, 42.034752], [-87.937664, 41.9439360000001]]}, "properties": {"FID": 18208, "TYPEPIPE": "Intrastate", "Operator": "Northern Illinois Gas Co", "Status": "Operating", "Shape_Leng": 0.090816, "Shape__Length": 13601.52263202332}}, {"type": "Feature", "id": 18210, "geometry": {"type": "LineString", "coordinates": [[-88.074112, 42.366336], [-87.838208, 42.366336]]}, "properties": {"FID": 18210, "TYPEPIPE": "Intrastate", "Operator": "Northern Illinois Gas Co", "Status": "Operating", "Shape_Leng": 0.235904, "Shape__Length": 26260.713156096637}}, {"type": "Feature", "id": 18212, "geometry": {"type": "LineString", "coordinates": [[-87.780928, 42.020224], [-87.7023359999999, 42.0211200000001]]}, "properties": {"FID": 18212, "TYPEPIPE": "Intrastate", "Operator": "Northern Illinois Gas Co", "Status": "Operating", "Shape_Leng": 0.0785971073259, "Shape__Length": 8749.85154247766}}, {"type": "Feature", "id": 18213, "geometry": {"type": "LineString", "coordinates": [[-87.800384, 42.0288], [-87.780928, 42.020224]]}, "properties": {"FID": 18213, "TYPEPIPE": "Intrastate", "Operator": "Northern Illinois Gas Co", "Status": "Operating", "Shape_Leng": 0.021262260275, "Shape__Length": 2518.4139742144707}}, {"type": "Feature", "id": 18215, "geometry": {"type": "LineString", "coordinates": [[-87.8739199999999, 42.0288], [-87.800384, 42.0288]]}, "properties": {"FID": 18215, "TYPEPIPE": "Intrastate", "Operator": "Northern Illinois Gas Co", "Status": "Operating", "Shape_Leng": 0.073536, "Shape__Length": 8185.990074973553}}, {"type": "Feature", "id": 18217, "geometry": {"type": "LineString", "coordinates": [[-88.979136, 41.9261440000001], [-88.8352, 41.8833280000001]]}, "properties": {"FID": 18217, "TYPEPIPE": "Intrastate", "Operator": "Northern Illinois Gas Co", "Status": "Operating", "Shape_Leng": 0.15016917777, "Shape__Length": 17255.278170640617}}, {"type": "Feature", "id": 18219, "geometry": {"type": "LineString", "coordinates": [[-89.102784, 41.919296], [-88.979136, 41.9261440000001]]}, "properties": {"FID": 18219, "TYPEPIPE": "Intrastate", "Operator": "Northern Illinois Gas Co", "Status": "Operating", "Shape_Leng": 0.123837486279, "Shape__Length": 13802.510996683342}}, {"type": "Feature", "id": 18221, "geometry": {"type": "LineString", "coordinates": [[-89.037952, 41.895296], [-89.023744, 41.849024]]}, "properties": {"FID": 18221, "TYPEPIPE": "Intrastate", "Operator": "Northern Illinois Gas Co", "Status": "Operating", "Shape_Leng": 0.0484041862652, "Shape__Length": 7095.952717220414}}, {"type": "Feature", "id": 18224, "geometry": {"type": "LineString", "coordinates": [[-89.102784, 41.919296], [-89.037952, 41.895296]]}, "properties": {"FID": 18224, "TYPEPIPE": "Intrastate", "Operator": "Northern Illinois Gas Co", "Status": "Operating", "Shape_Leng": 0.0691316730884, "Shape__Length": 8060.5902147193865}}, {"type": "Feature", "id": 18226, "geometry": {"type": "LineString", "coordinates": [[-88.9414399999999, 41.7674240000001], [-88.9414399999999, 41.796544]]}, "properties": {"FID": 18226, "TYPEPIPE": "Intrastate", "Operator": "Northern Illinois Gas Co", "Status": "Operating", "Shape_Leng": 0.02912, "Shape__Length": 4347.172448959202}}, {"type": "Feature", "id": 18228, "geometry": {"type": "LineString", "coordinates": [[-88.886656, 41.7674240000001], [-88.9414399999999, 41.7674240000001]]}, "properties": {"FID": 18228, "TYPEPIPE": "Intrastate", "Operator": "Northern Illinois Gas Co", "Status": "Operating", "Shape_Leng": 0.054784, "Shape__Length": 6098.526983616874}}, {"type": "Feature", "id": 18230, "geometry": {"type": "LineString", "coordinates": [[-88.818688, 41.7674240000001], [-88.886656, 41.7674240000001]]}, "properties": {"FID": 18230, "TYPEPIPE": "Intrastate", "Operator": "Northern Illinois Gas Co", "Status": "Operating", "Shape_Leng": 0.067968, "Shape__Length": 7566.163150237873}}, {"type": "Feature", "id": 18232, "geometry": {"type": "LineString", "coordinates": [[-88.994944, 41.6926720000001], [-89.110912, 41.7012480000001]]}, "properties": {"FID": 18232, "TYPEPIPE": "Intrastate", "Operator": "Northern Illinois Gas Co", "Status": "Operating", "Shape_Leng": 0.116284671389, "Shape__Length": 12972.659857876266}}, {"type": "Feature", "id": 18234, "geometry": {"type": "LineString", "coordinates": [[-88.940544, 41.583872], [-88.994944, 41.6926720000001]]}, "properties": {"FID": 18234, "TYPEPIPE": "Intrastate", "Operator": "Northern Illinois Gas Co", "Status": "Operating", "Shape_Leng": 0.121642097976, "Shape__Length": 17300.41260840464}}, {"type": "Feature", "id": 18237, "geometry": {"type": "LineString", "coordinates": [[-89.112896, 41.4014080000001], [-88.935424, 41.400512]]}, "properties": {"FID": 18237, "TYPEPIPE": "Intrastate", "Operator": "Northern Illinois Gas Co", "Status": "Operating", "Shape_Leng": 0.177474261796, "Shape__Length": 19756.540160910885}}, {"type": "Feature", "id": 18239, "geometry": {"type": "LineString", "coordinates": [[-89.001632, 41.510749], [-89.00096, 41.493888]]}, "properties": {"FID": 18239, "TYPEPIPE": "Intrastate", "Operator": "Northern Illinois Gas Co", "Status": "Operating", "Shape_Leng": 0.0168743860629, "Shape__Length": 2507.305947725371}}, {"type": "Feature", "id": 18241, "geometry": {"type": "LineString", "coordinates": [[-89.001632, 41.510749], [-89.112896, 41.4759040000001]]}, "properties": {"FID": 18241, "TYPEPIPE": "Intrastate", "Operator": "Northern Illinois Gas Co", "Status": "Operating", "Shape_Leng": 0.116592674388, "Shape__Length": 13424.866132220994}}, {"type": "Feature", "id": 18243, "geometry": {"type": "LineString", "coordinates": [[-88.902208, 41.541888], [-89.001632, 41.510749]]}, "properties": {"FID": 18243, "TYPEPIPE": "Intrastate", "Operator": "Northern Illinois Gas Co", "Status": "Operating", "Shape_Leng": 0.104186223163, "Shape__Length": 11997.301917042503}}, {"type": "Feature", "id": 18245, "geometry": {"type": "LineString", "coordinates": [[-89.112896, 41.558144], [-89.0524159999999, 41.5221760000001]]}, "properties": {"FID": 18245, "TYPEPIPE": "Intrastate", "Operator": "Northern Illinois Gas Co", "Status": "Operating", "Shape_Leng": 0.0703670904898, "Shape__Length": 8599.038828054434}}, {"type": "Feature", "id": 18248, "geometry": {"type": "LineString", "coordinates": [[-88.820544, 41.605312], [-88.902208, 41.541888]]}, "properties": {"FID": 18248, "TYPEPIPE": "Intrastate", "Operator": "Northern Illinois Gas Co", "Status": "Operating", "Shape_Leng": 0.1034002547, "Shape__Length": 13103.870353992948}}, {"type": "Feature", "id": 18250, "geometry": {"type": "LineString", "coordinates": [[-88.6506879999999, 41.855872], [-88.5767039999999, 41.855872]]}, "properties": {"FID": 18250, "TYPEPIPE": "Intrastate", "Operator": "Northern Illinois Gas Co", "Status": "Operating", "Shape_Leng": 0.073984, "Shape__Length": 8235.861206848174}}, {"type": "Feature", "id": 18252, "geometry": {"type": "LineString", "coordinates": [[-88.652736, 41.867008], [-88.6506879999999, 41.855872]]}, "properties": {"FID": 18252, "TYPEPIPE": "Intrastate", "Operator": "Northern Illinois Gas Co", "Status": "Operating", "Shape_Leng": 0.0113227558483, "Shape__Length": 1680.0398075684966}}, {"type": "Feature", "id": 18254, "geometry": {"type": "LineString", "coordinates": [[-88.652736, 41.867008], [-88.616256, 41.867008]]}, "properties": {"FID": 18254, "TYPEPIPE": "Intrastate", "Operator": "Northern Illinois Gas Co", "Status": "Operating", "Shape_Leng": 0.03648, "Shape__Length": 4060.93502413854}}, {"type": "Feature", "id": 18256, "geometry": {"type": "LineString", "coordinates": [[-88.6608639999999, 41.887616], [-88.652736, 41.867008]]}, "properties": {"FID": 18256, "TYPEPIPE": "Intrastate", "Operator": "Northern Illinois Gas Co", "Status": "Operating", "Shape_Leng": 0.0221529692818, "Shape__Length": 3211.154177738751}}, {"type": "Feature", "id": 18258, "geometry": {"type": "LineString", "coordinates": [[-88.691409, 41.882645], [-88.6608639999999, 41.887616]]}, "properties": {"FID": 18258, "TYPEPIPE": "Intrastate", "Operator": "Northern Illinois Gas Co", "Status": "Operating", "Shape_Leng": 0.0309468555107, "Shape__Length": 3480.547133345727}}, {"type": "Feature", "id": 18260, "geometry": {"type": "LineString", "coordinates": [[-88.691409, 41.882645], [-88.710528, 41.8696320000001]]}, "properties": {"FID": 18260, "TYPEPIPE": "Intrastate", "Operator": "Northern Illinois Gas Co", "Status": "Operating", "Shape_Leng": 0.0231273502589, "Shape__Length": 2883.524335165575}}, {"type": "Feature", "id": 18262, "geometry": {"type": "LineString", "coordinates": [[-88.674048, 41.894464], [-88.691409, 41.882645]]}, "properties": {"FID": 18262, "TYPEPIPE": "Intrastate", "Operator": "Northern Illinois Gas Co", "Status": "Operating", "Shape_Leng": 0.0210022161212, "Shape__Length": 2618.8721020923535}}, {"type": "Feature", "id": 18264, "geometry": {"type": "LineString", "coordinates": [[-88.660222, 41.916929], [-88.6608639999999, 41.887616]]}, "properties": {"FID": 18264, "TYPEPIPE": "Intrastate", "Operator": "Northern Illinois Gas Co", "Status": "Operating", "Shape_Leng": 0.0293200295532, "Shape__Length": 4384.800963728721}}, {"type": "Feature", "id": 18266, "geometry": {"type": "LineString", "coordinates": [[-88.660222, 41.916929], [-88.6547199999999, 41.927872]]}, "properties": {"FID": 18266, "TYPEPIPE": "Intrastate", "Operator": "Northern Illinois Gas Co", "Status": "Operating", "Shape_Leng": 0.0122483163333, "Shape__Length": 1748.0271510034866}}, {"type": "Feature", "id": 18268, "geometry": {"type": "LineString", "coordinates": [[-88.66592, 41.9056], [-88.660222, 41.916929]]}, "properties": {"FID": 18268, "TYPEPIPE": "Intrastate", "Operator": "Northern Illinois Gas Co", "Status": "Operating", "Shape_Leng": 0.0126812241128, "Shape__Length": 1809.4846124662831}}, {"type": "Feature", "id": 18271, "geometry": {"type": "LineString", "coordinates": [[-88.6547199999999, 41.927872], [-88.652736, 41.9158400000001]]}, "properties": {"FID": 18271, "TYPEPIPE": "Intrastate", "Operator": "Northern Illinois Gas Co", "Status": "Operating", "Shape_Leng": 0.0121944774386, "Shape__Length": 1813.6242576897284}}, {"type": "Feature", "id": 18273, "geometry": {"type": "LineString", "coordinates": [[-88.632448, 41.927872], [-88.632448, 41.9184000000001]]}, "properties": {"FID": 18273, "TYPEPIPE": "Intrastate", "Operator": "Northern Illinois Gas Co", "Status": "Operating", "Shape_Leng": 0.00947199999996, "Shape__Length": 1417.1491418918595}}, {"type": "Feature", "id": 18275, "geometry": {"type": "LineString", "coordinates": [[-88.6547199999999, 41.927872], [-88.632448, 41.927872]]}, "properties": {"FID": 18275, "TYPEPIPE": "Intrastate", "Operator": "Northern Illinois Gas Co", "Status": "Operating", "Shape_Leng": 0.022272, "Shape__Length": 2479.307698946446}}, {"type": "Feature", "id": 18277, "geometry": {"type": "LineString", "coordinates": [[-88.66592, 41.9056], [-88.69248, 41.910016]]}, "properties": {"FID": 18277, "TYPEPIPE": "Intrastate", "Operator": "Northern Illinois Gas Co", "Status": "Operating", "Shape_Leng": 0.0269246106007, "Shape__Length": 3029.53226628761}}, {"type": "Feature", "id": 18280, "geometry": {"type": "LineString", "coordinates": [[-88.674048, 41.894464], [-88.66592, 41.9056]]}, "properties": {"FID": 18280, "TYPEPIPE": "Intrastate", "Operator": "Northern Illinois Gas Co", "Status": "Operating", "Shape_Leng": 0.0137867646676, "Shape__Length": 1895.4097460568316}}, {"type": "Feature", "id": 18282, "geometry": {"type": "LineString", "coordinates": [[-88.711552, 41.849856], [-88.710528, 41.8618880000001]]}, "properties": {"FID": 18282, "TYPEPIPE": "Intrastate", "Operator": "Northern Illinois Gas Co", "Status": "Operating", "Shape_Leng": 0.0120754958491, "Shape__Length": 1801.8772153060686}}, {"type": "Feature", "id": 18284, "geometry": {"type": "LineString", "coordinates": [[-88.777408, 41.849856], [-88.711552, 41.849856]]}, "properties": {"FID": 18284, "TYPEPIPE": "Intrastate", "Operator": "Northern Illinois Gas Co", "Status": "Operating", "Shape_Leng": 0.065856, "Shape__Length": 7331.056385682896}}, {"type": "Feature", "id": 18286, "geometry": {"type": "LineString", "coordinates": [[-88.7804159999999, 41.863616], [-88.777408, 41.849856]]}, "properties": {"FID": 18286, "TYPEPIPE": "Intrastate", "Operator": "Northern Illinois Gas Co", "Status": "Operating", "Shape_Leng": 0.0140849445863, "Shape__Length": 2083.6393612429765}}, {"type": "Feature", "id": 18288, "geometry": {"type": "LineString", "coordinates": [[-88.710528, 41.8618880000001], [-88.7804159999999, 41.863616]]}, "properties": {"FID": 18288, "TYPEPIPE": "Intrastate", "Operator": "Northern Illinois Gas Co", "Status": "Operating", "Shape_Leng": 0.0699093593734, "Shape__Length": 7784.182952137085}}, {"type": "Feature", "id": 18290, "geometry": {"type": "LineString", "coordinates": [[-88.710528, 41.8696320000001], [-88.710528, 41.8618880000001]]}, "properties": {"FID": 18290, "TYPEPIPE": "Intrastate", "Operator": "Northern Illinois Gas Co", "Status": "Operating", "Shape_Leng": 0.007744, "Shape__Length": 1157.574824348092}}, {"type": "Feature", "id": 18292, "geometry": {"type": "LineString", "coordinates": [[-88.7804159999999, 41.894464], [-88.674048, 41.894464]]}, "properties": {"FID": 18292, "TYPEPIPE": "Intrastate", "Operator": "Northern Illinois Gas Co", "Status": "Operating", "Shape_Leng": 0.106368, "Shape__Length": 11840.83159669675}}, {"type": "Feature", "id": 18294, "geometry": {"type": "LineString", "coordinates": [[-88.7804159999999, 41.863616], [-88.7804159999999, 41.894464]]}, "properties": {"FID": 18294, "TYPEPIPE": "Intrastate", "Operator": "Northern Illinois Gas Co", "Status": "Operating", "Shape_Leng": 0.030848, "Shape__Length": 4612.124092691578}}, {"type": "Feature", "id": 18296, "geometry": {"type": "LineString", "coordinates": [[-88.8352, 41.8833280000001], [-88.7804159999999, 41.863616]]}, "properties": {"FID": 18296, "TYPEPIPE": "Intrastate", "Operator": "Northern Illinois Gas Co", "Status": "Operating", "Shape_Leng": 0.0582224149276, "Shape__Length": 6773.205128663219}}, {"type": "Feature", "id": 18298, "geometry": {"type": "LineString", "coordinates": [[-88.483776, 41.859072], [-88.5010559999999, 41.859072]]}, "properties": {"FID": 18298, "TYPEPIPE": "Intrastate", "Operator": "Northern Illinois Gas Co", "Status": "Operating", "Shape_Leng": 0.01728, "Shape__Length": 1923.6008009053767}}, {"type": "Feature", "id": 18300, "geometry": {"type": "LineString", "coordinates": [[-88.4848, 41.8410880000001], [-88.483776, 41.859072]]}, "properties": {"FID": 18300, "TYPEPIPE": "Intrastate", "Operator": "Northern Illinois Gas Co", "Status": "Operating", "Shape_Leng": 0.0180131294338, "Shape__Length": 2690.0095774608344}}, {"type": "Feature", "id": 18302, "geometry": {"type": "LineString", "coordinates": [[-88.465536, 41.9353600000001], [-88.489856, 41.9353600000001]]}, "properties": {"FID": 18302, "TYPEPIPE": "Intrastate", "Operator": "Northern Illinois Gas Co", "Status": "Operating", "Shape_Leng": 0.02432, "Shape__Length": 2707.29001609236}}, {"type": "Feature", "id": 18304, "geometry": {"type": "LineString", "coordinates": [[-88.456384, 41.9259520000001], [-88.41984, 41.9199360000001]]}, "properties": {"FID": 18304, "TYPEPIPE": "Intrastate", "Operator": "Northern Illinois Gas Co", "Status": "Operating", "Shape_Leng": 0.0370358770923, "Shape__Length": 4166.443228130507}}, {"type": "Feature", "id": 18306, "geometry": {"type": "LineString", "coordinates": [[-88.465536, 41.9353600000001], [-88.456384, 41.9259520000001]]}, "properties": {"FID": 18306, "TYPEPIPE": "Intrastate", "Operator": "Northern Illinois Gas Co", "Status": "Operating", "Shape_Leng": 0.0131251502087, "Shape__Length": 1737.7216153988172}}, {"type": "Feature", "id": 18308, "geometry": {"type": "LineString", "coordinates": [[-88.410688, 41.9353600000001], [-88.417792, 41.942208]]}, "properties": {"FID": 18308, "TYPEPIPE": "Intrastate", "Operator": "Northern Illinois Gas Co", "Status": "Operating", "Shape_Leng": 0.00986721439922, "Shape__Length": 1294.4596058173302}}, {"type": "Feature", "id": 18310, "geometry": {"type": "LineString", "coordinates": [[-88.410688, 41.9353600000001], [-88.465536, 41.9353600000001]]}, "properties": {"FID": 18310, "TYPEPIPE": "Intrastate", "Operator": "Northern Illinois Gas Co", "Status": "Operating", "Shape_Leng": 0.054848, "Shape__Length": 6105.651431033388}}, {"type": "Feature", "id": 18312, "geometry": {"type": "LineString", "coordinates": [[-88.777408, 41.849856], [-88.778432, 41.8378880000001]]}, "properties": {"FID": 18312, "TYPEPIPE": "Intrastate", "Operator": "Northern Illinois Gas Co", "Status": "Operating", "Shape_Leng": 0.0120117276026, "Shape__Length": 1791.996392565095}}, {"type": "Feature", "id": 18314, "geometry": {"type": "LineString", "coordinates": [[-88.711552, 41.849856], [-88.710528, 41.830208]]}, "properties": {"FID": 18314, "TYPEPIPE": "Intrastate", "Operator": "Northern Illinois Gas Co", "Status": "Operating", "Shape_Leng": 0.0196746659438, "Shape__Length": 2938.0184642149015}}, {"type": "Feature", "id": 18316, "geometry": {"type": "LineString", "coordinates": [[-88.4752, 41.6568320000001], [-88.39616, 41.6722560000001]]}, "properties": {"FID": 18316, "TYPEPIPE": "Intrastate", "Operator": "Northern Illinois Gas Co", "Status": "Operating", "Shape_Leng": 0.080530872192, "Shape__Length": 9093.924668720783}}, {"type": "Feature", "id": 18318, "geometry": {"type": "LineString", "coordinates": [[-88.4752, 41.6568320000001], [-88.4752, 41.638848]]}, "properties": {"FID": 18318, "TYPEPIPE": "Intrastate", "Operator": "Northern Illinois Gas Co", "Status": "Operating", "Shape_Leng": 0.017984, "Shape__Length": 2679.1398148378357}}, {"type": "Feature", "id": 18320, "geometry": {"type": "LineString", "coordinates": [[-88.5543039999999, 41.6576640000001], [-88.4752, 41.6568320000001]]}, "properties": {"FID": 18320, "TYPEPIPE": "Intrastate", "Operator": "Northern Illinois Gas Co", "Status": "Operating", "Shape_Leng": 0.0791083752835, "Shape__Length": 8806.68950989673}}, {"type": "Feature", "id": 18322, "geometry": {"type": "LineString", "coordinates": [[-88.586752, 41.652544], [-88.5543039999999, 41.6576640000001]]}, "properties": {"FID": 18322, "TYPEPIPE": "Intrastate", "Operator": "Northern Illinois Gas Co", "Status": "Operating", "Shape_Leng": 0.0328494612437, "Shape__Length": 3691.766432611987}}, {"type": "Feature", "id": 18324, "geometry": {"type": "LineString", "coordinates": [[-88.553344, 41.646528], [-88.5543039999999, 41.6576640000001]]}, "properties": {"FID": 18324, "TYPEPIPE": "Intrastate", "Operator": "Northern Illinois Gas Co", "Status": "Operating", "Shape_Leng": 0.0111773027158, "Shape__Length": 1662.5169873156333}}, {"type": "Feature", "id": 18326, "geometry": {"type": "LineString", "coordinates": [[-88.614144, 41.645696], [-88.553344, 41.646528]]}, "properties": {"FID": 18326, "TYPEPIPE": "Intrastate", "Operator": "Northern Illinois Gas Co", "Status": "Operating", "Shape_Leng": 0.0608056923651, "Shape__Length": 6769.359790578532}}, {"type": "Feature", "id": 18328, "geometry": {"type": "LineString", "coordinates": [[-88.586752, 41.652544], [-88.614144, 41.645696]]}, "properties": {"FID": 18328, "TYPEPIPE": "Intrastate", "Operator": "Northern Illinois Gas Co", "Status": "Operating", "Shape_Leng": 0.0282350273242, "Shape__Length": 3215.4000358066223}}, {"type": "Feature", "id": 18330, "geometry": {"type": "LineString", "coordinates": [[-88.592384, 41.697216], [-88.586752, 41.652544]]}, "properties": {"FID": 18330, "TYPEPIPE": "Intrastate", "Operator": "Northern Illinois Gas Co", "Status": "Operating", "Shape_Leng": 0.0450256261256, "Shape__Length": 6687.195064100627}}, {"type": "Feature", "id": 18332, "geometry": {"type": "LineString", "coordinates": [[-88.649664, 41.6337280000001], [-88.6425599999999, 41.612288]]}, "properties": {"FID": 18332, "TYPEPIPE": "Intrastate", "Operator": "Northern Illinois Gas Co", "Status": "Operating", "Shape_Leng": 0.0225862882299, "Shape__Length": 3289.242387648292}}, {"type": "Feature", "id": 18334, "geometry": {"type": "LineString", "coordinates": [[-88.620224, 41.636288], [-88.61312, 41.619136]]}, "properties": {"FID": 18334, "TYPEPIPE": "Intrastate", "Operator": "Northern Illinois Gas Co", "Status": "Operating", "Shape_Leng": 0.0185649648532, "Shape__Length": 2674.009143648176}}, {"type": "Feature", "id": 18336, "geometry": {"type": "LineString", "coordinates": [[-88.649664, 41.6337280000001], [-88.620224, 41.636288]]}, "properties": {"FID": 18336, "TYPEPIPE": "Intrastate", "Operator": "Northern Illinois Gas Co", "Status": "Operating", "Shape_Leng": 0.0295510947344, "Shape__Length": 3299.3525035175853}}, {"type": "Feature", "id": 18338, "geometry": {"type": "LineString", "coordinates": [[-88.653312, 41.65952], [-88.649664, 41.6337280000001]]}, "properties": {"FID": 18338, "TYPEPIPE": "Intrastate", "Operator": "Northern Illinois Gas Co", "Status": "Operating", "Shape_Leng": 0.0260487076071, "Shape__Length": 3863.653315342851}}, {"type": "Feature", "id": 18340, "geometry": {"type": "LineString", "coordinates": [[-88.818688, 41.7674240000001], [-88.818688, 41.7931520000001]]}, "properties": {"FID": 18340, "TYPEPIPE": "Intrastate", "Operator": "Northern Illinois Gas Co", "Status": "Operating", "Shape_Leng": 0.025728, "Shape__Length": 3840.6969093000516}}, {"type": "Feature", "id": 18343, "geometry": {"type": "LineString", "coordinates": [[-88.7974399999999, 41.7674240000001], [-88.818688, 41.7674240000001]]}, "properties": {"FID": 18343, "TYPEPIPE": "Intrastate", "Operator": "Northern Illinois Gas Co", "Status": "Operating", "Shape_Leng": 0.021248, "Shape__Length": 2365.3165403772146}}, {"type": "Feature", "id": 18345, "geometry": {"type": "LineString", "coordinates": [[-88.7974399999999, 41.811136], [-88.830912, 41.811136]]}, "properties": {"FID": 18345, "TYPEPIPE": "Intrastate", "Operator": "Northern Illinois Gas Co", "Status": "Operating", "Shape_Leng": 0.033472, "Shape__Length": 3726.085995834321}}, {"type": "Feature", "id": 18347, "geometry": {"type": "LineString", "coordinates": [[-88.7974399999999, 41.7674240000001], [-88.7974399999999, 41.811136]]}, "properties": {"FID": 18347, "TYPEPIPE": "Intrastate", "Operator": "Northern Illinois Gas Co", "Status": "Operating", "Shape_Leng": 0.043712, "Shape__Length": 6526.2786431293935}}, {"type": "Feature", "id": 18349, "geometry": {"type": "LineString", "coordinates": [[-88.6542719999999, 41.7665920000001], [-88.7974399999999, 41.7674240000001]]}, "properties": {"FID": 18349, "TYPEPIPE": "Intrastate", "Operator": "Northern Illinois Gas Co", "Status": "Operating", "Shape_Leng": 0.143170417503, "Shape__Length": 15937.8726079831}}, {"type": "Feature", "id": 18351, "geometry": {"type": "LineString", "coordinates": [[-88.6542719999999, 41.7665920000001], [-88.63296, 41.7665920000001]]}, "properties": {"FID": 18351, "TYPEPIPE": "Intrastate", "Operator": "Northern Illinois Gas Co", "Status": "Operating", "Shape_Leng": 0.021312, "Shape__Length": 2372.440987782553}}, {"type": "Feature", "id": 18353, "geometry": {"type": "LineString", "coordinates": [[-88.653312, 41.65952], [-88.6542719999999, 41.7665920000001]]}, "properties": {"FID": 18353, "TYPEPIPE": "Intrastate", "Operator": "Northern Illinois Gas Co", "Status": "Operating", "Shape_Leng": 0.10707630356, "Shape__Length": 15967.429744198378}}, {"type": "Feature", "id": 18355, "geometry": {"type": "LineString", "coordinates": [[-88.592384, 41.697216], [-88.653312, 41.65952]]}, "properties": {"FID": 18355, "TYPEPIPE": "Intrastate", "Operator": "Northern Illinois Gas Co", "Status": "Operating", "Shape_Leng": 0.0716464207061, "Shape__Length": 8807.27111567685}}, {"type": "Feature", "id": 18357, "geometry": {"type": "LineString", "coordinates": [[-88.59136, 41.722048], [-88.575104, 41.7571840000001]]}, "properties": {"FID": 18357, "TYPEPIPE": "Intrastate", "Operator": "Northern Illinois Gas Co", "Status": "Operating", "Shape_Leng": 0.0387142871819, "Shape__Length": 5545.379574078422}}, {"type": "Feature", "id": 18359, "geometry": {"type": "LineString", "coordinates": [[-88.592384, 41.697216], [-88.59136, 41.722048]]}, "properties": {"FID": 18359, "TYPEPIPE": "Intrastate", "Operator": "Northern Illinois Gas Co", "Status": "Operating", "Shape_Leng": 0.0248531044339, "Shape__Length": 3704.6183612888453}}, {"type": "Feature", "id": 18361, "geometry": {"type": "LineString", "coordinates": [[-88.552832, 41.7126400000001], [-88.592384, 41.697216]]}, "properties": {"FID": 18361, "TYPEPIPE": "Intrastate", "Operator": "Northern Illinois Gas Co", "Status": "Operating", "Shape_Leng": 0.042453038525, "Shape__Length": 4967.3648683007}}, {"type": "Feature", "id": 18363, "geometry": {"type": "LineString", "coordinates": [[-88.483776, 41.740032], [-88.552832, 41.7126400000001]]}, "properties": {"FID": 18363, "TYPEPIPE": "Intrastate", "Operator": "Northern Illinois Gas Co", "Status": "Operating", "Shape_Leng": 0.0742903277688, "Shape__Length": 8705.567743480122}}, {"type": "Feature", "id": 18365, "geometry": {"type": "LineString", "coordinates": [[-88.432, 41.74944], [-88.483776, 41.740032]]}, "properties": {"FID": 18365, "TYPEPIPE": "Intrastate", "Operator": "Northern Illinois Gas Co", "Status": "Operating", "Shape_Leng": 0.0526238029793, "Shape__Length": 5932.135679227814}}, {"type": "Feature", "id": 18367, "geometry": {"type": "LineString", "coordinates": [[-88.432, 41.74944], [-88.4188159999999, 41.7271680000001]]}, "properties": {"FID": 18367, "TYPEPIPE": "Intrastate", "Operator": "Northern Illinois Gas Co", "Status": "Operating", "Shape_Leng": 0.0258816506429, "Shape__Length": 3632.3104757225997}}, {"type": "Feature", "id": 18369, "geometry": {"type": "LineString", "coordinates": [[-88.3741439999999, 41.7605760000001], [-88.432, 41.74944]]}, "properties": {"FID": 18369, "TYPEPIPE": "Intrastate", "Operator": "Northern Illinois Gas Co", "Status": "Operating", "Shape_Leng": 0.0589179703656, "Shape__Length": 6651.421915027216}}, {"type": "Feature", "id": 18371, "geometry": {"type": "LineString", "coordinates": [[-88.483776, 41.7982720000001], [-88.483776, 41.740032]]}, "properties": {"FID": 18371, "TYPEPIPE": "Intrastate", "Operator": "Northern Illinois Gas Co", "Status": "Operating", "Shape_Leng": 0.05824, "Shape__Length": 8692.606303945184}}, {"type": "Feature", "id": 18373, "geometry": {"type": "LineString", "coordinates": [[-88.483776, 41.7982720000001], [-88.539584, 41.7982720000001]]}, "properties": {"FID": 18373, "TYPEPIPE": "Intrastate", "Operator": "Northern Illinois Gas Co", "Status": "Operating", "Shape_Leng": 0.055808, "Shape__Length": 6212.518142193556}}, {"type": "Feature", "id": 18375, "geometry": {"type": "LineString", "coordinates": [[-88.4848, 41.8410880000001], [-88.483776, 41.7982720000001]]}, "properties": {"FID": 18375, "TYPEPIPE": "Intrastate", "Operator": "Northern Illinois Gas Co", "Status": "Operating", "Shape_Leng": 0.0428282433915, "Shape__Length": 6396.553789241304}}, {"type": "Feature", "id": 18377, "geometry": {"type": "LineString", "coordinates": [[-88.4848, 41.8410880000001], [-88.578176, 41.8402560000001]]}, "properties": {"FID": 18377, "TYPEPIPE": "Intrastate", "Operator": "Northern Illinois Gas Co", "Status": "Operating", "Shape_Leng": 0.0933797065749, "Shape__Length": 10395.312170366073}}, {"type": "Feature", "id": 18379, "geometry": {"type": "LineString", "coordinates": [[-88.3578879999999, 41.8410880000001], [-88.4848, 41.8410880000001]]}, "properties": {"FID": 18379, "TYPEPIPE": "Intrastate", "Operator": "Northern Illinois Gas Co", "Status": "Operating", "Shape_Leng": 0.126912, "Shape__Length": 14127.7792155575}}, {"type": "Feature", "id": 18381, "geometry": {"type": "LineString", "coordinates": [[-88.48544, 41.505856], [-88.486464, 41.6112000000001]]}, "properties": {"FID": 18381, "TYPEPIPE": "Intrastate", "Operator": "Northern Illinois Gas Co", "Status": "Operating", "Shape_Leng": 0.105348976796, "Shape__Length": 15672.180246838858}}, {"type": "Feature", "id": 18383, "geometry": {"type": "LineString", "coordinates": [[-88.4432, 41.505856], [-88.4432, 41.529856]]}, "properties": {"FID": 18383, "TYPEPIPE": "Intrastate", "Operator": "Northern Illinois Gas Co", "Status": "Operating", "Shape_Leng": 0.024, "Shape__Length": 3568.1746238311753}}, {"type": "Feature", "id": 18385, "geometry": {"type": "LineString", "coordinates": [[-88.48544, 41.505856], [-88.4432, 41.505856]]}, "properties": {"FID": 18385, "TYPEPIPE": "Intrastate", "Operator": "Northern Illinois Gas Co", "Status": "Operating", "Shape_Leng": 0.04224, "Shape__Length": 4702.135291106999}}, {"type": "Feature", "id": 18387, "geometry": {"type": "LineString", "coordinates": [[-88.486464, 41.4929920000001], [-88.48544, 41.505856]]}, "properties": {"FID": 18387, "TYPEPIPE": "Intrastate", "Operator": "Northern Illinois Gas Co", "Status": "Operating", "Shape_Leng": 0.0129046918599, "Shape__Length": 1915.3921456051025}}, {"type": "Feature", "id": 18389, "geometry": {"type": "LineString", "coordinates": [[-88.510656, 41.472448], [-88.4877079999999, 41.452954]]}, "properties": {"FID": 18389, "TYPEPIPE": "Intrastate", "Operator": "Northern Illinois Gas Co", "Status": "Operating", "Shape_Leng": 0.0301102431077, "Shape__Length": 3861.5199631580826}}, {"type": "Feature", "id": 18391, "geometry": {"type": "LineString", "coordinates": [[-88.510656, 41.4929920000001], [-88.510656, 41.472448]]}, "properties": {"FID": 18391, "TYPEPIPE": "Intrastate", "Operator": "Northern Illinois Gas Co", "Status": "Operating", "Shape_Leng": 0.020544, "Shape__Length": 3052.700759869069}}, {"type": "Feature", "id": 18393, "geometry": {"type": "LineString", "coordinates": [[-88.486464, 41.4929920000001], [-88.510656, 41.4929920000001]]}, "properties": {"FID": 18393, "TYPEPIPE": "Intrastate", "Operator": "Northern Illinois Gas Co", "Status": "Operating", "Shape_Leng": 0.024192, "Shape__Length": 2693.041121274233}}, {"type": "Feature", "id": 18395, "geometry": {"type": "LineString", "coordinates": [[-88.4877079999999, 41.452954], [-88.486464, 41.4929920000001]]}, "properties": {"FID": 18395, "TYPEPIPE": "Intrastate", "Operator": "Northern Illinois Gas Co", "Status": "Operating", "Shape_Leng": 0.0400573211786, "Shape__Length": 5950.095838631142}}, {"type": "Feature", "id": 18397, "geometry": {"type": "LineString", "coordinates": [[-88.4252749999999, 41.3939], [-88.425196, 41.4035660000001], [-88.4877079999999, 41.452954]]}, "properties": {"FID": 18397, "TYPEPIPE": "Intrastate", "Operator": "Northern Illinois Gas Co", "Status": "Operating", "Shape_Leng": 0.0893339115192, "Shape__Length": 11543.453083659524}}, {"type": "Feature", "id": 18400, "geometry": {"type": "LineString", "coordinates": [[-88.4255909999999, 41.403803], [-88.4527889999999, 41.404278]]}, "properties": {"FID": 18400, "TYPEPIPE": "Intrastate", "Operator": "Northern Illinois Gas Co", "Status": "Operating", "Shape_Leng": 0.0272021475071, "Shape__Length": 3028.4881180744246}}, {"type": "Feature", "id": 18402, "geometry": {"type": "LineString", "coordinates": [[-88.469376, 41.3619200000001], [-88.4252999999999, 41.3939740000001]]}, "properties": {"FID": 18402, "TYPEPIPE": "Intrastate", "Operator": "Northern Illinois Gas Co", "Status": "Operating", "Shape_Leng": 0.0544991072588, "Shape__Length": 6832.793842400635}}, {"type": "Feature", "id": 18404, "geometry": {"type": "LineString", "coordinates": [[-88.804672, 41.4218880000001], [-88.789504, 41.448448]]}, "properties": {"FID": 18404, "TYPEPIPE": "Intrastate", "Operator": "Northern Illinois Gas Co", "Status": "Operating", "Shape_Leng": 0.0305859743019, "Shape__Length": 4290.004688031824}}, {"type": "Feature", "id": 18406, "geometry": {"type": "LineString", "coordinates": [[-88.7734399999999, 41.42528], [-88.804672, 41.4218880000001]]}, "properties": {"FID": 18406, "TYPEPIPE": "Intrastate", "Operator": "Northern Illinois Gas Co", "Status": "Operating", "Shape_Leng": 0.0314156567336, "Shape__Length": 3513.0095014525577}}, {"type": "Feature", "id": 18408, "geometry": {"type": "LineString", "coordinates": [[-88.7633279999999, 41.3713280000001], [-88.7734399999999, 41.42528]]}, "properties": {"FID": 18408, "TYPEPIPE": "Intrastate", "Operator": "Northern Illinois Gas Co", "Status": "Operating", "Shape_Leng": 0.0548914460367, "Shape__Length": 8085.2283897028765}}, {"type": "Feature", "id": 18410, "geometry": {"type": "LineString", "coordinates": [[-88.817728, 41.3713280000001], [-88.7633279999999, 41.3713280000001]]}, "properties": {"FID": 18410, "TYPEPIPE": "Intrastate", "Operator": "Northern Illinois Gas Co", "Status": "Operating", "Shape_Leng": 0.0544, "Shape__Length": 6055.7802991606295}}, {"type": "Feature", "id": 18412, "geometry": {"type": "LineString", "coordinates": [[-88.797568, 41.3850880000001], [-88.817728, 41.3713280000001]]}, "properties": {"FID": 18412, "TYPEPIPE": "Intrastate", "Operator": "Northern Illinois Gas Co", "Status": "Operating", "Shape_Leng": 0.0244082608967, "Shape__Length": 3033.7381915238275}}, {"type": "Feature", "id": 18414, "geometry": {"type": "LineString", "coordinates": [[-88.6254079999999, 41.4826880000001], [-88.698944, 41.5136000000001]]}, "properties": {"FID": 18414, "TYPEPIPE": "Intrastate", "Operator": "Northern Illinois Gas Co", "Status": "Operating", "Shape_Leng": 0.0797690105242, "Shape__Length": 9387.174015776554}}, {"type": "Feature", "id": 18416, "geometry": {"type": "LineString", "coordinates": [[-88.597248, 41.5607040000001], [-88.556992, 41.6035200000001]]}, "properties": {"FID": 18416, "TYPEPIPE": "Intrastate", "Operator": "Northern Illinois Gas Co", "Status": "Operating", "Shape_Leng": 0.0587686599473, "Shape__Length": 7789.97082253633}}, {"type": "Feature", "id": 18418, "geometry": {"type": "LineString", "coordinates": [[-88.5941759999999, 41.5315840000001], [-88.597248, 41.5607040000001]]}, "properties": {"FID": 18418, "TYPEPIPE": "Intrastate", "Operator": "Northern Illinois Gas Co", "Status": "Operating", "Shape_Leng": 0.0292815912136, "Shape__Length": 4344.758070505222}}, {"type": "Feature", "id": 18420, "geometry": {"type": "LineString", "coordinates": [[-88.6254079999999, 41.4826880000001], [-88.5941759999999, 41.5315840000001]]}, "properties": {"FID": 18420, "TYPEPIPE": "Intrastate", "Operator": "Northern Illinois Gas Co", "Status": "Operating", "Shape_Leng": 0.0580194505317, "Shape__Length": 8057.088701992956}}, {"type": "Feature", "id": 18422, "geometry": {"type": "LineString", "coordinates": [[-88.65664, 41.434752], [-88.6254079999999, 41.4826880000001]]}, "properties": {"FID": 18422, "TYPEPIPE": "Intrastate", "Operator": "Northern Illinois Gas Co", "Status": "Operating", "Shape_Leng": 0.0572127426366, "Shape__Length": 7923.811375480373}}, {"type": "Feature", "id": 18424, "geometry": {"type": "LineString", "coordinates": [[-88.65664, 41.434752], [-88.669696, 41.4416]]}, "properties": {"FID": 18424, "TYPEPIPE": "Intrastate", "Operator": "Northern Illinois Gas Co", "Status": "Operating", "Shape_Leng": 0.0147429386487, "Shape__Length": 1773.7969255207693}}, {"type": "Feature", "id": 18426, "geometry": {"type": "LineString", "coordinates": [[-88.6616319999999, 41.42528], [-88.65664, 41.434752]]}, "properties": {"FID": 18426, "TYPEPIPE": "Intrastate", "Operator": "Northern Illinois Gas Co", "Status": "Operating", "Shape_Leng": 0.0107069532548, "Shape__Length": 1512.1445987349155}}, {"type": "Feature", "id": 18428, "geometry": {"type": "LineString", "coordinates": [[-88.6596479999999, 41.4124800000001], [-88.6616319999999, 41.42528]]}, "properties": {"FID": 18428, "TYPEPIPE": "Intrastate", "Operator": "Northern Illinois Gas Co", "Status": "Operating", "Shape_Leng": 0.0129528474089, "Shape__Length": 1912.9159186270722}}, {"type": "Feature", "id": 18430, "geometry": {"type": "LineString", "coordinates": [[-88.820544, 41.605312], [-88.847744, 41.634368]]}, "properties": {"FID": 18430, "TYPEPIPE": "Intrastate", "Operator": "Northern Illinois Gas Co", "Status": "Operating", "Shape_Leng": 0.0398006424069, "Shape__Length": 5280.947519999626}}, {"type": "Feature", "id": 18432, "geometry": {"type": "LineString", "coordinates": [[-88.653312, 41.65952], [-88.820544, 41.605312]]}, "properties": {"FID": 18432, "TYPEPIPE": "Intrastate", "Operator": "Northern Illinois Gas Co", "Status": "Operating", "Shape_Leng": 0.175798319355, "Shape__Length": 20291.51583346135}}, {"type": "Feature", "id": 18434, "geometry": {"type": "LineString", "coordinates": [[-88.327232, 41.93696], [-88.3578879999999, 41.9353600000001]]}, "properties": {"FID": 18434, "TYPEPIPE": "Intrastate", "Operator": "Northern Illinois Gas Co", "Status": "Operating", "Shape_Leng": 0.0306977252577, "Shape__Length": 3420.9994000086344}}, {"type": "Feature", "id": 18436, "geometry": {"type": "LineString", "coordinates": [[-88.3578879999999, 41.9353600000001], [-88.3578879999999, 41.8410880000001]]}, "properties": {"FID": 18436, "TYPEPIPE": "Intrastate", "Operator": "Northern Illinois Gas Co", "Status": "Operating", "Shape_Leng": 0.094272, "Shape__Length": 14096.757578970864}}, {"type": "Feature", "id": 18438, "geometry": {"type": "LineString", "coordinates": [[-88.3578879999999, 41.9353600000001], [-88.410688, 41.9353600000001]]}, "properties": {"FID": 18438, "TYPEPIPE": "Intrastate", "Operator": "Northern Illinois Gas Co", "Status": "Operating", "Shape_Leng": 0.0528, "Shape__Length": 5877.669113885611}}, {"type": "Feature", "id": 18440, "geometry": {"type": "LineString", "coordinates": [[-88.359616, 41.6722560000001], [-88.314944, 41.661056]]}, "properties": {"FID": 18440, "TYPEPIPE": "Intrastate", "Operator": "Northern Illinois Gas Co", "Status": "Operating", "Shape_Leng": 0.0460546152302, "Shape__Length": 5245.465672289687}}, {"type": "Feature", "id": 18442, "geometry": {"type": "LineString", "coordinates": [[-88.314944, 41.7081600000001], [-88.359616, 41.723648]]}, "properties": {"FID": 18442, "TYPEPIPE": "Intrastate", "Operator": "Northern Illinois Gas Co", "Status": "Operating", "Shape_Leng": 0.0472807120081, "Shape__Length": 5483.091767791968}}, {"type": "Feature", "id": 18444, "geometry": {"type": "LineString", "coordinates": [[-88.3221119999999, 41.76736], [-88.3578879999999, 41.7605760000001]]}, "properties": {"FID": 18444, "TYPEPIPE": "Intrastate", "Operator": "Northern Illinois Gas Co", "Status": "Operating", "Shape_Leng": 0.0364135253992, "Shape__Length": 4109.247492060019}}, {"type": "Feature", "id": 18446, "geometry": {"type": "LineString", "coordinates": [[-88.359616, 41.723648], [-88.314048, 41.75104]]}, "properties": {"FID": 18446, "TYPEPIPE": "Intrastate", "Operator": "Northern Illinois Gas Co", "Status": "Operating", "Shape_Leng": 0.0531673234986, "Shape__Length": 6513.809526087433}}, {"type": "Feature", "id": 18448, "geometry": {"type": "LineString", "coordinates": [[-88.359616, 41.723648], [-88.3728, 41.733952]]}, "properties": {"FID": 18448, "TYPEPIPE": "Intrastate", "Operator": "Northern Illinois Gas Co", "Status": "Operating", "Shape_Leng": 0.0167329098486, "Shape__Length": 2125.1329327227604}}, {"type": "Feature", "id": 18451, "geometry": {"type": "LineString", "coordinates": [[-88.359616, 41.6722560000001], [-88.359616, 41.723648]]}, "properties": {"FID": 18451, "TYPEPIPE": "Intrastate", "Operator": "Northern Illinois Gas Co", "Status": "Operating", "Shape_Leng": 0.051392, "Shape__Length": 7662.010485739447}}, {"type": "Feature", "id": 18453, "geometry": {"type": "LineString", "coordinates": [[-88.39616, 41.6722560000001], [-88.359616, 41.6722560000001]]}, "properties": {"FID": 18453, "TYPEPIPE": "Intrastate", "Operator": "Northern Illinois Gas Co", "Status": "Operating", "Shape_Leng": 0.036544, "Shape__Length": 4068.0594715476036}}, {"type": "Feature", "id": 18455, "geometry": {"type": "LineString", "coordinates": [[-88.3578879999999, 41.7605760000001], [-88.3741439999999, 41.7605760000001]]}, "properties": {"FID": 18455, "TYPEPIPE": "Intrastate", "Operator": "Northern Illinois Gas Co", "Status": "Operating", "Shape_Leng": 0.016256, "Shape__Length": 1809.609642336145}}, {"type": "Feature", "id": 18457, "geometry": {"type": "LineString", "coordinates": [[-88.3578879999999, 41.8410880000001], [-88.3578879999999, 41.7605760000001]]}, "properties": {"FID": 18457, "TYPEPIPE": "Intrastate", "Operator": "Northern Illinois Gas Co", "Status": "Operating", "Shape_Leng": 0.080512, "Shape__Length": 12022.752080381848}}, {"type": "Feature", "id": 18459, "geometry": {"type": "LineString", "coordinates": [[-88.336768, 41.383296], [-88.335808, 41.417536]]}, "properties": {"FID": 18459, "TYPEPIPE": "Intrastate", "Operator": "Northern Illinois Gas Co", "Status": "Operating", "Shape_Leng": 0.0342534553002, "Shape__Length": 5082.509660675337}}, {"type": "Feature", "id": 18461, "geometry": {"type": "LineString", "coordinates": [[-88.336768, 41.383296], [-88.395072, 41.37728]]}, "properties": {"FID": 18461, "TYPEPIPE": "Intrastate", "Operator": "Northern Illinois Gas Co", "Status": "Operating", "Shape_Leng": 0.0586135536544, "Shape__Length": 6551.452463528946}}, {"type": "Feature", "id": 18464, "geometry": {"type": "LineString", "coordinates": [[-89.056256, 42.146176], [-89.052992, 42.112192]]}, "properties": {"FID": 18464, "TYPEPIPE": "Intrastate", "Operator": "Northern Illinois Gas Co", "Status": "Operating", "Shape_Leng": 0.034140385938, "Shape__Length": 5113.93153796416}}, {"type": "Feature", "id": 18466, "geometry": {"type": "LineString", "coordinates": [[-89.052992, 42.112192], [-89.052992, 42.0643200000001]]}, "properties": {"FID": 18466, "TYPEPIPE": "Intrastate", "Operator": "Northern Illinois Gas Co", "Status": "Operating", "Shape_Leng": 0.047872, "Shape__Length": 7180.962092094123}}, {"type": "Feature", "id": 18468, "geometry": {"type": "LineString", "coordinates": [[-89.052992, 42.0643200000001], [-89.118592, 42.0643200000001]]}, "properties": {"FID": 18468, "TYPEPIPE": "Intrastate", "Operator": "Northern Illinois Gas Co", "Status": "Operating", "Shape_Leng": 0.0656, "Shape__Length": 7302.558596039191}}, {"type": "Feature", "id": 18471, "geometry": {"type": "LineString", "coordinates": [[-89.073728, 42.1968000000001], [-89.07488, 42.2777600000001]]}, "properties": {"FID": 18471, "TYPEPIPE": "Intrastate", "Operator": "Northern Illinois Gas Co", "Status": "Operating", "Shape_Leng": 0.0809681956326, "Shape__Length": 12173.58884532172}}, {"type": "Feature", "id": 18473, "geometry": {"type": "LineString", "coordinates": [[-89.07488, 42.2777600000001], [-89.04864, 42.2777600000001]]}, "properties": {"FID": 18473, "TYPEPIPE": "Intrastate", "Operator": "Northern Illinois Gas Co", "Status": "Operating", "Shape_Leng": 0.02624, "Shape__Length": 2921.023438412696}}, {"type": "Feature", "id": 18475, "geometry": {"type": "LineString", "coordinates": [[-89.04864, 42.2777600000001], [-89.02208, 42.172672]]}, "properties": {"FID": 18475, "TYPEPIPE": "Intrastate", "Operator": "Northern Illinois Gas Co", "Status": "Operating", "Shape_Leng": 0.10839244136, "Shape__Length": 16072.00941907669}}, {"type": "Feature", "id": 18477, "geometry": {"type": "LineString", "coordinates": [[-89.052992, 42.0643200000001], [-89.0223359999999, 42.0643200000001]]}, "properties": {"FID": 18477, "TYPEPIPE": "Intrastate", "Operator": "Northern Illinois Gas Co", "Status": "Operating", "Shape_Leng": 0.030656, "Shape__Length": 3412.6103097610176}}, {"type": "Feature", "id": 18479, "geometry": {"type": "LineString", "coordinates": [[-89.0223359999999, 42.0643200000001], [-89.021312, 41.99904]]}, "properties": {"FID": 18479, "TYPEPIPE": "Intrastate", "Operator": "Northern Illinois Gas Co", "Status": "Operating", "Shape_Leng": 0.0652880308786, "Shape__Length": 9784.165078596452}}, {"type": "Feature", "id": 18481, "geometry": {"type": "LineString", "coordinates": [[-89.04864, 42.2777600000001], [-88.925248, 42.277696]]}, "properties": {"FID": 18481, "TYPEPIPE": "Intrastate", "Operator": "Northern Illinois Gas Co", "Status": "Operating", "Shape_Leng": 0.123392016598, "Shape__Length": 13735.937982988413}}, {"type": "Feature", "id": 18483, "geometry": {"type": "LineString", "coordinates": [[-88.925248, 42.277696], [-88.9186559999999, 42.2648320000001]]}, "properties": {"FID": 18483, "TYPEPIPE": "Intrastate", "Operator": "Northern Illinois Gas Co", "Status": "Operating", "Shape_Leng": 0.0144546518464, "Shape__Length": 2069.6927948101684}}, {"type": "Feature", "id": 18485, "geometry": {"type": "LineString", "coordinates": [[-88.925248, 42.277696], [-88.8352, 42.2832000000001]]}, "properties": {"FID": 18485, "TYPEPIPE": "Intrastate", "Operator": "Northern Illinois Gas Co", "Status": "Operating", "Shape_Leng": 0.0902160535603, "Shape__Length": 10058.24705208904}}, {"type": "Feature", "id": 18487, "geometry": {"type": "LineString", "coordinates": [[-89.04864, 42.2777600000001], [-89.048192, 42.308032]]}, "properties": {"FID": 18487, "TYPEPIPE": "Intrastate", "Operator": "Northern Illinois Gas Co", "Status": "Operating", "Shape_Leng": 0.030275314829, "Shape__Length": 4555.900265152679}}, {"type": "Feature", "id": 18489, "geometry": {"type": "LineString", "coordinates": [[-88.9263359999999, 42.3034240000001], [-88.927424, 42.376064]]}, "properties": {"FID": 18489, "TYPEPIPE": "Intrastate", "Operator": "Northern Illinois Gas Co", "Status": "Operating", "Shape_Leng": 0.0726481475607, "Shape__Length": 10940.392133161735}}, {"type": "Feature", "id": 18492, "geometry": {"type": "LineString", "coordinates": [[-88.9263359999999, 42.3034240000001], [-88.895616, 42.3025280000001]]}, "properties": {"FID": 18492, "TYPEPIPE": "Intrastate", "Operator": "Northern Illinois Gas Co", "Status": "Operating", "Shape_Leng": 0.0307330638889, "Shape__Length": 3422.3928980848805}}, {"type": "Feature", "id": 18494, "geometry": {"type": "LineString", "coordinates": [[-88.895616, 42.3025280000001], [-88.894528, 42.331008]]}, "properties": {"FID": 18494, "TYPEPIPE": "Intrastate", "Operator": "Northern Illinois Gas Co", "Status": "Operating", "Shape_Leng": 0.0285007744456, "Shape__Length": 4289.2853204113435}}, {"type": "Feature", "id": 18496, "geometry": {"type": "LineString", "coordinates": [[-88.895616, 42.3025280000001], [-88.840704, 42.2997760000001]]}, "properties": {"FID": 18496, "TYPEPIPE": "Intrastate", "Operator": "Northern Illinois Gas Co", "Status": "Operating", "Shape_Leng": 0.0549809171259, "Shape__Length": 6126.792996460863}}, {"type": "Feature", "id": 18498, "geometry": {"type": "LineString", "coordinates": [[-88.840704, 42.337472], [-88.853888, 42.362304]]}, "properties": {"FID": 18498, "TYPEPIPE": "Intrastate", "Operator": "Northern Illinois Gas Co", "Status": "Operating", "Shape_Leng": 0.0281148729323, "Shape__Length": 4017.9805519927004}}, {"type": "Feature", "id": 18500, "geometry": {"type": "LineString", "coordinates": [[-89.07488, 42.2777600000001], [-89.074496, 42.4008960000001]]}, "properties": {"FID": 18500, "TYPEPIPE": "Intrastate", "Operator": "Northern Illinois Gas Co", "Status": "Operating", "Shape_Leng": 0.123136598751, "Shape__Length": 18544.447807768047}}, {"type": "Feature", "id": 18502, "geometry": {"type": "LineString", "coordinates": [[-89.074496, 42.4008960000001], [-89.0273279999999, 42.4008960000001]]}, "properties": {"FID": 18502, "TYPEPIPE": "Intrastate", "Operator": "Northern Illinois Gas Co", "Status": "Operating", "Shape_Leng": 0.047168, "Shape__Length": 5250.717741739005}}, {"type": "Feature", "id": 18504, "geometry": {"type": "LineString", "coordinates": [[-89.0273279999999, 42.4008960000001], [-89.0064639999999, 42.4211840000001]]}, "properties": {"FID": 18504, "TYPEPIPE": "Intrastate", "Operator": "Northern Illinois Gas Co", "Status": "Operating", "Shape_Leng": 0.0291017085409, "Shape__Length": 3840.714308283644}}, {"type": "Feature", "id": 18507, "geometry": {"type": "LineString", "coordinates": [[-89.0064639999999, 42.4211840000001], [-89.0756479999999, 42.4625280000001]]}, "properties": {"FID": 18507, "TYPEPIPE": "Intrastate", "Operator": "Northern Illinois Gas Co", "Status": "Operating", "Shape_Leng": 0.0805962293907, "Shape__Length": 9910.044359278234}}, {"type": "Feature", "id": 18509, "geometry": {"type": "LineString", "coordinates": [[-89.0064639999999, 42.4211840000001], [-88.97792, 42.432192]]}, "properties": {"FID": 18509, "TYPEPIPE": "Intrastate", "Operator": "Northern Illinois Gas Co", "Status": "Operating", "Shape_Leng": 0.0305930711109, "Shape__Length": 3585.0434218175733}}, {"type": "Feature", "id": 18511, "geometry": {"type": "LineString", "coordinates": [[-88.97792, 42.432192], [-88.957056, 42.4643840000001]]}, "properties": {"FID": 18511, "TYPEPIPE": "Intrastate", "Operator": "Northern Illinois Gas Co", "Status": "Operating", "Shape_Leng": 0.0383618477136, "Shape__Length": 5383.361502809579}}, {"type": "Feature", "id": 18514, "geometry": {"type": "LineString", "coordinates": [[-88.97792, 42.432192], [-88.952704, 42.4331520000001]]}, "properties": {"FID": 18514, "TYPEPIPE": "Intrastate", "Operator": "Northern Illinois Gas Co", "Status": "Operating", "Shape_Leng": 0.0252342674948, "Shape__Length": 2810.7641192863757}}, {"type": "Feature", "id": 18515, "geometry": {"type": "LineString", "coordinates": [[-89.0273279999999, 42.4008960000001], [-89.0503679999999, 42.361408]]}, "properties": {"FID": 18515, "TYPEPIPE": "Intrastate", "Operator": "Northern Illinois Gas Co", "Status": "Operating", "Shape_Leng": 0.0457180898989, "Shape__Length": 6480.066677818141}}, {"type": "Feature", "id": 18518, "geometry": {"type": "LineString", "coordinates": [[-89.0503679999999, 42.361408], [-89.048192, 42.308032]]}, "properties": {"FID": 18518, "TYPEPIPE": "Intrastate", "Operator": "Northern Illinois Gas Co", "Status": "Operating", "Shape_Leng": 0.0534203365021, "Shape__Length": 8041.533077166805}}, {"type": "Feature", "id": 18520, "geometry": {"type": "LineString", "coordinates": [[-89.0503679999999, 42.361408], [-89.01408, 42.361408]]}, "properties": {"FID": 18520, "TYPEPIPE": "Intrastate", "Operator": "Northern Illinois Gas Co", "Status": "Operating", "Shape_Leng": 0.036288, "Shape__Length": 4039.5616819001734}}, {"type": "Feature", "id": 18522, "geometry": {"type": "LineString", "coordinates": [[-89.01408, 42.361408], [-89.014144, 42.3714560000001]]}, "properties": {"FID": 18522, "TYPEPIPE": "Intrastate", "Operator": "Northern Illinois Gas Co", "Status": "Operating", "Shape_Leng": 0.0100482038196, "Shape__Length": 1513.9070533155461}}, {"type": "Feature", "id": 18524, "geometry": {"type": "LineString", "coordinates": [[-89.014144, 42.3714560000001], [-88.979072, 42.3714560000001]]}, "properties": {"FID": 18524, "TYPEPIPE": "Intrastate", "Operator": "Northern Illinois Gas Co", "Status": "Operating", "Shape_Leng": 0.035072, "Shape__Length": 3904.1971811018884}}, {"type": "Feature", "id": 18526, "geometry": {"type": "LineString", "coordinates": [[-88.979072, 42.3714560000001], [-88.9395199999999, 42.3705600000001]]}, "properties": {"FID": 18526, "TYPEPIPE": "Intrastate", "Operator": "Northern Illinois Gas Co", "Status": "Operating", "Shape_Leng": 0.0395621475656, "Shape__Length": 4404.97786506304}}, {"type": "Feature", "id": 18528, "geometry": {"type": "LineString", "coordinates": [[-89.048192, 42.308032], [-89.0142259999999, 42.306747]]}, "properties": {"FID": 18528, "TYPEPIPE": "Intrastate", "Operator": "Northern Illinois Gas Co", "Status": "Operating", "Shape_Leng": 0.0339902983365, "Shape__Length": 3786.021965202324}}, {"type": "Feature", "id": 18530, "geometry": {"type": "LineString", "coordinates": [[-89.0142259999999, 42.306747], [-88.9263359999999, 42.3034240000001]]}, "properties": {"FID": 18530, "TYPEPIPE": "Intrastate", "Operator": "Northern Illinois Gas Co", "Status": "Operating", "Shape_Leng": 0.0879527965957, "Shape__Length": 9796.646748535077}}, {"type": "Feature", "id": 18532, "geometry": {"type": "LineString", "coordinates": [[-89.0142259999999, 42.306747], [-89.01408, 42.361408]]}, "properties": {"FID": 18532, "TYPEPIPE": "Intrastate", "Operator": "Northern Illinois Gas Co", "Status": "Operating", "Shape_Leng": 0.0546611949833, "Shape__Length": 8231.323894403398}}, {"type": "Feature", "id": 18534, "geometry": {"type": "LineString", "coordinates": [[-88.8169599999999, 42.3835520000001], [-88.891584, 42.3835520000001]]}, "properties": {"FID": 18534, "TYPEPIPE": "Intrastate", "Operator": "Northern Illinois Gas Co", "Status": "Operating", "Shape_Leng": 0.074624, "Shape__Length": 8307.105680961162}}, {"type": "Feature", "id": 18536, "geometry": {"type": "LineString", "coordinates": [[-88.865984, 42.143744], [-88.865984, 42.0854400000001]]}, "properties": {"FID": 18536, "TYPEPIPE": "Intrastate", "Operator": "Northern Illinois Gas Co", "Status": "Operating", "Shape_Leng": 0.058304, "Shape__Length": 8749.431028476916}}, {"type": "Feature", "id": 18538, "geometry": {"type": "LineString", "coordinates": [[-89.056256, 42.146176], [-88.865984, 42.143744]]}, "properties": {"FID": 18538, "TYPEPIPE": "Intrastate", "Operator": "Northern Illinois Gas Co", "Status": "Operating", "Shape_Leng": 0.190287541915, "Shape__Length": 21184.129161505774}}, {"type": "Feature", "id": 18540, "geometry": {"type": "LineString", "coordinates": [[-88.840704, 42.2997760000001], [-88.840704, 42.337472]]}, "properties": {"FID": 18540, "TYPEPIPE": "Intrastate", "Operator": "Northern Illinois Gas Co", "Status": "Operating", "Shape_Leng": 0.037696, "Shape__Length": 5675.182527008466}}, {"type": "Feature", "id": 18542, "geometry": {"type": "LineString", "coordinates": [[-88.840704, 42.2997760000001], [-88.8352, 42.2832000000001]]}, "properties": {"FID": 18542, "TYPEPIPE": "Intrastate", "Operator": "Northern Illinois Gas Co", "Status": "Operating", "Shape_Leng": 0.0174659036983, "Shape__Length": 2568.6087133323654}}, {"type": "Feature", "id": 18544, "geometry": {"type": "LineString", "coordinates": [[-88.438848, 42.468352], [-88.525696, 42.467456]]}, "properties": {"FID": 18544, "TYPEPIPE": "Intrastate", "Operator": "Northern Illinois Gas Co", "Status": "Operating", "Shape_Leng": 0.0868526218373, "Shape__Length": 9668.820652243881}}, {"type": "Feature", "id": 18546, "geometry": {"type": "LineString", "coordinates": [[-88.438848, 42.47776], [-88.438848, 42.468352]]}, "properties": {"FID": 18546, "TYPEPIPE": "Intrastate", "Operator": "Northern Illinois Gas Co", "Status": "Operating", "Shape_Leng": 0.00940800000001, "Shape__Length": 1419.8765314975753}}, {"type": "Feature", "id": 18548, "geometry": {"type": "LineString", "coordinates": [[-88.4204799999999, 42.32352], [-88.396992, 42.3141120000001]]}, "properties": {"FID": 18548, "TYPEPIPE": "Intrastate", "Operator": "Northern Illinois Gas Co", "Status": "Operating", "Shape_Leng": 0.0253021067897, "Shape__Length": 2973.66345969605}}, {"type": "Feature", "id": 18550, "geometry": {"type": "LineString", "coordinates": [[-88.448064, 42.333824], [-88.4204799999999, 42.32352]]}, "properties": {"FID": 18550, "TYPEPIPE": "Intrastate", "Operator": "Northern Illinois Gas Co", "Status": "Operating", "Shape_Leng": 0.0294457037953, "Shape__Length": 3440.356265881112}}, {"type": "Feature", "id": 18552, "geometry": {"type": "LineString", "coordinates": [[-88.448064, 42.333824], [-88.389824, 42.333824]]}, "properties": {"FID": 18552, "TYPEPIPE": "Intrastate", "Operator": "Northern Illinois Gas Co", "Status": "Operating", "Shape_Leng": 0.05824, "Shape__Length": 6483.247143801302}}, {"type": "Feature", "id": 18554, "geometry": {"type": "LineString", "coordinates": [[-88.448064, 42.333824], [-88.3724799999999, 42.373248]]}, "properties": {"FID": 18554, "TYPEPIPE": "Intrastate", "Operator": "Northern Illinois Gas Co", "Status": "Operating", "Shape_Leng": 0.0852478318317, "Shape__Length": 10298.653857177464}}, {"type": "Feature", "id": 18556, "geometry": {"type": "LineString", "coordinates": [[-88.497088, 42.363776], [-88.448064, 42.333824]]}, "properties": {"FID": 18556, "TYPEPIPE": "Intrastate", "Operator": "Northern Illinois Gas Co", "Status": "Operating", "Shape_Leng": 0.0574497596165, "Shape__Length": 7080.666684446448}}, {"type": "Feature", "id": 18558, "geometry": {"type": "LineString", "coordinates": [[-88.522624, 42.363776], [-88.497088, 42.363776]]}, "properties": {"FID": 18558, "TYPEPIPE": "Intrastate", "Operator": "Northern Illinois Gas Co", "Status": "Operating", "Shape_Leng": 0.025536, "Shape__Length": 2842.654516896233}}, {"type": "Feature", "id": 18560, "geometry": {"type": "LineString", "coordinates": [[-88.622784, 42.365504], [-88.522624, 42.363776]]}, "properties": {"FID": 18560, "TYPEPIPE": "Intrastate", "Operator": "Northern Illinois Gas Co", "Status": "Operating", "Shape_Leng": 0.100174904961, "Shape__Length": 11152.799245757988}}, {"type": "Feature", "id": 18562, "geometry": {"type": "LineString", "coordinates": [[-88.622784, 42.365504], [-88.622784, 42.4177920000001]]}, "properties": {"FID": 18562, "TYPEPIPE": "Intrastate", "Operator": "Northern Illinois Gas Co", "Status": "Operating", "Shape_Leng": 0.052288, "Shape__Length": 7881.180012009107}}, {"type": "Feature", "id": 18564, "geometry": {"type": "LineString", "coordinates": [[-88.622784, 42.3595520000001], [-88.622784, 42.365504]]}, "properties": {"FID": 18564, "TYPEPIPE": "Intrastate", "Operator": "Northern Illinois Gas Co", "Status": "Operating", "Shape_Leng": 0.00595199999998, "Shape__Length": 896.7073118248954}}, {"type": "Feature", "id": 18566, "geometry": {"type": "LineString", "coordinates": [[-88.597184, 42.4177280000001], [-88.522624, 42.363776]]}, "properties": {"FID": 18566, "TYPEPIPE": "Intrastate", "Operator": "Northern Illinois Gas Co", "Status": "Operating", "Shape_Leng": 0.0920326675915, "Shape__Length": 11619.68334952546}}, {"type": "Feature", "id": 18568, "geometry": {"type": "LineString", "coordinates": [[-88.622784, 42.4177920000001], [-88.597184, 42.4177280000001]]}, "properties": {"FID": 18568, "TYPEPIPE": "Intrastate", "Operator": "Northern Illinois Gas Co", "Status": "Operating", "Shape_Leng": 0.0256000799999, "Shape__Length": 2849.79530451043}}, {"type": "Feature", "id": 18571, "geometry": {"type": "LineString", "coordinates": [[-88.8169599999999, 42.3835520000001], [-88.8169599999999, 42.4092800000001]]}, "properties": {"FID": 18571, "TYPEPIPE": "Intrastate", "Operator": "Northern Illinois Gas Co", "Status": "Operating", "Shape_Leng": 0.025728, "Shape__Length": 3878.182189339772}}, {"type": "Feature", "id": 18573, "geometry": {"type": "LineString", "coordinates": [[-88.742336, 42.403264], [-88.8169599999999, 42.3835520000001]]}, "properties": {"FID": 18573, "TYPEPIPE": "Intrastate", "Operator": "Northern Illinois Gas Co", "Status": "Operating", "Shape_Leng": 0.0771835754549, "Shape__Length": 8822.473628877888}}, {"type": "Feature", "id": 18575, "geometry": {"type": "LineString", "coordinates": [[-88.6953599999999, 42.403264], [-88.742336, 42.403264]]}, "properties": {"FID": 18575, "TYPEPIPE": "Intrastate", "Operator": "Northern Illinois Gas Co", "Status": "Operating", "Shape_Leng": 0.046976, "Shape__Length": 5229.344399508089}}, {"type": "Feature", "id": 18578, "geometry": {"type": "LineString", "coordinates": [[-88.694336, 42.418688], [-88.6953599999999, 42.403264]]}, "properties": {"FID": 18578, "TYPEPIPE": "Intrastate", "Operator": "Northern Illinois Gas Co", "Status": "Operating", "Shape_Leng": 0.0154579543278, "Shape__Length": 2328.311569941131}}, {"type": "Feature", "id": 18580, "geometry": {"type": "LineString", "coordinates": [[-88.694336, 42.4486400000001], [-88.681088, 42.4812160000001]]}, "properties": {"FID": 18580, "TYPEPIPE": "Intrastate", "Operator": "Northern Illinois Gas Co", "Status": "Operating", "Shape_Leng": 0.0351668207264, "Shape__Length": 5132.256617081901}}, {"type": "Feature", "id": 18582, "geometry": {"type": "LineString", "coordinates": [[-88.694336, 42.418688], [-88.694336, 42.4486400000001]]}, "properties": {"FID": 18582, "TYPEPIPE": "Intrastate", "Operator": "Northern Illinois Gas Co", "Status": "Operating", "Shape_Leng": 0.029952, "Shape__Length": 4517.581062385812}}, {"type": "Feature", "id": 18584, "geometry": {"type": "LineString", "coordinates": [[-88.622784, 42.4177920000001], [-88.694336, 42.418688]]}, "properties": {"FID": 18584, "TYPEPIPE": "Intrastate", "Operator": "Northern Illinois Gas Co", "Status": "Operating", "Shape_Leng": 0.071557609798, "Shape__Length": 7966.2780039306745}}, {"type": "Feature", "id": 18586, "geometry": {"type": "LineString", "coordinates": [[-88.614592, 42.4332160000001], [-88.614592, 42.462336]]}, "properties": {"FID": 18586, "TYPEPIPE": "Intrastate", "Operator": "Northern Illinois Gas Co", "Status": "Operating", "Shape_Leng": 0.02912, "Shape__Length": 4393.082011911087}}, {"type": "Feature", "id": 18588, "geometry": {"type": "LineString", "coordinates": [[-88.622784, 42.4177920000001], [-88.614592, 42.4332160000001]]}, "properties": {"FID": 18588, "TYPEPIPE": "Intrastate", "Operator": "Northern Illinois Gas Co", "Status": "Operating", "Shape_Leng": 0.0174644965573, "Shape__Length": 2498.4319562167184}}, {"type": "Feature", "id": 18590, "geometry": {"type": "LineString", "coordinates": [[-88.622784, 42.3450240000001], [-88.622784, 42.3595520000001]]}, "properties": {"FID": 18590, "TYPEPIPE": "Intrastate", "Operator": "Northern Illinois Gas Co", "Status": "Operating", "Shape_Leng": 0.014528, "Shape__Length": 2188.3805851722136}}, {"type": "Feature", "id": 18592, "geometry": {"type": "LineString", "coordinates": [[-88.612672, 42.336512], [-88.612672, 42.3432960000001]]}, "properties": {"FID": 18592, "TYPEPIPE": "Intrastate", "Operator": "Northern Illinois Gas Co", "Status": "Operating", "Shape_Leng": 0.00678400000004, "Shape__Length": 1021.6856800643727}}, {"type": "Feature", "id": 18594, "geometry": {"type": "LineString", "coordinates": [[-88.622784, 42.336512], [-88.612672, 42.336512]]}, "properties": {"FID": 18594, "TYPEPIPE": "Intrastate", "Operator": "Northern Illinois Gas Co", "Status": "Operating", "Shape_Leng": 0.010112, "Shape__Length": 1125.6626909021288}}, {"type": "Feature", "id": 18596, "geometry": {"type": "LineString", "coordinates": [[-88.622784, 42.336512], [-88.622784, 42.3450240000001]]}, "properties": {"FID": 18596, "TYPEPIPE": "Intrastate", "Operator": "Northern Illinois Gas Co", "Status": "Operating", "Shape_Leng": 0.00851200000005, "Shape__Length": 1281.9439881658182}}, {"type": "Feature", "id": 18599, "geometry": {"type": "LineString", "coordinates": [[-88.622784, 42.296256], [-88.622784, 42.336512]]}, "properties": {"FID": 18599, "TYPEPIPE": "Intrastate", "Operator": "Northern Illinois Gas Co", "Status": "Operating", "Shape_Leng": 0.040256, "Shape__Length": 6060.378216414712}}, {"type": "Feature", "id": 18601, "geometry": {"type": "LineString", "coordinates": [[-88.622784, 42.296256], [-88.752064, 42.296256]]}, "properties": {"FID": 18601, "TYPEPIPE": "Intrastate", "Operator": "Northern Illinois Gas Co", "Status": "Operating", "Shape_Leng": 0.12928, "Shape__Length": 14391.383769752458}}, {"type": "Feature", "id": 18603, "geometry": {"type": "LineString", "coordinates": [[-88.5729919999999, 42.27392], [-88.622784, 42.296256]]}, "properties": {"FID": 18603, "TYPEPIPE": "Intrastate", "Operator": "Northern Illinois Gas Co", "Status": "Operating", "Shape_Leng": 0.0545723387808, "Shape__Length": 6482.180316887982}}, {"type": "Feature", "id": 18605, "geometry": {"type": "LineString", "coordinates": [[-88.5729919999999, 42.27392], [-88.534272, 42.27392]]}, "properties": {"FID": 18605, "TYPEPIPE": "Intrastate", "Operator": "Northern Illinois Gas Co", "Status": "Operating", "Shape_Leng": 0.03872, "Shape__Length": 4310.290683509782}}, {"type": "Feature", "id": 18607, "geometry": {"type": "LineString", "coordinates": [[-88.5383679999999, 42.243072], [-88.5729919999999, 42.27392]]}, "properties": {"FID": 18607, "TYPEPIPE": "Intrastate", "Operator": "Northern Illinois Gas Co", "Status": "Operating", "Shape_Leng": 0.0463726264083, "Shape__Length": 6031.861379418849}}, {"type": "Feature", "id": 18609, "geometry": {"type": "LineString", "coordinates": [[-88.5383679999999, 42.243072], [-88.50176, 42.241408]]}, "properties": {"FID": 18609, "TYPEPIPE": "Intrastate", "Operator": "Northern Illinois Gas Co", "Status": "Operating", "Shape_Leng": 0.0366457986677, "Shape__Length": 4082.8581849656266}}, {"type": "Feature", "id": 18611, "geometry": {"type": "LineString", "coordinates": [[-88.559744, 42.243072], [-88.5383679999999, 42.243072]]}, "properties": {"FID": 18611, "TYPEPIPE": "Intrastate", "Operator": "Northern Illinois Gas Co", "Status": "Operating", "Shape_Leng": 0.021376, "Shape__Length": 2379.5654352009296}}, {"type": "Feature", "id": 18613, "geometry": {"type": "LineString", "coordinates": [[-88.559744, 42.1651200000001], [-88.559744, 42.243072]]}, "properties": {"FID": 18613, "TYPEPIPE": "Intrastate", "Operator": "Northern Illinois Gas Co", "Status": "Operating", "Shape_Leng": 0.077952, "Shape__Length": 11714.48087174911}}, {"type": "Feature", "id": 18615, "geometry": {"type": "LineString", "coordinates": [[-88.539328, 42.143744], [-88.559744, 42.1651200000001]]}, "properties": {"FID": 18615, "TYPEPIPE": "Intrastate", "Operator": "Northern Illinois Gas Co", "Status": "Operating", "Shape_Leng": 0.0295592021544, "Shape__Length": 3932.9532924224636}}, {"type": "Feature", "id": 18617, "geometry": {"type": "LineString", "coordinates": [[-88.539328, 42.07264], [-88.539328, 42.143744]]}, "properties": {"FID": 18617, "TYPEPIPE": "Intrastate", "Operator": "Northern Illinois Gas Co", "Status": "Operating", "Shape_Leng": 0.071104, "Shape__Length": 10669.195355850272}}, {"type": "Feature", "id": 18620, "geometry": {"type": "LineString", "coordinates": [[-88.54752, 42.07264], [-88.539328, 42.07264]]}, "properties": {"FID": 18620, "TYPEPIPE": "Intrastate", "Operator": "Northern Illinois Gas Co", "Status": "Operating", "Shape_Leng": 0.00819200000001, "Shape__Length": 911.9292685799301}}, {"type": "Feature", "id": 18623, "geometry": {"type": "LineString", "coordinates": [[-88.54752, 42.07264], [-88.54752, 42.0631680000001]]}, "properties": {"FID": 18623, "TYPEPIPE": "Intrastate", "Operator": "Northern Illinois Gas Co", "Status": "Operating", "Shape_Leng": 0.00947199999996, "Shape__Length": 1420.3763658301905}}, {"type": "Feature", "id": 18625, "geometry": {"type": "LineString", "coordinates": [[-88.580096, 42.07264], [-88.54752, 42.07264]]}, "properties": {"FID": 18625, "TYPEPIPE": "Intrastate", "Operator": "Northern Illinois Gas Co", "Status": "Operating", "Shape_Leng": 0.032576, "Shape__Length": 3626.3437320832163}}, {"type": "Feature", "id": 18627, "geometry": {"type": "LineString", "coordinates": [[-88.592256, 42.08288], [-88.580096, 42.07264]]}, "properties": {"FID": 18627, "TYPEPIPE": "Intrastate", "Operator": "Northern Illinois Gas Co", "Status": "Operating", "Shape_Leng": 0.0158972702059, "Shape__Length": 2047.1874592409363}}, {"type": "Feature", "id": 18629, "geometry": {"type": "LineString", "coordinates": [[-88.6563839999999, 42.08288], [-88.592256, 42.08288]]}, "properties": {"FID": 18629, "TYPEPIPE": "Intrastate", "Operator": "Northern Illinois Gas Co", "Status": "Operating", "Shape_Leng": 0.064128, "Shape__Length": 7138.69630558975}}, {"type": "Feature", "id": 18631, "geometry": {"type": "LineString", "coordinates": [[-88.637056, 41.9834880000001], [-88.6547199999999, 41.927872]]}, "properties": {"FID": 18631, "TYPEPIPE": "Intrastate", "Operator": "Northern Illinois Gas Co", "Status": "Operating", "Shape_Leng": 0.0583537175508, "Shape__Length": 8554.278303630766}}, {"type": "Feature", "id": 18633, "geometry": {"type": "LineString", "coordinates": [[-88.6563839999999, 42.015232], [-88.637056, 41.9834880000001]]}, "properties": {"FID": 18633, "TYPEPIPE": "Intrastate", "Operator": "Northern Illinois Gas Co", "Status": "Operating", "Shape_Leng": 0.037165213843, "Shape__Length": 5219.176799966537}}, {"type": "Feature", "id": 18635, "geometry": {"type": "LineString", "coordinates": [[-88.6563839999999, 42.08288], [-88.6563839999999, 42.015232]]}, "properties": {"FID": 18635, "TYPEPIPE": "Intrastate", "Operator": "Northern Illinois Gas Co", "Status": "Operating", "Shape_Leng": 0.067648, "Shape__Length": 10141.165571344085}}, {"type": "Feature", "id": 18638, "geometry": {"type": "LineString", "coordinates": [[-88.7744, 42.137728], [-88.6563839999999, 42.08288]]}, "properties": {"FID": 18638, "TYPEPIPE": "Intrastate", "Operator": "Northern Illinois Gas Co", "Status": "Operating", "Shape_Leng": 0.130138692786, "Shape__Length": 15502.592483109265}}, {"type": "Feature", "id": 18640, "geometry": {"type": "LineString", "coordinates": [[-88.7744, 42.137728], [-88.775424, 42.1017600000001]]}, "properties": {"FID": 18640, "TYPEPIPE": "Intrastate", "Operator": "Northern Illinois Gas Co", "Status": "Operating", "Shape_Leng": 0.03598257356, "Shape__Length": 5399.205281934693}}, {"type": "Feature", "id": 18642, "geometry": {"type": "LineString", "coordinates": [[-88.7744, 42.137728], [-88.775424, 42.1797120000001]]}, "properties": {"FID": 18642, "TYPEPIPE": "Intrastate", "Operator": "Northern Illinois Gas Co", "Status": "Operating", "Shape_Leng": 0.0419964859482, "Shape__Length": 6305.780395347543}}, {"type": "Feature", "id": 18644, "geometry": {"type": "LineString", "coordinates": [[-88.865984, 42.143744], [-88.7744, 42.137728]]}, "properties": {"FID": 18644, "TYPEPIPE": "Intrastate", "Operator": "Northern Illinois Gas Co", "Status": "Operating", "Shape_Leng": 0.0917813778062, "Shape__Length": 10235.011232716806}}, {"type": "Feature", "id": 18646, "geometry": {"type": "LineString", "coordinates": [[-88.4310399999999, 42.1932160000001], [-88.50176, 42.241408]]}, "properties": {"FID": 18646, "TYPEPIPE": "Intrastate", "Operator": "Northern Illinois Gas Co", "Status": "Operating", "Shape_Leng": 0.0855791286705, "Shape__Length": 10698.034239341147}}, {"type": "Feature", "id": 18648, "geometry": {"type": "LineString", "coordinates": [[-88.5022719999999, 42.085248], [-88.3578239999999, 42.071552]]}, "properties": {"FID": 18648, "TYPEPIPE": "Intrastate", "Operator": "Northern Illinois Gas Co", "Status": "Operating", "Shape_Leng": 0.145095848045, "Shape__Length": 16210.549295572957}}, {"type": "Feature", "id": 18650, "geometry": {"type": "LineString", "coordinates": [[-88.7744, 42.137728], [-88.5022719999999, 42.085248]]}, "properties": {"FID": 18650, "TYPEPIPE": "Intrastate", "Operator": "Northern Illinois Gas Co", "Status": "Operating", "Shape_Leng": 0.277142199573, "Shape__Length": 31300.025079068324}}, {"type": "Feature", "id": 18652, "geometry": {"type": "LineString", "coordinates": [[-88.316224, 42.47776], [-88.438848, 42.47776]]}, "properties": {"FID": 18652, "TYPEPIPE": "Intrastate", "Operator": "Northern Illinois Gas Co", "Status": "Operating", "Shape_Leng": 0.122624, "Shape__Length": 13650.441239031032}}, {"type": "Feature", "id": 18654, "geometry": {"type": "LineString", "coordinates": [[-88.348992, 42.269568], [-88.387776, 42.26016]]}, "properties": {"FID": 18654, "TYPEPIPE": "Intrastate", "Operator": "Northern Illinois Gas Co", "Status": "Operating", "Shape_Leng": 0.0399087599407, "Shape__Length": 4543.435168352458}}, {"type": "Feature", "id": 18656, "geometry": {"type": "LineString", "coordinates": [[-88.3724799999999, 42.308096], [-88.348992, 42.269568]]}, "properties": {"FID": 18656, "TYPEPIPE": "Intrastate", "Operator": "Northern Illinois Gas Co", "Status": "Operating", "Shape_Leng": 0.0451230864192, "Shape__Length": 6360.015942553646}}, {"type": "Feature", "id": 18658, "geometry": {"type": "LineString", "coordinates": [[-88.396992, 42.3141120000001], [-88.3724799999999, 42.308096]]}, "properties": {"FID": 18658, "TYPEPIPE": "Intrastate", "Operator": "Northern Illinois Gas Co", "Status": "Operating", "Shape_Leng": 0.025239461167, "Shape__Length": 2875.0183366432184}}, {"type": "Feature", "id": 18660, "geometry": {"type": "LineString", "coordinates": [[-88.389824, 42.333824], [-88.3724799999999, 42.308096]]}, "properties": {"FID": 18660, "TYPEPIPE": "Intrastate", "Operator": "Northern Illinois Gas Co", "Status": "Operating", "Shape_Leng": 0.0310281214385, "Shape__Length": 4328.038754502535}}, {"type": "Feature", "id": 18662, "geometry": {"type": "LineString", "coordinates": [[-88.3724799999999, 42.373248], [-88.3724799999999, 42.3997440000001]]}, "properties": {"FID": 18662, "TYPEPIPE": "Intrastate", "Operator": "Northern Illinois Gas Co", "Status": "Operating", "Shape_Leng": 0.026496, "Shape__Length": 3993.3176408596337}}, {"type": "Feature", "id": 18664, "geometry": {"type": "LineString", "coordinates": [[-88.3342719999999, 41.9780480000001], [-88.327232, 41.93696]]}, "properties": {"FID": 18664, "TYPEPIPE": "Intrastate", "Operator": "Northern Illinois Gas Co", "Status": "Operating", "Shape_Leng": 0.04168675262, "Shape__Length": 6200.403506034834}}, {"type": "Feature", "id": 18666, "geometry": {"type": "LineString", "coordinates": [[-88.3578239999999, 42.071552], [-88.3578879999999, 41.9353600000001]]}, "properties": {"FID": 18666, "TYPEPIPE": "Intrastate", "Operator": "Northern Illinois Gas Co", "Status": "Operating", "Shape_Leng": 0.136192015038, "Shape__Length": 20402.02303288183}}, {"type": "Feature", "id": 18669, "geometry": {"type": "LineString", "coordinates": [[-88.3578239999999, 42.071552], [-88.303872, 42.0638720000001]]}, "properties": {"FID": 18669, "TYPEPIPE": "Intrastate", "Operator": "Northern Illinois Gas Co", "Status": "Operating", "Shape_Leng": 0.0544958778624, "Shape__Length": 6115.329069120578}}, {"type": "Feature", "id": 18671, "geometry": {"type": "LineString", "coordinates": [[-88.3578239999999, 42.084416], [-88.3578239999999, 42.071552]]}, "properties": {"FID": 18671, "TYPEPIPE": "Intrastate", "Operator": "Northern Illinois Gas Co", "Status": "Operating", "Shape_Leng": 0.012864, "Shape__Length": 1929.331043147482}}, {"type": "Feature", "id": 18673, "geometry": {"type": "LineString", "coordinates": [[-88.3568, 42.140992], [-88.4310399999999, 42.1932160000001]]}, "properties": {"FID": 18673, "TYPEPIPE": "Intrastate", "Operator": "Northern Illinois Gas Co", "Status": "Operating", "Shape_Leng": 0.0907685175377, "Shape__Length": 11393.886348219326}}, {"type": "Feature", "id": 18675, "geometry": {"type": "LineString", "coordinates": [[-88.3578239999999, 42.084416], [-88.3568, 42.140992]]}, "properties": {"FID": 18675, "TYPEPIPE": "Intrastate", "Operator": "Northern Illinois Gas Co", "Status": "Operating", "Shape_Leng": 0.0565852662095, "Shape__Length": 8490.629754786883}}, {"type": "Feature", "id": 18677, "geometry": {"type": "LineString", "coordinates": [[-88.304896, 42.084416], [-88.3578239999999, 42.084416]]}, "properties": {"FID": 18677, "TYPEPIPE": "Intrastate", "Operator": "Northern Illinois Gas Co", "Status": "Operating", "Shape_Leng": 0.052928, "Shape__Length": 5891.918008700013}}, {"type": "Feature", "id": 18679, "geometry": {"type": "LineString", "coordinates": [[-88.348992, 42.269568], [-88.334592, 42.2387200000001]]}, "properties": {"FID": 18679, "TYPEPIPE": "Intrastate", "Operator": "Northern Illinois Gas Co", "Status": "Operating", "Shape_Leng": 0.0340434884229, "Shape__Length": 4908.580501832834}}, {"type": "Feature", "id": 18681, "geometry": {"type": "LineString", "coordinates": [[-89.4555519999999, 41.36352], [-89.496704, 41.36352]]}, "properties": {"FID": 18681, "TYPEPIPE": "Intrastate", "Operator": "Northern Illinois Gas Co", "Status": "Operating", "Shape_Leng": 0.041152, "Shape__Length": 4581.019685126841}}, {"type": "Feature", "id": 18683, "geometry": {"type": "LineString", "coordinates": [[-89.4555519999999, 41.36352], [-89.454528, 41.347904]]}, "properties": {"FID": 18683, "TYPEPIPE": "Intrastate", "Operator": "Northern Illinois Gas Co", "Status": "Operating", "Shape_Leng": 0.0156495377568, "Shape__Length": 2318.7032150221276}}, {"type": "Feature", "id": 18685, "geometry": {"type": "LineString", "coordinates": [[-89.454528, 41.347904], [-89.515072, 41.286272]]}, "properties": {"FID": 18685, "TYPEPIPE": "Intrastate", "Operator": "Northern Illinois Gas Co", "Status": "Operating", "Shape_Leng": 0.0863949035534, "Shape__Length": 11352.020105498961}}, {"type": "Feature", "id": 18687, "geometry": {"type": "LineString", "coordinates": [[-89.515072, 41.286272], [-89.548608, 41.286272]]}, "properties": {"FID": 18687, "TYPEPIPE": "Intrastate", "Operator": "Northern Illinois Gas Co", "Status": "Operating", "Shape_Leng": 0.033536, "Shape__Length": 3733.2104432415217}}, {"type": "Feature", "id": 18689, "geometry": {"type": "LineString", "coordinates": [[-89.515072, 41.286272], [-89.489088, 41.286272]]}, "properties": {"FID": 18689, "TYPEPIPE": "Intrastate", "Operator": "Northern Illinois Gas Co", "Status": "Operating", "Shape_Leng": 0.025984, "Shape__Length": 2892.525648770854}}, {"type": "Feature", "id": 18691, "geometry": {"type": "LineString", "coordinates": [[-89.489088, 41.286272], [-89.489088, 41.278016]]}, "properties": {"FID": 18691, "TYPEPIPE": "Intrastate", "Operator": "Northern Illinois Gas Co", "Status": "Operating", "Shape_Leng": 0.00825600000002, "Shape__Length": 1223.0082136541605}}, {"type": "Feature", "id": 18693, "geometry": {"type": "LineString", "coordinates": [[-89.489088, 41.278016], [-89.46752, 41.27712]]}, "properties": {"FID": 18693, "TYPEPIPE": "Intrastate", "Operator": "Northern Illinois Gas Co", "Status": "Operating", "Shape_Leng": 0.0215866032529, "Shape__Length": 2404.604267301111}}, {"type": "Feature", "id": 18695, "geometry": {"type": "LineString", "coordinates": [[-89.46752, 41.27712], [-89.46752, 41.2669440000001]]}, "properties": {"FID": 18695, "TYPEPIPE": "Intrastate", "Operator": "Northern Illinois Gas Co", "Status": "Operating", "Shape_Leng": 0.0101759999999, "Shape__Length": 1507.1952125318348}}, {"type": "Feature", "id": 18697, "geometry": {"type": "LineString", "coordinates": [[-89.46752, 41.2669440000001], [-89.445888, 41.2669440000001]]}, "properties": {"FID": 18697, "TYPEPIPE": "Intrastate", "Operator": "Northern Illinois Gas Co", "Status": "Operating", "Shape_Leng": 0.021632, "Shape__Length": 2408.063224842772}}, {"type": "Feature", "id": 18699, "geometry": {"type": "LineString", "coordinates": [[-89.445888, 41.2669440000001], [-89.408, 41.253184]]}, "properties": {"FID": 18699, "TYPEPIPE": "Intrastate", "Operator": "Northern Illinois Gas Co", "Status": "Operating", "Shape_Leng": 0.0403092811149, "Shape__Length": 4684.102213762908}}, {"type": "Feature", "id": 18701, "geometry": {"type": "LineString", "coordinates": [[-89.272544, 40.6453440000001], [-89.3421759999999, 40.6444800000001]]}, "properties": {"FID": 18701, "TYPEPIPE": "Intrastate", "Operator": "Northern Illinois Gas Co", "Status": "Operating", "Shape_Leng": 0.0696373600878, "Shape__Length": 7752.435167264567}}, {"type": "Feature", "id": 18703, "geometry": {"type": "LineString", "coordinates": [[-89.132352, 40.555232], [-89.3556799999999, 40.555232]]}, "properties": {"FID": 18703, "TYPEPIPE": "Intrastate", "Operator": "Northern Illinois Gas Co", "Status": "Operating", "Shape_Leng": 0.223328, "Shape__Length": 24860.759239878505}}, {"type": "Feature", "id": 18705, "geometry": {"type": "LineString", "coordinates": [[-89.205824, 40.6294720000001], [-89.272544, 40.6453440000001]]}, "properties": {"FID": 18705, "TYPEPIPE": "Intrastate", "Operator": "Northern Illinois Gas Co", "Status": "Operating", "Shape_Leng": 0.0685819129509, "Shape__Length": 7783.641486612897}}, {"type": "Feature", "id": 18707, "geometry": {"type": "LineString", "coordinates": [[-89.13328, 40.594432], [-89.205824, 40.6294720000001]]}, "properties": {"FID": 18707, "TYPEPIPE": "Intrastate", "Operator": "Northern Illinois Gas Co", "Status": "Operating", "Shape_Leng": 0.0805632269463, "Shape__Length": 9571.645343550785}}, {"type": "Feature", "id": 18709, "geometry": {"type": "LineString", "coordinates": [[-89.132352, 40.555232], [-89.13328, 40.594432]]}, "properties": {"FID": 18709, "TYPEPIPE": "Intrastate", "Operator": "Northern Illinois Gas Co", "Status": "Operating", "Shape_Leng": 0.0392109829512, "Shape__Length": 5746.01919182026}}, {"type": "Feature", "id": 18711, "geometry": {"type": "LineString", "coordinates": [[-89.692736, 41.783232], [-89.803712, 41.783232]]}, "properties": {"FID": 18711, "TYPEPIPE": "Intrastate", "Operator": "Northern Illinois Gas Co", "Status": "Operating", "Shape_Leng": 0.110976, "Shape__Length": 12353.791810274124}}, {"type": "Feature", "id": 18713, "geometry": {"type": "LineString", "coordinates": [[-89.803712, 41.783232], [-89.803712, 41.85312]]}, "properties": {"FID": 18713, "TYPEPIPE": "Intrastate", "Operator": "Northern Illinois Gas Co", "Status": "Operating", "Shape_Leng": 0.069888, "Shape__Length": 10439.109397416003}}, {"type": "Feature", "id": 18715, "geometry": {"type": "LineString", "coordinates": [[-89.803712, 41.783232], [-89.8951039999999, 41.7841280000001]]}, "properties": {"FID": 18715, "TYPEPIPE": "Intrastate", "Operator": "Northern Illinois Gas Co", "Status": "Operating", "Shape_Leng": 0.0913963920513, "Shape__Length": 10174.590212165469}}, {"type": "Feature", "id": 18717, "geometry": {"type": "LineString", "coordinates": [[-89.732608, 41.6138240000001], [-89.740224, 41.6202880000001]]}, "properties": {"FID": 18717, "TYPEPIPE": "Intrastate", "Operator": "Northern Illinois Gas Co", "Status": "Operating", "Shape_Leng": 0.00998933190958, "Shape__Length": 1282.652140377615}}, {"type": "Feature", "id": 18719, "geometry": {"type": "LineString", "coordinates": [[-89.740224, 41.6202880000001], [-89.7575679999999, 41.632256]]}, "properties": {"FID": 18719, "TYPEPIPE": "Intrastate", "Operator": "Northern Illinois Gas Co", "Status": "Operating", "Shape_Leng": 0.0210724312788, "Shape__Length": 2627.6147722988953}}, {"type": "Feature", "id": 18721, "geometry": {"type": "LineString", "coordinates": [[-89.740224, 41.6202880000001], [-89.723968, 41.62944]]}, "properties": {"FID": 18721, "TYPEPIPE": "Intrastate", "Operator": "Northern Illinois Gas Co", "Status": "Operating", "Shape_Leng": 0.0186552040996, "Shape__Length": 2265.444150530587}}, {"type": "Feature", "id": 18723, "geometry": {"type": "LineString", "coordinates": [[-89.68512, 41.879808], [-89.702528, 41.879808]]}, "properties": {"FID": 18723, "TYPEPIPE": "Intrastate", "Operator": "Northern Illinois Gas Co", "Status": "Operating", "Shape_Leng": 0.017408, "Shape__Length": 1937.8496957272291}}, {"type": "Feature", "id": 18725, "geometry": {"type": "LineString", "coordinates": [[-89.702528, 41.879808], [-89.702528, 41.8899200000001]]}, "properties": {"FID": 18725, "TYPEPIPE": "Intrastate", "Operator": "Northern Illinois Gas Co", "Status": "Operating", "Shape_Leng": 0.010112, "Shape__Length": 1511.995868272148}}, {"type": "Feature", "id": 18727, "geometry": {"type": "LineString", "coordinates": [[-89.68512, 41.879808], [-89.638336, 41.879808]]}, "properties": {"FID": 18727, "TYPEPIPE": "Intrastate", "Operator": "Northern Illinois Gas Co", "Status": "Operating", "Shape_Leng": 0.046784, "Shape__Length": 5207.9710572734475}}, {"type": "Feature", "id": 18729, "geometry": {"type": "LineString", "coordinates": [[-89.638336, 41.879808], [-89.654656, 41.8375040000001]]}, "properties": {"FID": 18729, "TYPEPIPE": "Intrastate", "Operator": "Northern Illinois Gas Co", "Status": "Operating", "Shape_Leng": 0.0453428143811, "Shape__Length": 6578.731025426066}}, {"type": "Feature", "id": 18731, "geometry": {"type": "LineString", "coordinates": [[-89.638336, 41.879808], [-89.6307199999999, 41.880704]]}, "properties": {"FID": 18731, "TYPEPIPE": "Intrastate", "Operator": "Northern Illinois Gas Co", "Status": "Operating", "Shape_Leng": 0.00766852476039, "Shape__Length": 858.3280489176911}}, {"type": "Feature", "id": 18733, "geometry": {"type": "LineString", "coordinates": [[-89.6307199999999, 41.880704], [-89.6307199999999, 41.89088]]}, "properties": {"FID": 18733, "TYPEPIPE": "Intrastate", "Operator": "Northern Illinois Gas Co", "Status": "Operating", "Shape_Leng": 0.010176, "Shape__Length": 1521.5875632455572}}, {"type": "Feature", "id": 18735, "geometry": {"type": "LineString", "coordinates": [[-89.6307199999999, 41.89088], [-89.6198399999999, 41.8972800000001]]}, "properties": {"FID": 18735, "TYPEPIPE": "Intrastate", "Operator": "Northern Illinois Gas Co", "Status": "Operating", "Shape_Leng": 0.0126227730709, "Shape__Length": 1543.6756728381595}}, {"type": "Feature", "id": 18737, "geometry": {"type": "LineString", "coordinates": [[-89.55776, 41.8191360000001], [-89.612224, 41.880704]]}, "properties": {"FID": 18737, "TYPEPIPE": "Intrastate", "Operator": "Northern Illinois Gas Co", "Status": "Operating", "Shape_Leng": 0.0822006442797, "Shape__Length": 11018.881278497938}}, {"type": "Feature", "id": 18739, "geometry": {"type": "LineString", "coordinates": [[-89.612224, 41.880704], [-89.6307199999999, 41.880704]]}, "properties": {"FID": 18739, "TYPEPIPE": "Intrastate", "Operator": "Northern Illinois Gas Co", "Status": "Operating", "Shape_Leng": 0.018496, "Shape__Length": 2058.9653017092496}}, {"type": "Feature", "id": 18741, "geometry": {"type": "LineString", "coordinates": [[-89.49056, 42.004032], [-89.489472, 41.8467840000001]]}, "properties": {"FID": 18741, "TYPEPIPE": "Intrastate", "Operator": "Northern Illinois Gas Co", "Status": "Operating", "Shape_Leng": 0.157251763895, "Shape__Length": 23527.75957645691}}, {"type": "Feature", "id": 18743, "geometry": {"type": "LineString", "coordinates": [[-89.452352, 41.84768], [-89.4075519999999, 41.84768]]}, "properties": {"FID": 18743, "TYPEPIPE": "Intrastate", "Operator": "Northern Illinois Gas Co", "Status": "Operating", "Shape_Leng": 0.0448, "Shape__Length": 4987.1131875403225}}, {"type": "Feature", "id": 18745, "geometry": {"type": "LineString", "coordinates": [[-89.452352, 41.84768], [-89.451264, 41.8752640000001]]}, "properties": {"FID": 18745, "TYPEPIPE": "Intrastate", "Operator": "Northern Illinois Gas Co", "Status": "Operating", "Shape_Leng": 0.0276054487376, "Shape__Length": 4124.7645171662225}}, {"type": "Feature", "id": 18747, "geometry": {"type": "LineString", "coordinates": [[-89.451264, 41.8752640000001], [-89.465408, 41.8752640000001]]}, "properties": {"FID": 18747, "TYPEPIPE": "Intrastate", "Operator": "Northern Illinois Gas Co", "Status": "Operating", "Shape_Leng": 0.014144, "Shape__Length": 1574.5028777774423}}, {"type": "Feature", "id": 18749, "geometry": {"type": "LineString", "coordinates": [[-89.451264, 41.8752640000001], [-89.4140799999999, 41.8954880000001]]}, "properties": {"FID": 18749, "TYPEPIPE": "Intrastate", "Operator": "Northern Illinois Gas Co", "Status": "Operating", "Shape_Leng": 0.042328005292, "Shape__Length": 5126.256911929284}}, {"type": "Feature", "id": 18751, "geometry": {"type": "LineString", "coordinates": [[-89.452352, 41.84768], [-89.4632319999999, 41.84768]]}, "properties": {"FID": 18751, "TYPEPIPE": "Intrastate", "Operator": "Northern Illinois Gas Co", "Status": "Operating", "Shape_Leng": 0.01088, "Shape__Length": 1211.1560598295182}}, {"type": "Feature", "id": 18753, "geometry": {"type": "LineString", "coordinates": [[-89.489472, 41.8467840000001], [-89.55776, 41.8191360000001]]}, "properties": {"FID": 18753, "TYPEPIPE": "Intrastate", "Operator": "Northern Illinois Gas Co", "Status": "Operating", "Shape_Leng": 0.0736726736857, "Shape__Length": 8651.584372727557}}, {"type": "Feature", "id": 18755, "geometry": {"type": "LineString", "coordinates": [[-89.55776, 41.8191360000001], [-89.506624, 41.7685120000001]]}, "properties": {"FID": 18755, "TYPEPIPE": "Intrastate", "Operator": "Northern Illinois Gas Co", "Status": "Operating", "Shape_Leng": 0.0719560968369, "Shape__Length": 9462.509233595745}}, {"type": "Feature", "id": 18757, "geometry": {"type": "LineString", "coordinates": [[-89.55776, 41.8191360000001], [-89.617664, 41.793344]]}, "properties": {"FID": 18757, "TYPEPIPE": "Intrastate", "Operator": "Northern Illinois Gas Co", "Status": "Operating", "Shape_Leng": 0.0652205219237, "Shape__Length": 7700.9806958140625}}, {"type": "Feature", "id": 18759, "geometry": {"type": "LineString", "coordinates": [[-89.617664, 41.793344], [-89.618752, 41.8264320000001]]}, "properties": {"FID": 18759, "TYPEPIPE": "Intrastate", "Operator": "Northern Illinois Gas Co", "Status": "Operating", "Shape_Leng": 0.0331058829818, "Shape__Length": 4943.169483600545}}, {"type": "Feature", "id": 18761, "geometry": {"type": "LineString", "coordinates": [[-89.68512, 41.7621120000001], [-89.68512, 41.7841280000001]]}, "properties": {"FID": 18761, "TYPEPIPE": "Intrastate", "Operator": "Northern Illinois Gas Co", "Status": "Operating", "Shape_Leng": 0.022016, "Shape__Length": 3286.1991861388087}}, {"type": "Feature", "id": 18763, "geometry": {"type": "LineString", "coordinates": [[-89.68512, 41.7841280000001], [-89.68512, 41.879808]]}, "properties": {"FID": 18763, "TYPEPIPE": "Intrastate", "Operator": "Northern Illinois Gas Co", "Status": "Operating", "Shape_Leng": 0.09568, "Shape__Length": 14294.71883929614}}, {"type": "Feature", "id": 18765, "geometry": {"type": "LineString", "coordinates": [[-89.654656, 41.8375040000001], [-89.6339839999999, 41.8375040000001]]}, "properties": {"FID": 18765, "TYPEPIPE": "Intrastate", "Operator": "Northern Illinois Gas Co", "Status": "Operating", "Shape_Leng": 0.020672, "Shape__Length": 2301.196513682604}}, {"type": "Feature", "id": 18767, "geometry": {"type": "LineString", "coordinates": [[-89.618752, 41.8264320000001], [-89.618752, 41.8393600000001]]}, "properties": {"FID": 18767, "TYPEPIPE": "Intrastate", "Operator": "Northern Illinois Gas Co", "Status": "Operating", "Shape_Leng": 0.012928, "Shape__Length": 1931.4877672428265}}, {"type": "Feature", "id": 18769, "geometry": {"type": "LineString", "coordinates": [[-89.617664, 41.793344], [-89.665845, 41.771036]]}, "properties": {"FID": 18769, "TYPEPIPE": "Intrastate", "Operator": "Northern Illinois Gas Co", "Status": "Operating", "Shape_Leng": 0.0530947796398, "Shape__Length": 6313.284795718587}}, {"type": "Feature", "id": 18771, "geometry": {"type": "LineString", "coordinates": [[-89.665845, 41.771036], [-89.68512, 41.7621120000001]]}, "properties": {"FID": 18771, "TYPEPIPE": "Intrastate", "Operator": "Northern Illinois Gas Co", "Status": "Operating", "Shape_Leng": 0.0212406073595, "Shape__Length": 2525.451739176713}}, {"type": "Feature", "id": 18773, "geometry": {"type": "LineString", "coordinates": [[-89.665845, 41.771036], [-89.656832, 41.761152]]}, "properties": {"FID": 18773, "TYPEPIPE": "Intrastate", "Operator": "Northern Illinois Gas Co", "Status": "Operating", "Shape_Leng": 0.0133763831061, "Shape__Length": 1784.0314707282134}}, {"type": "Feature", "id": 18775, "geometry": {"type": "LineString", "coordinates": [[-89.656832, 41.761152], [-89.63616, 41.763904]]}, "properties": {"FID": 18775, "TYPEPIPE": "Intrastate", "Operator": "Northern Illinois Gas Co", "Status": "Operating", "Shape_Leng": 0.0208543781494, "Shape__Length": 2337.559774255649}}, {"type": "Feature", "id": 18777, "geometry": {"type": "LineString", "coordinates": [[-89.63616, 41.763904], [-89.63616, 41.75104]]}, "properties": {"FID": 18777, "TYPEPIPE": "Intrastate", "Operator": "Northern Illinois Gas Co", "Status": "Operating", "Shape_Leng": 0.012864, "Shape__Length": 1919.6655617924407}}, {"type": "Feature", "id": 18779, "geometry": {"type": "LineString", "coordinates": [[-89.63616, 41.763904], [-89.611072, 41.7694720000001]]}, "properties": {"FID": 18779, "TYPEPIPE": "Intrastate", "Operator": "Northern Illinois Gas Co", "Status": "Operating", "Shape_Leng": 0.0256984506926, "Shape__Length": 2913.8003046731724}}, {"type": "Feature", "id": 18781, "geometry": {"type": "LineString", "coordinates": [[-89.611072, 41.7694720000001], [-89.6127999999999, 41.75296]]}, "properties": {"FID": 18781, "TYPEPIPE": "Intrastate", "Operator": "Northern Illinois Gas Co", "Status": "Operating", "Shape_Leng": 0.016602172388, "Shape__Length": 2471.6887186675485}}, {"type": "Feature", "id": 18783, "geometry": {"type": "LineString", "coordinates": [[-89.656832, 41.761152], [-89.692736, 41.7446400000001]]}, "properties": {"FID": 18783, "TYPEPIPE": "Intrastate", "Operator": "Northern Illinois Gas Co", "Status": "Operating", "Shape_Leng": 0.0395188987701, "Shape__Length": 4695.231480922682}}, {"type": "Feature", "id": 18785, "geometry": {"type": "LineString", "coordinates": [[-89.68512, 41.7841280000001], [-89.692736, 41.783232]]}, "properties": {"FID": 18785, "TYPEPIPE": "Intrastate", "Operator": "Northern Illinois Gas Co", "Status": "Operating", "Shape_Leng": 0.00766852476033, "Shape__Length": 858.2965495261114}}, {"type": "Feature", "id": 18787, "geometry": {"type": "LineString", "coordinates": [[-89.692736, 41.7446400000001], [-89.692736, 41.783232]]}, "properties": {"FID": 18787, "TYPEPIPE": "Intrastate", "Operator": "Northern Illinois Gas Co", "Status": "Operating", "Shape_Leng": 0.038592, "Shape__Length": 5759.577080191113}}, {"type": "Feature", "id": 18789, "geometry": {"type": "LineString", "coordinates": [[-89.723968, 41.62944], [-89.670848, 41.594496]]}, "properties": {"FID": 18789, "TYPEPIPE": "Intrastate", "Operator": "Northern Illinois Gas Co", "Status": "Operating", "Shape_Leng": 0.0635831544986, "Shape__Length": 7876.325694113638}}, {"type": "Feature", "id": 18791, "geometry": {"type": "LineString", "coordinates": [[-89.670848, 41.594496], [-89.670848, 41.531968]]}, "properties": {"FID": 18791, "TYPEPIPE": "Intrastate", "Operator": "Northern Illinois Gas Co", "Status": "Operating", "Shape_Leng": 0.062528, "Shape__Length": 9302.810487363487}}, {"type": "Feature", "id": 18794, "geometry": {"type": "LineString", "coordinates": [[-89.670848, 41.531968], [-89.6286719999999, 41.531968]]}, "properties": {"FID": 18794, "TYPEPIPE": "Intrastate", "Operator": "Northern Illinois Gas Co", "Status": "Operating", "Shape_Leng": 0.042176, "Shape__Length": 4695.010843701661}}, {"type": "Feature", "id": 18796, "geometry": {"type": "LineString", "coordinates": [[-89.6286719999999, 41.531968], [-89.5831679999999, 41.530112]]}, "properties": {"FID": 18796, "TYPEPIPE": "Intrastate", "Operator": "Northern Illinois Gas Co", "Status": "Operating", "Shape_Leng": 0.0455418351848, "Shape__Length": 5072.995394373012}}, {"type": "Feature", "id": 18798, "geometry": {"type": "LineString", "coordinates": [[-89.670848, 41.531968], [-89.672, 41.4786560000001]]}, "properties": {"FID": 18798, "TYPEPIPE": "Intrastate", "Operator": "Northern Illinois Gas Co", "Status": "Operating", "Shape_Leng": 0.053324445126, "Shape__Length": 7925.607640078112}}, {"type": "Feature", "id": 18800, "geometry": {"type": "LineString", "coordinates": [[-89.672, 41.4786560000001], [-89.69472, 41.4786560000001]]}, "properties": {"FID": 18800, "TYPEPIPE": "Intrastate", "Operator": "Northern Illinois Gas Co", "Status": "Operating", "Shape_Leng": 0.02272, "Shape__Length": 2529.1788308229297}}, {"type": "Feature", "id": 18802, "geometry": {"type": "LineString", "coordinates": [[-89.69472, 41.4786560000001], [-89.693632, 41.462976]]}, "properties": {"FID": 18802, "TYPEPIPE": "Intrastate", "Operator": "Northern Illinois Gas Co", "Status": "Operating", "Shape_Leng": 0.0157177016132, "Shape__Length": 2332.661429427052}}, {"type": "Feature", "id": 18804, "geometry": {"type": "LineString", "coordinates": [[-89.42134, 41.8020250000001], [-89.375872, 41.770176]]}, "properties": {"FID": 18804, "TYPEPIPE": "Intrastate", "Operator": "Northern Illinois Gas Co", "Status": "Operating", "Shape_Leng": 0.0555130419361, "Shape__Length": 6944.592842580431}}, {"type": "Feature", "id": 18807, "geometry": {"type": "LineString", "coordinates": [[-89.375872, 41.770176], [-89.3900159999999, 41.748992]]}, "properties": {"FID": 18807, "TYPEPIPE": "Intrastate", "Operator": "Northern Illinois Gas Co", "Status": "Operating", "Shape_Leng": 0.0254718391955, "Shape__Length": 3531.7357688384773}}, {"type": "Feature", "id": 18809, "geometry": {"type": "LineString", "coordinates": [[-89.3900159999999, 41.748992], [-89.4257919999999, 41.751808]]}, "properties": {"FID": 18809, "TYPEPIPE": "Intrastate", "Operator": "Northern Illinois Gas Co", "Status": "Operating", "Shape_Leng": 0.0358866553471, "Shape__Length": 4004.670167585847}}, {"type": "Feature", "id": 18811, "geometry": {"type": "LineString", "coordinates": [[-89.3900159999999, 41.748992], [-89.33248, 41.6910720000001]]}, "properties": {"FID": 18811, "TYPEPIPE": "Intrastate", "Operator": "Northern Illinois Gas Co", "Status": "Operating", "Shape_Leng": 0.0816401720723, "Shape__Length": 10753.675942825785}}, {"type": "Feature", "id": 18813, "geometry": {"type": "LineString", "coordinates": [[-89.33248, 41.6910720000001], [-89.296576, 41.70304]]}, "properties": {"FID": 18813, "TYPEPIPE": "Intrastate", "Operator": "Northern Illinois Gas Co", "Status": "Operating", "Shape_Leng": 0.0378461390369, "Shape__Length": 4377.005938362162}}, {"type": "Feature", "id": 18815, "geometry": {"type": "LineString", "coordinates": [[-89.4538239999999, 41.391232], [-89.4555519999999, 41.36352]]}, "properties": {"FID": 18815, "TYPEPIPE": "Intrastate", "Operator": "Northern Illinois Gas Co", "Status": "Operating", "Shape_Leng": 0.0277658230204, "Shape__Length": 4115.638985192733}}, {"type": "Feature", "id": 18817, "geometry": {"type": "LineString", "coordinates": [[-89.4538239999999, 41.391232], [-89.4728959999999, 41.4306560000001]]}, "properties": {"FID": 18817, "TYPEPIPE": "Intrastate", "Operator": "Northern Illinois Gas Co", "Status": "Operating", "Shape_Leng": 0.0437948965063, "Shape__Length": 6224.908066945555}}, {"type": "Feature", "id": 18819, "geometry": {"type": "LineString", "coordinates": [[-89.4728959999999, 41.4306560000001], [-89.468608, 41.5328000000001]]}, "properties": {"FID": 18819, "TYPEPIPE": "Intrastate", "Operator": "Northern Illinois Gas Co", "Status": "Operating", "Shape_Leng": 0.102233965393, "Shape__Length": 15185.190936834328}}, {"type": "Feature", "id": 18821, "geometry": {"type": "LineString", "coordinates": [[-89.468608, 41.5328000000001], [-89.384192, 41.527296]]}, "properties": {"FID": 18821, "TYPEPIPE": "Intrastate", "Operator": "Northern Illinois Gas Co", "Status": "Operating", "Shape_Leng": 0.0845952426085, "Shape__Length": 9432.720974884069}}, {"type": "Feature", "id": 18823, "geometry": {"type": "LineString", "coordinates": [[-89.489472, 41.8467840000001], [-89.462144, 41.820096]]}, "properties": {"FID": 18823, "TYPEPIPE": "Intrastate", "Operator": "Northern Illinois Gas Co", "Status": "Operating", "Shape_Leng": 0.0381977607721, "Shape__Length": 5015.304200412325}}, {"type": "Feature", "id": 18825, "geometry": {"type": "LineString", "coordinates": [[-89.462144, 41.820096], [-89.4501759999999, 41.8081280000001]]}, "properties": {"FID": 18825, "TYPEPIPE": "Intrastate", "Operator": "Northern Illinois Gas Co", "Status": "Operating", "Shape_Leng": 0.0169253079145, "Shape__Length": 2229.4018599618985}}, {"type": "Feature", "id": 18827, "geometry": {"type": "LineString", "coordinates": [[-89.462144, 41.820096], [-89.452352, 41.823744]]}, "properties": {"FID": 18827, "TYPEPIPE": "Intrastate", "Operator": "Northern Illinois Gas Co", "Status": "Operating", "Shape_Leng": 0.010449457785, "Shape__Length": 1218.6620800814862}}, {"type": "Feature", "id": 18829, "geometry": {"type": "LineString", "coordinates": [[-89.452352, 41.823744], [-89.452352, 41.84768]]}, "properties": {"FID": 18829, "TYPEPIPE": "Intrastate", "Operator": "Northern Illinois Gas Co", "Status": "Operating", "Shape_Leng": 0.023936, "Shape__Length": 3576.2783048162237}}, {"type": "Feature", "id": 18831, "geometry": {"type": "LineString", "coordinates": [[-89.452352, 41.823744], [-89.42134, 41.8020250000001]]}, "properties": {"FID": 18831, "TYPEPIPE": "Intrastate", "Operator": "Northern Illinois Gas Co", "Status": "Operating", "Shape_Leng": 0.0378610499722, "Shape__Length": 4737.163262207545}}, {"type": "Feature", "id": 18833, "geometry": {"type": "LineString", "coordinates": [[-89.102784, 41.919296], [-89.103808, 41.9458560000001]]}, "properties": {"FID": 18833, "TYPEPIPE": "Intrastate", "Operator": "Northern Illinois Gas Co", "Status": "Operating", "Shape_Leng": 0.0265797324291, "Shape__Length": 3975.9853311845836}}, {"type": "Feature", "id": 18835, "geometry": {"type": "LineString", "coordinates": [[-89.14944, 41.9458560000001], [-89.102784, 41.919296]]}, "properties": {"FID": 18835, "TYPEPIPE": "Intrastate", "Operator": "Northern Illinois Gas Co", "Status": "Operating", "Shape_Leng": 0.0536862732549, "Shape__Length": 6539.894132956935}}, {"type": "Feature", "id": 18837, "geometry": {"type": "LineString", "coordinates": [[-89.296576, 41.70304], [-89.220608, 41.625792]]}, "properties": {"FID": 18837, "TYPEPIPE": "Intrastate", "Operator": "Northern Illinois Gas Co", "Status": "Operating", "Shape_Leng": 0.108343853208, "Shape__Length": 14283.42554394842}}, {"type": "Feature", "id": 18839, "geometry": {"type": "LineString", "coordinates": [[-89.296576, 41.70304], [-89.2520959999999, 41.734272]]}, "properties": {"FID": 18839, "TYPEPIPE": "Intrastate", "Operator": "Northern Illinois Gas Co", "Status": "Operating", "Shape_Leng": 0.0543498686659, "Shape__Length": 6798.0118515795075}}, {"type": "Feature", "id": 18841, "geometry": {"type": "LineString", "coordinates": [[-89.110912, 41.7012480000001], [-89.165376, 41.6935040000001]]}, "properties": {"FID": 18841, "TYPEPIPE": "Intrastate", "Operator": "Northern Illinois Gas Co", "Status": "Operating", "Shape_Leng": 0.0550117881185, "Shape__Length": 6171.853406338734}}, {"type": "Feature", "id": 18843, "geometry": {"type": "LineString", "coordinates": [[-89.136128, 41.4682240000001], [-89.112896, 41.4759040000001]]}, "properties": {"FID": 18843, "TYPEPIPE": "Intrastate", "Operator": "Northern Illinois Gas Co", "Status": "Operating", "Shape_Leng": 0.0244685149529, "Shape__Length": 2826.6940826306422}}, {"type": "Feature", "id": 18845, "geometry": {"type": "LineString", "coordinates": [[-89.137152, 41.390272], [-89.136128, 41.4682240000001]]}, "properties": {"FID": 18845, "TYPEPIPE": "Intrastate", "Operator": "Northern Illinois Gas Co", "Status": "Operating", "Shape_Leng": 0.0779587254899, "Shape__Length": 11574.163160339425}}, {"type": "Feature", "id": 18847, "geometry": {"type": "LineString", "coordinates": [[-89.112896, 41.4014080000001], [-89.112896, 41.3859840000001]]}, "properties": {"FID": 18847, "TYPEPIPE": "Intrastate", "Operator": "Northern Illinois Gas Co", "Status": "Operating", "Shape_Leng": 0.015424, "Shape__Length": 2288.76147292275}}, {"type": "Feature", "id": 18849, "geometry": {"type": "LineString", "coordinates": [[-89.112896, 41.4759040000001], [-89.112896, 41.4014080000001]]}, "properties": {"FID": 18849, "TYPEPIPE": "Intrastate", "Operator": "Northern Illinois Gas Co", "Status": "Operating", "Shape_Leng": 0.074496, "Shape__Length": 11062.089442401193}}, {"type": "Feature", "id": 18851, "geometry": {"type": "LineString", "coordinates": [[-89.112896, 41.4759040000001], [-89.112896, 41.558144]]}, "properties": {"FID": 18851, "TYPEPIPE": "Intrastate", "Operator": "Northern Illinois Gas Co", "Status": "Operating", "Shape_Leng": 0.08224, "Shape__Length": 12226.790331908502}}, {"type": "Feature", "id": 18853, "geometry": {"type": "LineString", "coordinates": [[-89.834624, 42.332544], [-89.8149119999999, 42.3803520000001]]}, "properties": {"FID": 18853, "TYPEPIPE": "Intrastate", "Operator": "Northern Illinois Gas Co", "Status": "Operating", "Shape_Leng": 0.0517123564345, "Shape__Length": 7528.763304842443}}, {"type": "Feature", "id": 18855, "geometry": {"type": "LineString", "coordinates": [[-89.834624, 42.332544], [-89.8149119999999, 42.328832]]}, "properties": {"FID": 18855, "TYPEPIPE": "Intrastate", "Operator": "Northern Illinois Gas Co", "Status": "Operating", "Shape_Leng": 0.0200584617556, "Shape__Length": 2264.40112561649}}, {"type": "Feature", "id": 18857, "geometry": {"type": "LineString", "coordinates": [[-89.8149119999999, 42.328832], [-89.816, 42.3196800000001]]}, "properties": {"FID": 18857, "TYPEPIPE": "Intrastate", "Operator": "Northern Illinois Gas Co", "Status": "Operating", "Shape_Leng": 0.0092164444337, "Shape__Length": 1383.2813928803953}}, {"type": "Feature", "id": 18859, "geometry": {"type": "LineString", "coordinates": [[-89.816, 42.3196800000001], [-89.90816, 42.3196800000001]]}, "properties": {"FID": 18859, "TYPEPIPE": "Intrastate", "Operator": "Northern Illinois Gas Co", "Status": "Operating", "Shape_Leng": 0.09216, "Shape__Length": 10259.204271506518}}, {"type": "Feature", "id": 18861, "geometry": {"type": "LineString", "coordinates": [[-89.816, 42.3196800000001], [-89.816, 42.149504]]}, "properties": {"FID": 18861, "TYPEPIPE": "Intrastate", "Operator": "Northern Illinois Gas Co", "Status": "Operating", "Shape_Leng": 0.170176, "Shape__Length": 25586.104669685476}}, {"type": "Feature", "id": 18863, "geometry": {"type": "LineString", "coordinates": [[-89.816, 42.149504], [-89.730496, 42.1486080000001]]}, "properties": {"FID": 18863, "TYPEPIPE": "Intrastate", "Operator": "Northern Illinois Gas Co", "Status": "Operating", "Shape_Leng": 0.0855086944819, "Shape__Length": 9519.212437794882}}, {"type": "Feature", "id": 18865, "geometry": {"type": "LineString", "coordinates": [[-89.816, 42.149504], [-89.812352, 42.107264]]}, "properties": {"FID": 18865, "TYPEPIPE": "Intrastate", "Operator": "Northern Illinois Gas Co", "Status": "Operating", "Shape_Leng": 0.0423972346268, "Shape__Length": 6353.147094737607}}, {"type": "Feature", "id": 18867, "geometry": {"type": "LineString", "coordinates": [[-89.812352, 42.107264], [-89.807936, 42.0161920000001]]}, "properties": {"FID": 18867, "TYPEPIPE": "Intrastate", "Operator": "Northern Illinois Gas Co", "Status": "Operating", "Shape_Leng": 0.0911790010913, "Shape__Length": 13664.24769404156}}, {"type": "Feature", "id": 18869, "geometry": {"type": "LineString", "coordinates": [[-89.807936, 42.0161920000001], [-89.897408, 42.0161920000001]]}, "properties": {"FID": 18869, "TYPEPIPE": "Intrastate", "Operator": "Northern Illinois Gas Co", "Status": "Operating", "Shape_Leng": 0.089472, "Shape__Length": 9959.97748025693}}, {"type": "Feature", "id": 18871, "geometry": {"type": "LineString", "coordinates": [[-89.807936, 42.0161920000001], [-89.80576, 41.971072]]}, "properties": {"FID": 18871, "TYPEPIPE": "Intrastate", "Operator": "Northern Illinois Gas Co", "Status": "Operating", "Shape_Leng": 0.0451724404477, "Shape__Length": 6762.421152542461}}, {"type": "Feature", "id": 18873, "geometry": {"type": "LineString", "coordinates": [[-89.80576, 41.971072], [-89.75232, 41.971072]]}, "properties": {"FID": 18873, "TYPEPIPE": "Intrastate", "Operator": "Northern Illinois Gas Co", "Status": "Operating", "Shape_Leng": 0.05344, "Shape__Length": 5948.9135879948735}}, {"type": "Feature", "id": 18875, "geometry": {"type": "LineString", "coordinates": [[-89.4205439999999, 42.146176], [-89.4205439999999, 42.1835520000001]]}, "properties": {"FID": 18875, "TYPEPIPE": "Intrastate", "Operator": "Northern Illinois Gas Co", "Status": "Operating", "Shape_Leng": 0.0373760000001, "Shape__Length": 5613.310205849819}}, {"type": "Feature", "id": 18877, "geometry": {"type": "LineString", "coordinates": [[-89.4205439999999, 42.146176], [-89.40064, 42.146176]]}, "properties": {"FID": 18877, "TYPEPIPE": "Intrastate", "Operator": "Northern Illinois Gas Co", "Status": "Operating", "Shape_Leng": 0.019904, "Shape__Length": 2215.703144747764}}, {"type": "Feature", "id": 18879, "geometry": {"type": "LineString", "coordinates": [[-89.4205439999999, 42.1338880000001], [-89.4083199999999, 42.1342080000001]]}, "properties": {"FID": 18879, "TYPEPIPE": "Intrastate", "Operator": "Northern Illinois Gas Co", "Status": "Operating", "Shape_Leng": 0.0122281877643, "Shape__Length": 1361.617033568438}}, {"type": "Feature", "id": 18881, "geometry": {"type": "LineString", "coordinates": [[-89.4205439999999, 42.1835520000001], [-89.2891519999999, 42.1489280000001]]}, "properties": {"FID": 18881, "TYPEPIPE": "Intrastate", "Operator": "Northern Illinois Gas Co", "Status": "Operating", "Shape_Leng": 0.135877441248, "Shape__Length": 15523.38287473856}}, {"type": "Feature", "id": 18883, "geometry": {"type": "LineString", "coordinates": [[-89.2891519999999, 42.1489280000001], [-89.2891519999999, 42.1305600000001]]}, "properties": {"FID": 18883, "TYPEPIPE": "Intrastate", "Operator": "Northern Illinois Gas Co", "Status": "Operating", "Shape_Leng": 0.018368, "Shape__Length": 2757.501237478107}}, {"type": "Feature", "id": 18885, "geometry": {"type": "LineString", "coordinates": [[-89.419584, 42.083136], [-89.420672, 42.019712]]}, "properties": {"FID": 18885, "TYPEPIPE": "Intrastate", "Operator": "Northern Illinois Gas Co", "Status": "Operating", "Shape_Leng": 0.0634333313015, "Shape__Length": 9509.067989627754}}, {"type": "Feature", "id": 18887, "geometry": {"type": "LineString", "coordinates": [[-89.420672, 42.019712], [-89.475264, 42.019712]]}, "properties": {"FID": 18887, "TYPEPIPE": "Intrastate", "Operator": "Northern Illinois Gas Co", "Status": "Operating", "Shape_Leng": 0.054592, "Shape__Length": 6077.15364138782}}, {"type": "Feature", "id": 18889, "geometry": {"type": "LineString", "coordinates": [[-89.49056, 42.004032], [-89.419584, 42.003136]]}, "properties": {"FID": 18889, "TYPEPIPE": "Intrastate", "Operator": "Northern Illinois Gas Co", "Status": "Operating", "Shape_Leng": 0.0709816553202, "Shape__Length": 7902.152208833684}}, {"type": "Feature", "id": 18891, "geometry": {"type": "LineString", "coordinates": [[-89.419584, 42.003136], [-89.420672, 42.019712]]}, "properties": {"FID": 18891, "TYPEPIPE": "Intrastate", "Operator": "Northern Illinois Gas Co", "Status": "Operating", "Shape_Leng": 0.0166116681883, "Shape__Length": 2486.401927175222}}, {"type": "Feature", "id": 18893, "geometry": {"type": "LineString", "coordinates": [[-89.420672, 42.019712], [-89.313664, 42.019712]]}, "properties": {"FID": 18893, "TYPEPIPE": "Intrastate", "Operator": "Northern Illinois Gas Co", "Status": "Operating", "Shape_Leng": 0.107008, "Shape__Length": 11912.076070806012}}, {"type": "Feature", "id": 18895, "geometry": {"type": "LineString", "coordinates": [[-89.313664, 42.019712], [-89.312576, 41.98656]]}, "properties": {"FID": 18895, "TYPEPIPE": "Intrastate", "Operator": "Northern Illinois Gas Co", "Status": "Operating", "Shape_Leng": 0.0331698484772, "Shape__Length": 4967.730405854932}}, {"type": "Feature", "id": 18897, "geometry": {"type": "LineString", "coordinates": [[-89.8149119999999, 42.328832], [-89.575232, 42.2350720000001]]}, "properties": {"FID": 18897, "TYPEPIPE": "Intrastate", "Operator": "Northern Illinois Gas Co", "Status": "Operating", "Shape_Leng": 0.257366353667, "Shape__Length": 30181.11362864912}}, {"type": "Feature", "id": 18899, "geometry": {"type": "LineString", "coordinates": [[-89.575232, 42.2350720000001], [-89.575232, 42.2010240000001]]}, "properties": {"FID": 18899, "TYPEPIPE": "Intrastate", "Operator": "Northern Illinois Gas Co", "Status": "Operating", "Shape_Leng": 0.034048, "Shape__Length": 5117.799285095185}}, {"type": "Feature", "id": 18901, "geometry": {"type": "LineString", "coordinates": [[-89.575232, 42.2010240000001], [-89.564288, 42.2010240000001]]}, "properties": {"FID": 18901, "TYPEPIPE": "Intrastate", "Operator": "Northern Illinois Gas Co", "Status": "Operating", "Shape_Leng": 0.010944, "Shape__Length": 1218.280507242307}}, {"type": "Feature", "id": 18903, "geometry": {"type": "LineString", "coordinates": [[-89.564288, 42.2010240000001], [-89.563136, 42.1338880000001]]}, "properties": {"FID": 18903, "TYPEPIPE": "Intrastate", "Operator": "Northern Illinois Gas Co", "Status": "Operating", "Shape_Leng": 0.0671458829713, "Shape__Length": 10084.04196204828}}, {"type": "Feature", "id": 18905, "geometry": {"type": "LineString", "coordinates": [[-89.563136, 42.1338880000001], [-89.4205439999999, 42.1338880000001]]}, "properties": {"FID": 18905, "TYPEPIPE": "Intrastate", "Operator": "Northern Illinois Gas Co", "Status": "Operating", "Shape_Leng": 0.142592, "Shape__Length": 15873.268831199035}}, {"type": "Feature", "id": 18907, "geometry": {"type": "LineString", "coordinates": [[-89.4205439999999, 42.1338880000001], [-89.4205439999999, 42.146176]]}, "properties": {"FID": 18907, "TYPEPIPE": "Intrastate", "Operator": "Northern Illinois Gas Co", "Status": "Operating", "Shape_Leng": 0.012288, "Shape__Length": 1844.7478825561702}}, {"type": "Feature", "id": 18909, "geometry": {"type": "LineString", "coordinates": [[-89.4205439999999, 42.1835520000001], [-89.575232, 42.2350720000001]]}, "properties": {"FID": 18909, "TYPEPIPE": "Intrastate", "Operator": "Northern Illinois Gas Co", "Status": "Operating", "Shape_Leng": 0.163041981539, "Shape__Length": 18880.537480471998}}, {"type": "Feature", "id": 18911, "geometry": {"type": "LineString", "coordinates": [[-89.575232, 42.2350720000001], [-89.56096, 42.2359680000001]]}, "properties": {"FID": 18911, "TYPEPIPE": "Intrastate", "Operator": "Northern Illinois Gas Co", "Status": "Operating", "Shape_Leng": 0.0143000979018, "Shape__Length": 1594.4530881499375}}, {"type": "Feature", "id": 18913, "geometry": {"type": "LineString", "coordinates": [[-89.56096, 42.2359680000001], [-89.56096, 42.2782720000001]]}, "properties": {"FID": 18913, "TYPEPIPE": "Intrastate", "Operator": "Northern Illinois Gas Co", "Status": "Operating", "Shape_Leng": 0.042304, "Shape__Length": 6362.707840871066}}, {"type": "Feature", "id": 18915, "geometry": {"type": "LineString", "coordinates": [[-89.56096, 42.2782720000001], [-89.633344, 42.3196800000001]]}, "properties": {"FID": 18915, "TYPEPIPE": "Intrastate", "Operator": "Northern Illinois Gas Co", "Status": "Operating", "Shape_Leng": 0.0833910422048, "Shape__Length": 10186.569628845933}}, {"type": "Feature", "id": 18917, "geometry": {"type": "LineString", "coordinates": [[-89.633344, 42.3196800000001], [-89.633344, 42.39968]]}, "properties": {"FID": 18917, "TYPEPIPE": "Intrastate", "Operator": "Northern Illinois Gas Co", "Status": "Operating", "Shape_Leng": 0.08, "Shape__Length": 12051.973934153095}}, {"type": "Feature", "id": 18919, "geometry": {"type": "LineString", "coordinates": [[-89.633344, 42.39968], [-89.65088, 42.4880000000001]]}, "properties": {"FID": 18919, "TYPEPIPE": "Intrastate", "Operator": "Northern Illinois Gas Co", "Status": "Operating", "Shape_Leng": 0.0900440653014, "Shape__Length": 13465.488662034946}}, {"type": "Feature", "id": 18921, "geometry": {"type": "LineString", "coordinates": [[-89.633344, 42.3196800000001], [-89.649792, 42.304064]]}, "properties": {"FID": 18921, "TYPEPIPE": "Intrastate", "Operator": "Northern Illinois Gas Co", "Status": "Operating", "Shape_Leng": 0.022680303349, "Shape__Length": 2979.690850739763}}, {"type": "Feature", "id": 18923, "geometry": {"type": "LineString", "coordinates": [[-89.649792, 42.304064], [-89.677248, 42.304064]]}, "properties": {"FID": 18923, "TYPEPIPE": "Intrastate", "Operator": "Northern Illinois Gas Co", "Status": "Operating", "Shape_Leng": 0.027456, "Shape__Length": 3056.3879392184317}}, {"type": "Feature", "id": 18925, "geometry": {"type": "LineString", "coordinates": [[-89.633344, 42.3196800000001], [-89.596096, 42.328896]]}, "properties": {"FID": 18925, "TYPEPIPE": "Intrastate", "Operator": "Northern Illinois Gas Co", "Status": "Operating", "Shape_Leng": 0.0383711891919, "Shape__Length": 4372.449916938876}}, {"type": "Feature", "id": 18927, "geometry": {"type": "LineString", "coordinates": [[-89.596096, 42.328896], [-89.5456, 42.33344]]}, "properties": {"FID": 18927, "TYPEPIPE": "Intrastate", "Operator": "Northern Illinois Gas Co", "Status": "Operating", "Shape_Leng": 0.0507000389744, "Shape__Length": 5662.680671825902}}, {"type": "Feature", "id": 18929, "geometry": {"type": "LineString", "coordinates": [[-89.56096, 42.2782720000001], [-89.615808, 42.2773760000001]]}, "properties": {"FID": 18929, "TYPEPIPE": "Intrastate", "Operator": "Northern Illinois Gas Co", "Status": "Operating", "Shape_Leng": 0.0548553180649, "Shape__Length": 6107.139446390912}}, {"type": "Feature", "id": 18931, "geometry": {"type": "LineString", "coordinates": [[-89.615808, 42.2773760000001], [-89.616896, 42.296704]]}, "properties": {"FID": 18931, "TYPEPIPE": "Intrastate", "Operator": "Northern Illinois Gas Co", "Status": "Operating", "Shape_Leng": 0.0193585982963, "Shape__Length": 2910.9171904873447}}, {"type": "Feature", "id": 18933, "geometry": {"type": "LineString", "coordinates": [[-89.56096, 42.2782720000001], [-89.4721279999999, 42.279232]]}, "properties": {"FID": 18933, "TYPEPIPE": "Intrastate", "Operator": "Northern Illinois Gas Co", "Status": "Operating", "Shape_Leng": 0.0888371871685, "Shape__Length": 9889.78780042975}}, {"type": "Feature", "id": 18936, "geometry": {"type": "LineString", "coordinates": [[-89.4721279999999, 42.279232], [-89.473216, 42.224]]}, "properties": {"FID": 18936, "TYPEPIPE": "Intrastate", "Operator": "Northern Illinois Gas Co", "Status": "Operating", "Shape_Leng": 0.0552427150672, "Shape__Length": 8307.29431432799}}, {"type": "Feature", "id": 18939, "geometry": {"type": "LineString", "coordinates": [[-89.4721279999999, 42.279232], [-89.473216, 42.3261440000001]]}, "properties": {"FID": 18939, "TYPEPIPE": "Intrastate", "Operator": "Northern Illinois Gas Co", "Status": "Operating", "Shape_Leng": 0.0469246149478, "Shape__Length": 7061.9144561716685}}, {"type": "Feature", "id": 18941, "geometry": {"type": "LineString", "coordinates": [[-89.4721279999999, 42.279232], [-89.347072, 42.2782720000001]]}, "properties": {"FID": 18941, "TYPEPIPE": "Intrastate", "Operator": "Northern Illinois Gas Co", "Status": "Operating", "Shape_Leng": 0.125059684695, "Shape__Length": 13921.919520649008}}, {"type": "Feature", "id": 18943, "geometry": {"type": "LineString", "coordinates": [[-89.347072, 42.2782720000001], [-89.347072, 42.43744]]}, "properties": {"FID": 18943, "TYPEPIPE": "Intrastate", "Operator": "Northern Illinois Gas Co", "Status": "Operating", "Shape_Leng": 0.159168, "Shape__Length": 23977.926661104895}}, {"type": "Feature", "id": 18945, "geometry": {"type": "LineString", "coordinates": [[-89.347072, 42.43744], [-89.41952, 42.43744]]}, "properties": {"FID": 18945, "TYPEPIPE": "Intrastate", "Operator": "Northern Illinois Gas Co", "Status": "Operating", "Shape_Leng": 0.072448, "Shape__Length": 8064.874468991533}}, {"type": "Feature", "id": 18947, "geometry": {"type": "LineString", "coordinates": [[-89.41952, 42.43744], [-89.460096, 42.430976]]}, "properties": {"FID": 18947, "TYPEPIPE": "Intrastate", "Operator": "Northern Illinois Gas Co", "Status": "Operating", "Shape_Leng": 0.0410876510888, "Shape__Length": 4620.922274859178}}, {"type": "Feature", "id": 18949, "geometry": {"type": "LineString", "coordinates": [[-89.460096, 42.430976], [-89.499584, 42.4190080000001]]}, "properties": {"FID": 18949, "TYPEPIPE": "Intrastate", "Operator": "Northern Illinois Gas Co", "Status": "Operating", "Shape_Leng": 0.0412617882308, "Shape__Length": 4751.884725264644}}, {"type": "Feature", "id": 18951, "geometry": {"type": "LineString", "coordinates": [[-89.347072, 42.43744], [-89.2801919999999, 42.438336]]}, "properties": {"FID": 18951, "TYPEPIPE": "Intrastate", "Operator": "Northern Illinois Gas Co", "Status": "Operating", "Shape_Leng": 0.0668860016446, "Shape__Length": 7446.27414026741}}, {"type": "Feature", "id": 18953, "geometry": {"type": "LineString", "coordinates": [[-89.4205439999999, 42.1338880000001], [-89.419584, 42.083136]]}, "properties": {"FID": 18953, "TYPEPIPE": "Intrastate", "Operator": "Northern Illinois Gas Co", "Status": "Operating", "Shape_Leng": 0.0507610786332, "Shape__Length": 7616.153864516944}}, {"type": "Feature", "id": 18955, "geometry": {"type": "LineString", "coordinates": [[-89.419584, 42.083136], [-89.475264, 42.083136]]}, "properties": {"FID": 18955, "TYPEPIPE": "Intrastate", "Operator": "Northern Illinois Gas Co", "Status": "Operating", "Shape_Leng": 0.05568, "Shape__Length": 6198.269247367978}}, {"type": "Feature", "id": 18957, "geometry": {"type": "LineString", "coordinates": [[-89.475264, 42.083136], [-89.475264, 42.019712]]}, "properties": {"FID": 18957, "TYPEPIPE": "Intrastate", "Operator": "Northern Illinois Gas Co", "Status": "Operating", "Shape_Leng": 0.063424, "Shape__Length": 9508.296642477624}}, {"type": "Feature", "id": 18959, "geometry": {"type": "LineString", "coordinates": [[-89.475264, 42.019712], [-89.49056, 42.019712]]}, "properties": {"FID": 18959, "TYPEPIPE": "Intrastate", "Operator": "Northern Illinois Gas Co", "Status": "Operating", "Shape_Leng": 0.015296, "Shape__Length": 1702.7429311722517}}, {"type": "Feature", "id": 18961, "geometry": {"type": "LineString", "coordinates": [[-89.49056, 42.019712], [-89.49056, 42.004032]]}, "properties": {"FID": 18961, "TYPEPIPE": "Intrastate", "Operator": "Northern Illinois Gas Co", "Status": "Operating", "Shape_Leng": 0.01568, "Shape__Length": 2349.226317645982}}, {"type": "Feature", "id": 18963, "geometry": {"type": "LineString", "coordinates": [[-89.49056, 42.004032], [-89.604096, 42.003136]]}, "properties": {"FID": 18963, "TYPEPIPE": "Intrastate", "Operator": "Northern Illinois Gas Co", "Status": "Operating", "Shape_Leng": 0.113539535458, "Shape__Length": 12639.482417617932}}, {"type": "Feature", "id": 18965, "geometry": {"type": "LineString", "coordinates": [[-89.2891519999999, 42.1489280000001], [-89.1797759999999, 42.147136]]}, "properties": {"FID": 18965, "TYPEPIPE": "Intrastate", "Operator": "Northern Illinois Gas Co", "Status": "Operating", "Shape_Leng": 0.109390678945, "Shape__Length": 12178.653120062725}}, {"type": "Feature", "id": 18967, "geometry": {"type": "LineString", "coordinates": [[-89.1797759999999, 42.147136], [-89.1797759999999, 42.119488]]}, "properties": {"FID": 18967, "TYPEPIPE": "Intrastate", "Operator": "Northern Illinois Gas Co", "Status": "Operating", "Shape_Leng": 0.027648, "Shape__Length": 4150.242404657416}}, {"type": "Feature", "id": 18969, "geometry": {"type": "LineString", "coordinates": [[-89.118592, 42.0643200000001], [-89.118592, 42.022976]]}, "properties": {"FID": 18969, "TYPEPIPE": "Intrastate", "Operator": "Northern Illinois Gas Co", "Status": "Operating", "Shape_Leng": 0.041344, "Shape__Length": 6197.383808079176}}, {"type": "Feature", "id": 18971, "geometry": {"type": "LineString", "coordinates": [[-89.118592, 42.0643200000001], [-89.154624, 42.0643200000001]]}, "properties": {"FID": 18971, "TYPEPIPE": "Intrastate", "Operator": "Northern Illinois Gas Co", "Status": "Operating", "Shape_Leng": 0.036032, "Shape__Length": 4011.063892260194}}, {"type": "Feature", "id": 18973, "geometry": {"type": "LineString", "coordinates": [[-89.1797759999999, 42.119488], [-89.1797759999999, 42.0928640000001]]}, "properties": {"FID": 18973, "TYPEPIPE": "Intrastate", "Operator": "Northern Illinois Gas Co", "Status": "Operating", "Shape_Leng": 0.026624, "Shape__Length": 3994.8186146300286}}, {"type": "Feature", "id": 18975, "geometry": {"type": "LineString", "coordinates": [[-89.1797759999999, 42.0928640000001], [-89.22464, 42.0928640000001]]}, "properties": {"FID": 18975, "TYPEPIPE": "Intrastate", "Operator": "Northern Illinois Gas Co", "Status": "Operating", "Shape_Leng": 0.044864, "Shape__Length": 4994.237634951249}}, {"type": "Feature", "id": 18977, "geometry": {"type": "LineString", "coordinates": [[-89.22464, 42.0928640000001], [-89.22464, 42.082752]]}, "properties": {"FID": 18977, "TYPEPIPE": "Intrastate", "Operator": "Northern Illinois Gas Co", "Status": "Operating", "Shape_Leng": 0.010112, "Shape__Length": 1516.8234157767147}}, {"type": "Feature", "id": 18980, "geometry": {"type": "LineString", "coordinates": [[-89.22464, 42.082752], [-89.264, 42.082752]]}, "properties": {"FID": 18980, "TYPEPIPE": "Intrastate", "Operator": "Northern Illinois Gas Co", "Status": "Operating", "Shape_Leng": 0.03936, "Shape__Length": 4381.5351576227695}}, {"type": "Feature", "id": 18982, "geometry": {"type": "LineString", "coordinates": [[-89.264, 42.082752], [-89.301184, 42.0744320000001]]}, "properties": {"FID": 18982, "TYPEPIPE": "Intrastate", "Operator": "Northern Illinois Gas Co", "Status": "Operating", "Shape_Leng": 0.0381034415244, "Shape__Length": 4323.301611849707}}, {"type": "Feature", "id": 18984, "geometry": {"type": "LineString", "coordinates": [[-89.1797759999999, 42.147136], [-89.144826, 42.146864]]}, "properties": {"FID": 18984, "TYPEPIPE": "Intrastate", "Operator": "Northern Illinois Gas Co", "Status": "Operating", "Shape_Leng": 0.0349510584103, "Shape__Length": 3890.8305340725888}}, {"type": "Feature", "id": 18986, "geometry": {"type": "LineString", "coordinates": [[-89.144826, 42.146864], [-89.056256, 42.146176]]}, "properties": {"FID": 18986, "TYPEPIPE": "Intrastate", "Operator": "Northern Illinois Gas Co", "Status": "Operating", "Shape_Leng": 0.088572672106, "Shape__Length": 9860.10839982416}}, {"type": "Feature", "id": 18988, "geometry": {"type": "LineString", "coordinates": [[-89.144826, 42.146864], [-89.073728, 42.1968000000001]]}, "properties": {"FID": 18988, "TYPEPIPE": "Intrastate", "Operator": "Northern Illinois Gas Co", "Status": "Operating", "Shape_Leng": 0.0868822749472, "Shape__Length": 10904.020651984309}}, {"type": "Feature", "id": 18990, "geometry": {"type": "LineString", "coordinates": [[-89.347072, 42.2782720000001], [-89.297859, 42.2781790000001]]}, "properties": {"FID": 18990, "TYPEPIPE": "Intrastate", "Operator": "Northern Illinois Gas Co", "Status": "Operating", "Shape_Leng": 0.0492130878731, "Shape__Length": 5478.383969236732}}, {"type": "Feature", "id": 18992, "geometry": {"type": "LineString", "coordinates": [[-89.312576, 41.98656], [-89.244864, 41.936]]}, "properties": {"FID": 18992, "TYPEPIPE": "Intrastate", "Operator": "Northern Illinois Gas Co", "Status": "Operating", "Shape_Leng": 0.0845057900028, "Shape__Length": 10682.076498724004}}, {"type": "Feature", "id": 18994, "geometry": {"type": "LineString", "coordinates": [[-89.2801919999999, 42.438336], [-89.205632, 42.4493440000001]]}, "properties": {"FID": 18994, "TYPEPIPE": "Intrastate", "Operator": "Northern Illinois Gas Co", "Status": "Operating", "Shape_Leng": 0.0753682271517, "Shape__Length": 8464.467203058222}}, {"type": "Feature", "id": 18996, "geometry": {"type": "LineString", "coordinates": [[-89.205632, 42.4493440000001], [-89.208896, 42.4714240000001]]}, "properties": {"FID": 18996, "TYPEPIPE": "Intrastate", "Operator": "Northern Illinois Gas Co", "Status": "Operating", "Shape_Leng": 0.0223199483871, "Shape__Length": 3351.443188311048}}, {"type": "Feature", "id": 18998, "geometry": {"type": "LineString", "coordinates": [[-89.208896, 42.4714240000001], [-89.15296, 42.4816000000001]]}, "properties": {"FID": 18998, "TYPEPIPE": "Intrastate", "Operator": "Northern Illinois Gas Co", "Status": "Operating", "Shape_Leng": 0.0568540857987, "Shape__Length": 6413.386255673547}}, {"type": "Feature", "id": 19000, "geometry": {"type": "LineString", "coordinates": [[-89.205632, 42.4493440000001], [-89.15296, 42.4567680000001]]}, "properties": {"FID": 19000, "TYPEPIPE": "Intrastate", "Operator": "Northern Illinois Gas Co", "Status": "Operating", "Shape_Leng": 0.0531926250528, "Shape__Length": 5969.446863380295}}, {"type": "Feature", "id": 19003, "geometry": {"type": "LineString", "coordinates": [[-89.15296, 42.4567680000001], [-89.145344, 42.447552]]}, "properties": {"FID": 19003, "TYPEPIPE": "Intrastate", "Operator": "Northern Illinois Gas Co", "Status": "Operating", "Shape_Leng": 0.0119556727958, "Shape__Length": 1628.5241456502183}}, {"type": "Feature", "id": 19004, "geometry": {"type": "LineString", "coordinates": [[-89.8951039999999, 41.7841280000001], [-89.9560959999999, 41.792448]]}, "properties": {"FID": 19004, "TYPEPIPE": "Intrastate", "Operator": "Northern Illinois Gas Co", "Status": "Operating", "Shape_Leng": 0.0615568555402, "Shape__Length": 6902.292075849522}}, {"type": "Feature", "id": 19006, "geometry": {"type": "LineString", "coordinates": [[-89.9560959999999, 41.792448], [-89.9800319999999, 41.8053120000001]]}, "properties": {"FID": 19006, "TYPEPIPE": "Intrastate", "Operator": "Northern Illinois Gas Co", "Status": "Operating", "Shape_Leng": 0.0271737850142, "Shape__Length": 3284.7631436605725}}, {"type": "Feature", "id": 19008, "geometry": {"type": "LineString", "coordinates": [[-89.9800319999999, 41.8053120000001], [-90.052928, 41.8218880000001]]}, "properties": {"FID": 19008, "TYPEPIPE": "Intrastate", "Operator": "Northern Illinois Gas Co", "Status": "Operating", "Shape_Leng": 0.0747568765533, "Shape__Length": 8484.014980444763}}, {"type": "Feature", "id": 19011, "geometry": {"type": "LineString", "coordinates": [[-90.095424, 41.4225920000001], [-90.1008639999999, 41.4372480000001]]}, "properties": {"FID": 19011, "TYPEPIPE": "Intrastate", "Operator": "Northern Illinois Gas Co", "Status": "Operating", "Shape_Leng": 0.0156330398835, "Shape__Length": 2258.7053502444965}}, {"type": "Feature", "id": 19012, "geometry": {"type": "LineString", "coordinates": [[-89.9264639999999, 41.4768], [-89.92544, 41.614784]]}, "properties": {"FID": 19012, "TYPEPIPE": "Intrastate", "Operator": "Northern Illinois Gas Co", "Status": "Operating", "Shape_Leng": 0.137987799577, "Shape__Length": 20523.815447120676}}, {"type": "Feature", "id": 19014, "geometry": {"type": "LineString", "coordinates": [[-89.92544, 41.614784], [-89.955776, 41.614784]]}, "properties": {"FID": 19014, "TYPEPIPE": "Intrastate", "Operator": "Northern Illinois Gas Co", "Status": "Operating", "Shape_Leng": 0.030336, "Shape__Length": 3376.9880727007985}}, {"type": "Feature", "id": 19017, "geometry": {"type": "LineString", "coordinates": [[-89.92544, 41.614784], [-89.9264639999999, 41.639616]]}, "properties": {"FID": 19017, "TYPEPIPE": "Intrastate", "Operator": "Northern Illinois Gas Co", "Status": "Operating", "Shape_Leng": 0.0248531044339, "Shape__Length": 3699.88241231434}}, {"type": "Feature", "id": 19019, "geometry": {"type": "LineString", "coordinates": [[-90.647296, 42.507776], [-90.4473599999999, 42.4376320000001]]}, "properties": {"FID": 19019, "TYPEPIPE": "Intrastate", "Operator": "Northern Illinois Gas Co", "Status": "Operating", "Shape_Leng": 0.21188342274, "Shape__Length": 24646.14158803078}}, {"type": "Feature", "id": 19021, "geometry": {"type": "LineString", "coordinates": [[-90.4473599999999, 42.4376320000001], [-90.356736, 42.435072]]}, "properties": {"FID": 19021, "TYPEPIPE": "Intrastate", "Operator": "Northern Illinois Gas Co", "Status": "Operating", "Shape_Leng": 0.0906601509816, "Shape__Length": 10095.604634064006}}, {"type": "Feature", "id": 19022, "geometry": {"type": "LineString", "coordinates": [[-90.356736, 42.435072], [-90.356736, 42.393088]]}, "properties": {"FID": 19022, "TYPEPIPE": "Intrastate", "Operator": "Northern Illinois Gas Co", "Status": "Operating", "Shape_Leng": 0.041984, "Shape__Length": 6330.358295741491}}, {"type": "Feature", "id": 19024, "geometry": {"type": "LineString", "coordinates": [[-90.356736, 42.435072], [-90.141696, 42.389504]]}, "properties": {"FID": 19024, "TYPEPIPE": "Intrastate", "Operator": "Northern Illinois Gas Co", "Status": "Operating", "Shape_Leng": 0.219815022744, "Shape__Length": 24904.603564976478}}, {"type": "Feature", "id": 19027, "geometry": {"type": "LineString", "coordinates": [[-90.141696, 42.3664640000001], [-90.213376, 42.30528]]}, "properties": {"FID": 19027, "TYPEPIPE": "Intrastate", "Operator": "Northern Illinois Gas Co", "Status": "Operating", "Shape_Leng": 0.0942417330911, "Shape__Length": 12188.753518907828}}, {"type": "Feature", "id": 19029, "geometry": {"type": "LineString", "coordinates": [[-90.213376, 42.30528], [-90.262528, 42.30528]]}, "properties": {"FID": 19029, "TYPEPIPE": "Intrastate", "Operator": "Northern Illinois Gas Co", "Status": "Operating", "Shape_Leng": 0.049152, "Shape__Length": 5471.575611470267}}, {"type": "Feature", "id": 19984, "geometry": {"type": "LineString", "coordinates": [[-90.00576, 42.3693440000001], [-89.923456, 42.3509120000001]]}, "properties": {"FID": 19984, "TYPEPIPE": "Intrastate", "Operator": "Northern Illinois Gas Co", "Status": "Operating", "Shape_Leng": 0.0843426762677, "Shape__Length": 9573.586082072765}}, {"type": "Feature", "id": 19986, "geometry": {"type": "LineString", "coordinates": [[-89.923456, 42.3509120000001], [-89.834624, 42.332544]]}, "properties": {"FID": 19986, "TYPEPIPE": "Intrastate", "Operator": "Northern Illinois Gas Co", "Status": "Operating", "Shape_Leng": 0.0907111219642, "Shape__Length": 10268.383076044536}}, {"type": "Feature", "id": 19992, "geometry": {"type": "LineString", "coordinates": [[-89.90816, 42.3196800000001], [-89.90816, 42.3794560000001]]}, "properties": {"FID": 19992, "TYPEPIPE": "Intrastate", "Operator": "Northern Illinois Gas Co", "Status": "Operating", "Shape_Leng": 0.059776, "Shape__Length": 9003.785243585706}}, {"type": "Feature", "id": 19996, "geometry": {"type": "LineString", "coordinates": [[-89.812352, 42.107264], [-89.972672, 42.097088]]}, "properties": {"FID": 19996, "TYPEPIPE": "Intrastate", "Operator": "Northern Illinois Gas Co", "Status": "Operating", "Shape_Leng": 0.160642626273, "Shape__Length": 17911.92844807564}}, {"type": "Feature", "id": 19998, "geometry": {"type": "LineString", "coordinates": [[-89.297859, 42.2781790000001], [-89.2971199999999, 42.297984]]}, "properties": {"FID": 19998, "TYPEPIPE": "Intrastate", "Operator": "Northern Illinois Gas Co", "Status": "Operating", "Shape_Leng": 0.0198187826568, "Shape__Length": 2981.35787673346}}, {"type": "Feature", "id": 20003, "geometry": {"type": "LineString", "coordinates": [[-114.54912, 34.9911040000001], [-114.622848, 35.0529280000001]]}, "properties": {"FID": 20003, "TYPEPIPE": "Intrastate", "Operator": "Southwest Gas Corp", "Status": "Operating", "Shape_Leng": 0.0962186310441, "Shape__Length": 11746.757099364802}}, {"type": "Feature", "id": 20007, "geometry": {"type": "LineString", "coordinates": [[-114.914688, 35.3624320000001], [-114.930688, 35.53344]]}, "properties": {"FID": 20007, "TYPEPIPE": "Intrastate", "Operator": "Southwest Gas Corp", "Status": "Operating", "Shape_Leng": 0.171754872024, "Shape__Length": 23435.735130492056}}, {"type": "Feature", "id": 20010, "geometry": {"type": "LineString", "coordinates": [[-114.87296, 35.3123840000001], [-114.914688, 35.3624320000001]]}, "properties": {"FID": 20010, "TYPEPIPE": "Intrastate", "Operator": "Southwest Gas Corp", "Status": "Operating", "Shape_Leng": 0.0651615552914, "Shape__Length": 8259.588727914736}}, {"type": "Feature", "id": 20012, "geometry": {"type": "LineString", "coordinates": [[-114.937088, 35.810432], [-114.930688, 35.9696640000001]]}, "properties": {"FID": 20012, "TYPEPIPE": "Intrastate", "Operator": "Southwest Gas Corp", "Status": "Operating", "Shape_Leng": 0.159360565461, "Shape__Length": 21891.22289367094}}, {"type": "Feature", "id": 20076, "geometry": {"type": "LineString", "coordinates": [[-114.90496, 36.0020480000001], [-114.946688, 36.0256000000001]]}, "properties": {"FID": 20076, "TYPEPIPE": "Intrastate", "Operator": "Southwest Gas Corp", "Status": "Operating", "Shape_Leng": 0.0479157874609, "Shape__Length": 5664.209184769306}}, {"type": "Feature", "id": 21037, "geometry": {"type": "LineString", "coordinates": [[-114.86016, 36.2407680000001], [-114.776832, 36.320384]]}, "properties": {"FID": 21037, "TYPEPIPE": "Intrastate", "Operator": "Southwest Gas Corp", "Status": "Operating", "Shape_Leng": 0.115248700817, "Shape__Length": 14384.68356225188}}, {"type": "Feature", "id": 21061, "geometry": {"type": "LineString", "coordinates": [[-114.86016, 36.2407680000001], [-114.767232, 36.1611520000001]]}, "properties": {"FID": 21061, "TYPEPIPE": "Intrastate", "Operator": "Southwest Gas Corp", "Status": "Operating", "Shape_Leng": 0.122369606684, "Shape__Length": 15087.782194184225}}, {"type": "Feature", "id": 21070, "geometry": {"type": "LineString", "coordinates": [[-114.930688, 36.187776], [-114.86016, 36.2407680000001]]}, "properties": {"FID": 21070, "TYPEPIPE": "Intrastate", "Operator": "Southwest Gas Corp", "Status": "Operating", "Shape_Leng": 0.0882176334301, "Shape__Length": 10728.418455514782}}, {"type": "Feature", "id": 21080, "geometry": {"type": "LineString", "coordinates": [[-115.145472, 36.0373760000001], [-115.2128, 36.0049920000001]]}, "properties": {"FID": 21080, "TYPEPIPE": "Intrastate", "Operator": "Southwest Gas Corp", "Status": "Operating", "Shape_Leng": 0.0747113314029, "Shape__Length": 8720.109790324917}}, {"type": "Feature", "id": 21090, "geometry": {"type": "LineString", "coordinates": [[-115.145472, 36.187776], [-115.145472, 36.0373760000001]]}, "properties": {"FID": 21090, "TYPEPIPE": "Intrastate", "Operator": "Southwest Gas Corp", "Status": "Operating", "Shape_Leng": 0.1504, "Shape__Length": 20724.445007496513}}, {"type": "Feature", "id": 21203, "geometry": {"type": "LineString", "coordinates": [[-115.145472, 36.0373760000001], [-114.946688, 36.0256000000001]]}, "properties": {"FID": 21203, "TYPEPIPE": "Intrastate", "Operator": "Southwest Gas Corp", "Status": "Operating", "Shape_Leng": 0.199132500692, "Shape__Length": 22187.82696275478}}, {"type": "Feature", "id": 22164, "geometry": {"type": "LineString", "coordinates": [[-114.930688, 35.9696640000001], [-114.90496, 36.0020480000001]]}, "properties": {"FID": 22164, "TYPEPIPE": "Intrastate", "Operator": "Southwest Gas Corp", "Status": "Operating", "Shape_Leng": 0.0413600464216, "Shape__Length": 5296.354453161567}}, {"type": "Feature", "id": 22890, "geometry": {"type": "LineString", "coordinates": [[-119.71136, 35.6202240000001], [-119.461504, 35.7866240000001]]}, "properties": {"FID": 22890, "TYPEPIPE": "Intrastate", "Operator": "Southern California Gas Co", "Status": "Operating", "Shape_Leng": 0.30019490458, "Shape__Length": 35971.48727085374}}, {"type": "Feature", "id": 22892, "geometry": {"type": "LineString", "coordinates": [[-118.909664, 35.2605120000001], [-118.876608, 35.3877120000001]]}, "properties": {"FID": 22892, "TYPEPIPE": "Intrastate", "Operator": "Southern California Gas Co", "Status": "Operating", "Shape_Leng": 0.13142503238, "Shape__Length": 17740.821173285527}}, {"type": "Feature", "id": 22894, "geometry": {"type": "LineString", "coordinates": [[-118.97664, 35.2635520000001], [-118.909664, 35.2605120000001]]}, "properties": {"FID": 22894, "TYPEPIPE": "Intrastate", "Operator": "Southern California Gas Co", "Status": "Operating", "Shape_Leng": 0.06704495638, "Shape__Length": 7467.244870601709}}, {"type": "Feature", "id": 22896, "geometry": {"type": "LineString", "coordinates": [[-119.031936, 35.2512], [-118.97664, 35.2635520000001]]}, "properties": {"FID": 22896, "TYPEPIPE": "Intrastate", "Operator": "Southern California Gas Co", "Status": "Operating", "Shape_Leng": 0.0566587991401, "Shape__Length": 6381.691028663594}}, {"type": "Feature", "id": 22898, "geometry": {"type": "LineString", "coordinates": [[-119.71136, 35.6202240000001], [-119.819392, 35.562624]]}, "properties": {"FID": 22898, "TYPEPIPE": "Intrastate", "Operator": "Southern California Gas Co", "Status": "Operating", "Shape_Leng": 0.12242823622, "Shape__Length": 14380.53694716885}}, {"type": "Feature", "id": 22900, "geometry": {"type": "LineString", "coordinates": [[-118.97664, 35.2635520000001], [-118.973344, 35.341728]]}, "properties": {"FID": 22900, "TYPEPIPE": "Intrastate", "Operator": "Southern California Gas Co", "Status": "Operating", "Shape_Leng": 0.0782454509348, "Shape__Length": 10669.705850567327}}, {"type": "Feature", "id": 22902, "geometry": {"type": "LineString", "coordinates": [[-119.166336, 35.093888], [-119.328512, 35.09184]]}, "properties": {"FID": 22902, "TYPEPIPE": "Intrastate", "Operator": "Southern California Gas Co", "Status": "Operating", "Shape_Leng": 0.162188930818, "Shape__Length": 18055.49978160012}}, {"type": "Feature", "id": 22904, "geometry": {"type": "LineString", "coordinates": [[-118.876608, 35.3877120000001], [-118.75648, 35.3893120000001]]}, "properties": {"FID": 22904, "TYPEPIPE": "Intrastate", "Operator": "Southern California Gas Co", "Status": "Operating", "Shape_Leng": 0.120138654829, "Shape__Length": 13374.372356828375}}, {"type": "Feature", "id": 22906, "geometry": {"type": "LineString", "coordinates": [[-119.293568, 35.178752], [-119.031808, 35.2376320000001]]}, "properties": {"FID": 22906, "TYPEPIPE": "Intrastate", "Operator": "Southern California Gas Co", "Status": "Operating", "Shape_Leng": 0.268300488259, "Shape__Length": 30223.063237396025}}, {"type": "Feature", "id": 22908, "geometry": {"type": "LineString", "coordinates": [[-119.29856, 35.385344], [-119.123584, 35.5015680000001]]}, "properties": {"FID": 22908, "TYPEPIPE": "Intrastate", "Operator": "Southern California Gas Co", "Status": "Operating", "Shape_Leng": 0.210058607898, "Shape__Length": 25131.76337631872}}, {"type": "Feature", "id": 22910, "geometry": {"type": "LineString", "coordinates": [[-119.293568, 35.178752], [-119.29856, 35.385344]]}, "properties": {"FID": 22910, "TYPEPIPE": "Intrastate", "Operator": "Southern California Gas Co", "Status": "Operating", "Shape_Leng": 0.206652303466, "Shape__Length": 28177.98662189867}}, {"type": "Feature", "id": 22912, "geometry": {"type": "LineString", "coordinates": [[-119.293568, 35.178752], [-119.556864, 35.2021760000001]]}, "properties": {"FID": 22912, "TYPEPIPE": "Intrastate", "Operator": "Southern California Gas Co", "Status": "Operating", "Shape_Leng": 0.264335898795, "Shape__Length": 29483.132835596112}}, {"type": "Feature", "id": 22914, "geometry": {"type": "LineString", "coordinates": [[-119.625472, 35.54432], [-119.576064, 35.4917120000001]]}, "properties": {"FID": 22914, "TYPEPIPE": "Intrastate", "Operator": "Southern California Gas Co", "Status": "Operating", "Shape_Leng": 0.0721716850849, "Shape__Length": 9056.472846144226}}, {"type": "Feature", "id": 22916, "geometry": {"type": "LineString", "coordinates": [[-119.328512, 35.09184], [-119.448064, 35.1233280000001]]}, "properties": {"FID": 22916, "TYPEPIPE": "Intrastate", "Operator": "Southern California Gas Co", "Status": "Operating", "Shape_Leng": 0.123629182833, "Shape__Length": 13981.211119119778}}, {"type": "Feature", "id": 22918, "geometry": {"type": "LineString", "coordinates": [[-119.027456, 35.005184], [-119.093632, 34.9756160000001]]}, "properties": {"FID": 22918, "TYPEPIPE": "Intrastate", "Operator": "Southern California Gas Co", "Status": "Operating", "Shape_Leng": 0.0724812361925, "Shape__Length": 8391.05966541965}}, {"type": "Feature", "id": 22920, "geometry": {"type": "LineString", "coordinates": [[-118.75648, 35.3893120000001], [-118.754304, 35.357696]]}, "properties": {"FID": 22920, "TYPEPIPE": "Intrastate", "Operator": "Southern California Gas Co", "Status": "Operating", "Shape_Leng": 0.0316907941207, "Shape__Length": 4323.073449249246}}, {"type": "Feature", "id": 22922, "geometry": {"type": "LineString", "coordinates": [[-118.973344, 35.341728], [-119.02624, 35.341728]]}, "properties": {"FID": 22922, "TYPEPIPE": "Intrastate", "Operator": "Southern California Gas Co", "Status": "Operating", "Shape_Leng": 0.052896, "Shape__Length": 5888.355785002932}}, {"type": "Feature", "id": 22924, "geometry": {"type": "LineString", "coordinates": [[-119.123584, 35.5015680000001], [-119.225984, 35.537024]]}, "properties": {"FID": 22924, "TYPEPIPE": "Intrastate", "Operator": "Southern California Gas Co", "Status": "Operating", "Shape_Leng": 0.108364606473, "Shape__Length": 12387.718880839426}}, {"type": "Feature", "id": 22926, "geometry": {"type": "LineString", "coordinates": [[-119.576064, 35.4917120000001], [-119.627264, 35.4897920000001]]}, "properties": {"FID": 22926, "TYPEPIPE": "Intrastate", "Operator": "Southern California Gas Co", "Status": "Operating", "Shape_Leng": 0.0512359873526, "Shape__Length": 5705.599800788899}}, {"type": "Feature", "id": 22929, "geometry": {"type": "LineString", "coordinates": [[-119.531776, 35.432064], [-119.61664, 35.424768]]}, "properties": {"FID": 22929, "TYPEPIPE": "Intrastate", "Operator": "Southern California Gas Co", "Status": "Operating", "Shape_Leng": 0.0851770515573, "Shape__Length": 9499.45436171399}}, {"type": "Feature", "id": 22931, "geometry": {"type": "LineString", "coordinates": [[-119.625472, 35.54432], [-119.569664, 35.570432]]}, "properties": {"FID": 22931, "TYPEPIPE": "Intrastate", "Operator": "Southern California Gas Co", "Status": "Operating", "Shape_Leng": 0.0616146850028, "Shape__Length": 7166.720177881295}}, {"type": "Feature", "id": 22933, "geometry": {"type": "LineString", "coordinates": [[-119.819392, 35.562624], [-119.874944, 35.5941120000001]]}, "properties": {"FID": 22933, "TYPEPIPE": "Intrastate", "Operator": "Southern California Gas Co", "Status": "Operating", "Shape_Leng": 0.0638554527664, "Shape__Length": 7537.656633136605}}, {"type": "Feature", "id": 22935, "geometry": {"type": "LineString", "coordinates": [[-119.556864, 35.2021760000001], [-119.62304, 35.2395520000001]]}, "properties": {"FID": 22935, "TYPEPIPE": "Intrastate", "Operator": "Southern California Gas Co", "Status": "Operating", "Shape_Leng": 0.0760015023009, "Shape__Length": 8955.833263759196}}, {"type": "Feature", "id": 22937, "geometry": {"type": "LineString", "coordinates": [[-118.763136, 34.81728], [-118.896838, 35.047287]]}, "properties": {"FID": 22937, "TYPEPIPE": "Intrastate", "Operator": "Southern California Gas Co", "Status": "Operating", "Shape_Leng": 0.266044065623, "Shape__Length": 34596.44032592073}}, {"type": "Feature", "id": 22941, "geometry": {"type": "LineString", "coordinates": [[-119.933824, 35.7975040000001], [-120.074368, 36.014592]]}, "properties": {"FID": 22941, "TYPEPIPE": "Intrastate", "Operator": "Southern California Gas Co", "Status": "Operating", "Shape_Leng": 0.258611321639, "Shape__Length": 33688.75771586956}}, {"type": "Feature", "id": 22943, "geometry": {"type": "LineString", "coordinates": [[-119.531776, 35.432064], [-119.625472, 35.54432]]}, "properties": {"FID": 22943, "TYPEPIPE": "Intrastate", "Operator": "Southern California Gas Co", "Status": "Operating", "Shape_Leng": 0.146220210477, "Shape__Length": 18556.06352384332}}, {"type": "Feature", "id": 22945, "geometry": {"type": "LineString", "coordinates": [[-119.44192, 35.352448], [-119.531776, 35.432064]]}, "properties": {"FID": 22945, "TYPEPIPE": "Intrastate", "Operator": "Southern California Gas Co", "Status": "Operating", "Shape_Leng": 0.120053355605, "Shape__Length": 14773.355525195158}}, {"type": "Feature", "id": 22947, "geometry": {"type": "LineString", "coordinates": [[-119.293568, 35.178752], [-119.44192, 35.352448]]}, "properties": {"FID": 22947, "TYPEPIPE": "Intrastate", "Operator": "Southern California Gas Co", "Status": "Operating", "Shape_Leng": 0.22842639147, "Shape__Length": 28871.30341163841}}, {"type": "Feature", "id": 22949, "geometry": {"type": "LineString", "coordinates": [[-118.825088, 34.8821760000001], [-119.293568, 35.178752]]}, "properties": {"FID": 22949, "TYPEPIPE": "Intrastate", "Operator": "Southern California Gas Co", "Status": "Operating", "Shape_Leng": 0.55446445709, "Shape__Length": 65918.97719930025}}, {"type": "Feature", "id": 22951, "geometry": {"type": "LineString", "coordinates": [[-118.896838, 35.047287], [-119.004032, 35.145088]]}, "properties": {"FID": 22951, "TYPEPIPE": "Intrastate", "Operator": "Southern California Gas Co", "Status": "Operating", "Shape_Leng": 0.14510544179, "Shape__Length": 17873.22926832112}}, {"type": "Feature", "id": 22953, "geometry": {"type": "LineString", "coordinates": [[-119.625472, 35.54432], [-119.71136, 35.6202240000001]]}, "properties": {"FID": 22953, "TYPEPIPE": "Intrastate", "Operator": "Southern California Gas Co", "Status": "Operating", "Shape_Leng": 0.114621838059, "Shape__Length": 14119.311801113472}}, {"type": "Feature", "id": 22955, "geometry": {"type": "LineString", "coordinates": [[-119.71136, 35.6202240000001], [-119.933824, 35.7975040000001]]}, "properties": {"FID": 22955, "TYPEPIPE": "Intrastate", "Operator": "Southern California Gas Co", "Status": "Operating", "Shape_Leng": 0.284461648902, "Shape__Length": 34698.29808299382}}, {"type": "Feature", "id": 22957, "geometry": {"type": "LineString", "coordinates": [[-118.896838, 35.047287], [-119.027456, 35.005184]]}, "properties": {"FID": 22957, "TYPEPIPE": "Intrastate", "Operator": "Southern California Gas Co", "Status": "Operating", "Shape_Leng": 0.137236017623, "Shape__Length": 15626.235355701869}}, {"type": "Feature", "id": 22959, "geometry": {"type": "LineString", "coordinates": [[-119.004032, 35.145088], [-119.166336, 35.093888]]}, "properties": {"FID": 22959, "TYPEPIPE": "Intrastate", "Operator": "Southern California Gas Co", "Status": "Operating", "Shape_Leng": 0.17018821468, "Shape__Length": 19364.71191389829}}, {"type": "Feature", "id": 22961, "geometry": {"type": "LineString", "coordinates": [[-119.027456, 35.005184], [-119.074432, 35.121408]]}, "properties": {"FID": 22961, "TYPEPIPE": "Intrastate", "Operator": "Southern California Gas Co", "Status": "Operating", "Shape_Leng": 0.125358536813, "Shape__Length": 16649.181913790788}}, {"type": "Feature", "id": 22966, "geometry": {"type": "LineString", "coordinates": [[-119.031936, 35.2512], [-119.028096, 35.35616]]}, "properties": {"FID": 22966, "TYPEPIPE": "Intrastate", "Operator": "Southern California Gas Co", "Status": "Operating", "Shape_Leng": 0.105030220413, "Shape__Length": 14323.363598861772}}, {"type": "Feature", "id": 22968, "geometry": {"type": "LineString", "coordinates": [[-119.028096, 35.35616], [-119.000704, 35.4140160000001]]}, "properties": {"FID": 22968, "TYPEPIPE": "Intrastate", "Operator": "Southern California Gas Co", "Status": "Operating", "Shape_Leng": 0.0640127987203, "Shape__Length": 8467.829910311211}}, {"type": "Feature", "id": 22970, "geometry": {"type": "LineString", "coordinates": [[-119.000704, 35.4140160000001], [-119.01248, 35.779456]]}, "properties": {"FID": 22970, "TYPEPIPE": "Intrastate", "Operator": "Southern California Gas Co", "Status": "Operating", "Shape_Leng": 0.365629686672, "Shape__Length": 50046.7339136302}}, {"type": "Feature", "id": 23081, "geometry": {"type": "LineString", "coordinates": [[-119.004032, 35.145088], [-119.031936, 35.2512]]}, "properties": {"FID": 23081, "TYPEPIPE": "Intrastate", "Operator": "Southern California Gas Co", "Status": "Operating", "Shape_Leng": 0.109719596062, "Shape__Length": 14785.272477456137}}, {"type": "Feature", "id": 23303, "geometry": {"type": "LineString", "coordinates": [[-119.059328, 35.8483200000001], [-119.449728, 35.8446080000001]]}, "properties": {"FID": 23303, "TYPEPIPE": "Intrastate", "Operator": "Southern California Gas Co", "Status": "Operating", "Shape_Leng": 0.390417646814, "Shape__Length": 43462.11892763004}}, {"type": "Feature", "id": 23305, "geometry": {"type": "LineString", "coordinates": [[-119.449728, 35.8446080000001], [-119.44576, 35.7866240000001]]}, "properties": {"FID": 23305, "TYPEPIPE": "Intrastate", "Operator": "Southern California Gas Co", "Status": "Operating", "Shape_Leng": 0.0581196118363, "Shape__Length": 7972.1863511557385}}, {"type": "Feature", "id": 23310, "geometry": {"type": "LineString", "coordinates": [[-119.059328, 35.8483200000001], [-119.059328, 36.094208]]}, "properties": {"FID": 23310, "TYPEPIPE": "Intrastate", "Operator": "Southern California Gas Co", "Status": "Operating", "Shape_Leng": 0.245888, "Shape__Length": 33821.54298984911}}, {"type": "Feature", "id": 23312, "geometry": {"type": "LineString", "coordinates": [[-119.01248, 35.779456], [-119.059328, 35.8483200000001]]}, "properties": {"FID": 23312, "TYPEPIPE": "Intrastate", "Operator": "Southern California Gas Co", "Status": "Operating", "Shape_Leng": 0.0832885682432, "Shape__Length": 10796.411745199657}}, {"type": "Feature", "id": 23356, "geometry": {"type": "LineString", "coordinates": [[-116.605039, 41.9978550000001], [-116.640663, 41.9747760000001], [-116.70736, 41.940795], [-117.054996, 41.751831], [-117.14714, 41.6856940000001], [-117.189025, 41.666797], [-117.230909, 41.6069590000001], [-117.457082, 41.430593], [-117.515719, 41.395949], [-117.698554, 41.219927], [-117.725138, 41.1754920000001], [-117.913615, 40.97393], [-117.989006, 40.9298390000001], [-118.047643, 40.885747], [-118.089527, 40.810162], [-118.118846, 40.7660700000001], [-118.273816, 40.6463930000001], [-118.298946, 40.621198], [-118.319888, 40.4920730000001], [-118.59862, 40.1699180000001]]}, "properties": {"FID": 23356, "TYPEPIPE": "Intrastate", "Operator": "Paiute Pipeline Co", "Status": "Operating", "Shape_Leng": 2.7700984282, "Shape__Length": 357095.4917011374}}, {"type": "Feature", "id": 23360, "geometry": {"type": "LineString", "coordinates": [[-117.913615, 40.97393], [-117.804717, 40.970781], [-117.79634, 40.8983450000001], [-117.762833, 40.8762990000001], [-117.741892, 40.807012], [-117.725138, 40.7377260000001], [-117.704196, 40.706232], [-117.64137, 40.668439]]}, "properties": {"FID": 23360, "TYPEPIPE": "Intrastate", "Operator": "Paiute Pipeline Co", "Status": "Operating", "Shape_Leng": 0.476775125733, "Shape__Length": 62710.26322755071}}, {"type": "Feature", "id": 23364, "geometry": {"type": "LineString", "coordinates": [[-117.64137, 40.668439], [-117.607863, 40.6558410000001], [-117.524096, 40.66529], [-117.465458, 40.643244], [-117.364937, 40.5991520000001], [-117.28117, 40.536164], [-117.222532, 40.514119], [-117.1262, 40.510969], [-117.02149, 40.517268], [-116.900026, 40.533015], [-116.84117, 40.549611], [-116.799506, 40.56136], [-116.652912, 40.5771070000001], [-116.477, 40.614899], [-116.384856, 40.6558410000001], [-116.301088, 40.671588], [-116.204754, 40.7156800000001]]}, "properties": {"FID": 23364, "TYPEPIPE": "Intrastate", "Operator": "Paiute Pipeline Co", "Status": "Operating", "Shape_Leng": 1.50753508095, "Shape__Length": 173132.9720806901}}, {"type": "Feature", "id": 23368, "geometry": {"type": "LineString", "coordinates": [[-116.204754, 40.7156800000001], [-116.151994, 40.744017], [-116.116798, 40.7629210000001], [-116.024654, 40.775518], [-115.940886, 40.800714], [-115.785916, 40.832208]]}, "properties": {"FID": 23368, "TYPEPIPE": "Intrastate", "Operator": "Paiute Pipeline Co", "Status": "Operating", "Shape_Leng": 0.438453864132, "Shape__Length": 50321.14057984075}}, {"type": "Feature", "id": 23372, "geometry": {"type": "LineString", "coordinates": [[-118.59862, 40.1699180000001], [-118.737522, 40.035418], [-119.223679, 39.790326], [-119.304706, 39.652837]]}, "properties": {"FID": 23372, "TYPEPIPE": "Intrastate", "Operator": "Paiute Pipeline Co", "Status": "Operating", "Shape_Leng": 0.897381804267, "Shape__Length": 111554.61707527241}}, {"type": "Feature", "id": 23375, "geometry": {"type": "LineString", "coordinates": [[-119.232382, 39.513154], [-119.028514, 39.514459], [-119.005352, 39.523325], [-118.959029, 39.5321910000001], [-118.912705, 39.5115040000001], [-118.870243, 39.5085480000001], [-118.870243, 39.493772], [-118.808477, 39.490816], [-118.808477, 39.449442], [-118.781455, 39.446487], [-118.785315, 39.413978], [-118.677228, 39.405112], [-118.650206, 39.357827], [-118.623184, 39.3400950000001], [-118.57686, 39.2425690000001], [-118.441749, 39.16573], [-118.426308, 39.077071], [-118.360684, 39.0297850000001]]}, "properties": {"FID": 23375, "TYPEPIPE": "Intrastate", "Operator": "Paiute Pipeline Co", "Status": "Operating", "Shape_Leng": 1.17655425141, "Shape__Length": 144215.78112579492}}, {"type": "Feature", "id": 23379, "geometry": {"type": "LineString", "coordinates": [[-118.360684, 39.0297850000001], [-118.306956, 39.0327390000001], [-117.961564, 38.929359]]}, "properties": {"FID": 23379, "TYPEPIPE": "Intrastate", "Operator": "Paiute Pipeline Co", "Status": "Operating", "Shape_Leng": 0.414340777676, "Shape__Length": 47196.4623806834}}, {"type": "Feature", "id": 23383, "geometry": {"type": "LineString", "coordinates": [[-119.304706, 39.652837], [-119.232382, 39.534607], [-119.232382, 39.5300540000001]]}, "properties": {"FID": 23383, "TYPEPIPE": "Intrastate", "Operator": "Paiute Pipeline Co", "Status": "Operating", "Shape_Leng": 0.143149875419, "Shape__Length": 19539.286496603316}}, {"type": "Feature", "id": 23387, "geometry": {"type": "LineString", "coordinates": [[-119.232558, 39.438495], [-119.232382, 39.420758]]}, "properties": {"FID": 23387, "TYPEPIPE": "Intrastate", "Operator": "Paiute Pipeline Co", "Status": "Operating", "Shape_Leng": 0.0177378731814, "Shape__Length": 2556.3417439927293}}, {"type": "Feature", "id": 23391, "geometry": {"type": "LineString", "coordinates": [[-119.470006, 39.326647], [-119.481322, 39.322573], [-119.530618, 39.29355], [-119.559324, 39.276916]]}, "properties": {"FID": 23391, "TYPEPIPE": "Intrastate", "Operator": "Paiute Pipeline Co", "Status": "Operating", "Shape_Leng": 0.102409350173, "Shape__Length": 12276.849303615158}}, {"type": "Feature", "id": 23393, "geometry": {"type": "LineString", "coordinates": [[-119.662544, 39.215984], [-119.711548, 39.2129150000001]]}, "properties": {"FID": 23393, "TYPEPIPE": "Intrastate", "Operator": "Paiute Pipeline Co", "Status": "Operating", "Shape_Leng": 0.0491000079124, "Shape__Length": 5472.892676394191}}, {"type": "Feature", "id": 23396, "geometry": {"type": "LineString", "coordinates": [[-119.711548, 39.2129150000001], [-119.703872, 39.189286]]}, "properties": {"FID": 23396, "TYPEPIPE": "Intrastate", "Operator": "Paiute Pipeline Co", "Status": "Operating", "Shape_Leng": 0.0248445289149, "Shape__Length": 3500.22256617359}}, {"type": "Feature", "id": 23400, "geometry": {"type": "LineString", "coordinates": [[-119.703872, 39.189286], [-119.70771, 39.115443], [-119.720412, 39.0620660000001]]}, "properties": {"FID": 23400, "TYPEPIPE": "Intrastate", "Operator": "Paiute Pipeline Co", "Status": "Operating", "Shape_Leng": 0.128810194677, "Shape__Length": 18393.747127328235}}, {"type": "Feature", "id": 23403, "geometry": {"type": "LineString", "coordinates": [[-119.720412, 39.0620660000001], [-119.738411, 39.000248], [-119.87273, 38.991387]]}, "properties": {"FID": 23403, "TYPEPIPE": "Intrastate", "Operator": "Paiute Pipeline Co", "Status": "Operating", "Shape_Leng": 0.198995968957, "Shape__Length": 24088.653809414995}}, {"type": "Feature", "id": 23407, "geometry": {"type": "LineString", "coordinates": [[-119.87273, 38.991387], [-119.937971, 38.988433]]}, "properties": {"FID": 23407, "TYPEPIPE": "Intrastate", "Operator": "Paiute Pipeline Co", "Status": "Operating", "Shape_Leng": 0.0653078417726, "Shape__Length": 7274.90735158821}}, {"type": "Feature", "id": 23411, "geometry": {"type": "LineString", "coordinates": [[-119.937971, 38.988433], [-119.950342, 38.963043], [-119.960997, 38.941174]]}, "properties": {"FID": 23411, "TYPEPIPE": "Intrastate", "Operator": "Paiute Pipeline Co", "Status": "Operating", "Shape_Leng": 0.0525700461972, "Shape__Length": 7235.335596207378}}, {"type": "Feature", "id": 23415, "geometry": {"type": "LineString", "coordinates": [[-119.711548, 39.2129150000001], [-119.795977, 39.24836], [-119.826678, 39.254267], [-119.849704, 39.2394990000001], [-119.911107, 39.2572210000001], [-119.945646, 39.266082], [-119.999771, 39.2614540000001], [-120.014725, 39.2601750000001]]}, "properties": {"FID": 23415, "TYPEPIPE": "Intrastate", "Operator": "Paiute Pipeline Co", "Status": "Operating", "Shape_Leng": 0.319084408686, "Shape__Length": 36621.56307569724}}, {"type": "Feature", "id": 23419, "geometry": {"type": "LineString", "coordinates": [[-119.304706, 39.652837], [-119.348781, 39.635296], [-119.389182, 39.635296]]}, "properties": {"FID": 23419, "TYPEPIPE": "Intrastate", "Operator": "Paiute Pipeline Co", "Status": "Operating", "Shape_Leng": 0.0878382459782, "Shape__Length": 10020.399302306825}}, {"type": "Feature", "id": 23423, "geometry": {"type": "LineString", "coordinates": [[-119.389182, 39.635296], [-119.500475, 39.6116660000001], [-119.535014, 39.5525920000001]]}, "properties": {"FID": 23423, "TYPEPIPE": "Intrastate", "Operator": "Paiute Pipeline Co", "Status": "Operating", "Shape_Leng": 0.182204047347, "Shape__Length": 22209.906959716798}}, {"type": "Feature", "id": 23428, "geometry": {"type": "LineString", "coordinates": [[-119.500475, 39.6116660000001], [-119.54269, 39.6116660000001], [-119.604093, 39.5821290000001], [-119.723061, 39.570314]]}, "properties": {"FID": 23428, "TYPEPIPE": "Intrastate", "Operator": "Paiute Pipeline Co", "Status": "Operating", "Shape_Leng": 0.229906070527, "Shape__Length": 26110.240550030285}}, {"type": "Feature", "id": 23432, "geometry": {"type": "LineString", "coordinates": [[-119.723061, 39.570314], [-119.761438, 39.5673610000001], [-119.761438, 39.528962]]}, "properties": {"FID": 23432, "TYPEPIPE": "Intrastate", "Operator": "Paiute Pipeline Co", "Status": "Operating", "Shape_Leng": 0.0768894447623, "Shape__Length": 9836.867410551808}}, {"type": "Feature", "id": 23436, "geometry": {"type": "LineString", "coordinates": [[-119.369417, 39.363102], [-119.362318, 39.342879], [-119.335455, 39.325156], [-119.327779, 39.2956190000001], [-119.300916, 39.2749430000001]]}, "properties": {"FID": 23436, "TYPEPIPE": "Intrastate", "Operator": "Paiute Pipeline Co", "Status": "Operating", "Shape_Leng": 0.118032258053, "Shape__Length": 15499.108144030208}}, {"type": "Feature", "id": 23440, "geometry": {"type": "LineString", "coordinates": [[-119.300916, 39.2749430000001], [-119.262539, 39.221777], [-119.228, 39.115443], [-119.201136, 39.1036280000001], [-119.197298, 39.062276], [-119.166597, 39.0563690000001], [-119.17811, 39.023878]]}, "properties": {"FID": 23440, "TYPEPIPE": "Intrastate", "Operator": "Paiute Pipeline Co", "Status": "Operating", "Shape_Leng": 0.31398441863, "Shape__Length": 42233.96429709374}}, {"type": "Feature", "id": 23444, "geometry": {"type": "LineString", "coordinates": [[-119.232382, 39.420758], [-119.204973, 39.405962], [-119.208811, 39.279979], [-119.197298, 39.2435840000001], [-119.208811, 39.2183870000001], [-119.197298, 39.2015890000001], [-119.116707, 39.156795]]}, "properties": {"FID": 23444, "TYPEPIPE": "Intrastate", "Operator": "Paiute Pipeline Co", "Status": "Operating", "Shape_Leng": 0.335632144645, "Shape__Length": 44861.766415020364}}, {"type": "Feature", "id": 23448, "geometry": {"type": "LineString", "coordinates": [[-118.561434, 40.2081060000001], [-118.473168, 40.2021980000001], [-118.450142, 40.1726610000001]]}, "properties": {"FID": 23448, "TYPEPIPE": "Intrastate", "Operator": "Paiute Pipeline Co", "Status": "Operating", "Shape_Leng": 0.125915218374, "Shape__Length": 14872.905926166175}}, {"type": "Feature", "id": 23451, "geometry": {"type": "LineString", "coordinates": [[-118.561434, 40.2081060000001], [-118.53457, 40.128356]]}, "properties": {"FID": 23451, "TYPEPIPE": "Intrastate", "Operator": "Paiute Pipeline Co", "Status": "Operating", "Shape_Leng": 0.0841530569617, "Shape__Length": 11996.441929671617}}, {"type": "Feature", "id": 23455, "geometry": {"type": "LineString", "coordinates": [[-119.535014, 39.5525920000001], [-119.497827, 39.543521]]}, "properties": {"FID": 23455, "TYPEPIPE": "Intrastate", "Operator": "Paiute Pipeline Co", "Status": "Operating", "Shape_Leng": 0.0382773563612, "Shape__Length": 4341.832961336784}}, {"type": "Feature", "id": 23459, "geometry": {"type": "LineString", "coordinates": [[-119.232382, 39.5300540000001], [-119.232382, 39.5003360000001], [-119.232382, 39.482956], [-119.227428, 39.477987], [-119.232877, 39.4707240000001], [-119.232382, 39.447233], [-119.232558, 39.438495]]}, "properties": {"FID": 23459, "TYPEPIPE": "Intrastate", "Operator": "Paiute Pipeline Co", "Status": "Operating", "Shape_Leng": 0.095430415739, "Shape__Length": 13557.089562082263}}, {"type": "Feature", "id": 23463, "geometry": {"type": "LineString", "coordinates": [[-119.559324, 39.276916], [-119.578417, 39.264754], [-119.623722, 39.2370300000001], [-119.633952, 39.223376], [-119.662544, 39.215984]]}, "properties": {"FID": 23463, "TYPEPIPE": "Intrastate", "Operator": "Paiute Pipeline Co", "Status": "Operating", "Shape_Leng": 0.122345422465, "Shape__Length": 14804.493976093554}}, {"type": "Feature", "id": 23467, "geometry": {"type": "LineString", "coordinates": [[-119.232382, 39.420758], [-119.277889, 39.4021940000001], [-119.36867, 39.3633790000001], [-119.404239, 39.350327], [-119.470006, 39.326647]]}, "properties": {"FID": 23467, "TYPEPIPE": "Intrastate", "Operator": "Paiute Pipeline Co", "Status": "Operating", "Shape_Leng": 0.255667071642, "Shape__Length": 29735.888576396446}}, {"type": "Feature", "id": 23621, "geometry": {"type": "LineString", "coordinates": [[-119.84005, 36.647816], [-119.771776, 36.649472]]}, "properties": {"FID": 23621, "TYPEPIPE": "Intrastate", "Operator": "California Gas Transmission Co", "Status": "Operating", "Shape_Leng": 0.0682940803584, "Shape__Length": 7603.699251278546}}, {"type": "Feature", "id": 23625, "geometry": {"type": "LineString", "coordinates": [[-119.84005, 36.647816], [-119.841408, 36.862336]]}, "properties": {"FID": 23625, "TYPEPIPE": "Intrastate", "Operator": "California Gas Transmission Co", "Status": "Operating", "Shape_Leng": 0.214524298307, "Shape__Length": 29806.003388077097}}, {"type": "Feature", "id": 23629, "geometry": {"type": "LineString", "coordinates": [[-119.839872, 36.6195200000001], [-119.84005, 36.647816]]}, "properties": {"FID": 23629, "TYPEPIPE": "Intrastate", "Operator": "California Gas Transmission Co", "Status": "Operating", "Shape_Leng": 0.0282965598615, "Shape__Length": 3925.3160235053497}}, {"type": "Feature", "id": 23637, "geometry": {"type": "LineString", "coordinates": [[-119.640523, 36.6066080000001], [-119.61392, 36.6070080000001]]}, "properties": {"FID": 23637, "TYPEPIPE": "Intrastate", "Operator": "California Gas Transmission Co", "Status": "Operating", "Shape_Leng": 0.0266060070097, "Shape__Length": 2961.951853732756}}, {"type": "Feature", "id": 23640, "geometry": {"type": "LineString", "coordinates": [[-119.675776, 36.6060800000001], [-119.640523, 36.6066080000001]]}, "properties": {"FID": 23640, "TYPEPIPE": "Intrastate", "Operator": "California Gas Transmission Co", "Status": "Operating", "Shape_Leng": 0.0352569538248, "Shape__Length": 3925.028996800785}}, {"type": "Feature", "id": 23644, "geometry": {"type": "LineString", "coordinates": [[-119.675264, 36.5872640000001], [-119.675776, 36.6060800000001]]}, "properties": {"FID": 23644, "TYPEPIPE": "Intrastate", "Operator": "California Gas Transmission Co", "Status": "Operating", "Shape_Leng": 0.0188229646974, "Shape__Length": 2609.5557551962484}}, {"type": "Feature", "id": 23652, "geometry": {"type": "LineString", "coordinates": [[-119.717029, 36.5882930000001], [-119.675264, 36.5872640000001]]}, "properties": {"FID": 23652, "TYPEPIPE": "Intrastate", "Operator": "California Gas Transmission Co", "Status": "Operating", "Shape_Leng": 0.0417776742531, "Shape__Length": 4651.446728319833}}, {"type": "Feature", "id": 23656, "geometry": {"type": "LineString", "coordinates": [[-119.737648, 36.588801], [-119.717029, 36.5882930000001]]}, "properties": {"FID": 23656, "TYPEPIPE": "Intrastate", "Operator": "California Gas Transmission Co", "Status": "Operating", "Shape_Leng": 0.0206252569681, "Shape__Length": 2296.376860578794}}, {"type": "Feature", "id": 23664, "geometry": {"type": "LineString", "coordinates": [[-119.737648, 36.588801], [-119.736803, 36.533512]]}, "properties": {"FID": 23664, "TYPEPIPE": "Intrastate", "Operator": "California Gas Transmission Co", "Status": "Operating", "Shape_Leng": 0.0552954568297, "Shape__Length": 7663.150907888068}}, {"type": "Feature", "id": 23668, "geometry": {"type": "LineString", "coordinates": [[-119.736803, 36.533512], [-119.67744, 36.5349120000001]]}, "properties": {"FID": 23668, "TYPEPIPE": "Intrastate", "Operator": "California Gas Transmission Co", "Status": "Operating", "Shape_Leng": 0.0593795063047, "Shape__Length": 6611.104798386935}}, {"type": "Feature", "id": 23672, "geometry": {"type": "LineString", "coordinates": [[-119.780608, 36.5324800000001], [-119.736803, 36.533512]]}, "properties": {"FID": 23672, "TYPEPIPE": "Intrastate", "Operator": "California Gas Transmission Co", "Status": "Operating", "Shape_Leng": 0.0438171547342, "Shape__Length": 4878.445836991256}}, {"type": "Feature", "id": 23676, "geometry": {"type": "LineString", "coordinates": [[-119.773952, 36.5896960000001], [-119.737648, 36.588801]]}, "properties": {"FID": 23676, "TYPEPIPE": "Intrastate", "Operator": "California Gas Transmission Co", "Status": "Operating", "Shape_Leng": 0.0363150305108, "Shape__Length": 4043.247271193749}}, {"type": "Feature", "id": 23680, "geometry": {"type": "LineString", "coordinates": [[-119.657728, 36.496928], [-119.657728, 36.4754560000001]]}, "properties": {"FID": 23680, "TYPEPIPE": "Intrastate", "Operator": "California Gas Transmission Co", "Status": "Operating", "Shape_Leng": 0.021472, "Shape__Length": 2972.949727319181}}, {"type": "Feature", "id": 23684, "geometry": {"type": "LineString", "coordinates": [[-119.675264, 36.495104], [-119.657728, 36.496928]]}, "properties": {"FID": 23684, "TYPEPIPE": "Intrastate", "Operator": "California Gas Transmission Co", "Status": "Operating", "Shape_Leng": 0.0176306061155, "Shape__Length": 1968.3710001536056}}, {"type": "Feature", "id": 23688, "geometry": {"type": "LineString", "coordinates": [[-119.771776, 36.62208], [-119.773952, 36.5896960000001]]}, "properties": {"FID": 23688, "TYPEPIPE": "Intrastate", "Operator": "California Gas Transmission Co", "Status": "Operating", "Shape_Leng": 0.0324570243861, "Shape__Length": 4497.269634670875}}, {"type": "Feature", "id": 23691, "geometry": {"type": "LineString", "coordinates": [[-119.771776, 36.62208], [-119.771776, 36.649472]]}, "properties": {"FID": 23691, "TYPEPIPE": "Intrastate", "Operator": "California Gas Transmission Co", "Status": "Operating", "Shape_Leng": 0.027392, "Shape__Length": 3799.9656511358917}}, {"type": "Feature", "id": 23695, "geometry": {"type": "LineString", "coordinates": [[-119.839872, 36.6195200000001], [-119.771776, 36.62208]]}, "properties": {"FID": 23695, "TYPEPIPE": "Intrastate", "Operator": "California Gas Transmission Co", "Status": "Operating", "Shape_Leng": 0.0681441033105, "Shape__Length": 7588.723214993361}}, {"type": "Feature", "id": 23699, "geometry": {"type": "LineString", "coordinates": [[-120.008704, 36.547328], [-120.003377, 36.549605]]}, "properties": {"FID": 23699, "TYPEPIPE": "Intrastate", "Operator": "California Gas Transmission Co", "Status": "Operating", "Shape_Leng": 0.00579324244273, "Shape__Length": 671.7149111729296}}, {"type": "Feature", "id": 23703, "geometry": {"type": "LineString", "coordinates": [[-120.003377, 36.549605], [-119.839872, 36.6195200000001]]}, "properties": {"FID": 23703, "TYPEPIPE": "Intrastate", "Operator": "California Gas Transmission Co", "Status": "Operating", "Shape_Leng": 0.177825735623, "Shape__Length": 20621.16763890761}}, {"type": "Feature", "id": 23705, "geometry": {"type": "LineString", "coordinates": [[-120.003377, 36.549605], [-120.01312, 36.5624320000001]]}, "properties": {"FID": 23705, "TYPEPIPE": "Intrastate", "Operator": "California Gas Transmission Co", "Status": "Operating", "Shape_Leng": 0.0161076993392, "Shape__Length": 2082.344810963066}}, {"type": "Feature", "id": 23708, "geometry": {"type": "LineString", "coordinates": [[-119.675264, 36.5872640000001], [-119.644544, 36.5896960000001]]}, "properties": {"FID": 23708, "TYPEPIPE": "Intrastate", "Operator": "California Gas Transmission Co", "Status": "Operating", "Shape_Leng": 0.030816116303, "Shape__Length": 3436.3165771592026}}, {"type": "Feature", "id": 23712, "geometry": {"type": "LineString", "coordinates": [[-119.67744, 36.5349120000001], [-119.675264, 36.5872640000001]]}, "properties": {"FID": 23712, "TYPEPIPE": "Intrastate", "Operator": "California Gas Transmission Co", "Status": "Operating", "Shape_Leng": 0.0523972029788, "Shape__Length": 7259.566875739708}}, {"type": "Feature", "id": 23716, "geometry": {"type": "LineString", "coordinates": [[-119.67744, 36.5349120000001], [-119.675264, 36.495104]]}, "properties": {"FID": 23716, "TYPEPIPE": "Intrastate", "Operator": "California Gas Transmission Co", "Status": "Operating", "Shape_Leng": 0.0398674283094, "Shape__Length": 5519.068243515316}}, {"type": "Feature", "id": 23720, "geometry": {"type": "LineString", "coordinates": [[-119.960576, 36.460288], [-119.780608, 36.5324800000001]]}, "properties": {"FID": 23720, "TYPEPIPE": "Intrastate", "Operator": "California Gas Transmission Co", "Status": "Operating", "Shape_Leng": 0.193907622047, "Shape__Length": 22389.62177380265}}, {"type": "Feature", "id": 23724, "geometry": {"type": "LineString", "coordinates": [[-120.033664, 36.485376], [-119.960576, 36.460288]]}, "properties": {"FID": 23724, "TYPEPIPE": "Intrastate", "Operator": "California Gas Transmission Co", "Status": "Operating", "Shape_Leng": 0.077273950902, "Shape__Length": 8846.368799328999}}, {"type": "Feature", "id": 23728, "geometry": {"type": "LineString", "coordinates": [[-119.841408, 36.862336], [-120.135808, 36.7357440000001]]}, "properties": {"FID": 23728, "TYPEPIPE": "Intrastate", "Operator": "California Gas Transmission Co", "Status": "Operating", "Shape_Leng": 0.320463561835, "Shape__Length": 37198.85851534316}}, {"type": "Feature", "id": 23736, "geometry": {"type": "LineString", "coordinates": [[-119.61392, 36.6070080000001], [-119.613216, 36.6158400000001]]}, "properties": {"FID": 23736, "TYPEPIPE": "Intrastate", "Operator": "California Gas Transmission Co", "Status": "Operating", "Shape_Leng": 0.00886001354399, "Shape__Length": 1227.340122164099}}, {"type": "Feature", "id": 23745, "geometry": {"type": "LineString", "coordinates": [[-119.71872, 36.6489280000001], [-119.707424, 36.648352]]}, "properties": {"FID": 23745, "TYPEPIPE": "Intrastate", "Operator": "California Gas Transmission Co", "Status": "Operating", "Shape_Leng": 0.0113106760187, "Shape__Length": 1260.0020708104066}}, {"type": "Feature", "id": 23749, "geometry": {"type": "LineString", "coordinates": [[-119.707424, 36.648352], [-119.707632, 36.6383200000001]]}, "properties": {"FID": 23749, "TYPEPIPE": "Intrastate", "Operator": "California Gas Transmission Co", "Status": "Operating", "Shape_Leng": 0.0100341560681, "Shape__Length": 1392.0221675213368}}, {"type": "Feature", "id": 23753, "geometry": {"type": "LineString", "coordinates": [[-119.707632, 36.6383200000001], [-119.716272, 36.638608]]}, "properties": {"FID": 23753, "TYPEPIPE": "Intrastate", "Operator": "California Gas Transmission Co", "Status": "Operating", "Shape_Leng": 0.00864479866736, "Shape__Length": 962.629916755799}}, {"type": "Feature", "id": 23757, "geometry": {"type": "LineString", "coordinates": [[-119.716272, 36.638608], [-119.717029, 36.5882930000001]]}, "properties": {"FID": 23757, "TYPEPIPE": "Intrastate", "Operator": "California Gas Transmission Co", "Status": "Operating", "Shape_Leng": 0.0503206942917, "Shape__Length": 6978.455320840249}}, {"type": "Feature", "id": 23761, "geometry": {"type": "LineString", "coordinates": [[-119.707632, 36.6383200000001], [-119.69952, 36.6383200000001]]}, "properties": {"FID": 23761, "TYPEPIPE": "Intrastate", "Operator": "California Gas Transmission Co", "Status": "Operating", "Shape_Leng": 0.00811200000004, "Shape__Length": 903.0237093195319}}, {"type": "Feature", "id": 23789, "geometry": {"type": "LineString", "coordinates": [[-119.63984, 36.588736], [-119.640523, 36.6066080000001]]}, "properties": {"FID": 23789, "TYPEPIPE": "Intrastate", "Operator": "California Gas Transmission Co", "Status": "Operating", "Shape_Leng": 0.0178850460721, "Shape__Length": 2479.241117441451}}, {"type": "Feature", "id": 23793, "geometry": {"type": "LineString", "coordinates": [[-119.675264, 36.5872640000001], [-119.63984, 36.588736]]}, "properties": {"FID": 23793, "TYPEPIPE": "Intrastate", "Operator": "California Gas Transmission Co", "Status": "Operating", "Shape_Leng": 0.0354545703683, "Shape__Length": 3948.658799059701}}, {"type": "Feature", "id": 23797, "geometry": {"type": "LineString", "coordinates": [[-119.723376, 36.667984], [-119.733808, 36.6674080000001]]}, "properties": {"FID": 23797, "TYPEPIPE": "Intrastate", "Operator": "California Gas Transmission Co", "Status": "Operating", "Shape_Leng": 0.0104478897391, "Shape__Length": 1164.0330404754868}}, {"type": "Feature", "id": 23802, "geometry": {"type": "LineString", "coordinates": [[-119.723136, 36.6645280000001], [-119.723376, 36.667984]]}, "properties": {"FID": 23802, "TYPEPIPE": "Intrastate", "Operator": "California Gas Transmission Co", "Status": "Operating", "Shape_Leng": 0.00346432331052, "Shape__Length": 480.3682418686817}}, {"type": "Feature", "id": 23806, "geometry": {"type": "LineString", "coordinates": [[-119.720336, 36.6645280000001], [-119.723136, 36.6645280000001]]}, "properties": {"FID": 23806, "TYPEPIPE": "Intrastate", "Operator": "California Gas Transmission Co", "Status": "Operating", "Shape_Leng": 0.00279999999998, "Shape__Length": 311.69457421824336}}, {"type": "Feature", "id": 23810, "geometry": {"type": "LineString", "coordinates": [[-119.720336, 36.6587680000001], [-119.720336, 36.6645280000001]]}, "properties": {"FID": 23810, "TYPEPIPE": "Intrastate", "Operator": "California Gas Transmission Co", "Status": "Operating", "Shape_Leng": 0.00576000000001, "Shape__Length": 799.3266693130136}}, {"type": "Feature", "id": 23815, "geometry": {"type": "LineString", "coordinates": [[-119.719828, 36.648939], [-119.720336, 36.6587680000001]]}, "properties": {"FID": 23815, "TYPEPIPE": "Intrastate", "Operator": "California Gas Transmission Co", "Status": "Operating", "Shape_Leng": 0.00984211892839, "Shape__Length": 1365.0237018352998}}, {"type": "Feature", "id": 23818, "geometry": {"type": "LineString", "coordinates": [[-119.719828, 36.648939], [-119.71872, 36.6489280000001]]}, "properties": {"FID": 23818, "TYPEPIPE": "Intrastate", "Operator": "California Gas Transmission Co", "Status": "Operating", "Shape_Leng": 0.00110805460153, "Shape__Length": 123.35143832134587}}, {"type": "Feature", "id": 23822, "geometry": {"type": "LineString", "coordinates": [[-119.771776, 36.649472], [-119.719828, 36.648939]]}, "properties": {"FID": 23822, "TYPEPIPE": "Intrastate", "Operator": "California Gas Transmission Co", "Status": "Operating", "Shape_Leng": 0.0519507342874, "Shape__Length": 5783.297764809366}}, {"type": "Feature", "id": 23826, "geometry": {"type": "LineString", "coordinates": [[-119.699008, 36.6584800000001], [-119.720336, 36.6587680000001]]}, "properties": {"FID": 23826, "TYPEPIPE": "Intrastate", "Operator": "California Gas Transmission Co", "Status": "Operating", "Shape_Leng": 0.0213299443975, "Shape__Length": 2374.558434894049}}, {"type": "Feature", "id": 23830, "geometry": {"type": "LineString", "coordinates": [[-119.69952, 36.6383200000001], [-119.699008, 36.6584800000001]]}, "properties": {"FID": 23830, "TYPEPIPE": "Intrastate", "Operator": "California Gas Transmission Co", "Status": "Operating", "Shape_Leng": 0.0201665005392, "Shape__Length": 2797.742652830469}}, {"type": "Feature", "id": 23942, "geometry": {"type": "LineString", "coordinates": [[-117.963264, 34.9447680000001], [-118.50496, 35.0585600000001]]}, "properties": {"FID": 23942, "TYPEPIPE": "Intrastate", "Operator": "California Gas Transmission Co", "Status": "Operating", "Shape_Leng": 0.553518902731, "Shape__Length": 62252.63813466953}}, {"type": "Feature", "id": 23944, "geometry": {"type": "LineString", "coordinates": [[-118.77568, 35.2025600000001], [-119.002752, 35.379328]]}, "properties": {"FID": 23944, "TYPEPIPE": "Intrastate", "Operator": "California Gas Transmission Co", "Status": "Operating", "Shape_Leng": 0.287764867571, "Shape__Length": 34930.71913187805}}, {"type": "Feature", "id": 23952, "geometry": {"type": "LineString", "coordinates": [[-118.77568, 35.2025600000001], [-118.781312, 35.354112]]}, "properties": {"FID": 23952, "TYPEPIPE": "Intrastate", "Operator": "California Gas Transmission Co", "Status": "Operating", "Shape_Leng": 0.151656612543, "Shape__Length": 20675.370342583712}}, {"type": "Feature", "id": 23960, "geometry": {"type": "LineString", "coordinates": [[-119.714048, 35.7862400000001], [-119.717583, 35.7903670000001]]}, "properties": {"FID": 23960, "TYPEPIPE": "Intrastate", "Operator": "California Gas Transmission Co", "Status": "Operating", "Shape_Leng": 0.00543399981596, "Shape__Length": 689.6438152448584}}, {"type": "Feature", "id": 23968, "geometry": {"type": "LineString", "coordinates": [[-119.604608, 35.6876800000001], [-119.714048, 35.7862400000001]]}, "properties": {"FID": 23968, "TYPEPIPE": "Intrastate", "Operator": "California Gas Transmission Co", "Status": "Operating", "Shape_Leng": 0.147279282997, "Shape__Length": 18196.80392965827}}, {"type": "Feature", "id": 23972, "geometry": {"type": "LineString", "coordinates": [[-118.50496, 35.0585600000001], [-118.540544, 35.091328]]}, "properties": {"FID": 23972, "TYPEPIPE": "Intrastate", "Operator": "California Gas Transmission Co", "Status": "Operating", "Shape_Leng": 0.0483731628075, "Shape__Length": 5962.971101803194}}, {"type": "Feature", "id": 23976, "geometry": {"type": "LineString", "coordinates": [[-118.540544, 35.091328], [-118.603392, 35.068544]]}, "properties": {"FID": 23976, "TYPEPIPE": "Intrastate", "Operator": "California Gas Transmission Co", "Status": "Operating", "Shape_Leng": 0.0668504432297, "Shape__Length": 7651.959673657259}}, {"type": "Feature", "id": 23980, "geometry": {"type": "LineString", "coordinates": [[-119.002752, 35.379328], [-119.188864, 35.462784]]}, "properties": {"FID": 23980, "TYPEPIPE": "Intrastate", "Operator": "California Gas Transmission Co", "Status": "Operating", "Shape_Leng": 0.203967106368, "Shape__Length": 23647.37058836891}}, {"type": "Feature", "id": 23984, "geometry": {"type": "LineString", "coordinates": [[-119.188864, 35.462784], [-119.604608, 35.6876800000001]]}, "properties": {"FID": 23984, "TYPEPIPE": "Intrastate", "Operator": "California Gas Transmission Co", "Status": "Operating", "Shape_Leng": 0.472674607264, "Shape__Length": 55581.57731357106}}, {"type": "Feature", "id": 23988, "geometry": {"type": "LineString", "coordinates": [[-118.603392, 35.068544], [-118.77568, 35.2025600000001]]}, "properties": {"FID": 23988, "TYPEPIPE": "Intrastate", "Operator": "California Gas Transmission Co", "Status": "Operating", "Shape_Leng": 0.218273780377, "Shape__Length": 26469.302889727154}}, {"type": "Feature", "id": 24034, "geometry": {"type": "LineString", "coordinates": [[-119.995008, 36.02912], [-120.02864, 36.0126080000001]]}, "properties": {"FID": 24034, "TYPEPIPE": "Intrastate", "Operator": "California Gas Transmission Co", "Status": "Operating", "Shape_Leng": 0.037466752835, "Shape__Length": 4379.680334824955}}, {"type": "Feature", "id": 24038, "geometry": {"type": "LineString", "coordinates": [[-119.999114, 36.073157], [-119.995008, 36.02912]]}, "properties": {"FID": 24038, "TYPEPIPE": "Intrastate", "Operator": "California Gas Transmission Co", "Status": "Operating", "Shape_Leng": 0.0442280070204, "Shape__Length": 6080.561566864973}}, {"type": "Feature", "id": 24300, "geometry": {"type": "LineString", "coordinates": [[-117.525715, 34.990398], [-117.603456, 35.4074880000001]]}, "properties": {"FID": 24300, "TYPEPIPE": "Intrastate", "Operator": "California Gas Transmission Co", "Status": "Operating", "Shape_Leng": 0.424273179898, "Shape__Length": 57474.86632168035}}, {"type": "Feature", "id": 24302, "geometry": {"type": "LineString", "coordinates": [[-117.603456, 35.4074880000001], [-117.574912, 35.6143360000001]]}, "properties": {"FID": 24302, "TYPEPIPE": "Intrastate", "Operator": "California Gas Transmission Co", "Status": "Operating", "Shape_Leng": 0.208808177618, "Shape__Length": 28465.495375042694}}, {"type": "Feature", "id": 24308, "geometry": {"type": "LineString", "coordinates": [[-117.574912, 35.6143360000001], [-117.593984, 35.6523520000001]]}, "properties": {"FID": 24308, "TYPEPIPE": "Intrastate", "Operator": "California Gas Transmission Co", "Status": "Operating", "Shape_Leng": 0.0425318403082, "Shape__Length": 5623.049621382251}}, {"type": "Feature", "id": 24944, "geometry": {"type": "LineString", "coordinates": [[-119.91104, 36.0162560000001], [-119.999114, 36.073157]]}, "properties": {"FID": 24944, "TYPEPIPE": "Intrastate", "Operator": "California Gas Transmission Co", "Status": "Operating", "Shape_Leng": 0.104855869063, "Shape__Length": 12549.73529868824}}, {"type": "Feature", "id": 24946, "geometry": {"type": "LineString", "coordinates": [[-119.717583, 35.7903670000001], [-119.91104, 36.0162560000001]]}, "properties": {"FID": 24946, "TYPEPIPE": "Intrastate", "Operator": "California Gas Transmission Co", "Status": "Operating", "Shape_Leng": 0.297407886866, "Shape__Length": 37782.393898191716}}, {"type": "Feature", "id": 24948, "geometry": {"type": "LineString", "coordinates": [[-119.999114, 36.073157], [-120.047744, 36.1045760000001]]}, "properties": {"FID": 24948, "TYPEPIPE": "Intrastate", "Operator": "California Gas Transmission Co", "Status": "Operating", "Shape_Leng": 0.0578967223684, "Shape__Length": 6930.943163644984}}, {"type": "Feature", "id": 24950, "geometry": {"type": "LineString", "coordinates": [[-119.841408, 36.862336], [-120.197632, 37.160448]]}, "properties": {"FID": 24950, "TYPEPIPE": "Intrastate", "Operator": "California Gas Transmission Co", "Status": "Operating", "Shape_Leng": 0.464506515261, "Shape__Length": 57442.73911791637}}, {"type": "Feature", "id": 24954, "geometry": {"type": "LineString", "coordinates": [[-114.930688, 36.187776], [-115.145472, 36.187776]]}, "properties": {"FID": 24954, "TYPEPIPE": "Intrastate", "Operator": "Southwest Gas Corp", "Status": "Operating", "Shape_Leng": 0.214784, "Shape__Length": 23909.645510545}}, {"type": "Feature", "id": 24956, "geometry": {"type": "LineString", "coordinates": [[-114.831232, 35.9755520000001], [-114.921088, 36.049152]]}, "properties": {"FID": 24956, "TYPEPIPE": "Intrastate", "Operator": "Southwest Gas Corp", "Status": "Operating", "Shape_Leng": 0.116151025549, "Shape__Length": 14235.441054417266}}, {"type": "Feature", "id": 24958, "geometry": {"type": "LineString", "coordinates": [[-114.88576, 35.677824], [-114.831232, 35.9755520000001]]}, "properties": {"FID": 24958, "TYPEPIPE": "Intrastate", "Operator": "Southwest Gas Corp", "Status": "Operating", "Shape_Leng": 0.302680136064, "Shape__Length": 41325.58211590103}}, {"type": "Feature", "id": 24960, "geometry": {"type": "LineString", "coordinates": [[-114.90176, 35.512704], [-114.88576, 35.677824]]}, "properties": {"FID": 24960, "TYPEPIPE": "Intrastate", "Operator": "Southwest Gas Corp", "Status": "Operating", "Shape_Leng": 0.165893382629, "Shape__Length": 22674.88535988975}}, {"type": "Feature", "id": 24962, "geometry": {"type": "LineString", "coordinates": [[-114.87296, 35.3123840000001], [-114.90176, 35.512704]]}, "properties": {"FID": 24962, "TYPEPIPE": "Intrastate", "Operator": "Southwest Gas Corp", "Status": "Operating", "Shape_Leng": 0.202379698587, "Shape__Length": 27548.558148619322}}, {"type": "Feature", "id": 24964, "geometry": {"type": "LineString", "coordinates": [[-114.658259, 35.0962900000001], [-114.87296, 35.3123840000001]]}, "properties": {"FID": 24964, "TYPEPIPE": "Intrastate", "Operator": "Southwest Gas Corp", "Status": "Operating", "Shape_Leng": 0.304619658323, "Shape__Length": 37920.25822178402}}, {"type": "Feature", "id": 24966, "geometry": {"type": "LineString", "coordinates": [[-114.622848, 35.0529280000001], [-114.658259, 35.0962900000001]]}, "properties": {"FID": 24966, "TYPEPIPE": "Intrastate", "Operator": "Southwest Gas Corp", "Status": "Operating", "Shape_Leng": 0.0559839438143, "Shape__Length": 7094.117176839599}}, {"type": "Feature", "id": 24979, "geometry": {"type": "LineString", "coordinates": [[-120.004864, 39.248384], [-120.092416, 39.2294400000001]]}, "properties": {"FID": 24979, "TYPEPIPE": "Intrastate", "Operator": "Southwest Gas Corp", "Status": "Operating", "Shape_Leng": 0.0895780544553, "Shape__Length": 10119.427868885314}}, {"type": "Feature", "id": 24980, "geometry": {"type": "LineString", "coordinates": [[-120.004864, 39.248384], [-120.076032, 39.26784]]}, "properties": {"FID": 24980, "TYPEPIPE": "Intrastate", "Operator": "Southwest Gas Corp", "Status": "Operating", "Shape_Leng": 0.0737795375426, "Shape__Length": 8401.676615550079}}, {"type": "Feature", "id": 24981, "geometry": {"type": "LineString", "coordinates": [[-114.930688, 36.187776], [-114.898688, 36.1582080000001]]}, "properties": {"FID": 24981, "TYPEPIPE": "Intrastate", "Operator": "Southwest Gas Corp", "Status": "Operating", "Shape_Leng": 0.0435691017121, "Shape__Length": 5414.354520077886}}, {"type": "Feature", "id": 24982, "geometry": {"type": "LineString", "coordinates": [[-114.950016, 36.15232], [-114.930688, 36.187776]]}, "properties": {"FID": 24982, "TYPEPIPE": "Intrastate", "Operator": "Southwest Gas Corp", "Status": "Operating", "Shape_Leng": 0.0403819207072, "Shape__Length": 5341.734502420335}}, {"type": "Feature", "id": 24983, "geometry": {"type": "LineString", "coordinates": [[-114.946688, 36.066944], [-114.950016, 36.15232]]}, "properties": {"FID": 24983, "TYPEPIPE": "Intrastate", "Operator": "Southwest Gas Corp", "Status": "Operating", "Shape_Leng": 0.0854408389472, "Shape__Length": 11769.815931229867}}, {"type": "Feature", "id": 24984, "geometry": {"type": "LineString", "coordinates": [[-114.921088, 36.049152], [-114.946688, 36.066944]]}, "properties": {"FID": 24984, "TYPEPIPE": "Intrastate", "Operator": "Southwest Gas Corp", "Status": "Operating", "Shape_Leng": 0.0311755555524, "Shape__Length": 3758.1280627327155}}, {"type": "Feature", "id": 24985, "geometry": {"type": "LineString", "coordinates": [[-114.946688, 36.0256000000001], [-114.921088, 36.049152]]}, "properties": {"FID": 24985, "TYPEPIPE": "Intrastate", "Operator": "Southwest Gas Corp", "Status": "Operating", "Shape_Leng": 0.034785869315, "Shape__Length": 4316.6498492747605}}, {"type": "Feature", "id": 24987, "geometry": {"type": "LineString", "coordinates": [[-114.930688, 35.53344], [-114.937088, 35.810432]]}, "properties": {"FID": 24987, "TYPEPIPE": "Intrastate", "Operator": "Southwest Gas Corp", "Status": "Operating", "Shape_Leng": 0.277065927288, "Shape__Length": 37963.15593579831}}, {"type": "Feature", "id": 25188, "geometry": {"type": "LineString", "coordinates": [[-84.802339, 40.7495720000001], [-84.802296, 40.7495700000001]]}, "properties": {"FID": 25188, "TYPEPIPE": "Intrastate", "Operator": "West Ohio Gas Co", "Status": "Operating", "Shape_Leng": 4.30464865049e-05, "Shape__Length": 4.795751298215663}}, {"type": "Feature", "id": 25195, "geometry": {"type": "LineString", "coordinates": [[-84.802296, 40.7495700000001], [-84.659339, 40.7413310000001]]}, "properties": {"FID": 25195, "TYPEPIPE": "Intrastate", "Operator": "West Ohio Gas Co", "Status": "Operating", "Shape_Leng": 0.143194221147, "Shape__Length": 15959.879353401144}}, {"type": "Feature", "id": 25198, "geometry": {"type": "LineString", "coordinates": [[-84.8116699999999, 40.487075], [-84.8031989999999, 40.486742]]}, "properties": {"FID": 25198, "TYPEPIPE": "Intrastate", "Operator": "West Ohio Gas Co", "Status": "Operating", "Shape_Leng": 0.0084775426864, "Shape__Length": 944.2461717402011}}, {"type": "Feature", "id": 25204, "geometry": {"type": "LineString", "coordinates": [[-84.792136, 40.9521700000001], [-84.759333, 40.9211750000001], [-84.7429309999999, 40.888113], [-84.721062, 40.888113], [-84.6964599999999, 40.8674500000001], [-84.685525, 40.8550520000001], [-84.655456, 40.852985], [-84.655456, 40.8653830000001], [-84.376628, 40.832322], [-84.340205, 40.8165890000001], [-84.338357, 40.815791]]}, "properties": {"FID": 25204, "TYPEPIPE": "Intrastate", "Operator": "West Ohio Gas Co", "Status": "Operating", "Shape_Leng": 0.517573322716, "Shape__Length": 61279.04247030211}}, {"type": "Feature", "id": 25212, "geometry": {"type": "LineString", "coordinates": [[-84.8031989999999, 40.486742], [-84.680685, 40.481922], [-84.6806989999999, 40.4946150000001], [-84.620977, 40.49614], [-84.6178889999999, 40.5439270000001], [-84.586473, 40.5573820000001], [-84.482742, 40.5529520000001], [-84.455571, 40.548889]]}, "properties": {"FID": 25212, "TYPEPIPE": "Intrastate", "Operator": "West Ohio Gas Co", "Status": "Operating", "Shape_Leng": 0.408404620306, "Shape__Length": 47835.255131471175}}, {"type": "Feature", "id": 25843, "geometry": {"type": "LineString", "coordinates": [[-94.191384, 38.858418], [-94.161607, 38.8584910000001], [-94.161792, 38.8632400000001], [-94.1117379999999, 38.8631540000001], [-94.0997629999999, 38.8656030000001], [-93.323727, 38.861795], [-93.145912, 38.8594400000001], [-93.046456, 38.857085], [-92.763158, 38.85002], [-92.532634, 38.8483160000001], [-92.516026, 38.857085], [-92.4979429999999, 38.847666], [-92.473832, 38.852375], [-92.2508109999999, 38.861795], [-92.154369, 38.861795], [-91.961485, 38.8712140000001], [-91.635994, 38.85002], [-91.593801, 38.840601], [-91.551607, 38.8311810000001], [-91.497359, 38.821762], [-91.415986, 38.821762], [-91.334613, 38.817052], [-91.2713229999999, 38.805278], [-91.2050189999999, 38.805278], [-91.138716, 38.786439], [-91.015149, 38.7840840000001], [-90.960901, 38.7723100000001], [-90.876513, 38.7793740000001], [-90.8162369999999, 38.7723100000001], [-90.734865, 38.7770190000001], [-90.6655469999999, 38.765245], [-90.638423, 38.7558250000001], [-90.614313, 38.76289]]}, "properties": {"FID": 25843, "TYPEPIPE": "Interstate", "Operator": "Southern Star Central Gas PL Co", "Status": "Operating", "Shape_Leng": 3.60091677498, "Shape__Length": 402314.52981527295}}, {"type": "Feature", "id": 26143, "geometry": {"type": "LineString", "coordinates": [[-84.818336, 39.3720640000001], [-84.3428479999999, 39.4979520000001]]}, "properties": {"FID": 26143, "TYPEPIPE": "Interstate", "Operator": "Texas Eastern Trans Co", "Status": "Operating", "Shape_Leng": 0.491870538544, "Shape__Length": 55954.63259725983}}, {"type": "Feature", "id": 26305, "geometry": {"type": "LineString", "coordinates": [[-87.213341, 41.5053330000001], [-86.929252, 41.6340910000001]]}, "properties": {"FID": 26305, "TYPEPIPE": "Interstate", "Operator": "ANR Pipeline Co", "Status": "Operating", "Shape_Leng": 0.311905726919, "Shape__Length": 36975.12068702948}}, {"type": "Feature", "id": 26306, "geometry": {"type": "LineString", "coordinates": [[-85.190976, 41.5693650000001], [-85.2566399999999, 41.5846050000001], [-85.306637, 41.596209], [-85.346751, 41.6055190000001]]}, "properties": {"FID": 26306, "TYPEPIPE": "Interstate", "Operator": "ANR Pipeline Co", "Status": "Operating", "Shape_Leng": 0.159915484995, "Shape__Length": 18156.47872739268}}, {"type": "Feature", "id": 26308, "geometry": {"type": "LineString", "coordinates": [[-88.177857, 41.4607710000001], [-88.167399, 41.460828], [-88.155933, 41.459], [-88.1395169999999, 41.45885], [-88.1314549999999, 41.458091], [-88.122111, 41.457211], [-87.9864909999999, 41.444436]]}, "properties": {"FID": 26308, "TYPEPIPE": "Interstate", "Operator": "ANR Pipeline Co", "Status": "Operating", "Shape_Leng": 0.192188994248, "Shape__Length": 21465.48738645919}}, {"type": "Feature", "id": 26313, "geometry": {"type": "LineString", "coordinates": [[-90.980715, 41.1423270000001], [-91.00875, 41.1274000000001], [-91.0295189999999, 41.115614], [-91.0602209999999, 41.096574], [-91.07798, 41.0906810000001], [-91.094234, 41.0854670000001], [-91.1101869999999, 41.0782140000001], [-91.12012, 41.072321], [-91.1411899999999, 41.066201], [-91.152026, 41.062574], [-91.162529, 41.058882]]}, "properties": {"FID": 26313, "TYPEPIPE": "Interstate", "Operator": "ANR Pipeline Co", "Status": "Operating", "Shape_Leng": 0.201123702452, "Shape__Length": 23873.843187896986}}, {"type": "Feature", "id": 26314, "geometry": {"type": "LineString", "coordinates": [[-91.3680859999999, 41.0229360000001], [-91.389168, 41.0193800000001], [-91.4063149999999, 41.0156200000001], [-91.456649, 41.0110240000001], [-91.4843049999999, 41.0089350000001], [-91.510301, 41.003086], [-91.5263419999999, 40.998908], [-91.545148, 40.9984900000001], [-91.572804, 40.994312], [-91.607097, 40.9892990000001], [-91.642497, 40.979271], [-91.651698, 40.9774780000001], [-91.67679, 40.972587], [-91.719072, 40.9629830000001]]}, "properties": {"FID": 26314, "TYPEPIPE": "Interstate", "Operator": "ANR Pipeline Co", "Status": "Operating", "Shape_Leng": 0.356962625004, "Shape__Length": 40228.737395728924}}, {"type": "Feature", "id": 26316, "geometry": {"type": "LineString", "coordinates": [[-91.162529, 41.058882], [-91.2257479999999, 41.046403], [-91.269672, 41.037732]]}, "properties": {"FID": 26316, "TYPEPIPE": "Interstate", "Operator": "ANR Pipeline Co", "Status": "Operating", "Shape_Leng": 0.109210553289, "Shape__Length": 12328.91450956575}}, {"type": "Feature", "id": 26317, "geometry": {"type": "LineString", "coordinates": [[-91.269672, 41.037732], [-91.337612, 41.028937]]}, "properties": {"FID": 26317, "TYPEPIPE": "Interstate", "Operator": "ANR Pipeline Co", "Status": "Operating", "Shape_Leng": 0.0685069020246, "Shape__Length": 7673.607807215873}}, {"type": "Feature", "id": 26318, "geometry": {"type": "LineString", "coordinates": [[-91.337612, 41.028937], [-91.3664249999999, 41.023198], [-91.3680859999999, 41.0229360000001]]}, "properties": {"FID": 26318, "TYPEPIPE": "Interstate", "Operator": "ANR Pipeline Co", "Status": "Operating", "Shape_Leng": 0.0310605271223, "Shape__Length": 3506.2567088551064}}, {"type": "Feature", "id": 26319, "geometry": {"type": "LineString", "coordinates": [[-91.315125, 40.8393100000001], [-91.332996, 40.784682]]}, "properties": {"FID": 26319, "TYPEPIPE": "Interstate", "Operator": "ANR Pipeline Co", "Status": "Operating", "Shape_Leng": 0.0574768738277, "Shape__Length": 8277.365349863834}}, {"type": "Feature", "id": 26320, "geometry": {"type": "LineString", "coordinates": [[-91.332996, 40.784682], [-91.350949, 40.7424750000001], [-91.370033, 40.6976070000001]]}, "properties": {"FID": 26320, "TYPEPIPE": "Interstate", "Operator": "ANR Pipeline Co", "Status": "Operating", "Shape_Leng": 0.0946244946861, "Shape__Length": 13441.374437001916}}, {"type": "Feature", "id": 26321, "geometry": {"type": "LineString", "coordinates": [[-91.370033, 40.6976070000001], [-91.373707, 40.68392], [-91.390791, 40.659789]]}, "properties": {"FID": 26321, "TYPEPIPE": "Interstate", "Operator": "ANR Pipeline Co", "Status": "Operating", "Shape_Leng": 0.0437378652549, "Shape__Length": 6070.669255201023}}, {"type": "Feature", "id": 26324, "geometry": {"type": "LineString", "coordinates": [[-89.8714449999999, 41.356807], [-89.756522, 41.377285]]}, "properties": {"FID": 26324, "TYPEPIPE": "Interstate", "Operator": "ANR Pipeline Co", "Status": "Operating", "Shape_Leng": 0.116733218978, "Shape__Length": 13148.819911900699}}, {"type": "Feature", "id": 26325, "geometry": {"type": "LineString", "coordinates": [[-89.756522, 41.377285], [-89.245962, 41.4886690000001], [-89.166913, 41.50446]]}, "properties": {"FID": 26325, "TYPEPIPE": "Interstate", "Operator": "ANR Pipeline Co", "Status": "Operating", "Shape_Leng": 0.603179362591, "Shape__Length": 68299.87566889181}}, {"type": "Feature", "id": 26326, "geometry": {"type": "LineString", "coordinates": [[-90.410858, 41.239513], [-90.3615369999999, 41.250238], [-90.274402, 41.269185], [-90.180841, 41.2895300000001], [-89.9007119999999, 41.350443], [-89.8714449999999, 41.356807]]}, "properties": {"FID": 26326, "TYPEPIPE": "Interstate", "Operator": "ANR Pipeline Co", "Status": "Operating", "Shape_Leng": 0.552018357491, "Shape__Length": 62511.74244416272}}, {"type": "Feature", "id": 26327, "geometry": {"type": "LineString", "coordinates": [[-88.54369, 41.7197870000001], [-88.532817, 41.7425870000001], [-88.530987, 41.7654], [-88.532207, 41.7859310000001], [-88.532817, 41.807375], [-88.5308219999999, 41.892502]]}, "properties": {"FID": 26327, "TYPEPIPE": "Interstate", "Operator": "ANR Pipeline Co", "Status": "Operating", "Shape_Leng": 0.175316436737, "Shape__Length": 26014.180571069683}}, {"type": "Feature", "id": 26328, "geometry": {"type": "LineString", "coordinates": [[-88.50292, 42.058313], [-88.497429, 42.0678940000001], [-88.489497, 42.117625], [-88.49303, 42.155653]]}, "properties": {"FID": 26328, "TYPEPIPE": "Interstate", "Operator": "ANR Pipeline Co", "Status": "Operating", "Shape_Leng": 0.0995943065672, "Shape__Length": 14795.882660190728}}, {"type": "Feature", "id": 26329, "geometry": {"type": "LineString", "coordinates": [[-88.5308219999999, 41.892502], [-88.5285459999999, 41.9319310000001], [-88.515733, 41.955656], [-88.512072, 42.0272880000001], [-88.50231, 42.0459940000001], [-88.50292, 42.058313]]}, "properties": {"FID": 26329, "TYPEPIPE": "Interstate", "Operator": "ANR Pipeline Co", "Status": "Operating", "Shape_Leng": 0.171618085955, "Shape__Length": 25321.54381438452}}, {"type": "Feature", "id": 26330, "geometry": {"type": "LineString", "coordinates": [[-88.621338, 41.61208], [-88.5815269999999, 41.623048]]}, "properties": {"FID": 26330, "TYPEPIPE": "Interstate", "Operator": "ANR Pipeline Co", "Status": "Operating", "Shape_Leng": 0.0412942216902, "Shape__Length": 4723.090085474435}}, {"type": "Feature", "id": 26331, "geometry": {"type": "LineString", "coordinates": [[-88.5815269999999, 41.623048], [-88.528205, 41.61247], [-88.476547, 41.582384], [-88.259988, 41.4984670000001], [-88.253564, 41.495978]]}, "properties": {"FID": 26331, "TYPEPIPE": "Interstate", "Operator": "ANR Pipeline Co", "Status": "Operating", "Shape_Leng": 0.353280577119, "Shape__Length": 41381.4494050746}}, {"type": "Feature", "id": 26332, "geometry": {"type": "LineString", "coordinates": [[-88.5815269999999, 41.623048], [-88.566609, 41.645995], [-88.5481119999999, 41.694895], [-88.54369, 41.7197870000001]]}, "properties": {"FID": 26332, "TYPEPIPE": "Interstate", "Operator": "ANR Pipeline Co", "Status": "Operating", "Shape_Leng": 0.104933069894, "Shape__Length": 15116.737139043169}}, {"type": "Feature", "id": 26333, "geometry": {"type": "LineString", "coordinates": [[-89.166913, 41.50446], [-89.112136, 41.5124420000001]]}, "properties": {"FID": 26333, "TYPEPIPE": "Interstate", "Operator": "ANR Pipeline Co", "Status": "Operating", "Shape_Leng": 0.0553555060766, "Shape__Length": 6212.1181439741085}}, {"type": "Feature", "id": 26334, "geometry": {"type": "LineString", "coordinates": [[-88.9149169999999, 41.555797], [-88.621338, 41.61208]]}, "properties": {"FID": 26334, "TYPEPIPE": "Interstate", "Operator": "ANR Pipeline Co", "Status": "Operating", "Shape_Leng": 0.298925417671, "Shape__Length": 33737.45166107778}}, {"type": "Feature", "id": 26335, "geometry": {"type": "LineString", "coordinates": [[-88.9149169999999, 41.555797], [-88.955515, 41.5464400000001]]}, "properties": {"FID": 26335, "TYPEPIPE": "Interstate", "Operator": "ANR Pipeline Co", "Status": "Operating", "Shape_Leng": 0.0416623457453, "Shape__Length": 4728.824400409654}}, {"type": "Feature", "id": 26336, "geometry": {"type": "LineString", "coordinates": [[-89.112136, 41.5124420000001], [-88.9149169999999, 41.555797]]}, "properties": {"FID": 26336, "TYPEPIPE": "Interstate", "Operator": "ANR Pipeline Co", "Status": "Operating", "Shape_Leng": 0.201928180267, "Shape__Length": 22881.45121321064}}, {"type": "Feature", "id": 26337, "geometry": {"type": "LineString", "coordinates": [[-88.49303, 42.155653], [-88.4932489999999, 42.252054]]}, "properties": {"FID": 26337, "TYPEPIPE": "Interstate", "Operator": "ANR Pipeline Co", "Status": "Operating", "Shape_Leng": 0.0964012487575, "Shape__Length": 14486.928583920004}}, {"type": "Feature", "id": 26338, "geometry": {"type": "LineString", "coordinates": [[-88.4932489999999, 42.252054], [-88.494501, 42.298121]]}, "properties": {"FID": 26338, "TYPEPIPE": "Interstate", "Operator": "ANR Pipeline Co", "Status": "Operating", "Shape_Leng": 0.0460840101662, "Shape__Length": 6932.055903747175}}, {"type": "Feature", "id": 26339, "geometry": {"type": "LineString", "coordinates": [[-88.494501, 42.298121], [-88.4865169999999, 42.3103450000001], [-88.4851339999999, 42.317842], [-88.488648, 42.328268], [-88.4914879999999, 42.3323540000001], [-88.492508, 42.353279], [-88.492047, 42.3720200000001], [-88.485595, 42.411206], [-88.480065, 42.436421], [-88.475918, 42.44494]]}, "properties": {"FID": 26339, "TYPEPIPE": "Interstate", "Operator": "ANR Pipeline Co", "Status": "Operating", "Shape_Leng": 0.152901314825, "Shape__Length": 22636.699247722216}}, {"type": "Feature", "id": 26340, "geometry": {"type": "LineString", "coordinates": [[-88.475918, 42.44494], [-88.462835, 42.458491], [-88.436404, 42.494626]]}, "properties": {"FID": 26340, "TYPEPIPE": "Interstate", "Operator": "ANR Pipeline Co", "Status": "Operating", "Shape_Leng": 0.0636058003236, "Shape__Length": 8707.074515289962}}, {"type": "Feature", "id": 26341, "geometry": {"type": "LineString", "coordinates": [[-88.475918, 42.44494], [-88.553237, 42.4806280000001], [-88.5695459999999, 42.488731], [-88.5798359999999, 42.495028]]}, "properties": {"FID": 26341, "TYPEPIPE": "Interstate", "Operator": "ANR Pipeline Co", "Status": "Operating", "Shape_Leng": 0.115432746036, "Shape__Length": 13830.656577695716}}, {"type": "Feature", "id": 26342, "geometry": {"type": "LineString", "coordinates": [[-90.980715, 41.1423270000001], [-90.974248, 41.1459580000001], [-90.971539, 41.146468], [-90.8712159999999, 41.1643510000001], [-90.753272, 41.1853750000001], [-90.668765, 41.2004390000001]]}, "properties": {"FID": 26342, "TYPEPIPE": "Interstate", "Operator": "ANR Pipeline Co", "Status": "Operating", "Shape_Leng": 0.317719894255, "Shape__Length": 35845.6740708846}}, {"type": "Feature", "id": 26343, "geometry": {"type": "LineString", "coordinates": [[-88.253564, 41.495978], [-88.241844, 41.49334], [-88.239663, 41.492849], [-88.217724, 41.4868900000001], [-88.215991, 41.4864190000001], [-88.211444, 41.4822170000001]]}, "properties": {"FID": 26343, "TYPEPIPE": "Interstate", "Operator": "ANR Pipeline Co", "Status": "Operating", "Shape_Leng": 0.0449698371208, "Shape__Length": 5222.670494603865}}, {"type": "Feature", "id": 26344, "geometry": {"type": "LineString", "coordinates": [[-87.554354, 41.425171], [-87.527186, 41.427848]]}, "properties": {"FID": 26344, "TYPEPIPE": "Interstate", "Operator": "ANR Pipeline Co", "Status": "Operating", "Shape_Leng": 0.0272995705644, "Shape__Length": 3050.330755003425}}, {"type": "Feature", "id": 26345, "geometry": {"type": "LineString", "coordinates": [[-88.211444, 41.4822170000001], [-88.186526, 41.4745510000001], [-88.1847109999999, 41.471955], [-88.178221, 41.467474], [-88.1781539999999, 41.4662480000001], [-88.177857, 41.4607710000001]]}, "properties": {"FID": 26345, "TYPEPIPE": "Interstate", "Operator": "ANR Pipeline Co", "Status": "Operating", "Shape_Leng": 0.0438376638492, "Shape__Length": 5412.993847268822}}, {"type": "Feature", "id": 26346, "geometry": {"type": "LineString", "coordinates": [[-87.9864909999999, 41.444436], [-87.9018379999999, 41.43874]]}, "properties": {"FID": 26346, "TYPEPIPE": "Interstate", "Operator": "ANR Pipeline Co", "Status": "Operating", "Shape_Leng": 0.0848444154026, "Shape__Length": 9461.414246492557}}, {"type": "Feature", "id": 26347, "geometry": {"type": "LineString", "coordinates": [[-87.9018379999999, 41.43874], [-87.734072, 41.4294100000001], [-87.6242809999999, 41.420534], [-87.554354, 41.425171]]}, "properties": {"FID": 26347, "TYPEPIPE": "Interstate", "Operator": "ANR Pipeline Co", "Status": "Operating", "Shape_Leng": 0.348255014545, "Shape__Length": 38834.26500752974}}, {"type": "Feature", "id": 26348, "geometry": {"type": "LineString", "coordinates": [[-84.991218, 40.5663220000001], [-84.9721959999999, 40.595263], [-84.9691, 40.6077820000001], [-84.9617739999999, 40.6112260000001], [-84.955495, 40.6244740000001], [-84.9502629999999, 40.624739], [-84.887576, 40.7240090000001], [-84.86885, 40.759444], [-84.8438829999999, 40.792282], [-84.8430719999999, 40.792284]]}, "properties": {"FID": 26348, "TYPEPIPE": "Interstate", "Operator": "ANR Pipeline Co", "Status": "Operating", "Shape_Leng": 0.27507058267, "Shape__Length": 37640.34434657574}}, {"type": "Feature", "id": 26349, "geometry": {"type": "LineString", "coordinates": [[-86.093651, 39.137801], [-86.05398, 39.178746], [-86.017192, 39.2103240000001], [-85.9896, 39.241903], [-85.964308, 39.278895], [-85.938776, 39.3197090000001]]}, "properties": {"FID": 26349, "TYPEPIPE": "Interstate", "Operator": "ANR Pipeline Co", "Status": "Operating", "Shape_Leng": 0.240382455505, "Shape__Length": 31483.581996244393}}, {"type": "Feature", "id": 26350, "geometry": {"type": "LineString", "coordinates": [[-86.151226, 39.086055], [-86.093651, 39.137801]]}, "properties": {"FID": 26350, "TYPEPIPE": "Interstate", "Operator": "ANR Pipeline Co", "Status": "Operating", "Shape_Leng": 0.0774114277158, "Shape__Length": 9807.794023546849}}, {"type": "Feature", "id": 26351, "geometry": {"type": "LineString", "coordinates": [[-84.804376, 41.4763780000001], [-84.807735, 41.477897], [-84.825867, 41.481495], [-84.8392869999999, 41.4844610000001], [-84.850396, 41.487483], [-84.93216, 41.509236], [-84.95624, 41.5149720000001], [-84.973731, 41.517794], [-84.9949149999999, 41.521253], [-85.022554, 41.5257030000001], [-85.0282799999999, 41.529298], [-85.0284809999999, 41.5316320000001], [-85.0374199999999, 41.534363], [-85.05026, 41.538285], [-85.056609, 41.538165]]}, "properties": {"FID": 26351, "TYPEPIPE": "Interstate", "Operator": "ANR Pipeline Co", "Status": "Operating", "Shape_Leng": 0.262193477239, "Shape__Length": 29927.775795631966}}, {"type": "Feature", "id": 26352, "geometry": {"type": "LineString", "coordinates": [[-85.389531, 40.085629], [-85.387837, 40.08855], [-85.385804, 40.092675], [-85.3793679999999, 40.100065], [-85.371803, 40.1077980000001], [-85.3648019999999, 40.113642], [-85.36006, 40.120688], [-85.356129, 40.126248], [-85.345096, 40.141937], [-85.33759, 40.153169], [-85.329798, 40.161934], [-85.324943, 40.1646840000001], [-85.315797, 40.173706], [-85.309361, 40.1805810000001], [-85.3008589999999, 40.1883520000001]]}, "properties": {"FID": 26352, "TYPEPIPE": "Interstate", "Operator": "ANR Pipeline Co", "Status": "Operating", "Shape_Leng": 0.136794507387, "Shape__Length": 18048.04813023577}}, {"type": "Feature", "id": 26353, "geometry": {"type": "LineString", "coordinates": [[-86.911613, 38.1937280000001], [-86.8919309999999, 38.220246], [-86.891627, 38.2201200000001], [-86.782207, 38.364611]]}, "properties": {"FID": 26353, "TYPEPIPE": "Interstate", "Operator": "ANR Pipeline Co", "Status": "Operating", "Shape_Leng": 0.214599843723, "Shape__Length": 28227.50032234656}}, {"type": "Feature", "id": 26354, "geometry": {"type": "LineString", "coordinates": [[-86.782207, 38.364611], [-86.72851, 38.4410280000001]]}, "properties": {"FID": 26354, "TYPEPIPE": "Interstate", "Operator": "ANR Pipeline Co", "Status": "Operating", "Shape_Leng": 0.0933966043173, "Shape__Length": 12392.05285232622}}, {"type": "Feature", "id": 26355, "geometry": {"type": "LineString", "coordinates": [[-85.656932, 41.707315], [-85.713353, 41.7209560000001], [-85.7247419999999, 41.724908], [-85.7277339999999, 41.7263110000001], [-85.7340129999999, 41.7292550000001], [-85.737244, 41.7306350000001], [-85.741632, 41.732917], [-85.743284, 41.7359740000001], [-85.751873, 41.7364890000001], [-85.757459, 41.736787], [-85.758789, 41.738276], [-85.768498, 41.7386730000001], [-85.786452, 41.7445270000001], [-85.7950969999999, 41.7472070000001], [-85.803077, 41.747008], [-85.814536, 41.749213], [-85.822483, 41.750004], [-85.8275149999999, 41.7496080000001], [-85.8365209999999, 41.7527700000001], [-85.839965, 41.756129], [-85.8566519999999, 41.757315], [-85.8708059999999, 41.7589980000001], [-85.8714609999999, 41.759054], [-85.873058, 41.7592960000001]]}, "properties": {"FID": 26355, "TYPEPIPE": "Interstate", "Operator": "ANR Pipeline Co", "Status": "Operating", "Shape_Leng": 0.226419263932, "Shape__Length": 25992.97691593801}}, {"type": "Feature", "id": 26356, "geometry": {"type": "LineString", "coordinates": [[-85.602138, 39.8291370000001], [-85.559203, 39.880032], [-85.556099, 39.895745], [-85.5409319999999, 39.911385], [-85.529098, 39.925355], [-85.5244749999999, 39.9319530000001], [-85.519729, 39.932529], [-85.493506, 39.9603700000001]]}, "properties": {"FID": 26356, "TYPEPIPE": "Interstate", "Operator": "ANR Pipeline Co", "Status": "Operating", "Shape_Leng": 0.173781170266, "Shape__Length": 22953.67072951425}}, {"type": "Feature", "id": 26357, "geometry": {"type": "LineString", "coordinates": [[-85.493506, 39.9603700000001], [-85.480992, 39.9729530000001], [-85.476927, 39.97797], [-85.458848, 40.006361], [-85.44888, 40.0159830000001], [-85.44181, 40.023759], [-85.440116, 40.024791], [-85.433906, 40.0314070000001], [-85.4307439999999, 40.0357900000001], [-85.427583, 40.040688], [-85.4245339999999, 40.045242], [-85.420921, 40.048163], [-85.4211469999999, 40.0497100000001], [-85.413243, 40.058389], [-85.4091779999999, 40.0642320000001], [-85.405452, 40.0707630000001], [-85.4021769999999, 40.0732550000001], [-85.398902, 40.077208], [-85.3946119999999, 40.082277], [-85.389531, 40.085629]]}, "properties": {"FID": 26357, "TYPEPIPE": "Interstate", "Operator": "ANR Pipeline Co", "Status": "Operating", "Shape_Leng": 0.164559637847, "Shape__Length": 21770.121224741462}}, {"type": "Feature", "id": 26358, "geometry": {"type": "LineString", "coordinates": [[-86.337212, 38.924488], [-86.288509, 38.9802530000001], [-86.2448219999999, 39.008222], [-86.2080329999999, 39.0416050000001], [-86.151226, 39.086055]]}, "properties": {"FID": 26358, "TYPEPIPE": "Interstate", "Operator": "ANR Pipeline Co", "Status": "Operating", "Shape_Leng": 0.247719936533, "Shape__Length": 31225.263383825593}}, {"type": "Feature", "id": 26359, "geometry": {"type": "LineString", "coordinates": [[-85.1940749999999, 40.325028], [-85.191252, 40.328036], [-85.185493, 40.334996], [-85.176008, 40.351323], [-85.1655069999999, 40.3647280000001], [-85.162458, 40.3697110000001], [-85.155684, 40.3792500000001], [-85.1487959999999, 40.3848350000001], [-85.128639, 40.4030970000001], [-85.121244, 40.414567], [-85.1117599999999, 40.4288310000001], [-85.101259, 40.4387130000001], [-85.098289, 40.4399280000001], [-85.0976449999999, 40.4418920000001], [-85.0973059999999, 40.4451570000001], [-85.095491, 40.4473140000001], [-85.088564, 40.4547640000001]]}, "properties": {"FID": 26359, "TYPEPIPE": "Interstate", "Operator": "ANR Pipeline Co", "Status": "Operating", "Shape_Leng": 0.169424057665, "Shape__Length": 22550.091521091337}}, {"type": "Feature", "id": 26360, "geometry": {"type": "LineString", "coordinates": [[-85.088564, 40.4547640000001], [-85.084568, 40.457317], [-85.078986, 40.4618300000001], [-85.075337, 40.463807], [-85.072358, 40.4708570000001], [-85.064643, 40.4822810000001], [-85.029799, 40.524318], [-85.023171, 40.533327], [-85.010264, 40.5489600000001], [-85.0039849999999, 40.5542590000001], [-84.991218, 40.5663220000001]]}, "properties": {"FID": 26360, "TYPEPIPE": "Interstate", "Operator": "ANR Pipeline Co", "Status": "Operating", "Shape_Leng": 0.149347197376, "Shape__Length": 19751.80517781665}}, {"type": "Feature", "id": 26361, "geometry": {"type": "LineString", "coordinates": [[-85.346751, 41.6055190000001], [-85.446809, 41.6378260000001], [-85.461282, 41.640318], [-85.4679619999999, 41.6461330000001], [-85.531659, 41.666202], [-85.552947, 41.677146], [-85.56742, 41.684622], [-85.5893149999999, 41.689606], [-85.603418, 41.6887760000001], [-85.636447, 41.700405], [-85.642013, 41.703451], [-85.656932, 41.707315]]}, "properties": {"FID": 26361, "TYPEPIPE": "Interstate", "Operator": "ANR Pipeline Co", "Status": "Operating", "Shape_Leng": 0.329051915187, "Shape__Length": 38173.00381015095}}, {"type": "Feature", "id": 26362, "geometry": {"type": "LineString", "coordinates": [[-87.4717669999999, 41.431084], [-87.459056, 41.4334450000001], [-87.44883, 41.4334450000001], [-87.3772719999999, 41.452192], [-87.350341, 41.4592670000001], [-87.291678, 41.472985], [-87.277685, 41.477019], [-87.237859, 41.491544], [-87.213341, 41.5053330000001]]}, "properties": {"FID": 26362, "TYPEPIPE": "Interstate", "Operator": "ANR Pipeline Co", "Status": "Operating", "Shape_Leng": 0.270302201287, "Shape__Length": 31065.145258377743}}, {"type": "Feature", "id": 26363, "geometry": {"type": "LineString", "coordinates": [[-87.527186, 41.427848], [-87.4717669999999, 41.431084]]}, "properties": {"FID": 26363, "TYPEPIPE": "Interstate", "Operator": "ANR Pipeline Co", "Status": "Operating", "Shape_Leng": 0.0555133970948, "Shape__Length": 6187.895227261934}}, {"type": "Feature", "id": 26364, "geometry": {"type": "LineString", "coordinates": [[-86.537383, 38.6942470000001], [-86.520738, 38.725821], [-86.4827999999999, 38.7736400000001], [-86.470154, 38.7808580000001], [-86.439969, 38.808858]]}, "properties": {"FID": 26364, "TYPEPIPE": "Interstate", "Operator": "ANR Pipeline Co", "Status": "Operating", "Shape_Leng": 0.15246625744, "Shape__Length": 19865.164979802503}}, {"type": "Feature", "id": 26365, "geometry": {"type": "LineString", "coordinates": [[-86.439969, 38.808858], [-86.337212, 38.924488]]}, "properties": {"FID": 26365, "TYPEPIPE": "Interstate", "Operator": "ANR Pipeline Co", "Status": "Operating", "Shape_Leng": 0.154690975655, "Shape__Length": 20103.514953114198}}, {"type": "Feature", "id": 26366, "geometry": {"type": "LineString", "coordinates": [[-86.72851, 38.4410280000001], [-86.7196279999999, 38.462367], [-86.7000839999999, 38.4939450000001]]}, "properties": {"FID": 26366, "TYPEPIPE": "Interstate", "Operator": "ANR Pipeline Co", "Status": "Operating", "Shape_Leng": 0.0602504414537, "Shape__Length": 8179.988354263207}}, {"type": "Feature", "id": 26367, "geometry": {"type": "LineString", "coordinates": [[-86.695891, 38.4990300000001], [-86.537383, 38.6942470000001]]}, "properties": {"FID": 26367, "TYPEPIPE": "Interstate", "Operator": "ANR Pipeline Co", "Status": "Operating", "Shape_Leng": 0.251464635989, "Shape__Length": 32931.52728434149}}, {"type": "Feature", "id": 26368, "geometry": {"type": "LineString", "coordinates": [[-85.3008589999999, 40.1883520000001], [-85.297339, 40.1972250000001], [-85.289859, 40.2032070000001], [-85.273115, 40.2245770000001], [-85.2679209999999, 40.2311070000001], [-85.26284, 40.23781], [-85.256065, 40.244942], [-85.248613, 40.2507850000001], [-85.2468059999999, 40.252074], [-85.2378859999999, 40.265049], [-85.234611, 40.268315], [-85.227836, 40.280173], [-85.212367, 40.3032020000001], [-85.200285, 40.3191850000001], [-85.1940749999999, 40.325028]]}, "properties": {"FID": 26368, "TYPEPIPE": "Interstate", "Operator": "ANR Pipeline Co", "Status": "Operating", "Shape_Leng": 0.174885156012, "Shape__Length": 23371.796390745283}}, {"type": "Feature", "id": 26369, "geometry": {"type": "LineString", "coordinates": [[-85.716977, 39.685216], [-85.667834, 39.7486520000001], [-85.602138, 39.8291370000001]]}, "properties": {"FID": 26369, "TYPEPIPE": "Interstate", "Operator": "ANR Pipeline Co", "Status": "Operating", "Shape_Leng": 0.184137592826, "Shape__Length": 24450.365959189112}}, {"type": "Feature", "id": 26370, "geometry": {"type": "LineString", "coordinates": [[-85.938776, 39.3197090000001], [-85.875269, 39.4502850000001], [-85.821907, 39.5564870000001]]}, "properties": {"FID": 26370, "TYPEPIPE": "Interstate", "Operator": "ANR Pipeline Co", "Status": "Operating", "Shape_Leng": 0.26405505479, "Shape__Length": 36524.84001471408}}, {"type": "Feature", "id": 26371, "geometry": {"type": "LineString", "coordinates": [[-85.821907, 39.5564870000001], [-85.800778, 39.5778480000001], [-85.716977, 39.685216]]}, "properties": {"FID": 26371, "TYPEPIPE": "Interstate", "Operator": "ANR Pipeline Co", "Status": "Operating", "Shape_Leng": 0.166245616992, "Shape__Length": 21986.104551342858}}, {"type": "Feature", "id": 26372, "geometry": {"type": "LineString", "coordinates": [[-87.1960309999999, 37.8431890000001], [-87.1860829999999, 37.8604060000001], [-87.174765, 37.8736250000001], [-87.157049, 37.8922880000001], [-87.140318, 37.913283], [-87.1107919999999, 37.949053], [-87.1004579999999, 37.9587730000001], [-87.08225, 37.9801570000001], [-87.0620739999999, 38.0003750000001], [-87.043037, 38.0216060000001], [-87.038448, 38.0188180000001], [-87.043037, 38.0216270000001], [-87.027072, 38.039678], [-86.9891459999999, 38.0825600000001]]}, "properties": {"FID": 26372, "TYPEPIPE": "Interstate", "Operator": "ANR Pipeline Co", "Status": "Operating", "Shape_Leng": 0.327694148722, "Shape__Length": 42252.319902032155}}, {"type": "Feature", "id": 26373, "geometry": {"type": "LineString", "coordinates": [[-86.9891459999999, 38.0825600000001], [-86.967518, 38.1018540000001], [-86.933008, 38.158619], [-86.911613, 38.1937280000001]]}, "properties": {"FID": 26373, "TYPEPIPE": "Interstate", "Operator": "ANR Pipeline Co", "Status": "Operating", "Shape_Leng": 0.136529538057, "Shape__Length": 18056.57558576175}}, {"type": "Feature", "id": 26374, "geometry": {"type": "LineString", "coordinates": [[-85.056609, 41.538165], [-85.062737, 41.539697], [-85.0645739999999, 41.5401850000001], [-85.0644819999999, 41.540151], [-85.140857, 41.559216], [-85.166032, 41.5649510000001], [-85.190976, 41.5693650000001]]}, "properties": {"FID": 26374, "TYPEPIPE": "Interstate", "Operator": "ANR Pipeline Co", "Status": "Operating", "Shape_Leng": 0.138185475662, "Shape__Length": 15692.969745651148}}, {"type": "Feature", "id": 26397, "geometry": {"type": "LineString", "coordinates": [[-87.964693, 36.966684], [-87.823367, 37.1251790000001], [-87.8175449999999, 37.140342], [-87.8005429999999, 37.1532930000001]]}, "properties": {"FID": 26397, "TYPEPIPE": "Interstate", "Operator": "ANR Pipeline Co", "Status": "Operating", "Shape_Leng": 0.249967874477, "Shape__Length": 31964.4191282069}}, {"type": "Feature", "id": 26399, "geometry": {"type": "LineString", "coordinates": [[-87.364125, 37.6704], [-87.284582, 37.7522500000001], [-87.256488, 37.7775950000001], [-87.22369, 37.807917], [-87.1960309999999, 37.8431890000001]]}, "properties": {"FID": 26399, "TYPEPIPE": "Interstate", "Operator": "ANR Pipeline Co", "Status": "Operating", "Shape_Leng": 0.241461060114, "Shape__Length": 30739.637298293725}}, {"type": "Feature", "id": 26400, "geometry": {"type": "LineString", "coordinates": [[-87.8005429999999, 37.1532930000001], [-87.7874639999999, 37.172224], [-87.7796739999999, 37.1784490000001], [-87.767572, 37.198274], [-87.752046, 37.22238], [-87.731669, 37.245319], [-87.710806, 37.2678690000001], [-87.664229, 37.3199690000001], [-87.656466, 37.335132], [-87.639194, 37.347792]]}, "properties": {"FID": 26400, "TYPEPIPE": "Interstate", "Operator": "ANR Pipeline Co", "Status": "Operating", "Shape_Leng": 0.254618816754, "Shape__Length": 32812.355833566944}}, {"type": "Feature", "id": 26402, "geometry": {"type": "LineString", "coordinates": [[-87.639194, 37.347792], [-87.633663, 37.3619600000001], [-87.621049, 37.3763450000001], [-87.598245, 37.4023950000001], [-87.5667089999999, 37.433888], [-87.543421, 37.45916], [-87.5065099999999, 37.4954520000001]]}, "properties": {"FID": 26402, "TYPEPIPE": "Interstate", "Operator": "ANR Pipeline Co", "Status": "Operating", "Shape_Leng": 0.199660896105, "Shape__Length": 25551.777913842696}}, {"type": "Feature", "id": 26406, "geometry": {"type": "LineString", "coordinates": [[-87.5065099999999, 37.4954520000001], [-87.4905679999999, 37.5167250000001]]}, "properties": {"FID": 26406, "TYPEPIPE": "Interstate", "Operator": "ANR Pipeline Co", "Status": "Operating", "Shape_Leng": 0.0265836019568, "Shape__Length": 3472.841352897799}}, {"type": "Feature", "id": 26451, "geometry": {"type": "LineString", "coordinates": [[-85.873058, 41.7592960000001], [-85.882638, 41.760971], [-85.898217, 41.76325], [-85.9120809999999, 41.767682], [-85.925947, 41.768627], [-85.93009, 41.7701080000001], [-85.9429489999999, 41.77137], [-85.956484, 41.772884], [-85.968216, 41.776121], [-85.974554, 41.7764530000001], [-85.995012, 41.7794710000001], [-86.000494, 41.782244], [-86.031573, 41.789184], [-86.052247, 41.793326], [-86.06206, 41.7996360000001], [-86.073904, 41.80645], [-86.086762, 41.813769], [-86.1050089999999, 41.8208900000001], [-86.1145539999999, 41.8253470000001], [-86.135151, 41.8385020000001], [-86.143391, 41.849163], [-86.171096, 41.8595920000001], [-86.1728669999999, 41.860259], [-86.192712, 41.8629680000001], [-86.2045199999999, 41.8662630000001], [-86.222454, 41.86803], [-86.228944, 41.867913]]}, "properties": {"FID": 26451, "TYPEPIPE": "Interstate", "Operator": "ANR Pipeline Co", "Status": "Operating", "Shape_Leng": 0.379589356159, "Shape__Length": 44100.44236827664}}, {"type": "Feature", "id": 26482, "geometry": {"type": "LineString", "coordinates": [[-84.390331, 41.3126090000001], [-84.369834, 41.3423720000001], [-84.362175, 41.3523500000001], [-84.361293, 41.3547740000001], [-84.380896, 41.3564630000001], [-84.38413, 41.358666], [-84.395794, 41.3612370000001], [-84.425492, 41.3680670000001], [-84.427649, 41.3704900000001], [-84.437058, 41.372841], [-84.441763, 41.373134], [-84.474793, 41.380185], [-84.4763609999999, 41.381874], [-84.489201, 41.384444], [-84.4946899999999, 41.388337], [-84.5179189999999, 41.3952400000001], [-84.528995, 41.3959750000001], [-84.534484, 41.3977370000001], [-84.53713, 41.399794], [-84.588293, 41.4130870000001], [-84.629263, 41.4304930000001], [-84.6324969999999, 41.430346], [-84.642299, 41.4324750000001], [-84.6691539999999, 41.4378370000001], [-84.699932, 41.4470870000001], [-84.7073799999999, 41.450322], [-84.7184549999999, 41.4514970000001], [-84.7204159999999, 41.453553], [-84.732569, 41.456932], [-84.743645, 41.4602360000001], [-84.747271, 41.462807], [-84.768736, 41.4653040000001], [-84.7731469999999, 41.4686820000001], [-84.780204, 41.4705920000001], [-84.8043719999999, 41.476388]]}, "properties": {"FID": 26482, "TYPEPIPE": "Interstate", "Operator": "ANR Pipeline Co", "Status": "Operating", "Shape_Leng": 0.515523587016, "Shape__Length": 60394.84848195937}}, {"type": "Feature", "id": 26485, "geometry": {"type": "LineString", "coordinates": [[-84.8430719999999, 40.792284], [-84.8358449999999, 40.802133], [-84.8288459999999, 40.8093190000001], [-84.820283, 40.8219530000001], [-84.8160819999999, 40.8321530000001], [-84.809387, 40.8427340000001], [-84.8024119999999, 40.846846]]}, "properties": {"FID": 26485, "TYPEPIPE": "Interstate", "Operator": "ANR Pipeline Co", "Status": "Operating", "Shape_Leng": 0.0691590313114, "Shape__Length": 9340.442928272027}}, {"type": "Feature", "id": 26488, "geometry": {"type": "LineString", "coordinates": [[-84.8024119999999, 40.846846], [-84.783712, 40.866702], [-84.779042, 40.8749940000001], [-84.771041, 40.8835070000001], [-84.7611929999999, 40.8883660000001], [-84.753248, 40.9000790000001], [-84.7488719999999, 40.9048730000001], [-84.736878, 40.9229540000001], [-84.7258399999999, 40.942598], [-84.700172, 40.969501], [-84.689127, 40.9829130000001], [-84.651303, 41.0271670000001]]}, "properties": {"FID": 26488, "TYPEPIPE": "Interstate", "Operator": "ANR Pipeline Co", "Status": "Operating", "Shape_Leng": 0.237104579754, "Shape__Length": 31666.06163185834}}, {"type": "Feature", "id": 26544, "geometry": {"type": "LineString", "coordinates": [[-88.436404, 42.494626], [-88.388694, 42.5361080000001], [-88.377482, 42.542328], [-88.367648, 42.548258], [-88.3627309999999, 42.5497040000001], [-88.346798, 42.560906], [-88.3351939999999, 42.5674950000001], [-88.3021859999999, 42.589481], [-88.27304, 42.6077040000001], [-88.231932, 42.6386610000001], [-88.221507, 42.6516760000001], [-88.210886, 42.668886], [-88.20373, 42.694916]]}, "properties": {"FID": 26544, "TYPEPIPE": "Interstate", "Operator": "ANR Pipeline Co", "Status": "Operating", "Shape_Leng": 0.314862628616, "Shape__Length": 40790.266180753286}}, {"type": "Feature", "id": 26545, "geometry": {"type": "LineString", "coordinates": [[-88.5798359999999, 42.495028], [-88.673707, 42.545193], [-88.737199, 42.574955], [-88.780974, 42.5946690000001]]}, "properties": {"FID": 26545, "TYPEPIPE": "Interstate", "Operator": "ANR Pipeline Co", "Status": "Operating", "Shape_Leng": 0.224565143619, "Shape__Length": 26997.52219207653}}, {"type": "Feature", "id": 26559, "geometry": {"type": "LineString", "coordinates": [[-85.44181, 40.023759], [-85.4376149999999, 40.0169670000001], [-85.424166, 40.015164], [-85.423085, 40.0106870000001], [-85.397938, 40.009932], [-85.375256, 40.008044], [-85.356026, 40.0084210000001], [-85.3515879999999, 40.0106870000001], [-85.340247, 40.009932], [-85.314607, 40.0069110000001], [-85.294883, 40.007283], [-85.268196, 40.0134420000001], [-85.253958, 40.0167280000001], [-85.241631, 40.022392], [-85.201198, 40.0284330000001], [-85.1977459999999, 40.0269230000001], [-85.189364, 40.029188], [-85.165203, 40.0322090000001], [-85.154848, 40.0431580000001], [-85.119839, 40.0431580000001], [-85.109978, 40.029188], [-85.081379, 40.0220140000001], [-85.067573, 40.0269230000001], [-85.029605, 40.0299430000001], [-85.001499, 40.0450460000001], [-84.961067, 40.044669], [-84.94726, 40.0397600000001], [-84.9398639999999, 40.0382500000001], [-84.931482, 40.0416480000001], [-84.920634, 40.0499550000001], [-84.884146, 40.0491990000001], [-84.850847, 40.045956], [-84.8313899999999, 40.0417660000001], [-84.810056, 40.034162]]}, "properties": {"FID": 26559, "TYPEPIPE": "Interstate", "Operator": "ANR Pipeline Co", "Status": "Operating", "Shape_Leng": 0.667611969307, "Shape__Length": 76572.34173300903}}, {"type": "Feature", "id": 26560, "geometry": {"type": "LineString", "coordinates": [[-85.088564, 40.4547640000001], [-85.024897, 40.4566570000001], [-84.895066, 40.4585500000001], [-84.863439, 40.439238], [-84.825157, 40.438676], [-84.804219, 40.4256990000001]]}, "properties": {"FID": 26560, "TYPEPIPE": "Interstate", "Operator": "ANR Pipeline Co", "Status": "Operating", "Shape_Leng": 0.293516409091, "Shape__Length": 33330.219930885396}}, {"type": "Feature", "id": 26561, "geometry": {"type": "LineString", "coordinates": [[-84.8430719999999, 40.792284], [-84.8047979999999, 40.765862], [-84.803784, 40.7652640000001], [-84.802332, 40.765068]]}, "properties": {"FID": 26561, "TYPEPIPE": "Interstate", "Operator": "ANR Pipeline Co", "Status": "Operating", "Shape_Leng": 0.049150660304, "Shape__Length": 6072.698309190451}}, {"type": "Feature", "id": 26565, "geometry": {"type": "LineString", "coordinates": [[-84.926383, 41.507576], [-84.92294, 41.510383], [-84.920849, 41.5125140000001], [-84.920484, 41.515245], [-84.914647, 41.515245], [-84.9111809999999, 41.5199700000001], [-84.906255, 41.5278080000001], [-84.9026059999999, 41.5310850000001], [-84.9012989999999, 41.53518], [-84.899779, 41.5447570000001], [-84.8952179999999, 41.556587], [-84.895978, 41.5644740000001], [-84.896738, 41.6258790000001], [-84.8973809999999, 41.651617], [-84.8961839999999, 41.73414], [-84.911528, 41.737484], [-84.911356, 41.740057], [-84.914631, 41.7444300000001], [-84.913057, 41.747395], [-84.910321, 41.7533060000001], [-84.91375, 41.753266], [-84.9161549999999, 41.7533300000001], [-84.916412, 41.757589], [-84.916509, 41.7597190000001]]}, "properties": {"FID": 26565, "TYPEPIPE": "Interstate", "Operator": "ANR Pipeline Co", "Status": "Operating", "Shape_Leng": 0.286177740434, "Shape__Length": 41011.74832191267}}, {"type": "Feature", "id": 26789, "geometry": {"type": "LineString", "coordinates": [[-91.435234, 41.013025], [-91.436183, 41.039852]]}, "properties": {"FID": 26789, "TYPEPIPE": "Interstate", "Operator": "ANR Pipeline Co", "Status": "Operating", "Shape_Leng": 0.026843780099, "Shape__Length": 3959.9741436718455}}, {"type": "Feature", "id": 26790, "geometry": {"type": "LineString", "coordinates": [[-91.3664249999999, 41.023198], [-91.3194149999999, 40.8546860000001], [-91.315125, 40.8393100000001]]}, "properties": {"FID": 26790, "TYPEPIPE": "Interstate", "Operator": "ANR Pipeline Co", "Status": "Operating", "Shape_Leng": 0.190909629267, "Shape__Length": 27690.49048622971}}, {"type": "Feature", "id": 26791, "geometry": {"type": "LineString", "coordinates": [[-91.1700289999999, 40.809014], [-91.1700289999999, 40.871499], [-91.205254, 40.9820710000001], [-91.2257479999999, 41.046403]]}, "properties": {"FID": 26791, "TYPEPIPE": "Interstate", "Operator": "ANR Pipeline Co", "Status": "Operating", "Shape_Leng": 0.246049746553, "Shape__Length": 35712.15919105289}}, {"type": "Feature", "id": 26792, "geometry": {"type": "LineString", "coordinates": [[-91.205254, 40.9820710000001], [-91.194339, 40.9843500000001], [-91.182843, 41.003605]]}, "properties": {"FID": 26792, "TYPEPIPE": "Interstate", "Operator": "ANR Pipeline Co", "Status": "Operating", "Shape_Leng": 0.033576106872, "Shape__Length": 4375.546501655846}}, {"type": "Feature", "id": 26793, "geometry": {"type": "LineString", "coordinates": [[-91.339872, 40.9282490000001], [-91.3469489999999, 40.9281020000001], [-91.3560909999999, 40.926098], [-91.364662, 40.926093], [-91.368773, 40.9278840000001], [-91.392349, 40.928093]]}, "properties": {"FID": 26793, "TYPEPIPE": "Interstate", "Operator": "ANR Pipeline Co", "Status": "Operating", "Shape_Leng": 0.053069718455, "Shape__Length": 5954.787666327857}}, {"type": "Feature", "id": 26794, "geometry": {"type": "LineString", "coordinates": [[-91.341525, 40.7642240000001], [-91.3395349999999, 40.758523], [-91.335123, 40.754853], [-91.3301049999999, 40.750463], [-91.326599, 40.747706], [-91.32033, 40.7444340000001], [-91.3179939999999, 40.7406990000001], [-91.314534, 40.7371610000001], [-91.303979, 40.7272], [-91.289273, 40.712653], [-91.2812269999999, 40.7020370000001], [-91.268856, 40.693387], [-91.260465, 40.686834], [-91.260724, 40.6829680000001], [-91.250084, 40.673204], [-91.2519, 40.669338], [-91.251814, 40.660557], [-91.245239, 40.6555770000001], [-91.236761, 40.655315], [-91.229321, 40.6551180000001], [-91.2280239999999, 40.650138], [-91.213317, 40.6477790000001]]}, "properties": {"FID": 26794, "TYPEPIPE": "Interstate", "Operator": "ANR Pipeline Co", "Status": "Operating", "Shape_Leng": 0.189173221711, "Shape__Length": 24238.603913334016}}, {"type": "Feature", "id": 26795, "geometry": {"type": "LineString", "coordinates": [[-91.390791, 40.659789], [-91.37612, 40.653507], [-91.3673229999999, 40.6485770000001], [-91.35362, 40.640385]]}, "properties": {"FID": 26795, "TYPEPIPE": "Interstate", "Operator": "ANR Pipeline Co", "Status": "Operating", "Shape_Leng": 0.0420086243726, "Shape__Length": 5034.8218461999495}}, {"type": "Feature", "id": 26796, "geometry": {"type": "LineString", "coordinates": [[-91.1164689999999, 41.074508], [-91.121409, 41.084908], [-91.126467, 41.089476], [-91.148465, 41.1203980000001], [-91.1481909999999, 41.12325], [-91.1500149999999, 41.1271200000001]]}, "properties": {"FID": 26796, "TYPEPIPE": "Interstate", "Operator": "ANR Pipeline Co", "Status": "Operating", "Shape_Leng": 0.0634208977187, "Shape__Length": 8722.748894537297}}, {"type": "Feature", "id": 26797, "geometry": {"type": "LineString", "coordinates": [[-90.957387, 41.168777], [-90.944879, 41.134694]]}, "properties": {"FID": 26797, "TYPEPIPE": "Interstate", "Operator": "ANR Pipeline Co", "Status": "Operating", "Shape_Leng": 0.0363056600684, "Shape__Length": 5227.6925341493725}}, {"type": "Feature", "id": 26798, "geometry": {"type": "LineString", "coordinates": [[-90.668765, 41.2004390000001], [-90.63329, 41.209457], [-90.5996489999999, 41.2180080000001], [-90.4124129999999, 41.2390490000001], [-90.410858, 41.239513]]}, "properties": {"FID": 26798, "TYPEPIPE": "Interstate", "Operator": "ANR Pipeline Co", "Status": "Operating", "Shape_Leng": 0.261351335387, "Shape__Length": 29381.931227591176}}, {"type": "Feature", "id": 26799, "geometry": {"type": "LineString", "coordinates": [[-90.410858, 41.239513], [-90.404007, 41.3578120000001]]}, "properties": {"FID": 26799, "TYPEPIPE": "Interstate", "Operator": "ANR Pipeline Co", "Status": "Operating", "Shape_Leng": 0.118497213478, "Shape__Length": 17545.331905261624}}, {"type": "Feature", "id": 26800, "geometry": {"type": "LineString", "coordinates": [[-89.428869, 41.44712], [-89.4163609999999, 41.392209]]}, "properties": {"FID": 26800, "TYPEPIPE": "Interstate", "Operator": "ANR Pipeline Co", "Status": "Operating", "Shape_Leng": 0.0563175637346, "Shape__Length": 8269.544471577305}}, {"type": "Feature", "id": 26801, "geometry": {"type": "LineString", "coordinates": [[-87.3772719999999, 41.452192], [-87.4200289999999, 41.5096050000001]]}, "properties": {"FID": 26801, "TYPEPIPE": "Interstate", "Operator": "ANR Pipeline Co", "Status": "Operating", "Shape_Leng": 0.0715850097297, "Shape__Length": 9768.91504230983}}, {"type": "Feature", "id": 26805, "geometry": {"type": "LineString", "coordinates": [[-88.886329, 42.652525], [-88.957287, 42.5878200000001], [-88.9740609999999, 42.569354], [-88.9814739999999, 42.551626], [-88.9999999999999, 42.49605]]}, "properties": {"FID": 26805, "TYPEPIPE": "Interstate", "Operator": "ANR Pipeline Co", "Status": "Operating", "Shape_Leng": 0.198775156573, "Shape__Length": 27384.244486012292}}, {"type": "Feature", "id": 26866, "geometry": {"type": "LineString", "coordinates": [[-85.0973059999999, 40.4451570000001], [-85.1160199999999, 40.4567710000001], [-85.1164229999999, 40.4571250000001], [-85.123082, 40.464214]]}, "properties": {"FID": 26866, "TYPEPIPE": "Interstate", "Operator": "ANR Pipeline Co", "Status": "Operating", "Shape_Leng": 0.0322874163113, "Shape__Length": 4031.569471758793}}, {"type": "Feature", "id": 26874, "geometry": {"type": "LineString", "coordinates": [[-85.684882, 41.7598810000001], [-85.686896, 41.759825], [-85.688684, 41.759822], [-85.688927, 41.7598590000001], [-85.694043, 41.759907], [-85.701586, 41.7601090000001]]}, "properties": {"FID": 26874, "TYPEPIPE": "Interstate", "Operator": "ANR Pipeline Co", "Status": "Operating", "Shape_Leng": 0.0167105110944, "Shape__Length": 1860.7807617297872}}, {"type": "Feature", "id": 26876, "geometry": {"type": "LineString", "coordinates": [[-88.241844, 41.49334], [-88.243346, 41.4912160000001], [-88.2461489999999, 41.491141]]}, "properties": {"FID": 26876, "TYPEPIPE": "Interstate", "Operator": "ANR Pipeline Co", "Status": "Operating", "Shape_Leng": 0.0054054220533, "Shape__Length": 669.4346244230608}}, {"type": "Feature", "id": 26942, "geometry": {"type": "LineString", "coordinates": [[-86.8928309999999, 38.219001], [-86.87747, 38.218871], [-86.877258, 38.2208810000001], [-86.8742559999999, 38.2179870000001], [-86.8719079999999, 38.215733], [-86.870663, 38.2085010000001], [-86.869542, 38.201553], [-86.864133, 38.195972], [-86.8525549999999, 38.1901720000001], [-86.847179, 38.1760830000001], [-86.843647, 38.173748]]}, "properties": {"FID": 26942, "TYPEPIPE": "Interstate", "Operator": "ANR Pipeline Co", "Status": "Operating", "Shape_Leng": 0.0792189820007, "Shape__Length": 10082.620249047364}}, {"type": "Feature", "id": 26943, "geometry": {"type": "LineString", "coordinates": [[-85.938776, 39.3197090000001], [-85.932846, 39.318423], [-85.9322999999999, 39.3178550000001], [-85.9319599999999, 39.317392], [-85.926217, 39.3163750000001], [-85.925736, 39.3161230000001], [-85.919136, 39.312353], [-85.919003, 39.311993], [-85.919161, 39.3065100000001], [-85.9194859999999, 39.3035310000001]]}, "properties": {"FID": 26943, "TYPEPIPE": "Interstate", "Operator": "ANR Pipeline Co", "Status": "Operating", "Shape_Leng": 0.0302720913636, "Shape__Length": 3770.8211343223707}}, {"type": "Feature", "id": 26944, "geometry": {"type": "LineString", "coordinates": [[-84.802332, 40.765068], [-84.801918, 40.765088], [-84.78696, 40.7559], [-84.775751, 40.750681]]}, "properties": {"FID": 26944, "TYPEPIPE": "Interstate", "Operator": "ANR Pipeline Co", "Status": "Operating", "Shape_Leng": 0.030333451711, "Shape__Length": 3654.6440759812326}}, {"type": "Feature", "id": 26945, "geometry": {"type": "LineString", "coordinates": [[-84.804219, 40.4256990000001], [-84.803467, 40.425239], [-84.7998499999999, 40.4250920000001], [-84.781559, 40.42436], [-84.751225, 40.428832], [-84.747247, 40.4330890000001], [-84.722296, 40.4333990000001], [-84.648212, 40.432347], [-84.631987, 40.436038]]}, "properties": {"FID": 26945, "TYPEPIPE": "Interstate", "Operator": "ANR Pipeline Co", "Status": "Operating", "Shape_Leng": 0.174979327728, "Shape__Length": 19664.492857983605}}, {"type": "Feature", "id": 26947, "geometry": {"type": "LineString", "coordinates": [[-84.916509, 41.7597190000001], [-84.916664, 41.7628740000001], [-84.917421, 41.763971], [-84.922893, 41.769552], [-84.935785, 41.779948], [-84.955191, 41.795707], [-84.957097, 41.8107900000001], [-84.954784, 41.812511], [-84.954619, 41.8180400000001], [-84.951149, 41.8190230000001], [-84.951314, 41.8236920000001], [-84.954784, 41.8255360000001], [-84.955775, 41.857238], [-84.961062, 41.8590810000001], [-84.960236, 41.914499], [-84.953297, 41.9196600000001], [-84.9529669999999, 41.9253120000001], [-84.958584, 41.9253120000001], [-84.959623, 41.947454]]}, "properties": {"FID": 26947, "TYPEPIPE": "Interstate", "Operator": "ANR Pipeline Co", "Status": "Operating", "Shape_Leng": 0.224526817441, "Shape__Length": 31587.175626178385}}, {"type": "Feature", "id": 26948, "geometry": {"type": "LineString", "coordinates": [[-85.720534, 41.72344], [-85.7127379999999, 41.739709], [-85.7105479999999, 41.741648], [-85.709755, 41.7452020000001], [-85.705656, 41.752505], [-85.702212, 41.7590220000001]]}, "properties": {"FID": 26948, "TYPEPIPE": "Interstate", "Operator": "ANR Pipeline Co", "Status": "Operating", "Shape_Leng": 0.0403526372028, "Shape__Length": 5719.835349794875}}, {"type": "Feature", "id": 26949, "geometry": {"type": "LineString", "coordinates": [[-85.8394959999999, 41.7556680000001], [-85.8390019999999, 41.7571510000001], [-85.838137, 41.759106]]}, "properties": {"FID": 26949, "TYPEPIPE": "Interstate", "Operator": "ANR Pipeline Co", "Status": "Operating", "Shape_Leng": 0.00370092818374, "Shape__Length": 535.2545179221028}}, {"type": "Feature", "id": 26950, "geometry": {"type": "LineString", "coordinates": [[-85.838137, 41.759106], [-85.837555, 41.760428], [-85.8376019999999, 41.7644000000001]]}, "properties": {"FID": 26950, "TYPEPIPE": "Interstate", "Operator": "ANR Pipeline Co", "Status": "Operating", "Shape_Leng": 0.00541671843788, "Shape__Length": 800.453139788114}}, {"type": "Feature", "id": 26952, "geometry": {"type": "LineString", "coordinates": [[-91.390998, 40.698566], [-91.3796559999999, 40.6985510000001], [-91.373004, 40.6985730000001], [-91.370155, 40.697396]]}, "properties": {"FID": 26952, "TYPEPIPE": "Interstate", "Operator": "ANR Pipeline Co", "Status": "Operating", "Shape_Leng": 0.0210765988126, "Shape__Length": 2364.26997192781}}, {"type": "Feature", "id": 26961, "geometry": {"type": "LineString", "coordinates": [[-84.810056, 40.034162], [-84.7937699999999, 40.025104], [-84.790044, 40.0203480000001], [-84.780924, 40.011967], [-84.771803, 40.0068450000001], [-84.756603, 40.000792], [-84.7401859999999, 39.9942730000001], [-84.7085689999999, 39.990548], [-84.691544, 39.990083], [-84.673911, 39.9882200000001], [-84.6349979999999, 39.9868230000001]]}, "properties": {"FID": 26961, "TYPEPIPE": "Interstate", "Operator": "ANR Pipeline Co", "Status": "Operating", "Shape_Leng": 0.187085169203, "Shape__Length": 21632.635891740385}}, {"type": "Feature", "id": 26962, "geometry": {"type": "LineString", "coordinates": [[-86.929252, 41.6340910000001], [-86.90844, 41.6433190000001], [-86.861341, 41.671031], [-86.856728, 41.671212], [-86.854057, 41.675196], [-86.83512, 41.6835280000001], [-86.81764, 41.690592], [-86.783651, 41.714137], [-86.730736, 41.7494750000001], [-86.715295, 41.7597860000001]]}, "properties": {"FID": 26962, "TYPEPIPE": "Interstate", "Operator": "ANR Pipeline Co", "Status": "Operating", "Shape_Leng": 0.249912980216, "Shape__Length": 30577.931896730952}}, {"type": "Feature", "id": 26963, "geometry": {"type": "LineString", "coordinates": [[-86.731211, 41.7489120000001], [-86.727745, 41.759827]]}, "properties": {"FID": 26963, "TYPEPIPE": "Interstate", "Operator": "ANR Pipeline Co", "Status": "Operating", "Shape_Leng": 0.0114520906824, "Shape__Length": 1673.818326373172}}, {"type": "Feature", "id": 26964, "geometry": {"type": "LineString", "coordinates": [[-86.715295, 41.7597860000001], [-86.703481, 41.767677]]}, "properties": {"FID": 26964, "TYPEPIPE": "Interstate", "Operator": "ANR Pipeline Co", "Status": "Operating", "Shape_Leng": 0.0142069869079, "Shape__Length": 1765.3531230822443}}, {"type": "Feature", "id": 26965, "geometry": {"type": "LineString", "coordinates": [[-86.727745, 41.759827], [-86.72675, 41.7629620000001], [-86.7277, 41.765367]]}, "properties": {"FID": 26965, "TYPEPIPE": "Interstate", "Operator": "ANR Pipeline Co", "Status": "Operating", "Shape_Leng": 0.00587494240979, "Shape__Length": 854.9753794898609}}, {"type": "Feature", "id": 26993, "geometry": {"type": "LineString", "coordinates": [[-85.001499, 40.0450460000001], [-85.002646, 40.1788980000001]]}, "properties": {"FID": 26993, "TYPEPIPE": "Interstate", "Operator": "ANR Pipeline Co", "Status": "Operating", "Shape_Leng": 0.133856914326, "Shape__Length": 19483.4230564022}}, {"type": "Feature", "id": 26995, "geometry": {"type": "LineString", "coordinates": [[-85.029569, 41.5416000000001], [-85.0374199999999, 41.534363]]}, "properties": {"FID": 26995, "TYPEPIPE": "Interstate", "Operator": "ANR Pipeline Co", "Status": "Operating", "Shape_Leng": 0.0106776575146, "Shape__Length": 1386.4408936517825}}, {"type": "Feature", "id": 26996, "geometry": {"type": "LineString", "coordinates": [[-85.702212, 41.7590220000001], [-85.7006249999999, 41.7618840000001], [-85.696658, 41.766425], [-85.6911029999999, 41.7692870000001], [-85.688326, 41.7734330000001], [-85.685681, 41.7844880000001], [-85.6794649999999, 41.7883370000001], [-85.678372, 41.7952690000001], [-85.6713119999999, 41.803324], [-85.6649179999999, 41.8101500000001], [-85.6553959999999, 41.8150860000001]]}, "properties": {"FID": 26996, "TYPEPIPE": "Interstate", "Operator": "ANR Pipeline Co", "Status": "Operating", "Shape_Leng": 0.0770264753331, "Shape__Length": 10303.598064737345}}, {"type": "Feature", "id": 27028, "geometry": {"type": "LineString", "coordinates": [[-88.8764659999999, 42.6466550000001], [-88.9999999999999, 42.49605]]}, "properties": {"FID": 27028, "TYPEPIPE": "Interstate", "Operator": "ANR Pipeline Co", "Status": "Operating", "Shape_Leng": 0.194788385642, "Shape__Length": 26596.544518150935}}, {"type": "Feature", "id": 27029, "geometry": {"type": "LineString", "coordinates": [[-88.9999999999999, 42.49605], [-88.955629, 42.542694], [-88.8632039999999, 42.6396510000001]]}, "properties": {"FID": 27029, "TYPEPIPE": "Interstate", "Operator": "ANR Pipeline Co", "Status": "Operating", "Shape_Leng": 0.198329025094, "Shape__Length": 26514.578732092647}}, {"type": "Feature", "id": 27052, "geometry": {"type": "LineString", "coordinates": [[-91.315125, 40.8393100000001], [-91.216685, 40.832069], [-91.188758, 40.818269], [-91.1700289999999, 40.809014], [-91.1500149999999, 40.814694]]}, "properties": {"FID": 27052, "TYPEPIPE": "Interstate", "Operator": "ANR Pipeline Co", "Status": "Operating", "Shape_Leng": 0.171551821829, "Shape__Length": 19592.31196717784}}, {"type": "Feature", "id": 27053, "geometry": {"type": "LineString", "coordinates": [[-91.350949, 40.7424750000001], [-91.340536, 40.735108]]}, "properties": {"FID": 27053, "TYPEPIPE": "Interstate", "Operator": "ANR Pipeline Co", "Status": "Operating", "Shape_Leng": 0.0127555187272, "Shape__Length": 1585.9262558977039}}, {"type": "Feature", "id": 27054, "geometry": {"type": "LineString", "coordinates": [[-91.390791, 40.659789], [-91.411288, 40.6244560000001]]}, "properties": {"FID": 27054, "TYPEPIPE": "Interstate", "Operator": "ANR Pipeline Co", "Status": "Operating", "Shape_Leng": 0.0408478628327, "Shape__Length": 5663.530741156247}}, {"type": "Feature", "id": 27055, "geometry": {"type": "LineString", "coordinates": [[-91.411288, 40.6244560000001], [-91.417422, 40.620778], [-91.42389, 40.6169], [-91.435041, 40.605055], [-91.4389399999999, 40.5980650000001], [-91.4400649999999, 40.5960470000001], [-91.4400649999999, 40.588426]]}, "properties": {"FID": 27055, "TYPEPIPE": "Interstate", "Operator": "ANR Pipeline Co", "Status": "Operating", "Shape_Leng": 0.0488969802999, "Shape__Length": 6474.083978452877}}, {"type": "Feature", "id": 27056, "geometry": {"type": "LineString", "coordinates": [[-91.2240609999999, 41.046572], [-91.237535, 41.080494]]}, "properties": {"FID": 27056, "TYPEPIPE": "Interstate", "Operator": "ANR Pipeline Co", "Status": "Operating", "Shape_Leng": 0.036500010411, "Shape__Length": 5228.09782636574}}, {"type": "Feature", "id": 27057, "geometry": {"type": "LineString", "coordinates": [[-90.753272, 41.1853750000001], [-90.756904, 41.195909]]}, "properties": {"FID": 27057, "TYPEPIPE": "Interstate", "Operator": "ANR Pipeline Co", "Status": "Operating", "Shape_Leng": 0.0111425571571, "Shape__Length": 1609.8757867130796}}, {"type": "Feature", "id": 27058, "geometry": {"type": "LineString", "coordinates": [[-90.753272, 41.1853750000001], [-90.7445529999999, 41.1633790000001]]}, "properties": {"FID": 27058, "TYPEPIPE": "Interstate", "Operator": "ANR Pipeline Co", "Status": "Operating", "Shape_Leng": 0.023661043447, "Shape__Length": 3394.7363208865995}}, {"type": "Feature", "id": 27059, "geometry": {"type": "LineString", "coordinates": [[-90.5996489999999, 41.2180080000001], [-90.596336, 41.209187]]}, "properties": {"FID": 27059, "TYPEPIPE": "Interstate", "Operator": "ANR Pipeline Co", "Status": "Operating", "Shape_Leng": 0.00942263285925, "Shape__Length": 1356.4340291744006}}, {"type": "Feature", "id": 27060, "geometry": {"type": "LineString", "coordinates": [[-90.410858, 41.239513], [-90.409301, 41.206554]]}, "properties": {"FID": 27060, "TYPEPIPE": "Interstate", "Operator": "ANR Pipeline Co", "Status": "Operating", "Shape_Leng": 0.0329957562423, "Shape__Length": 4881.066727496577}}, {"type": "Feature", "id": 27061, "geometry": {"type": "LineString", "coordinates": [[-90.3615369999999, 41.250238], [-90.361675, 41.2581240000001]]}, "properties": {"FID": 27061, "TYPEPIPE": "Interstate", "Operator": "ANR Pipeline Co", "Status": "Operating", "Shape_Leng": 0.00788720736387, "Shape__Length": 1167.7988490136079}}, {"type": "Feature", "id": 27062, "geometry": {"type": "LineString", "coordinates": [[-90.274402, 41.269185], [-90.283159, 41.2933410000001]]}, "properties": {"FID": 27062, "TYPEPIPE": "Interstate", "Operator": "ANR Pipeline Co", "Status": "Operating", "Shape_Leng": 0.0256943064705, "Shape__Length": 3708.724638431301}}, {"type": "Feature", "id": 27063, "geometry": {"type": "LineString", "coordinates": [[-90.180841, 41.2895300000001], [-90.184493, 41.2969600000001]]}, "properties": {"FID": 27063, "TYPEPIPE": "Interstate", "Operator": "ANR Pipeline Co", "Status": "Operating", "Shape_Leng": 0.00827900984417, "Shape__Length": 1173.504322266728}}, {"type": "Feature", "id": 27094, "geometry": {"type": "LineString", "coordinates": [[-87.155318, 37.791774], [-87.213225, 37.821262]]}, "properties": {"FID": 27094, "TYPEPIPE": "Interstate", "Operator": "ANR Pipeline Co", "Status": "Operating", "Shape_Leng": 0.0649827884366, "Shape__Length": 7669.091866076826}}, {"type": "Feature", "id": 27200, "geometry": {"type": "LineString", "coordinates": [[-85.120512, 39.308288], [-84.818336, 39.3720640000001]]}, "properties": {"FID": 27200, "TYPEPIPE": "Interstate", "Operator": "Texas Eastern Trans Co", "Status": "Operating", "Shape_Leng": 0.308832823955, "Shape__Length": 34868.13032460658}}, {"type": "Feature", "id": 27234, "geometry": {"type": "LineString", "coordinates": [[-85.794816, 39.022336], [-85.638656, 39.03488]]}, "properties": {"FID": 27234, "TYPEPIPE": "Interstate", "Operator": "Texas Eastern Trans Co", "Status": "Operating", "Shape_Leng": 0.156663006278, "Shape__Length": 17476.34179296496}}, {"type": "Feature", "id": 27237, "geometry": {"type": "LineString", "coordinates": [[-85.8800639999999, 38.990592], [-85.794816, 39.022336]]}, "properties": {"FID": 27237, "TYPEPIPE": "Interstate", "Operator": "Texas Eastern Trans Co", "Status": "Operating", "Shape_Leng": 0.0909664940514, "Shape__Length": 10523.075335083047}}, {"type": "Feature", "id": 27241, "geometry": {"type": "LineString", "coordinates": [[-86.277632, 38.7617280000001], [-86.1636799999999, 38.9635200000001]]}, "properties": {"FID": 27241, "TYPEPIPE": "Interstate", "Operator": "Texas Eastern Trans Co", "Status": "Operating", "Shape_Leng": 0.231743542667, "Shape__Length": 31514.765616458946}}, {"type": "Feature", "id": 27340, "geometry": {"type": "LineString", "coordinates": [[-85.234176, 39.263744], [-85.120512, 39.308288]]}, "properties": {"FID": 27340, "TYPEPIPE": "Interstate", "Operator": "Texas Eastern Trans Co", "Status": "Operating", "Shape_Leng": 0.122080599736, "Shape__Length": 14182.468853650187}}, {"type": "Feature", "id": 27342, "geometry": {"type": "LineString", "coordinates": [[-85.4399999999999, 39.1874560000001], [-85.234176, 39.263744]]}, "properties": {"FID": 27342, "TYPEPIPE": "Interstate", "Operator": "Texas Eastern Trans Co", "Status": "Operating", "Shape_Leng": 0.219507124987, "Shape__Length": 25399.793070291125}}, {"type": "Feature", "id": 27345, "geometry": {"type": "LineString", "coordinates": [[-85.638656, 39.03488], [-85.4399999999999, 39.1874560000001]]}, "properties": {"FID": 27345, "TYPEPIPE": "Interstate", "Operator": "Texas Eastern Trans Co", "Status": "Operating", "Shape_Leng": 0.250486810256, "Shape__Length": 31115.887249574058}}, {"type": "Feature", "id": 27852, "geometry": {"type": "LineString", "coordinates": [[-86.55954, 38.5599250000001], [-86.420378, 38.633317]]}, "properties": {"FID": 27852, "TYPEPIPE": "Interstate", "Operator": "Texas Eastern Trans Co", "Status": "Operating", "Shape_Leng": 0.157329106995, "Shape__Length": 18688.477641180856}}, {"type": "Feature", "id": 27856, "geometry": {"type": "LineString", "coordinates": [[-86.420378, 38.633317], [-86.31296, 38.691584]]}, "properties": {"FID": 27856, "TYPEPIPE": "Interstate", "Operator": "Texas Eastern Trans Co", "Status": "Operating", "Shape_Leng": 0.122203396078, "Shape__Length": 14559.853066169218}}, {"type": "Feature", "id": 27859, "geometry": {"type": "LineString", "coordinates": [[-87.166099, 38.418654], [-87.065344, 38.4437760000001]]}, "properties": {"FID": 27859, "TYPEPIPE": "Interstate", "Operator": "Texas Eastern Trans Co", "Status": "Operating", "Shape_Leng": 0.103839707766, "Shape__Length": 11770.444766648094}}, {"type": "Feature", "id": 27862, "geometry": {"type": "LineString", "coordinates": [[-87.414272, 38.3458880000001], [-87.3208319999999, 38.3802880000001]]}, "properties": {"FID": 27862, "TYPEPIPE": "Interstate", "Operator": "Texas Eastern Trans Co", "Status": "Operating", "Shape_Leng": 0.099571048001, "Shape__Length": 11491.177481886994}}, {"type": "Feature", "id": 27895, "geometry": {"type": "LineString", "coordinates": [[-88.12992, 38.083968], [-87.979706, 38.1352000000001], [-87.9347789999999, 38.1581880000001]]}, "properties": {"FID": 27895, "TYPEPIPE": "Interstate", "Operator": "Texas Eastern Trans Co", "Status": "Operating", "Shape_Leng": 0.20917697057, "Shape__Length": 24191.70750852191}}, {"type": "Feature", "id": 27898, "geometry": {"type": "LineString", "coordinates": [[-87.9347789999999, 38.1581880000001], [-87.933902, 38.158553], [-87.803648, 38.227968]]}, "properties": {"FID": 27898, "TYPEPIPE": "Interstate", "Operator": "Texas Eastern Trans Co", "Status": "Operating", "Shape_Leng": 0.148545813142, "Shape__Length": 17629.371120877207}}, {"type": "Feature", "id": 27901, "geometry": {"type": "LineString", "coordinates": [[-89.458736, 37.2464160000001], [-89.3940479999999, 37.33696]]}, "properties": {"FID": 27901, "TYPEPIPE": "Interstate", "Operator": "Texas Eastern Trans Co", "Status": "Operating", "Shape_Leng": 0.111277820252, "Shape__Length": 14572.903728888721}}, {"type": "Feature", "id": 27903, "geometry": {"type": "LineString", "coordinates": [[-89.620736, 37.1151360000001], [-89.458736, 37.2464160000001]]}, "properties": {"FID": 27903, "TYPEPIPE": "Interstate", "Operator": "Texas Eastern Trans Co", "Status": "Operating", "Shape_Leng": 0.20851483976, "Shape__Length": 25722.78859180214}}, {"type": "Feature", "id": 27916, "geometry": {"type": "LineString", "coordinates": [[-88.863488, 37.6953600000001], [-88.78464, 37.6953600000001]]}, "properties": {"FID": 27916, "TYPEPIPE": "Interstate", "Operator": "Texas Eastern Trans Co", "Status": "Operating", "Shape_Leng": 0.078848, "Shape__Length": 8777.319210065529}}, {"type": "Feature", "id": 27919, "geometry": {"type": "LineString", "coordinates": [[-88.340608, 37.9691520000001], [-88.325632, 38.006272]]}, "properties": {"FID": 27919, "TYPEPIPE": "Interstate", "Operator": "Texas Eastern Trans Co", "Status": "Operating", "Shape_Leng": 0.0400271779669, "Shape__Length": 5501.6030867866}}, {"type": "Feature", "id": 27922, "geometry": {"type": "LineString", "coordinates": [[-88.325632, 38.006272], [-88.28416, 37.9893760000001]]}, "properties": {"FID": 27922, "TYPEPIPE": "Interstate", "Operator": "Texas Eastern Trans Co", "Status": "Operating", "Shape_Leng": 0.0447817105524, "Shape__Length": 5197.118523455752}}, {"type": "Feature", "id": 27925, "geometry": {"type": "LineString", "coordinates": [[-88.28416, 37.9893760000001], [-88.12992, 38.083968]]}, "properties": {"FID": 27925, "TYPEPIPE": "Interstate", "Operator": "Texas Eastern Trans Co", "Status": "Operating", "Shape_Leng": 0.180935414068, "Shape__Length": 21761.114701992166}}, {"type": "Feature", "id": 27928, "geometry": {"type": "LineString", "coordinates": [[-88.78464, 37.6953600000001], [-88.340608, 37.9691520000001]]}, "properties": {"FID": 27928, "TYPEPIPE": "Interstate", "Operator": "Texas Eastern Trans Co", "Status": "Operating", "Shape_Leng": 0.52165743193, "Shape__Length": 62709.04902717248}}, {"type": "Feature", "id": 27932, "geometry": {"type": "LineString", "coordinates": [[-89.085568, 37.519616], [-88.8876, 37.6761010000001], [-88.863488, 37.6953600000001]]}, "properties": {"FID": 27932, "TYPEPIPE": "Interstate", "Operator": "Texas Eastern Trans Co", "Status": "Operating", "Shape_Leng": 0.283206073894, "Shape__Length": 34943.15200644793}}, {"type": "Feature", "id": 27935, "geometry": {"type": "LineString", "coordinates": [[-89.3940479999999, 37.33696], [-89.085568, 37.519616]]}, "properties": {"FID": 27935, "TYPEPIPE": "Interstate", "Operator": "Texas Eastern Trans Co", "Status": "Operating", "Shape_Leng": 0.358501219992, "Shape__Length": 42834.95119505805}}, {"type": "Feature", "id": 27939, "geometry": {"type": "LineString", "coordinates": [[-89.74464, 37.0009600000001], [-89.620736, 37.1151360000001]]}, "properties": {"FID": 27939, "TYPEPIPE": "Interstate", "Operator": "Texas Eastern Trans Co", "Status": "Operating", "Shape_Leng": 0.168488457148, "Shape__Length": 21069.148031137815}}, {"type": "Feature", "id": 27941, "geometry": {"type": "LineString", "coordinates": [[-90.157312, 36.664064], [-89.74464, 37.0009600000001]]}, "properties": {"FID": 27941, "TYPEPIPE": "Interstate", "Operator": "Texas Eastern Trans Co", "Status": "Operating", "Shape_Leng": 0.532726096977, "Shape__Length": 65618.8453843558}}, {"type": "Feature", "id": 28017, "geometry": {"type": "LineString", "coordinates": [[-86.682112, 38.5011200000001], [-86.622528, 38.524416]]}, "properties": {"FID": 28017, "TYPEPIPE": "Interstate", "Operator": "Texas Eastern Trans Co", "Status": "Operating", "Shape_Leng": 0.0639762195819, "Shape__Length": 7414.788531773406}}, {"type": "Feature", "id": 28020, "geometry": {"type": "LineString", "coordinates": [[-86.622528, 38.524416], [-86.55954, 38.5599250000001]]}, "properties": {"FID": 28020, "TYPEPIPE": "Interstate", "Operator": "Texas Eastern Trans Co", "Status": "Operating", "Shape_Leng": 0.0723075184542, "Shape__Length": 8643.28192633583}}, {"type": "Feature", "id": 28023, "geometry": {"type": "LineString", "coordinates": [[-87.065344, 38.4437760000001], [-86.682112, 38.5011200000001]]}, "properties": {"FID": 28023, "TYPEPIPE": "Interstate", "Operator": "Texas Eastern Trans Co", "Status": "Operating", "Shape_Leng": 0.387498516333, "Shape__Length": 43433.37706237056}}, {"type": "Feature", "id": 28026, "geometry": {"type": "LineString", "coordinates": [[-87.3208319999999, 38.3802880000001], [-87.166099, 38.418654]]}, "properties": {"FID": 28026, "TYPEPIPE": "Interstate", "Operator": "Texas Eastern Trans Co", "Status": "Operating", "Shape_Leng": 0.159418478367, "Shape__Length": 18066.331737234483}}, {"type": "Feature", "id": 28028, "geometry": {"type": "LineString", "coordinates": [[-87.448576, 38.335744], [-87.414272, 38.3458880000001]]}, "properties": {"FID": 28028, "TYPEPIPE": "Interstate", "Operator": "Texas Eastern Trans Co", "Status": "Operating", "Shape_Leng": 0.0357724076908, "Shape__Length": 4081.090800407526}}, {"type": "Feature", "id": 28030, "geometry": {"type": "LineString", "coordinates": [[-87.803648, 38.227968], [-87.448576, 38.335744]]}, "properties": {"FID": 28030, "TYPEPIPE": "Interstate", "Operator": "Texas Eastern Trans Co", "Status": "Operating", "Shape_Leng": 0.371068445654, "Shape__Length": 42378.55227491976}}, {"type": "Feature", "id": 28037, "geometry": {"type": "LineString", "coordinates": [[-86.31296, 38.691584], [-86.277632, 38.7617280000001]]}, "properties": {"FID": 28037, "TYPEPIPE": "Interstate", "Operator": "Texas Eastern Trans Co", "Status": "Operating", "Shape_Leng": 0.078538196567, "Shape__Length": 10753.866906992054}}, {"type": "Feature", "id": 28041, "geometry": {"type": "LineString", "coordinates": [[-86.1636799999999, 38.9635200000001], [-85.8800639999999, 38.990592]]}, "properties": {"FID": 28041, "TYPEPIPE": "Interstate", "Operator": "Texas Eastern Trans Co", "Status": "Operating", "Shape_Leng": 0.284905122172, "Shape__Length": 31809.091537512362}}, {"type": "Feature", "id": 28086, "geometry": {"type": "LineString", "coordinates": [[-114.630574, 34.9337090000001], [-114.589198, 34.97286], [-114.580505, 34.9844140000001], [-114.567629, 34.991448], [-114.546171, 34.9999480000001], [-114.531622, 35.005456], [-114.523459, 35.0117240000001], [-114.511223, 35.017993], [-114.490839, 35.0242650000001], [-114.485372, 35.029257], [-114.470446, 35.03367], [-114.450067, 35.0368110000001], [-114.425599, 35.0462180000001], [-114.425593, 35.0493480000001], [-114.421479, 35.068137], [-114.405152, 35.0806710000001], [-114.401065, 35.086935], [-114.384766, 35.0869440000001], [-114.364393, 35.0869530000001], [-114.34402, 35.086963], [-114.319585, 35.0807130000001], [-114.29922, 35.077593], [-114.278852, 35.0744710000001], [-114.25848, 35.074482], [-114.238105, 35.0744920000001], [-114.213644, 35.080766], [-114.193263, 35.0839070000001], [-114.172891, 35.083918], [-114.152503, 35.0901910000001], [-114.132115, 35.096464], [-114.111734, 35.0996040000001], [-114.099495, 35.105871], [-114.087264, 35.1090090000001], [-114.066876, 35.115281], [-114.038317, 35.130951], [-114.017942, 35.1309610000001], [-113.997553, 35.137234], [-113.977156, 35.1466370000001], [-113.97715, 35.149769], [-113.960806, 35.168564], [-113.956732, 35.1685660000001], [-113.932266, 35.1748410000001], [-113.911877, 35.181112], [-113.891502, 35.1811220000001], [-113.871128, 35.181132], [-113.850767, 35.174879], [-113.826317, 35.1748920000001], [-113.805949, 35.171769], [-113.785582, 35.1686490000001], [-113.765229, 35.1592660000001], [-113.748952, 35.149879], [-113.744876, 35.1498810000001], [-113.720441, 35.143631], [-113.70417, 35.131114], [-113.700096, 35.1311160000001], [-113.679728, 35.1279950000001], [-113.659361, 35.124874], [-113.638993, 35.1217520000001], [-113.614542, 35.121764], [-113.594175, 35.1186430000001], [-113.515074, 35.131689], [-113.408884, 35.162094], [-113.334895, 35.1947930000001], [-113.332451, 35.196105]]}, "properties": {"FID": 28086, "TYPEPIPE": "Interstate", "Operator": "Transwestern Gas Co", "Status": "Operating", "Shape_Leng": 1.41120925315, "Shape__Length": 162114.93832792717}}, {"type": "Feature", "id": 28090, "geometry": {"type": "LineString", "coordinates": [[-113.334895, 35.1947930000001], [-113.395567, 35.113183], [-113.430236, 35.099166], [-113.517285, 35.077384], [-113.53361, 35.074173], [-113.537697, 35.074173], [-113.558137, 35.074173], [-113.578577, 35.074173], [-113.603104, 35.074173], [-113.623543, 35.074173], [-113.643956, 35.0709610000001], [-113.664447, 35.077384], [-113.684941, 35.083809], [-113.709518, 35.0902330000001], [-113.721809, 35.093445], [-113.729984, 35.093445], [-113.75045, 35.096658], [-113.770994, 35.1095050000001], [-113.775107, 35.112717], [-113.791485, 35.1159290000001], [-113.816038, 35.1191420000001], [-113.836503, 35.122354], [-113.856996, 35.1287780000001], [-113.873373, 35.13199], [-113.87746, 35.13199], [-113.897899, 35.13199], [-113.922426, 35.13199], [-113.934691, 35.13199], [-113.995698, 35.093445], [-114.01611, 35.0902330000001], [-114.036498, 35.083809], [-114.056911, 35.0805970000001], [-114.077298, 35.074173], [-114.081387, 35.074173], [-114.101799, 35.0709610000001], [-114.122213, 35.0677480000001], [-114.1426, 35.0613240000001], [-114.163014, 35.058113], [-114.162988, 35.0549], [-114.187489, 35.0516880000001], [-114.207877, 35.045264], [-114.22829, 35.0420530000001], [-114.248704, 35.0388390000001], [-114.248677, 35.035627], [-114.269065, 35.029204], [-114.293514, 35.0195670000001], [-114.313954, 35.0195670000001], [-114.322103, 35.016356], [-114.334366, 35.016356], [-114.354702, 35.0035070000001], [-114.375116, 35.000294], [-114.399591, 34.9938710000001], [-114.534153, 34.952114]]}, "properties": {"FID": 28090, "TYPEPIPE": "Interstate", "Operator": "Transwestern Gas Co", "Status": "Operating", "Shape_Leng": 1.294679814, "Shape__Length": 148426.06777361984}}, {"type": "Feature", "id": 28315, "geometry": {"type": "LineString", "coordinates": [[-85.208064, 40.226816], [-85.561856, 40.3737600000001]]}, "properties": {"FID": 28315, "TYPEPIPE": "Interstate", "Operator": "Texas Eastern Trans Co", "Status": "Operating", "Shape_Leng": 0.383094398811, "Shape__Length": 44845.48543402487}}, {"type": "Feature", "id": 28319, "geometry": {"type": "LineString", "coordinates": [[-84.8112639999999, 40.0752640000001], [-85.208064, 40.226816]]}, "properties": {"FID": 28319, "TYPEPIPE": "Interstate", "Operator": "Texas Eastern Trans Co", "Status": "Operating", "Shape_Leng": 0.424756693536, "Shape__Length": 49379.17421950195}}, {"type": "Feature", "id": 28322, "geometry": {"type": "LineString", "coordinates": [[-84.65263, 40.02221], [-84.689674, 40.0475550000001], [-84.725518, 40.0557230000001], [-84.756107, 40.0626940000001], [-84.8112639999999, 40.0752640000001]]}, "properties": {"FID": 28322, "TYPEPIPE": "Interstate", "Operator": "Texas Eastern Trans Co", "Status": "Operating", "Shape_Leng": 0.169591920524, "Shape__Length": 19652.880044189285}}, {"type": "Feature", "id": 28375, "geometry": {"type": "LineString", "coordinates": [[-88.918809, 37.226413], [-88.9136299999999, 37.277794], [-88.911192, 37.2998490000001], [-88.909161, 37.316623], [-88.9069, 37.3353000000001]]}, "properties": {"FID": 28375, "TYPEPIPE": "Interstate", "Operator": "Trunkline Gas Co", "Status": "Operating", "Shape_Leng": 0.109540560901, "Shape__Length": 15291.85288942675}}, {"type": "Feature", "id": 28379, "geometry": {"type": "LineString", "coordinates": [[-88.9069, 37.3353000000001], [-88.901963, 37.364695], [-88.900725, 37.392406], [-88.8966829999999, 37.482874]]}, "properties": {"FID": 28379, "TYPEPIPE": "Interstate", "Operator": "Trunkline Gas Co", "Status": "Operating", "Shape_Leng": 0.148103601641, "Shape__Length": 20728.675820771114}}, {"type": "Feature", "id": 28382, "geometry": {"type": "LineString", "coordinates": [[-88.891826, 37.5654630000001], [-88.8878569999999, 37.676139], [-88.893568, 37.6953600000001]]}, "properties": {"FID": 28382, "TYPEPIPE": "Interstate", "Operator": "Trunkline Gas Co", "Status": "Operating", "Shape_Leng": 0.130798636911, "Shape__Length": 18338.47277529899}}, {"type": "Feature", "id": 28385, "geometry": {"type": "LineString", "coordinates": [[-88.893568, 37.718912], [-88.858436, 37.7752100000001]]}, "properties": {"FID": 28385, "TYPEPIPE": "Interstate", "Operator": "Trunkline Gas Co", "Status": "Operating", "Shape_Leng": 0.066360547225, "Shape__Length": 8838.135359626258}}, {"type": "Feature", "id": 28389, "geometry": {"type": "LineString", "coordinates": [[-88.858436, 37.7752100000001], [-88.834919, 37.8139590000001], [-88.824534, 37.8310710000001], [-88.775873, 37.9112480000001]]}, "properties": {"FID": 28389, "TYPEPIPE": "Interstate", "Operator": "Trunkline Gas Co", "Status": "Operating", "Shape_Leng": 0.159131977977, "Shape__Length": 21265.411404328006}}, {"type": "Feature", "id": 28393, "geometry": {"type": "LineString", "coordinates": [[-88.775873, 37.9112480000001], [-88.763731, 37.9418920000001]]}, "properties": {"FID": 28393, "TYPEPIPE": "Interstate", "Operator": "Trunkline Gas Co", "Status": "Operating", "Shape_Leng": 0.0329618400579, "Shape__Length": 4530.945834668678}}, {"type": "Feature", "id": 28396, "geometry": {"type": "LineString", "coordinates": [[-88.730948, 38.0246240000001], [-88.7055779999999, 38.092317]]}, "properties": {"FID": 28396, "TYPEPIPE": "Interstate", "Operator": "Trunkline Gas Co", "Status": "Operating", "Shape_Leng": 0.072290934072, "Shape__Length": 9978.390670910294}}, {"type": "Feature", "id": 28399, "geometry": {"type": "LineString", "coordinates": [[-88.8966829999999, 37.482874], [-88.895323, 37.505998], [-88.891826, 37.5654630000001]]}, "properties": {"FID": 28399, "TYPEPIPE": "Interstate", "Operator": "Trunkline Gas Co", "Status": "Operating", "Shape_Leng": 0.0827316950754, "Shape__Length": 11604.845188374074}}, {"type": "Feature", "id": 28402, "geometry": {"type": "LineString", "coordinates": [[-88.645502, 38.12737], [-88.633393, 38.2425050000001], [-88.631661, 38.258969]]}, "properties": {"FID": 28402, "TYPEPIPE": "Interstate", "Operator": "Trunkline Gas Co", "Status": "Operating", "Shape_Leng": 0.132324865703, "Shape__Length": 18703.310508745337}}, {"type": "Feature", "id": 28405, "geometry": {"type": "LineString", "coordinates": [[-88.893568, 37.6953600000001], [-88.893568, 37.718912]]}, "properties": {"FID": 28405, "TYPEPIPE": "Interstate", "Operator": "Trunkline Gas Co", "Status": "Operating", "Shape_Leng": 0.023552, "Shape__Length": 3313.9169891374186}}, {"type": "Feature", "id": 28407, "geometry": {"type": "LineString", "coordinates": [[-88.631661, 38.258969], [-88.6181979999999, 38.4082970000001], [-88.616529, 38.4268030000001]]}, "properties": {"FID": 28407, "TYPEPIPE": "Interstate", "Operator": "Trunkline Gas Co", "Status": "Operating", "Shape_Leng": 0.168514773781, "Shape__Length": 23880.62237183107}}, {"type": "Feature", "id": 28410, "geometry": {"type": "LineString", "coordinates": [[-88.616529, 38.4268030000001], [-88.602895, 38.43215]]}, "properties": {"FID": 28410, "TYPEPIPE": "Interstate", "Operator": "Trunkline Gas Co", "Status": "Operating", "Shape_Leng": 0.014645011608, "Shape__Length": 1697.3022535509047}}, {"type": "Feature", "id": 28413, "geometry": {"type": "LineString", "coordinates": [[-88.602895, 38.43215], [-88.59838, 38.4666500000001], [-88.590885, 38.5239260000001], [-88.585231, 38.567128]]}, "properties": {"FID": 28413, "TYPEPIPE": "Interstate", "Operator": "Trunkline Gas Co", "Status": "Operating", "Shape_Leng": 0.136128899874, "Shape__Length": 19299.841033115335}}, {"type": "Feature", "id": 28416, "geometry": {"type": "LineString", "coordinates": [[-88.763731, 37.9418920000001], [-88.730948, 38.0246240000001]]}, "properties": {"FID": 28416, "TYPEPIPE": "Interstate", "Operator": "Trunkline Gas Co", "Status": "Operating", "Shape_Leng": 0.0889904990041, "Shape__Length": 12241.230231879104}}, {"type": "Feature", "id": 28418, "geometry": {"type": "LineString", "coordinates": [[-88.585231, 38.567128], [-88.583001, 38.583986], [-88.5786439999999, 38.616924], [-88.576194, 38.635448], [-88.570172, 38.6809670000001]]}, "properties": {"FID": 28418, "TYPEPIPE": "Interstate", "Operator": "Trunkline Gas Co", "Status": "Operating", "Shape_Leng": 0.114830707583, "Shape__Length": 16307.02150132662}}, {"type": "Feature", "id": 28421, "geometry": {"type": "LineString", "coordinates": [[-88.7055779999999, 38.092317], [-88.645502, 38.12737]]}, "properties": {"FID": 28421, "TYPEPIPE": "Interstate", "Operator": "Trunkline Gas Co", "Status": "Operating", "Shape_Leng": 0.0695545727109, "Shape__Length": 8325.77674728039}}, {"type": "Feature", "id": 28424, "geometry": {"type": "LineString", "coordinates": [[-88.570172, 38.6809670000001], [-88.5398029999999, 38.7182780000001], [-88.52931, 38.7311700000001], [-88.4924829999999, 38.776415], [-88.46844, 38.805954]]}, "properties": {"FID": 28424, "TYPEPIPE": "Interstate", "Operator": "Trunkline Gas Co", "Status": "Operating", "Shape_Leng": 0.161155670064, "Shape__Length": 21129.9239737955}}, {"type": "Feature", "id": 28428, "geometry": {"type": "LineString", "coordinates": [[-88.46844, 38.805954], [-88.4598809999999, 38.837905], [-88.437217, 38.9225050000001]]}, "properties": {"FID": 28428, "TYPEPIPE": "Interstate", "Operator": "Trunkline Gas Co", "Status": "Operating", "Shape_Leng": 0.120660728204, "Shape__Length": 17021.65019982965}}, {"type": "Feature", "id": 28431, "geometry": {"type": "LineString", "coordinates": [[-88.437217, 38.9225050000001], [-88.3996559999999, 39.031702]]}, "properties": {"FID": 28431, "TYPEPIPE": "Interstate", "Operator": "Trunkline Gas Co", "Status": "Operating", "Shape_Leng": 0.1154764631, "Shape__Length": 16185.87459090474}}, {"type": "Feature", "id": 28435, "geometry": {"type": "LineString", "coordinates": [[-88.3996559999999, 39.031702], [-88.434107, 39.119518], [-88.471028, 39.2136310000001]]}, "properties": {"FID": 28435, "TYPEPIPE": "Interstate", "Operator": "Trunkline Gas Co", "Status": "Operating", "Shape_Leng": 0.195428051787, "Shape__Length": 27287.385610617446}}, {"type": "Feature", "id": 28437, "geometry": {"type": "LineString", "coordinates": [[-88.471028, 39.2136310000001], [-88.465559, 39.2732330000001]]}, "properties": {"FID": 28437, "TYPEPIPE": "Interstate", "Operator": "Trunkline Gas Co", "Status": "Operating", "Shape_Leng": 0.0598523881311, "Shape__Length": 8588.633097328204}}, {"type": "Feature", "id": 28440, "geometry": {"type": "LineString", "coordinates": [[-88.459801, 39.3291520000001], [-88.46108, 39.375296]]}, "properties": {"FID": 28440, "TYPEPIPE": "Interstate", "Operator": "Trunkline Gas Co", "Status": "Operating", "Shape_Leng": 0.0461617219891, "Shape__Length": 6644.452713809343}}, {"type": "Feature", "id": 28442, "geometry": {"type": "LineString", "coordinates": [[-88.46108, 39.375296], [-88.450593, 39.517356], [-88.444533, 39.5984690000001], [-88.438772, 39.6755810000001]]}, "properties": {"FID": 28442, "TYPEPIPE": "Interstate", "Operator": "Trunkline Gas Co", "Status": "Operating", "Shape_Leng": 0.301112513459, "Shape__Length": 43408.1078193115}}, {"type": "Feature", "id": 28445, "geometry": {"type": "LineString", "coordinates": [[-88.438772, 39.6755810000001], [-88.435852, 39.7086830000001], [-88.434254, 39.726795], [-88.4268, 39.8112990000001]]}, "properties": {"FID": 28445, "TYPEPIPE": "Interstate", "Operator": "Trunkline Gas Co", "Status": "Operating", "Shape_Leng": 0.136245015721, "Shape__Length": 19693.697669192843}}, {"type": "Feature", "id": 28447, "geometry": {"type": "LineString", "coordinates": [[-88.4268, 39.8112990000001], [-88.423209, 39.815358], [-88.393499, 39.8523960000001], [-88.386403, 39.861151]]}, "properties": {"FID": 28447, "TYPEPIPE": "Interstate", "Operator": "Trunkline Gas Co", "Status": "Operating", "Shape_Leng": 0.0641706008405, "Shape__Length": 8512.577794103167}}, {"type": "Feature", "id": 28450, "geometry": {"type": "LineString", "coordinates": [[-88.465559, 39.2732330000001], [-88.459801, 39.3291520000001]]}, "properties": {"FID": 28450, "TYPEPIPE": "Interstate", "Operator": "Trunkline Gas Co", "Status": "Operating", "Shape_Leng": 0.0562146700159, "Shape__Length": 8069.768668578605}}, {"type": "Feature", "id": 28452, "geometry": {"type": "LineString", "coordinates": [[-88.199759, 40.0237080000001], [-88.122017, 40.101251], [-88.109409, 40.1150880000001], [-88.097067, 40.128633], [-88.0757409999999, 40.1520390000001], [-88.024485, 40.2050790000001]]}, "properties": {"FID": 28452, "TYPEPIPE": "Interstate", "Operator": "Trunkline Gas Co", "Status": "Operating", "Shape_Leng": 0.252271090311, "Shape__Length": 32834.012329264086}}, {"type": "Feature", "id": 28485, "geometry": {"type": "LineString", "coordinates": [[-86.10288, 39.049088], [-86.0797439999999, 39.088128]]}, "properties": {"FID": 28485, "TYPEPIPE": "Interstate", "Operator": "Texas Gas Transmission Co", "Status": "Operating", "Shape_Leng": 0.0453805695866, "Shape__Length": 6161.6561072668865}}, {"type": "Feature", "id": 28489, "geometry": {"type": "LineString", "coordinates": [[-86.420378, 38.633317], [-86.418688, 38.683904]]}, "properties": {"FID": 28489, "TYPEPIPE": "Interstate", "Operator": "Texas Gas Transmission Co", "Status": "Operating", "Shape_Leng": 0.0506152217125, "Shape__Length": 7213.940577129047}}, {"type": "Feature", "id": 28491, "geometry": {"type": "LineString", "coordinates": [[-86.4175959999999, 38.7801840000001], [-86.413824, 38.8577280000001]]}, "properties": {"FID": 28491, "TYPEPIPE": "Interstate", "Operator": "Texas Gas Transmission Co", "Status": "Operating", "Shape_Leng": 0.0776356871548, "Shape__Length": 11087.174898451989}}, {"type": "Feature", "id": 28498, "geometry": {"type": "LineString", "coordinates": [[-86.441024, 37.7876350000001], [-86.49728, 38.0451840000001]]}, "properties": {"FID": 28498, "TYPEPIPE": "Interstate", "Operator": "Texas Gas Transmission Co", "Status": "Operating", "Shape_Leng": 0.263621366617, "Shape__Length": 36877.337644869316}}, {"type": "Feature", "id": 28502, "geometry": {"type": "LineString", "coordinates": [[-86.417588, 37.781127], [-86.4047869999999, 37.784518], [-86.3907839999999, 37.7882270000001], [-86.369375, 37.7938970000001], [-86.192896, 37.8406400000001]]}, "properties": {"FID": 28502, "TYPEPIPE": "Interstate", "Operator": "Texas Gas Transmission Co", "Status": "Operating", "Shape_Leng": 0.232439867577, "Shape__Length": 26380.837973820904}}, {"type": "Feature", "id": 28544, "geometry": {"type": "LineString", "coordinates": [[-86.4873249999999, 38.077703], [-86.46272, 38.15808]]}, "properties": {"FID": 28544, "TYPEPIPE": "Interstate", "Operator": "Texas Gas Transmission Co", "Status": "Operating", "Shape_Leng": 0.0840587184889, "Shape__Length": 11698.06315693626}}, {"type": "Feature", "id": 28548, "geometry": {"type": "LineString", "coordinates": [[-86.781952, 39.4664960000001], [-86.6885119999999, 39.4836480000001]]}, "properties": {"FID": 28548, "TYPEPIPE": "Interstate", "Operator": "Texas Gas Transmission Co", "Status": "Operating", "Shape_Leng": 0.0950011826453, "Shape__Length": 10691.761842209178}}, {"type": "Feature", "id": 28551, "geometry": {"type": "LineString", "coordinates": [[-86.6885119999999, 39.4836480000001], [-86.487296, 39.4575360000001]]}, "properties": {"FID": 28551, "TYPEPIPE": "Interstate", "Operator": "Texas Gas Transmission Co", "Status": "Operating", "Shape_Leng": 0.202903216337, "Shape__Length": 22713.561857119028}}, {"type": "Feature", "id": 28556, "geometry": {"type": "LineString", "coordinates": [[-86.752512, 37.912714], [-86.752132, 37.924205]]}, "properties": {"FID": 28556, "TYPEPIPE": "Interstate", "Operator": "Texas Gas Transmission Co", "Status": "Operating", "Shape_Leng": 0.0114972814613, "Shape__Length": 1622.0433275505602}}, {"type": "Feature", "id": 28560, "geometry": {"type": "LineString", "coordinates": [[-86.659328, 37.7364480000001], [-86.4383999999999, 37.7756160000001]]}, "properties": {"FID": 28560, "TYPEPIPE": "Interstate", "Operator": "Texas Gas Transmission Co", "Status": "Operating", "Shape_Leng": 0.224373156612, "Shape__Length": 25204.32749878426}}, {"type": "Feature", "id": 28563, "geometry": {"type": "LineString", "coordinates": [[-86.49728, 38.0451840000001], [-86.4873249999999, 38.077703]]}, "properties": {"FID": 28563, "TYPEPIPE": "Interstate", "Operator": "Texas Gas Transmission Co", "Status": "Operating", "Shape_Leng": 0.0340086369324, "Shape__Length": 4729.366895556889}}, {"type": "Feature", "id": 28566, "geometry": {"type": "LineString", "coordinates": [[-86.46272, 38.15808], [-86.452218, 38.229948], [-86.4455389999999, 38.275652], [-86.428416, 38.392832]]}, "properties": {"FID": 28566, "TYPEPIPE": "Interstate", "Operator": "Texas Gas Transmission Co", "Status": "Operating", "Shape_Leng": 0.237245159952, "Shape__Length": 33506.37384028102}}, {"type": "Feature", "id": 28570, "geometry": {"type": "LineString", "coordinates": [[-86.428416, 38.392832], [-86.426652, 38.4456200000001], [-86.424479, 38.5106440000001], [-86.421525, 38.599002], [-86.420378, 38.633317]]}, "properties": {"FID": 28570, "TYPEPIPE": "Interstate", "Operator": "Texas Gas Transmission Co", "Status": "Operating", "Shape_Leng": 0.240619294055, "Shape__Length": 34224.954608548534}}, {"type": "Feature", "id": 28573, "geometry": {"type": "LineString", "coordinates": [[-86.418688, 38.683904], [-86.418168, 38.7297570000001], [-86.4181379999999, 38.7324350000001], [-86.4175959999999, 38.7801840000001]]}, "properties": {"FID": 28573, "TYPEPIPE": "Interstate", "Operator": "Texas Gas Transmission Co", "Status": "Operating", "Shape_Leng": 0.096286192517, "Shape__Length": 13739.94289332787}}, {"type": "Feature", "id": 28576, "geometry": {"type": "LineString", "coordinates": [[-86.413824, 38.8577280000001], [-86.506344, 38.8972390000001], [-86.5824279999999, 38.9297310000001], [-86.678784, 38.9708800000001]]}, "properties": {"FID": 28576, "TYPEPIPE": "Interstate", "Operator": "Texas Gas Transmission Co", "Status": "Operating", "Shape_Leng": 0.2881096609, "Shape__Length": 33645.71522354269}}, {"type": "Feature", "id": 28580, "geometry": {"type": "LineString", "coordinates": [[-86.678784, 38.9708800000001], [-86.7235219999999, 39.017342], [-86.79168, 39.088128]]}, "properties": {"FID": 28580, "TYPEPIPE": "Interstate", "Operator": "Texas Gas Transmission Co", "Status": "Operating", "Shape_Leng": 0.16276547644, "Shape__Length": 20981.96114371381}}, {"type": "Feature", "id": 28583, "geometry": {"type": "LineString", "coordinates": [[-86.1636799999999, 38.9635200000001], [-86.10288, 39.049088]]}, "properties": {"FID": 28583, "TYPEPIPE": "Interstate", "Operator": "Texas Gas Transmission Co", "Status": "Operating", "Shape_Leng": 0.104969150821, "Shape__Length": 14002.387718097194}}, {"type": "Feature", "id": 28586, "geometry": {"type": "LineString", "coordinates": [[-86.27808, 38.9086080000001], [-86.17696, 38.9571460000001], [-86.1636799999999, 38.9635200000001]]}, "properties": {"FID": 28586, "TYPEPIPE": "Interstate", "Operator": "Texas Gas Transmission Co", "Status": "Operating", "Shape_Leng": 0.126896366163, "Shape__Length": 14964.497332512607}}, {"type": "Feature", "id": 28588, "geometry": {"type": "LineString", "coordinates": [[-86.413824, 38.8577280000001], [-86.27808, 38.9086080000001]]}, "properties": {"FID": 28588, "TYPEPIPE": "Interstate", "Operator": "Texas Gas Transmission Co", "Status": "Operating", "Shape_Leng": 0.14496623033, "Shape__Length": 16771.49032223431}}, {"type": "Feature", "id": 28591, "geometry": {"type": "LineString", "coordinates": [[-86.0797439999999, 39.088128], [-86.011136, 39.1534080000001]]}, "properties": {"FID": 28591, "TYPEPIPE": "Interstate", "Operator": "Texas Gas Transmission Co", "Status": "Operating", "Shape_Leng": 0.0947023551133, "Shape__Length": 12085.823064357483}}, {"type": "Feature", "id": 28594, "geometry": {"type": "LineString", "coordinates": [[-86.011136, 39.1534080000001], [-86.035712, 39.34464]]}, "properties": {"FID": 28594, "TYPEPIPE": "Interstate", "Operator": "Texas Gas Transmission Co", "Status": "Operating", "Shape_Leng": 0.192804713635, "Shape__Length": 27625.182168274892}}, {"type": "Feature", "id": 28598, "geometry": {"type": "LineString", "coordinates": [[-86.035712, 39.34464], [-86.127212, 39.542539], [-86.158336, 39.609856]]}, "properties": {"FID": 28598, "TYPEPIPE": "Interstate", "Operator": "Texas Gas Transmission Co", "Status": "Operating", "Shape_Leng": 0.292192012267, "Shape__Length": 40612.1276849264}}, {"type": "Feature", "id": 28601, "geometry": {"type": "LineString", "coordinates": [[-86.192896, 37.8406400000001], [-86.1053879999999, 37.873098], [-86.0761429999999, 37.883945], [-85.9816959999999, 37.9189760000001]]}, "properties": {"FID": 28601, "TYPEPIPE": "Interstate", "Operator": "Texas Gas Transmission Co", "Status": "Operating", "Shape_Leng": 0.225259780913, "Shape__Length": 25977.181170498858}}, {"type": "Feature", "id": 28604, "geometry": {"type": "LineString", "coordinates": [[-85.9816959999999, 37.9189760000001], [-85.903104, 37.9581440000001]]}, "properties": {"FID": 28604, "TYPEPIPE": "Interstate", "Operator": "Texas Gas Transmission Co", "Status": "Operating", "Shape_Leng": 0.0878113585363, "Shape__Length": 10349.210067058451}}, {"type": "Feature", "id": 28608, "geometry": {"type": "LineString", "coordinates": [[-85.903104, 37.9581440000001], [-85.80992, 38.0582400000001]]}, "properties": {"FID": 28608, "TYPEPIPE": "Interstate", "Operator": "Texas Gas Transmission Co", "Status": "Operating", "Shape_Leng": 0.136756963523, "Shape__Length": 17538.342366651814}}, {"type": "Feature", "id": 28610, "geometry": {"type": "LineString", "coordinates": [[-85.80992, 38.0582400000001], [-85.799806, 38.064063], [-85.7671119999999, 38.082887], [-85.676594, 38.135004], [-85.674167, 38.136401], [-85.612628, 38.171832], [-85.59872, 38.1798400000001]]}, "properties": {"FID": 28610, "TYPEPIPE": "Interstate", "Operator": "Texas Gas Transmission Co", "Status": "Operating", "Shape_Leng": 0.243704739413, "Shape__Length": 29134.130031533077}}, {"type": "Feature", "id": 28613, "geometry": {"type": "LineString", "coordinates": [[-85.59872, 38.1798400000001], [-85.558184, 38.2205680000001], [-85.531189, 38.247691], [-85.490688, 38.2883840000001]]}, "properties": {"FID": 28613, "TYPEPIPE": "Interstate", "Operator": "Texas Gas Transmission Co", "Status": "Operating", "Shape_Leng": 0.153142786183, "Shape__Length": 19525.85281462421}}, {"type": "Feature", "id": 28617, "geometry": {"type": "LineString", "coordinates": [[-85.490688, 38.2883840000001], [-85.4794899999999, 38.305826], [-85.3948559999999, 38.437646], [-85.379133, 38.462136], [-85.37771, 38.4643520000001], [-85.348352, 38.5100800000001]]}, "properties": {"FID": 28617, "TYPEPIPE": "Interstate", "Operator": "Texas Gas Transmission Co", "Status": "Operating", "Shape_Leng": 0.263455220717, "Shape__Length": 35252.02456156645}}, {"type": "Feature", "id": 28620, "geometry": {"type": "LineString", "coordinates": [[-85.348352, 38.5100800000001], [-85.2752829999999, 38.631788], [-85.264896, 38.6490880000001]]}, "properties": {"FID": 28620, "TYPEPIPE": "Interstate", "Operator": "Texas Gas Transmission Co", "Status": "Operating", "Shape_Leng": 0.162136140335, "Shape__Length": 21866.336976076404}}, {"type": "Feature", "id": 28623, "geometry": {"type": "LineString", "coordinates": [[-85.264896, 38.6490880000001], [-85.253958, 38.6673190000001], [-85.233817, 38.700886], [-85.225728, 38.714368]]}, "properties": {"FID": 28623, "TYPEPIPE": "Interstate", "Operator": "Texas Gas Transmission Co", "Status": "Operating", "Shape_Leng": 0.0761289079523, "Shape__Length": 10279.58170183454}}, {"type": "Feature", "id": 28626, "geometry": {"type": "LineString", "coordinates": [[-85.227152, 38.712112], [-85.0869259999999, 38.874352], [-85.06368, 38.9012480000001]]}, "properties": {"FID": 28626, "TYPEPIPE": "Interstate", "Operator": "Texas Gas Transmission Co", "Status": "Operating", "Shape_Leng": 0.249991042402, "Shape__Length": 32575.314513163605}}, {"type": "Feature", "id": 28629, "geometry": {"type": "LineString", "coordinates": [[-85.06368, 38.9012480000001], [-85.009032, 38.9917110000001], [-85.005461, 38.997623]]}, "properties": {"FID": 28629, "TYPEPIPE": "Interstate", "Operator": "Texas Gas Transmission Co", "Status": "Operating", "Shape_Leng": 0.11259481599, "Shape__Length": 15241.567557577466}}, {"type": "Feature", "id": 28632, "geometry": {"type": "LineString", "coordinates": [[-85.005461, 38.997623], [-84.9653759999999, 39.075072]]}, "properties": {"FID": 28632, "TYPEPIPE": "Interstate", "Operator": "Texas Gas Transmission Co", "Status": "Operating", "Shape_Leng": 0.087207538814, "Shape__Length": 11962.983088076973}}, {"type": "Feature", "id": 28635, "geometry": {"type": "LineString", "coordinates": [[-84.8192759999999, 39.2332040000001], [-84.7963809999999, 39.242711], [-84.763662, 39.2562970000001], [-84.7291549999999, 39.270626], [-84.695106, 39.2847650000001], [-84.624896, 39.31392]]}, "properties": {"FID": 28635, "TYPEPIPE": "Interstate", "Operator": "Texas Gas Transmission Co", "Status": "Operating", "Shape_Leng": 0.210472461519, "Shape__Length": 24554.73621339729}}, {"type": "Feature", "id": 28639, "geometry": {"type": "LineString", "coordinates": [[-84.9653759999999, 39.075072], [-84.916393, 39.1280890000001], [-84.8875439999999, 39.1593140000001], [-84.8653849999999, 39.183298], [-84.8419249999999, 39.20869], [-84.8192759999999, 39.2332040000001]]}, "properties": {"FID": 28639, "TYPEPIPE": "Interstate", "Operator": "Texas Gas Transmission Co", "Status": "Operating", "Shape_Leng": 0.215292683165, "Shape__Length": 27925.399859406774}}, {"type": "Feature", "id": 28648, "geometry": {"type": "LineString", "coordinates": [[-86.4383999999999, 37.7756160000001], [-86.441024, 37.7876350000001]]}, "properties": {"FID": 28648, "TYPEPIPE": "Interstate", "Operator": "Texas Gas Transmission Co", "Status": "Operating", "Shape_Leng": 0.0123021029503, "Shape__Length": 1717.8693488453769}}, {"type": "Feature", "id": 28651, "geometry": {"type": "LineString", "coordinates": [[-86.4383999999999, 37.7756160000001], [-86.417588, 37.781127]]}, "properties": {"FID": 28651, "TYPEPIPE": "Interstate", "Operator": "Texas Gas Transmission Co", "Status": "Operating", "Shape_Leng": 0.0215292931839, "Shape__Length": 2443.344029869771}}, {"type": "Feature", "id": 28661, "geometry": {"type": "LineString", "coordinates": [[-88.9787709999999, 36.9243030000001], [-88.950418, 37.0773080000001], [-88.943531, 37.1021680000001], [-88.940108, 37.1145250000001], [-88.9205699999999, 37.217162], [-88.919201, 37.2243510000001], [-88.918809, 37.226413]]}, "properties": {"FID": 28661, "TYPEPIPE": "Interstate", "Operator": "Trunkline Gas Co", "Status": "Operating", "Shape_Leng": 0.3081257039, "Shape__Length": 42688.52968618601}}, {"type": "Feature", "id": 28664, "geometry": {"type": "LineString", "coordinates": [[-87.780336, 40.3987670000001], [-87.719776, 40.4366870000001]]}, "properties": {"FID": 28664, "TYPEPIPE": "Interstate", "Operator": "Trunkline Gas Co", "Status": "Operating", "Shape_Leng": 0.0714523617524, "Shape__Length": 8728.653288629572}}, {"type": "Feature", "id": 28667, "geometry": {"type": "LineString", "coordinates": [[-87.864393, 40.3385490000001], [-87.780336, 40.3987670000001]]}, "properties": {"FID": 28667, "TYPEPIPE": "Interstate", "Operator": "Trunkline Gas Co", "Status": "Operating", "Shape_Leng": 0.103401096575, "Shape__Length": 12844.015171436726}}, {"type": "Feature", "id": 28670, "geometry": {"type": "LineString", "coordinates": [[-88.024485, 40.2050790000001], [-87.998791, 40.227418], [-87.91509, 40.30019], [-87.898852, 40.314308]]}, "properties": {"FID": 28670, "TYPEPIPE": "Interstate", "Operator": "Trunkline Gas Co", "Status": "Operating", "Shape_Leng": 0.166477100918, "Shape__Length": 21200.75494786756}}, {"type": "Feature", "id": 28673, "geometry": {"type": "LineString", "coordinates": [[-88.294703, 39.9351730000001], [-88.199759, 40.0237080000001]]}, "properties": {"FID": 28673, "TYPEPIPE": "Interstate", "Operator": "Trunkline Gas Co", "Status": "Operating", "Shape_Leng": 0.129818370661, "Shape__Length": 16647.283600335406}}, {"type": "Feature", "id": 28675, "geometry": {"type": "LineString", "coordinates": [[-88.386403, 39.861151], [-88.294703, 39.9351730000001]]}, "properties": {"FID": 28675, "TYPEPIPE": "Interstate", "Operator": "Trunkline Gas Co", "Status": "Operating", "Shape_Leng": 0.117847980398, "Shape__Length": 14817.736417845013}}, {"type": "Feature", "id": 28678, "geometry": {"type": "LineString", "coordinates": [[-87.719776, 40.4366870000001], [-87.644235, 40.4853340000001], [-87.5595509999999, 40.5398690000001]]}, "properties": {"FID": 28678, "TYPEPIPE": "Interstate", "Operator": "Trunkline Gas Co", "Status": "Operating", "Shape_Leng": 0.190574331296, "Shape__Length": 23371.342378760375}}, {"type": "Feature", "id": 28680, "geometry": {"type": "LineString", "coordinates": [[-86.1345229999999, 41.480599], [-86.0575019999999, 41.523713]]}, "properties": {"FID": 28680, "TYPEPIPE": "Interstate", "Operator": "Trunkline Gas Co", "Status": "Operating", "Shape_Leng": 0.0882669328628, "Shape__Length": 10704.189964657355}}, {"type": "Feature", "id": 28684, "geometry": {"type": "LineString", "coordinates": [[-86.471302, 41.2865840000001], [-86.234706, 41.4228840000001], [-86.1345229999999, 41.480599]]}, "properties": {"FID": 28684, "TYPEPIPE": "Interstate", "Operator": "Trunkline Gas Co", "Status": "Operating", "Shape_Leng": 0.388666843283, "Shape__Length": 47266.29910104738}}, {"type": "Feature", "id": 28685, "geometry": {"type": "LineString", "coordinates": [[-86.5453019999999, 41.2440360000001], [-86.471302, 41.2865840000001]]}, "properties": {"FID": 28685, "TYPEPIPE": "Interstate", "Operator": "Trunkline Gas Co", "Status": "Operating", "Shape_Leng": 0.0853600158388, "Shape__Length": 10371.332197467658}}, {"type": "Feature", "id": 28688, "geometry": {"type": "LineString", "coordinates": [[-86.611143, 41.2062240000001], [-86.5453019999999, 41.2440360000001]]}, "properties": {"FID": 28688, "TYPEPIPE": "Interstate", "Operator": "Trunkline Gas Co", "Status": "Operating", "Shape_Leng": 0.0759261787857, "Shape__Length": 9221.704126053868}}, {"type": "Feature", "id": 28690, "geometry": {"type": "LineString", "coordinates": [[-87.5595509999999, 40.5398690000001], [-87.5264559999999, 40.565146], [-87.5210539999999, 40.5699720000001]]}, "properties": {"FID": 28690, "TYPEPIPE": "Interstate", "Operator": "Trunkline Gas Co", "Status": "Operating", "Shape_Leng": 0.0488875437534, "Shape__Length": 6152.043181253418}}, {"type": "Feature", "id": 28693, "geometry": {"type": "LineString", "coordinates": [[-87.5210539999999, 40.5699720000001], [-87.274663, 40.749263]]}, "properties": {"FID": 28693, "TYPEPIPE": "Interstate", "Operator": "Trunkline Gas Co", "Status": "Operating", "Shape_Leng": 0.304719194607, "Shape__Length": 38006.8151514939}}, {"type": "Feature", "id": 28695, "geometry": {"type": "LineString", "coordinates": [[-87.3457759999999, 39.7983360000001], [-87.348336, 39.8188410000001], [-87.351552, 39.844608]]}, "properties": {"FID": 28695, "TYPEPIPE": "Interstate", "Operator": "Texas Gas Transmission Co", "Status": "Operating", "Shape_Leng": 0.0466311072215, "Shape__Length": 6737.37082170911}}, {"type": "Feature", "id": 28700, "geometry": {"type": "LineString", "coordinates": [[-87.30654, 38.725219], [-87.2842239999999, 38.74944]]}, "properties": {"FID": 28700, "TYPEPIPE": "Interstate", "Operator": "Texas Gas Transmission Co", "Status": "Operating", "Shape_Leng": 0.0329341873591, "Shape__Length": 4256.72844372187}}, {"type": "Feature", "id": 28704, "geometry": {"type": "LineString", "coordinates": [[-87.414272, 38.3458880000001], [-87.414272, 38.380032]]}, "properties": {"FID": 28704, "TYPEPIPE": "Interstate", "Operator": "Texas Gas Transmission Co", "Status": "Operating", "Shape_Leng": 0.034144, "Shape__Length": 4847.491136206314}}, {"type": "Feature", "id": 28705, "geometry": {"type": "LineString", "coordinates": [[-87.898852, 40.314308], [-87.864393, 40.3385490000001]]}, "properties": {"FID": 28705, "TYPEPIPE": "Interstate", "Operator": "Trunkline Gas Co", "Status": "Operating", "Shape_Leng": 0.0421313275604, "Shape__Length": 5219.525786091319}}, {"type": "Feature", "id": 28715, "geometry": {"type": "LineString", "coordinates": [[-87.539667, 37.539524], [-87.539705, 37.6295900000001], [-87.539707, 37.634936], [-87.539712, 37.645312]]}, "properties": {"FID": 28715, "TYPEPIPE": "Interstate", "Operator": "Texas Gas Transmission Co", "Status": "Operating", "Shape_Leng": 0.105788009595, "Shape__Length": 14862.078332830724}}, {"type": "Feature", "id": 28718, "geometry": {"type": "LineString", "coordinates": [[-87.53966, 37.522948], [-87.539667, 37.539524]]}, "properties": {"FID": 28718, "TYPEPIPE": "Interstate", "Operator": "Texas Gas Transmission Co", "Status": "Operating", "Shape_Leng": 0.016576001478, "Shape__Length": 2326.8377484002513}}, {"type": "Feature", "id": 28733, "geometry": {"type": "LineString", "coordinates": [[-88.224768, 36.967424], [-88.205498, 36.9889850000001], [-88.111305, 37.0943790000001], [-88.08757, 37.120936], [-88.04608, 37.16736]]}, "properties": {"FID": 28733, "TYPEPIPE": "Interstate", "Operator": "Texas Gas Transmission Co", "Status": "Operating", "Shape_Leng": 0.268148849413, "Shape__Length": 34259.37603683806}}, {"type": "Feature", "id": 28736, "geometry": {"type": "LineString", "coordinates": [[-88.04608, 37.16736], [-87.888438, 37.2751240000001], [-87.8257, 37.3180110000001], [-87.80416, 37.3327360000001]]}, "properties": {"FID": 28736, "TYPEPIPE": "Interstate", "Operator": "Texas Gas Transmission Co", "Status": "Operating", "Shape_Leng": 0.293043525398, "Shape__Length": 35498.33733273549}}, {"type": "Feature", "id": 28739, "geometry": {"type": "LineString", "coordinates": [[-87.518698, 37.5303680000001], [-87.5226709999999, 37.518563], [-87.525546, 37.5098820000001], [-87.532372, 37.489271], [-87.538176, 37.4717440000001]]}, "properties": {"FID": 28739, "TYPEPIPE": "Interstate", "Operator": "Texas Gas Transmission Co", "Status": "Operating", "Shape_Leng": 0.0617752399579, "Shape__Length": 8506.933096971687}}, {"type": "Feature", "id": 28742, "geometry": {"type": "LineString", "coordinates": [[-87.53966, 37.522948], [-87.518698, 37.5303680000001]]}, "properties": {"FID": 28742, "TYPEPIPE": "Interstate", "Operator": "Texas Gas Transmission Co", "Status": "Operating", "Shape_Leng": 0.0222364980157, "Shape__Length": 2555.3607981606306}}, {"type": "Feature", "id": 28744, "geometry": {"type": "LineString", "coordinates": [[-87.538176, 37.4717440000001], [-87.539907, 37.459274], [-87.5502069999999, 37.3850690000001], [-87.5567149999999, 37.3381800000001], [-87.571968, 37.2282880000001]]}, "properties": {"FID": 28744, "TYPEPIPE": "Interstate", "Operator": "Texas Gas Transmission Co", "Status": "Operating", "Shape_Leng": 0.245789998171, "Shape__Length": 34299.161851268895}}, {"type": "Feature", "id": 28757, "geometry": {"type": "LineString", "coordinates": [[-87.491584, 37.4848000000001], [-87.518698, 37.5303680000001]]}, "properties": {"FID": 28757, "TYPEPIPE": "Interstate", "Operator": "Texas Gas Transmission Co", "Status": "Operating", "Shape_Leng": 0.0530246322005, "Shape__Length": 7071.085933632091}}, {"type": "Feature", "id": 28760, "geometry": {"type": "LineString", "coordinates": [[-87.539712, 37.645312], [-87.650816, 37.66272]]}, "properties": {"FID": 28760, "TYPEPIPE": "Interstate", "Operator": "Texas Gas Transmission Co", "Status": "Operating", "Shape_Leng": 0.112459491729, "Shape__Length": 12607.913703266051}}, {"type": "Feature", "id": 28762, "geometry": {"type": "LineString", "coordinates": [[-86.0575019999999, 41.523713], [-85.988211, 41.564147], [-85.908848, 41.6109900000001]]}, "properties": {"FID": 28762, "TYPEPIPE": "Interstate", "Operator": "Trunkline Gas Co", "Status": "Operating", "Shape_Leng": 0.172381756471, "Shape__Length": 21035.03780891382}}, {"type": "Feature", "id": 28764, "geometry": {"type": "LineString", "coordinates": [[-87.539712, 37.645312], [-87.5430669999999, 37.732374], [-87.5445759999999, 37.7715200000001]]}, "properties": {"FID": 28764, "TYPEPIPE": "Interstate", "Operator": "Texas Gas Transmission Co", "Status": "Operating", "Shape_Leng": 0.126301693419, "Shape__Length": 17766.839470849794}}, {"type": "Feature", "id": 28765, "geometry": {"type": "LineString", "coordinates": [[-85.908848, 41.6109900000001], [-85.720534, 41.72344], [-85.6619039999999, 41.753316]]}, "properties": {"FID": 28765, "TYPEPIPE": "Interstate", "Operator": "Trunkline Gas Co", "Status": "Operating", "Shape_Leng": 0.285136589121, "Shape__Length": 34740.76097828106}}, {"type": "Feature", "id": 28767, "geometry": {"type": "LineString", "coordinates": [[-87.5445759999999, 37.7715200000001], [-87.531193, 37.765493], [-87.400192, 37.7064960000001]]}, "properties": {"FID": 28767, "TYPEPIPE": "Interstate", "Operator": "Texas Gas Transmission Co", "Status": "Operating", "Shape_Leng": 0.158350434266, "Shape__Length": 18496.35216118471}}, {"type": "Feature", "id": 28768, "geometry": {"type": "LineString", "coordinates": [[-87.274663, 40.749263], [-87.185555, 40.8139390000001], [-87.119814, 40.861655], [-87.077532, 40.892344]]}, "properties": {"FID": 28768, "TYPEPIPE": "Interstate", "Operator": "Trunkline Gas Co", "Status": "Operating", "Shape_Leng": 0.243583258296, "Shape__Length": 30406.43626175397}}, {"type": "Feature", "id": 28771, "geometry": {"type": "LineString", "coordinates": [[-87.077532, 40.892344], [-87.007394, 40.9430970000001], [-86.932736, 40.9971200000001]]}, "properties": {"FID": 28771, "TYPEPIPE": "Interstate", "Operator": "Trunkline Gas Co", "Status": "Operating", "Shape_Leng": 0.178728542187, "Shape__Length": 22321.50922982541}}, {"type": "Feature", "id": 28772, "geometry": {"type": "LineString", "coordinates": [[-87.5445759999999, 37.7715200000001], [-87.615562, 37.777094], [-87.6470639999999, 37.779568], [-87.655424, 37.780224]]}, "properties": {"FID": 28772, "TYPEPIPE": "Interstate", "Operator": "Texas Gas Transmission Co", "Status": "Operating", "Shape_Leng": 0.111189202368, "Shape__Length": 12400.282996586171}}, {"type": "Feature", "id": 28774, "geometry": {"type": "LineString", "coordinates": [[-86.9347309999999, 40.9966590000001], [-86.7709409999999, 41.1068470000001]]}, "properties": {"FID": 28774, "TYPEPIPE": "Interstate", "Operator": "Trunkline Gas Co", "Status": "Operating", "Shape_Leng": 0.19740455781, "Shape__Length": 24433.770463649194}}, {"type": "Feature", "id": 28776, "geometry": {"type": "LineString", "coordinates": [[-87.518432, 37.911024], [-87.501312, 37.9671040000001]]}, "properties": {"FID": 28776, "TYPEPIPE": "Interstate", "Operator": "Texas Gas Transmission Co", "Status": "Operating", "Shape_Leng": 0.0586349793212, "Shape__Length": 8141.840434964549}}, {"type": "Feature", "id": 28777, "geometry": {"type": "LineString", "coordinates": [[-86.7709409999999, 41.1068470000001], [-86.695984, 41.153462], [-86.611143, 41.2062240000001]]}, "properties": {"FID": 28777, "TYPEPIPE": "Interstate", "Operator": "Trunkline Gas Co", "Status": "Operating", "Shape_Leng": 0.188178609127, "Shape__Length": 23072.079514091733}}, {"type": "Feature", "id": 28778, "geometry": {"type": "LineString", "coordinates": [[-87.5445759999999, 37.7715200000001], [-87.53876, 37.802557], [-87.518432, 37.911024]]}, "properties": {"FID": 28778, "TYPEPIPE": "Interstate", "Operator": "Texas Gas Transmission Co", "Status": "Operating", "Shape_Leng": 0.141932641607, "Shape__Length": 19878.95485788234}}, {"type": "Feature", "id": 28781, "geometry": {"type": "LineString", "coordinates": [[-87.501312, 37.9671040000001], [-87.4813559999999, 37.9671040000001], [-87.443456, 37.9671040000001]]}, "properties": {"FID": 28781, "TYPEPIPE": "Interstate", "Operator": "Texas Gas Transmission Co", "Status": "Operating", "Shape_Leng": 0.057856, "Shape__Length": 6440.500459337607}}, {"type": "Feature", "id": 28784, "geometry": {"type": "LineString", "coordinates": [[-87.443456, 37.9671040000001], [-87.41741, 38.044557], [-87.414272, 38.053888]]}, "properties": {"FID": 28784, "TYPEPIPE": "Interstate", "Operator": "Texas Gas Transmission Co", "Status": "Operating", "Shape_Leng": 0.0915596445612, "Shape__Length": 12684.515716794409}}, {"type": "Feature", "id": 28787, "geometry": {"type": "LineString", "coordinates": [[-87.414272, 38.053888], [-87.399616, 38.053888], [-87.37164, 38.053888], [-87.3367029999999, 38.053888], [-87.305035, 38.053888], [-87.274752, 38.053888]]}, "properties": {"FID": 28787, "TYPEPIPE": "Interstate", "Operator": "Texas Gas Transmission Co", "Status": "Operating", "Shape_Leng": 0.13952, "Shape__Length": 15531.295355478302}}, {"type": "Feature", "id": 28792, "geometry": {"type": "LineString", "coordinates": [[-87.414272, 38.053888], [-87.414272, 38.1816620000001], [-87.414272, 38.197504]]}, "properties": {"FID": 28792, "TYPEPIPE": "Interstate", "Operator": "Texas Gas Transmission Co", "Status": "Operating", "Shape_Leng": 0.143616, "Shape__Length": 20323.01834784262}}, {"type": "Feature", "id": 28795, "geometry": {"type": "LineString", "coordinates": [[-87.414272, 38.197504], [-87.414272, 38.3233930000001], [-87.414272, 38.3458880000001]]}, "properties": {"FID": 28795, "TYPEPIPE": "Interstate", "Operator": "Texas Gas Transmission Co", "Status": "Operating", "Shape_Leng": 0.148384, "Shape__Length": 21039.881611358374}}, {"type": "Feature", "id": 28798, "geometry": {"type": "LineString", "coordinates": [[-87.414272, 38.380032], [-87.414272, 38.458112]]}, "properties": {"FID": 28798, "TYPEPIPE": "Interstate", "Operator": "Texas Gas Transmission Co", "Status": "Operating", "Shape_Leng": 0.07808, "Shape__Length": 11093.778467233293}}, {"type": "Feature", "id": 28803, "geometry": {"type": "LineString", "coordinates": [[-87.414272, 38.458112], [-87.212032, 38.458112]]}, "properties": {"FID": 28803, "TYPEPIPE": "Interstate", "Operator": "Texas Gas Transmission Co", "Status": "Operating", "Shape_Leng": 0.20224, "Shape__Length": 22513.253818033263}}, {"type": "Feature", "id": 28807, "geometry": {"type": "LineString", "coordinates": [[-87.414272, 38.458112], [-87.4139299999999, 38.4639300000001], [-87.4126019999999, 38.4865070000001], [-87.409664, 38.5364480000001]]}, "properties": {"FID": 28807, "TYPEPIPE": "Interstate", "Operator": "Texas Gas Transmission Co", "Status": "Operating", "Shape_Leng": 0.0784714123799, "Shape__Length": 11154.02610542256}}, {"type": "Feature", "id": 28810, "geometry": {"type": "LineString", "coordinates": [[-87.409664, 38.5364480000001], [-87.409664, 38.591555], [-87.409664, 38.614784]]}, "properties": {"FID": 28810, "TYPEPIPE": "Interstate", "Operator": "Texas Gas Transmission Co", "Status": "Operating", "Shape_Leng": 0.078336, "Shape__Length": 11154.364678638056}}, {"type": "Feature", "id": 28813, "geometry": {"type": "LineString", "coordinates": [[-87.409664, 38.614784], [-87.373792, 38.653199], [-87.30654, 38.725219]]}, "properties": {"FID": 28813, "TYPEPIPE": "Interstate", "Operator": "Texas Gas Transmission Co", "Status": "Operating", "Shape_Leng": 0.151097480459, "Shape__Length": 19486.16699596684}}, {"type": "Feature", "id": 28817, "geometry": {"type": "LineString", "coordinates": [[-87.2842239999999, 38.74944], [-87.2842239999999, 38.857984]]}, "properties": {"FID": 28817, "TYPEPIPE": "Interstate", "Operator": "Texas Gas Transmission Co", "Status": "Operating", "Shape_Leng": 0.108544, "Shape__Length": 15505.078616093844}}, {"type": "Feature", "id": 28821, "geometry": {"type": "LineString", "coordinates": [[-87.2842239999999, 38.857984], [-87.282944, 38.9012480000001]]}, "properties": {"FID": 28821, "TYPEPIPE": "Interstate", "Operator": "Texas Gas Transmission Co", "Status": "Operating", "Shape_Leng": 0.0432829307696, "Shape__Length": 6188.325194040115}}, {"type": "Feature", "id": 28824, "geometry": {"type": "LineString", "coordinates": [[-87.282944, 38.9012480000001], [-87.277824, 39.0402560000001]]}, "properties": {"FID": 28824, "TYPEPIPE": "Interstate", "Operator": "Texas Gas Transmission Co", "Status": "Operating", "Shape_Leng": 0.139102259018, "Shape__Length": 19911.648500729174}}, {"type": "Feature", "id": 28827, "geometry": {"type": "LineString", "coordinates": [[-87.277824, 39.0402560000001], [-87.2386559999999, 39.0402560000001]]}, "properties": {"FID": 28827, "TYPEPIPE": "Interstate", "Operator": "Texas Gas Transmission Co", "Status": "Operating", "Shape_Leng": 0.039168, "Shape__Length": 4360.161815391853}}, {"type": "Feature", "id": 28830, "geometry": {"type": "LineString", "coordinates": [[-87.2386559999999, 39.0402560000001], [-87.190415, 39.0284770000001], [-87.096064, 39.0054400000001]]}, "properties": {"FID": 28830, "TYPEPIPE": "Interstate", "Operator": "Texas Gas Transmission Co", "Status": "Operating", "Shape_Leng": 0.146780899031, "Shape__Length": 16638.745123324108}}, {"type": "Feature", "id": 28833, "geometry": {"type": "LineString", "coordinates": [[-87.277824, 39.0402560000001], [-87.280093, 39.0787750000001], [-87.287808, 39.209728]]}, "properties": {"FID": 28833, "TYPEPIPE": "Interstate", "Operator": "Texas Gas Transmission Co", "Status": "Operating", "Shape_Leng": 0.169765835904, "Shape__Length": 24343.83224903088}}, {"type": "Feature", "id": 28835, "geometry": {"type": "LineString", "coordinates": [[-87.287808, 39.209728], [-87.287808, 39.2619520000001]]}, "properties": {"FID": 28835, "TYPEPIPE": "Interstate", "Operator": "Texas Gas Transmission Co", "Status": "Operating", "Shape_Leng": 0.052224, "Shape__Length": 7505.722245154902}}, {"type": "Feature", "id": 28837, "geometry": {"type": "LineString", "coordinates": [[-88.3438599999999, 40.296473], [-88.0757409999999, 40.1520390000001]]}, "properties": {"FID": 28837, "TYPEPIPE": "Interstate", "Operator": "Trunkline Gas Co", "Status": "Operating", "Shape_Leng": 0.304547169609, "Shape__Length": 36527.78154368518}}, {"type": "Feature", "id": 28839, "geometry": {"type": "LineString", "coordinates": [[-87.287808, 39.2619520000001], [-87.290155, 39.301118], [-87.2933629999999, 39.354647], [-87.3022329999999, 39.5026250000001], [-87.3024, 39.505408]]}, "properties": {"FID": 28839, "TYPEPIPE": "Interstate", "Operator": "Texas Gas Transmission Co", "Status": "Operating", "Shape_Leng": 0.243892907658, "Shape__Length": 35101.57612419542}}, {"type": "Feature", "id": 28840, "geometry": {"type": "LineString", "coordinates": [[-86.611143, 41.2062240000001], [-86.158153, 41.4673040000001], [-85.908848, 41.6109900000001], [-85.720534, 41.72344], [-85.6619039999999, 41.753316]]}, "properties": {"FID": 28840, "TYPEPIPE": "Interstate", "Operator": "Trunkline Gas Co", "Status": "Operating", "Shape_Leng": 1.09572512949, "Shape__Length": 133337.14502487364}}, {"type": "Feature", "id": 28842, "geometry": {"type": "LineString", "coordinates": [[-87.3024, 39.505408], [-87.2386559999999, 39.5010560000001]]}, "properties": {"FID": 28842, "TYPEPIPE": "Interstate", "Operator": "Texas Gas Transmission Co", "Status": "Operating", "Shape_Leng": 0.0638923895312, "Shape__Length": 7123.673907644254}}, {"type": "Feature", "id": 28845, "geometry": {"type": "LineString", "coordinates": [[-87.2386559999999, 39.5010560000001], [-87.086336, 39.4749440000001]]}, "properties": {"FID": 28845, "TYPEPIPE": "Interstate", "Operator": "Texas Gas Transmission Co", "Status": "Operating", "Shape_Leng": 0.154541964993, "Shape__Length": 17369.462505464584}}, {"type": "Feature", "id": 28849, "geometry": {"type": "LineString", "coordinates": [[-87.086336, 39.4749440000001], [-86.948864, 39.4534400000001]]}, "properties": {"FID": 28849, "TYPEPIPE": "Interstate", "Operator": "Texas Gas Transmission Co", "Status": "Operating", "Shape_Leng": 0.139143712758, "Shape__Length": 15614.28120609733}}, {"type": "Feature", "id": 28851, "geometry": {"type": "LineString", "coordinates": [[-86.948864, 39.4534400000001], [-86.781952, 39.4664960000001]]}, "properties": {"FID": 28851, "TYPEPIPE": "Interstate", "Operator": "Texas Gas Transmission Co", "Status": "Operating", "Shape_Leng": 0.167421847081, "Shape__Length": 18675.67444493947}}, {"type": "Feature", "id": 28855, "geometry": {"type": "LineString", "coordinates": [[-86.781952, 39.4664960000001], [-86.7852349999999, 39.4766740000001], [-86.840832, 39.6490240000001]]}, "properties": {"FID": 28855, "TYPEPIPE": "Interstate", "Operator": "Texas Gas Transmission Co", "Status": "Operating", "Shape_Leng": 0.191789794267, "Shape__Length": 27157.431540483376}}, {"type": "Feature", "id": 28857, "geometry": {"type": "LineString", "coordinates": [[-87.3024, 39.505408], [-87.328806, 39.5990910000001], [-87.3318399999999, 39.609856]]}, "properties": {"FID": 28857, "TYPEPIPE": "Interstate", "Operator": "Texas Gas Transmission Co", "Status": "Operating", "Shape_Leng": 0.108517732674, "Shape__Length": 15432.837132789638}}, {"type": "Feature", "id": 28861, "geometry": {"type": "LineString", "coordinates": [[-87.3318399999999, 39.609856], [-87.342211, 39.7501180000001], [-87.3457759999999, 39.7983360000001]]}, "properties": {"FID": 28861, "TYPEPIPE": "Interstate", "Operator": "Texas Gas Transmission Co", "Status": "Operating", "Shape_Leng": 0.188994503878, "Shape__Length": 27315.69990056743}}, {"type": "Feature", "id": 28862, "geometry": {"type": "LineString", "coordinates": [[-120.011215, 40.1816680000001], [-119.995792, 40.1661320000001]]}, "properties": {"FID": 28862, "TYPEPIPE": "Interstate", "Operator": "Tuscarora Pipeline Co", "Status": "Operating", "Shape_Leng": 0.0218914646609, "Shape__Length": 2840.9095508213277}}, {"type": "Feature", "id": 28864, "geometry": {"type": "LineString", "coordinates": [[-87.287808, 39.2619520000001], [-87.410432, 39.253248]]}, "properties": {"FID": 28864, "TYPEPIPE": "Interstate", "Operator": "Texas Gas Transmission Co", "Status": "Operating", "Shape_Leng": 0.122932522109, "Shape__Length": 13707.676765105418}}, {"type": "Feature", "id": 28867, "geometry": {"type": "LineString", "coordinates": [[-87.410432, 39.253248], [-87.400796, 39.346259], [-87.386112, 39.4880000000001]]}, "properties": {"FID": 28867, "TYPEPIPE": "Interstate", "Operator": "Texas Gas Transmission Co", "Status": "Operating", "Shape_Leng": 0.236008397953, "Shape__Length": 33912.279655087375}}, {"type": "Feature", "id": 28869, "geometry": {"type": "LineString", "coordinates": [[-119.995792, 40.1661320000001], [-119.98808, 40.154345], [-119.981069, 40.1476480000001], [-119.977564, 40.1297000000001], [-119.976917, 40.104298], [-119.966406, 40.0903010000001], [-119.962202, 40.087195], [-119.945386, 40.0747700000001], [-119.943284, 40.0701020000001], [-119.930672, 40.0529930000001], [-119.922264, 40.0467810000001], [-119.911753, 40.0359], [-119.901243, 40.03125], [-119.882325, 40.01883], [-119.878121, 40.0172820000001], [-119.867611, 40.0017270000001], [-119.8571, 39.990846], [-119.852896, 39.984624], [-119.83608, 39.9675260000001], [-119.823468, 39.9519750000001], [-119.822382, 39.9488840000001], [-119.813863, 39.931853], [-119.811679, 39.9148220000001], [-119.805271, 39.897792], [-119.800988, 39.883858], [-119.800975, 39.8807610000001], [-119.792456, 39.863731], [-119.78816, 39.8467000000001], [-119.785976, 39.8296690000001], [-119.779568, 39.812639], [-119.777404, 39.800253], [-119.777384, 39.7956080000001], [-119.7752, 39.778578], [-119.764568, 39.7615470000001], [-119.758161, 39.744516], [-119.755977, 39.7274860000001], [-119.755905, 39.710455], [-119.755885, 39.70581], [-119.754431, 39.7011460000001], [-119.750247, 39.6840090000001], [-119.733508, 39.669988], [-119.731416, 39.6668720000001], [-119.710493, 39.6512930000001], [-119.708401, 39.6497350000001], [-119.68957, 39.63883], [-119.677016, 39.632598], [-119.668647, 39.632598], [-119.645631, 39.6294820000001], [-119.624708, 39.6263660000001], [-119.601693, 39.624808], [-119.58077, 39.6263660000001], [-119.559847, 39.6263660000001], [-119.541016, 39.615461], [-119.536831, 39.613903], [-119.534739, 39.598324], [-119.530554, 39.581187], [-119.530554, 39.5640500000001]]}, "properties": {"FID": 28869, "TYPEPIPE": "Interstate", "Operator": "Tuscarora Pipeline Co", "Status": "Operating", "Shape_Leng": 0.852960600879, "Shape__Length": 112558.58687435291}}, {"type": "Feature", "id": 28870, "geometry": {"type": "LineString", "coordinates": [[-87.386112, 39.4880000000001], [-87.3024, 39.505408]]}, "properties": {"FID": 28870, "TYPEPIPE": "Interstate", "Operator": "Texas Gas Transmission Co", "Status": "Operating", "Shape_Leng": 0.0855028502917, "Shape__Length": 9651.222036522244}}, {"type": "Feature", "id": 28872, "geometry": {"type": "LineString", "coordinates": [[-119.961439, 40.188098], [-119.981069, 40.1476480000001]]}, "properties": {"FID": 28872, "TYPEPIPE": "Interstate", "Operator": "Tuscarora Pipeline Co", "Status": "Operating", "Shape_Leng": 0.0449615324472, "Shape__Length": 6284.727325683171}}, {"type": "Feature", "id": 28874, "geometry": {"type": "LineString", "coordinates": [[-87.80416, 37.3327360000001], [-87.609028, 37.473062], [-87.6079329999999, 37.47385], [-87.53966, 37.522948]]}, "properties": {"FID": 28874, "TYPEPIPE": "Interstate", "Operator": "Texas Gas Transmission Co", "Status": "Operating", "Shape_Leng": 0.325792656443, "Shape__Length": 39722.9584556153}}, {"type": "Feature", "id": 28875, "geometry": {"type": "LineString", "coordinates": [[-119.896909, 40.3698240000001], [-119.941809, 40.217028], [-119.961439, 40.188098]]}, "properties": {"FID": 28875, "TYPEPIPE": "Interstate", "Operator": "Tuscarora Pipeline Co", "Status": "Operating", "Shape_Leng": 0.194217630755, "Shape__Length": 27602.474693385768}}, {"type": "Feature", "id": 28881, "geometry": {"type": "LineString", "coordinates": [[-119.755977, 39.7274860000001], [-119.843691, 39.629741], [-119.921182, 39.5376390000001]]}, "properties": {"FID": 28881, "TYPEPIPE": "Interstate", "Operator": "Tuscarora Pipeline Co", "Status": "Operating", "Shape_Leng": 0.251695582859, "Shape__Length": 33037.111709171724}}, {"type": "Feature", "id": 28883, "geometry": {"type": "LineString", "coordinates": [[-87.518698, 37.5303680000001], [-87.479184, 37.543664]]}, "properties": {"FID": 28883, "TYPEPIPE": "Interstate", "Operator": "Texas Gas Transmission Co", "Status": "Operating", "Shape_Leng": 0.0416910039697, "Shape__Length": 4778.326304255435}}, {"type": "Feature", "id": 28886, "geometry": {"type": "LineString", "coordinates": [[-86.79168, 39.088128], [-86.8230149999999, 39.0963160000001], [-86.8530689999999, 39.1041700000001], [-86.8834859999999, 39.1121180000001], [-86.956484, 39.1311940000001], [-86.9658459999999, 39.1336400000001], [-86.993775, 39.1409380000001], [-87.068098, 39.16036], [-87.0914559999999, 39.1664640000001]]}, "properties": {"FID": 28886, "TYPEPIPE": "Interstate", "Operator": "Texas Gas Transmission Co", "Status": "Operating", "Shape_Leng": 0.309842184159, "Shape__Length": 35213.38735645008}}, {"type": "Feature", "id": 28889, "geometry": {"type": "LineString", "coordinates": [[-87.0914559999999, 39.1664640000001], [-87.118006, 39.1766220000001], [-87.2386559999999, 39.222784]]}, "properties": {"FID": 28889, "TYPEPIPE": "Interstate", "Operator": "Texas Gas Transmission Co", "Status": "Operating", "Shape_Leng": 0.157606416114, "Shape__Length": 18274.32744384333}}, {"type": "Feature", "id": 28891, "geometry": {"type": "LineString", "coordinates": [[-87.2386559999999, 39.222784], [-87.287808, 39.2619520000001]]}, "properties": {"FID": 28891, "TYPEPIPE": "Interstate", "Operator": "Texas Gas Transmission Co", "Status": "Operating", "Shape_Leng": 0.0628494337922, "Shape__Length": 7850.666234565552}}, {"type": "Feature", "id": 28894, "geometry": {"type": "LineString", "coordinates": [[-87.527765, 38.818178], [-87.55665, 38.7854800000001], [-87.576685, 38.762801], [-87.6000089999999, 38.7363990000001], [-87.630918, 38.7014110000001], [-87.6460509999999, 38.684281], [-87.654016, 38.675264]]}, "properties": {"FID": 28894, "TYPEPIPE": "Interstate", "Operator": "Texas Gas Transmission Co", "Status": "Operating", "Shape_Leng": 0.190692753934, "Shape__Length": 24771.25459962191}}, {"type": "Feature", "id": 28897, "geometry": {"type": "LineString", "coordinates": [[-87.2842239999999, 38.857984], [-87.404168, 38.8728350000001], [-87.528192, 38.8881920000001]]}, "properties": {"FID": 28897, "TYPEPIPE": "Interstate", "Operator": "Texas Gas Transmission Co", "Status": "Operating", "Shape_Leng": 0.245831056396, "Shape__Length": 27499.72167072301}}, {"type": "Feature", "id": 28901, "geometry": {"type": "LineString", "coordinates": [[-87.410432, 39.253248], [-87.4164, 39.250496]]}, "properties": {"FID": 28901, "TYPEPIPE": "Interstate", "Operator": "Texas Gas Transmission Co", "Status": "Operating", "Shape_Leng": 0.0065719500911, "Shape__Length": 773.2247104354635}}, {"type": "Feature", "id": 28904, "geometry": {"type": "LineString", "coordinates": [[-87.528192, 38.8881920000001], [-87.52624, 38.879808]]}, "properties": {"FID": 28904, "TYPEPIPE": "Interstate", "Operator": "Texas Gas Transmission Co", "Status": "Operating", "Shape_Leng": 0.00860823791497, "Shape__Length": 1218.5045199514998}}, {"type": "Feature", "id": 28907, "geometry": {"type": "LineString", "coordinates": [[-87.528192, 38.8881920000001], [-87.569813, 38.912677], [-87.5896069999999, 38.9243220000001], [-87.6012479999999, 38.9311700000001], [-87.603007, 38.9322050000001], [-87.6369719999999, 38.952186], [-87.668402, 38.970675], [-87.695296, 38.986496]]}, "properties": {"FID": 28907, "TYPEPIPE": "Interstate", "Operator": "Texas Gas Transmission Co", "Status": "Operating", "Shape_Leng": 0.19387476174, "Shape__Length": 23322.990013164253}}, {"type": "Feature", "id": 28910, "geometry": {"type": "LineString", "coordinates": [[-87.523584, 38.822912], [-87.527765, 38.818178]]}, "properties": {"FID": 28910, "TYPEPIPE": "Interstate", "Operator": "Texas Gas Transmission Co", "Status": "Operating", "Shape_Leng": 0.00631597316334, "Shape__Length": 821.0536702439153}}, {"type": "Feature", "id": 28925, "geometry": {"type": "LineString", "coordinates": [[-87.518698, 37.5303680000001], [-87.462464, 37.4019520000001]]}, "properties": {"FID": 28925, "TYPEPIPE": "Interstate", "Operator": "Texas Gas Transmission Co", "Status": "Operating", "Shape_Leng": 0.140188914726, "Shape__Length": 19067.435206615468}}, {"type": "Feature", "id": 28931, "geometry": {"type": "LineString", "coordinates": [[-87.518698, 37.5303680000001], [-87.463936, 37.3243840000001]]}, "properties": {"FID": 28931, "TYPEPIPE": "Interstate", "Operator": "Texas Gas Transmission Co", "Status": "Operating", "Shape_Leng": 0.213139120998, "Shape__Length": 29511.14190837541}}, {"type": "Feature", "id": 29110, "geometry": {"type": "LineString", "coordinates": [[-88.131452, 41.457358], [-88.0914, 41.4538230000001], [-87.992025, 41.444397], [-87.90709, 41.438411], [-87.846775, 41.4354040000001], [-87.755395, 41.430004], [-87.7127569999999, 41.4272020000001], [-87.632578, 41.4204510000001], [-87.6252729999999, 41.4199410000001], [-87.556815, 41.4245270000001], [-87.525728, 41.4274570000001]]}, "properties": {"FID": 29110, "TYPEPIPE": "Interstate", "Operator": "Vector Pipeline Co", "Status": "Operating", "Shape_Leng": 0.607455411945, "Shape__Length": 67771.38747143913}}, {"type": "Feature", "id": 29113, "geometry": {"type": "LineString", "coordinates": [[-87.219421, 41.490191], [-87.1900449999999, 41.5009690000001], [-87.118329, 41.5272810000001], [-87.042243, 41.5600190000001], [-86.981657, 41.5843090000001], [-86.932168, 41.606637]]}, "properties": {"FID": 29113, "TYPEPIPE": "Interstate", "Operator": "Vector Pipeline Co", "Status": "Operating", "Shape_Leng": 0.310078096514, "Shape__Length": 36387.1351103495}}, {"type": "Feature", "id": 29116, "geometry": {"type": "LineString", "coordinates": [[-86.932343, 41.6064860000001], [-86.88674, 41.623809], [-86.86357, 41.6367070000001], [-86.828077, 41.658233], [-86.768901, 41.678298], [-86.5490969999999, 41.7395500000001], [-86.542049, 41.7501100000001], [-86.524442, 41.752185]]}, "properties": {"FID": 29116, "TYPEPIPE": "Interstate", "Operator": "Vector Pipeline Co", "Status": "Operating", "Shape_Leng": 0.437899873307, "Shape__Length": 51095.129480645184}}, {"type": "Feature", "id": 29119, "geometry": {"type": "LineString", "coordinates": [[-86.413167, 41.759589], [-86.391672, 41.7617270000001], [-86.343622, 41.765951], [-86.2257059999999, 41.7726000000001]]}, "properties": {"FID": 29119, "TYPEPIPE": "Interstate", "Operator": "Vector Pipeline Co", "Status": "Operating", "Shape_Leng": 0.187939683467, "Shape__Length": 20963.72291751695}}, {"type": "Feature", "id": 29150, "geometry": {"type": "LineString", "coordinates": [[-87.525473, 41.4274570000001], [-87.4776209999999, 41.430124], [-87.4722199999999, 41.4303860000001], [-87.45863, 41.4330610000001], [-87.449627, 41.432806], [-87.444191, 41.433953], [-87.3772719999999, 41.452192], [-87.349573, 41.4587910000001], [-87.3155869999999, 41.4618060000001], [-87.2789529999999, 41.4691980000001], [-87.247955, 41.477647], [-87.21948, 41.490164]]}, "properties": {"FID": 29150, "TYPEPIPE": "Interstate", "Operator": "Vector Pipeline Co", "Status": "Operating", "Shape_Leng": 0.314306251417, "Shape__Length": 35681.896109193825}}, {"type": "Feature", "id": 29156, "geometry": {"type": "LineString", "coordinates": [[-86.525928, 41.7522220000001], [-86.459507, 41.75539], [-86.413031, 41.7595430000001]]}, "properties": {"FID": 29156, "TYPEPIPE": "Interstate", "Operator": "Vector Pipeline Co", "Status": "Operating", "Shape_Leng": 0.113157690014, "Shape__Length": 12619.719342676693}}, {"type": "Feature", "id": 29370, "geometry": {"type": "LineString", "coordinates": [[-86.413824, 38.8577280000001], [-86.4247279999999, 38.856248]]}, "properties": {"FID": 29370, "TYPEPIPE": "Interstate", "Operator": "Texas Gas Transmission Co", "Status": "Operating", "Shape_Leng": 0.0110039818248, "Shape__Length": 1232.1281405537507}}, {"type": "Feature", "id": 29373, "geometry": {"type": "LineString", "coordinates": [[-87.414272, 38.458112], [-87.4341439999999, 38.4592000000001]]}, "properties": {"FID": 29373, "TYPEPIPE": "Interstate", "Operator": "Texas Gas Transmission Co", "Status": "Operating", "Shape_Leng": 0.019901761932, "Shape__Length": 2217.541504715143}}, {"type": "Feature", "id": 29377, "geometry": {"type": "LineString", "coordinates": [[-87.52624, 38.879808], [-87.520064, 38.879808]]}, "properties": {"FID": 29377, "TYPEPIPE": "Interstate", "Operator": "Texas Gas Transmission Co", "Status": "Operating", "Shape_Leng": 0.00617599999998, "Shape__Length": 687.509175138548}}, {"type": "Feature", "id": 29380, "geometry": {"type": "LineString", "coordinates": [[-87.52624, 38.879808], [-87.523584, 38.822912]]}, "properties": {"FID": 29380, "TYPEPIPE": "Interstate", "Operator": "Texas Gas Transmission Co", "Status": "Operating", "Shape_Leng": 0.056957959514, "Shape__Length": 8138.179266312961}}, {"type": "Feature", "id": 29384, "geometry": {"type": "LineString", "coordinates": [[-86.752334, 37.811652], [-86.6090839999999, 37.813158]]}, "properties": {"FID": 29384, "TYPEPIPE": "Interstate", "Operator": "Texas Gas Transmission Co", "Status": "Operating", "Shape_Leng": 0.143257916137, "Shape__Length": 15947.928938813993}}, {"type": "Feature", "id": 29391, "geometry": {"type": "LineString", "coordinates": [[-87.1879979999999, 39.4918860000001], [-87.1879979999999, 39.531232]]}, "properties": {"FID": 29391, "TYPEPIPE": "Interstate", "Operator": "Texas Gas Transmission Co", "Status": "Operating", "Shape_Leng": 0.039346, "Shape__Length": 5677.24979112763}}, {"type": "Feature", "id": 29393, "geometry": {"type": "LineString", "coordinates": [[-87.2120399999999, 38.4581170000001], [-87.2120399999999, 38.393382]]}, "properties": {"FID": 29393, "TYPEPIPE": "Interstate", "Operator": "Texas Gas Transmission Co", "Status": "Operating", "Shape_Leng": 0.064735, "Shape__Length": 9198.541286926717}}, {"type": "Feature", "id": 29606, "geometry": {"type": "LineString", "coordinates": [[-85.59872, 38.1798400000001], [-85.613242, 38.196598]]}, "properties": {"FID": 29606, "TYPEPIPE": "Interstate", "Operator": "Texas Gas Transmission Co", "Status": "Operating", "Shape_Leng": 0.0221747389612, "Shape__Length": 2871.6877431642274}}, {"type": "Feature", "id": 29613, "geometry": {"type": "LineString", "coordinates": [[-86.7235219999999, 39.017342], [-86.71468, 39.0221920000001]]}, "properties": {"FID": 29613, "TYPEPIPE": "Interstate", "Operator": "Texas Gas Transmission Co", "Status": "Operating", "Shape_Leng": 0.0100848135332, "Shape__Length": 1204.876644535423}}, {"type": "Feature", "id": 29616, "geometry": {"type": "LineString", "coordinates": [[-88.354758, 36.97196], [-88.3225659999999, 36.929359]]}, "properties": {"FID": 29616, "TYPEPIPE": "Interstate", "Operator": "Texas Gas Transmission Co", "Status": "Operating", "Shape_Leng": 0.0533963487984, "Shape__Length": 6932.292532292859}}, {"type": "Feature", "id": 29626, "geometry": {"type": "LineString", "coordinates": [[-86.752512, 37.7146880000001], [-86.752512, 37.913237]]}, "properties": {"FID": 29626, "TYPEPIPE": "Interstate", "Operator": "Texas Gas Transmission Co", "Status": "Operating", "Shape_Leng": 0.198549, "Shape__Length": 27977.519599070773}}, {"type": "Feature", "id": 30076, "geometry": {"type": "LineString", "coordinates": [[-92.3119839999999, 39.303976], [-92.239029, 39.293978], [-92.033621, 39.2482440000001], [-92.009677, 39.244374], [-91.968936, 39.2414820000001], [-91.856634, 39.217917], [-91.851131, 39.1993420000001], [-91.832939, 39.204027], [-91.4811999999999, 39.340985], [-91.079758, 39.463265]]}, "properties": {"FID": 30076, "TYPEPIPE": "Interstate", "Operator": "Rockies Express Pipeline", "Status": "Operating", "Shape_Leng": 1.29919391168, "Shape__Length": 149006.02326229942}}, {"type": "Feature", "id": 30095, "geometry": {"type": "LineString", "coordinates": [[-87.465518, 39.191562], [-87.2883869999999, 39.214642], [-87.2404, 39.2118], [-87.188053, 39.2031020000001], [-87.0840039999999, 39.168481], [-86.991102, 39.167519]]}, "properties": {"FID": 30095, "TYPEPIPE": "Intrastate", "Operator": "Heartland Pipeline Co", "Status": "Operating", "Shape_Leng": 0.482328784482, "Shape__Length": 54259.682168044856}}, {"type": "Feature", "id": 30635, "geometry": {"type": "LineString", "coordinates": [[-121.390058, 41.9923810000001], [-120.525098, 41.997377], [-120.472678, 42.0473650000001], [-120.30231, 42.132341], [-120.210566, 42.142341], [-120.145038, 42.1223450000001], [-120.125382, 42.1073490000001], [-119.994326, 41.997377], [-120.000878, 41.997377]]}, "properties": {"FID": 30635, "TYPEPIPE": "Interstate", "Operator": "Ruby Pipeline LLC", "Status": "Operating", "Shape_Leng": 1.49094951384, "Shape__Length": 172729.78938008062}}, {"type": "Feature", "id": 30636, "geometry": {"type": "LineString", "coordinates": [[-120.000878, 41.9923810000001], [-119.856718, 41.727453], [-119.764982, 41.5924890000001], [-119.732222, 41.5674970000001], [-118.847598, 41.5475010000001], [-118.637918, 41.442529], [-118.46755, 41.5025130000001], [-118.297166, 41.432533], [-118.10715, 41.392545], [-117.805726, 41.3825450000001], [-117.713982, 41.2425850000001], [-117.635342, 41.187601], [-117.491182, 41.0876250000001], [-117.31427, 41.0526370000001], [-116.934206, 41.177601], [-116.337902, 41.202597], [-115.813694, 41.222589], [-115.518814, 41.2625770000001], [-115.400862, 41.212593], [-114.981502, 41.377549], [-114.313118, 41.432533], [-114.247582, 41.482517], [-114.13619, 41.427533], [-114.037918, 41.452525]]}, "properties": {"FID": 30636, "TYPEPIPE": "Interstate", "Operator": "Ruby Pipeline LLC", "Status": "Operating", "Shape_Leng": 6.48150944662, "Shape__Length": 756328.6396556019}}, {"type": "Feature", "id": 30644, "geometry": {"type": "LineString", "coordinates": [[-91.071089, 39.4630020000001], [-90.923711, 39.458541], [-90.758065, 39.5005780000001], [-90.58375, 39.542353], [-90.2189769999999, 39.564918], [-89.662417, 39.635452], [-88.913938, 39.76067], [-88.245739, 39.774051], [-87.5600689999999, 39.7936240000001]]}, "properties": {"FID": 30644, "TYPEPIPE": "Interstate", "Operator": "Rockies Express Pipeline", "Status": "Operating", "Shape_Leng": 3.53723832527, "Shape__Length": 395731.2048949795}}, {"type": "Feature", "id": 30645, "geometry": {"type": "LineString", "coordinates": [[-87.57084, 39.797311], [-86.924447, 39.804631], [-86.82548, 39.764666], [-86.660432, 39.7764740000001], [-86.072626, 39.4528480000001], [-85.903509, 39.451089], [-85.763539, 39.510707], [-84.832454, 39.438832]]}, "properties": {"FID": 30645, "TYPEPIPE": "Interstate", "Operator": "Rockies Express Pipeline", "Status": "Operating", "Shape_Leng": 2.8447615304, "Shape__Length": 324079.1267760994}}, {"type": "Feature", "id": 30646, "geometry": {"type": "LineString", "coordinates": [[-84.8151819999999, 39.4349490000001], [-84.543779, 39.5611650000001], [-84.4706209999999, 39.532064], [-83.9688849999999, 39.6815550000001], [-83.856317, 39.6714260000001], [-82.7668159999999, 39.934196], [-82.084286, 40.0143590000001], [-81.899443, 40.1499180000001], [-81.620964, 40.1952610000001], [-81.5592839999999, 40.2438060000001], [-81.342684, 40.2305270000001], [-81.213375, 40.189644], [-81.143954, 40.190904], [-80.9365549999999, 40.151017]]}, "properties": {"FID": 30646, "TYPEPIPE": "Interstate", "Operator": "Rockies Express Pipeline", "Status": "Operating", "Shape_Leng": 4.04568591907, "Shape__Length": 462289.94100899296}}, {"type": "Feature", "id": 30737, "geometry": {"type": "LineString", "coordinates": [[-90.4221385929999, 39.567213462], [-90.4222845319999, 39.5499840030001], [-90.4271626029999, 39.5473629900001], [-90.430713096, 39.5445052680001], [-90.43258351, 39.5402834600001], [-90.436403255, 39.540652118], [-90.434448735, 39.5298122620001], [-90.439317333, 39.446087033], [-90.426456682, 39.426285297], [-90.428014353, 39.4014707050001], [-90.414467174, 39.3913745470001], [-90.4207690389999, 39.3458267740001], [-90.430650175, 39.3404169630001], [-90.429722847, 39.3194325520001], [-90.432240763, 39.308811851], [-90.434471612, 39.290718688], [-90.433335353, 39.2792151990001], [-90.432329485, 39.2728761320001], [-90.425839375, 39.2693795610001], [-90.421748424, 39.2619450610001], [-90.405307272, 39.206929997], [-90.391931888, 39.132893305], [-90.3938432849999, 39.1131729360001], [-90.3959802529999, 39.086293545], [-90.40172661, 39.076111424], [-90.3994335259999, 39.06848137], [-90.402745922, 39.0644702600001], [-90.4026685169999, 39.0538169430001], [-90.393416725, 39.0263140430001], [-90.389808868, 39.0232581750001], [-90.386425579, 39.0215546490001], [-90.3844018839999, 39.0023252870001], [-90.385998966, 38.982326357], [-90.379856535, 38.96392311], [-90.39269863, 38.942602461], [-90.3923406499999, 38.9369263940001], [-90.388506639, 38.9337927340001], [-90.3412122129999, 38.9165913100001], [-90.329600007, 38.912547998], [-90.323718625, 38.906978306], [-90.287629957, 38.8916182070001], [-90.265268288, 38.8809329050001], [-90.237856541, 38.8683619350001], [-90.242086824, 38.847651383], [-90.25000865, 38.840237668], [-90.2507122709999, 38.837476732], [-90.2484011879999, 38.8233965470001], [-90.2427080309999, 38.8198922170001], [-90.2334977309999, 38.817488127], [-90.230761581, 38.815422378], [-90.215900043, 38.8123415900001], [-90.2101507999999, 38.805549693], [-90.197597054, 38.8004394380001], [-90.19525808, 38.796380507], [-90.1902814649999, 38.7959158560001], [-90.1905993669999, 38.783341315]]}, "properties": {"FID": 30737, "TYPEPIPE": "Interstate", "Operator": "Spire St. Louis Pipeline", "Status": "Operating", "Shape_Leng": 0.9775853028, "Shape__Length": 131699.86426557967}}, {"type": "Feature", "id": 30738, "geometry": {"type": "LineString", "coordinates": [[-89.9302399759999, 33.7838287490001], [-88.955249035, 34.4879888730001], [-88.115673503, 35.1650659160001], [-87.1406825619999, 35.747352171], [-86.2063162439999, 36.35672151], [-85.0146606499999, 37.358795532], [-83.714672729, 37.9546233300001], [-83.403217289, 38.2389956870001], [-82.658432542, 38.3608695550001]]}, "properties": {"FID": 30738, "TYPEPIPE": "Interstate", "Operator": "Gulf Xpress", "Status": "Operating", "Shape_Leng": 8.69585510225, "Shape__Length": 1040740.6308462196}}, {"type": "Feature", "id": 30740, "geometry": {"type": "LineString", "coordinates": [[-89.584896, 39.625728], [-89.152636, 39.7148480000001], [-88.9105949999999, 39.7494310000001], [-88.7566449999999, 39.7728690000001], [-88.617921, 39.78589], [-88.321863, 39.823652], [-88.208515, 39.8197460000001], [-87.959825, 39.809329], [-87.628237, 39.7963070000001]]}, "properties": {"FID": 30740, "TYPEPIPE": "Interstate", "Operator": "Panhandle Eastern PL Co", "Status": "Operating", "Shape_Leng": 1.97353174784, "Shape__Length": 220972.38390489802}}, {"type": "Feature", "id": 30741, "geometry": {"type": "LineString", "coordinates": [[-89.1400639999999, 39.7174400000001], [-88.758112, 39.772768]]}, "properties": {"FID": 30741, "TYPEPIPE": "Interstate", "Operator": "Panhandle Eastern PL Co", "Status": "Operating", "Shape_Leng": 0.385938489773, "Shape__Length": 43266.67092098343}}, {"type": "Feature", "id": 30742, "geometry": {"type": "LineString", "coordinates": [[-88.758112, 39.772768], [-88.622944, 39.78464]]}, "properties": {"FID": 30742, "TYPEPIPE": "Interstate", "Operator": "Panhandle Eastern PL Co", "Status": "Operating", "Shape_Leng": 0.13568836578, "Shape__Length": 15144.780118144448}}, {"type": "Feature", "id": 30743, "geometry": {"type": "LineString", "coordinates": [[-89.827328, 40.5696], [-89.984256, 40.546048]]}, "properties": {"FID": 30743, "TYPEPIPE": "Interstate", "Operator": "Panhandle Eastern PL Co", "Status": "Operating", "Shape_Leng": 0.158685518835, "Shape__Length": 17806.72658951529}}, {"type": "Feature", "id": 30744, "geometry": {"type": "LineString", "coordinates": [[-89.6735199999999, 40.6105240000001], [-89.72416, 40.593152]]}, "properties": {"FID": 30744, "TYPEPIPE": "Interstate", "Operator": "Panhandle Eastern PL Co", "Status": "Operating", "Shape_Leng": 0.0535368656535, "Shape__Length": 6185.924154861378}}, {"type": "Feature", "id": 30745, "geometry": {"type": "LineString", "coordinates": [[-89.72416, 40.593152], [-89.827328, 40.5696]]}, "properties": {"FID": 30745, "TYPEPIPE": "Interstate", "Operator": "Panhandle Eastern PL Co", "Status": "Operating", "Shape_Leng": 0.105822175975, "Shape__Length": 11992.210690824806}}, {"type": "Feature", "id": 30746, "geometry": {"type": "LineString", "coordinates": [[-89.6735199999999, 40.6105240000001], [-89.988864, 40.753408]]}, "properties": {"FID": 30746, "TYPEPIPE": "Interstate", "Operator": "Panhandle Eastern PL Co", "Status": "Operating", "Shape_Leng": 0.346204673267, "Shape__Length": 40892.72950460761}}, {"type": "Feature", "id": 30747, "geometry": {"type": "LineString", "coordinates": [[-89.5132159999999, 40.5186560000001], [-89.562624, 40.553728]]}, "properties": {"FID": 30747, "TYPEPIPE": "Interstate", "Operator": "Panhandle Eastern PL Co", "Status": "Operating", "Shape_Leng": 0.0605903923737, "Shape__Length": 7526.016806058687}}, {"type": "Feature", "id": 30748, "geometry": {"type": "LineString", "coordinates": [[-89.562624, 40.553728], [-89.6735199999999, 40.6105240000001]]}, "properties": {"FID": 30748, "TYPEPIPE": "Interstate", "Operator": "Panhandle Eastern PL Co", "Status": "Operating", "Shape_Leng": 0.124594174952, "Shape__Length": 14889.566448839476}}, {"type": "Feature", "id": 30749, "geometry": {"type": "LineString", "coordinates": [[-89.5132159999999, 40.158464], [-89.5132159999999, 40.5186560000001]]}, "properties": {"FID": 30749, "TYPEPIPE": "Interstate", "Operator": "Panhandle Eastern PL Co", "Status": "Operating", "Shape_Leng": 0.360192, "Shape__Length": 52604.07017711643}}, {"type": "Feature", "id": 30750, "geometry": {"type": "LineString", "coordinates": [[-89.401088, 40.17408], [-89.2034559999999, 40.17408]]}, "properties": {"FID": 30750, "TYPEPIPE": "Interstate", "Operator": "Panhandle Eastern PL Co", "Status": "Operating", "Shape_Leng": 0.197632, "Shape__Length": 22000.29360445775}}, {"type": "Feature", "id": 30751, "geometry": {"type": "LineString", "coordinates": [[-89.427712, 40.158464], [-89.401088, 40.17408]]}, "properties": {"FID": 30751, "TYPEPIPE": "Interstate", "Operator": "Panhandle Eastern PL Co", "Status": "Operating", "Shape_Leng": 0.0308657874029, "Shape__Length": 3736.1417579186323}}, {"type": "Feature", "id": 30752, "geometry": {"type": "LineString", "coordinates": [[-89.5132159999999, 40.158464], [-89.427712, 40.158464]]}, "properties": {"FID": 30752, "TYPEPIPE": "Interstate", "Operator": "Panhandle Eastern PL Co", "Status": "Operating", "Shape_Leng": 0.085504, "Shape__Length": 9518.26174078323}}, {"type": "Feature", "id": 30753, "geometry": {"type": "LineString", "coordinates": [[-89.47712, 39.8801920000001], [-89.5132159999999, 39.91936]]}, "properties": {"FID": 30753, "TYPEPIPE": "Interstate", "Operator": "Panhandle Eastern PL Co", "Status": "Operating", "Shape_Leng": 0.0532639975968, "Shape__Length": 6960.422806905262}}, {"type": "Feature", "id": 30754, "geometry": {"type": "LineString", "coordinates": [[-89.5132159999999, 39.91936], [-89.5132159999999, 40.158464]]}, "properties": {"FID": 30754, "TYPEPIPE": "Interstate", "Operator": "Panhandle Eastern PL Co", "Status": "Operating", "Shape_Leng": 0.239104, "Shape__Length": 34765.82242531702}}, {"type": "Feature", "id": 30755, "geometry": {"type": "LineString", "coordinates": [[-89.5221759999999, 39.8333440000001], [-89.47712, 39.8801920000001]]}, "properties": {"FID": 30755, "TYPEPIPE": "Interstate", "Operator": "Panhandle Eastern PL Co", "Status": "Operating", "Shape_Leng": 0.0649982941315, "Shape__Length": 8444.482499678972}}, {"type": "Feature", "id": 30756, "geometry": {"type": "LineString", "coordinates": [[-89.5221759999999, 39.6805120000001], [-89.5221759999999, 39.8333440000001]]}, "properties": {"FID": 30756, "TYPEPIPE": "Interstate", "Operator": "Panhandle Eastern PL Co", "Status": "Operating", "Shape_Leng": 0.152832, "Shape__Length": 22130.564392068423}}, {"type": "Feature", "id": 30757, "geometry": {"type": "LineString", "coordinates": [[-89.584896, 39.625728], [-89.5221759999999, 39.6805120000001]]}, "properties": {"FID": 30757, "TYPEPIPE": "Interstate", "Operator": "Panhandle Eastern PL Co", "Status": "Operating", "Shape_Leng": 0.0832771580687, "Shape__Length": 10558.858242920945}}, {"type": "Feature", "id": 30758, "geometry": {"type": "LineString", "coordinates": [[-89.9304959999999, 39.6142080000001], [-89.584896, 39.625728]]}, "properties": {"FID": 30758, "TYPEPIPE": "Interstate", "Operator": "Panhandle Eastern PL Co", "Status": "Operating", "Shape_Leng": 0.345791946696, "Shape__Length": 38508.02074886252}}, {"type": "Feature", "id": 30759, "geometry": {"type": "LineString", "coordinates": [[-90.339072, 39.6024320000001], [-89.9304959999999, 39.6142080000001]]}, "properties": {"FID": 30759, "TYPEPIPE": "Interstate", "Operator": "Panhandle Eastern PL Co", "Status": "Operating", "Shape_Leng": 0.408745669032, "Shape__Length": 45514.2890505765}}, {"type": "Feature", "id": 30760, "geometry": {"type": "LineString", "coordinates": [[-90.585856, 39.57888], [-90.54418, 39.5876700000001], [-90.50643, 39.5958800000001], [-90.496, 39.5983360000001]]}, "properties": {"FID": 30760, "TYPEPIPE": "Interstate", "Operator": "Panhandle Eastern PL Co", "Status": "Operating", "Shape_Leng": 0.0919405929768, "Shape__Length": 10390.470194433537}}, {"type": "Feature", "id": 30761, "geometry": {"type": "LineString", "coordinates": [[-90.496, 39.5983360000001], [-90.46626, 39.59905], [-90.339072, 39.6024320000001]]}, "properties": {"FID": 30761, "TYPEPIPE": "Interstate", "Operator": "Panhandle Eastern PL Co", "Status": "Operating", "Shape_Leng": 0.156981526336, "Shape__Length": 17479.180406280837}}, {"type": "Feature", "id": 30762, "geometry": {"type": "LineString", "coordinates": [[-91.048192, 39.4769920000001], [-90.866684, 39.5169910000001]]}, "properties": {"FID": 30762, "TYPEPIPE": "Interstate", "Operator": "Panhandle Eastern PL Co", "Status": "Operating", "Shape_Leng": 0.185863051909, "Shape__Length": 21013.167921234173}}, {"type": "Feature", "id": 30763, "geometry": {"type": "LineString", "coordinates": [[-90.866684, 39.5169910000001], [-90.585856, 39.57888]]}, "properties": {"FID": 30763, "TYPEPIPE": "Interstate", "Operator": "Panhandle Eastern PL Co", "Status": "Operating", "Shape_Leng": 0.287566712095, "Shape__Length": 32513.34817208093}}, {"type": "Feature", "id": 30813, "geometry": {"type": "LineString", "coordinates": [[-91.437, 39.3183000000001], [-91.383996, 39.337549], [-91.15653, 39.4249100000001], [-91.048192, 39.4769920000001]]}, "properties": {"FID": 30813, "TYPEPIPE": "Interstate", "Operator": "Panhandle Eastern PL Co", "Status": "Operating", "Shape_Leng": 0.420262945127, "Shape__Length": 48999.703034847844}}, {"type": "Feature", "id": 30814, "geometry": {"type": "LineString", "coordinates": [[-92.110626, 39.154163], [-92.096527, 39.1501170000001], [-92.0120689999999, 39.1621280000001], [-91.939269, 39.174894], [-91.887245, 39.1940700000001], [-91.852651, 39.186604], [-91.832996, 39.2029850000001], [-91.813344, 39.2111390000001], [-91.7834359999999, 39.2255650000001], [-91.661573, 39.2745580000001], [-91.593871, 39.295555], [-91.578535, 39.2971640000001], [-91.489185, 39.3108090000001], [-91.437, 39.3183000000001]]}, "properties": {"FID": 30814, "TYPEPIPE": "Interstate", "Operator": "Panhandle Eastern PL Co", "Status": "Operating", "Shape_Leng": 0.705542806349, "Shape__Length": 80741.03393842696}}, {"type": "Feature", "id": 30826, "geometry": {"type": "LineString", "coordinates": [[-91.5205119999999, 39.683072], [-91.515144, 39.6936860000001], [-91.487997, 39.7473600000001], [-91.472155, 39.7786810000001], [-91.430912, 39.8602240000001]]}, "properties": {"FID": 30826, "TYPEPIPE": "Interstate", "Operator": "Panhandle Eastern PL Co", "Status": "Operating", "Shape_Leng": 0.19852201668, "Shape__Length": 27528.189614102514}}, {"type": "Feature", "id": 30827, "geometry": {"type": "LineString", "coordinates": [[-91.437, 39.3183000000001], [-91.5205119999999, 39.683072]]}, "properties": {"FID": 30827, "TYPEPIPE": "Interstate", "Operator": "Panhandle Eastern PL Co", "Status": "Operating", "Shape_Leng": 0.374209655311, "Shape__Length": 53439.89988253862}}, {"type": "Feature", "id": 30828, "geometry": {"type": "LineString", "coordinates": [[-85.2742919999999, 40.5939070000001], [-85.059584, 40.7459840000001]]}, "properties": {"FID": 30828, "TYPEPIPE": "Interstate", "Operator": "Panhandle Eastern PL Co", "Status": "Operating", "Shape_Leng": 0.2631101275, "Shape__Length": 32702.392097462798}}, {"type": "Feature", "id": 30829, "geometry": {"type": "LineString", "coordinates": [[-85.457408, 40.4802560000001], [-85.2742919999999, 40.5939070000001]]}, "properties": {"FID": 30829, "TYPEPIPE": "Interstate", "Operator": "Panhandle Eastern PL Co", "Status": "Operating", "Shape_Leng": 0.215518025365, "Shape__Length": 26318.241805245307}}, {"type": "Feature", "id": 30830, "geometry": {"type": "LineString", "coordinates": [[-85.561856, 40.3737600000001], [-85.457408, 40.4802560000001]]}, "properties": {"FID": 30830, "TYPEPIPE": "Interstate", "Operator": "Panhandle Eastern PL Co", "Status": "Operating", "Shape_Leng": 0.149166962562, "Shape__Length": 19435.13364098724}}, {"type": "Feature", "id": 30831, "geometry": {"type": "LineString", "coordinates": [[-84.808192, 39.9129600000001], [-85.049344, 39.77984]]}, "properties": {"FID": 30831, "TYPEPIPE": "Interstate", "Operator": "Panhandle Eastern PL Co", "Status": "Operating", "Shape_Leng": 0.275454572487, "Shape__Length": 33063.41938209928}}, {"type": "Feature", "id": 30832, "geometry": {"type": "LineString", "coordinates": [[-84.724736, 39.966208], [-84.7796, 39.9310100000001], [-84.808192, 39.9129600000001]]}, "properties": {"FID": 30832, "TYPEPIPE": "Interstate", "Operator": "Panhandle Eastern PL Co", "Status": "Operating", "Shape_Leng": 0.0989968223902, "Shape__Length": 12086.360219064747}}, {"type": "Feature", "id": 30833, "geometry": {"type": "LineString", "coordinates": [[-84.797952, 40.019456], [-84.724736, 39.966208]]}, "properties": {"FID": 30833, "TYPEPIPE": "Interstate", "Operator": "Panhandle Eastern PL Co", "Status": "Operating", "Shape_Leng": 0.0905313877061, "Shape__Length": 11237.896901918366}}, {"type": "Feature", "id": 30834, "geometry": {"type": "LineString", "coordinates": [[-85.206016, 40.12544], [-85.080164, 40.0927530000001], [-84.9069, 40.0477500000001], [-84.797952, 40.019456]]}, "properties": {"FID": 30834, "TYPEPIPE": "Interstate", "Operator": "Panhandle Eastern PL Co", "Status": "Operating", "Shape_Leng": 0.421602699687, "Shape__Length": 47970.604455322}}, {"type": "Feature", "id": 30835, "geometry": {"type": "LineString", "coordinates": [[-85.561856, 40.3737600000001], [-85.206016, 40.12544]]}, "properties": {"FID": 30835, "TYPEPIPE": "Interstate", "Operator": "Panhandle Eastern PL Co", "Status": "Operating", "Shape_Leng": 0.43391811209, "Shape__Length": 53673.52735431901}}, {"type": "Feature", "id": 30836, "geometry": {"type": "LineString", "coordinates": [[-85.85472, 40.205312], [-85.561856, 40.3737600000001]]}, "properties": {"FID": 30836, "TYPEPIPE": "Interstate", "Operator": "Panhandle Eastern PL Co", "Status": "Operating", "Shape_Leng": 0.337852114393, "Shape__Length": 40831.09997729202}}, {"type": "Feature", "id": 30837, "geometry": {"type": "LineString", "coordinates": [[-87.01312, 39.795776], [-86.689536, 39.7934720000001]]}, "properties": {"FID": 30837, "TYPEPIPE": "Interstate", "Operator": "Panhandle Eastern PL Co", "Status": "Operating", "Shape_Leng": 0.323592202428, "Shape__Length": 36022.75278314259}}, {"type": "Feature", "id": 30838, "geometry": {"type": "LineString", "coordinates": [[-86.689536, 39.7934720000001], [-86.327424, 39.8048640000001]]}, "properties": {"FID": 30838, "TYPEPIPE": "Interstate", "Operator": "Panhandle Eastern PL Co", "Status": "Operating", "Shape_Leng": 0.362291151159, "Shape__Length": 40343.903693460124}}, {"type": "Feature", "id": 30839, "geometry": {"type": "LineString", "coordinates": [[-87.289344, 39.7982720000001], [-87.01312, 39.795776]]}, "properties": {"FID": 30839, "TYPEPIPE": "Interstate", "Operator": "Panhandle Eastern PL Co", "Status": "Operating", "Shape_Leng": 0.276235276878, "Shape__Length": 30751.24156374988}}, {"type": "Feature", "id": 30840, "geometry": {"type": "LineString", "coordinates": [[-86.327424, 39.8048640000001], [-86.182848, 39.819712]]}, "properties": {"FID": 30840, "TYPEPIPE": "Interstate", "Operator": "Panhandle Eastern PL Co", "Status": "Operating", "Shape_Leng": 0.145336447184, "Shape__Length": 16237.334021538365}}, {"type": "Feature", "id": 30841, "geometry": {"type": "LineString", "coordinates": [[-86.182848, 39.819712], [-86.0780799999999, 39.926592]]}, "properties": {"FID": 30841, "TYPEPIPE": "Interstate", "Operator": "Panhandle Eastern PL Co", "Status": "Operating", "Shape_Leng": 0.149665187081, "Shape__Length": 19399.856685864164}}, {"type": "Feature", "id": 30842, "geometry": {"type": "LineString", "coordinates": [[-86.0780799999999, 39.926592], [-85.85472, 40.205312]]}, "properties": {"FID": 30842, "TYPEPIPE": "Interstate", "Operator": "Panhandle Eastern PL Co", "Status": "Operating", "Shape_Leng": 0.357175766255, "Shape__Length": 47559.40884767688}}, {"type": "Feature", "id": 30843, "geometry": {"type": "LineString", "coordinates": [[-87.3794559999999, 39.7982720000001], [-87.3457759999999, 39.7983360000001]]}, "properties": {"FID": 30843, "TYPEPIPE": "Interstate", "Operator": "Panhandle Eastern PL Co", "Status": "Operating", "Shape_Leng": 0.0336800608076, "Shape__Length": 3749.2519172900347}}, {"type": "Feature", "id": 30844, "geometry": {"type": "LineString", "coordinates": [[-87.5294719999999, 39.794176], [-87.3794559999999, 39.7982720000001]]}, "properties": {"FID": 30844, "TYPEPIPE": "Interstate", "Operator": "Panhandle Eastern PL Co", "Status": "Operating", "Shape_Leng": 0.150071907671, "Shape__Length": 16710.2460691964}}, {"type": "Feature", "id": 30868, "geometry": {"type": "LineString", "coordinates": [[-84.808192, 40.994304], [-84.5182299999999, 41.1851730000001]]}, "properties": {"FID": 30868, "TYPEPIPE": "Interstate", "Operator": "Panhandle Eastern PL Co", "Status": "Operating", "Shape_Leng": 0.347143971005, "Shape__Length": 42856.29433043348}}, {"type": "Feature", "id": 30870, "geometry": {"type": "LineString", "coordinates": [[-84.839936, 40.914432], [-84.808192, 40.994304]]}, "properties": {"FID": 30870, "TYPEPIPE": "Interstate", "Operator": "Panhandle Eastern PL Co", "Status": "Operating", "Shape_Leng": 0.0859489262295, "Shape__Length": 12291.856639064139}}, {"type": "Feature", "id": 30871, "geometry": {"type": "LineString", "coordinates": [[-84.88192, 40.869888], [-84.839936, 40.914432]]}, "properties": {"FID": 30871, "TYPEPIPE": "Interstate", "Operator": "Panhandle Eastern PL Co", "Status": "Operating", "Shape_Leng": 0.0612113077135, "Shape__Length": 8054.1947865043285}}, {"type": "Feature", "id": 30872, "geometry": {"type": "LineString", "coordinates": [[-85.059584, 40.7459840000001], [-84.88192, 40.869888]]}, "properties": {"FID": 30872, "TYPEPIPE": "Interstate", "Operator": "Panhandle Eastern PL Co", "Status": "Operating", "Shape_Leng": 0.216602627205, "Shape__Length": 26892.73896442795}}, {"type": "Feature", "id": 30873, "geometry": {"type": "LineString", "coordinates": [[-88.326711, 39.825157], [-88.326648, 39.825154]]}, "properties": {"FID": 30873, "TYPEPIPE": "Interstate", "Operator": "Panhandle Eastern PL Co", "Status": "Operating", "Shape_Leng": 6.3071388136e-05, "Shape__Length": 7.0265958619822175}}, {"type": "Feature", "id": 30883, "geometry": {"type": "LineString", "coordinates": [[-87.631616, 39.7953920000001], [-87.5294719999999, 39.794176]]}, "properties": {"FID": 30883, "TYPEPIPE": "Interstate", "Operator": "Panhandle Eastern PL Co", "Status": "Operating", "Shape_Leng": 0.102151237839, "Shape__Length": 11371.982840920024}}, {"type": "Feature", "id": 30884, "geometry": {"type": "LineString", "coordinates": [[-87.3457759999999, 39.7983360000001], [-87.289344, 39.7982720000001]]}, "properties": {"FID": 30884, "TYPEPIPE": "Interstate", "Operator": "Panhandle Eastern PL Co", "Status": "Operating", "Shape_Leng": 0.0564320362914, "Shape__Length": 6281.988348458305}}, {"type": "Feature", "id": 30891, "geometry": {"type": "LineString", "coordinates": [[-89.9304959999999, 39.6142080000001], [-89.93568, 39.5299840000001]]}, "properties": {"FID": 30891, "TYPEPIPE": "Interstate", "Operator": "Panhandle Eastern PL Co", "Status": "Operating", "Shape_Leng": 0.0843833871802, "Shape__Length": 12177.00296751035}}, {"type": "Feature", "id": 30893, "geometry": {"type": "LineString", "coordinates": [[-87.743633, 39.800189], [-87.730069, 40.3507750000001], [-87.720319, 40.605759]]}, "properties": {"FID": 30893, "TYPEPIPE": "Interstate", "Operator": "Panhandle Eastern PL Co", "Status": "Operating", "Shape_Leng": 0.80592339376, "Shape__Length": 117445.35090081893}}, {"type": "Feature", "id": 30894, "geometry": {"type": "LineString", "coordinates": [[-89.270162, 39.690617], [-89.2700599999999, 39.5826280000001]]}, "properties": {"FID": 30894, "TYPEPIPE": "Interstate", "Operator": "Panhandle Eastern PL Co", "Status": "Operating", "Shape_Leng": 0.107989048172, "Shape__Length": 15609.920300345548}}, {"type": "Feature", "id": 30895, "geometry": {"type": "LineString", "coordinates": [[-91.430912, 39.8602240000001], [-91.4012749999999, 39.877057]]}, "properties": {"FID": 30895, "TYPEPIPE": "Interstate", "Operator": "Panhandle Eastern PL Co", "Status": "Operating", "Shape_Leng": 0.0340837447767, "Shape__Length": 4104.286455850043}}, {"type": "Feature", "id": 30896, "geometry": {"type": "LineString", "coordinates": [[-91.4012749999999, 39.877057], [-91.4012749999999, 39.8654290000001]]}, "properties": {"FID": 30896, "TYPEPIPE": "Interstate", "Operator": "Panhandle Eastern PL Co", "Status": "Operating", "Shape_Leng": 0.011628, "Shape__Length": 1686.5732470937073}}, {"type": "Feature", "id": 30908, "geometry": {"type": "LineString", "coordinates": [[-88.325247, 39.917406], [-88.326058, 39.824825]]}, "properties": {"FID": 30908, "TYPEPIPE": "Interstate", "Operator": "Panhandle Eastern PL Co", "Status": "Operating", "Shape_Leng": 0.09258455207, "Shape__Length": 13428.613386125635}}, {"type": "Feature", "id": 32026, "geometry": {"type": "LineString", "coordinates": [[-114.632727, 34.9221360000001], [-114.61463, 34.951529], [-114.565475, 34.993658], [-114.555002, 34.999065], [-114.544217, 35.004604], [-114.537485, 35.0083030000001], [-114.53471, 35.009917], [-114.527727, 35.0125590000001], [-114.52436, 35.013869], [-114.512372, 35.0193150000001], [-114.506638, 35.022028], [-114.496831, 35.027052], [-114.493289, 35.0285020000001], [-114.487925, 35.0305950000001], [-114.479536, 35.034634], [-114.468443, 35.040854], [-114.429055, 35.058572], [-114.427827, 35.059418], [-114.42571, 35.060168], [-114.419342, 35.062984], [-114.418364, 35.0636880000001], [-114.418182, 35.063993], [-114.416183, 35.0751240000001], [-114.416409, 35.076671], [-114.416141, 35.0901470000001], [-114.416072, 35.090688], [-114.415344, 35.0923750000001], [-114.413525, 35.0953050000001], [-114.413321, 35.0969460000001], [-114.412342, 35.099898], [-114.411615, 35.10114], [-114.40984, 35.103462], [-114.408906, 35.104094], [-114.407041, 35.1060170000001], [-114.404582, 35.1078440000001], [-114.402579, 35.109532], [-114.401282, 35.11026], [-114.39764, 35.111408], [-114.392655, 35.1089460000001], [-114.39195, 35.1089700000001], [-114.39129, 35.1088750000001], [-114.388718, 35.107542], [-114.387602, 35.1078440000001], [-114.385873, 35.106861], [-114.384257, 35.106885], [-114.382801, 35.1065080000001], [-114.382412, 35.106344], [-114.38189, 35.1054540000001], [-114.381231, 35.1053830000001], [-114.380775, 35.105172], [-114.379706, 35.104116], [-114.372423, 35.101349], [-114.363686, 35.098534], [-114.360546, 35.0964690000001], [-114.35818, 35.096633], [-114.357541, 35.0964920000001], [-114.356245, 35.0960230000001], [-114.347075, 35.0944700000001], [-114.340432, 35.0926620000001], [-114.319226, 35.090605], [-114.315471, 35.090016], [-114.313628, 35.090248], [-114.282425, 35.0864710000001], [-114.251402, 35.083799], [-114.216501, 35.0878060000001], [-114.177722, 35.1025040000001], [-114.10275, 35.1305610000001], [-114.000632, 35.1719790000001]]}, "properties": {"FID": 32026, "TYPEPIPE": "Interstate", "Operator": "Questar Southern Trails Line", "Status": "Operating", "Shape_Leng": 0.736748973573, "Shape__Length": 86319.21412354044}}]}