{"type":"FeatureCollection","features":[{"type":"Feature","id":2492,"geometry":{"type":"LineString","coordinates":[[-77.256576,42.0692480000001],[-77.292752,42.069376]]},"properties":{"FID":2492,"TYPEPIPE":"Interstate","Operator":"Dominion Transmission Co","Status":"Operating","Shape_Leng":0.0361762264478,"Shape__Length":4027.1396433962436}},{"type":"Feature","id":2522,"geometry":{"type":"LineString","coordinates":[[-76.345138,42.9492460000001],[-76.3543,43.185351],[-76.358775,43.3006780000001]]},"properties":{"FID":2522,"TYPEPIPE":"Interstate","Operator":"Dominion Transmission Co","Status":"Operating","Shape_Leng":0.351696486182,"Shape__Length":53622.3992191304}},{"type":"Feature","id":2920,"geometry":{"type":"LineString","coordinates":[[-78.059044,42.125296],[-78.020448,42.1670820000001]]},"properties":{"FID":2920,"TYPEPIPE":"Interstate","Operator":"Columbia Gas Trans Co","Status":"Operating","Shape_Leng":0.0568833983865,"Shape__Length":7603.9491039299655}},{"type":"Feature","id":2922,"geometry":{"type":"LineString","coordinates":[[-78.120119,42.126152],[-78.0593289999999,42.1254000000001]]},"properties":{"FID":2922,"TYPEPIPE":"Interstate","Operator":"Columbia Gas Trans Co","Status":"Operating","Shape_Leng":0.0607946511135,"Shape__Length":6768.053059068028}},{"type":"Feature","id":2924,"geometry":{"type":"LineString","coordinates":[[-78.1203199999999,42.126336],[-78.1237759999999,42.0919040000001]]},"properties":{"FID":2924,"TYPEPIPE":"Interstate","Operator":"Columbia Gas Trans Co","Status":"Operating","Shape_Leng":0.0346050077301,"Shape__Length":5180.919861843156}},{"type":"Feature","id":2926,"geometry":{"type":"LineString","coordinates":[[-78.3147519999999,42.1292800000001],[-78.1203199999999,42.126336]]},"properties":{"FID":2926,"TYPEPIPE":"Interstate","Operator":"Columbia Gas Trans Co","Status":"Operating","Shape_Leng":0.19445428707,"Shape__Length":21648.581533637163}},{"type":"Feature","id":2928,"geometry":{"type":"LineString","coordinates":[[-78.5056,42.1292800000001],[-78.3147519999999,42.1292800000001]]},"properties":{"FID":2928,"TYPEPIPE":"Interstate","Operator":"Columbia Gas Trans Co","Status":"Operating","Shape_Leng":0.190848,"Shape__Length":21245.102178916335}},{"type":"Feature","id":2930,"geometry":{"type":"LineString","coordinates":[[-78.5056,42.066176],[-78.5056,42.1292800000001]]},"properties":{"FID":2930,"TYPEPIPE":"Interstate","Operator":"Columbia Gas Trans Co","Status":"Operating","Shape_Leng":0.063104,"Shape__Length":9467.227924282663}},{"type":"Feature","id":2933,"geometry":{"type":"LineString","coordinates":[[-78.614784,42.003072],[-78.5056,42.066176]]},"properties":{"FID":2933,"TYPEPIPE":"Interstate","Operator":"Columbia Gas Trans Co","Status":"Operating","Shape_Leng":0.126108130872,"Shape__Length":15400.57103522344}},{"type":"Feature","id":2935,"geometry":{"type":"LineString","coordinates":[[-78.75712,41.8886400000001],[-78.614784,42.003072]]},"properties":{"FID":2935,"TYPEPIPE":"Interstate","Operator":"Columbia Gas Trans Co","Status":"Operating","Shape_Leng":0.182631376056,"Shape__Length":23332.03980471823}},{"type":"Feature","id":3146,"geometry":{"type":"LineString","coordinates":[[-74.652416,41.498496],[-74.6176,41.4677760000001]]},"properties":{"FID":3146,"TYPEPIPE":"Interstate","Operator":"Columbia Gas Trans Co","Status":"Operating","Shape_Leng":0.0464313714637,"Shape__Length":5988.203981050372}},{"type":"Feature","id":3148,"geometry":{"type":"LineString","coordinates":[[-75.008768,41.724928],[-74.652416,41.498496]]},"properties":{"FID":3148,"TYPEPIPE":"Interstate","Operator":"Columbia Gas Trans Co","Status":"Operating","Shape_Leng":0.422206345912,"Shape__Length":52059.826700747995}},{"type":"Feature","id":3150,"geometry":{"type":"LineString","coordinates":[[-75.10016,41.8740480000001],[-75.008768,41.724928]]},"properties":{"FID":3150,"TYPEPIPE":"Interstate","Operator":"Columbia Gas Trans Co","Status":"Operating","Shape_Leng":0.174897890393,"Shape__Length":24481.488371811574}},{"type":"Feature","id":3152,"geometry":{"type":"LineString","coordinates":[[-75.283328,42.003072],[-75.10016,41.8740480000001]]},"properties":{"FID":3152,"TYPEPIPE":"Interstate","Operator":"Columbia Gas Trans Co","Status":"Operating","Shape_Leng":0.224048451903,"Shape__Length":28081.64893235422}},{"type":"Feature","id":3154,"geometry":{"type":"LineString","coordinates":[[-75.4261759999999,42.0919040000001],[-75.283328,42.003072]]},"properties":{"FID":3154,"TYPEPIPE":"Interstate","Operator":"Columbia Gas Trans Co","Status":"Operating","Shape_Leng":0.168216156561,"Shape__Length":20741.18246329596}},{"type":"Feature","id":3156,"geometry":{"type":"LineString","coordinates":[[-75.920768,42.1464320000001],[-75.4261759999999,42.0919040000001]]},"properties":{"FID":3156,"TYPEPIPE":"Interstate","Operator":"Columbia Gas Trans Co","Status":"Operating","Shape_Leng":0.497588735049,"Shape__Length":55662.56544947754}},{"type":"Feature","id":3158,"geometry":{"type":"LineString","coordinates":[[-76.1082879999999,42.1406720000001],[-75.920768,42.1464320000001]]},"properties":{"FID":3158,"TYPEPIPE":"Interstate","Operator":"Columbia Gas Trans Co","Status":"Operating","Shape_Leng":0.187608443307,"Shape__Length":20892.535729924373}},{"type":"Feature","id":3160,"geometry":{"type":"LineString","coordinates":[[-76.50048,42.1550080000001],[-76.1082879999999,42.1406720000001]]},"properties":{"FID":3160,"TYPEPIPE":"Interstate","Operator":"Columbia Gas Trans Co","Status":"Operating","Shape_Leng":0.392453928201,"Shape__Length":43711.642451544896}},{"type":"Feature","id":3162,"geometry":{"type":"LineString","coordinates":[[-76.507264,42.186496],[-76.50048,42.1550080000001]]},"properties":{"FID":3162,"TYPEPIPE":"Interstate","Operator":"Columbia Gas Trans Co","Status":"Operating","Shape_Leng":0.0322105076023,"Shape__Length":4789.375985536078}},{"type":"Feature","id":3164,"geometry":{"type":"LineString","coordinates":[[-76.5311999999999,42.18368],[-76.507264,42.186496]]},"properties":{"FID":3164,"TYPEPIPE":"Interstate","Operator":"Columbia Gas Trans Co","Status":"Operating","Shape_Leng":0.0241010778182,"Shape__Length":2697.919094235791}},{"type":"Feature","id":3166,"geometry":{"type":"LineString","coordinates":[[-76.9642239999999,42.2181120000001],[-76.867587,42.210427]]},"properties":{"FID":3166,"TYPEPIPE":"Interstate","Operator":"Columbia Gas Trans Co","Status":"Operating","Shape_Leng":0.0969420909306,"Shape__Length":10819.415728433547}},{"type":"Feature","id":3168,"geometry":{"type":"LineString","coordinates":[[-76.984704,42.2181120000001],[-76.9642239999999,42.2181120000001]]},"properties":{"FID":3168,"TYPEPIPE":"Interstate","Operator":"Columbia Gas Trans Co","Status":"Operating","Shape_Leng":0.02048,"Shape__Length":2279.823171449825}},{"type":"Feature","id":3170,"geometry":{"type":"LineString","coordinates":[[-76.9914879999999,42.4875520000001],[-76.989408,42.5258880000001]]},"properties":{"FID":3170,"TYPEPIPE":"Interstate","Operator":"Columbia Gas Trans Co","Status":"Operating","Shape_Leng":0.0383923859118,"Shape__Length":5793.499214227545}},{"type":"Feature","id":3172,"geometry":{"type":"LineString","coordinates":[[-76.984704,42.2181120000001],[-76.984704,42.2782720000001]]},"properties":{"FID":3172,"TYPEPIPE":"Interstate","Operator":"Columbia Gas Trans Co","Status":"Operating","Shape_Leng":0.06016,"Shape__Length":9047.048681486398}},{"type":"Feature","id":3174,"geometry":{"type":"LineString","coordinates":[[-77.4041599999999,42.1922560000001],[-76.984704,42.2181120000001]]},"properties":{"FID":3174,"TYPEPIPE":"Interstate","Operator":"Columbia Gas Trans Co","Status":"Operating","Shape_Leng":0.42025214892,"Shape__Length":46855.0238646486}},{"type":"Feature","id":3176,"geometry":{"type":"LineString","coordinates":[[-77.42464,42.1578240000001],[-77.4041599999999,42.1922560000001]]},"properties":{"FID":3176,"TYPEPIPE":"Interstate","Operator":"Columbia Gas Trans Co","Status":"Operating","Shape_Leng":0.0400623641839,"Shape__Length":5652.181465877425}},{"type":"Feature","id":3178,"geometry":{"type":"LineString","coordinates":[[-77.5815679999999,42.149248],[-77.42464,42.1578240000001]]},"properties":{"FID":3178,"TYPEPIPE":"Interstate","Operator":"Columbia Gas Trans Co","Status":"Operating","Shape_Leng":0.157162161349,"Shape__Length":17516.54479741009}},{"type":"Feature","id":3180,"geometry":{"type":"LineString","coordinates":[[-77.5815679999999,42.149248],[-77.584464,42.2189680000001]]},"properties":{"FID":3180,"TYPEPIPE":"Interstate","Operator":"Columbia Gas Trans Co","Status":"Operating","Shape_Leng":0.0697801204929,"Shape__Length":10479.037936097588}},{"type":"Feature","id":3182,"geometry":{"type":"LineString","coordinates":[[-77.649664,42.1436160000001],[-77.5815679999999,42.149248]]},"properties":{"FID":3182,"TYPEPIPE":"Interstate","Operator":"Columbia Gas Trans Co","Status":"Operating","Shape_Leng":0.0683285053254,"Shape__Length":7627.429287176391}},{"type":"Feature","id":3184,"geometry":{"type":"LineString","coordinates":[[-74.1285119999999,41.147904],[-73.9374079999999,41.096192]]},"properties":{"FID":3184,"TYPEPIPE":"Interstate","Operator":"Columbia Gas Trans Co","Status":"Operating","Shape_Leng":0.197976942496,"Shape__Length":22604.4524821398}},{"type":"Feature","id":3186,"geometry":{"type":"LineString","coordinates":[[-74.15744,41.194624],[-74.1285119999999,41.147904]]},"properties":{"FID":3186,"TYPEPIPE":"Interstate","Operator":"Columbia Gas Trans Co","Status":"Operating","Shape_Leng":0.0549507741893,"Shape__Length":7622.7744051821755}},{"type":"Feature","id":3188,"geometry":{"type":"LineString","coordinates":[[-74.215296,41.2733440000001],[-74.15744,41.194624]]},"properties":{"FID":3188,"TYPEPIPE":"Interstate","Operator":"Columbia Gas Trans Co","Status":"Operating","Shape_Leng":0.0976941919257,"Shape__Length":13314.062288417334}},{"type":"Feature","id":3190,"geometry":{"type":"LineString","coordinates":[[-74.496,41.3717760000001],[-74.215296,41.2733440000001]]},"properties":{"FID":3190,"TYPEPIPE":"Interstate","Operator":"Columbia Gas Trans Co","Status":"Operating","Shape_Leng":0.297461920655,"Shape__Length":34486.29513330536}},{"type":"Feature","id":3192,"geometry":{"type":"LineString","coordinates":[[-74.6176,41.4677760000001],[-74.496,41.3717760000001]]},"properties":{"FID":3192,"TYPEPIPE":"Interstate","Operator":"Columbia Gas Trans Co","Status":"Operating","Shape_Leng":0.154927595992,"Shape__Length":19655.2815172568}},{"type":"Feature","id":3194,"geometry":{"type":"LineString","coordinates":[[-74.7398719999999,41.4076000000001],[-74.6176,41.4677760000001]]},"properties":{"FID":3194,"TYPEPIPE":"Interstate","Operator":"Columbia Gas Trans Co","Status":"Operating","Shape_Leng":0.136277631914,"Shape__Length":16282.207064562652}},{"type":"Feature","id":3299,"geometry":{"type":"LineString","coordinates":[[-76.867587,42.210427],[-76.5311999999999,42.18368]]},"properties":{"FID":3299,"TYPEPIPE":"Interstate","Operator":"Columbia Gas Trans Co","Status":"Operating","Shape_Leng":0.337448686141,"Shape__Length":37661.48924833871}},{"type":"Feature","id":3415,"geometry":{"type":"LineString","coordinates":[[-77.585024,42.232448],[-77.603424,42.23728]]},"properties":{"FID":3415,"TYPEPIPE":"Interstate","Operator":"Columbia Gas Trans Co","Status":"Operating","Shape_Leng":0.0190238856178,"Shape__Length":2173.302610644565}},{"type":"Feature","id":3417,"geometry":{"type":"LineString","coordinates":[[-77.584464,42.2189680000001],[-77.600576,42.21504]]},"properties":{"FID":3417,"TYPEPIPE":"Interstate","Operator":"Columbia Gas Trans Co","Status":"Operating","Shape_Leng":0.016583899662,"Shape__Length":1888.2572501692218}},{"type":"Feature","id":3419,"geometry":{"type":"LineString","coordinates":[[-77.584464,42.2189680000001],[-77.585024,42.232448]]},"properties":{"FID":3419,"TYPEPIPE":"Interstate","Operator":"Columbia Gas Trans Co","Status":"Operating","Shape_Leng":0.013491627033,"Shape__Length":2027.4007736662704}},{"type":"Feature","id":3421,"geometry":{"type":"LineString","coordinates":[[-77.102176,42.481344],[-77.1040639999999,42.4734080000001]]},"properties":{"FID":3421,"TYPEPIPE":"Interstate","Operator":"Columbia Gas Trans Co","Status":"Operating","Shape_Leng":0.00815748980995,"Shape__Length":1216.1006319748722}},{"type":"Feature","id":3423,"geometry":{"type":"LineString","coordinates":[[-77.025408,42.479744],[-77.102176,42.481344]]},"properties":{"FID":3423,"TYPEPIPE":"Interstate","Operator":"Columbia Gas Trans Co","Status":"Operating","Shape_Leng":0.0767846718037,"Shape__Length":8549.18645946672}},{"type":"Feature","id":3425,"geometry":{"type":"LineString","coordinates":[[-76.990511,42.457437],[-77.025408,42.479744]]},"properties":{"FID":3425,"TYPEPIPE":"Interstate","Operator":"Columbia Gas Trans Co","Status":"Operating","Shape_Leng":0.0414174221554,"Shape__Length":5140.38439058119}},{"type":"Feature","id":3427,"geometry":{"type":"LineString","coordinates":[[-76.990511,42.457437],[-76.9914879999999,42.4875520000001]]},"properties":{"FID":3427,"TYPEPIPE":"Interstate","Operator":"Columbia Gas Trans Co","Status":"Operating","Shape_Leng":0.0301308438979,"Shape__Length":4546.284010182557}},{"type":"Feature","id":3429,"geometry":{"type":"LineString","coordinates":[[-76.984704,42.2782720000001],[-76.990511,42.457437]]},"properties":{"FID":3429,"TYPEPIPE":"Interstate","Operator":"Columbia Gas Trans Co","Status":"Operating","Shape_Leng":0.179259081985,"Shape__Length":27002.423269045452}},{"type":"Feature","id":4846,"geometry":{"type":"LineString","coordinates":[[-78.542096,42.846816],[-78.5974219999999,42.8450940000001]]},"properties":{"FID":4846,"TYPEPIPE":"Interstate","Operator":"Dominion Transmission Co","Status":"Operating","Shape_Leng":0.0553527917995,"Shape__Length":6164.409119379519}},{"type":"Feature","id":4847,"geometry":{"type":"LineString","coordinates":[[-78.532944,42.7859310000001],[-78.542096,42.846816]]},"properties":{"FID":4847,"TYPEPIPE":"Interstate","Operator":"Dominion Transmission Co","Status":"Operating","Shape_Leng":0.0615690046127,"Shape__Length":9295.750221168755}},{"type":"Feature","id":4848,"geometry":{"type":"LineString","coordinates":[[-75.732969,42.836143],[-75.7384479999999,42.8425120000001]]},"properties":{"FID":4848,"TYPEPIPE":"Interstate","Operator":"Dominion Transmission Co","Status":"Operating","Shape_Leng":0.00840140476348,"Shape__Length":1143.1978924680031}},{"type":"Feature","id":4849,"geometry":{"type":"LineString","coordinates":[[-74.098384,42.6841360000001],[-74.095808,42.6522560000001]]},"properties":{"FID":4849,"TYPEPIPE":"Interstate","Operator":"Dominion Transmission Co","Status":"Operating","Shape_Leng":0.0319839049523,"Shape__Length":4834.989274999028}},{"type":"Feature","id":4855,"geometry":{"type":"LineString","coordinates":[[-77.016064,42.9605120000001],[-77.180795,42.959055]]},"properties":{"FID":4855,"TYPEPIPE":"Interstate","Operator":"Dominion Transmission Co","Status":"Operating","Shape_Leng":0.164737443254,"Shape__Length":18339.110239811507}},{"type":"Feature","id":4856,"geometry":{"type":"LineString","coordinates":[[-77.180795,42.959055],[-77.237473,42.9585530000001]]},"properties":{"FID":4856,"TYPEPIPE":"Interstate","Operator":"Dominion Transmission Co","Status":"Operating","Shape_Leng":0.0566802230765,"Shape__Length":6309.828141063244}},{"type":"Feature","id":4857,"geometry":{"type":"LineString","coordinates":[[-77.237473,42.9585530000001],[-77.3199999999999,42.9578240000001]]},"properties":{"FID":4857,"TYPEPIPE":"Interstate","Operator":"Dominion Transmission Co","Status":"Operating","Shape_Leng":0.082530219738,"Shape__Length":9187.532790335077}},{"type":"Feature","id":4860,"geometry":{"type":"LineString","coordinates":[[-76.867587,42.210427],[-76.8224,42.2338560000001]]},"properties":{"FID":4860,"TYPEPIPE":"Interstate","Operator":"Dominion Transmission Co","Status":"Operating","Shape_Leng":0.0508997348716,"Shape__Length":6140.556230892466}},{"type":"Feature","id":4861,"geometry":{"type":"LineString","coordinates":[[-77.886816,42.1025280000001],[-77.901696,42.164096]]},"properties":{"FID":4861,"TYPEPIPE":"Interstate","Operator":"Dominion Transmission Co","Status":"Operating","Shape_Leng":0.0633406111748,"Shape__Length":9389.243451215385}},{"type":"Feature","id":4862,"geometry":{"type":"LineString","coordinates":[[-77.90604,42.188052],[-77.920448,42.2674880000001]]},"properties":{"FID":4862,"TYPEPIPE":"Interstate","Operator":"Dominion Transmission Co","Status":"Operating","Shape_Leng":0.0807320788783,"Shape__Length":12049.195121938747}},{"type":"Feature","id":4863,"geometry":{"type":"LineString","coordinates":[[-78.406786,42.7336510000001],[-78.468352,42.7690240000001]]},"properties":{"FID":4863,"TYPEPIPE":"Interstate","Operator":"Dominion Transmission Co","Status":"Operating","Shape_Leng":0.0710043765201,"Shape__Length":8702.102731012465}},{"type":"Feature","id":4864,"geometry":{"type":"LineString","coordinates":[[-78.078164,42.546048],[-78.063616,42.60864]]},"properties":{"FID":4864,"TYPEPIPE":"Interstate","Operator":"Dominion Transmission Co","Status":"Operating","Shape_Leng":0.0642604292547,"Shape__Length":9599.895987479771}},{"type":"Feature","id":4865,"geometry":{"type":"LineString","coordinates":[[-78.365463,42.7104630000001],[-78.406786,42.7336510000001]]},"properties":{"FID":4865,"TYPEPIPE":"Interstate","Operator":"Dominion Transmission Co","Status":"Operating","Shape_Leng":0.0473843188513,"Shape__Length":5788.425900407046}},{"type":"Feature","id":4866,"geometry":{"type":"LineString","coordinates":[[-77.934342,42.8163870000001],[-77.842944,42.9029120000001]]},"properties":{"FID":4866,"TYPEPIPE":"Interstate","Operator":"Dominion Transmission Co","Status":"Operating","Shape_Leng":0.125857737263,"Shape__Length":16618.603233930142}},{"type":"Feature","id":4867,"geometry":{"type":"LineString","coordinates":[[-77.9805919999999,42.7572700000001],[-77.9581439999999,42.7938560000001]]},"properties":{"FID":4867,"TYPEPIPE":"Interstate","Operator":"Dominion Transmission Co","Status":"Operating","Shape_Leng":0.0429237475065,"Shape__Length":6085.291087365786}},{"type":"Feature","id":4868,"geometry":{"type":"LineString","coordinates":[[-78.532944,42.7859310000001],[-78.58397,42.799288]]},"properties":{"FID":4868,"TYPEPIPE":"Interstate","Operator":"Dominion Transmission Co","Status":"Operating","Shape_Leng":0.0527452568957,"Shape__Length":6030.771974811672}},{"type":"Feature","id":4869,"geometry":{"type":"LineString","coordinates":[[-78.58397,42.799288],[-78.627064,42.810636],[-78.634269,42.812533]]},"properties":{"FID":4869,"TYPEPIPE":"Interstate","Operator":"Dominion Transmission Co","Status":"Operating","Shape_Leng":0.0520136465412,"Shape__Length":5948.995278289534}},{"type":"Feature","id":4870,"geometry":{"type":"LineString","coordinates":[[-75.732969,42.836143],[-75.596416,42.933632]]},"properties":{"FID":4870,"TYPEPIPE":"Interstate","Operator":"Dominion Transmission Co","Status":"Operating","Shape_Leng":0.167782081671,"Shape__Length":21223.561825707977}},{"type":"Feature","id":4871,"geometry":{"type":"LineString","coordinates":[[-74.098384,42.6841360000001],[-74.117248,42.6763520000001]]},"properties":{"FID":4871,"TYPEPIPE":"Interstate","Operator":"Dominion Transmission Co","Status":"Operating","Shape_Leng":0.0204068898169,"Shape__Length":2408.1146485753625}},{"type":"Feature","id":4872,"geometry":{"type":"LineString","coordinates":[[-73.7291519999999,42.5477760000001],[-73.710592,42.633088]]},"properties":{"FID":4872,"TYPEPIPE":"Interstate","Operator":"Dominion Transmission Co","Status":"Operating","Shape_Leng":0.0873075652163,"Shape__Length":13064.112249492608}},{"type":"Feature","id":4880,"geometry":{"type":"LineString","coordinates":[[-78.1903359999999,41.998656],[-78.22238,42.030204]]},"properties":{"FID":4880,"TYPEPIPE":"Interstate","Operator":"Dominion Transmission Co","Status":"Operating","Shape_Leng":0.0449677021873,"Shape__Length":5921.746922390127}},{"type":"Feature","id":4914,"geometry":{"type":"LineString","coordinates":[[-78.17152,42.653824],[-78.328448,42.688768]]},"properties":{"FID":4914,"TYPEPIPE":"Interstate","Operator":"Dominion Transmission Co","Status":"Operating","Shape_Leng":0.160771515885,"Shape__Length":18252.716363093197}},{"type":"Feature","id":4915,"geometry":{"type":"LineString","coordinates":[[-78.328448,42.688768],[-78.3544449999999,42.704005],[-78.365463,42.7104630000001]]},"properties":{"FID":4915,"TYPEPIPE":"Interstate","Operator":"Dominion Transmission Co","Status":"Operating","Shape_Leng":0.0429043500142,"Shape__Length":5270.429098540703}},{"type":"Feature","id":4916,"geometry":{"type":"LineString","coordinates":[[-78.063616,42.60864],[-78.021888,42.6888960000001]]},"properties":{"FID":4916,"TYPEPIPE":"Interstate","Operator":"Dominion Transmission Co","Status":"Operating","Shape_Leng":0.0904557987085,"Shape__Length":13004.486411212412}},{"type":"Feature","id":4917,"geometry":{"type":"LineString","coordinates":[[-78.085632,42.51392],[-78.078164,42.546048]]},"properties":{"FID":4917,"TYPEPIPE":"Interstate","Operator":"Dominion Transmission Co","Status":"Operating","Shape_Leng":0.0329845328601,"Shape__Length":4923.933725133539}},{"type":"Feature","id":4918,"geometry":{"type":"LineString","coordinates":[[-78.063616,42.60864],[-78.17152,42.653824]]},"properties":{"FID":4918,"TYPEPIPE":"Interstate","Operator":"Dominion Transmission Co","Status":"Operating","Shape_Leng":0.116982336581,"Shape__Length":13821.090642596178}},{"type":"Feature","id":4919,"geometry":{"type":"LineString","coordinates":[[-78.021888,42.6888960000001],[-78.000682,42.724007],[-77.9805919999999,42.7572700000001]]},"properties":{"FID":4919,"TYPEPIPE":"Interstate","Operator":"Dominion Transmission Co","Status":"Operating","Shape_Leng":0.0798771775416,"Shape__Length":11334.720658634371}},{"type":"Feature","id":4920,"geometry":{"type":"LineString","coordinates":[[-76.591872,42.349184],[-76.510976,42.367616]]},"properties":{"FID":4920,"TYPEPIPE":"Interstate","Operator":"Dominion Transmission Co","Status":"Operating","Shape_Leng":0.0829692800981,"Shape__Length":9423.67319974849}},{"type":"Feature","id":4921,"geometry":{"type":"LineString","coordinates":[[-76.510976,42.367616],[-76.3416319999999,42.445952]]},"properties":{"FID":4921,"TYPEPIPE":"Interstate","Operator":"Dominion Transmission Co","Status":"Operating","Shape_Leng":0.18658488479,"Shape__Length":22245.239920927368}},{"type":"Feature","id":4922,"geometry":{"type":"LineString","coordinates":[[-76.682624,42.281216],[-76.591872,42.349184]]},"properties":{"FID":4922,"TYPEPIPE":"Interstate","Operator":"Dominion Transmission Co","Status":"Operating","Shape_Leng":0.11338242601,"Shape__Length":14379.013680586033}},{"type":"Feature","id":4923,"geometry":{"type":"LineString","coordinates":[[-76.3416319999999,42.445952],[-76.292608,42.6208]]},"properties":{"FID":4923,"TYPEPIPE":"Interstate","Operator":"Dominion Transmission Co","Status":"Operating","Shape_Leng":0.181590681699,"Shape__Length":26971.82479444598}},{"type":"Feature","id":4924,"geometry":{"type":"LineString","coordinates":[[-76.3416319999999,42.445952],[-76.265728,42.4645120000001]]},"properties":{"FID":4924,"TYPEPIPE":"Interstate","Operator":"Dominion Transmission Co","Status":"Operating","Shape_Leng":0.0781401997438,"Shape__Length":8901.541405284848}},{"type":"Feature","id":4926,"geometry":{"type":"LineString","coordinates":[[-77.2712959999999,41.9951360000001],[-77.256576,42.0692480000001]]},"properties":{"FID":4926,"TYPEPIPE":"Interstate","Operator":"Dominion Transmission Co","Status":"Operating","Shape_Leng":0.0755596912646,"Shape__Length":11227.461406122373}},{"type":"Feature","id":4927,"geometry":{"type":"LineString","coordinates":[[-77.0360209999999,41.9999960000001],[-77.0309119999999,42.0774400000001]]},"properties":{"FID":4927,"TYPEPIPE":"Interstate","Operator":"Dominion Transmission Co","Status":"Operating","Shape_Leng":0.0776123380462,"Shape__Length":11621.72771212071}},{"type":"Feature","id":4928,"geometry":{"type":"LineString","coordinates":[[-77.0309119999999,42.0774400000001],[-76.9646079999999,42.1351680000001]]},"properties":{"FID":4928,"TYPEPIPE":"Interstate","Operator":"Dominion Transmission Co","Status":"Operating","Shape_Leng":0.0879132663481,"Shape__Length":11380.06673574877}},{"type":"Feature","id":4929,"geometry":{"type":"LineString","coordinates":[[-77.256576,42.0692480000001],[-77.0309119999999,42.0774400000001]]},"properties":{"FID":4929,"TYPEPIPE":"Interstate","Operator":"Dominion Transmission Co","Status":"Operating","Shape_Leng":0.225812643047,"Shape__Length":25150.824625799905}},{"type":"Feature","id":4930,"geometry":{"type":"LineString","coordinates":[[-74.08,42.845056],[-73.948544,42.7895040000001]]},"properties":{"FID":4930,"TYPEPIPE":"Interstate","Operator":"Dominion Transmission Co","Status":"Operating","Shape_Leng":0.142711963899,"Shape__Length":16888.366374611618}},{"type":"Feature","id":4931,"geometry":{"type":"LineString","coordinates":[[-73.948544,42.7895040000001],[-73.9312639999999,42.760704]]},"properties":{"FID":4931,"TYPEPIPE":"Interstate","Operator":"Dominion Transmission Co","Status":"Operating","Shape_Leng":0.0335862829144,"Shape__Length":4772.530486019838}},{"type":"Feature","id":4932,"geometry":{"type":"LineString","coordinates":[[-73.948544,42.7895040000001],[-73.9857919999999,42.744192]]},"properties":{"FID":4932,"TYPEPIPE":"Interstate","Operator":"Dominion Transmission Co","Status":"Operating","Shape_Leng":0.0586565499156,"Shape__Length":8025.122395755598}},{"type":"Feature","id":4933,"geometry":{"type":"LineString","coordinates":[[-76.931584,42.9666560000001],[-76.961408,42.96256]]},"properties":{"FID":4933,"TYPEPIPE":"Interstate","Operator":"Dominion Transmission Co","Status":"Operating","Shape_Leng":0.0301039564177,"Shape__Length":3377.9574450562955}},{"type":"Feature","id":4934,"geometry":{"type":"LineString","coordinates":[[-76.7255039999999,42.9728000000001],[-76.931584,42.9666560000001]]},"properties":{"FID":4934,"TYPEPIPE":"Interstate","Operator":"Dominion Transmission Co","Status":"Operating","Shape_Leng":0.206171567235,"Shape__Length":22959.755317321073}},{"type":"Feature","id":4935,"geometry":{"type":"LineString","coordinates":[[-76.739072,42.24832],[-76.682624,42.281216]]},"properties":{"FID":4935,"TYPEPIPE":"Interstate","Operator":"Dominion Transmission Co","Status":"Operating","Shape_Leng":0.0653339385006,"Shape__Length":7998.210914903773}},{"type":"Feature","id":4936,"geometry":{"type":"LineString","coordinates":[[-74.181632,42.8512000000001],[-74.08,42.845056]]},"properties":{"FID":4936,"TYPEPIPE":"Interstate","Operator":"Dominion Transmission Co","Status":"Operating","Shape_Leng":0.101817543479,"Shape__Length":11352.018016143604}},{"type":"Feature","id":4937,"geometry":{"type":"LineString","coordinates":[[-73.735424,42.519936],[-73.7291519999999,42.5477760000001]]},"properties":{"FID":4937,"TYPEPIPE":"Interstate","Operator":"Dominion Transmission Co","Status":"Operating","Shape_Leng":0.0285377571649,"Shape__Length":4263.323254328932}},{"type":"Feature","id":4938,"geometry":{"type":"LineString","coordinates":[[-76.961408,42.96256],[-77.016064,42.9605120000001]]},"properties":{"FID":4938,"TYPEPIPE":"Interstate","Operator":"Dominion Transmission Co","Status":"Operating","Shape_Leng":0.0546943565645,"Shape__Length":6092.248497478318}},{"type":"Feature","id":4939,"geometry":{"type":"LineString","coordinates":[[-76.223872,42.8576],[-76.223872,42.919296]]},"properties":{"FID":4939,"TYPEPIPE":"Interstate","Operator":"Dominion Transmission Co","Status":"Operating","Shape_Leng":0.061696,"Shape__Length":9373.760685617104}},{"type":"Feature","id":4940,"geometry":{"type":"LineString","coordinates":[[-76.216576,42.7751680000001],[-76.223872,42.8576]]},"properties":{"FID":4940,"TYPEPIPE":"Interstate","Operator":"Dominion Transmission Co","Status":"Operating","Shape_Leng":0.0827542520962,"Shape__Length":12536.01161470584}},{"type":"Feature","id":4941,"geometry":{"type":"LineString","coordinates":[[-76.223872,42.919296],[-76.345138,42.9492460000001],[-76.457088,42.9768960000001]]},"properties":{"FID":4941,"TYPEPIPE":"Interstate","Operator":"Dominion Transmission Co","Status":"Operating","Shape_Leng":0.24022377621,"Shape__Length":27399.54078148937}},{"type":"Feature","id":4942,"geometry":{"type":"LineString","coordinates":[[-75.456256,42.960384],[-75.344512,43.0118400000001]]},"properties":{"FID":4942,"TYPEPIPE":"Interstate","Operator":"Dominion Transmission Co","Status":"Operating","Shape_Leng":0.123022117816,"Shape__Length":14698.65083643605}},{"type":"Feature","id":4943,"geometry":{"type":"LineString","coordinates":[[-75.344512,43.0118400000001],[-75.26016,43.007616]]},"properties":{"FID":4943,"TYPEPIPE":"Interstate","Operator":"Dominion Transmission Co","Status":"Operating","Shape_Leng":0.0844576940248,"Shape__Length":9412.013852626766}},{"type":"Feature","id":4944,"geometry":{"type":"LineString","coordinates":[[-75.26016,43.007616],[-75.2106239999999,42.9829120000001]]},"properties":{"FID":4944,"TYPEPIPE":"Interstate","Operator":"Dominion Transmission Co","Status":"Operating","Shape_Leng":0.055354339595,"Shape__Length":6674.18016932457}},{"type":"Feature","id":4945,"geometry":{"type":"LineString","coordinates":[[-75.549568,42.9459200000001],[-75.456256,42.960384]]},"properties":{"FID":4945,"TYPEPIPE":"Interstate","Operator":"Dominion Transmission Co","Status":"Operating","Shape_Leng":0.0944263556429,"Shape__Length":10617.839846441564}},{"type":"Feature","id":4946,"geometry":{"type":"LineString","coordinates":[[-74.754432,42.89856],[-74.64768,42.865664]]},"properties":{"FID":4946,"TYPEPIPE":"Interstate","Operator":"Dominion Transmission Co","Status":"Operating","Shape_Leng":0.111705578733,"Shape__Length":12891.653356401974}},{"type":"Feature","id":4947,"geometry":{"type":"LineString","coordinates":[[-74.64768,42.865664],[-74.632618,42.863688],[-74.459392,42.8409600000001]]},"properties":{"FID":4947,"TYPEPIPE":"Interstate","Operator":"Dominion Transmission Co","Status":"Operating","Shape_Leng":0.189901707629,"Shape__Length":21293.161839040913}},{"type":"Feature","id":4948,"geometry":{"type":"LineString","coordinates":[[-74.337792,42.834816],[-74.181632,42.8512000000001]]},"properties":{"FID":4948,"TYPEPIPE":"Interstate","Operator":"Dominion Transmission Co","Status":"Operating","Shape_Leng":0.157017136186,"Shape__Length":17560.718386782308}},{"type":"Feature","id":4949,"geometry":{"type":"LineString","coordinates":[[-75.746304,42.826624],[-75.732969,42.836143]]},"properties":{"FID":4949,"TYPEPIPE":"Interstate","Operator":"Dominion Transmission Co","Status":"Operating","Shape_Leng":0.016383942932,"Shape__Length":2071.569521446338}},{"type":"Feature","id":4950,"geometry":{"type":"LineString","coordinates":[[-75.596416,42.933632],[-75.549568,42.9459200000001]]},"properties":{"FID":4950,"TYPEPIPE":"Interstate","Operator":"Dominion Transmission Co","Status":"Operating","Shape_Leng":0.0484327373581,"Shape__Length":5539.731015266105}},{"type":"Feature","id":4951,"geometry":{"type":"LineString","coordinates":[[-75.8914559999999,42.7463680000001],[-75.746304,42.826624]]},"properties":{"FID":4951,"TYPEPIPE":"Interstate","Operator":"Dominion Transmission Co","Status":"Operating","Shape_Leng":0.165861775705,"Shape__Length":20230.785371478363}},{"type":"Feature","id":4952,"geometry":{"type":"LineString","coordinates":[[-75.596416,42.933632],[-75.636992,43.06944]]},"properties":{"FID":4952,"TYPEPIPE":"Interstate","Operator":"Dominion Transmission Co","Status":"Operating","Shape_Leng":0.141739989558,"Shape__Length":21159.62002238585}},{"type":"Feature","id":4953,"geometry":{"type":"LineString","coordinates":[[-77.9581439999999,42.7938560000001],[-77.934342,42.8163870000001]]},"properties":{"FID":4953,"TYPEPIPE":"Interstate","Operator":"Dominion Transmission Co","Status":"Operating","Shape_Leng":0.032774703126,"Shape__Length":4325.218647317305}},{"type":"Feature","id":4954,"geometry":{"type":"LineString","coordinates":[[-77.842944,42.9029120000001],[-77.8207999999999,42.95232]]},"properties":{"FID":4954,"TYPEPIPE":"Interstate","Operator":"Dominion Transmission Co","Status":"Operating","Shape_Leng":0.0541433947957,"Shape__Length":7905.696074682367}},{"type":"Feature","id":4955,"geometry":{"type":"LineString","coordinates":[[-77.842944,42.9029120000001],[-77.9421399999999,42.9352630000001]]},"properties":{"FID":4955,"TYPEPIPE":"Interstate","Operator":"Dominion Transmission Co","Status":"Operating","Shape_Leng":0.104338073669,"Shape__Length":12087.979569314522}},{"type":"Feature","id":4957,"geometry":{"type":"LineString","coordinates":[[-74.459392,42.8409600000001],[-74.337792,42.834816]]},"properties":{"FID":4957,"TYPEPIPE":"Interstate","Operator":"Dominion Transmission Co","Status":"Operating","Shape_Leng":0.121755117905,"Shape__Length":13568.546406051002}},{"type":"Feature","id":4958,"geometry":{"type":"LineString","coordinates":[[-75.037056,42.9212160000001],[-74.754432,42.89856]]},"properties":{"FID":4958,"TYPEPIPE":"Interstate","Operator":"Dominion Transmission Co","Status":"Operating","Shape_Leng":0.283530632758,"Shape__Length":31649.438253554763}},{"type":"Feature","id":4959,"geometry":{"type":"LineString","coordinates":[[-75.2106239999999,42.9829120000001],[-75.037056,42.9212160000001]]},"properties":{"FID":4959,"TYPEPIPE":"Interstate","Operator":"Dominion Transmission Co","Status":"Operating","Shape_Leng":0.18420707652,"Shape__Length":21479.512042938393}},{"type":"Feature","id":4960,"geometry":{"type":"LineString","coordinates":[[-78.468352,42.7690240000001],[-78.532944,42.7859310000001]]},"properties":{"FID":4960,"TYPEPIPE":"Interstate","Operator":"Dominion Transmission Co","Status":"Operating","Shape_Leng":0.0667680545845,"Shape__Length":7633.870652074818}},{"type":"Feature","id":4961,"geometry":{"type":"LineString","coordinates":[[-76.263168,42.6722560000001],[-76.216576,42.7751680000001]]},"properties":{"FID":4961,"TYPEPIPE":"Interstate","Operator":"Dominion Transmission Co","Status":"Operating","Shape_Leng":0.112967668861,"Shape__Length":16434.22061787867}},{"type":"Feature","id":4962,"geometry":{"type":"LineString","coordinates":[[-76.105344,42.5076480000001],[-75.8914559999999,42.7463680000001]]},"properties":{"FID":4962,"TYPEPIPE":"Interstate","Operator":"Dominion Transmission Co","Status":"Operating","Shape_Leng":0.320523501391,"Shape__Length":43259.26242047738}},{"type":"Feature","id":4963,"geometry":{"type":"LineString","coordinates":[[-76.265728,42.4645120000001],[-76.105344,42.5076480000001]]},"properties":{"FID":4963,"TYPEPIPE":"Interstate","Operator":"Dominion Transmission Co","Status":"Operating","Shape_Leng":0.166083539076,"Shape__Length":19004.226562275642}},{"type":"Feature","id":4964,"geometry":{"type":"LineString","coordinates":[[-76.918144,42.184576],[-76.867587,42.210427]]},"properties":{"FID":4964,"TYPEPIPE":"Interstate","Operator":"Dominion Transmission Co","Status":"Operating","Shape_Leng":0.0567827830421,"Shape__Length":6838.346251636425}},{"type":"Feature","id":4965,"geometry":{"type":"LineString","coordinates":[[-76.8224,42.2338560000001],[-76.739072,42.24832]]},"properties":{"FID":4965,"TYPEPIPE":"Interstate","Operator":"Dominion Transmission Co","Status":"Operating","Shape_Leng":0.0845740083004,"Shape__Length":9527.587124893096}},{"type":"Feature","id":4966,"geometry":{"type":"LineString","coordinates":[[-76.9646079999999,42.1351680000001],[-76.918144,42.184576]]},"properties":{"FID":4966,"TYPEPIPE":"Interstate","Operator":"Dominion Transmission Co","Status":"Operating","Shape_Leng":0.067823696154,"Shape__Length":9044.660074083313}},{"type":"Feature","id":4967,"geometry":{"type":"LineString","coordinates":[[-76.67328,42.974976],[-76.7255039999999,42.9728000000001]]},"properties":{"FID":4967,"TYPEPIPE":"Interstate","Operator":"Dominion Transmission Co","Status":"Operating","Shape_Leng":0.0522693136744,"Shape__Length":5822.968271307729}},{"type":"Feature","id":4968,"geometry":{"type":"LineString","coordinates":[[-76.457088,42.9768960000001],[-76.67328,42.974976]]},"properties":{"FID":4968,"TYPEPIPE":"Interstate","Operator":"Dominion Transmission Co","Status":"Operating","Shape_Leng":0.216200525587,"Shape__Length":24068.156289701365}},{"type":"Feature","id":4969,"geometry":{"type":"LineString","coordinates":[[-76.292608,42.6208],[-76.263168,42.6722560000001]]},"properties":{"FID":4969,"TYPEPIPE":"Interstate","Operator":"Dominion Transmission Co","Status":"Operating","Shape_Leng":0.0592826579701,"Shape__Length":8448.972008351659}},{"type":"Feature","id":4971,"geometry":{"type":"LineString","coordinates":[[-77.86112,41.9996160000001],[-77.886816,42.1025280000001]]},"properties":{"FID":4971,"TYPEPIPE":"Interstate","Operator":"Dominion Transmission Co","Status":"Operating","Shape_Leng":0.106071504939,"Shape__Length":15691.045954702124}},{"type":"Feature","id":4972,"geometry":{"type":"LineString","coordinates":[[-77.901696,42.164096],[-77.90604,42.188052]]},"properties":{"FID":4972,"TYPEPIPE":"Interstate","Operator":"Dominion Transmission Co","Status":"Operating","Shape_Leng":0.0243466686017,"Shape__Length":3630.813121438931}},{"type":"Feature","id":4973,"geometry":{"type":"LineString","coordinates":[[-77.969152,42.330048],[-77.9935359999999,42.45696]]},"properties":{"FID":4973,"TYPEPIPE":"Interstate","Operator":"Dominion Transmission Co","Status":"Operating","Shape_Leng":0.129233258877,"Shape__Length":19321.181377362333}},{"type":"Feature","id":4974,"geometry":{"type":"LineString","coordinates":[[-77.920448,42.2674880000001],[-77.969152,42.330048]]},"properties":{"FID":4974,"TYPEPIPE":"Interstate","Operator":"Dominion Transmission Co","Status":"Operating","Shape_Leng":0.0792832467549,"Shape__Length":10864.939606590804}},{"type":"Feature","id":4975,"geometry":{"type":"LineString","coordinates":[[-77.9935359999999,42.45696],[-78.085632,42.51392]]},"properties":{"FID":4975,"TYPEPIPE":"Interstate","Operator":"Dominion Transmission Co","Status":"Operating","Shape_Leng":0.108287186758,"Shape__Length":13380.387359140821}},{"type":"Feature","id":4976,"geometry":{"type":"LineString","coordinates":[[-73.9312639999999,42.760704],[-73.82464,42.6535680000001]]},"properties":{"FID":4976,"TYPEPIPE":"Interstate","Operator":"Dominion Transmission Co","Status":"Operating","Shape_Leng":0.151151579125,"Shape__Length":20107.10077119672}},{"type":"Feature","id":4977,"geometry":{"type":"LineString","coordinates":[[-73.9857919999999,42.744192],[-74.052736,42.702976]]},"properties":{"FID":4977,"TYPEPIPE":"Interstate","Operator":"Dominion Transmission Co","Status":"Operating","Shape_Leng":0.0786146156386,"Shape__Length":9723.208411797701}},{"type":"Feature","id":4978,"geometry":{"type":"LineString","coordinates":[[-74.052736,42.702976],[-74.098384,42.6841360000001]]},"properties":{"FID":4978,"TYPEPIPE":"Interstate","Operator":"Dominion Transmission Co","Status":"Operating","Shape_Leng":0.0493830487515,"Shape__Length":5827.858855037882}},{"type":"Feature","id":4979,"geometry":{"type":"LineString","coordinates":[[-74.052736,42.702976],[-73.8494719999999,42.6022400000001]]},"properties":{"FID":4979,"TYPEPIPE":"Interstate","Operator":"Dominion Transmission Co","Status":"Operating","Shape_Leng":0.226856772859,"Shape__Length":27284.923673748563}},{"type":"Feature","id":5029,"geometry":{"type":"LineString","coordinates":[[-75.3695299999999,43.9019860000001],[-75.3698659999999,43.9010710000001]]},"properties":{"FID":5029,"TYPEPIPE":"Interstate","Operator":"Iroquois Gas Trans Co","Status":"Operating","Shape_Leng":0.000974741504215,"Shape__Length":146.22850608036632}},{"type":"Feature","id":5031,"geometry":{"type":"LineString","coordinates":[[-75.369492,43.902724],[-75.3695299999999,43.9019860000001]]},"properties":{"FID":5031,"TYPEPIPE":"Interstate","Operator":"Iroquois Gas Trans Co","Status":"Operating","Shape_Leng":0.000738977672147,"Shape__Length":114.09815937789367}},{"type":"Feature","id":5032,"geometry":{"type":"LineString","coordinates":[[-75.369724,43.904186],[-75.369492,43.902724]]},"properties":{"FID":5032,"TYPEPIPE":"Interstate","Operator":"Iroquois Gas Trans Co","Status":"Operating","Shape_Leng":0.0014802932142,"Shape__Length":227.3522564946123}},{"type":"Feature","id":5035,"geometry":{"type":"LineString","coordinates":[[-75.3698439999999,43.905024],[-75.369724,43.904186]]},"properties":{"FID":5035,"TYPEPIPE":"Interstate","Operator":"Iroquois Gas Trans Co","Status":"Operating","Shape_Leng":0.000846548285672,"Shape__Length":130.16172616432266}},{"type":"Feature","id":5038,"geometry":{"type":"LineString","coordinates":[[-75.3696679999999,43.90597],[-75.3698439999999,43.905024]]},"properties":{"FID":5038,"TYPEPIPE":"Interstate","Operator":"Iroquois Gas Trans Co","Status":"Operating","Shape_Leng":0.000962232820061,"Shape__Length":147.47033068064488}},{"type":"Feature","id":5041,"geometry":{"type":"LineString","coordinates":[[-75.367631,43.912129],[-75.3696679999999,43.90597]]},"properties":{"FID":5041,"TYPEPIPE":"Interstate","Operator":"Iroquois Gas Trans Co","Status":"Operating","Shape_Leng":0.00648711415039,"Shape__Length":978.3043026451111}},{"type":"Feature","id":5044,"geometry":{"type":"LineString","coordinates":[[-75.366976,43.9146610000001],[-75.367631,43.912129]]},"properties":{"FID":5044,"TYPEPIPE":"Interstate","Operator":"Iroquois Gas Trans Co","Status":"Operating","Shape_Leng":0.00261534873395,"Shape__Length":397.99820240100087}},{"type":"Feature","id":5046,"geometry":{"type":"LineString","coordinates":[[-75.366798,43.915358],[-75.366976,43.9146610000001]]},"properties":{"FID":5046,"TYPEPIPE":"Interstate","Operator":"Iroquois Gas Trans Co","Status":"Operating","Shape_Leng":0.000719369863093,"Shape__Length":109.51567111472569}},{"type":"Feature","id":5049,"geometry":{"type":"LineString","coordinates":[[-75.366419,43.916857],[-75.366798,43.915358]]},"properties":{"FID":5049,"TYPEPIPE":"Interstate","Operator":"Iroquois Gas Trans Co","Status":"Operating","Shape_Leng":0.0015461701071,"Shape__Length":235.4571371496975}},{"type":"Feature","id":5051,"geometry":{"type":"LineString","coordinates":[[-75.3658609999999,43.918139],[-75.366419,43.916857]]},"properties":{"FID":5051,"TYPEPIPE":"Interstate","Operator":"Iroquois Gas Trans Co","Status":"Operating","Shape_Leng":0.00139817309373,"Shape__Length":207.62669668610778}},{"type":"Feature","id":5053,"geometry":{"type":"LineString","coordinates":[[-75.3641959999999,43.9216440000001],[-75.3658609999999,43.918139]]},"properties":{"FID":5053,"TYPEPIPE":"Interstate","Operator":"Iroquois Gas Trans Co","Status":"Operating","Shape_Leng":0.00388036725068,"Shape__Length":572.5088387116144}},{"type":"Feature","id":5055,"geometry":{"type":"LineString","coordinates":[[-75.363888,43.9240150000001],[-75.3641959999999,43.9216440000001]]},"properties":{"FID":5055,"TYPEPIPE":"Interstate","Operator":"Iroquois Gas Trans Co","Status":"Operating","Shape_Leng":0.0023909213705,"Shape__Length":368.0419480645421}},{"type":"Feature","id":5057,"geometry":{"type":"LineString","coordinates":[[-75.362342,43.926814],[-75.363888,43.9240150000001]]},"properties":{"FID":5057,"TYPEPIPE":"Interstate","Operator":"Iroquois Gas Trans Co","Status":"Operating","Shape_Leng":0.00319757986608,"Shape__Length":465.5837943879973}},{"type":"Feature","id":5058,"geometry":{"type":"LineString","coordinates":[[-75.360605,43.9281710000001],[-75.362342,43.926814]]},"properties":{"FID":5058,"TYPEPIPE":"Interstate","Operator":"Iroquois Gas Trans Co","Status":"Operating","Shape_Leng":0.00220422730227,"Shape__Length":285.273299398036}},{"type":"Feature","id":5059,"geometry":{"type":"LineString","coordinates":[[-75.360446,43.9287860000001],[-75.360605,43.9281710000001]]},"properties":{"FID":5059,"TYPEPIPE":"Interstate","Operator":"Iroquois Gas Trans Co","Status":"Operating","Shape_Leng":0.00063522122129,"Shape__Length":96.69196020735792}},{"type":"Feature","id":5060,"geometry":{"type":"LineString","coordinates":[[-75.3590769999999,43.9334240000001],[-75.360446,43.9287860000001]]},"properties":{"FID":5060,"TYPEPIPE":"Interstate","Operator":"Iroquois Gas Trans Co","Status":"Operating","Shape_Leng":0.00483582516227,"Shape__Length":732.9280377380462}},{"type":"Feature","id":5061,"geometry":{"type":"LineString","coordinates":[[-75.3583849999999,43.937128],[-75.3590769999999,43.9334240000001]]},"properties":{"FID":5061,"TYPEPIPE":"Interstate","Operator":"Iroquois Gas Trans Co","Status":"Operating","Shape_Leng":0.0037680870478,"Shape__Length":577.7369478817982}},{"type":"Feature","id":5062,"geometry":{"type":"LineString","coordinates":[[-75.357568,43.94206],[-75.3583849999999,43.937128]]},"properties":{"FID":5062,"TYPEPIPE":"Interstate","Operator":"Iroquois Gas Trans Co","Status":"Operating","Shape_Leng":0.00499921123778,"Shape__Length":767.8675838881267}},{"type":"Feature","id":5063,"geometry":{"type":"LineString","coordinates":[[-75.3788499999999,43.875322],[-75.379466,43.8744560000001]]},"properties":{"FID":5063,"TYPEPIPE":"Interstate","Operator":"Iroquois Gas Trans Co","Status":"Operating","Shape_Leng":0.00106273797335,"Shape__Length":150.2895946802057}},{"type":"Feature","id":5064,"geometry":{"type":"LineString","coordinates":[[-75.37758,43.876971],[-75.3788499999999,43.875322]]},"properties":{"FID":5064,"TYPEPIPE":"Interstate","Operator":"Iroquois Gas Trans Co","Status":"Operating","Shape_Leng":0.0020813699815,"Shape__Length":291.2671538131655}},{"type":"Feature","id":5065,"geometry":{"type":"LineString","coordinates":[[-75.3762869999999,43.878338],[-75.37758,43.876971]]},"properties":{"FID":5065,"TYPEPIPE":"Interstate","Operator":"Iroquois Gas Trans Co","Status":"Operating","Shape_Leng":0.00188163173871,"Shape__Length":255.51064473710758}},{"type":"Feature","id":5066,"geometry":{"type":"LineString","coordinates":[[-75.374609,43.8794960000001],[-75.3762869999999,43.878338]]},"properties":{"FID":5066,"TYPEPIPE":"Interstate","Operator":"Iroquois Gas Trans Co","Status":"Operating","Shape_Leng":0.00203878591323,"Shape__Length":258.6025540391187}},{"type":"Feature","id":5067,"geometry":{"type":"LineString","coordinates":[[-75.373482,43.8805310000001],[-75.374609,43.8794960000001]]},"properties":{"FID":5067,"TYPEPIPE":"Interstate","Operator":"Iroquois Gas Trans Co","Status":"Operating","Shape_Leng":0.00153014835882,"Shape__Length":203.19973427309606}},{"type":"Feature","id":5068,"geometry":{"type":"LineString","coordinates":[[-75.373012,43.881446],[-75.373482,43.8805310000001]]},"properties":{"FID":5068,"TYPEPIPE":"Interstate","Operator":"Iroquois Gas Trans Co","Status":"Operating","Shape_Leng":0.00102865203054,"Shape__Length":150.68969946787143}},{"type":"Feature","id":5069,"geometry":{"type":"LineString","coordinates":[[-75.37206,43.884929],[-75.373012,43.881446]]},"properties":{"FID":5069,"TYPEPIPE":"Interstate","Operator":"Iroquois Gas Trans Co","Status":"Operating","Shape_Leng":0.00361076072318,"Shape__Length":548.2836804262557}},{"type":"Feature","id":5070,"geometry":{"type":"LineString","coordinates":[[-75.370797,43.886127],[-75.37206,43.884929]]},"properties":{"FID":5070,"TYPEPIPE":"Interstate","Operator":"Iroquois Gas Trans Co","Status":"Operating","Shape_Leng":0.00174079665669,"Shape__Length":232.39176724769237}},{"type":"Feature","id":5071,"geometry":{"type":"LineString","coordinates":[[-75.370957,43.8869720000001],[-75.370797,43.886127]]},"properties":{"FID":5071,"TYPEPIPE":"Interstate","Operator":"Iroquois Gas Trans Co","Status":"Operating","Shape_Leng":0.000860014534786,"Shape__Length":131.72609044086423}},{"type":"Feature","id":5072,"geometry":{"type":"LineString","coordinates":[[-75.371159,43.887768],[-75.370957,43.8869720000001]]},"properties":{"FID":5072,"TYPEPIPE":"Interstate","Operator":"Iroquois Gas Trans Co","Status":"Operating","Shape_Leng":0.000821230783622,"Shape__Length":124.98906583177173}},{"type":"Feature","id":5073,"geometry":{"type":"LineString","coordinates":[[-75.37071,43.8890880000001],[-75.371159,43.887768]]},"properties":{"FID":5073,"TYPEPIPE":"Interstate","Operator":"Iroquois Gas Trans Co","Status":"Operating","Shape_Leng":0.00139427436327,"Shape__Length":209.92709116654916}},{"type":"Feature","id":5074,"geometry":{"type":"LineString","coordinates":[[-75.370623,43.889508],[-75.37071,43.8890880000001]]},"properties":{"FID":5074,"TYPEPIPE":"Interstate","Operator":"Iroquois Gas Trans Co","Status":"Operating","Shape_Leng":0.000428916075672,"Shape__Length":65.5939517087883}},{"type":"Feature","id":5075,"geometry":{"type":"LineString","coordinates":[[-75.370918,43.890385],[-75.370623,43.889508]]},"properties":{"FID":5075,"TYPEPIPE":"Interstate","Operator":"Iroquois Gas Trans Co","Status":"Operating","Shape_Leng":0.000925285901763,"Shape__Length":139.39029737348386}},{"type":"Feature","id":5076,"geometry":{"type":"LineString","coordinates":[[-75.3718679999999,43.892976],[-75.370918,43.890385]]},"properties":{"FID":5076,"TYPEPIPE":"Interstate","Operator":"Iroquois Gas Trans Co","Status":"Operating","Shape_Leng":0.00275967045133,"Shape__Length":413.9691454968552}},{"type":"Feature","id":5077,"geometry":{"type":"LineString","coordinates":[[-75.372197,43.894194],[-75.3718679999999,43.892976]]},"properties":{"FID":5077,"TYPEPIPE":"Interstate","Operator":"Iroquois Gas Trans Co","Status":"Operating","Shape_Leng":0.0012616516952,"Shape__Length":191.6825180968097}},{"type":"Feature","id":5078,"geometry":{"type":"LineString","coordinates":[[-75.372126,43.895319],[-75.372197,43.894194]]},"properties":{"FID":5078,"TYPEPIPE":"Interstate","Operator":"Iroquois Gas Trans Co","Status":"Operating","Shape_Leng":0.00112723821795,"Shape__Length":173.96799697643127}},{"type":"Feature","id":5079,"geometry":{"type":"LineString","coordinates":[[-75.371771,43.896559],[-75.372126,43.895319]]},"properties":{"FID":5079,"TYPEPIPE":"Interstate","Operator":"Iroquois Gas Trans Co","Status":"Operating","Shape_Leng":0.00128981587833,"Shape__Length":195.59107064355413}},{"type":"Feature","id":5080,"geometry":{"type":"LineString","coordinates":[[-75.3708149999999,43.8986140000001],[-75.371771,43.896559]]},"properties":{"FID":5080,"TYPEPIPE":"Interstate","Operator":"Iroquois Gas Trans Co","Status":"Operating","Shape_Leng":0.00226648648799,"Shape__Length":334.8309578316203}},{"type":"Feature","id":5081,"geometry":{"type":"LineString","coordinates":[[-75.3698659999999,43.9010710000001],[-75.3708149999999,43.8986140000001]]},"properties":{"FID":5081,"TYPEPIPE":"Interstate","Operator":"Iroquois Gas Trans Co","Status":"Operating","Shape_Leng":0.00263390394661,"Shape__Length":394.0126449378575}},{"type":"Feature","id":5082,"geometry":{"type":"LineString","coordinates":[[-75.3573039999999,43.9438660000001],[-75.357568,43.94206]]},"properties":{"FID":5082,"TYPEPIPE":"Interstate","Operator":"Iroquois Gas Trans Co","Status":"Operating","Shape_Leng":0.0018251936884,"Shape__Length":280.7567374754096}},{"type":"Feature","id":5083,"geometry":{"type":"LineString","coordinates":[[-75.356702,43.946177],[-75.3573039999999,43.9438660000001]]},"properties":{"FID":5083,"TYPEPIPE":"Interstate","Operator":"Iroquois Gas Trans Co","Status":"Operating","Shape_Leng":0.00238812164677,"Shape__Length":363.53182777537296}},{"type":"Feature","id":5084,"geometry":{"type":"LineString","coordinates":[[-75.355217,43.95025],[-75.356702,43.946177]]},"properties":{"FID":5084,"TYPEPIPE":"Interstate","Operator":"Iroquois Gas Trans Co","Status":"Operating","Shape_Leng":0.00433526861913,"Shape__Length":651.0919544936635}},{"type":"Feature","id":5085,"geometry":{"type":"LineString","coordinates":[[-75.354819,43.951966],[-75.355217,43.95025]]},"properties":{"FID":5085,"TYPEPIPE":"Interstate","Operator":"Iroquois Gas Trans Co","Status":"Operating","Shape_Leng":0.00176155045343,"Shape__Length":269.0099469079108}},{"type":"Feature","id":5086,"geometry":{"type":"LineString","coordinates":[[-75.354167,43.955988],[-75.354819,43.951966]]},"properties":{"FID":5086,"TYPEPIPE":"Interstate","Operator":"Iroquois Gas Trans Co","Status":"Operating","Shape_Leng":0.00407450463249,"Shape__Length":626.1523274900937}},{"type":"Feature","id":5087,"geometry":{"type":"LineString","coordinates":[[-75.3535449999999,43.959031],[-75.354167,43.955988]]},"properties":{"FID":5087,"TYPEPIPE":"Interstate","Operator":"Iroquois Gas Trans Co","Status":"Operating","Shape_Leng":0.00310591902663,"Shape__Length":475.6411764751697}},{"type":"Feature","id":5088,"geometry":{"type":"LineString","coordinates":[[-75.352888,43.964213],[-75.3535449999999,43.959031]]},"properties":{"FID":5088,"TYPEPIPE":"Interstate","Operator":"Iroquois Gas Trans Co","Status":"Operating","Shape_Leng":0.00522348284193,"Shape__Length":804.7385672122396}},{"type":"Feature","id":5089,"geometry":{"type":"LineString","coordinates":[[-75.3522359999999,43.970605],[-75.352888,43.964213]]},"properties":{"FID":5089,"TYPEPIPE":"Interstate","Operator":"Iroquois Gas Trans Co","Status":"Operating","Shape_Leng":0.00642516676827,"Shape__Length":991.2944752788148}},{"type":"Feature","id":5090,"geometry":{"type":"LineString","coordinates":[[-75.351912,43.973639],[-75.3522359999999,43.970605]]},"properties":{"FID":5090,"TYPEPIPE":"Interstate","Operator":"Iroquois Gas Trans Co","Status":"Operating","Shape_Leng":0.00305125089104,"Shape__Length":470.6819640215829}},{"type":"Feature","id":5091,"geometry":{"type":"LineString","coordinates":[[-75.351956,43.9750480000001],[-75.351912,43.973639]]},"properties":{"FID":5091,"TYPEPIPE":"Interstate","Operator":"Iroquois Gas Trans Co","Status":"Operating","Shape_Leng":0.00140968684468,"Shape__Length":218.00679924042998}},{"type":"Feature","id":5092,"geometry":{"type":"LineString","coordinates":[[-75.352145,43.9774770000001],[-75.351956,43.9750480000001]]},"properties":{"FID":5092,"TYPEPIPE":"Interstate","Operator":"Iroquois Gas Trans Co","Status":"Operating","Shape_Leng":0.00243634193003,"Shape__Length":376.33162769405186}},{"type":"Feature","id":5093,"geometry":{"type":"LineString","coordinates":[[-75.352591,43.9820730000001],[-75.352145,43.9774770000001]]},"properties":{"FID":5093,"TYPEPIPE":"Interstate","Operator":"Iroquois Gas Trans Co","Status":"Operating","Shape_Leng":0.0046175894144,"Shape__Length":712.7306121457877}},{"type":"Feature","id":5094,"geometry":{"type":"LineString","coordinates":[[-75.3529109999999,43.984927],[-75.352591,43.9820730000001]]},"properties":{"FID":5094,"TYPEPIPE":"Interstate","Operator":"Iroquois Gas Trans Co","Status":"Operating","Shape_Leng":0.00287188370234,"Shape__Length":442.97492036719865}},{"type":"Feature","id":5095,"geometry":{"type":"LineString","coordinates":[[-75.352987,43.9855420000001],[-75.3529109999999,43.984927]]},"properties":{"FID":5095,"TYPEPIPE":"Interstate","Operator":"Iroquois Gas Trans Co","Status":"Operating","Shape_Leng":0.000619678142307,"Shape__Length":95.52437765817491}},{"type":"Feature","id":5096,"geometry":{"type":"LineString","coordinates":[[-75.3535679999999,43.9875630000001],[-75.352987,43.9855420000001]]},"properties":{"FID":5096,"TYPEPIPE":"Interstate","Operator":"Iroquois Gas Trans Co","Status":"Operating","Shape_Leng":0.00210285567741,"Shape__Length":319.3024647766347}},{"type":"Feature","id":5097,"geometry":{"type":"LineString","coordinates":[[-75.3546459999999,43.9917740000001],[-75.3535679999999,43.9875630000001]]},"properties":{"FID":5097,"TYPEPIPE":"Interstate","Operator":"Iroquois Gas Trans Co","Status":"Operating","Shape_Leng":0.00434679249562,"Shape__Length":662.5073823695516}},{"type":"Feature","id":5098,"geometry":{"type":"LineString","coordinates":[[-75.355514,43.9953570000001],[-75.3546459999999,43.9917740000001]]},"properties":{"FID":5098,"TYPEPIPE":"Interstate","Operator":"Iroquois Gas Trans Co","Status":"Operating","Shape_Leng":0.00368663979797,"Shape__Length":562.7744506928915}},{"type":"Feature","id":5099,"geometry":{"type":"LineString","coordinates":[[-75.3556159999999,43.9962530000001],[-75.355514,43.9953570000001]]},"properties":{"FID":5099,"TYPEPIPE":"Interstate","Operator":"Iroquois Gas Trans Co","Status":"Operating","Shape_Leng":0.000901787114576,"Shape__Length":139.11242545815216}},{"type":"Feature","id":5100,"geometry":{"type":"LineString","coordinates":[[-75.355557,43.9995860000001],[-75.3556159999999,43.9962530000001]]},"properties":{"FID":5100,"TYPEPIPE":"Interstate","Operator":"Iroquois Gas Trans Co","Status":"Operating","Shape_Leng":0.00333352216132,"Shape__Length":515.8131567279856}},{"type":"Feature","id":5101,"geometry":{"type":"LineString","coordinates":[[-75.355553,44.0002030000001],[-75.355557,43.9995860000001]]},"properties":{"FID":5101,"TYPEPIPE":"Interstate","Operator":"Iroquois Gas Trans Co","Status":"Operating","Shape_Leng":0.000617012965805,"Shape__Length":95.48303948004946}},{"type":"Feature","id":5102,"geometry":{"type":"LineString","coordinates":[[-75.355577,44.003313],[-75.355553,44.0002030000001]]},"properties":{"FID":5102,"TYPEPIPE":"Interstate","Operator":"Iroquois Gas Trans Co","Status":"Operating","Shape_Leng":0.00311009260312,"Shape__Length":481.3013389133864}},{"type":"Feature","id":5103,"geometry":{"type":"LineString","coordinates":[[-75.355493,44.0090250000001],[-75.355577,44.003313]]},"properties":{"FID":5103,"TYPEPIPE":"Interstate","Operator":"Iroquois Gas Trans Co","Status":"Operating","Shape_Leng":0.00571261761369,"Shape__Length":884.0865316708804}},{"type":"Feature","id":5104,"geometry":{"type":"LineString","coordinates":[[-75.355047,44.012233],[-75.355493,44.0090250000001]]},"properties":{"FID":5104,"TYPEPIPE":"Interstate","Operator":"Iroquois Gas Trans Co","Status":"Operating","Shape_Leng":0.00323885473583,"Shape__Length":499.0103532700661}},{"type":"Feature","id":5105,"geometry":{"type":"LineString","coordinates":[[-75.354519,44.015224],[-75.355047,44.012233]]},"properties":{"FID":5105,"TYPEPIPE":"Interstate","Operator":"Iroquois Gas Trans Co","Status":"Operating","Shape_Leng":0.0030372462857,"Shape__Length":466.6873716694875}},{"type":"Feature","id":5106,"geometry":{"type":"LineString","coordinates":[[-75.354095,44.0169700000001],[-75.354519,44.015224]]},"properties":{"FID":5106,"TYPEPIPE":"Interstate","Operator":"Iroquois Gas Trans Co","Status":"Operating","Shape_Leng":0.00179674483444,"Shape__Length":274.3613057377346}},{"type":"Feature","id":5107,"geometry":{"type":"LineString","coordinates":[[-75.353405,44.0203760000001],[-75.354095,44.0169700000001]]},"properties":{"FID":5107,"TYPEPIPE":"Interstate","Operator":"Iroquois Gas Trans Co","Status":"Operating","Shape_Leng":0.00347518862796,"Shape__Length":532.817834205767}},{"type":"Feature","id":5108,"geometry":{"type":"LineString","coordinates":[[-75.353172,44.0235650000001],[-75.353405,44.0203760000001]]},"properties":{"FID":5108,"TYPEPIPE":"Interstate","Operator":"Iroquois Gas Trans Co","Status":"Operating","Shape_Leng":0.00319750058641,"Shape__Length":494.3688267481361}},{"type":"Feature","id":5109,"geometry":{"type":"LineString","coordinates":[[-75.3535419999999,44.024841],[-75.353172,44.0235650000001]]},"properties":{"FID":5109,"TYPEPIPE":"Interstate","Operator":"Iroquois Gas Trans Co","Status":"Operating","Shape_Leng":0.00132856162818,"Shape__Length":201.79275059405413}},{"type":"Feature","id":5110,"geometry":{"type":"LineString","coordinates":[[-75.3552989999999,44.028009],[-75.3535419999999,44.024841]]},"properties":{"FID":5110,"TYPEPIPE":"Interstate","Operator":"Iroquois Gas Trans Co","Status":"Operating","Shape_Leng":0.00362260583008,"Shape__Length":528.0334691162274}},{"type":"Feature","id":5111,"geometry":{"type":"LineString","coordinates":[[-75.3559089999999,44.0295200000001],[-75.3552989999999,44.028009]]},"properties":{"FID":5111,"TYPEPIPE":"Interstate","Operator":"Iroquois Gas Trans Co","Status":"Operating","Shape_Leng":0.00162948488792,"Shape__Length":243.59998431585373}},{"type":"Feature","id":5112,"geometry":{"type":"LineString","coordinates":[[-75.356217,44.031952],[-75.3559089999999,44.0295200000001]]},"properties":{"FID":5112,"TYPEPIPE":"Interstate","Operator":"Iroquois Gas Trans Co","Status":"Operating","Shape_Leng":0.00245142570763,"Shape__Length":378.110448737456}},{"type":"Feature","id":5113,"geometry":{"type":"LineString","coordinates":[[-75.355674,44.033379],[-75.356217,44.031952]]},"properties":{"FID":5113,"TYPEPIPE":"Interstate","Operator":"Iroquois Gas Trans Co","Status":"Operating","Shape_Leng":0.0015268195702,"Shape__Length":229.072265617548}},{"type":"Feature","id":5114,"geometry":{"type":"LineString","coordinates":[[-75.355305,44.034246],[-75.355674,44.033379]]},"properties":{"FID":5114,"TYPEPIPE":"Interstate","Operator":"Iroquois Gas Trans Co","Status":"Operating","Shape_Leng":0.000942257926489,"Shape__Length":140.3905551634647}},{"type":"Feature","id":5115,"geometry":{"type":"LineString","coordinates":[[-75.3553009999999,44.0350280000001],[-75.355305,44.034246]]},"properties":{"FID":5115,"TYPEPIPE":"Interstate","Operator":"Iroquois Gas Trans Co","Status":"Operating","Shape_Leng":0.000782010230128,"Shape__Length":121.08783093358771}},{"type":"Feature","id":5116,"geometry":{"type":"LineString","coordinates":[[-75.355902,44.0381560000001],[-75.3553009999999,44.0350280000001]]},"properties":{"FID":5116,"TYPEPIPE":"Interstate","Operator":"Iroquois Gas Trans Co","Status":"Operating","Shape_Leng":0.00318521349364,"Shape__Length":488.9627036032149}},{"type":"Feature","id":5117,"geometry":{"type":"LineString","coordinates":[[-75.354565,44.0418070000001],[-75.355902,44.0381560000001]]},"properties":{"FID":5117,"TYPEPIPE":"Interstate","Operator":"Iroquois Gas Trans Co","Status":"Operating","Shape_Leng":0.00388810622281,"Shape__Length":584.6436292305635}},{"type":"Feature","id":5118,"geometry":{"type":"LineString","coordinates":[[-75.353532,44.0442810000001],[-75.354565,44.0418070000001]]},"properties":{"FID":5118,"TYPEPIPE":"Interstate","Operator":"Iroquois Gas Trans Co","Status":"Operating","Shape_Leng":0.002681000746,"Shape__Length":400.0200350356163}},{"type":"Feature","id":5119,"geometry":{"type":"LineString","coordinates":[[-75.3530509999999,44.046295],[-75.353532,44.0442810000001]]},"properties":{"FID":5119,"TYPEPIPE":"Interstate","Operator":"Iroquois Gas Trans Co","Status":"Operating","Shape_Leng":0.00207064168796,"Shape__Length":316.4718859646483}},{"type":"Feature","id":5120,"geometry":{"type":"LineString","coordinates":[[-75.353127,44.0470050000001],[-75.3530509999999,44.046295]]},"properties":{"FID":5120,"TYPEPIPE":"Interstate","Operator":"Iroquois Gas Trans Co","Status":"Operating","Shape_Leng":0.000714056020241,"Shape__Length":110.28561261238578}},{"type":"Feature","id":5121,"geometry":{"type":"LineString","coordinates":[[-75.35453,44.051043],[-75.353127,44.0470050000001]]},"properties":{"FID":5121,"TYPEPIPE":"Interstate","Operator":"Iroquois Gas Trans Co","Status":"Operating","Shape_Leng":0.00427479274349,"Shape__Length":644.6132396810676}},{"type":"Feature","id":5122,"geometry":{"type":"LineString","coordinates":[[-75.3551629999999,44.053145],[-75.35453,44.051043]]},"properties":{"FID":5122,"TYPEPIPE":"Interstate","Operator":"Iroquois Gas Trans Co","Status":"Operating","Shape_Leng":0.00219524326668,"Shape__Length":333.11356779882965}},{"type":"Feature","id":5123,"geometry":{"type":"LineString","coordinates":[[-75.35507,44.0557150000001],[-75.3551629999999,44.053145]]},"properties":{"FID":5123,"TYPEPIPE":"Interstate","Operator":"Iroquois Gas Trans Co","Status":"Operating","Shape_Leng":0.00257168213437,"Shape__Length":398.21338828274514}},{"type":"Feature","id":5124,"geometry":{"type":"LineString","coordinates":[[-75.355698,44.0588960000001],[-75.35507,44.0557150000001]]},"properties":{"FID":5124,"TYPEPIPE":"Interstate","Operator":"Iroquois Gas Trans Co","Status":"Operating","Shape_Leng":0.00324239803231,"Shape__Length":497.67772555394527}},{"type":"Feature","id":5125,"geometry":{"type":"LineString","coordinates":[[-75.356829,44.063678],[-75.355698,44.0588960000001]]},"properties":{"FID":5125,"TYPEPIPE":"Interstate","Operator":"Iroquois Gas Trans Co","Status":"Operating","Shape_Leng":0.00491392765512,"Shape__Length":751.4139468164864}},{"type":"Feature","id":5126,"geometry":{"type":"LineString","coordinates":[[-75.3593979999999,44.0682790000001],[-75.356829,44.063678]]},"properties":{"FID":5126,"TYPEPIPE":"Interstate","Operator":"Iroquois Gas Trans Co","Status":"Operating","Shape_Leng":0.0052696263625,"Shape__Length":768.0366956084607}},{"type":"Feature","id":5127,"geometry":{"type":"LineString","coordinates":[[-75.363377,44.0734840000001],[-75.3593979999999,44.0682790000001]]},"properties":{"FID":5127,"TYPEPIPE":"Interstate","Operator":"Iroquois Gas Trans Co","Status":"Operating","Shape_Leng":0.00655167657932,"Shape__Length":920.0855074405537}},{"type":"Feature","id":5128,"geometry":{"type":"LineString","coordinates":[[-75.3667159999999,44.080518],[-75.363377,44.0734840000001]]},"properties":{"FID":5128,"TYPEPIPE":"Interstate","Operator":"Iroquois Gas Trans Co","Status":"Operating","Shape_Leng":0.00778627491163,"Shape__Length":1151.5789094297618}},{"type":"Feature","id":5129,"geometry":{"type":"LineString","coordinates":[[-75.3659979999999,44.0816380000001],[-75.3667159999999,44.080518]]},"properties":{"FID":5129,"TYPEPIPE":"Interstate","Operator":"Iroquois Gas Trans Co","Status":"Operating","Shape_Leng":0.00133038490672,"Shape__Length":191.07966055239163}},{"type":"Feature","id":5130,"geometry":{"type":"LineString","coordinates":[[-75.3627999999999,44.086262],[-75.3659979999999,44.0816380000001]]},"properties":{"FID":5130,"TYPEPIPE":"Interstate","Operator":"Iroquois Gas Trans Co","Status":"Operating","Shape_Leng":0.00562215083396,"Shape__Length":800.147546214738}},{"type":"Feature","id":5131,"geometry":{"type":"LineString","coordinates":[[-75.364227,44.0938150000001],[-75.3627999999999,44.086262]]},"properties":{"FID":5131,"TYPEPIPE":"Interstate","Operator":"Iroquois Gas Trans Co","Status":"Operating","Shape_Leng":0.00768662071398,"Shape__Length":1181.351038561599}},{"type":"Feature","id":5132,"geometry":{"type":"LineString","coordinates":[[-75.36281,44.0972420000001],[-75.364227,44.0938150000001]]},"properties":{"FID":5132,"TYPEPIPE":"Interstate","Operator":"Iroquois Gas Trans Co","Status":"Operating","Shape_Leng":0.00370839830654,"Shape__Length":554.1181383682746}},{"type":"Feature","id":5133,"geometry":{"type":"LineString","coordinates":[[-75.362647,44.097678],[-75.36281,44.0972420000001]]},"properties":{"FID":5133,"TYPEPIPE":"Interstate","Operator":"Iroquois Gas Trans Co","Status":"Operating","Shape_Leng":0.000465472877811,"Shape__Length":69.97657763037626}},{"type":"Feature","id":5134,"geometry":{"type":"LineString","coordinates":[[-75.362588,44.101205],[-75.362647,44.097678]]},"properties":{"FID":5134,"TYPEPIPE":"Interstate","Operator":"Iroquois Gas Trans Co","Status":"Operating","Shape_Leng":0.00352749344438,"Shape__Length":546.7679788563131}},{"type":"Feature","id":5135,"geometry":{"type":"LineString","coordinates":[[-75.332994,44.1774760000001],[-75.332775,44.173055]]},"properties":{"FID":5135,"TYPEPIPE":"Interstate","Operator":"Iroquois Gas Trans Co","Status":"Operating","Shape_Leng":0.00442642090185,"Shape__Length":686.6230791547481}},{"type":"Feature","id":5136,"geometry":{"type":"LineString","coordinates":[[-75.333564,44.180589],[-75.332994,44.1774760000001]]},"properties":{"FID":5136,"TYPEPIPE":"Interstate","Operator":"Iroquois Gas Trans Co","Status":"Operating","Shape_Leng":0.00316475417685,"Shape__Length":487.3526513695245}},{"type":"Feature","id":5137,"geometry":{"type":"LineString","coordinates":[[-75.334988,44.1826070000001],[-75.333564,44.180589]]},"properties":{"FID":5137,"TYPEPIPE":"Interstate","Operator":"Iroquois Gas Trans Co","Status":"Operating","Shape_Leng":0.00246983805138,"Shape__Length":351.0756788255175}},{"type":"Feature","id":5138,"geometry":{"type":"LineString","coordinates":[[-75.3401719999999,44.184306],[-75.334988,44.1826070000001]]},"properties":{"FID":5138,"TYPEPIPE":"Interstate","Operator":"Iroquois Gas Trans Co","Status":"Operating","Shape_Leng":0.00545531456469,"Shape__Length":634.4926534448678}},{"type":"Feature","id":5139,"geometry":{"type":"LineString","coordinates":[[-75.364727,44.1037010000001],[-75.362588,44.101205]]},"properties":{"FID":5139,"TYPEPIPE":"Interstate","Operator":"Iroquois Gas Trans Co","Status":"Operating","Shape_Leng":0.00328714724344,"Shape__Length":454.32668135017417}},{"type":"Feature","id":5140,"geometry":{"type":"LineString","coordinates":[[-75.365709,44.108653],[-75.364727,44.1037010000001]]},"properties":{"FID":5140,"TYPEPIPE":"Interstate","Operator":"Iroquois Gas Trans Co","Status":"Operating","Shape_Leng":0.00504842827027,"Shape__Length":775.4523802336673}},{"type":"Feature","id":5141,"geometry":{"type":"LineString","coordinates":[[-75.366252,44.1131980000001],[-75.365709,44.108653]]},"properties":{"FID":5141,"TYPEPIPE":"Interstate","Operator":"Iroquois Gas Trans Co","Status":"Operating","Shape_Leng":0.00457732170598,"Shape__Length":707.25577742975}},{"type":"Feature","id":5142,"geometry":{"type":"LineString","coordinates":[[-75.365777,44.113704],[-75.366252,44.1131980000001]]},"properties":{"FID":5142,"TYPEPIPE":"Interstate","Operator":"Iroquois Gas Trans Co","Status":"Operating","Shape_Leng":0.00069401801127,"Shape__Length":94.61032166287976}},{"type":"Feature","id":5143,"geometry":{"type":"LineString","coordinates":[[-75.3625019999999,44.114812],[-75.365777,44.113704]]},"properties":{"FID":5143,"TYPEPIPE":"Interstate","Operator":"Iroquois Gas Trans Co","Status":"Operating","Shape_Leng":0.00345735288916,"Shape__Length":403.02155450738775}},{"type":"Feature","id":5144,"geometry":{"type":"LineString","coordinates":[[-75.359766,44.118525],[-75.3625019999999,44.114812]]},"properties":{"FID":5144,"TYPEPIPE":"Interstate","Operator":"Iroquois Gas Trans Co","Status":"Operating","Shape_Leng":0.00461216489296,"Shape__Length":651.3266308616128}},{"type":"Feature","id":5145,"geometry":{"type":"LineString","coordinates":[[-75.3575719999999,44.1212120000001],[-75.359766,44.118525]]},"properties":{"FID":5145,"TYPEPIPE":"Interstate","Operator":"Iroquois Gas Trans Co","Status":"Operating","Shape_Leng":0.00346894868805,"Shape__Length":482.9679653430077}},{"type":"Feature","id":5146,"geometry":{"type":"LineString","coordinates":[[-75.355832,44.1246160000001],[-75.3575719999999,44.1212120000001]]},"properties":{"FID":5146,"TYPEPIPE":"Interstate","Operator":"Iroquois Gas Trans Co","Status":"Operating","Shape_Leng":0.00382293290549,"Shape__Length":562.2868946470628}},{"type":"Feature","id":5147,"geometry":{"type":"LineString","coordinates":[[-75.354698,44.1252230000001],[-75.355832,44.1246160000001]]},"properties":{"FID":5147,"TYPEPIPE":"Interstate","Operator":"Iroquois Gas Trans Co","Status":"Operating","Shape_Leng":0.0012862367589,"Shape__Length":157.46948215052842}},{"type":"Feature","id":5148,"geometry":{"type":"LineString","coordinates":[[-75.352571,44.1253550000001],[-75.354698,44.1252230000001]]},"properties":{"FID":5148,"TYPEPIPE":"Interstate","Operator":"Iroquois Gas Trans Co","Status":"Operating","Shape_Leng":0.00213109197364,"Shape__Length":237.6598042569053}},{"type":"Feature","id":5149,"geometry":{"type":"LineString","coordinates":[[-75.3513609999999,44.127754],[-75.352571,44.1253550000001]]},"properties":{"FID":5149,"TYPEPIPE":"Interstate","Operator":"Iroquois Gas Trans Co","Status":"Operating","Shape_Leng":0.00268687569491,"Shape__Length":395.67770080796805}},{"type":"Feature","id":5150,"geometry":{"type":"LineString","coordinates":[[-75.349239,44.1295660000001],[-75.3513609999999,44.127754]]},"properties":{"FID":5150,"TYPEPIPE":"Interstate","Operator":"Iroquois Gas Trans Co","Status":"Operating","Shape_Leng":0.00279038133596,"Shape__Length":367.1141861546395}},{"type":"Feature","id":5151,"geometry":{"type":"LineString","coordinates":[[-75.3465879999999,44.131784],[-75.349239,44.1295660000001]]},"properties":{"FID":5151,"TYPEPIPE":"Interstate","Operator":"Iroquois Gas Trans Co","Status":"Operating","Shape_Leng":0.00345649027193,"Shape__Length":453.23738343605913}},{"type":"Feature","id":5152,"geometry":{"type":"LineString","coordinates":[[-75.345288,44.133246],[-75.3465879999999,44.131784]]},"properties":{"FID":5152,"TYPEPIPE":"Interstate","Operator":"Iroquois Gas Trans Co","Status":"Operating","Shape_Leng":0.00195638544257,"Shape__Length":268.9987436525093}},{"type":"Feature","id":5153,"geometry":{"type":"LineString","coordinates":[[-75.344571,44.134051],[-75.345288,44.133246]]},"properties":{"FID":5153,"TYPEPIPE":"Interstate","Operator":"Iroquois Gas Trans Co","Status":"Operating","Shape_Leng":0.00107801391458,"Shape__Length":148.1888136907928}},{"type":"Feature","id":5154,"geometry":{"type":"LineString","coordinates":[[-75.343713,44.135925],[-75.344571,44.134051]]},"properties":{"FID":5154,"TYPEPIPE":"Interstate","Operator":"Iroquois Gas Trans Co","Status":"Operating","Shape_Leng":0.00206107738815,"Shape__Length":305.95818986802414}},{"type":"Feature","id":5155,"geometry":{"type":"LineString","coordinates":[[-75.341957,44.13946],[-75.343713,44.135925]]},"properties":{"FID":5155,"TYPEPIPE":"Interstate","Operator":"Iroquois Gas Trans Co","Status":"Operating","Shape_Leng":0.00394712059608,"Shape__Length":582.1253404565723}},{"type":"Feature","id":5156,"geometry":{"type":"LineString","coordinates":[[-75.337464,44.1414940000001],[-75.341957,44.13946]]},"properties":{"FID":5156,"TYPEPIPE":"Interstate","Operator":"Iroquois Gas Trans Co","Status":"Operating","Shape_Leng":0.00493195752216,"Shape__Length":591.3608748964847}},{"type":"Feature","id":5157,"geometry":{"type":"LineString","coordinates":[[-75.337002,44.1420590000001],[-75.337464,44.1414940000001]]},"properties":{"FID":5157,"TYPEPIPE":"Interstate","Operator":"Iroquois Gas Trans Co","Status":"Operating","Shape_Leng":0.000729841763649,"Shape__Length":101.61991352164296}},{"type":"Feature","id":5158,"geometry":{"type":"LineString","coordinates":[[-75.3363879999999,44.1436220000001],[-75.337002,44.1420590000001]]},"properties":{"FID":5158,"TYPEPIPE":"Interstate","Operator":"Iroquois Gas Trans Co","Status":"Operating","Shape_Leng":0.00167927514124,"Shape__Length":251.91214125849345}},{"type":"Feature","id":5159,"geometry":{"type":"LineString","coordinates":[[-75.3363639999999,44.1454450000001],[-75.3363879999999,44.1436220000001]]},"properties":{"FID":5159,"TYPEPIPE":"Interstate","Operator":"Iroquois Gas Trans Co","Status":"Operating","Shape_Leng":0.00182315797451,"Shape__Length":282.815884997053}},{"type":"Feature","id":5160,"geometry":{"type":"LineString","coordinates":[[-75.3365429999999,44.1470390000001],[-75.3363639999999,44.1454450000001]]},"properties":{"FID":5160,"TYPEPIPE":"Interstate","Operator":"Iroquois Gas Trans Co","Status":"Operating","Shape_Leng":0.00160401901486,"Shape__Length":248.0870163338087}},{"type":"Feature","id":5161,"geometry":{"type":"LineString","coordinates":[[-75.3366559999999,44.1488160000001],[-75.3365429999999,44.1470390000001]]},"properties":{"FID":5161,"TYPEPIPE":"Interstate","Operator":"Iroquois Gas Trans Co","Status":"Operating","Shape_Leng":0.00178058922832,"Shape__Length":275.9699395724133}},{"type":"Feature","id":5162,"geometry":{"type":"LineString","coordinates":[[-75.3364789999999,44.151477],[-75.3366559999999,44.1488160000001]]},"properties":{"FID":5162,"TYPEPIPE":"Interstate","Operator":"Iroquois Gas Trans Co","Status":"Operating","Shape_Leng":0.00266688019977,"Shape__Length":413.31197241330256}},{"type":"Feature","id":5163,"geometry":{"type":"LineString","coordinates":[[-75.3356879999999,44.153289],[-75.3364789999999,44.151477]]},"properties":{"FID":5163,"TYPEPIPE":"Interstate","Operator":"Iroquois Gas Trans Co","Status":"Operating","Shape_Leng":0.00197712543858,"Shape__Length":294.6012602418122}},{"type":"Feature","id":5164,"geometry":{"type":"LineString","coordinates":[[-75.335838,44.1551430000001],[-75.3356879999999,44.153289]]},"properties":{"FID":5164,"TYPEPIPE":"Interstate","Operator":"Iroquois Gas Trans Co","Status":"Operating","Shape_Leng":0.00186005806365,"Shape__Length":288.1437320298672}},{"type":"Feature","id":5165,"geometry":{"type":"LineString","coordinates":[[-75.336354,44.156862],[-75.335838,44.1551430000001]]},"properties":{"FID":5165,"TYPEPIPE":"Interstate","Operator":"Iroquois Gas Trans Co","Status":"Operating","Shape_Leng":0.00179477491623,"Shape__Length":272.8365979579317}},{"type":"Feature","id":5166,"geometry":{"type":"LineString","coordinates":[[-75.3373539999999,44.158749],[-75.336354,44.156862]]},"properties":{"FID":5166,"TYPEPIPE":"Interstate","Operator":"Iroquois Gas Trans Co","Status":"Operating","Shape_Leng":0.00213559570144,"Shape__Length":313.244928469715}},{"type":"Feature","id":5167,"geometry":{"type":"LineString","coordinates":[[-75.3372419999999,44.159335],[-75.3373539999999,44.158749]]},"properties":{"FID":5167,"TYPEPIPE":"Interstate","Operator":"Iroquois Gas Trans Co","Status":"Operating","Shape_Leng":0.000596607073373,"Shape__Length":91.77972456996164}},{"type":"Feature","id":5168,"geometry":{"type":"LineString","coordinates":[[-75.336732,44.161255],[-75.3372419999999,44.159335]]},"properties":{"FID":5168,"TYPEPIPE":"Interstate","Operator":"Iroquois Gas Trans Co","Status":"Operating","Shape_Leng":0.00198657997571,"Shape__Length":303.29152657397674}},{"type":"Feature","id":5169,"geometry":{"type":"LineString","coordinates":[[-75.335631,44.163162],[-75.336732,44.161255]]},"properties":{"FID":5169,"TYPEPIPE":"Interstate","Operator":"Iroquois Gas Trans Co","Status":"Operating","Shape_Leng":0.00220201044504,"Shape__Length":320.2998117890737}},{"type":"Feature","id":5170,"geometry":{"type":"LineString","coordinates":[[-75.335293,44.163464],[-75.335631,44.163162]]},"properties":{"FID":5170,"TYPEPIPE":"Interstate","Operator":"Iroquois Gas Trans Co","Status":"Operating","Shape_Leng":0.000453263720129,"Shape__Length":60.09979445549233}},{"type":"Feature","id":5171,"geometry":{"type":"LineString","coordinates":[[-75.334828,44.1648260000001],[-75.335293,44.163464]]},"properties":{"FID":5171,"TYPEPIPE":"Interstate","Operator":"Iroquois Gas Trans Co","Status":"Operating","Shape_Leng":0.00143919039744,"Shape__Length":217.60462475255835}},{"type":"Feature","id":5172,"geometry":{"type":"LineString","coordinates":[[-75.334017,44.167654],[-75.334828,44.1648260000001]]},"properties":{"FID":5172,"TYPEPIPE":"Interstate","Operator":"Iroquois Gas Trans Co","Status":"Operating","Shape_Leng":0.00294198997276,"Shape__Length":448.06056919184664}},{"type":"Feature","id":5173,"geometry":{"type":"LineString","coordinates":[[-75.3340909999999,44.16878],[-75.334017,44.167654]]},"properties":{"FID":5173,"TYPEPIPE":"Interstate","Operator":"Iroquois Gas Trans Co","Status":"Operating","Shape_Leng":0.00112842899644,"Shape__Length":174.94134482362372}},{"type":"Feature","id":5174,"geometry":{"type":"LineString","coordinates":[[-75.333632,44.1692170000001],[-75.3340909999999,44.16878]]},"properties":{"FID":5174,"TYPEPIPE":"Interstate","Operator":"Iroquois Gas Trans Co","Status":"Operating","Shape_Leng":0.00063375862914,"Shape__Length":84.9137709308239}},{"type":"Feature","id":5175,"geometry":{"type":"LineString","coordinates":[[-75.332704,44.171211],[-75.333632,44.1692170000001]]},"properties":{"FID":5175,"TYPEPIPE":"Interstate","Operator":"Iroquois Gas Trans Co","Status":"Operating","Shape_Leng":0.00219936809103,"Shape__Length":326.2523112108875}},{"type":"Feature","id":5176,"geometry":{"type":"LineString","coordinates":[[-75.332775,44.173055],[-75.332704,44.171211]]},"properties":{"FID":5176,"TYPEPIPE":"Interstate","Operator":"Iroquois Gas Trans Co","Status":"Operating","Shape_Leng":0.0018453663593,"Shape__Length":286.30396267038117}},{"type":"Feature","id":5177,"geometry":{"type":"LineString","coordinates":[[-75.34307,44.186805],[-75.3401719999999,44.184306]]},"properties":{"FID":5177,"TYPEPIPE":"Interstate","Operator":"Iroquois Gas Trans Co","Status":"Operating","Shape_Leng":0.00382667022359,"Shape__Length":504.55100614891506}},{"type":"Feature","id":5178,"geometry":{"type":"LineString","coordinates":[[-75.343586,44.190302],[-75.34307,44.186805]]},"properties":{"FID":5178,"TYPEPIPE":"Interstate","Operator":"Iroquois Gas Trans Co","Status":"Operating","Shape_Leng":0.00353486421237,"Shape__Length":545.92733725495}},{"type":"Feature","id":5179,"geometry":{"type":"LineString","coordinates":[[-75.34369,44.1954720000001],[-75.343586,44.190302]]},"properties":{"FID":5179,"TYPEPIPE":"Interstate","Operator":"Iroquois Gas Trans Co","Status":"Operating","Shape_Leng":0.00517104592904,"Shape__Length":802.7669642569577}},{"type":"Feature","id":5180,"geometry":{"type":"LineString","coordinates":[[-75.34397,44.1963680000001],[-75.34369,44.1954720000001]]},"properties":{"FID":5180,"TYPEPIPE":"Interstate","Operator":"Iroquois Gas Trans Co","Status":"Operating","Shape_Leng":0.000938731058401,"Shape__Length":142.5672676657884}},{"type":"Feature","id":5181,"geometry":{"type":"LineString","coordinates":[[-75.34369,44.1974310000001],[-75.34397,44.1963680000001]]},"properties":{"FID":5181,"TYPEPIPE":"Interstate","Operator":"Iroquois Gas Trans Co","Status":"Operating","Shape_Leng":0.00109925838635,"Shape__Length":167.96777675739438}},{"type":"Feature","id":5182,"geometry":{"type":"LineString","coordinates":[[-75.343918,44.1989970000001],[-75.34369,44.1974310000001]]},"properties":{"FID":5182,"TYPEPIPE":"Interstate","Operator":"Iroquois Gas Trans Co","Status":"Operating","Shape_Leng":0.0015825106635,"Shape__Length":244.47694203282435}},{"type":"Feature","id":5183,"geometry":{"type":"LineString","coordinates":[[-75.3428699999999,44.200616],[-75.343918,44.1989970000001]]},"properties":{"FID":5183,"TYPEPIPE":"Interstate","Operator":"Iroquois Gas Trans Co","Status":"Operating","Shape_Leng":0.00192859145489,"Shape__Length":277.14292950591795}},{"type":"Feature","id":5184,"geometry":{"type":"LineString","coordinates":[[-75.343201,44.202051],[-75.3428699999999,44.200616]]},"properties":{"FID":5184,"TYPEPIPE":"Interstate","Operator":"Iroquois Gas Trans Co","Status":"Operating","Shape_Leng":0.00147267987019,"Shape__Length":225.85301181526262}},{"type":"Feature","id":5185,"geometry":{"type":"LineString","coordinates":[[-75.3427129999999,44.2034810000001],[-75.343201,44.202051]]},"properties":{"FID":5185,"TYPEPIPE":"Interstate","Operator":"Iroquois Gas Trans Co","Status":"Operating","Shape_Leng":0.00151097452,"Shape__Length":228.60442159650293}},{"type":"Feature","id":5186,"geometry":{"type":"LineString","coordinates":[[-75.341863,44.204194],[-75.3427129999999,44.2034810000001]]},"properties":{"FID":5186,"TYPEPIPE":"Interstate","Operator":"Iroquois Gas Trans Co","Status":"Operating","Shape_Leng":0.00110944535687,"Shape__Length":145.6435491572803}},{"type":"Feature","id":5187,"geometry":{"type":"LineString","coordinates":[[-75.341062,44.207887],[-75.341863,44.204194]]},"properties":{"FID":5187,"TYPEPIPE":"Interstate","Operator":"Iroquois Gas Trans Co","Status":"Operating","Shape_Leng":0.00377886887838,"Shape__Length":580.3859654974511}},{"type":"Feature","id":5188,"geometry":{"type":"LineString","coordinates":[[-75.340502,44.2084560000001],[-75.341062,44.207887]]},"properties":{"FID":5188,"TYPEPIPE":"Interstate","Operator":"Iroquois Gas Trans Co","Status":"Operating","Shape_Leng":0.000798348921246,"Shape__Length":108.14091318735656}},{"type":"Feature","id":5189,"geometry":{"type":"LineString","coordinates":[[-75.339377,44.2105520000001],[-75.340502,44.2084560000001]]},"properties":{"FID":5189,"TYPEPIPE":"Interstate","Operator":"Iroquois Gas Trans Co","Status":"Operating","Shape_Leng":0.00237883185618,"Shape__Length":348.77211813158334}},{"type":"Feature","id":5190,"geometry":{"type":"LineString","coordinates":[[-75.337366,44.214277],[-75.339377,44.2105520000001]]},"properties":{"FID":5190,"TYPEPIPE":"Interstate","Operator":"Iroquois Gas Trans Co","Status":"Operating","Shape_Leng":0.00423317209664,"Shape__Length":620.3297003273573}},{"type":"Feature","id":5191,"geometry":{"type":"LineString","coordinates":[[-75.335908,44.2156220000001],[-75.337366,44.214277]]},"properties":{"FID":5191,"TYPEPIPE":"Interstate","Operator":"Iroquois Gas Trans Co","Status":"Operating","Shape_Leng":0.00198363025791,"Shape__Length":264.54072254352354}},{"type":"Feature","id":5192,"geometry":{"type":"LineString","coordinates":[[-75.3341399999999,44.2173070000001],[-75.335908,44.2156220000001]]},"properties":{"FID":5192,"TYPEPIPE":"Interstate","Operator":"Iroquois Gas Trans Co","Status":"Operating","Shape_Leng":0.00244234497975,"Shape__Length":327.45945303849976}},{"type":"Feature","id":5193,"geometry":{"type":"LineString","coordinates":[[-75.333406,44.218193],[-75.3341399999999,44.2173070000001]]},"properties":{"FID":5193,"TYPEPIPE":"Interstate","Operator":"Iroquois Gas Trans Co","Status":"Operating","Shape_Leng":0.00115054421902,"Shape__Length":160.04563996536422}},{"type":"Feature","id":5194,"geometry":{"type":"LineString","coordinates":[[-75.3328549999999,44.219004],[-75.333406,44.218193]]},"properties":{"FID":5194,"TYPEPIPE":"Interstate","Operator":"Iroquois Gas Trans Co","Status":"Operating","Shape_Leng":0.000980470295333,"Shape__Length":140.10873942141848}},{"type":"Feature","id":5195,"geometry":{"type":"LineString","coordinates":[[-75.33208,44.2205280000001],[-75.3328549999999,44.219004]]},"properties":{"FID":5195,"TYPEPIPE":"Interstate","Operator":"Iroquois Gas Trans Co","Status":"Operating","Shape_Leng":0.0017097371143,"Shape__Length":251.9520360003021}},{"type":"Feature","id":5196,"geometry":{"type":"LineString","coordinates":[[-75.330347,44.223279],[-75.33208,44.2205280000001]]},"properties":{"FID":5196,"TYPEPIPE":"Interstate","Operator":"Iroquois Gas Trans Co","Status":"Operating","Shape_Leng":0.00325135202646,"Shape__Length":468.85339636516335}},{"type":"Feature","id":5197,"geometry":{"type":"LineString","coordinates":[[-75.328898,44.2253450000001],[-75.330347,44.223279]]},"properties":{"FID":5197,"TYPEPIPE":"Interstate","Operator":"Iroquois Gas Trans Co","Status":"Operating","Shape_Leng":0.00252348112733,"Shape__Length":359.1893436080255}},{"type":"Feature","id":5198,"geometry":{"type":"LineString","coordinates":[[-75.326407,44.2266130000001],[-75.328898,44.2253450000001]]},"properties":{"FID":5198,"TYPEPIPE":"Interstate","Operator":"Iroquois Gas Trans Co","Status":"Operating","Shape_Leng":0.00279515741955,"Shape__Length":340.1378456511545}},{"type":"Feature","id":5199,"geometry":{"type":"LineString","coordinates":[[-75.323974,44.230914],[-75.326407,44.2266130000001]]},"properties":{"FID":5199,"TYPEPIPE":"Interstate","Operator":"Iroquois Gas Trans Co","Status":"Operating","Shape_Leng":0.00494146638155,"Shape__Length":720.9766110516438}},{"type":"Feature","id":5200,"geometry":{"type":"LineString","coordinates":[[-75.324623,44.2367320000001],[-75.323974,44.230914]]},"properties":{"FID":5200,"TYPEPIPE":"Interstate","Operator":"Iroquois Gas Trans Co","Status":"Operating","Shape_Leng":0.00585408617979,"Shape__Length":906.8012974207056}},{"type":"Feature","id":5201,"geometry":{"type":"LineString","coordinates":[[-75.324856,44.238654],[-75.324623,44.2367320000001]]},"properties":{"FID":5201,"TYPEPIPE":"Interstate","Operator":"Iroquois Gas Trans Co","Status":"Operating","Shape_Leng":0.00193607153791,"Shape__Length":299.75713945679115}},{"type":"Feature","id":5202,"geometry":{"type":"LineString","coordinates":[[-75.325255,44.2409940000001],[-75.324856,44.238654]]},"properties":{"FID":5202,"TYPEPIPE":"Interstate","Operator":"Iroquois Gas Trans Co","Status":"Operating","Shape_Leng":0.00237377357809,"Shape__Length":366.2961581382041}},{"type":"Feature","id":5203,"geometry":{"type":"LineString","coordinates":[[-75.325429,44.243185],[-75.325255,44.2409940000001]]},"properties":{"FID":5203,"TYPEPIPE":"Interstate","Operator":"Iroquois Gas Trans Co","Status":"Operating","Shape_Leng":0.00219789831428,"Shape__Length":341.0050375014345}},{"type":"Feature","id":5204,"geometry":{"type":"LineString","coordinates":[[-75.327648,44.2506700000001],[-75.325429,44.243185]]},"properties":{"FID":5204,"TYPEPIPE":"Interstate","Operator":"Iroquois Gas Trans Co","Status":"Operating","Shape_Leng":0.00780699596518,"Shape__Length":1189.1125265872881}},{"type":"Feature","id":5205,"geometry":{"type":"LineString","coordinates":[[-75.327011,44.251445],[-75.327648,44.2506700000001]]},"properties":{"FID":5205,"TYPEPIPE":"Interstate","Operator":"Iroquois Gas Trans Co","Status":"Operating","Shape_Leng":0.00100319190584,"Shape__Length":139.76773515896767}},{"type":"Feature","id":5206,"geometry":{"type":"LineString","coordinates":[[-75.323201,44.25798],[-75.327011,44.251445]]},"properties":{"FID":5206,"TYPEPIPE":"Interstate","Operator":"Iroquois Gas Trans Co","Status":"Operating","Shape_Leng":0.00756454393865,"Shape__Length":1100.6738924124752}},{"type":"Feature","id":5207,"geometry":{"type":"LineString","coordinates":[[-75.322823,44.263535],[-75.323201,44.25798]]},"properties":{"FID":5207,"TYPEPIPE":"Interstate","Operator":"Iroquois Gas Trans Co","Status":"Operating","Shape_Leng":0.00556784599286,"Shape__Length":864.477489990631}},{"type":"Feature","id":5208,"geometry":{"type":"LineString","coordinates":[[-75.322575,44.265922],[-75.322823,44.263535]]},"properties":{"FID":5208,"TYPEPIPE":"Interstate","Operator":"Iroquois Gas Trans Co","Status":"Operating","Shape_Leng":0.00239984853689,"Shape__Length":372.07889144045436}},{"type":"Feature","id":5209,"geometry":{"type":"LineString","coordinates":[[-75.322708,44.272795],[-75.322575,44.265922]]},"properties":{"FID":5209,"TYPEPIPE":"Interstate","Operator":"Iroquois Gas Trans Co","Status":"Operating","Shape_Leng":0.00687428672662,"Shape__Length":1068.5777011436476}},{"type":"Feature","id":5210,"geometry":{"type":"LineString","coordinates":[[-75.322863,44.277814],[-75.322708,44.272795]]},"properties":{"FID":5210,"TYPEPIPE":"Interstate","Operator":"Iroquois Gas Trans Co","Status":"Operating","Shape_Leng":0.00502139283467,"Shape__Length":780.5223658196539}},{"type":"Feature","id":5211,"geometry":{"type":"LineString","coordinates":[[-75.3219769999999,44.2815840000001],[-75.322863,44.277814]]},"properties":{"FID":5211,"TYPEPIPE":"Interstate","Operator":"Iroquois Gas Trans Co","Status":"Operating","Shape_Leng":0.00387271171149,"Shape__Length":594.4260711057797}},{"type":"Feature","id":5212,"geometry":{"type":"LineString","coordinates":[[-75.320982,44.2856380000001],[-75.3219769999999,44.2815840000001]]},"properties":{"FID":5212,"TYPEPIPE":"Interstate","Operator":"Iroquois Gas Trans Co","Status":"Operating","Shape_Leng":0.00417431922593,"Shape__Length":640.0437619167831}},{"type":"Feature","id":5213,"geometry":{"type":"LineString","coordinates":[[-75.315288,44.2900040000001],[-75.320982,44.2856380000001]]},"properties":{"FID":5213,"TYPEPIPE":"Interstate","Operator":"Iroquois Gas Trans Co","Status":"Operating","Shape_Leng":0.00717520675661,"Shape__Length":928.8401179500944}},{"type":"Feature","id":5214,"geometry":{"type":"LineString","coordinates":[[-75.314918,44.291634],[-75.315288,44.2900040000001]]},"properties":{"FID":5214,"TYPEPIPE":"Interstate","Operator":"Iroquois Gas Trans Co","Status":"Operating","Shape_Leng":0.00167146642201,"Shape__Length":256.8164277638079}},{"type":"Feature","id":5215,"geometry":{"type":"LineString","coordinates":[[-75.314508,44.293485],[-75.314918,44.291634]]},"properties":{"FID":5215,"TYPEPIPE":"Interstate","Operator":"Iroquois Gas Trans Co","Status":"Operating","Shape_Leng":0.00189586418288,"Shape__Length":291.4653985095094}},{"type":"Feature","id":5216,"geometry":{"type":"LineString","coordinates":[[-75.313315,44.2947810000001],[-75.314508,44.293485]]},"properties":{"FID":5216,"TYPEPIPE":"Interstate","Operator":"Iroquois Gas Trans Co","Status":"Operating","Shape_Leng":0.00176149510362,"Shape__Length":241.37879957760856}},{"type":"Feature","id":5217,"geometry":{"type":"LineString","coordinates":[[-75.308703,44.2969800000001],[-75.313315,44.2947810000001]]},"properties":{"FID":5217,"TYPEPIPE":"Interstate","Operator":"Iroquois Gas Trans Co","Status":"Operating","Shape_Leng":0.00510941728577,"Shape__Length":616.8924864558422}},{"type":"Feature","id":5218,"geometry":{"type":"LineString","coordinates":[[-75.3061959999999,44.2982470000001],[-75.308703,44.2969800000001]]},"properties":{"FID":5218,"TYPEPIPE":"Interstate","Operator":"Iroquois Gas Trans Co","Status":"Operating","Shape_Leng":0.00280897454601,"Shape__Length":341.64025394131886}},{"type":"Feature","id":5219,"geometry":{"type":"LineString","coordinates":[[-75.302733,44.302267],[-75.3061959999999,44.2982470000001]]},"properties":{"FID":5219,"TYPEPIPE":"Interstate","Operator":"Iroquois Gas Trans Co","Status":"Operating","Shape_Leng":0.00530591829935,"Shape__Length":734.561976857864}},{"type":"Feature","id":5220,"geometry":{"type":"LineString","coordinates":[[-75.30163,44.3035400000001],[-75.302733,44.302267]]},"properties":{"FID":5220,"TYPEPIPE":"Interstate","Operator":"Iroquois Gas Trans Co","Status":"Operating","Shape_Leng":0.00168438059834,"Shape__Length":232.99258200331502}},{"type":"Feature","id":5221,"geometry":{"type":"LineString","coordinates":[[-75.29921,44.305433],[-75.30163,44.3035400000001]]},"properties":{"FID":5221,"TYPEPIPE":"Interstate","Operator":"Iroquois Gas Trans Co","Status":"Operating","Shape_Leng":0.00307243372591,"Shape__Length":399.09924606113884}},{"type":"Feature","id":5222,"geometry":{"type":"LineString","coordinates":[[-75.296999,44.307551],[-75.29921,44.305433]]},"properties":{"FID":5222,"TYPEPIPE":"Interstate","Operator":"Iroquois Gas Trans Co","Status":"Operating","Shape_Leng":0.00306177154601,"Shape__Length":411.2548228571154}},{"type":"Feature","id":5223,"geometry":{"type":"LineString","coordinates":[[-75.295332,44.3102230000001],[-75.296999,44.307551]]},"properties":{"FID":5223,"TYPEPIPE":"Interstate","Operator":"Iroquois Gas Trans Co","Status":"Operating","Shape_Leng":0.0031493607288,"Shape__Length":455.2099819937342}},{"type":"Feature","id":5224,"geometry":{"type":"LineString","coordinates":[[-75.2922139999999,44.310771],[-75.295332,44.3102230000001]]},"properties":{"FID":5224,"TYPEPIPE":"Interstate","Operator":"Iroquois Gas Trans Co","Status":"Operating","Shape_Leng":0.00316579026471,"Shape__Length":357.41042121916183}},{"type":"Feature","id":5225,"geometry":{"type":"LineString","coordinates":[[-75.289833,44.311245],[-75.2922139999999,44.310771]]},"properties":{"FID":5225,"TYPEPIPE":"Interstate","Operator":"Iroquois Gas Trans Co","Status":"Operating","Shape_Leng":0.00242772259531,"Shape__Length":275.11820485402257}},{"type":"Feature","id":5226,"geometry":{"type":"LineString","coordinates":[[-75.285514,44.3128760000001],[-75.289833,44.311245]]},"properties":{"FID":5226,"TYPEPIPE":"Interstate","Operator":"Iroquois Gas Trans Co","Status":"Operating","Shape_Leng":0.00461670033684,"Shape__Length":543.6373761315517}},{"type":"Feature","id":5227,"geometry":{"type":"LineString","coordinates":[[-75.2836569999999,44.3146410000001],[-75.285514,44.3128760000001]]},"properties":{"FID":5227,"TYPEPIPE":"Interstate","Operator":"Iroquois Gas Trans Co","Status":"Operating","Shape_Leng":0.00256196682259,"Shape__Length":343.7079678341384}},{"type":"Feature","id":5228,"geometry":{"type":"LineString","coordinates":[[-75.2833919999999,44.3177450000001],[-75.2836569999999,44.3146410000001]]},"properties":{"FID":5228,"TYPEPIPE":"Interstate","Operator":"Iroquois Gas Trans Co","Status":"Operating","Shape_Leng":0.00311529147915,"Shape__Length":483.8323071999141}},{"type":"Feature","id":5229,"geometry":{"type":"LineString","coordinates":[[-75.284884,44.319281],[-75.2833919999999,44.3177450000001]]},"properties":{"FID":5229,"TYPEPIPE":"Interstate","Operator":"Iroquois Gas Trans Co","Status":"Operating","Shape_Leng":0.00214134537151,"Shape__Length":291.0323825305187}},{"type":"Feature","id":5230,"geometry":{"type":"LineString","coordinates":[[-75.2870169999999,44.3197700000001],[-75.284884,44.319281]]},"properties":{"FID":5230,"TYPEPIPE":"Interstate","Operator":"Iroquois Gas Trans Co","Status":"Operating","Shape_Leng":0.00218833498346,"Shape__Length":249.33667182674742}},{"type":"Feature","id":5231,"geometry":{"type":"LineString","coordinates":[[-75.287772,44.3206270000001],[-75.2870169999999,44.3197700000001]]},"properties":{"FID":5231,"TYPEPIPE":"Interstate","Operator":"Iroquois Gas Trans Co","Status":"Operating","Shape_Leng":0.00114213571875,"Shape__Length":157.62139362492005}},{"type":"Feature","id":5232,"geometry":{"type":"LineString","coordinates":[[-75.2885669999999,44.321373],[-75.287772,44.3206270000001]]},"properties":{"FID":5232,"TYPEPIPE":"Interstate","Operator":"Iroquois Gas Trans Co","Status":"Operating","Shape_Leng":0.00109020227479,"Shape__Length":145.9639881177438}},{"type":"Feature","id":5233,"geometry":{"type":"LineString","coordinates":[[-75.290471,44.3219540000001],[-75.2885669999999,44.321373]]},"properties":{"FID":5233,"TYPEPIPE":"Interstate","Operator":"Iroquois Gas Trans Co","Status":"Operating","Shape_Leng":0.00199067249946,"Shape__Length":230.4265966079185}},{"type":"Feature","id":5234,"geometry":{"type":"LineString","coordinates":[[-75.2906629999999,44.323159],[-75.290471,44.3219540000001]]},"properties":{"FID":5234,"TYPEPIPE":"Interstate","Operator":"Iroquois Gas Trans Co","Status":"Operating","Shape_Leng":0.00122020039334,"Shape__Length":188.71309245052026}},{"type":"Feature","id":5235,"geometry":{"type":"LineString","coordinates":[[-75.290987,44.323938],[-75.2906629999999,44.323159]]},"properties":{"FID":5235,"TYPEPIPE":"Interstate","Operator":"Iroquois Gas Trans Co","Status":"Operating","Shape_Leng":0.000843692479555,"Shape__Length":126.46714446401185}},{"type":"Feature","id":5236,"geometry":{"type":"LineString","coordinates":[[-75.291308,44.326107],[-75.290987,44.323938]]},"properties":{"FID":5236,"TYPEPIPE":"Interstate","Operator":"Iroquois Gas Trans Co","Status":"Operating","Shape_Leng":0.00219262445483,"Shape__Length":339.39842796868123}},{"type":"Feature","id":5237,"geometry":{"type":"LineString","coordinates":[[-75.290383,44.327392],[-75.291308,44.326107]]},"properties":{"FID":5237,"TYPEPIPE":"Interstate","Operator":"Iroquois Gas Trans Co","Status":"Operating","Shape_Leng":0.00158330350848,"Shape__Length":224.91643444110298}},{"type":"Feature","id":5238,"geometry":{"type":"LineString","coordinates":[[-75.2895599999999,44.329523],[-75.290383,44.327392]]},"properties":{"FID":5238,"TYPEPIPE":"Interstate","Operator":"Iroquois Gas Trans Co","Status":"Operating","Shape_Leng":0.00228440145336,"Shape__Length":344.04107527892353}},{"type":"Feature","id":5239,"geometry":{"type":"LineString","coordinates":[[-75.2889749999999,44.33169],[-75.2895599999999,44.329523]]},"properties":{"FID":5239,"TYPEPIPE":"Interstate","Operator":"Iroquois Gas Trans Co","Status":"Operating","Shape_Leng":0.00224457434716,"Shape__Length":343.4631547542977}},{"type":"Feature","id":5240,"geometry":{"type":"LineString","coordinates":[[-75.288427,44.3330460000001],[-75.2889749999999,44.33169]]},"properties":{"FID":5240,"TYPEPIPE":"Interstate","Operator":"Iroquois Gas Trans Co","Status":"Operating","Shape_Leng":0.00146254572581,"Shape__Length":219.67012839527249}},{"type":"Feature","id":5241,"geometry":{"type":"LineString","coordinates":[[-75.2880269999999,44.3338580000001],[-75.288427,44.3330460000001]]},"properties":{"FID":5241,"TYPEPIPE":"Interstate","Operator":"Iroquois Gas Trans Co","Status":"Operating","Shape_Leng":0.000905176225939,"Shape__Length":133.98661418275427}},{"type":"Feature","id":5242,"geometry":{"type":"LineString","coordinates":[[-75.2884969999999,44.335964],[-75.2880269999999,44.3338580000001]]},"properties":{"FID":5242,"TYPEPIPE":"Interstate","Operator":"Iroquois Gas Trans Co","Status":"Operating","Shape_Leng":0.00215780814714,"Shape__Length":331.9136828624761}},{"type":"Feature","id":5243,"geometry":{"type":"LineString","coordinates":[[-75.2934339999999,44.339678],[-75.2884969999999,44.335964]]},"properties":{"FID":5243,"TYPEPIPE":"Interstate","Operator":"Iroquois Gas Trans Co","Status":"Operating","Shape_Leng":0.0061780065555,"Shape__Length":797.6128971327895}},{"type":"Feature","id":5244,"geometry":{"type":"LineString","coordinates":[[-75.296121,44.3416740000001],[-75.2934339999999,44.339678]]},"properties":{"FID":5244,"TYPEPIPE":"Interstate","Operator":"Iroquois Gas Trans Co","Status":"Operating","Shape_Leng":0.00334723542648,"Shape__Length":431.2644045870666}},{"type":"Feature","id":5245,"geometry":{"type":"LineString","coordinates":[[-75.2980929999999,44.3422630000001],[-75.296121,44.3416740000001]]},"properties":{"FID":5245,"TYPEPIPE":"Interstate","Operator":"Iroquois Gas Trans Co","Status":"Operating","Shape_Leng":0.00205808284572,"Shape__Length":237.89701580122787}},{"type":"Feature","id":5246,"geometry":{"type":"LineString","coordinates":[[-75.2996199999999,44.3434080000001],[-75.2980929999999,44.3422630000001]]},"properties":{"FID":5246,"TYPEPIPE":"Interstate","Operator":"Iroquois Gas Trans Co","Status":"Operating","Shape_Leng":0.00190860001049,"Shape__Length":246.2900574217482}},{"type":"Feature","id":5247,"geometry":{"type":"LineString","coordinates":[[-75.300539,44.343638],[-75.2996199999999,44.3434080000001]]},"properties":{"FID":5247,"TYPEPIPE":"Interstate","Operator":"Iroquois Gas Trans Co","Status":"Operating","Shape_Leng":0.000947344182446,"Shape__Length":108.3860362257764}},{"type":"Feature","id":5248,"geometry":{"type":"LineString","coordinates":[[-75.300981,44.3437630000001],[-75.300539,44.343638]]},"properties":{"FID":5248,"TYPEPIPE":"Interstate","Operator":"Iroquois Gas Trans Co","Status":"Operating","Shape_Leng":0.000459335389476,"Shape__Length":52.910633142203025}},{"type":"Feature","id":5249,"geometry":{"type":"LineString","coordinates":[[-75.3013779999999,44.344234],[-75.300981,44.3437630000001]]},"properties":{"FID":5249,"TYPEPIPE":"Interstate","Operator":"Iroquois Gas Trans Co","Status":"Operating","Shape_Leng":0.000615995129788,"Shape__Length":85.6045808399097}},{"type":"Feature","id":5250,"geometry":{"type":"LineString","coordinates":[[-75.303076,44.3458140000001],[-75.3013779999999,44.344234]]},"properties":{"FID":5250,"TYPEPIPE":"Interstate","Operator":"Iroquois Gas Trans Co","Status":"Operating","Shape_Leng":0.00231939733557,"Shape__Length":310.1884147544956}},{"type":"Feature","id":5251,"geometry":{"type":"LineString","coordinates":[[-75.3027279999999,44.3466760000001],[-75.303076,44.3458140000001]]},"properties":{"FID":5251,"TYPEPIPE":"Interstate","Operator":"Iroquois Gas Trans Co","Status":"Operating","Shape_Leng":0.000929595611002,"Shape__Length":139.66219797955637}},{"type":"Feature","id":5252,"geometry":{"type":"LineString","coordinates":[[-75.3024579999999,44.3475090000001],[-75.3027279999999,44.3466760000001]]},"properties":{"FID":5252,"TYPEPIPE":"Interstate","Operator":"Iroquois Gas Trans Co","Status":"Operating","Shape_Leng":0.000875664890241,"Shape__Length":133.10743236162074}},{"type":"Feature","id":5253,"geometry":{"type":"LineString","coordinates":[[-75.302533,44.348171],[-75.3024579999999,44.3475090000001]]},"properties":{"FID":5253,"TYPEPIPE":"Interstate","Operator":"Iroquois Gas Trans Co","Status":"Operating","Shape_Leng":0.000666234943526,"Shape__Length":103.38972881926384}},{"type":"Feature","id":5254,"geometry":{"type":"LineString","coordinates":[[-75.303908,44.34999],[-75.302533,44.348171]]},"properties":{"FID":5254,"TYPEPIPE":"Interstate","Operator":"Iroquois Gas Trans Co","Status":"Operating","Shape_Leng":0.00228021621782,"Shape__Length":321.8873986058433}},{"type":"Feature","id":5255,"geometry":{"type":"LineString","coordinates":[[-75.304198,44.350332],[-75.303908,44.34999]]},"properties":{"FID":5255,"TYPEPIPE":"Interstate","Operator":"Iroquois Gas Trans Co","Status":"Operating","Shape_Leng":0.000448401605702,"Shape__Length":62.2633098241293}},{"type":"Feature","id":5256,"geometry":{"type":"LineString","coordinates":[[-75.30416,44.350733],[-75.304198,44.350332]]},"properties":{"FID":5256,"TYPEPIPE":"Interstate","Operator":"Iroquois Gas Trans Co","Status":"Operating","Shape_Leng":0.000402796474674,"Shape__Length":62.56881131727654}},{"type":"Feature","id":5257,"geometry":{"type":"LineString","coordinates":[[-75.30387,44.351362],[-75.30416,44.350733]]},"properties":{"FID":5257,"TYPEPIPE":"Interstate","Operator":"Iroquois Gas Trans Co","Status":"Operating","Shape_Leng":0.000692633380663,"Shape__Length":103.10467655746596}},{"type":"Feature","id":5258,"geometry":{"type":"LineString","coordinates":[[-75.303578,44.3521430000001],[-75.30387,44.351362]]},"properties":{"FID":5258,"TYPEPIPE":"Interstate","Operator":"Iroquois Gas Trans Co","Status":"Operating","Shape_Leng":0.000833801535156,"Shape__Length":125.85477304981862}},{"type":"Feature","id":5259,"geometry":{"type":"LineString","coordinates":[[-75.242071,44.4660000000001],[-75.243073,44.4641310000001]]},"properties":{"FID":5259,"TYPEPIPE":"Interstate","Operator":"Iroquois Gas Trans Co","Status":"Operating","Shape_Leng":0.00212065202239,"Shape__Length":312.1369705995335}},{"type":"Feature","id":5260,"geometry":{"type":"LineString","coordinates":[[-75.241886,44.4665590000001],[-75.242071,44.4660000000001]]},"properties":{"FID":5260,"TYPEPIPE":"Interstate","Operator":"Iroquois Gas Trans Co","Status":"Operating","Shape_Leng":0.000588817458986,"Shape__Length":89.59368099836148}},{"type":"Feature","id":5261,"geometry":{"type":"LineString","coordinates":[[-75.2417,44.469247],[-75.241886,44.4665590000001]]},"properties":{"FID":5261,"TYPEPIPE":"Interstate","Operator":"Iroquois Gas Trans Co","Status":"Operating","Shape_Leng":0.00269442758297,"Shape__Length":419.805719549837}},{"type":"Feature","id":5262,"geometry":{"type":"LineString","coordinates":[[-75.241485,44.470891],[-75.2417,44.469247]]},"properties":{"FID":5262,"TYPEPIPE":"Interstate","Operator":"Iroquois Gas Trans Co","Status":"Operating","Shape_Leng":0.0016579990953,"Shape__Length":257.5676036580564}},{"type":"Feature","id":5263,"geometry":{"type":"LineString","coordinates":[[-75.24125,44.471707],[-75.241485,44.470891]]},"properties":{"FID":5263,"TYPEPIPE":"Interstate","Operator":"Iroquois Gas Trans Co","Status":"Operating","Shape_Leng":0.000849164883851,"Shape__Length":129.9536105562327}},{"type":"Feature","id":5264,"geometry":{"type":"LineString","coordinates":[[-75.239027,44.4735390000001],[-75.24125,44.471707]]},"properties":{"FID":5264,"TYPEPIPE":"Interstate","Operator":"Iroquois Gas Trans Co","Status":"Operating","Shape_Leng":0.00288061677427,"Shape__Length":378.04152174206644}},{"type":"Feature","id":5265,"geometry":{"type":"LineString","coordinates":[[-75.235921,44.476029],[-75.239027,44.4735390000001]]},"properties":{"FID":5265,"TYPEPIPE":"Interstate","Operator":"Iroquois Gas Trans Co","Status":"Operating","Shape_Leng":0.0039808712614,"Shape__Length":520.0443697230338}},{"type":"Feature","id":5266,"geometry":{"type":"LineString","coordinates":[[-75.233034,44.478349],[-75.235921,44.476029]]},"properties":{"FID":5266,"TYPEPIPE":"Interstate","Operator":"Iroquois Gas Trans Co","Status":"Operating","Shape_Leng":0.00370366966668,"Shape__Length":484.03690707414484}},{"type":"Feature","id":5267,"geometry":{"type":"LineString","coordinates":[[-75.232715,44.478593],[-75.233034,44.478349]]},"properties":{"FID":5267,"TYPEPIPE":"Interstate","Operator":"Iroquois Gas Trans Co","Status":"Operating","Shape_Leng":0.000401617977683,"Shape__Length":52.059472522688864}},{"type":"Feature","id":5268,"geometry":{"type":"LineString","coordinates":[[-75.2304589999999,44.480615],[-75.232715,44.478593]]},"properties":{"FID":5268,"TYPEPIPE":"Interstate","Operator":"Iroquois Gas Trans Co","Status":"Operating","Shape_Leng":0.00302952471524,"Shape__Length":403.22595359641133}},{"type":"Feature","id":5269,"geometry":{"type":"LineString","coordinates":[[-75.2290589999999,44.483003],[-75.2304589999999,44.480615]]},"properties":{"FID":5269,"TYPEPIPE":"Interstate","Operator":"Iroquois Gas Trans Co","Status":"Operating","Shape_Leng":0.00276813005474,"Shape__Length":403.8683665896036}},{"type":"Feature","id":5270,"geometry":{"type":"LineString","coordinates":[[-75.228728,44.4863980000001],[-75.2290589999999,44.483003]]},"properties":{"FID":5270,"TYPEPIPE":"Interstate","Operator":"Iroquois Gas Trans Co","Status":"Operating","Shape_Leng":0.00341109747736,"Shape__Length":531.0104701621506}},{"type":"Feature","id":5271,"geometry":{"type":"LineString","coordinates":[[-75.2282959999999,44.48958],[-75.228728,44.4863980000001]]},"properties":{"FID":5271,"TYPEPIPE":"Interstate","Operator":"Iroquois Gas Trans Co","Status":"Operating","Shape_Leng":0.00321119105628,"Shape__Length":498.8469939474066}},{"type":"Feature","id":5272,"geometry":{"type":"LineString","coordinates":[[-75.227807,44.4918690000001],[-75.2282959999999,44.48958]]},"properties":{"FID":5272,"TYPEPIPE":"Interstate","Operator":"Iroquois Gas Trans Co","Status":"Operating","Shape_Leng":0.00234064990976,"Shape__Length":361.3194652379702}},{"type":"Feature","id":5273,"geometry":{"type":"LineString","coordinates":[[-75.227049,44.496114],[-75.227807,44.4918690000001]]},"properties":{"FID":5273,"TYPEPIPE":"Interstate","Operator":"Iroquois Gas Trans Co","Status":"Operating","Shape_Leng":0.00431214436212,"Shape__Length":667.8159915289855}},{"type":"Feature","id":5274,"geometry":{"type":"LineString","coordinates":[[-75.226329,44.497237],[-75.227049,44.496114]]},"properties":{"FID":5274,"TYPEPIPE":"Interstate","Operator":"Iroquois Gas Trans Co","Status":"Operating","Shape_Leng":0.00133398988003,"Shape__Length":192.71815071531358}},{"type":"Feature","id":5275,"geometry":{"type":"LineString","coordinates":[[-75.2258859999999,44.500371],[-75.226329,44.497237]]},"properties":{"FID":5275,"TYPEPIPE":"Interstate","Operator":"Iroquois Gas Trans Co","Status":"Operating","Shape_Leng":0.00316515481453,"Shape__Length":491.60401343622283}},{"type":"Feature","id":5276,"geometry":{"type":"LineString","coordinates":[[-75.2259339999999,44.502685],[-75.2258859999999,44.500371]]},"properties":{"FID":5276,"TYPEPIPE":"Interstate","Operator":"Iroquois Gas Trans Co","Status":"Operating","Shape_Leng":0.00231449778571,"Shape__Length":361.20305853681793}},{"type":"Feature","id":5277,"geometry":{"type":"LineString","coordinates":[[-75.226354,44.503859],[-75.2259339999999,44.502685]]},"properties":{"FID":5277,"TYPEPIPE":"Interstate","Operator":"Iroquois Gas Trans Co","Status":"Operating","Shape_Leng":0.0012468664724,"Shape__Length":189.11123564264912}},{"type":"Feature","id":5278,"geometry":{"type":"LineString","coordinates":[[-75.227266,44.5048150000001],[-75.226354,44.503859]]},"properties":{"FID":5278,"TYPEPIPE":"Interstate","Operator":"Iroquois Gas Trans Co","Status":"Operating","Shape_Leng":0.00132124184013,"Shape__Length":180.47940834809353}},{"type":"Feature","id":5279,"geometry":{"type":"LineString","coordinates":[[-75.228053,44.505795],[-75.227266,44.5048150000001]]},"properties":{"FID":5279,"TYPEPIPE":"Interstate","Operator":"Iroquois Gas Trans Co","Status":"Operating","Shape_Leng":0.00125688861875,"Shape__Length":176.27767511367546}},{"type":"Feature","id":5280,"geometry":{"type":"LineString","coordinates":[[-75.229121,44.5071130000001],[-75.228053,44.505795]]},"properties":{"FID":5280,"TYPEPIPE":"Interstate","Operator":"Iroquois Gas Trans Co","Status":"Operating","Shape_Leng":0.00169639264323,"Shape__Length":237.60999166543093}},{"type":"Feature","id":5281,"geometry":{"type":"LineString","coordinates":[[-75.228394,44.5089100000001],[-75.229121,44.5071130000001]]},"properties":{"FID":5281,"TYPEPIPE":"Interstate","Operator":"Iroquois Gas Trans Co","Status":"Operating","Shape_Leng":0.00193848858651,"Shape__Length":291.94394173784116}},{"type":"Feature","id":5282,"geometry":{"type":"LineString","coordinates":[[-75.226907,44.512563],[-75.228394,44.5089100000001]]},"properties":{"FID":5282,"TYPEPIPE":"Interstate","Operator":"Iroquois Gas Trans Co","Status":"Operating","Shape_Leng":0.00394405603407,"Shape__Length":593.7813022245992}},{"type":"Feature","id":5283,"geometry":{"type":"LineString","coordinates":[[-75.226864,44.5140890000001],[-75.226907,44.512563]]},"properties":{"FID":5283,"TYPEPIPE":"Interstate","Operator":"Iroquois Gas Trans Co","Status":"Operating","Shape_Leng":0.00152660571204,"Shape__Length":238.27069483105316}},{"type":"Feature","id":5284,"geometry":{"type":"LineString","coordinates":[[-75.227025,44.517411],[-75.226864,44.5140890000001]]},"properties":{"FID":5284,"TYPEPIPE":"Interstate","Operator":"Iroquois Gas Trans Co","Status":"Operating","Shape_Leng":0.00332589912652,"Shape__Length":518.9258584315376}},{"type":"Feature","id":5285,"geometry":{"type":"LineString","coordinates":[[-75.227482,44.5198100000001],[-75.227025,44.517411]]},"properties":{"FID":5285,"TYPEPIPE":"Interstate","Operator":"Iroquois Gas Trans Co","Status":"Operating","Shape_Leng":0.00244214045462,"Shape__Length":377.9790861349634}},{"type":"Feature","id":5286,"geometry":{"type":"LineString","coordinates":[[-75.227817,44.5210470000001],[-75.227482,44.5198100000001]]},"properties":{"FID":5286,"TYPEPIPE":"Interstate","Operator":"Iroquois Gas Trans Co","Status":"Operating","Shape_Leng":0.0012815592066,"Shape__Length":196.69804772605352}},{"type":"Feature","id":5287,"geometry":{"type":"LineString","coordinates":[[-75.228686,44.523826],[-75.227817,44.5210470000001]]},"properties":{"FID":5287,"TYPEPIPE":"Interstate","Operator":"Iroquois Gas Trans Co","Status":"Operating","Shape_Leng":0.00291170087748,"Shape__Length":444.5481552997022}},{"type":"Feature","id":5288,"geometry":{"type":"LineString","coordinates":[[-75.2287269999999,44.5275730000001],[-75.228686,44.523826]]},"properties":{"FID":5288,"TYPEPIPE":"Interstate","Operator":"Iroquois Gas Trans Co","Status":"Operating","Shape_Leng":0.0037472243061,"Shape__Length":585.0831339938939}},{"type":"Feature","id":5289,"geometry":{"type":"LineString","coordinates":[[-75.2287049999999,44.5315790000001],[-75.2287269999999,44.5275730000001]]},"properties":{"FID":5289,"TYPEPIPE":"Interstate","Operator":"Iroquois Gas Trans Co","Status":"Operating","Shape_Leng":0.00400606040893,"Shape__Length":625.5526205259931}},{"type":"Feature","id":5290,"geometry":{"type":"LineString","coordinates":[[-75.227413,44.533641],[-75.2287049999999,44.5315790000001]]},"properties":{"FID":5290,"TYPEPIPE":"Interstate","Operator":"Iroquois Gas Trans Co","Status":"Operating","Shape_Leng":0.00243333269402,"Shape__Length":352.66407448636505}},{"type":"Feature","id":5291,"geometry":{"type":"LineString","coordinates":[[-75.226958,44.5343720000001],[-75.227413,44.533641]]},"properties":{"FID":5291,"TYPEPIPE":"Interstate","Operator":"Iroquois Gas Trans Co","Status":"Operating","Shape_Leng":0.000861037745998,"Shape__Length":124.88845807606634}},{"type":"Feature","id":5292,"geometry":{"type":"LineString","coordinates":[[-75.226711,44.5372750000001],[-75.226958,44.5343720000001]]},"properties":{"FID":5292,"TYPEPIPE":"Interstate","Operator":"Iroquois Gas Trans Co","Status":"Operating","Shape_Leng":0.00291348897373,"Shape__Length":454.19303664175027}},{"type":"Feature","id":5293,"geometry":{"type":"LineString","coordinates":[[-75.226866,44.5380910000001],[-75.226711,44.5372750000001]]},"properties":{"FID":5293,"TYPEPIPE":"Interstate","Operator":"Iroquois Gas Trans Co","Status":"Operating","Shape_Leng":0.000830590753608,"Shape__Length":128.6011483372688}},{"type":"Feature","id":5294,"geometry":{"type":"LineString","coordinates":[[-75.228151,44.541653],[-75.226866,44.5380910000001]]},"properties":{"FID":5294,"TYPEPIPE":"Interstate","Operator":"Iroquois Gas Trans Co","Status":"Operating","Shape_Leng":0.00378669631736,"Shape__Length":574.4107426335278}},{"type":"Feature","id":5295,"geometry":{"type":"LineString","coordinates":[[-75.2289279999999,44.543056],[-75.228151,44.541653]]},"properties":{"FID":5295,"TYPEPIPE":"Interstate","Operator":"Iroquois Gas Trans Co","Status":"Operating","Shape_Leng":0.00160378863941,"Shape__Length":235.58340584260768}},{"type":"Feature","id":5296,"geometry":{"type":"LineString","coordinates":[[-75.230611,44.544876],[-75.2289279999999,44.543056]]},"properties":{"FID":5296,"TYPEPIPE":"Interstate","Operator":"Iroquois Gas Trans Co","Status":"Operating","Shape_Leng":0.0024788886623,"Shape__Length":340.4536653267041}},{"type":"Feature","id":5297,"geometry":{"type":"LineString","coordinates":[[-75.2312719999999,44.546089],[-75.230611,44.544876]]},"properties":{"FID":5297,"TYPEPIPE":"Interstate","Operator":"Iroquois Gas Trans Co","Status":"Operating","Shape_Leng":0.00138140870129,"Shape__Length":203.2518810074084}},{"type":"Feature","id":5298,"geometry":{"type":"LineString","coordinates":[[-75.2319239999999,44.547394],[-75.2312719999999,44.546089]]},"properties":{"FID":5298,"TYPEPIPE":"Interstate","Operator":"Iroquois Gas Trans Co","Status":"Operating","Shape_Leng":0.00145881081707,"Shape__Length":216.37559760512332}},{"type":"Feature","id":5299,"geometry":{"type":"LineString","coordinates":[[-75.232976,44.5494890000001],[-75.2319239999999,44.547394]]},"properties":{"FID":5299,"TYPEPIPE":"Interstate","Operator":"Iroquois Gas Trans Co","Status":"Operating","Shape_Leng":0.00234429712281,"Shape__Length":347.56904045114663}},{"type":"Feature","id":5300,"geometry":{"type":"LineString","coordinates":[[-75.232652,44.5509970000001],[-75.232976,44.5494890000001]]},"properties":{"FID":5300,"TYPEPIPE":"Interstate","Operator":"Iroquois Gas Trans Co","Status":"Operating","Shape_Leng":0.00154241369288,"Shape__Length":238.3071141003228}},{"type":"Feature","id":5301,"geometry":{"type":"LineString","coordinates":[[-75.231645,44.554857],[-75.232652,44.5509970000001]]},"properties":{"FID":5301,"TYPEPIPE":"Interstate","Operator":"Iroquois Gas Trans Co","Status":"Operating","Shape_Leng":0.00398919152208,"Shape__Length":613.3226424903002}},{"type":"Feature","id":5302,"geometry":{"type":"LineString","coordinates":[[-75.230982,44.555623],[-75.231645,44.554857]]},"properties":{"FID":5302,"TYPEPIPE":"Interstate","Operator":"Iroquois Gas Trans Co","Status":"Operating","Shape_Leng":0.00101307699607,"Shape__Length":140.5953004713799}},{"type":"Feature","id":5303,"geometry":{"type":"LineString","coordinates":[[-75.2305939999999,44.557399],[-75.230982,44.555623]]},"properties":{"FID":5303,"TYPEPIPE":"Interstate","Operator":"Iroquois Gas Trans Co","Status":"Operating","Shape_Leng":0.00181788888551,"Shape__Length":280.7973403176154}},{"type":"Feature","id":5304,"geometry":{"type":"LineString","coordinates":[[-75.230135,44.5595010000001],[-75.2305939999999,44.557399]]},"properties":{"FID":5304,"TYPEPIPE":"Interstate","Operator":"Iroquois Gas Trans Co","Status":"Operating","Shape_Leng":0.00215153085038,"Shape__Length":332.3471297518079}},{"type":"Feature","id":5305,"geometry":{"type":"LineString","coordinates":[[-75.2296929999999,44.561342],[-75.230135,44.5595010000001]]},"properties":{"FID":5305,"TYPEPIPE":"Interstate","Operator":"Iroquois Gas Trans Co","Status":"Operating","Shape_Leng":0.00189331587429,"Shape__Length":291.80765478014973}},{"type":"Feature","id":5306,"geometry":{"type":"LineString","coordinates":[[-75.22953,44.5620240000001],[-75.2296929999999,44.561342]]},"properties":{"FID":5306,"TYPEPIPE":"Interstate","Operator":"Iroquois Gas Trans Co","Status":"Operating","Shape_Leng":0.000701208243,"Shape__Length":108.08882314192775}},{"type":"Feature","id":5307,"geometry":{"type":"LineString","coordinates":[[-75.2288169999999,44.563829],[-75.22953,44.5620240000001]]},"properties":{"FID":5307,"TYPEPIPE":"Interstate","Operator":"Iroquois Gas Trans Co","Status":"Operating","Shape_Leng":0.00194071996949,"Shape__Length":292.9734219671255}},{"type":"Feature","id":5308,"geometry":{"type":"LineString","coordinates":[[-75.228066,44.565276],[-75.2288169999999,44.563829]]},"properties":{"FID":5308,"TYPEPIPE":"Interstate","Operator":"Iroquois Gas Trans Co","Status":"Operating","Shape_Leng":0.00163027911718,"Shape__Length":241.0503387391399}},{"type":"Feature","id":5309,"geometry":{"type":"LineString","coordinates":[[-75.226604,44.567278],[-75.228066,44.565276]]},"properties":{"FID":5309,"TYPEPIPE":"Interstate","Operator":"Iroquois Gas Trans Co","Status":"Operating","Shape_Leng":0.00247900141186,"Shape__Length":352.6194152804926}},{"type":"Feature","id":5310,"geometry":{"type":"LineString","coordinates":[[-75.2248079999999,44.570454],[-75.226604,44.567278]]},"properties":{"FID":5310,"TYPEPIPE":"Interstate","Operator":"Iroquois Gas Trans Co","Status":"Operating","Shape_Leng":0.00364864248729,"Shape__Length":535.0343429832005}},{"type":"Feature","id":5311,"geometry":{"type":"LineString","coordinates":[[-75.2237739999999,44.5719070000001],[-75.2248079999999,44.570454]]},"properties":{"FID":5311,"TYPEPIPE":"Interstate","Operator":"Iroquois Gas Trans Co","Status":"Operating","Shape_Leng":0.00178335778802,"Shape__Length":254.5617699359237}},{"type":"Feature","id":5312,"geometry":{"type":"LineString","coordinates":[[-75.222449,44.574029],[-75.2237739999999,44.5719070000001]]},"properties":{"FID":5312,"TYPEPIPE":"Interstate","Operator":"Iroquois Gas Trans Co","Status":"Operating","Shape_Leng":0.00250170122113,"Shape__Length":362.92761791303116}},{"type":"Feature","id":5313,"geometry":{"type":"LineString","coordinates":[[-75.222133,44.5747010000001],[-75.222449,44.574029]]},"properties":{"FID":5313,"TYPEPIPE":"Interstate","Operator":"Iroquois Gas Trans Co","Status":"Operating","Shape_Leng":0.000742590061885,"Shape__Length":110.75042616639836}},{"type":"Feature","id":5314,"geometry":{"type":"LineString","coordinates":[[-75.221918,44.575295],[-75.222133,44.5747010000001]]},"properties":{"FID":5314,"TYPEPIPE":"Interstate","Operator":"Iroquois Gas Trans Co","Status":"Operating","Shape_Leng":0.000631712751166,"Shape__Length":95.86292077647707}},{"type":"Feature","id":5315,"geometry":{"type":"LineString","coordinates":[[-75.221511,44.5774210000001],[-75.221918,44.575295]]},"properties":{"FID":5315,"TYPEPIPE":"Interstate","Operator":"Iroquois Gas Trans Co","Status":"Operating","Shape_Leng":0.00216460735473,"Shape__Length":335.32259414446276}},{"type":"Feature","id":5316,"geometry":{"type":"LineString","coordinates":[[-75.221415,44.578335],[-75.221511,44.5774210000001]]},"properties":{"FID":5316,"TYPEPIPE":"Interstate","Operator":"Iroquois Gas Trans Co","Status":"Operating","Shape_Leng":0.000919027747098,"Shape__Length":143.2413038673697}},{"type":"Feature","id":5317,"geometry":{"type":"LineString","coordinates":[[-75.220987,44.5817480000001],[-75.221415,44.578335]]},"properties":{"FID":5317,"TYPEPIPE":"Interstate","Operator":"Iroquois Gas Trans Co","Status":"Operating","Shape_Leng":0.00343973153024,"Shape__Length":535.5352422698062}},{"type":"Feature","id":5318,"geometry":{"type":"LineString","coordinates":[[-75.220163,44.584752],[-75.220987,44.5817480000001]]},"properties":{"FID":5318,"TYPEPIPE":"Interstate","Operator":"Iroquois Gas Trans Co","Status":"Operating","Shape_Leng":0.00311496260008,"Shape__Length":478.3919488535824}},{"type":"Feature","id":5319,"geometry":{"type":"LineString","coordinates":[[-75.219397,44.587112],[-75.220163,44.584752]]},"properties":{"FID":5319,"TYPEPIPE":"Interstate","Operator":"Iroquois Gas Trans Co","Status":"Operating","Shape_Leng":0.00248120051589,"Shape__Length":378.60498093964964}},{"type":"Feature","id":5320,"geometry":{"type":"LineString","coordinates":[[-75.218736,44.588918],[-75.219397,44.587112]]},"properties":{"FID":5320,"TYPEPIPE":"Interstate","Operator":"Iroquois Gas Trans Co","Status":"Operating","Shape_Leng":0.00192316327958,"Shape__Length":291.7274820073967}},{"type":"Feature","id":5321,"geometry":{"type":"LineString","coordinates":[[-75.217343,44.5925310000001],[-75.218736,44.588918]]},"properties":{"FID":5321,"TYPEPIPE":"Interstate","Operator":"Iroquois Gas Trans Co","Status":"Operating","Shape_Leng":0.0038722368213,"Shape__Length":585.6745753050487}},{"type":"Feature","id":5322,"geometry":{"type":"LineString","coordinates":[[-75.2166799999999,44.5937690000001],[-75.217343,44.5925310000001]]},"properties":{"FID":5322,"TYPEPIPE":"Interstate","Operator":"Iroquois Gas Trans Co","Status":"Operating","Shape_Leng":0.00140435501211,"Shape__Length":207.12413196668808}},{"type":"Feature","id":5323,"geometry":{"type":"LineString","coordinates":[[-75.2148749999999,44.595983],[-75.2166799999999,44.5937690000001]]},"properties":{"FID":5323,"TYPEPIPE":"Interstate","Operator":"Iroquois Gas Trans Co","Status":"Operating","Shape_Leng":0.00285654003996,"Shape__Length":400.2073834289301}},{"type":"Feature","id":5324,"geometry":{"type":"LineString","coordinates":[[-75.2151479999999,44.597882],[-75.2148749999999,44.595983]]},"properties":{"FID":5324,"TYPEPIPE":"Interstate","Operator":"Iroquois Gas Trans Co","Status":"Operating","Shape_Leng":0.00191852286927,"Shape__Length":298.4289688971107}},{"type":"Feature","id":5325,"geometry":{"type":"LineString","coordinates":[[-75.215069,44.599364],[-75.2151479999999,44.597882]]},"properties":{"FID":5325,"TYPEPIPE":"Interstate","Operator":"Iroquois Gas Trans Co","Status":"Operating","Shape_Leng":0.00148410410687,"Shape__Length":231.86001424431504}},{"type":"Feature","id":5326,"geometry":{"type":"LineString","coordinates":[[-75.214778,44.6025920000001],[-75.215069,44.599364]]},"properties":{"FID":5326,"TYPEPIPE":"Interstate","Operator":"Iroquois Gas Trans Co","Status":"Operating","Shape_Leng":0.00324109009443,"Shape__Length":505.71865430711676}},{"type":"Feature","id":5327,"geometry":{"type":"LineString","coordinates":[[-75.214708,44.603982],[-75.214778,44.6025920000001]]},"properties":{"FID":5327,"TYPEPIPE":"Interstate","Operator":"Iroquois Gas Trans Co","Status":"Operating","Shape_Leng":0.00139176147377,"Shape__Length":217.4671631358792}},{"type":"Feature","id":5328,"geometry":{"type":"LineString","coordinates":[[-75.2142469999999,44.60879],[-75.214708,44.603982]]},"properties":{"FID":5328,"TYPEPIPE":"Interstate","Operator":"Iroquois Gas Trans Co","Status":"Operating","Shape_Leng":0.00483005020681,"Shape__Length":753.5239250925104}},{"type":"Feature","id":5329,"geometry":{"type":"LineString","coordinates":[[-75.214978,44.611472],[-75.2142469999999,44.60879]]},"properties":{"FID":5329,"TYPEPIPE":"Interstate","Operator":"Iroquois Gas Trans Co","Status":"Operating","Shape_Leng":0.00277983542678,"Shape__Length":427.20384588016685}},{"type":"Feature","id":5330,"geometry":{"type":"LineString","coordinates":[[-75.214773,44.6119360000001],[-75.214978,44.611472]]},"properties":{"FID":5330,"TYPEPIPE":"Interstate","Operator":"Iroquois Gas Trans Co","Status":"Operating","Shape_Leng":0.00050726817367,"Shape__Length":76.06135377280157}},{"type":"Feature","id":5331,"geometry":{"type":"LineString","coordinates":[[-75.213832,44.6142870000001],[-75.214773,44.6119360000001]]},"properties":{"FID":5331,"TYPEPIPE":"Interstate","Operator":"Iroquois Gas Trans Co","Status":"Operating","Shape_Leng":0.00253232738798,"Shape__Length":382.2748833776034}},{"type":"Feature","id":5332,"geometry":{"type":"LineString","coordinates":[[-75.213041,44.616022],[-75.213832,44.6142870000001]]},"properties":{"FID":5332,"TYPEPIPE":"Interstate","Operator":"Iroquois Gas Trans Co","Status":"Operating","Shape_Leng":0.00190680518144,"Shape__Length":285.2545142575712}},{"type":"Feature","id":5333,"geometry":{"type":"LineString","coordinates":[[-75.2129899999999,44.6165940000001],[-75.213041,44.616022]]},"properties":{"FID":5333,"TYPEPIPE":"Interstate","Operator":"Iroquois Gas Trans Co","Status":"Operating","Shape_Leng":0.000574269100721,"Shape__Length":89.63264623612018}},{"type":"Feature","id":5334,"geometry":{"type":"LineString","coordinates":[[-75.213205,44.617511],[-75.2129899999999,44.6165940000001]]},"properties":{"FID":5334,"TYPEPIPE":"Interstate","Operator":"Iroquois Gas Trans Co","Status":"Operating","Shape_Leng":0.000941867294227,"Shape__Length":145.39106325593556}},{"type":"Feature","id":5335,"geometry":{"type":"LineString","coordinates":[[-75.213786,44.6185360000001],[-75.213205,44.617511]]},"properties":{"FID":5335,"TYPEPIPE":"Interstate","Operator":"Iroquois Gas Trans Co","Status":"Operating","Shape_Leng":0.00117821305377,"Shape__Length":172.8560310919921}},{"type":"Feature","id":5336,"geometry":{"type":"LineString","coordinates":[[-75.2168129999999,44.6228570000001],[-75.213786,44.6185360000001]]},"properties":{"FID":5336,"TYPEPIPE":"Interstate","Operator":"Iroquois Gas Trans Co","Status":"Operating","Shape_Leng":0.00527577198142,"Shape__Length":755.1439482760995}},{"type":"Feature","id":5337,"geometry":{"type":"LineString","coordinates":[[-75.2177849999999,44.6247950000001],[-75.2168129999999,44.6228570000001]]},"properties":{"FID":5337,"TYPEPIPE":"Interstate","Operator":"Iroquois Gas Trans Co","Status":"Operating","Shape_Leng":0.00216809317142,"Shape__Length":321.8484541767199}},{"type":"Feature","id":5338,"geometry":{"type":"LineString","coordinates":[[-75.218227,44.626946],[-75.2177849999999,44.6247950000001]]},"properties":{"FID":5338,"TYPEPIPE":"Interstate","Operator":"Iroquois Gas Trans Co","Status":"Operating","Shape_Leng":0.00219594284987,"Shape__Length":340.0200782146934}},{"type":"Feature","id":5339,"geometry":{"type":"LineString","coordinates":[[-75.218358,44.6273390000001],[-75.218227,44.626946]]},"properties":{"FID":5339,"TYPEPIPE":"Interstate","Operator":"Iroquois Gas Trans Co","Status":"Operating","Shape_Leng":0.000414258373515,"Shape__Length":63.17716037250097}},{"type":"Feature","id":5340,"geometry":{"type":"LineString","coordinates":[[-75.219058,44.629218],[-75.218358,44.6273390000001]]},"properties":{"FID":5340,"TYPEPIPE":"Interstate","Operator":"Iroquois Gas Trans Co","Status":"Operating","Shape_Leng":0.00200515361005,"Shape__Length":304.06393246984726}},{"type":"Feature","id":5341,"geometry":{"type":"LineString","coordinates":[[-75.219488,44.6299690000001],[-75.219058,44.629218]]},"properties":{"FID":5341,"TYPEPIPE":"Interstate","Operator":"Iroquois Gas Trans Co","Status":"Operating","Shape_Leng":0.000865390663256,"Shape__Length":126.85069279413993}},{"type":"Feature","id":5342,"geometry":{"type":"LineString","coordinates":[[-75.219795,44.630167],[-75.219488,44.6299690000001]]},"properties":{"FID":5342,"TYPEPIPE":"Interstate","Operator":"Iroquois Gas Trans Co","Status":"Operating","Shape_Leng":0.000365312195245,"Shape__Length":46.121405811508914}},{"type":"Feature","id":5343,"geometry":{"type":"LineString","coordinates":[[-75.2200759999999,44.6306300000001],[-75.219795,44.630167]]},"properties":{"FID":5343,"TYPEPIPE":"Interstate","Operator":"Iroquois Gas Trans Co","Status":"Operating","Shape_Leng":0.00054159948302,"Shape__Length":78.89075178590983}},{"type":"Feature","id":5344,"geometry":{"type":"LineString","coordinates":[[-75.220883,44.633085],[-75.2200759999999,44.6306300000001]]},"properties":{"FID":5344,"TYPEPIPE":"Interstate","Operator":"Iroquois Gas Trans Co","Status":"Operating","Shape_Leng":0.00258423567037,"Shape__Length":394.3973796242388}},{"type":"Feature","id":5345,"geometry":{"type":"LineString","coordinates":[[-75.2212929999999,44.6349200000001],[-75.220883,44.633085]]},"properties":{"FID":5345,"TYPEPIPE":"Interstate","Operator":"Iroquois Gas Trans Co","Status":"Operating","Shape_Leng":0.00188024599457,"Shape__Length":290.66114098277}},{"type":"Feature","id":5346,"geometry":{"type":"LineString","coordinates":[[-75.2206649999999,44.636449],[-75.2212929999999,44.6349200000001]]},"properties":{"FID":5346,"TYPEPIPE":"Interstate","Operator":"Iroquois Gas Trans Co","Status":"Operating","Shape_Leng":0.00165294434264,"Shape__Length":249.20039825837605}},{"type":"Feature","id":5347,"geometry":{"type":"LineString","coordinates":[[-75.2191319999999,44.640136],[-75.2206649999999,44.636449]]},"properties":{"FID":5347,"TYPEPIPE":"Interstate","Operator":"Iroquois Gas Trans Co","Status":"Operating","Shape_Leng":0.00399300112698,"Shape__Length":601.5275342374293}},{"type":"Feature","id":5348,"geometry":{"type":"LineString","coordinates":[[-75.218553,44.6428070000001],[-75.2191319999999,44.640136]]},"properties":{"FID":5348,"TYPEPIPE":"Interstate","Operator":"Iroquois Gas Trans Co","Status":"Operating","Shape_Leng":0.00273303530897,"Shape__Length":422.828950087929}},{"type":"Feature","id":5349,"geometry":{"type":"LineString","coordinates":[[-75.219119,44.6435720000001],[-75.218553,44.6428070000001]]},"properties":{"FID":5349,"TYPEPIPE":"Interstate","Operator":"Iroquois Gas Trans Co","Status":"Operating","Shape_Leng":0.000951620197344,"Shape__Length":135.26155093568866}},{"type":"Feature","id":5350,"geometry":{"type":"LineString","coordinates":[[-75.2206619999999,44.6457110000001],[-75.219119,44.6435720000001]]},"properties":{"FID":5350,"TYPEPIPE":"Interstate","Operator":"Iroquois Gas Trans Co","Status":"Operating","Shape_Leng":0.00263745521287,"Shape__Length":376.17715085109813}},{"type":"Feature","id":5351,"geometry":{"type":"LineString","coordinates":[[-75.225113,44.6505780000001],[-75.2206619999999,44.6457110000001]]},"properties":{"FID":5351,"TYPEPIPE":"Interstate","Operator":"Iroquois Gas Trans Co","Status":"Operating","Shape_Leng":0.00659538399186,"Shape__Length":908.5470024171162}},{"type":"Feature","id":5352,"geometry":{"type":"LineString","coordinates":[[-75.2299649999999,44.655649],[-75.225113,44.6505780000001]]},"properties":{"FID":5352,"TYPEPIPE":"Interstate","Operator":"Iroquois Gas Trans Co","Status":"Operating","Shape_Leng":0.0070183292171,"Shape__Length":959.9116798013858}},{"type":"Feature","id":5353,"geometry":{"type":"LineString","coordinates":[[-75.230125,44.6558610000001],[-75.2299649999999,44.655649]]},"properties":{"FID":5353,"TYPEPIPE":"Interstate","Operator":"Iroquois Gas Trans Co","Status":"Operating","Shape_Leng":0.000265601204874,"Shape__Length":37.65507761518027}},{"type":"Feature","id":5354,"geometry":{"type":"LineString","coordinates":[[-75.2310629999999,44.658263],[-75.230125,44.6558610000001]]},"properties":{"FID":5354,"TYPEPIPE":"Interstate","Operator":"Iroquois Gas Trans Co","Status":"Operating","Shape_Leng":0.00257865236116,"Shape__Length":390.135601261906}},{"type":"Feature","id":5355,"geometry":{"type":"LineString","coordinates":[[-75.233851,44.6597650000001],[-75.2310629999999,44.658263]]},"properties":{"FID":5355,"TYPEPIPE":"Interstate","Operator":"Iroquois Gas Trans Co","Status":"Operating","Shape_Leng":0.00316685143322,"Shape__Length":389.32995377271396}},{"type":"Feature","id":5356,"geometry":{"type":"LineString","coordinates":[[-75.23501,44.6610420000001],[-75.233851,44.6597650000001]]},"properties":{"FID":5356,"TYPEPIPE":"Interstate","Operator":"Iroquois Gas Trans Co","Status":"Operating","Shape_Leng":0.00172453182056,"Shape__Length":237.88355268140003}},{"type":"Feature","id":5357,"geometry":{"type":"LineString","coordinates":[[-75.23734,44.663526],[-75.23501,44.6610420000001]]},"properties":{"FID":5357,"TYPEPIPE":"Interstate","Operator":"Iroquois Gas Trans Co","Status":"Operating","Shape_Leng":0.00340575336743,"Shape__Length":467.35143955088483}},{"type":"Feature","id":5358,"geometry":{"type":"LineString","coordinates":[[-75.238481,44.664695],[-75.23734,44.663526]]},"properties":{"FID":5358,"TYPEPIPE":"Interstate","Operator":"Iroquois Gas Trans Co","Status":"Operating","Shape_Leng":0.00163353665403,"Shape__Length":222.73163295913568}},{"type":"Feature","id":5359,"geometry":{"type":"LineString","coordinates":[[-75.240083,44.666166],[-75.238481,44.664695]]},"properties":{"FID":5359,"TYPEPIPE":"Interstate","Operator":"Iroquois Gas Trans Co","Status":"Operating","Shape_Leng":0.0021749126419,"Shape__Length":291.22610592292745}},{"type":"Feature","id":5360,"geometry":{"type":"LineString","coordinates":[[-75.241413,44.667109],[-75.240083,44.666166]]},"properties":{"FID":5360,"TYPEPIPE":"Interstate","Operator":"Iroquois Gas Trans Co","Status":"Operating","Shape_Leng":0.00163038308382,"Shape__Length":209.05969118218837}},{"type":"Feature","id":5361,"geometry":{"type":"LineString","coordinates":[[-75.242307,44.6677010000001],[-75.241413,44.667109]]},"properties":{"FID":5361,"TYPEPIPE":"Interstate","Operator":"Iroquois Gas Trans Co","Status":"Operating","Shape_Leng":0.00107224064467,"Shape__Length":135.979387966899}},{"type":"Feature","id":5362,"geometry":{"type":"LineString","coordinates":[[-75.243368,44.668411],[-75.242307,44.6677010000001]]},"properties":{"FID":5362,"TYPEPIPE":"Interstate","Operator":"Iroquois Gas Trans Co","Status":"Operating","Shape_Leng":0.00127664442972,"Shape__Length":162.17431386454564}},{"type":"Feature","id":5363,"geometry":{"type":"LineString","coordinates":[[-75.240899,44.7038370000001],[-75.2426389999999,44.7021790000001]]},"properties":{"FID":5363,"TYPEPIPE":"Interstate","Operator":"Iroquois Gas Trans Co","Status":"Operating","Shape_Leng":0.00240344835601,"Shape__Length":323.95916857329854}},{"type":"Feature","id":5364,"geometry":{"type":"LineString","coordinates":[[-75.240285,44.7048990000001],[-75.240899,44.7038370000001]]},"properties":{"FID":5364,"TYPEPIPE":"Interstate","Operator":"Iroquois Gas Trans Co","Status":"Operating","Shape_Leng":0.00122671920176,"Shape__Length":179.82989586057917}},{"type":"Feature","id":5365,"geometry":{"type":"LineString","coordinates":[[-75.239445,44.706266],[-75.240285,44.7048990000001]]},"properties":{"FID":5365,"TYPEPIPE":"Interstate","Operator":"Iroquois Gas Trans Co","Status":"Operating","Shape_Leng":0.00160445909884,"Shape__Length":233.63730755730737}},{"type":"Feature","id":5366,"geometry":{"type":"LineString","coordinates":[[-75.238659,44.708113],[-75.239445,44.706266]]},"properties":{"FID":5366,"TYPEPIPE":"Interstate","Operator":"Iroquois Gas Trans Co","Status":"Operating","Shape_Leng":0.00200728797137,"Shape__Length":302.2397901526901}},{"type":"Feature","id":5367,"geometry":{"type":"LineString","coordinates":[[-75.2393,44.709461],[-75.238659,44.708113]]},"properties":{"FID":5367,"TYPEPIPE":"Interstate","Operator":"Iroquois Gas Trans Co","Status":"Operating","Shape_Leng":0.00149264362793,"Shape__Length":222.87593090465577}},{"type":"Feature","id":5368,"geometry":{"type":"LineString","coordinates":[[-75.2398219999999,44.710645],[-75.2393,44.709461]]},"properties":{"FID":5368,"TYPEPIPE":"Interstate","Operator":"Iroquois Gas Trans Co","Status":"Operating","Shape_Leng":0.0012939629052,"Shape__Length":194.35070491380836}},{"type":"Feature","id":5369,"geometry":{"type":"LineString","coordinates":[[-75.240348,44.713106],[-75.2398219999999,44.710645]]},"properties":{"FID":5369,"TYPEPIPE":"Interstate","Operator":"Iroquois Gas Trans Co","Status":"Operating","Shape_Leng":0.00251658439158,"Shape__Length":389.9219516068005}},{"type":"Feature","id":5370,"geometry":{"type":"LineString","coordinates":[[-75.240515,44.7148780000001],[-75.240348,44.713106]]},"properties":{"FID":5370,"TYPEPIPE":"Interstate","Operator":"Iroquois Gas Trans Co","Status":"Operating","Shape_Leng":0.00177985196015,"Shape__Length":278.2047867736521}},{"type":"Feature","id":5371,"geometry":{"type":"LineString","coordinates":[[-75.240349,44.715518],[-75.240515,44.7148780000001]]},"properties":{"FID":5371,"TYPEPIPE":"Interstate","Operator":"Iroquois Gas Trans Co","Status":"Operating","Shape_Leng":0.000661177737043,"Shape__Length":101.94654829462726}},{"type":"Feature","id":5372,"geometry":{"type":"LineString","coordinates":[[-75.239724,44.7181130000001],[-75.240349,44.715518]]},"properties":{"FID":5372,"TYPEPIPE":"Interstate","Operator":"Iroquois Gas Trans Co","Status":"Operating","Shape_Leng":0.00266920400124,"Shape__Length":412.43606234557154}},{"type":"Feature","id":5373,"geometry":{"type":"LineString","coordinates":[[-75.240226,44.7206],[-75.239724,44.7181130000001]]},"properties":{"FID":5373,"TYPEPIPE":"Interstate","Operator":"Iroquois Gas Trans Co","Status":"Operating","Shape_Leng":0.00253715844989,"Shape__Length":393.61060668984265}},{"type":"Feature","id":5374,"geometry":{"type":"LineString","coordinates":[[-75.241251,44.7240600000001],[-75.240226,44.7206]]},"properties":{"FID":5374,"TYPEPIPE":"Interstate","Operator":"Iroquois Gas Trans Co","Status":"Operating","Shape_Leng":0.0036086320123,"Shape__Length":553.963934521311}},{"type":"Feature","id":5375,"geometry":{"type":"LineString","coordinates":[[-75.2414659999999,44.726732],[-75.241251,44.7240600000001]]},"properties":{"FID":5375,"TYPEPIPE":"Interstate","Operator":"Iroquois Gas Trans Co","Status":"Operating","Shape_Leng":0.00268063593197,"Shape__Length":419.3336187055093}},{"type":"Feature","id":5376,"geometry":{"type":"LineString","coordinates":[[-75.241727,44.728286],[-75.2414659999999,44.726732]]},"properties":{"FID":5376,"TYPEPIPE":"Interstate","Operator":"Iroquois Gas Trans Co","Status":"Operating","Shape_Leng":0.00157576552825,"Shape__Length":245.21757190543707}},{"type":"Feature","id":5377,"geometry":{"type":"LineString","coordinates":[[-75.241992,44.7298960000001],[-75.241727,44.728286]]},"properties":{"FID":5377,"TYPEPIPE":"Interstate","Operator":"Iroquois Gas Trans Co","Status":"Operating","Shape_Leng":0.00163166326186,"Shape__Length":253.99050182343848}},{"type":"Feature","id":5378,"geometry":{"type":"LineString","coordinates":[[-75.243558,44.736537],[-75.241992,44.7298960000001]]},"properties":{"FID":5378,"TYPEPIPE":"Interstate","Operator":"Iroquois Gas Trans Co","Status":"Operating","Shape_Leng":0.00682313981975,"Shape__Length":1055.1554774946756}},{"type":"Feature","id":5379,"geometry":{"type":"LineString","coordinates":[[-75.2425699999999,44.775852],[-75.2429059999999,44.774141]]},"properties":{"FID":5379,"TYPEPIPE":"Interstate","Operator":"Iroquois Gas Trans Co","Status":"Operating","Shape_Leng":0.00174367915627,"Shape__Length":270.90486599684306}},{"type":"Feature","id":5380,"geometry":{"type":"LineString","coordinates":[[-75.242963,44.778101],[-75.2425699999999,44.775852]]},"properties":{"FID":5380,"TYPEPIPE":"Interstate","Operator":"Iroquois Gas Trans Co","Status":"Operating","Shape_Leng":0.00228307906128,"Shape__Length":355.3918491783804}},{"type":"Feature","id":5381,"geometry":{"type":"LineString","coordinates":[[-75.2428859999999,44.7922770000001],[-75.242791,44.790286]]},"properties":{"FID":5381,"TYPEPIPE":"Interstate","Operator":"Iroquois Gas Trans Co","Status":"Operating","Shape_Leng":0.00199326516052,"Shape__Length":312.4855983381046}},{"type":"Feature","id":5382,"geometry":{"type":"LineString","coordinates":[[-75.256677,44.397346],[-75.257191,44.397002]]},"properties":{"FID":5382,"TYPEPIPE":"Interstate","Operator":"Iroquois Gas Trans Co","Status":"Operating","Shape_Leng":0.000618491713767,"Shape__Length":78.39854804952634}},{"type":"Feature","id":5383,"geometry":{"type":"LineString","coordinates":[[-75.254964,44.399207],[-75.256677,44.397346]]},"properties":{"FID":5383,"TYPEPIPE":"Interstate","Operator":"Iroquois Gas Trans Co","Status":"Operating","Shape_Leng":0.0025293655331,"Shape__Length":347.03351387230146}},{"type":"Feature","id":5384,"geometry":{"type":"LineString","coordinates":[[-75.253055,44.4022200000001],[-75.254964,44.399207]]},"properties":{"FID":5384,"TYPEPIPE":"Interstate","Operator":"Iroquois Gas Trans Co","Status":"Operating","Shape_Leng":0.00356685435645,"Shape__Length":515.3096326036626}},{"type":"Feature","id":5385,"geometry":{"type":"LineString","coordinates":[[-75.25127,44.4055040000001],[-75.253055,44.4022200000001]]},"properties":{"FID":5385,"TYPEPIPE":"Interstate","Operator":"Iroquois Gas Trans Co","Status":"Operating","Shape_Leng":0.00373776417127,"Shape__Length":548.9290262271488}},{"type":"Feature","id":5386,"geometry":{"type":"LineString","coordinates":[[-75.249779,44.408329],[-75.25127,44.4055040000001]]},"properties":{"FID":5386,"TYPEPIPE":"Interstate","Operator":"Iroquois Gas Trans Co","Status":"Operating","Shape_Leng":0.00319432402862,"Shape__Length":470.45647335710885}},{"type":"Feature","id":5387,"geometry":{"type":"LineString","coordinates":[[-75.249694,44.410194],[-75.249779,44.408329]]},"properties":{"FID":5387,"TYPEPIPE":"Interstate","Operator":"Iroquois Gas Trans Co","Status":"Operating","Shape_Leng":0.00186693599249,"Shape__Length":290.7791321347526}},{"type":"Feature","id":5388,"geometry":{"type":"LineString","coordinates":[[-75.249765,44.413305],[-75.249694,44.410194]]},"properties":{"FID":5388,"TYPEPIPE":"Interstate","Operator":"Iroquois Gas Trans Co","Status":"Operating","Shape_Leng":0.00311181008417,"Shape__Length":484.8758252645643}},{"type":"Feature","id":5389,"geometry":{"type":"LineString","coordinates":[[-75.249668,44.416969],[-75.249765,44.413305]]},"properties":{"FID":5389,"TYPEPIPE":"Interstate","Operator":"Iroquois Gas Trans Co","Status":"Operating","Shape_Leng":0.00366528375438,"Shape__Length":571.1248700390275}},{"type":"Feature","id":5390,"geometry":{"type":"LineString","coordinates":[[-75.249338,44.4176620000001],[-75.249668,44.416969]]},"properties":{"FID":5390,"TYPEPIPE":"Interstate","Operator":"Iroquois Gas Trans Co","Status":"Operating","Shape_Leng":0.000767560421094,"Shape__Length":114.08225703623218}},{"type":"Feature","id":5391,"geometry":{"type":"LineString","coordinates":[[-75.249248,44.418208],[-75.249338,44.4176620000001]]},"properties":{"FID":5391,"TYPEPIPE":"Interstate","Operator":"Iroquois Gas Trans Co","Status":"Operating","Shape_Leng":0.000553367870394,"Shape__Length":85.68418566457447}},{"type":"Feature","id":5392,"geometry":{"type":"LineString","coordinates":[[-75.249155,44.4224060000001],[-75.249248,44.418208]]},"properties":{"FID":5392,"TYPEPIPE":"Interstate","Operator":"Iroquois Gas Trans Co","Status":"Operating","Shape_Leng":0.00419903000707,"Shape__Length":654.3847392275071}},{"type":"Feature","id":5393,"geometry":{"type":"LineString","coordinates":[[-75.249355,44.4245460000001],[-75.249155,44.4224060000001]]},"properties":{"FID":5393,"TYPEPIPE":"Interstate","Operator":"Iroquois Gas Trans Co","Status":"Operating","Shape_Leng":0.00214932547558,"Shape__Length":334.3019767521581}},{"type":"Feature","id":5394,"geometry":{"type":"LineString","coordinates":[[-75.2493899999999,44.4270130000001],[-75.249355,44.4245460000001]]},"properties":{"FID":5394,"TYPEPIPE":"Interstate","Operator":"Iroquois Gas Trans Co","Status":"Operating","Shape_Leng":0.00246724826473,"Shape__Length":384.56385749946014}},{"type":"Feature","id":5395,"geometry":{"type":"LineString","coordinates":[[-75.248907,44.4286740000001],[-75.2493899999999,44.4270130000001]]},"properties":{"FID":5395,"TYPEPIPE":"Interstate","Operator":"Iroquois Gas Trans Co","Status":"Operating","Shape_Leng":0.00172980056654,"Shape__Length":264.441633190273}},{"type":"Feature","id":5396,"geometry":{"type":"LineString","coordinates":[[-75.248588,44.4296780000001],[-75.248907,44.4286740000001]]},"properties":{"FID":5396,"TYPEPIPE":"Interstate","Operator":"Iroquois Gas Trans Co","Status":"Operating","Shape_Leng":0.00105345953887,"Shape__Length":160.48587253848765}},{"type":"Feature","id":5397,"geometry":{"type":"LineString","coordinates":[[-75.2486039999999,44.4323610000001],[-75.248588,44.4296780000001]]},"properties":{"FID":5397,"TYPEPIPE":"Interstate","Operator":"Iroquois Gas Trans Co","Status":"Operating","Shape_Leng":0.00268304770736,"Shape__Length":418.2544496461853}},{"type":"Feature","id":5398,"geometry":{"type":"LineString","coordinates":[[-75.248612,44.4370880000001],[-75.2486039999999,44.4323610000001]]},"properties":{"FID":5398,"TYPEPIPE":"Interstate","Operator":"Iroquois Gas Trans Co","Status":"Operating","Shape_Leng":0.00472700676962,"Shape__Length":736.9353878644184}},{"type":"Feature","id":5399,"geometry":{"type":"LineString","coordinates":[[-75.247215,44.43782],[-75.248612,44.4370880000001]]},"properties":{"FID":5399,"TYPEPIPE":"Interstate","Operator":"Iroquois Gas Trans Co","Status":"Operating","Shape_Leng":0.00157715978897,"Shape__Length":192.89519240111483}},{"type":"Feature","id":5400,"geometry":{"type":"LineString","coordinates":[[-75.246394,44.4382630000001],[-75.247215,44.43782]]},"properties":{"FID":5400,"TYPEPIPE":"Interstate","Operator":"Iroquois Gas Trans Co","Status":"Operating","Shape_Leng":0.000932893348709,"Shape__Length":114.55572538575255}},{"type":"Feature","id":5401,"geometry":{"type":"LineString","coordinates":[[-75.245595,44.439516],[-75.246394,44.4382630000001]]},"properties":{"FID":5401,"TYPEPIPE":"Interstate","Operator":"Iroquois Gas Trans Co","Status":"Operating","Shape_Leng":0.00148607200359,"Shape__Length":214.65049104465402}},{"type":"Feature","id":5402,"geometry":{"type":"LineString","coordinates":[[-75.2452979999999,44.4428520000001],[-75.245595,44.439516]]},"properties":{"FID":5402,"TYPEPIPE":"Interstate","Operator":"Iroquois Gas Trans Co","Status":"Operating","Shape_Leng":0.00334919467937,"Shape__Length":521.1864676339579}},{"type":"Feature","id":5403,"geometry":{"type":"LineString","coordinates":[[-75.244971,44.4462070000001],[-75.2452979999999,44.4428520000001]]},"properties":{"FID":5403,"TYPEPIPE":"Interstate","Operator":"Iroquois Gas Trans Co","Status":"Operating","Shape_Leng":0.00337089809991,"Shape__Length":524.3940751501688}},{"type":"Feature","id":5404,"geometry":{"type":"LineString","coordinates":[[-75.244517,44.4496280000001],[-75.244971,44.4462070000001]]},"properties":{"FID":5404,"TYPEPIPE":"Interstate","Operator":"Iroquois Gas Trans Co","Status":"Operating","Shape_Leng":0.00345099362503,"Shape__Length":535.8398077349027}},{"type":"Feature","id":5405,"geometry":{"type":"LineString","coordinates":[[-75.244133,44.4524200000001],[-75.244517,44.4496280000001]]},"properties":{"FID":5405,"TYPEPIPE":"Interstate","Operator":"Iroquois Gas Trans Co","Status":"Operating","Shape_Leng":0.00281828316533,"Shape__Length":437.4850277464017}},{"type":"Feature","id":5406,"geometry":{"type":"LineString","coordinates":[[-75.243954,44.4539730000001],[-75.244133,44.4524200000001]]},"properties":{"FID":5406,"TYPEPIPE":"Interstate","Operator":"Iroquois Gas Trans Co","Status":"Operating","Shape_Leng":0.00156328180441,"Shape__Length":243.00614407066993}},{"type":"Feature","id":5407,"geometry":{"type":"LineString","coordinates":[[-75.2434029999999,44.45516],[-75.243954,44.4539730000001]]},"properties":{"FID":5407,"TYPEPIPE":"Interstate","Operator":"Iroquois Gas Trans Co","Status":"Operating","Shape_Leng":0.00130865197816,"Shape__Length":195.01234136446766}},{"type":"Feature","id":5408,"geometry":{"type":"LineString","coordinates":[[-75.243734,44.4565890000001],[-75.2434029999999,44.45516]]},"properties":{"FID":5408,"TYPEPIPE":"Interstate","Operator":"Iroquois Gas Trans Co","Status":"Operating","Shape_Leng":0.00146683400564,"Shape__Length":225.8859304874774}},{"type":"Feature","id":5409,"geometry":{"type":"LineString","coordinates":[[-75.2435839999999,44.457206],[-75.243734,44.4565890000001]]},"properties":{"FID":5409,"TYPEPIPE":"Interstate","Operator":"Iroquois Gas Trans Co","Status":"Operating","Shape_Leng":0.000634971652893,"Shape__Length":97.66426887186945}},{"type":"Feature","id":5410,"geometry":{"type":"LineString","coordinates":[[-75.243054,44.459973],[-75.2435839999999,44.457206]]},"properties":{"FID":5410,"TYPEPIPE":"Interstate","Operator":"Iroquois Gas Trans Co","Status":"Operating","Shape_Leng":0.00281730172328,"Shape__Length":435.5633529234331}},{"type":"Feature","id":5411,"geometry":{"type":"LineString","coordinates":[[-75.242902,44.4610660000001],[-75.243054,44.459973]]},"properties":{"FID":5411,"TYPEPIPE":"Interstate","Operator":"Iroquois Gas Trans Co","Status":"Operating","Shape_Leng":0.00110351846385,"Shape__Length":171.31061728846652}},{"type":"Feature","id":5412,"geometry":{"type":"LineString","coordinates":[[-75.24346,44.463418],[-75.242902,44.4610660000001]]},"properties":{"FID":5412,"TYPEPIPE":"Interstate","Operator":"Iroquois Gas Trans Co","Status":"Operating","Shape_Leng":0.00241728525414,"Shape__Length":372.06911395050844}},{"type":"Feature","id":5413,"geometry":{"type":"LineString","coordinates":[[-75.243073,44.4641310000001],[-75.24346,44.463418]]},"properties":{"FID":5413,"TYPEPIPE":"Interstate","Operator":"Iroquois Gas Trans Co","Status":"Operating","Shape_Leng":0.000811257049287,"Shape__Length":119.26399760616565}},{"type":"Feature","id":5414,"geometry":{"type":"LineString","coordinates":[[-75.265667,44.393107],[-75.268649,44.3919280000001]]},"properties":{"FID":5414,"TYPEPIPE":"Interstate","Operator":"Iroquois Gas Trans Co","Status":"Operating","Shape_Leng":0.00320661269881,"Shape__Length":379.3803905244059}},{"type":"Feature","id":5415,"geometry":{"type":"LineString","coordinates":[[-75.259619,44.3956460000001],[-75.265667,44.393107]]},"properties":{"FID":5415,"TYPEPIPE":"Interstate","Operator":"Iroquois Gas Trans Co","Status":"Operating","Shape_Leng":0.00655933113965,"Shape__Length":780.8603745938901}},{"type":"Feature","id":5416,"geometry":{"type":"LineString","coordinates":[[-75.257191,44.397002],[-75.259619,44.3956460000001]]},"properties":{"FID":5416,"TYPEPIPE":"Interstate","Operator":"Iroquois Gas Trans Co","Status":"Operating","Shape_Leng":0.00278099262854,"Shape__Length":343.0513455185784}},{"type":"Feature","id":5417,"geometry":{"type":"LineString","coordinates":[[-75.3039699999999,44.353979],[-75.303578,44.3521430000001]]},"properties":{"FID":5417,"TYPEPIPE":"Interstate","Operator":"Iroquois Gas Trans Co","Status":"Operating","Shape_Leng":0.00187738115466,"Shape__Length":289.1433394669826}},{"type":"Feature","id":5418,"geometry":{"type":"LineString","coordinates":[[-75.304587,44.3561010000001],[-75.3039699999999,44.353979]]},"properties":{"FID":5418,"TYPEPIPE":"Interstate","Operator":"Iroquois Gas Trans Co","Status":"Operating","Shape_Leng":0.00220988076606,"Shape__Length":337.4318977208333}},{"type":"Feature","id":5419,"geometry":{"type":"LineString","coordinates":[[-75.3051579999999,44.357937],[-75.304587,44.3561010000001]]},"properties":{"FID":5419,"TYPEPIPE":"Interstate","Operator":"Iroquois Gas Trans Co","Status":"Operating","Shape_Leng":0.00192274205235,"Shape__Length":292.83273149463207}},{"type":"Feature","id":5420,"geometry":{"type":"LineString","coordinates":[[-75.3054069999999,44.358769],[-75.3051579999999,44.357937]]},"properties":{"FID":5420,"TYPEPIPE":"Interstate","Operator":"Iroquois Gas Trans Co","Status":"Operating","Shape_Leng":0.000868461282961,"Shape__Length":132.4712382467505}},{"type":"Feature","id":5421,"geometry":{"type":"LineString","coordinates":[[-75.305234,44.3591920000001],[-75.3054069999999,44.358769]]},"properties":{"FID":5421,"TYPEPIPE":"Interstate","Operator":"Iroquois Gas Trans Co","Status":"Operating","Shape_Leng":0.000457009846717,"Shape__Length":68.61792732427571}},{"type":"Feature","id":5422,"geometry":{"type":"LineString","coordinates":[[-75.303507,44.3624790000001],[-75.305234,44.3591920000001]]},"properties":{"FID":5422,"TYPEPIPE":"Interstate","Operator":"Iroquois Gas Trans Co","Status":"Operating","Shape_Leng":0.00371307123552,"Shape__Length":546.7103330128016}},{"type":"Feature","id":5423,"geometry":{"type":"LineString","coordinates":[[-75.30287,44.364564],[-75.303507,44.3624790000001]]},"properties":{"FID":5423,"TYPEPIPE":"Interstate","Operator":"Iroquois Gas Trans Co","Status":"Operating","Shape_Leng":0.00218013623424,"Shape__Length":332.30808035599574}},{"type":"Feature","id":5424,"geometry":{"type":"LineString","coordinates":[[-75.301683,44.367898],[-75.30287,44.364564]]},"properties":{"FID":5424,"TYPEPIPE":"Interstate","Operator":"Iroquois Gas Trans Co","Status":"Operating","Shape_Leng":0.00353900056513,"Shape__Length":535.711117544074}},{"type":"Feature","id":5425,"geometry":{"type":"LineString","coordinates":[[-75.3005449999999,44.3715790000001],[-75.301683,44.367898]]},"properties":{"FID":5425,"TYPEPIPE":"Interstate","Operator":"Iroquois Gas Trans Co","Status":"Operating","Shape_Leng":0.00385289566434,"Shape__Length":587.058606864238}},{"type":"Feature","id":5426,"geometry":{"type":"LineString","coordinates":[[-75.3003459999999,44.37204],[-75.3005449999999,44.3715790000001]]},"properties":{"FID":5426,"TYPEPIPE":"Interstate","Operator":"Iroquois Gas Trans Co","Status":"Operating","Shape_Leng":0.000502117516104,"Shape__Length":75.1322772397256}},{"type":"Feature","id":5427,"geometry":{"type":"LineString","coordinates":[[-75.300449,44.372665],[-75.3003459999999,44.37204]]},"properties":{"FID":5427,"TYPEPIPE":"Interstate","Operator":"Iroquois Gas Trans Co","Status":"Operating","Shape_Leng":0.000633430343465,"Shape__Length":98.00610235772169}},{"type":"Feature","id":5428,"geometry":{"type":"LineString","coordinates":[[-75.30081,44.373905],[-75.300449,44.372665]]},"properties":{"FID":5428,"TYPEPIPE":"Interstate","Operator":"Iroquois Gas Trans Co","Status":"Operating","Shape_Leng":0.00129148015857,"Shape__Length":197.24895957272108}},{"type":"Feature","id":5429,"geometry":{"type":"LineString","coordinates":[[-75.300765,44.37541],[-75.30081,44.373905]]},"properties":{"FID":5429,"TYPEPIPE":"Interstate","Operator":"Iroquois Gas Trans Co","Status":"Operating","Shape_Leng":0.00150567260718,"Shape__Length":234.44081392812652}},{"type":"Feature","id":5430,"geometry":{"type":"LineString","coordinates":[[-75.300533,44.3757340000001],[-75.300765,44.37541]]},"properties":{"FID":5430,"TYPEPIPE":"Interstate","Operator":"Iroquois Gas Trans Co","Status":"Operating","Shape_Leng":0.000398497176922,"Shape__Length":56.685314027189406}},{"type":"Feature","id":5431,"geometry":{"type":"LineString","coordinates":[[-75.299164,44.3763680000001],[-75.300533,44.3757340000001]]},"properties":{"FID":5431,"TYPEPIPE":"Interstate","Operator":"Iroquois Gas Trans Co","Status":"Operating","Shape_Leng":0.00150868054936,"Shape__Length":181.588617179595}},{"type":"Feature","id":5432,"geometry":{"type":"LineString","coordinates":[[-75.298433,44.3772430000001],[-75.299164,44.3763680000001]]},"properties":{"FID":5432,"TYPEPIPE":"Interstate","Operator":"Iroquois Gas Trans Co","Status":"Operating","Shape_Leng":0.00114016928567,"Shape__Length":158.72350216803244}},{"type":"Feature","id":5433,"geometry":{"type":"LineString","coordinates":[[-75.295911,44.378987],[-75.298433,44.3772430000001]]},"properties":{"FID":5433,"TYPEPIPE":"Interstate","Operator":"Iroquois Gas Trans Co","Status":"Operating","Shape_Leng":0.00306627135132,"Shape__Length":390.6397609960806}},{"type":"Feature","id":5434,"geometry":{"type":"LineString","coordinates":[[-75.2943779999999,44.3809620000001],[-75.295911,44.378987]]},"properties":{"FID":5434,"TYPEPIPE":"Interstate","Operator":"Iroquois Gas Trans Co","Status":"Operating","Shape_Leng":0.00250014279597,"Shape__Length":351.77815507441437}},{"type":"Feature","id":5435,"geometry":{"type":"LineString","coordinates":[[-75.2914519999999,44.384163],[-75.2943779999999,44.3809620000001]]},"properties":{"FID":5435,"TYPEPIPE":"Interstate","Operator":"Iroquois Gas Trans Co","Status":"Operating","Shape_Leng":0.00433680492989,"Shape__Length":595.5536088985632}},{"type":"Feature","id":5436,"geometry":{"type":"LineString","coordinates":[[-75.289825,44.386089],[-75.2914519999999,44.384163]]},"properties":{"FID":5436,"TYPEPIPE":"Interstate","Operator":"Iroquois Gas Trans Co","Status":"Operating","Shape_Leng":0.00252123085017,"Shape__Length":350.4390697657069}},{"type":"Feature","id":5437,"geometry":{"type":"LineString","coordinates":[[-75.288827,44.386559],[-75.289825,44.386089]]},"properties":{"FID":5437,"TYPEPIPE":"Interstate","Operator":"Iroquois Gas Trans Co","Status":"Operating","Shape_Leng":0.00110313371808,"Shape__Length":133.05074060501946}},{"type":"Feature","id":5438,"geometry":{"type":"LineString","coordinates":[[-75.2875119999999,44.387125],[-75.288827,44.386559]]},"properties":{"FID":5438,"TYPEPIPE":"Interstate","Operator":"Iroquois Gas Trans Co","Status":"Operating","Shape_Leng":0.00143163577773,"Shape__Length":170.88582633449496}},{"type":"Feature","id":5439,"geometry":{"type":"LineString","coordinates":[[-75.2855759999999,44.3869990000001],[-75.2875119999999,44.387125]]},"properties":{"FID":5439,"TYPEPIPE":"Interstate","Operator":"Iroquois Gas Trans Co","Status":"Operating","Shape_Leng":0.00194009587392,"Shape__Length":216.4064337222446}},{"type":"Feature","id":5440,"geometry":{"type":"LineString","coordinates":[[-75.281444,44.3878510000001],[-75.2855759999999,44.3869990000001]]},"properties":{"FID":5440,"TYPEPIPE":"Interstate","Operator":"Iroquois Gas Trans Co","Status":"Operating","Shape_Leng":0.00421892498153,"Shape__Length":478.73645991310985}},{"type":"Feature","id":5441,"geometry":{"type":"LineString","coordinates":[[-75.280207,44.3889610000001],[-75.281444,44.3878510000001]]},"properties":{"FID":5441,"TYPEPIPE":"Interstate","Operator":"Iroquois Gas Trans Co","Status":"Operating","Shape_Leng":0.00166200752103,"Shape__Length":221.04320538571633}},{"type":"Feature","id":5442,"geometry":{"type":"LineString","coordinates":[[-75.278046,44.389886],[-75.280207,44.3889610000001]]},"properties":{"FID":5442,"TYPEPIPE":"Interstate","Operator":"Iroquois Gas Trans Co","Status":"Operating","Shape_Leng":0.00235064799577,"Shape__Length":280.4160433331713}},{"type":"Feature","id":5443,"geometry":{"type":"LineString","coordinates":[[-75.27538,44.3895400000001],[-75.278046,44.389886]]},"properties":{"FID":5443,"TYPEPIPE":"Interstate","Operator":"Iroquois Gas Trans Co","Status":"Operating","Shape_Leng":0.00268835860701,"Shape__Length":301.6325652957594}},{"type":"Feature","id":5444,"geometry":{"type":"LineString","coordinates":[[-75.2744499999999,44.3898620000001],[-75.27538,44.3895400000001]]},"properties":{"FID":5444,"TYPEPIPE":"Interstate","Operator":"Iroquois Gas Trans Co","Status":"Operating","Shape_Leng":0.000984166652586,"Shape__Length":115.0390296976129}},{"type":"Feature","id":5445,"geometry":{"type":"LineString","coordinates":[[-75.268649,44.3919280000001],[-75.2744499999999,44.3898620000001]]},"properties":{"FID":5445,"TYPEPIPE":"Interstate","Operator":"Iroquois Gas Trans Co","Status":"Operating","Shape_Leng":0.00615791823587,"Shape__Length":721.523780257696}},{"type":"Feature","id":5446,"geometry":{"type":"LineString","coordinates":[[-75.244183,44.74537],[-75.244626,44.744131]]},"properties":{"FID":5446,"TYPEPIPE":"Interstate","Operator":"Iroquois Gas Trans Co","Status":"Operating","Shape_Leng":0.00131581533659,"Shape__Length":200.35583117481352}},{"type":"Feature","id":5447,"geometry":{"type":"LineString","coordinates":[[-75.244315,44.747013],[-75.244183,44.74537]]},"properties":{"FID":5447,"TYPEPIPE":"Interstate","Operator":"Iroquois Gas Trans Co","Status":"Operating","Shape_Leng":0.0016482939665,"Shape__Length":257.937389091795}},{"type":"Feature","id":5448,"geometry":{"type":"LineString","coordinates":[[-75.244671,44.7498170000001],[-75.244315,44.747013]]},"properties":{"FID":5448,"TYPEPIPE":"Interstate","Operator":"Iroquois Gas Trans Co","Status":"Operating","Shape_Leng":0.00282650880065,"Shape__Length":441.2898505838778}},{"type":"Feature","id":5449,"geometry":{"type":"LineString","coordinates":[[-75.245307,44.752553],[-75.244671,44.7498170000001]]},"properties":{"FID":5449,"TYPEPIPE":"Interstate","Operator":"Iroquois Gas Trans Co","Status":"Operating","Shape_Leng":0.0028089485577,"Shape__Length":434.6734406342776}},{"type":"Feature","id":5450,"geometry":{"type":"LineString","coordinates":[[-75.246043,44.756326],[-75.245307,44.752553]]},"properties":{"FID":5450,"TYPEPIPE":"Interstate","Operator":"Iroquois Gas Trans Co","Status":"Operating","Shape_Leng":0.00384411563304,"Shape__Length":597.1000076709782}},{"type":"Feature","id":5451,"geometry":{"type":"LineString","coordinates":[[-75.2463099999999,44.7589790000001],[-75.246043,44.756326]]},"properties":{"FID":5451,"TYPEPIPE":"Interstate","Operator":"Iroquois Gas Trans Co","Status":"Operating","Shape_Leng":0.00266640169517,"Shape__Length":416.9657860848592}},{"type":"Feature","id":5452,"geometry":{"type":"LineString","coordinates":[[-75.2460139999999,44.7604180000001],[-75.2463099999999,44.7589790000001]]},"properties":{"FID":5452,"TYPEPIPE":"Interstate","Operator":"Iroquois Gas Trans Co","Status":"Operating","Shape_Leng":0.00146912797265,"Shape__Length":227.99059315259422}},{"type":"Feature","id":5453,"geometry":{"type":"LineString","coordinates":[[-75.2456069999999,44.761352],[-75.2460139999999,44.7604180000001]]},"properties":{"FID":5453,"TYPEPIPE":"Interstate","Operator":"Iroquois Gas Trans Co","Status":"Operating","Shape_Leng":0.00101882530394,"Shape__Length":153.27845593533672}},{"type":"Feature","id":5454,"geometry":{"type":"LineString","coordinates":[[-75.244816,44.7626670000001],[-75.2456069999999,44.761352]]},"properties":{"FID":5454,"TYPEPIPE":"Interstate","Operator":"Iroquois Gas Trans Co","Status":"Operating","Shape_Leng":0.00153457029819,"Shape__Length":224.1820103660422}},{"type":"Feature","id":5455,"geometry":{"type":"LineString","coordinates":[[-75.243937,44.764302],[-75.244816,44.7626670000001]]},"properties":{"FID":5455,"TYPEPIPE":"Interstate","Operator":"Iroquois Gas Trans Co","Status":"Operating","Shape_Leng":0.00185630439311,"Shape__Length":274.38194907881785}},{"type":"Feature","id":5456,"geometry":{"type":"LineString","coordinates":[[-75.2438099999999,44.765154],[-75.243937,44.764302]]},"properties":{"FID":5456,"TYPEPIPE":"Interstate","Operator":"Iroquois Gas Trans Co","Status":"Operating","Shape_Leng":0.000861413373486,"Shape__Length":134.32859893041962}},{"type":"Feature","id":5457,"geometry":{"type":"LineString","coordinates":[[-75.2435149999999,44.767865],[-75.2438099999999,44.765154]]},"properties":{"FID":5457,"TYPEPIPE":"Interstate","Operator":"Iroquois Gas Trans Co","Status":"Operating","Shape_Leng":0.00272700311695,"Shape__Length":426.3294439847669}},{"type":"Feature","id":5458,"geometry":{"type":"LineString","coordinates":[[-75.2438109999999,44.769791],[-75.2435149999999,44.767865]]},"properties":{"FID":5458,"TYPEPIPE":"Interstate","Operator":"Iroquois Gas Trans Co","Status":"Operating","Shape_Leng":0.00194861283997,"Shape__Length":303.78559126878366}},{"type":"Feature","id":5459,"geometry":{"type":"LineString","coordinates":[[-75.243954,44.7706650000001],[-75.2438109999999,44.769791]]},"properties":{"FID":5459,"TYPEPIPE":"Interstate","Operator":"Iroquois Gas Trans Co","Status":"Operating","Shape_Leng":0.00088562125089,"Shape__Length":137.96636108312947}},{"type":"Feature","id":5460,"geometry":{"type":"LineString","coordinates":[[-75.243369,44.7725140000001],[-75.243954,44.7706650000001]]},"properties":{"FID":5460,"TYPEPIPE":"Interstate","Operator":"Iroquois Gas Trans Co","Status":"Operating","Shape_Leng":0.00193933648446,"Shape__Length":297.15720835662245}},{"type":"Feature","id":5461,"geometry":{"type":"LineString","coordinates":[[-75.2449319999999,44.6699160000001],[-75.243368,44.668411]]},"properties":{"FID":5461,"TYPEPIPE":"Interstate","Operator":"Iroquois Gas Trans Co","Status":"Operating","Shape_Leng":0.00217051169081,"Shape__Length":292.92957118917514}},{"type":"Feature","id":5462,"geometry":{"type":"LineString","coordinates":[[-75.2465079999999,44.670916],[-75.2449319999999,44.6699160000001]]},"properties":{"FID":5462,"TYPEPIPE":"Interstate","Operator":"Iroquois Gas Trans Co","Status":"Operating","Shape_Leng":0.00186648761045,"Shape__Length":235.1195431669581}},{"type":"Feature","id":5463,"geometry":{"type":"LineString","coordinates":[[-75.2499789999999,44.672829],[-75.2465079999999,44.670916]]},"properties":{"FID":5463,"TYPEPIPE":"Interstate","Operator":"Iroquois Gas Trans Co","Status":"Operating","Shape_Leng":0.00396325749857,"Shape__Length":488.844661873679}},{"type":"Feature","id":5464,"geometry":{"type":"LineString","coordinates":[[-75.252596,44.674403],[-75.2499789999999,44.672829]]},"properties":{"FID":5464,"TYPEPIPE":"Interstate","Operator":"Iroquois Gas Trans Co","Status":"Operating","Shape_Leng":0.00305387704406,"Shape__Length":381.5486967115541}},{"type":"Feature","id":5465,"geometry":{"type":"LineString","coordinates":[[-75.253746,44.675753],[-75.252596,44.674403]]},"properties":{"FID":5465,"TYPEPIPE":"Interstate","Operator":"Iroquois Gas Trans Co","Status":"Operating","Shape_Leng":0.0017734147851,"Shape__Length":247.08471791995225}},{"type":"Feature","id":5466,"geometry":{"type":"LineString","coordinates":[[-75.253708,44.6774940000001],[-75.253746,44.675753]]},"properties":{"FID":5466,"TYPEPIPE":"Interstate","Operator":"Iroquois Gas Trans Co","Status":"Operating","Shape_Leng":0.00174141465485,"Shape__Length":272.58371926890015}},{"type":"Feature","id":5467,"geometry":{"type":"LineString","coordinates":[[-75.253681,44.67821],[-75.253708,44.6774940000001]]},"properties":{"FID":5467,"TYPEPIPE":"Interstate","Operator":"Iroquois Gas Trans Co","Status":"Operating","Shape_Leng":0.000716508897317,"Shape__Length":112.13137359447424}},{"type":"Feature","id":5468,"geometry":{"type":"LineString","coordinates":[[-75.253817,44.678956],[-75.253681,44.67821]]},"properties":{"FID":5468,"TYPEPIPE":"Interstate","Operator":"Iroquois Gas Trans Co","Status":"Operating","Shape_Leng":0.000758295456922,"Shape__Length":117.7662918983954}},{"type":"Feature","id":5469,"geometry":{"type":"LineString","coordinates":[[-75.254354,44.680149],[-75.253817,44.678956]]},"properties":{"FID":5469,"TYPEPIPE":"Interstate","Operator":"Iroquois Gas Trans Co","Status":"Operating","Shape_Leng":0.00130828819455,"Shape__Length":196.10500120377813}},{"type":"Feature","id":5470,"geometry":{"type":"LineString","coordinates":[[-75.2556079999999,44.6826160000001],[-75.254354,44.680149]]},"properties":{"FID":5470,"TYPEPIPE":"Interstate","Operator":"Iroquois Gas Trans Co","Status":"Operating","Shape_Leng":0.00276741847215,"Shape__Length":410.6890995203706}},{"type":"Feature","id":5471,"geometry":{"type":"LineString","coordinates":[[-75.256008,44.6852270000001],[-75.2556079999999,44.6826160000001]]},"properties":{"FID":5471,"TYPEPIPE":"Interstate","Operator":"Iroquois Gas Trans Co","Status":"Operating","Shape_Leng":0.00264146190584,"Shape__Length":411.21746311578426}},{"type":"Feature","id":5472,"geometry":{"type":"LineString","coordinates":[[-75.255376,44.685723],[-75.256008,44.6852270000001]]},"properties":{"FID":5472,"TYPEPIPE":"Interstate","Operator":"Iroquois Gas Trans Co","Status":"Operating","Shape_Leng":0.00080339280554,"Shape__Length":104.78900218561671}},{"type":"Feature","id":5473,"geometry":{"type":"LineString","coordinates":[[-75.253116,44.686949],[-75.255376,44.685723]]},"properties":{"FID":5473,"TYPEPIPE":"Interstate","Operator":"Iroquois Gas Trans Co","Status":"Operating","Shape_Leng":0.00257112348981,"Shape__Length":316.4528437324768}},{"type":"Feature","id":5474,"geometry":{"type":"LineString","coordinates":[[-75.250647,44.6885330000001],[-75.253116,44.686949]]},"properties":{"FID":5474,"TYPEPIPE":"Interstate","Operator":"Iroquois Gas Trans Co","Status":"Operating","Shape_Leng":0.00293343092644,"Shape__Length":370.2099826352973}},{"type":"Feature","id":5475,"geometry":{"type":"LineString","coordinates":[[-75.2494589999999,44.689445],[-75.250647,44.6885330000001]]},"properties":{"FID":5475,"TYPEPIPE":"Interstate","Operator":"Iroquois Gas Trans Co","Status":"Operating","Shape_Leng":0.0014976942278,"Shape__Length":194.63304664580252}},{"type":"Feature","id":5476,"geometry":{"type":"LineString","coordinates":[[-75.248398,44.6904510000001],[-75.2494589999999,44.689445]]},"properties":{"FID":5476,"TYPEPIPE":"Interstate","Operator":"Iroquois Gas Trans Co","Status":"Operating","Shape_Leng":0.00146210704123,"Shape__Length":196.88518293378885}},{"type":"Feature","id":5477,"geometry":{"type":"LineString","coordinates":[[-75.244701,44.6939330000001],[-75.248398,44.6904510000001]]},"properties":{"FID":5477,"TYPEPIPE":"Interstate","Operator":"Iroquois Gas Trans Co","Status":"Operating","Shape_Leng":0.00507859557359,"Shape__Length":683.1307313288814}},{"type":"Feature","id":5478,"geometry":{"type":"LineString","coordinates":[[-75.244828,44.6952580000001],[-75.244701,44.6939330000001]]},"properties":{"FID":5478,"TYPEPIPE":"Interstate","Operator":"Iroquois Gas Trans Co","Status":"Operating","Shape_Leng":0.00133107249991,"Shape__Length":207.97217219383174}},{"type":"Feature","id":5479,"geometry":{"type":"LineString","coordinates":[[-75.245304,44.698511],[-75.244828,44.6952580000001]]},"properties":{"FID":5479,"TYPEPIPE":"Interstate","Operator":"Iroquois Gas Trans Co","Status":"Operating","Shape_Leng":0.00328764125169,"Shape__Length":512.1786901826491}},{"type":"Feature","id":5480,"geometry":{"type":"LineString","coordinates":[[-75.245065,44.699055],[-75.245304,44.698511]]},"properties":{"FID":5480,"TYPEPIPE":"Interstate","Operator":"Iroquois Gas Trans Co","Status":"Operating","Shape_Leng":0.000594185997816,"Shape__Length":89.2525947894075}},{"type":"Feature","id":5481,"geometry":{"type":"LineString","coordinates":[[-75.2442569999999,44.7010070000001],[-75.245065,44.699055]]},"properties":{"FID":5481,"TYPEPIPE":"Interstate","Operator":"Iroquois Gas Trans Co","Status":"Operating","Shape_Leng":0.00211262112081,"Shape__Length":318.66369852495393}},{"type":"Feature","id":5482,"geometry":{"type":"LineString","coordinates":[[-75.243408,44.7017100000001],[-75.2442569999999,44.7010070000001]]},"properties":{"FID":5482,"TYPEPIPE":"Interstate","Operator":"Iroquois Gas Trans Co","Status":"Operating","Shape_Leng":0.0011022749203,"Shape__Length":145.10108839162436}},{"type":"Feature","id":5483,"geometry":{"type":"LineString","coordinates":[[-75.2426389999999,44.7021790000001],[-75.243408,44.7017100000001]]},"properties":{"FID":5483,"TYPEPIPE":"Interstate","Operator":"Iroquois Gas Trans Co","Status":"Operating","Shape_Leng":0.000900734145063,"Shape__Length":112.79873971796836}},{"type":"Feature","id":5484,"geometry":{"type":"LineString","coordinates":[[-75.245089,44.7383970000001],[-75.243558,44.736537]]},"properties":{"FID":5484,"TYPEPIPE":"Interstate","Operator":"Iroquois Gas Trans Co","Status":"Operating","Shape_Leng":0.00240905811472,"Shape__Length":337.6547747132515}},{"type":"Feature","id":5485,"geometry":{"type":"LineString","coordinates":[[-75.2451849999999,44.739652],[-75.245089,44.7383970000001]]},"properties":{"FID":5485,"TYPEPIPE":"Interstate","Operator":"Iroquois Gas Trans Co","Status":"Operating","Shape_Leng":0.00125866635765,"Shape__Length":196.9703702897899}},{"type":"Feature","id":5486,"geometry":{"type":"LineString","coordinates":[[-75.245167,44.7429750000001],[-75.2451849999999,44.739652]]},"properties":{"FID":5486,"TYPEPIPE":"Interstate","Operator":"Iroquois Gas Trans Co","Status":"Operating","Shape_Leng":0.00332304875079,"Shape__Length":520.7961698053872}},{"type":"Feature","id":5487,"geometry":{"type":"LineString","coordinates":[[-75.244626,44.744131],[-75.245167,44.7429750000001]]},"properties":{"FID":5487,"TYPEPIPE":"Interstate","Operator":"Iroquois Gas Trans Co","Status":"Operating","Shape_Leng":0.00127632950289,"Shape__Length":190.92641613730103}},{"type":"Feature","id":5488,"geometry":{"type":"LineString","coordinates":[[-75.2429059999999,44.774141],[-75.243369,44.7725140000001]]},"properties":{"FID":5488,"TYPEPIPE":"Interstate","Operator":"Iroquois Gas Trans Co","Status":"Operating","Shape_Leng":0.00169159628753,"Shape__Length":260.2845422183234}},{"type":"Feature","id":5489,"geometry":{"type":"LineString","coordinates":[[-75.243872,44.781373],[-75.242963,44.778101]]},"properties":{"FID":5489,"TYPEPIPE":"Interstate","Operator":"Iroquois Gas Trans Co","Status":"Operating","Shape_Leng":0.00339591887415,"Shape__Length":523.022494321935}},{"type":"Feature","id":5490,"geometry":{"type":"LineString","coordinates":[[-75.243983,44.7826230000001],[-75.243872,44.781373]]},"properties":{"FID":5490,"TYPEPIPE":"Interstate","Operator":"Iroquois Gas Trans Co","Status":"Operating","Shape_Leng":0.0012549187225,"Shape__Length":196.43145046007422}},{"type":"Feature","id":5491,"geometry":{"type":"LineString","coordinates":[[-75.243643,44.7847570000001],[-75.243983,44.7826230000001]]},"properties":{"FID":5491,"TYPEPIPE":"Interstate","Operator":"Iroquois Gas Trans Co","Status":"Operating","Shape_Leng":0.00216091554672,"Shape__Length":336.82668503977294}},{"type":"Feature","id":5492,"geometry":{"type":"LineString","coordinates":[[-75.2432939999999,44.786733],[-75.243643,44.7847570000001]]},"properties":{"FID":5492,"TYPEPIPE":"Interstate","Operator":"Iroquois Gas Trans Co","Status":"Operating","Shape_Leng":0.00200658341462,"Shape__Length":312.34954089861697}},{"type":"Feature","id":5493,"geometry":{"type":"LineString","coordinates":[[-75.243265,44.7871880000001],[-75.2432939999999,44.786733]]},"properties":{"FID":5493,"TYPEPIPE":"Interstate","Operator":"Iroquois Gas Trans Co","Status":"Operating","Shape_Leng":0.000455923239197,"Shape__Length":71.43855630881824}},{"type":"Feature","id":5494,"geometry":{"type":"LineString","coordinates":[[-75.242791,44.790286],[-75.243265,44.7871880000001]]},"properties":{"FID":5494,"TYPEPIPE":"Interstate","Operator":"Iroquois Gas Trans Co","Status":"Operating","Shape_Leng":0.00313405169067,"Shape__Length":488.7846929614911}},{"type":"Feature","id":5495,"geometry":{"type":"LineString","coordinates":[[-75.243396,44.794423],[-75.2428859999999,44.7922770000001]]},"properties":{"FID":5495,"TYPEPIPE":"Interstate","Operator":"Iroquois Gas Trans Co","Status":"Operating","Shape_Leng":0.0022057688002,"Shape__Length":341.38564436943255}},{"type":"Feature","id":5496,"geometry":{"type":"LineString","coordinates":[[-75.2442149999999,44.796527],[-75.243396,44.794423]]},"properties":{"FID":5496,"TYPEPIPE":"Interstate","Operator":"Iroquois Gas Trans Co","Status":"Operating","Shape_Leng":0.00225778143315,"Shape__Length":342.41616850045}},{"type":"Feature","id":5497,"geometry":{"type":"LineString","coordinates":[[-75.2447289999999,44.7975470000001],[-75.2442149999999,44.796527]]},"properties":{"FID":5497,"TYPEPIPE":"Interstate","Operator":"Iroquois Gas Trans Co","Status":"Operating","Shape_Leng":0.00114218912624,"Shape__Length":169.93487767706986}},{"type":"Feature","id":5498,"geometry":{"type":"LineString","coordinates":[[-75.2452509999999,44.7996720000001],[-75.2447289999999,44.7975470000001]]},"properties":{"FID":5498,"TYPEPIPE":"Interstate","Operator":"Iroquois Gas Trans Co","Status":"Operating","Shape_Leng":0.00218817481018,"Shape__Length":338.3945782583034}},{"type":"Feature","id":5499,"geometry":{"type":"LineString","coordinates":[[-75.245697,44.801133],[-75.2452509999999,44.7996720000001]]},"properties":{"FID":5499,"TYPEPIPE":"Interstate","Operator":"Iroquois Gas Trans Co","Status":"Operating","Shape_Leng":0.00152755916417,"Shape__Length":234.5229955291415}},{"type":"Feature","id":5500,"geometry":{"type":"LineString","coordinates":[[-75.2463309999999,44.80332],[-75.245697,44.801133]]},"properties":{"FID":5500,"TYPEPIPE":"Interstate","Operator":"Iroquois Gas Trans Co","Status":"Operating","Shape_Leng":0.00227704303867,"Shape__Length":350.29942505874334}},{"type":"Feature","id":5501,"geometry":{"type":"LineString","coordinates":[[-75.2475949999999,44.8081010000001],[-75.2463309999999,44.80332]]},"properties":{"FID":5501,"TYPEPIPE":"Interstate","Operator":"Iroquois Gas Trans Co","Status":"Operating","Shape_Leng":0.00494526612027,"Shape__Length":763.2139657431247}},{"type":"Feature","id":5502,"geometry":{"type":"LineString","coordinates":[[-75.24746,44.8085970000001],[-75.2475949999999,44.8081010000001]]},"properties":{"FID":5502,"TYPEPIPE":"Interstate","Operator":"Iroquois Gas Trans Co","Status":"Operating","Shape_Leng":0.000514043772439,"Shape__Length":79.2628593699955}},{"type":"Feature","id":5503,"geometry":{"type":"LineString","coordinates":[[-75.247631,44.809468],[-75.24746,44.8085970000001]]},"properties":{"FID":5503,"TYPEPIPE":"Interstate","Operator":"Iroquois Gas Trans Co","Status":"Operating","Shape_Leng":0.000887627173942,"Shape__Length":137.98569805233413}},{"type":"Feature","id":5504,"geometry":{"type":"LineString","coordinates":[[-75.2480179999999,44.8120960000001],[-75.247631,44.809468]]},"properties":{"FID":5504,"TYPEPIPE":"Interstate","Operator":"Iroquois Gas Trans Co","Status":"Operating","Shape_Leng":0.00265634203371,"Shape__Length":414.60949345948194}},{"type":"Feature","id":5505,"geometry":{"type":"LineString","coordinates":[[-75.248275,44.812348],[-75.2480179999999,44.8120960000001]]},"properties":{"FID":5505,"TYPEPIPE":"Interstate","Operator":"Iroquois Gas Trans Co","Status":"Operating","Shape_Leng":0.000359934716319,"Shape__Length":48.806955071768904}},{"type":"Feature","id":5506,"geometry":{"type":"LineString","coordinates":[[-75.2495519999999,44.8139570000001],[-75.248275,44.812348]]},"properties":{"FID":5506,"TYPEPIPE":"Interstate","Operator":"Iroquois Gas Trans Co","Status":"Operating","Shape_Leng":0.00205416893171,"Shape__Length":289.75032101931436}},{"type":"Feature","id":5507,"geometry":{"type":"LineString","coordinates":[[-75.250212,44.8149010000001],[-75.2495519999999,44.8139570000001]]},"properties":{"FID":5507,"TYPEPIPE":"Interstate","Operator":"Iroquois Gas Trans Co","Status":"Operating","Shape_Leng":0.00115184026673,"Shape__Length":165.3535327832933}},{"type":"Feature","id":5508,"geometry":{"type":"LineString","coordinates":[[-75.2503639999999,44.8157160000001],[-75.250212,44.8149010000001]]},"properties":{"FID":5508,"TYPEPIPE":"Interstate","Operator":"Iroquois Gas Trans Co","Status":"Operating","Shape_Leng":0.000829053074277,"Shape__Length":129.00793019460195}},{"type":"Feature","id":5509,"geometry":{"type":"LineString","coordinates":[[-75.250756,44.818163],[-75.2503639999999,44.8157160000001]]},"properties":{"FID":5509,"TYPEPIPE":"Interstate","Operator":"Iroquois Gas Trans Co","Status":"Operating","Shape_Leng":0.00247819954803,"Shape__Length":386.4765835375428}},{"type":"Feature","id":5510,"geometry":{"type":"LineString","coordinates":[[-75.2514189999999,44.821582],[-75.250756,44.818163]]},"properties":{"FID":5510,"TYPEPIPE":"Interstate","Operator":"Iroquois Gas Trans Co","Status":"Operating","Shape_Leng":0.00348269005225,"Shape__Length":541.6195008081344}},{"type":"Feature","id":5511,"geometry":{"type":"LineString","coordinates":[[-75.252235,44.825817],[-75.2514189999999,44.821582]]},"properties":{"FID":5511,"TYPEPIPE":"Interstate","Operator":"Iroquois Gas Trans Co","Status":"Operating","Shape_Leng":0.00431289705419,"Shape__Length":670.8503500772224}},{"type":"Feature","id":5512,"geometry":{"type":"LineString","coordinates":[[-75.252984,44.8293570000001],[-75.252235,44.825817]]},"properties":{"FID":5512,"TYPEPIPE":"Interstate","Operator":"Iroquois Gas Trans Co","Status":"Operating","Shape_Leng":0.0036183699369,"Shape__Length":561.852146037937}},{"type":"Feature","id":5513,"geometry":{"type":"LineString","coordinates":[[-75.254106,44.8359310000001],[-75.252984,44.8293570000001]]},"properties":{"FID":5513,"TYPEPIPE":"Interstate","Operator":"Iroquois Gas Trans Co","Status":"Operating","Shape_Leng":0.00666905990377,"Shape__Length":1039.4631956767346}},{"type":"Feature","id":5514,"geometry":{"type":"LineString","coordinates":[[-75.254783,44.8393730000001],[-75.254106,44.8359310000001]]},"properties":{"FID":5514,"TYPEPIPE":"Interstate","Operator":"Iroquois Gas Trans Co","Status":"Operating","Shape_Leng":0.00350794712047,"Shape__Length":545.5738152609081}},{"type":"Feature","id":5515,"geometry":{"type":"LineString","coordinates":[[-75.25499,44.8401650000001],[-75.254783,44.8393730000001]]},"properties":{"FID":5515,"TYPEPIPE":"Interstate","Operator":"Iroquois Gas Trans Co","Status":"Operating","Shape_Leng":0.000818604300001,"Shape__Length":126.45420554026678}},{"type":"Feature","id":5516,"geometry":{"type":"LineString","coordinates":[[-75.255545,44.8426170000001],[-75.25499,44.8401650000001]]},"properties":{"FID":5516,"TYPEPIPE":"Interstate","Operator":"Iroquois Gas Trans Co","Status":"Operating","Shape_Leng":0.00251402645174,"Shape__Length":389.87934425308026}},{"type":"Feature","id":5517,"geometry":{"type":"LineString","coordinates":[[-75.256086,44.8433810000001],[-75.255545,44.8426170000001]]},"properties":{"FID":5517,"TYPEPIPE":"Interstate","Operator":"Iroquois Gas Trans Co","Status":"Operating","Shape_Leng":0.000936150094805,"Shape__Length":134.21780266932393}},{"type":"Feature","id":5518,"geometry":{"type":"LineString","coordinates":[[-75.257134,44.8447330000001],[-75.256086,44.8433810000001]]},"properties":{"FID":5518,"TYPEPIPE":"Interstate","Operator":"Iroquois Gas Trans Co","Status":"Operating","Shape_Leng":0.0017106162632,"Shape__Length":242.21442326319044}},{"type":"Feature","id":5519,"geometry":{"type":"LineString","coordinates":[[-75.258094,44.8454820000001],[-75.257134,44.8447330000001]]},"properties":{"FID":5519,"TYPEPIPE":"Interstate","Operator":"Iroquois Gas Trans Co","Status":"Operating","Shape_Leng":0.00121762104122,"Shape__Length":158.90124253294908}},{"type":"Feature","id":5520,"geometry":{"type":"LineString","coordinates":[[-75.2597489999999,44.8471180000001],[-75.258094,44.8454820000001]]},"properties":{"FID":5520,"TYPEPIPE":"Interstate","Operator":"Iroquois Gas Trans Co","Status":"Operating","Shape_Leng":0.00232712719892,"Shape__Length":316.10523066743525}},{"type":"Feature","id":5521,"geometry":{"type":"LineString","coordinates":[[-75.2680119999999,44.854994],[-75.265117,44.8522090000001]]},"properties":{"FID":5521,"TYPEPIPE":"Interstate","Operator":"Iroquois Gas Trans Co","Status":"Operating","Shape_Leng":0.0040171196148,"Shape__Length":543.2414596404491}},{"type":"Feature","id":5522,"geometry":{"type":"LineString","coordinates":[[-75.2680119999999,44.854994],[-75.2597489999999,44.8471180000001]]},"properties":{"FID":5522,"TYPEPIPE":"Interstate","Operator":"Iroquois Gas Trans Co","Status":"Operating","Shape_Leng":0.0114152768253,"Shape__Length":1541.275507083752}},{"type":"Feature","id":5523,"geometry":{"type":"LineString","coordinates":[[-74.786778,43.0135460000001],[-74.786265,43.0116390000001]]},"properties":{"FID":5523,"TYPEPIPE":"Interstate","Operator":"Iroquois Gas Trans Co","Status":"Operating","Shape_Leng":0.00197479568565,"Shape__Length":295.88752642399805}},{"type":"Feature","id":5524,"geometry":{"type":"LineString","coordinates":[[-74.789024,43.0161830000001],[-74.786778,43.0135460000001]]},"properties":{"FID":5524,"TYPEPIPE":"Interstate","Operator":"Iroquois Gas Trans Co","Status":"Operating","Shape_Leng":0.00346385406737,"Shape__Length":472.9633279046713}},{"type":"Feature","id":5525,"geometry":{"type":"LineString","coordinates":[[-74.790444,43.0178510000001],[-74.789024,43.0161830000001]]},"properties":{"FID":5525,"TYPEPIPE":"Interstate","Operator":"Iroquois Gas Trans Co","Status":"Operating","Shape_Leng":0.00219057617991,"Shape__Length":299.1344553842154}},{"type":"Feature","id":5526,"geometry":{"type":"LineString","coordinates":[[-74.7933169999999,43.0194700000001],[-74.790444,43.0178510000001]]},"properties":{"FID":5526,"TYPEPIPE":"Interstate","Operator":"Iroquois Gas Trans Co","Status":"Operating","Shape_Leng":0.00329777045893,"Shape__Length":403.7935452689775}},{"type":"Feature","id":5527,"geometry":{"type":"LineString","coordinates":[[-74.7952779999999,43.0216510000001],[-74.7933169999999,43.0194700000001]]},"properties":{"FID":5527,"TYPEPIPE":"Interstate","Operator":"Iroquois Gas Trans Co","Status":"Operating","Shape_Leng":0.00293296471169,"Shape__Length":397.40657677894575}},{"type":"Feature","id":5528,"geometry":{"type":"LineString","coordinates":[[-74.795645,43.022097],[-74.7952779999999,43.0216510000001]]},"properties":{"FID":5528,"TYPEPIPE":"Interstate","Operator":"Iroquois Gas Trans Co","Status":"Operating","Shape_Leng":0.000577585491497,"Shape__Length":79.25167814847026}},{"type":"Feature","id":5529,"geometry":{"type":"LineString","coordinates":[[-74.795835,43.0233400000001],[-74.795645,43.022097]]},"properties":{"FID":5529,"TYPEPIPE":"Interstate","Operator":"Iroquois Gas Trans Co","Status":"Operating","Shape_Leng":0.00125743747364,"Shape__Length":190.4454053047023}},{"type":"Feature","id":5530,"geometry":{"type":"LineString","coordinates":[[-74.79498,43.0244440000001],[-74.795835,43.0233400000001]]},"properties":{"FID":5530,"TYPEPIPE":"Interstate","Operator":"Iroquois Gas Trans Co","Status":"Operating","Shape_Leng":0.00139636707208,"Shape__Length":193.17950726729285}},{"type":"Feature","id":5531,"geometry":{"type":"LineString","coordinates":[[-74.7968549999999,43.0265580000001],[-74.79498,43.0244440000001]]},"properties":{"FID":5531,"TYPEPIPE":"Interstate","Operator":"Iroquois Gas Trans Co","Status":"Operating","Shape_Leng":0.00282570716812,"Shape__Length":383.65243986994676}},{"type":"Feature","id":5532,"geometry":{"type":"LineString","coordinates":[[-74.798015,43.029409],[-74.7968549999999,43.0265580000001]]},"properties":{"FID":5532,"TYPEPIPE":"Interstate","Operator":"Iroquois Gas Trans Co","Status":"Operating","Shape_Leng":0.00307795402822,"Shape__Length":452.9460396882588}},{"type":"Feature","id":5533,"geometry":{"type":"LineString","coordinates":[[-74.7964469999999,43.0314460000001],[-74.798015,43.029409]]},"properties":{"FID":5533,"TYPEPIPE":"Interstate","Operator":"Iroquois Gas Trans Co","Status":"Operating","Shape_Leng":0.00257060168058,"Shape__Length":355.94241123406033}},{"type":"Feature","id":5534,"geometry":{"type":"LineString","coordinates":[[-74.7957019999999,43.035128],[-74.7964469999999,43.0314460000001]]},"properties":{"FID":5534,"TYPEPIPE":"Interstate","Operator":"Iroquois Gas Trans Co","Status":"Operating","Shape_Leng":0.00375661403391,"Shape__Length":566.8414971102376}},{"type":"Feature","id":5535,"geometry":{"type":"LineString","coordinates":[[-74.795926,43.038759],[-74.7957019999999,43.035128]]},"properties":{"FID":5535,"TYPEPIPE":"Interstate","Operator":"Iroquois Gas Trans Co","Status":"Operating","Shape_Leng":0.00363790282991,"Shape__Length":553.5697446587809}},{"type":"Feature","id":5536,"geometry":{"type":"LineString","coordinates":[[-74.796669,43.0463290000001],[-74.795926,43.038759]]},"properties":{"FID":5536,"TYPEPIPE":"Interstate","Operator":"Iroquois Gas Trans Co","Status":"Operating","Shape_Leng":0.00760637554954,"Shape__Length":1155.9926224742824}},{"type":"Feature","id":5537,"geometry":{"type":"LineString","coordinates":[[-74.796983,43.046697],[-74.796669,43.0463290000001]]},"properties":{"FID":5537,"TYPEPIPE":"Interstate","Operator":"Iroquois Gas Trans Co","Status":"Operating","Shape_Leng":0.000483756136899,"Shape__Length":66.06101655175321}},{"type":"Feature","id":5538,"geometry":{"type":"LineString","coordinates":[[-74.797561,43.047419],[-74.796983,43.046697]]},"properties":{"FID":5538,"TYPEPIPE":"Interstate","Operator":"Iroquois Gas Trans Co","Status":"Operating","Shape_Leng":0.000924861070657,"Shape__Length":127.41893900650561}},{"type":"Feature","id":5539,"geometry":{"type":"LineString","coordinates":[[-74.7974849999999,43.0487880000001],[-74.797561,43.047419]]},"properties":{"FID":5539,"TYPEPIPE":"Interstate","Operator":"Iroquois Gas Trans Co","Status":"Operating","Shape_Leng":0.00137110794616,"Shape__Length":208.71064262951325}},{"type":"Feature","id":5540,"geometry":{"type":"LineString","coordinates":[[-74.797907,43.0493020000001],[-74.7974849999999,43.0487880000001]]},"properties":{"FID":5540,"TYPEPIPE":"Interstate","Operator":"Iroquois Gas Trans Co","Status":"Operating","Shape_Leng":0.000665041352114,"Shape__Length":91.30984705858135}},{"type":"Feature","id":5541,"geometry":{"type":"LineString","coordinates":[[-74.7983389999999,43.049713],[-74.797907,43.0493020000001]]},"properties":{"FID":5541,"TYPEPIPE":"Interstate","Operator":"Iroquois Gas Trans Co","Status":"Operating","Shape_Leng":0.000596275942814,"Shape__Length":78.94630831373384}},{"type":"Feature","id":5542,"geometry":{"type":"LineString","coordinates":[[-74.7988,43.0522750000001],[-74.7983389999999,43.049713]]},"properties":{"FID":5542,"TYPEPIPE":"Interstate","Operator":"Iroquois Gas Trans Co","Status":"Operating","Shape_Leng":0.00260314521302,"Shape__Length":393.6460267879936}},{"type":"Feature","id":5543,"geometry":{"type":"LineString","coordinates":[[-74.8045789999999,43.058412],[-74.7988,43.0522750000001]]},"properties":{"FID":5543,"TYPEPIPE":"Interstate","Operator":"Iroquois Gas Trans Co","Status":"Operating","Shape_Leng":0.00842968623373,"Shape__Length":1134.9001750684865}},{"type":"Feature","id":5544,"geometry":{"type":"LineString","coordinates":[[-74.8098419999999,43.0598360000001],[-74.8045789999999,43.058412]]},"properties":{"FID":5544,"TYPEPIPE":"Interstate","Operator":"Iroquois Gas Trans Co","Status":"Operating","Shape_Leng":0.00545224219934,"Shape__Length":624.7550734036992}},{"type":"Feature","id":5545,"geometry":{"type":"LineString","coordinates":[[-74.851771,43.108119],[-74.848517,43.105208]]},"properties":{"FID":5545,"TYPEPIPE":"Interstate","Operator":"Iroquois Gas Trans Co","Status":"Operating","Shape_Leng":0.00436605508441,"Shape__Length":572.9054206744703}},{"type":"Feature","id":5546,"geometry":{"type":"LineString","coordinates":[[-74.8541719999999,43.110509],[-74.851771,43.108119]]},"properties":{"FID":5546,"TYPEPIPE":"Interstate","Operator":"Iroquois Gas Trans Co","Status":"Operating","Shape_Leng":0.00338775751785,"Shape__Length":451.93786186539353}},{"type":"Feature","id":5547,"geometry":{"type":"LineString","coordinates":[[-74.856752,43.113799],[-74.8541719999999,43.110509]]},"properties":{"FID":5547,"TYPEPIPE":"Interstate","Operator":"Iroquois Gas Trans Co","Status":"Operating","Shape_Leng":0.00418096878726,"Shape__Length":578.0808082092669}},{"type":"Feature","id":5548,"geometry":{"type":"LineString","coordinates":[[-74.8591049999999,43.116647],[-74.856752,43.113799]]},"properties":{"FID":5548,"TYPEPIPE":"Interstate","Operator":"Iroquois Gas Trans Co","Status":"Operating","Shape_Leng":0.00369428112087,"Shape__Length":507.18337956089863}},{"type":"Feature","id":5549,"geometry":{"type":"LineString","coordinates":[[-74.8390009999999,43.097094],[-74.8382,43.0936390000001]]},"properties":{"FID":5549,"TYPEPIPE":"Interstate","Operator":"Iroquois Gas Trans Co","Status":"Operating","Shape_Leng":0.00354663587076,"Shape__Length":534.1987850546345}},{"type":"Feature","id":5550,"geometry":{"type":"LineString","coordinates":[[-74.841645,43.100325],[-74.8390009999999,43.097094]]},"properties":{"FID":5550,"TYPEPIPE":"Interstate","Operator":"Iroquois Gas Trans Co","Status":"Operating","Shape_Leng":0.00417493676603,"Shape__Length":573.8184766382407}},{"type":"Feature","id":5551,"geometry":{"type":"LineString","coordinates":[[-74.843217,43.1008680000001],[-74.841645,43.100325]]},"properties":{"FID":5551,"TYPEPIPE":"Interstate","Operator":"Iroquois Gas Trans Co","Status":"Operating","Shape_Leng":0.00166313950107,"Shape__Length":193.58841262402174}},{"type":"Feature","id":5552,"geometry":{"type":"LineString","coordinates":[[-74.848517,43.105208],[-74.843217,43.1008680000001]]},"properties":{"FID":5552,"TYPEPIPE":"Interstate","Operator":"Iroquois Gas Trans Co","Status":"Operating","Shape_Leng":0.00685022627363,"Shape__Length":886.5342333350475}},{"type":"Feature","id":5553,"geometry":{"type":"LineString","coordinates":[[-74.8116899999999,43.0603120000001],[-74.8098419999999,43.0598360000001]]},"properties":{"FID":5553,"TYPEPIPE":"Interstate","Operator":"Iroquois Gas Trans Co","Status":"Operating","Shape_Leng":0.00190831863167,"Shape__Length":218.1276086654399}},{"type":"Feature","id":5554,"geometry":{"type":"LineString","coordinates":[[-74.8127029999999,43.061272],[-74.8116899999999,43.0603120000001]]},"properties":{"FID":5554,"TYPEPIPE":"Interstate","Operator":"Iroquois Gas Trans Co","Status":"Operating","Shape_Leng":0.00139562494959,"Shape__Length":184.6895540075164}},{"type":"Feature","id":5555,"geometry":{"type":"LineString","coordinates":[[-74.81334,43.063925],[-74.8127029999999,43.061272]]},"properties":{"FID":5555,"TYPEPIPE":"Interstate","Operator":"Iroquois Gas Trans Co","Status":"Operating","Shape_Leng":0.00272840209648,"Shape__Length":410.39826863012695}},{"type":"Feature","id":5556,"geometry":{"type":"LineString","coordinates":[[-74.8167089999999,43.0684880000001],[-74.81334,43.063925]]},"properties":{"FID":5556,"TYPEPIPE":"Interstate","Operator":"Iroquois Gas Trans Co","Status":"Operating","Shape_Leng":0.0056719599787,"Shape__Length":789.9825719442974}},{"type":"Feature","id":5557,"geometry":{"type":"LineString","coordinates":[[-74.8167089999999,43.072504],[-74.8167089999999,43.0684880000001]]},"properties":{"FID":5557,"TYPEPIPE":"Interstate","Operator":"Iroquois Gas Trans Co","Status":"Operating","Shape_Leng":0.00401599999998,"Shape__Length":611.9787701396272}},{"type":"Feature","id":5558,"geometry":{"type":"LineString","coordinates":[[-74.8166659999999,43.072859],[-74.8167089999999,43.072504]]},"properties":{"FID":5558,"TYPEPIPE":"Interstate","Operator":"Iroquois Gas Trans Co","Status":"Operating","Shape_Leng":0.000357594742704,"Shape__Length":54.31001433988258}},{"type":"Feature","id":5559,"geometry":{"type":"LineString","coordinates":[[-74.8176589999999,43.073968],[-74.8166659999999,43.072859]]},"properties":{"FID":5559,"TYPEPIPE":"Interstate","Operator":"Iroquois Gas Trans Co","Status":"Operating","Shape_Leng":0.00148860001342,"Shape__Length":201.9436112316476}},{"type":"Feature","id":5560,"geometry":{"type":"LineString","coordinates":[[-74.820932,43.0748960000001],[-74.8176589999999,43.073968]]},"properties":{"FID":5560,"TYPEPIPE":"Interstate","Operator":"Iroquois Gas Trans Co","Status":"Operating","Shape_Leng":0.00340201602,"Shape__Length":390.8328220193715}},{"type":"Feature","id":5561,"geometry":{"type":"LineString","coordinates":[[-74.823649,43.0793090000001],[-74.820932,43.0748960000001]]},"properties":{"FID":5561,"TYPEPIPE":"Interstate","Operator":"Iroquois Gas Trans Co","Status":"Operating","Shape_Leng":0.00518234097683,"Shape__Length":737.4280350857683}},{"type":"Feature","id":5562,"geometry":{"type":"LineString","coordinates":[[-74.825034,43.0797430000001],[-74.823649,43.0793090000001]]},"properties":{"FID":5562,"TYPEPIPE":"Interstate","Operator":"Iroquois Gas Trans Co","Status":"Operating","Shape_Leng":0.00145140655914,"Shape__Length":167.76724331437754}},{"type":"Feature","id":5563,"geometry":{"type":"LineString","coordinates":[[-74.826792,43.079772],[-74.825034,43.0797430000001]]},"properties":{"FID":5563,"TYPEPIPE":"Interstate","Operator":"Iroquois Gas Trans Co","Status":"Operating","Shape_Leng":0.00175823917599,"Shape__Length":195.74956901644165}},{"type":"Feature","id":5564,"geometry":{"type":"LineString","coordinates":[[-74.8299259999999,43.081219],[-74.826792,43.079772]]},"properties":{"FID":5564,"TYPEPIPE":"Interstate","Operator":"Iroquois Gas Trans Co","Status":"Operating","Shape_Leng":0.00345192192842,"Shape__Length":412.7355859003727}},{"type":"Feature","id":5565,"geometry":{"type":"LineString","coordinates":[[-74.83106,43.0817880000001],[-74.8299259999999,43.081219]]},"properties":{"FID":5565,"TYPEPIPE":"Interstate","Operator":"Iroquois Gas Trans Co","Status":"Operating","Shape_Leng":0.00126874623157,"Shape__Length":153.154939930358}},{"type":"Feature","id":5566,"geometry":{"type":"LineString","coordinates":[[-74.836718,43.086511],[-74.83106,43.0817880000001]]},"properties":{"FID":5566,"TYPEPIPE":"Interstate","Operator":"Iroquois Gas Trans Co","Status":"Operating","Shape_Leng":0.00737018948192,"Shape__Length":956.5177742541272}},{"type":"Feature","id":5567,"geometry":{"type":"LineString","coordinates":[[-74.8382,43.0936390000001],[-74.836718,43.086511]]},"properties":{"FID":5567,"TYPEPIPE":"Interstate","Operator":"Iroquois Gas Trans Co","Status":"Operating","Shape_Leng":0.00728043322889,"Shape__Length":1099.0016358075382}},{"type":"Feature","id":5568,"geometry":{"type":"LineString","coordinates":[[-74.861617,43.119631],[-74.8591049999999,43.116647]]},"properties":{"FID":5568,"TYPEPIPE":"Interstate","Operator":"Iroquois Gas Trans Co","Status":"Operating","Shape_Leng":0.00390056406177,"Shape__Length":534.1210304137247}},{"type":"Feature","id":5569,"geometry":{"type":"LineString","coordinates":[[-74.863982,43.122463],[-74.861617,43.119631]]},"properties":{"FID":5569,"TYPEPIPE":"Interstate","Operator":"Iroquois Gas Trans Co","Status":"Operating","Shape_Leng":0.00368964076843,"Shape__Length":505.82471784568014}},{"type":"Feature","id":5570,"geometry":{"type":"LineString","coordinates":[[-74.865648,43.123861],[-74.863982,43.122463]]},"properties":{"FID":5570,"TYPEPIPE":"Interstate","Operator":"Iroquois Gas Trans Co","Status":"Operating","Shape_Leng":0.00217484712106,"Shape__Length":282.5890616911762}},{"type":"Feature","id":5571,"geometry":{"type":"LineString","coordinates":[[-74.868644,43.12692],[-74.865648,43.123861]]},"properties":{"FID":5571,"TYPEPIPE":"Interstate","Operator":"Iroquois Gas Trans Co","Status":"Operating","Shape_Leng":0.004281763305,"Shape__Length":573.5096043028473}},{"type":"Feature","id":5572,"geometry":{"type":"LineString","coordinates":[[-74.8707199999999,43.128387],[-74.868644,43.12692]]},"properties":{"FID":5572,"TYPEPIPE":"Interstate","Operator":"Iroquois Gas Trans Co","Status":"Operating","Shape_Leng":0.00254201986615,"Shape__Length":321.6744022410095}},{"type":"Feature","id":5573,"geometry":{"type":"LineString","coordinates":[[-74.8738089999999,43.130407],[-74.8707199999999,43.128387]]},"properties":{"FID":5573,"TYPEPIPE":"Interstate","Operator":"Iroquois Gas Trans Co","Status":"Operating","Shape_Leng":0.00369084285767,"Shape__Length":461.7122105194245}},{"type":"Feature","id":5574,"geometry":{"type":"LineString","coordinates":[[-74.878864,43.1335460000001],[-74.8738089999999,43.130407]]},"properties":{"FID":5574,"TYPEPIPE":"Interstate","Operator":"Iroquois Gas Trans Co","Status":"Operating","Shape_Leng":0.00595032318454,"Shape__Length":738.8640536208019}},{"type":"Feature","id":5575,"geometry":{"type":"LineString","coordinates":[[-74.8825889999999,43.1365890000001],[-74.878864,43.1335460000001]]},"properties":{"FID":5575,"TYPEPIPE":"Interstate","Operator":"Iroquois Gas Trans Co","Status":"Operating","Shape_Leng":0.00480993492677,"Shape__Length":622.4358063971724}},{"type":"Feature","id":5576,"geometry":{"type":"LineString","coordinates":[[-74.8854259999999,43.1384160000001],[-74.8825889999999,43.1365890000001]]},"properties":{"FID":5576,"TYPEPIPE":"Interstate","Operator":"Iroquois Gas Trans Co","Status":"Operating","Shape_Leng":0.0033743885372,"Shape__Length":421.2111057485159}},{"type":"Feature","id":5577,"geometry":{"type":"LineString","coordinates":[[-74.888517,43.140162],[-74.8854259999999,43.1384160000001]]},"properties":{"FID":5577,"TYPEPIPE":"Interstate","Operator":"Iroquois Gas Trans Co","Status":"Operating","Shape_Leng":0.00355004183076,"Shape__Length":435.1396479419048}},{"type":"Feature","id":5578,"geometry":{"type":"LineString","coordinates":[[-74.892241,43.1423080000001],[-74.888517,43.140162]]},"properties":{"FID":5578,"TYPEPIPE":"Interstate","Operator":"Iroquois Gas Trans Co","Status":"Operating","Shape_Leng":0.00429808003648,"Shape__Length":528.2455932386827}},{"type":"Feature","id":5579,"geometry":{"type":"LineString","coordinates":[[-74.893903,43.144458],[-74.892241,43.1423080000001]]},"properties":{"FID":5579,"TYPEPIPE":"Interstate","Operator":"Iroquois Gas Trans Co","Status":"Operating","Shape_Leng":0.00271748854642,"Shape__Length":376.5977859033043}},{"type":"Feature","id":5580,"geometry":{"type":"LineString","coordinates":[[-74.894461,43.1478210000001],[-74.893903,43.144458]]},"properties":{"FID":5580,"TYPEPIPE":"Interstate","Operator":"Iroquois Gas Trans Co","Status":"Operating","Shape_Leng":0.00340897829272,"Shape__Length":516.8511828681476}},{"type":"Feature","id":5581,"geometry":{"type":"LineString","coordinates":[[-74.895339,43.148539],[-74.894461,43.1478210000001]]},"properties":{"FID":5581,"TYPEPIPE":"Interstate","Operator":"Iroquois Gas Trans Co","Status":"Operating","Shape_Leng":0.00113419927699,"Shape__Length":146.813985667452}},{"type":"Feature","id":5582,"geometry":{"type":"LineString","coordinates":[[-74.8955369999999,43.149902],[-74.895339,43.148539]]},"properties":{"FID":5582,"TYPEPIPE":"Interstate","Operator":"Iroquois Gas Trans Co","Status":"Operating","Shape_Leng":0.00137730642925,"Shape__Length":209.13302737652913}},{"type":"Feature","id":5583,"geometry":{"type":"LineString","coordinates":[[-74.895923,43.150406],[-74.8955369999999,43.149902]]},"properties":{"FID":5583,"TYPEPIPE":"Interstate","Operator":"Iroquois Gas Trans Co","Status":"Operating","Shape_Leng":0.000634832261322,"Shape__Length":88.0925743023838}},{"type":"Feature","id":5584,"geometry":{"type":"LineString","coordinates":[[-74.8979449999999,43.15266],[-74.895923,43.150406]]},"properties":{"FID":5584,"TYPEPIPE":"Interstate","Operator":"Iroquois Gas Trans Co","Status":"Operating","Shape_Leng":0.00302803566686,"Shape__Length":411.0392817750966}},{"type":"Feature","id":5585,"geometry":{"type":"LineString","coordinates":[[-74.89896,43.153331],[-74.8979449999999,43.15266]]},"properties":{"FID":5585,"TYPEPIPE":"Interstate","Operator":"Iroquois Gas Trans Co","Status":"Operating","Shape_Leng":0.00121674401586,"Shape__Length":152.4793579489881}},{"type":"Feature","id":5586,"geometry":{"type":"LineString","coordinates":[[-74.900205,43.1531670000001],[-74.89896,43.153331]]},"properties":{"FID":5586,"TYPEPIPE":"Interstate","Operator":"Iroquois Gas Trans Co","Status":"Operating","Shape_Leng":0.00125575515127,"Shape__Length":140.83396028026507}},{"type":"Feature","id":5587,"geometry":{"type":"LineString","coordinates":[[-74.901798,43.1543570000001],[-74.900205,43.1531670000001]]},"properties":{"FID":5587,"TYPEPIPE":"Interstate","Operator":"Iroquois Gas Trans Co","Status":"Operating","Shape_Leng":0.00198840363107,"Shape__Length":253.81057829201566}},{"type":"Feature","id":5588,"geometry":{"type":"LineString","coordinates":[[-74.903629,43.155196],[-74.901798,43.1543570000001]]},"properties":{"FID":5588,"TYPEPIPE":"Interstate","Operator":"Iroquois Gas Trans Co","Status":"Operating","Shape_Leng":0.0020140710017,"Shape__Length":240.69904548217949}},{"type":"Feature","id":5589,"geometry":{"type":"LineString","coordinates":[[-74.904299,43.157905],[-74.903629,43.155196]]},"properties":{"FID":5589,"TYPEPIPE":"Interstate","Operator":"Iroquois Gas Trans Co","Status":"Operating","Shape_Leng":0.00279062376538,"Shape__Length":420.0665927215328}},{"type":"Feature","id":5590,"geometry":{"type":"LineString","coordinates":[[-74.9078049999999,43.161147],[-74.904299,43.157905]]},"properties":{"FID":5590,"TYPEPIPE":"Interstate","Operator":"Iroquois Gas Trans Co","Status":"Operating","Shape_Leng":0.00477520680177,"Shape__Length":630.1608815969812}},{"type":"Feature","id":5591,"geometry":{"type":"LineString","coordinates":[[-74.9119949999999,43.166745],[-74.9078049999999,43.161147]]},"properties":{"FID":5591,"TYPEPIPE":"Interstate","Operator":"Iroquois Gas Trans Co","Status":"Operating","Shape_Leng":0.00699240330646,"Shape__Length":973.3856488184271}},{"type":"Feature","id":5592,"geometry":{"type":"LineString","coordinates":[[-74.914091,43.1676840000001],[-74.9119949999999,43.166745]]},"properties":{"FID":5592,"TYPEPIPE":"Interstate","Operator":"Iroquois Gas Trans Co","Status":"Operating","Shape_Leng":0.00229672310047,"Shape__Length":273.8253845539759}},{"type":"Feature","id":5593,"geometry":{"type":"LineString","coordinates":[[-74.9154569999999,43.1688370000001],[-74.914091,43.1676840000001]]},"properties":{"FID":5593,"TYPEPIPE":"Interstate","Operator":"Iroquois Gas Trans Co","Status":"Operating","Shape_Leng":0.00178755839062,"Shape__Length":232.5775313082976}},{"type":"Feature","id":5594,"geometry":{"type":"LineString","coordinates":[[-74.9200509999999,43.1717100000001],[-74.9154569999999,43.1688370000001]]},"properties":{"FID":5594,"TYPEPIPE":"Interstate","Operator":"Iroquois Gas Trans Co","Status":"Operating","Shape_Leng":0.00541839136646,"Shape__Length":673.6682957583436}},{"type":"Feature","id":5595,"geometry":{"type":"LineString","coordinates":[[-74.9201619999999,43.172178],[-74.9200509999999,43.1717100000001]]},"properties":{"FID":5595,"TYPEPIPE":"Interstate","Operator":"Iroquois Gas Trans Co","Status":"Operating","Shape_Leng":0.000480983367653,"Shape__Length":72.49540940954432}},{"type":"Feature","id":5596,"geometry":{"type":"LineString","coordinates":[[-74.920149,43.1729980000001],[-74.9201619999999,43.172178]]},"properties":{"FID":5596,"TYPEPIPE":"Interstate","Operator":"Iroquois Gas Trans Co","Status":"Operating","Shape_Leng":0.000820103042339,"Shape__Length":125.17287505353146}},{"type":"Feature","id":5597,"geometry":{"type":"LineString","coordinates":[[-74.9232269999999,43.174652],[-74.920149,43.1729980000001]]},"properties":{"FID":5597,"TYPEPIPE":"Interstate","Operator":"Iroquois Gas Trans Co","Status":"Operating","Shape_Leng":0.00349425242358,"Shape__Length":425.61105950569527}},{"type":"Feature","id":5598,"geometry":{"type":"LineString","coordinates":[[-74.9283629999999,43.1785180000001],[-74.9232269999999,43.174652]]},"properties":{"FID":5598,"TYPEPIPE":"Interstate","Operator":"Iroquois Gas Trans Co","Status":"Operating","Shape_Leng":0.0064284097567,"Shape__Length":821.6765983108168}},{"type":"Feature","id":5599,"geometry":{"type":"LineString","coordinates":[[-74.931299,43.1796580000001],[-74.9283629999999,43.1785180000001]]},"properties":{"FID":5599,"TYPEPIPE":"Interstate","Operator":"Iroquois Gas Trans Co","Status":"Operating","Shape_Leng":0.00314955488923,"Shape__Length":370.27844503439826}},{"type":"Feature","id":5600,"geometry":{"type":"LineString","coordinates":[[-74.933798,43.181849],[-74.931299,43.1796580000001]]},"properties":{"FID":5600,"TYPEPIPE":"Interstate","Operator":"Iroquois Gas Trans Co","Status":"Operating","Shape_Leng":0.00332347438683,"Shape__Length":435.04470046833666}},{"type":"Feature","id":5601,"geometry":{"type":"LineString","coordinates":[[-74.9350439999999,43.1838030000001],[-74.933798,43.181849]]},"properties":{"FID":5601,"TYPEPIPE":"Interstate","Operator":"Iroquois Gas Trans Co","Status":"Operating","Shape_Leng":0.0023174624053,"Shape__Length":328.9778327011314}},{"type":"Feature","id":5602,"geometry":{"type":"LineString","coordinates":[[-74.9363999999999,43.189328],[-74.9350439999999,43.1838030000001]]},"properties":{"FID":5602,"TYPEPIPE":"Interstate","Operator":"Iroquois Gas Trans Co","Status":"Operating","Shape_Leng":0.00568896835988,"Shape__Length":856.9268804559191}},{"type":"Feature","id":5603,"geometry":{"type":"LineString","coordinates":[[-74.9373849999999,43.1898190000001],[-74.9363999999999,43.189328]]},"properties":{"FID":5603,"TYPEPIPE":"Interstate","Operator":"Iroquois Gas Trans Co","Status":"Operating","Shape_Leng":0.00110059347628,"Shape__Length":132.82731394165455}},{"type":"Feature","id":5604,"geometry":{"type":"LineString","coordinates":[[-74.937847,43.191374],[-74.9373849999999,43.1898190000001]]},"properties":{"FID":5604,"TYPEPIPE":"Interstate","Operator":"Iroquois Gas Trans Co","Status":"Operating","Shape_Leng":0.0016221803229,"Shape__Length":242.93101556335628}},{"type":"Feature","id":5605,"geometry":{"type":"LineString","coordinates":[[-74.938525,43.1920630000001],[-74.937847,43.191374]]},"properties":{"FID":5605,"TYPEPIPE":"Interstate","Operator":"Iroquois Gas Trans Co","Status":"Operating","Shape_Leng":0.000966646264164,"Shape__Length":129.47513262767174}},{"type":"Feature","id":5606,"geometry":{"type":"LineString","coordinates":[[-74.9434239999999,43.193115],[-74.938525,43.1920630000001]]},"properties":{"FID":5606,"TYPEPIPE":"Interstate","Operator":"Iroquois Gas Trans Co","Status":"Operating","Shape_Leng":0.00501067909565,"Shape__Length":568.5182767808311}},{"type":"Feature","id":5607,"geometry":{"type":"LineString","coordinates":[[-74.95174,43.1949690000001],[-74.9434239999999,43.193115]]},"properties":{"FID":5607,"TYPEPIPE":"Interstate","Operator":"Iroquois Gas Trans Co","Status":"Operating","Shape_Leng":0.00852016267455,"Shape__Length":968.0512545144189}},{"type":"Feature","id":5608,"geometry":{"type":"LineString","coordinates":[[-74.953271,43.196283],[-74.95174,43.1949690000001]]},"properties":{"FID":5608,"TYPEPIPE":"Interstate","Operator":"Iroquois Gas Trans Co","Status":"Operating","Shape_Leng":0.00201756214277,"Shape__Length":263.25753001661883}},{"type":"Feature","id":5609,"geometry":{"type":"LineString","coordinates":[[-74.9562749999999,43.202251],[-74.953271,43.196283]]},"properties":{"FID":5609,"TYPEPIPE":"Interstate","Operator":"Iroquois Gas Trans Co","Status":"Operating","Shape_Leng":0.00668139506389,"Shape__Length":970.766525189633}},{"type":"Feature","id":5610,"geometry":{"type":"LineString","coordinates":[[-74.956622,43.2024400000001],[-74.9562749999999,43.202251]]},"properties":{"FID":5610,"TYPEPIPE":"Interstate","Operator":"Iroquois Gas Trans Co","Status":"Operating","Shape_Leng":0.000395132889084,"Shape__Length":48.22014418958572}},{"type":"Feature","id":5611,"geometry":{"type":"LineString","coordinates":[[-74.95962,43.2043580000001],[-74.956622,43.2024400000001]]},"properties":{"FID":5611,"TYPEPIPE":"Interstate","Operator":"Iroquois Gas Trans Co","Status":"Operating","Shape_Leng":0.00355903470058,"Shape__Length":444.0453342332815}},{"type":"Feature","id":5612,"geometry":{"type":"LineString","coordinates":[[-74.963399,43.207409],[-74.95962,43.2043580000001]]},"properties":{"FID":5612,"TYPEPIPE":"Interstate","Operator":"Iroquois Gas Trans Co","Status":"Operating","Shape_Leng":0.00485689633407,"Shape__Length":627.7620132582311}},{"type":"Feature","id":5613,"geometry":{"type":"LineString","coordinates":[[-74.971373,43.2108420000001],[-74.963399,43.207409]]},"properties":{"FID":5613,"TYPEPIPE":"Interstate","Operator":"Iroquois Gas Trans Co","Status":"Operating","Shape_Leng":0.00868159921904,"Shape__Length":1030.951301689997}},{"type":"Feature","id":5614,"geometry":{"type":"LineString","coordinates":[[-74.973665,43.211738],[-74.971373,43.2108420000001]]},"properties":{"FID":5614,"TYPEPIPE":"Interstate","Operator":"Iroquois Gas Trans Co","Status":"Operating","Shape_Leng":0.00246091040064,"Shape__Length":289.52899062527655}},{"type":"Feature","id":5615,"geometry":{"type":"LineString","coordinates":[[-74.9809999999999,43.214747],[-74.973665,43.211738]]},"properties":{"FID":5615,"TYPEPIPE":"Interstate","Operator":"Iroquois Gas Trans Co","Status":"Operating","Shape_Leng":0.00792819689459,"Shape__Length":936.9897270832134}},{"type":"Feature","id":5616,"geometry":{"type":"LineString","coordinates":[[-74.983826,43.2164330000001],[-74.9809999999999,43.214747]]},"properties":{"FID":5616,"TYPEPIPE":"Interstate","Operator":"Iroquois Gas Trans Co","Status":"Operating","Shape_Leng":0.00329072514808,"Shape__Length":406.5572731242061}},{"type":"Feature","id":5617,"geometry":{"type":"LineString","coordinates":[[-74.988486,43.2182790000001],[-74.983826,43.2164330000001]]},"properties":{"FID":5617,"TYPEPIPE":"Interstate","Operator":"Iroquois Gas Trans Co","Status":"Operating","Shape_Leng":0.00501231643056,"Shape__Length":590.4344371441722}},{"type":"Feature","id":5618,"geometry":{"type":"LineString","coordinates":[[-74.991211,43.219945],[-74.988486,43.2182790000001]]},"properties":{"FID":5618,"TYPEPIPE":"Interstate","Operator":"Iroquois Gas Trans Co","Status":"Operating","Shape_Leng":0.0031939287719,"Shape__Length":395.96027033010427}},{"type":"Feature","id":5619,"geometry":{"type":"LineString","coordinates":[[-74.994409,43.2209790000001],[-74.991211,43.219945]]},"properties":{"FID":5619,"TYPEPIPE":"Interstate","Operator":"Iroquois Gas Trans Co","Status":"Operating","Shape_Leng":0.00336100580184,"Shape__Length":389.46764088524026}},{"type":"Feature","id":5620,"geometry":{"type":"LineString","coordinates":[[-74.995423,43.2220780000001],[-74.994409,43.2209790000001]]},"properties":{"FID":5620,"TYPEPIPE":"Interstate","Operator":"Iroquois Gas Trans Co","Status":"Operating","Shape_Leng":0.00149532504828,"Shape__Length":202.30422234078785}},{"type":"Feature","id":5621,"geometry":{"type":"LineString","coordinates":[[-74.998842,43.2219890000001],[-74.995423,43.2220780000001]]},"properties":{"FID":5621,"TYPEPIPE":"Interstate","Operator":"Iroquois Gas Trans Co","Status":"Operating","Shape_Leng":0.00342015818348,"Shape__Length":380.8441004923339}},{"type":"Feature","id":5622,"geometry":{"type":"LineString","coordinates":[[-75.00028,43.2220560000001],[-74.998842,43.2219890000001]]},"properties":{"FID":5622,"TYPEPIPE":"Interstate","Operator":"Iroquois Gas Trans Co","Status":"Operating","Shape_Leng":0.00143956000223,"Shape__Length":160.4043050183285}},{"type":"Feature","id":5623,"geometry":{"type":"LineString","coordinates":[[-75.006878,43.2224790000001],[-75.00028,43.2220560000001]]},"properties":{"FID":5623,"TYPEPIPE":"Interstate","Operator":"Iroquois Gas Trans Co","Status":"Operating","Shape_Leng":0.00661154543204,"Shape__Length":737.323077272885}},{"type":"Feature","id":5624,"geometry":{"type":"LineString","coordinates":[[-75.0106489999999,43.2225550000001],[-75.006878,43.2224790000001]]},"properties":{"FID":5624,"TYPEPIPE":"Interstate","Operator":"Iroquois Gas Trans Co","Status":"Operating","Shape_Leng":0.00377176576682,"Shape__Length":419.94632077350605}},{"type":"Feature","id":5625,"geometry":{"type":"LineString","coordinates":[[-75.0135789999999,43.2235020000001],[-75.0106489999999,43.2225550000001]]},"properties":{"FID":5625,"TYPEPIPE":"Interstate","Operator":"Iroquois Gas Trans Co","Status":"Operating","Shape_Leng":0.00307923837985,"Shape__Length":356.8102184242787}},{"type":"Feature","id":5626,"geometry":{"type":"LineString","coordinates":[[-75.01577,43.2242570000001],[-75.0135789999999,43.2235020000001]]},"properties":{"FID":5626,"TYPEPIPE":"Interstate","Operator":"Iroquois Gas Trans Co","Status":"Operating","Shape_Leng":0.00231743522028,"Shape__Length":269.79803579231185}},{"type":"Feature","id":5627,"geometry":{"type":"LineString","coordinates":[[-75.020318,43.225572],[-75.01577,43.2242570000001]]},"properties":{"FID":5627,"TYPEPIPE":"Interstate","Operator":"Iroquois Gas Trans Co","Status":"Operating","Shape_Leng":0.00473429287222,"Shape__Length":544.6821371684364}},{"type":"Feature","id":5628,"geometry":{"type":"LineString","coordinates":[[-75.0247899999999,43.225983],[-75.020318,43.225572]]},"properties":{"FID":5628,"TYPEPIPE":"Interstate","Operator":"Iroquois Gas Trans Co","Status":"Operating","Shape_Leng":0.00449084680207,"Shape__Length":501.76493159509033}},{"type":"Feature","id":5629,"geometry":{"type":"LineString","coordinates":[[-75.025817,43.2265840000001],[-75.0247899999999,43.225983]]},"properties":{"FID":5629,"TYPEPIPE":"Interstate","Operator":"Iroquois Gas Trans Co","Status":"Operating","Shape_Leng":0.00118992856931,"Shape__Length":146.63092955568897}},{"type":"Feature","id":5630,"geometry":{"type":"LineString","coordinates":[[-75.0259609999999,43.2270960000001],[-75.025817,43.2265840000001]]},"properties":{"FID":5630,"TYPEPIPE":"Interstate","Operator":"Iroquois Gas Trans Co","Status":"Operating","Shape_Leng":0.000531864644443,"Shape__Length":79.84665897527621}},{"type":"Feature","id":5631,"geometry":{"type":"LineString","coordinates":[[-75.026108,43.228169],[-75.0259609999999,43.2270960000001]]},"properties":{"FID":5631,"TYPEPIPE":"Interstate","Operator":"Iroquois Gas Trans Co","Status":"Operating","Shape_Leng":0.00108302262208,"Shape__Length":164.7448892310156}},{"type":"Feature","id":5632,"geometry":{"type":"LineString","coordinates":[[-75.0276239999999,43.22936],[-75.026108,43.228169]]},"properties":{"FID":5632,"TYPEPIPE":"Interstate","Operator":"Iroquois Gas Trans Co","Status":"Operating","Shape_Leng":0.00192788407327,"Shape__Length":248.17325072749847}},{"type":"Feature","id":5633,"geometry":{"type":"LineString","coordinates":[[-75.027599,43.2301360000001],[-75.0276239999999,43.22936]]},"properties":{"FID":5633,"TYPEPIPE":"Interstate","Operator":"Iroquois Gas Trans Co","Status":"Operating","Shape_Leng":0.000776402601777,"Shape__Length":118.59204683506141}},{"type":"Feature","id":5634,"geometry":{"type":"LineString","coordinates":[[-75.031892,43.234564],[-75.027599,43.2301360000001]]},"properties":{"FID":5634,"TYPEPIPE":"Interstate","Operator":"Iroquois Gas Trans Co","Status":"Operating","Shape_Leng":0.00616741704442,"Shape__Length":828.314038411394}},{"type":"Feature","id":5635,"geometry":{"type":"LineString","coordinates":[[-75.036153,43.234604],[-75.031892,43.234564]]},"properties":{"FID":5635,"TYPEPIPE":"Interstate","Operator":"Iroquois Gas Trans Co","Status":"Operating","Shape_Leng":0.0042611877452,"Shape__Length":474.37172400149865}},{"type":"Feature","id":5636,"geometry":{"type":"LineString","coordinates":[[-75.037765,43.236435],[-75.036153,43.234604]]},"properties":{"FID":5636,"TYPEPIPE":"Interstate","Operator":"Iroquois Gas Trans Co","Status":"Operating","Shape_Leng":0.00243948867593,"Shape__Length":332.3754018915218}},{"type":"Feature","id":5637,"geometry":{"type":"LineString","coordinates":[[-75.038151,43.236477],[-75.037765,43.236435]]},"properties":{"FID":5637,"TYPEPIPE":"Interstate","Operator":"Iroquois Gas Trans Co","Status":"Operating","Shape_Leng":0.000388278250736,"Shape__Length":43.445921513049555}},{"type":"Feature","id":5638,"geometry":{"type":"LineString","coordinates":[[-75.0423019999999,43.236244],[-75.038151,43.236477]]},"properties":{"FID":5638,"TYPEPIPE":"Interstate","Operator":"Iroquois Gas Trans Co","Status":"Operating","Shape_Leng":0.00415753412491,"Shape__Length":463.4566920433151}},{"type":"Feature","id":5639,"geometry":{"type":"LineString","coordinates":[[-75.0433379999999,43.23719],[-75.0423019999999,43.236244]]},"properties":{"FID":5639,"TYPEPIPE":"Interstate","Operator":"Iroquois Gas Trans Co","Status":"Operating","Shape_Leng":0.00140292979154,"Shape__Length":184.9181507210261}},{"type":"Feature","id":5640,"geometry":{"type":"LineString","coordinates":[[-75.045806,43.238703],[-75.0433379999999,43.23719]]},"properties":{"FID":5640,"TYPEPIPE":"Interstate","Operator":"Iroquois Gas Trans Co","Status":"Operating","Shape_Leng":0.00289485630042,"Shape__Length":359.06766343745915}},{"type":"Feature","id":5641,"geometry":{"type":"LineString","coordinates":[[-75.052095,43.238078],[-75.045806,43.238703]]},"properties":{"FID":5641,"TYPEPIPE":"Interstate","Operator":"Iroquois Gas Trans Co","Status":"Operating","Shape_Leng":0.00631997990501,"Shape__Length":706.5722680448232}},{"type":"Feature","id":5642,"geometry":{"type":"LineString","coordinates":[[-75.0542139999999,43.241161],[-75.052095,43.238078]]},"properties":{"FID":5642,"TYPEPIPE":"Interstate","Operator":"Iroquois Gas Trans Co","Status":"Operating","Shape_Leng":0.00374099585672,"Shape__Length":526.8610114314382}},{"type":"Feature","id":5643,"geometry":{"type":"LineString","coordinates":[[-75.056147,43.243975],[-75.0542139999999,43.241161]]},"properties":{"FID":5643,"TYPEPIPE":"Interstate","Operator":"Iroquois Gas Trans Co","Status":"Operating","Shape_Leng":0.00341395445196,"Shape__Length":480.8542001757152}},{"type":"Feature","id":5645,"geometry":{"type":"LineString","coordinates":[[-73.976693,42.43803],[-73.974768,42.4362390000001]]},"properties":{"FID":5645,"TYPEPIPE":"Interstate","Operator":"Iroquois Gas Trans Co","Status":"Operating","Shape_Leng":0.00262931664122,"Shape__Length":344.81803919696716}},{"type":"Feature","id":5646,"geometry":{"type":"LineString","coordinates":[[-75.0636499999999,43.246567],[-75.056147,43.243975]]},"properties":{"FID":5646,"TYPEPIPE":"Interstate","Operator":"Iroquois Gas Trans Co","Status":"Operating","Shape_Leng":0.00793810260703,"Shape__Length":924.4000482289179}},{"type":"Feature","id":5647,"geometry":{"type":"LineString","coordinates":[[-75.0700179999999,43.248928],[-75.0636499999999,43.246567]]},"properties":{"FID":5647,"TYPEPIPE":"Interstate","Operator":"Iroquois Gas Trans Co","Status":"Operating","Shape_Leng":0.00679159370105,"Shape__Length":795.430849759581}},{"type":"Feature","id":5648,"geometry":{"type":"LineString","coordinates":[[-75.0717749999999,43.2495220000001],[-75.0700179999999,43.248928]]},"properties":{"FID":5648,"TYPEPIPE":"Interstate","Operator":"Iroquois Gas Trans Co","Status":"Operating","Shape_Leng":0.00185469269693,"Shape__Length":215.6296896862876}},{"type":"Feature","id":5649,"geometry":{"type":"LineString","coordinates":[[-75.077062,43.2512590000001],[-75.0717749999999,43.2495220000001]]},"properties":{"FID":5649,"TYPEPIPE":"Interstate","Operator":"Iroquois Gas Trans Co","Status":"Operating","Shape_Leng":0.00556502812213,"Shape__Length":645.6490925155049}},{"type":"Feature","id":5650,"geometry":{"type":"LineString","coordinates":[[-75.08189,43.252883],[-75.077062,43.2512590000001]]},"properties":{"FID":5650,"TYPEPIPE":"Interstate","Operator":"Iroquois Gas Trans Co","Status":"Operating","Shape_Leng":0.0050938158585,"Shape__Length":591.9976979405938}},{"type":"Feature","id":5651,"geometry":{"type":"LineString","coordinates":[[-75.088408,43.253364],[-75.08189,43.252883]]},"properties":{"FID":5651,"TYPEPIPE":"Interstate","Operator":"Iroquois Gas Trans Co","Status":"Operating","Shape_Leng":0.00653572375484,"Shape__Length":729.2953309422297}},{"type":"Feature","id":5652,"geometry":{"type":"LineString","coordinates":[[-75.0901689999999,43.2535280000001],[-75.088408,43.253364]]},"properties":{"FID":5652,"TYPEPIPE":"Interstate","Operator":"Iroquois Gas Trans Co","Status":"Operating","Shape_Leng":0.00176862008356,"Shape__Length":197.62968276678387}},{"type":"Feature","id":5653,"geometry":{"type":"LineString","coordinates":[[-75.093406,43.2533540000001],[-75.0901689999999,43.2535280000001]]},"properties":{"FID":5653,"TYPEPIPE":"Interstate","Operator":"Iroquois Gas Trans Co","Status":"Operating","Shape_Leng":0.0032416731791,"Shape__Length":361.32124712041565}},{"type":"Feature","id":5654,"geometry":{"type":"LineString","coordinates":[[-75.099257,43.2542020000001],[-75.093406,43.2533540000001]]},"properties":{"FID":5654,"TYPEPIPE":"Interstate","Operator":"Iroquois Gas Trans Co","Status":"Operating","Shape_Leng":0.00591213201816,"Shape__Length":664.1010362760907}},{"type":"Feature","id":5655,"geometry":{"type":"LineString","coordinates":[[-75.1019879999999,43.2610510000001],[-75.101526,43.2599300000001]]},"properties":{"FID":5655,"TYPEPIPE":"Interstate","Operator":"Iroquois Gas Trans Co","Status":"Operating","Shape_Leng":0.0012124706182,"Shape__Length":178.90735528385835}},{"type":"Feature","id":5656,"geometry":{"type":"LineString","coordinates":[[-75.100517,43.264218],[-75.1019879999999,43.2610510000001]]},"properties":{"FID":5656,"TYPEPIPE":"Interstate","Operator":"Iroquois Gas Trans Co","Status":"Operating","Shape_Leng":0.00349195217603,"Shape__Length":511.0680796654265}},{"type":"Feature","id":5657,"geometry":{"type":"LineString","coordinates":[[-75.101263,43.2679590000001],[-75.100517,43.264218]]},"properties":{"FID":5657,"TYPEPIPE":"Interstate","Operator":"Iroquois Gas Trans Co","Status":"Operating","Shape_Leng":0.00381465555461,"Shape__Length":577.8991225108194}},{"type":"Feature","id":5658,"geometry":{"type":"LineString","coordinates":[[-75.1024839999999,43.2690870000001],[-75.101263,43.2679590000001]]},"properties":{"FID":5658,"TYPEPIPE":"Interstate","Operator":"Iroquois Gas Trans Co","Status":"Operating","Shape_Leng":0.00166229510014,"Shape__Length":219.57477612600408}},{"type":"Feature","id":5659,"geometry":{"type":"LineString","coordinates":[[-75.104229,43.271418],[-75.1024839999999,43.2690870000001]]},"properties":{"FID":5659,"TYPEPIPE":"Interstate","Operator":"Iroquois Gas Trans Co","Status":"Operating","Shape_Leng":0.00291180116079,"Shape__Length":405.87690204239476}},{"type":"Feature","id":5660,"geometry":{"type":"LineString","coordinates":[[-75.1044879999999,43.273201],[-75.104229,43.271418]]},"properties":{"FID":5660,"TYPEPIPE":"Interstate","Operator":"Iroquois Gas Trans Co","Status":"Operating","Shape_Leng":0.0018017130737,"Shape__Length":274.12247126701055}},{"type":"Feature","id":5661,"geometry":{"type":"LineString","coordinates":[[-75.101526,43.2599300000001],[-75.099257,43.2542020000001]]},"properties":{"FID":5661,"TYPEPIPE":"Interstate","Operator":"Iroquois Gas Trans Co","Status":"Operating","Shape_Leng":0.00616103440988,"Shape__Length":911.2380459580609}},{"type":"Feature","id":5662,"geometry":{"type":"LineString","coordinates":[[-75.10524,43.2779320000001],[-75.1044879999999,43.273201]]},"properties":{"FID":5662,"TYPEPIPE":"Interstate","Operator":"Iroquois Gas Trans Co","Status":"Operating","Shape_Leng":0.0047903929902,"Shape__Length":728.1868179803744}},{"type":"Feature","id":5663,"geometry":{"type":"LineString","coordinates":[[-75.1069229999999,43.2805690000001],[-75.10524,43.2779320000001]]},"properties":{"FID":5663,"TYPEPIPE":"Interstate","Operator":"Iroquois Gas Trans Co","Status":"Operating","Shape_Leng":0.00312829953806,"Shape__Length":444.61573567338326}},{"type":"Feature","id":5664,"geometry":{"type":"LineString","coordinates":[[-75.1094399999999,43.2841010000001],[-75.1069229999999,43.2805690000001]]},"properties":{"FID":5664,"TYPEPIPE":"Interstate","Operator":"Iroquois Gas Trans Co","Status":"Operating","Shape_Leng":0.00433708577274,"Shape__Length":608.4483909891288}},{"type":"Feature","id":5665,"geometry":{"type":"LineString","coordinates":[[-75.1099609999999,43.2857930000001],[-75.1094399999999,43.2841010000001]]},"properties":{"FID":5665,"TYPEPIPE":"Interstate","Operator":"Iroquois Gas Trans Co","Status":"Operating","Shape_Leng":0.00177039684816,"Shape__Length":265.16323958187655}},{"type":"Feature","id":5666,"geometry":{"type":"LineString","coordinates":[[-75.11085,43.286302],[-75.1099609999999,43.2857930000001]]},"properties":{"FID":5666,"TYPEPIPE":"Interstate","Operator":"Iroquois Gas Trans Co","Status":"Operating","Shape_Leng":0.00102440324092,"Shape__Length":125.90666319826258}},{"type":"Feature","id":5667,"geometry":{"type":"LineString","coordinates":[[-75.115961,43.28894],[-75.11085,43.286302]]},"properties":{"FID":5667,"TYPEPIPE":"Interstate","Operator":"Iroquois Gas Trans Co","Status":"Operating","Shape_Leng":0.00575164020084,"Shape__Length":697.4665146362375}},{"type":"Feature","id":5668,"geometry":{"type":"LineString","coordinates":[[-75.116769,43.2887630000001],[-75.115961,43.28894]]},"properties":{"FID":5668,"TYPEPIPE":"Interstate","Operator":"Iroquois Gas Trans Co","Status":"Operating","Shape_Leng":0.000827159597655,"Shape__Length":93.93098415382593}},{"type":"Feature","id":5669,"geometry":{"type":"LineString","coordinates":[[-75.117516,43.2891220000001],[-75.116769,43.2887630000001]]},"properties":{"FID":5669,"TYPEPIPE":"Interstate","Operator":"Iroquois Gas Trans Co","Status":"Operating","Shape_Leng":0.00082878827211,"Shape__Length":99.64502623570151}},{"type":"Feature","id":5670,"geometry":{"type":"LineString","coordinates":[[-75.12085,43.2906120000001],[-75.117516,43.2891220000001]]},"properties":{"FID":5670,"TYPEPIPE":"Interstate","Operator":"Iroquois Gas Trans Co","Status":"Operating","Shape_Leng":0.00365180174707,"Shape__Length":435.51067439029373}},{"type":"Feature","id":5671,"geometry":{"type":"LineString","coordinates":[[-75.1229739999999,43.2929170000001],[-75.12085,43.2906120000001]]},"properties":{"FID":5671,"TYPEPIPE":"Interstate","Operator":"Iroquois Gas Trans Co","Status":"Operating","Shape_Leng":0.00313439005228,"Shape__Length":424.4733312686857}},{"type":"Feature","id":5672,"geometry":{"type":"LineString","coordinates":[[-75.123192,43.295173],[-75.1229739999999,43.2929170000001]]},"properties":{"FID":5672,"TYPEPIPE":"Interstate","Operator":"Iroquois Gas Trans Co","Status":"Operating","Shape_Leng":0.00226650832779,"Shape__Length":345.8943627506373}},{"type":"Feature","id":5673,"geometry":{"type":"LineString","coordinates":[[-75.124111,43.2961290000001],[-75.123192,43.295173]]},"properties":{"FID":5673,"TYPEPIPE":"Interstate","Operator":"Iroquois Gas Trans Co","Status":"Operating","Shape_Leng":0.00132608333074,"Shape__Length":178.45354157512307}},{"type":"Feature","id":5674,"geometry":{"type":"LineString","coordinates":[[-75.124625,43.29729],[-75.124111,43.2961290000001]]},"properties":{"FID":5674,"TYPEPIPE":"Interstate","Operator":"Iroquois Gas Trans Co","Status":"Operating","Shape_Leng":0.00126969169484,"Shape__Length":186.56671893075358}},{"type":"Feature","id":5675,"geometry":{"type":"LineString","coordinates":[[-75.1276819999999,43.300282],[-75.124625,43.29729]]},"properties":{"FID":5675,"TYPEPIPE":"Interstate","Operator":"Iroquois Gas Trans Co","Status":"Operating","Shape_Leng":0.00427753585605,"Shape__Length":570.3026995552616}},{"type":"Feature","id":5676,"geometry":{"type":"LineString","coordinates":[[-75.12799,43.303816],[-75.1276819999999,43.300282]]},"properties":{"FID":5676,"TYPEPIPE":"Interstate","Operator":"Iroquois Gas Trans Co","Status":"Operating","Shape_Leng":0.00354739622822,"Shape__Length":541.6620262030175}},{"type":"Feature","id":5677,"geometry":{"type":"LineString","coordinates":[[-75.1271869999999,43.304914],[-75.12799,43.303816]]},"properties":{"FID":5677,"TYPEPIPE":"Interstate","Operator":"Iroquois Gas Trans Co","Status":"Operating","Shape_Leng":0.00136029886424,"Shape__Length":190.26679293397854}},{"type":"Feature","id":5678,"geometry":{"type":"LineString","coordinates":[[-75.127713,43.3057650000001],[-75.1271869999999,43.304914]]},"properties":{"FID":5678,"TYPEPIPE":"Interstate","Operator":"Iroquois Gas Trans Co","Status":"Operating","Shape_Leng":0.00100043840393,"Shape__Length":142.74214462278232}},{"type":"Feature","id":5679,"geometry":{"type":"LineString","coordinates":[[-75.127242,43.3083550000001],[-75.127713,43.3057650000001]]},"properties":{"FID":5679,"TYPEPIPE":"Interstate","Operator":"Iroquois Gas Trans Co","Status":"Operating","Shape_Leng":0.00263247811007,"Shape__Length":399.66430479040855}},{"type":"Feature","id":5680,"geometry":{"type":"LineString","coordinates":[[-75.128194,43.3090070000001],[-75.127242,43.3083550000001]]},"properties":{"FID":5680,"TYPEPIPE":"Interstate","Operator":"Iroquois Gas Trans Co","Status":"Operating","Shape_Leng":0.0011538665434,"Shape__Length":145.53257628992054}},{"type":"Feature","id":5681,"geometry":{"type":"LineString","coordinates":[[-75.129351,43.309941],[-75.128194,43.3090070000001]]},"properties":{"FID":5681,"TYPEPIPE":"Interstate","Operator":"Iroquois Gas Trans Co","Status":"Operating","Shape_Leng":0.0014869448544,"Shape__Length":192.36687393849968}},{"type":"Feature","id":5682,"geometry":{"type":"LineString","coordinates":[[-75.132505,43.310707],[-75.129351,43.309941]]},"properties":{"FID":5682,"TYPEPIPE":"Interstate","Operator":"Iroquois Gas Trans Co","Status":"Operating","Shape_Leng":0.00324568513568,"Shape__Length":370.14197810343745}},{"type":"Feature","id":5683,"geometry":{"type":"LineString","coordinates":[[-75.1346379999999,43.31271],[-75.132505,43.310707]]},"properties":{"FID":5683,"TYPEPIPE":"Interstate","Operator":"Iroquois Gas Trans Co","Status":"Operating","Shape_Leng":0.00292603793547,"Shape__Length":387.6635139313663}},{"type":"Feature","id":5684,"geometry":{"type":"LineString","coordinates":[[-75.1363489999999,43.3139770000001],[-75.1346379999999,43.31271]]},"properties":{"FID":5684,"TYPEPIPE":"Interstate","Operator":"Iroquois Gas Trans Co","Status":"Operating","Shape_Leng":0.00212903968965,"Shape__Length":271.758268825118}},{"type":"Feature","id":5685,"geometry":{"type":"LineString","coordinates":[[-75.142333,43.3180990000001],[-75.1363489999999,43.3139770000001]]},"properties":{"FID":5685,"TYPEPIPE":"Interstate","Operator":"Iroquois Gas Trans Co","Status":"Operating","Shape_Leng":0.0072663016728,"Shape__Length":917.318888242598}},{"type":"Feature","id":5686,"geometry":{"type":"LineString","coordinates":[[-75.1455799999999,43.320256],[-75.142333,43.3180990000001]]},"properties":{"FID":5686,"TYPEPIPE":"Interstate","Operator":"Iroquois Gas Trans Co","Status":"Operating","Shape_Leng":0.00389816084836,"Shape__Length":489.4626387557016}},{"type":"Feature","id":5687,"geometry":{"type":"LineString","coordinates":[[-75.147009,43.3243820000001],[-75.1455799999999,43.320256]]},"properties":{"FID":5687,"TYPEPIPE":"Interstate","Operator":"Iroquois Gas Trans Co","Status":"Operating","Shape_Leng":0.00436645359536,"Shape__Length":651.0735214040395}},{"type":"Feature","id":5688,"geometry":{"type":"LineString","coordinates":[[-75.154973,43.327249],[-75.147009,43.3243820000001]]},"properties":{"FID":5688,"TYPEPIPE":"Interstate","Operator":"Iroquois Gas Trans Co","Status":"Operating","Shape_Leng":0.00846433606375,"Shape__Length":989.1630234785619}},{"type":"Feature","id":5689,"geometry":{"type":"LineString","coordinates":[[-75.155456,43.3275140000001],[-75.154973,43.327249]]},"properties":{"FID":5689,"TYPEPIPE":"Interstate","Operator":"Iroquois Gas Trans Co","Status":"Operating","Shape_Leng":0.000550921046959,"Shape__Length":67.34555869386598}},{"type":"Feature","id":5690,"geometry":{"type":"LineString","coordinates":[[-75.1568589999999,43.328805],[-75.155456,43.3275140000001]]},"properties":{"FID":5690,"TYPEPIPE":"Interstate","Operator":"Iroquois Gas Trans Co","Status":"Operating","Shape_Leng":0.00190659119895,"Shape__Length":251.83969625402898}},{"type":"Feature","id":5691,"geometry":{"type":"LineString","coordinates":[[-75.1597199999999,43.328562],[-75.1568589999999,43.328805]]},"properties":{"FID":5691,"TYPEPIPE":"Interstate","Operator":"Iroquois Gas Trans Co","Status":"Operating","Shape_Leng":0.0028713010988,"Shape__Length":320.6486862194479}},{"type":"Feature","id":5692,"geometry":{"type":"LineString","coordinates":[[-75.1607969999999,43.3285060000001],[-75.1597199999999,43.328562]]},"properties":{"FID":5692,"TYPEPIPE":"Interstate","Operator":"Iroquois Gas Trans Co","Status":"Operating","Shape_Leng":0.0010784549133,"Shape__Length":120.19698077986536}},{"type":"Feature","id":5693,"geometry":{"type":"LineString","coordinates":[[-75.1629839999999,43.3294480000001],[-75.1607969999999,43.3285060000001]]},"properties":{"FID":5693,"TYPEPIPE":"Interstate","Operator":"Iroquois Gas Trans Co","Status":"Operating","Shape_Leng":0.00238124610236,"Shape__Length":282.9341057419364}},{"type":"Feature","id":5694,"geometry":{"type":"LineString","coordinates":[[-75.1674429999999,43.3351000000001],[-75.1629839999999,43.3294480000001]]},"properties":{"FID":5694,"TYPEPIPE":"Interstate","Operator":"Iroquois Gas Trans Co","Status":"Operating","Shape_Leng":0.00719915168613,"Shape__Length":997.2886332445963}},{"type":"Feature","id":5695,"geometry":{"type":"LineString","coordinates":[[-75.167275,43.3367890000001],[-75.1674429999999,43.3351000000001]]},"properties":{"FID":5695,"TYPEPIPE":"Interstate","Operator":"Iroquois Gas Trans Co","Status":"Operating","Shape_Leng":0.0016973346753,"Shape__Length":259.1764690021825}},{"type":"Feature","id":5696,"geometry":{"type":"LineString","coordinates":[[-75.167115,43.3377090000001],[-75.167275,43.3367890000001]]},"properties":{"FID":5696,"TYPEPIPE":"Interstate","Operator":"Iroquois Gas Trans Co","Status":"Operating","Shape_Leng":0.000933809402401,"Shape__Length":141.93070635204802}},{"type":"Feature","id":5697,"geometry":{"type":"LineString","coordinates":[[-75.167883,43.339548],[-75.167115,43.3377090000001]]},"properties":{"FID":5697,"TYPEPIPE":"Interstate","Operator":"Iroquois Gas Trans Co","Status":"Operating","Shape_Leng":0.00199292373157,"Shape__Length":294.16813636709514}},{"type":"Feature","id":5698,"geometry":{"type":"LineString","coordinates":[[-75.170178,43.341797],[-75.167883,43.339548]]},"properties":{"FID":5698,"TYPEPIPE":"Interstate","Operator":"Iroquois Gas Trans Co","Status":"Operating","Shape_Leng":0.00321325784836,"Shape__Length":428.6807376042776}},{"type":"Feature","id":5699,"geometry":{"type":"LineString","coordinates":[[-75.1719439999999,43.344864],[-75.170178,43.341797]]},"properties":{"FID":5699,"TYPEPIPE":"Interstate","Operator":"Iroquois Gas Trans Co","Status":"Operating","Shape_Leng":0.00353910228728,"Shape__Length":508.96045996016056}},{"type":"Feature","id":5700,"geometry":{"type":"LineString","coordinates":[[-75.1744839999999,43.3501860000001],[-75.1719439999999,43.344864]]},"properties":{"FID":5700,"TYPEPIPE":"Interstate","Operator":"Iroquois Gas Trans Co","Status":"Operating","Shape_Leng":0.00589705723225,"Shape__Length":862.3578308522764}},{"type":"Feature","id":5701,"geometry":{"type":"LineString","coordinates":[[-75.175379,43.351927],[-75.1744839999999,43.3501860000001]]},"properties":{"FID":5701,"TYPEPIPE":"Interstate","Operator":"Iroquois Gas Trans Co","Status":"Operating","Shape_Leng":0.00195757656299,"Shape__Length":284.5387681076078}},{"type":"Feature","id":5702,"geometry":{"type":"LineString","coordinates":[[-75.1788989999999,43.3587660000001],[-75.175379,43.351927]]},"properties":{"FID":5702,"TYPEPIPE":"Interstate","Operator":"Iroquois Gas Trans Co","Status":"Operating","Shape_Leng":0.00769170468752,"Shape__Length":1117.9612274318004}},{"type":"Feature","id":5703,"geometry":{"type":"LineString","coordinates":[[-75.1806119999999,43.3618420000001],[-75.1788989999999,43.3587660000001]]},"properties":{"FID":5703,"TYPEPIPE":"Interstate","Operator":"Iroquois Gas Trans Co","Status":"Operating","Shape_Leng":0.00352081595658,"Shape__Length":508.10946067793594}},{"type":"Feature","id":5704,"geometry":{"type":"LineString","coordinates":[[-75.1820039999999,43.3633350000001],[-75.1806119999999,43.3618420000001]]},"properties":{"FID":5704,"TYPEPIPE":"Interstate","Operator":"Iroquois Gas Trans Co","Status":"Operating","Shape_Leng":0.00204125280158,"Shape__Length":276.17227446825524}},{"type":"Feature","id":5705,"geometry":{"type":"LineString","coordinates":[[-75.1829099999999,43.364265],[-75.1820039999999,43.3633350000001]]},"properties":{"FID":5705,"TYPEPIPE":"Interstate","Operator":"Iroquois Gas Trans Co","Status":"Operating","Shape_Leng":0.00129835896421,"Shape__Length":174.49932166063542}},{"type":"Feature","id":5706,"geometry":{"type":"LineString","coordinates":[[-75.183161,43.3657640000001],[-75.1829099999999,43.364265]]},"properties":{"FID":5706,"TYPEPIPE":"Interstate","Operator":"Iroquois Gas Trans Co","Status":"Operating","Shape_Leng":0.00151986907334,"Shape__Length":231.2257357714122}},{"type":"Feature","id":5707,"geometry":{"type":"LineString","coordinates":[[-75.183637,43.368924],[-75.183161,43.3657640000001]]},"properties":{"FID":5707,"TYPEPIPE":"Interstate","Operator":"Iroquois Gas Trans Co","Status":"Operating","Shape_Leng":0.00319564954272,"Shape__Length":486.7797443212795}},{"type":"Feature","id":5708,"geometry":{"type":"LineString","coordinates":[[-75.184765,43.371246],[-75.183637,43.368924]]},"properties":{"FID":5708,"TYPEPIPE":"Interstate","Operator":"Iroquois Gas Trans Co","Status":"Operating","Shape_Leng":0.00258148561878,"Shape__Length":377.101375125586}},{"type":"Feature","id":5709,"geometry":{"type":"LineString","coordinates":[[-75.1866479999999,43.3737330000001],[-75.184765,43.371246]]},"properties":{"FID":5709,"TYPEPIPE":"Interstate","Operator":"Iroquois Gas Trans Co","Status":"Operating","Shape_Leng":0.00311943232015,"Shape__Length":434.73610431445604}},{"type":"Feature","id":5710,"geometry":{"type":"LineString","coordinates":[[-75.187963,43.3752840000001],[-75.1866479999999,43.3737330000001]]},"properties":{"FID":5710,"TYPEPIPE":"Interstate","Operator":"Iroquois Gas Trans Co","Status":"Operating","Shape_Leng":0.00203342715633,"Shape__Length":279.0152954759386}},{"type":"Feature","id":5711,"geometry":{"type":"LineString","coordinates":[[-75.189261,43.378443],[-75.187963,43.3752840000001]]},"properties":{"FID":5711,"TYPEPIPE":"Interstate","Operator":"Iroquois Gas Trans Co","Status":"Operating","Shape_Leng":0.0034152723171,"Shape__Length":504.9259576086916}},{"type":"Feature","id":5712,"geometry":{"type":"LineString","coordinates":[[-75.190394,43.381263],[-75.189261,43.378443]]},"properties":{"FID":5712,"TYPEPIPE":"Interstate","Operator":"Iroquois Gas Trans Co","Status":"Operating","Shape_Leng":0.00303909345034,"Shape__Length":449.9509526865137}},{"type":"Feature","id":5713,"geometry":{"type":"LineString","coordinates":[[-75.192965,43.3834800000001],[-75.190394,43.381263]]},"properties":{"FID":5713,"TYPEPIPE":"Interstate","Operator":"Iroquois Gas Trans Co","Status":"Operating","Shape_Leng":0.00339486818596,"Shape__Length":444.09474640132134}},{"type":"Feature","id":5714,"geometry":{"type":"LineString","coordinates":[[-75.193945,43.385211],[-75.192965,43.3834800000001]]},"properties":{"FID":5714,"TYPEPIPE":"Interstate","Operator":"Iroquois Gas Trans Co","Status":"Operating","Shape_Leng":0.00198916087833,"Shape__Length":286.70667316706414}},{"type":"Feature","id":5715,"geometry":{"type":"LineString","coordinates":[[-75.195059,43.3876450000001],[-75.193945,43.385211]]},"properties":{"FID":5715,"TYPEPIPE":"Interstate","Operator":"Iroquois Gas Trans Co","Status":"Operating","Shape_Leng":0.00267681751343,"Shape__Length":392.91583934286564}},{"type":"Feature","id":5716,"geometry":{"type":"LineString","coordinates":[[-75.195306,43.391213],[-75.195059,43.3876450000001]]},"properties":{"FID":5716,"TYPEPIPE":"Interstate","Operator":"Iroquois Gas Trans Co","Status":"Operating","Shape_Leng":0.00357653924902,"Shape__Length":547.2539500041868}},{"type":"Feature","id":5717,"geometry":{"type":"LineString","coordinates":[[-75.195422,43.393824],[-75.195306,43.391213]]},"properties":{"FID":5717,"TYPEPIPE":"Interstate","Operator":"Iroquois Gas Trans Co","Status":"Operating","Shape_Leng":0.00261357552024,"Shape__Length":400.1938516832256}},{"type":"Feature","id":5718,"geometry":{"type":"LineString","coordinates":[[-75.1956059999999,43.3982560000001],[-75.195422,43.393824]]},"properties":{"FID":5718,"TYPEPIPE":"Interstate","Operator":"Iroquois Gas Trans Co","Status":"Operating","Shape_Leng":0.00443581785019,"Shape__Length":679.2972333264952}},{"type":"Feature","id":5719,"geometry":{"type":"LineString","coordinates":[[-75.1992779999999,43.403035],[-75.1956059999999,43.3982560000001]]},"properties":{"FID":5719,"TYPEPIPE":"Interstate","Operator":"Iroquois Gas Trans Co","Status":"Operating","Shape_Leng":0.00602680885708,"Shape__Length":838.5779276048764}},{"type":"Feature","id":5720,"geometry":{"type":"LineString","coordinates":[[-75.199822,43.4040200000001],[-75.1992779999999,43.403035]]},"properties":{"FID":5720,"TYPEPIPE":"Interstate","Operator":"Iroquois Gas Trans Co","Status":"Operating","Shape_Leng":0.00112523819704,"Shape__Length":162.6182321886227}},{"type":"Feature","id":5721,"geometry":{"type":"LineString","coordinates":[[-75.200093,43.404478],[-75.199822,43.4040200000001]]},"properties":{"FID":5721,"TYPEPIPE":"Interstate","Operator":"Iroquois Gas Trans Co","Status":"Operating","Shape_Leng":0.000532170085575,"Shape__Length":76.38530658424747}},{"type":"Feature","id":5722,"geometry":{"type":"LineString","coordinates":[[-75.201628,43.4043990000001],[-75.200093,43.404478]]},"properties":{"FID":5722,"TYPEPIPE":"Interstate","Operator":"Iroquois Gas Trans Co","Status":"Operating","Shape_Leng":0.00153703155464,"Shape__Length":171.30361804170215}},{"type":"Feature","id":5723,"geometry":{"type":"LineString","coordinates":[[-75.205787,43.407265],[-75.201628,43.4043990000001]]},"properties":{"FID":5723,"TYPEPIPE":"Interstate","Operator":"Iroquois Gas Trans Co","Status":"Operating","Shape_Leng":0.00505086497543,"Shape__Length":638.1203923109157}},{"type":"Feature","id":5724,"geometry":{"type":"LineString","coordinates":[[-75.20609,43.4084560000001],[-75.205787,43.407265]]},"properties":{"FID":5724,"TYPEPIPE":"Interstate","Operator":"Iroquois Gas Trans Co","Status":"Operating","Shape_Leng":0.00122893856641,"Shape__Length":185.5892430090529}},{"type":"Feature","id":5725,"geometry":{"type":"LineString","coordinates":[[-75.208814,43.410235],[-75.20609,43.4084560000001]]},"properties":{"FID":5725,"TYPEPIPE":"Interstate","Operator":"Iroquois Gas Trans Co","Status":"Operating","Shape_Leng":0.0032534623096,"Shape__Length":407.7555053762896}},{"type":"Feature","id":5726,"geometry":{"type":"LineString","coordinates":[[-75.210944,43.4126210000001],[-75.208814,43.410235]]},"properties":{"FID":5726,"TYPEPIPE":"Interstate","Operator":"Iroquois Gas Trans Co","Status":"Operating","Shape_Leng":0.00319842086038,"Shape__Length":435.7839146906754}},{"type":"Feature","id":5727,"geometry":{"type":"LineString","coordinates":[[-75.212933,43.413996],[-75.210944,43.4126210000001]]},"properties":{"FID":5727,"TYPEPIPE":"Interstate","Operator":"Iroquois Gas Trans Co","Status":"Operating","Shape_Leng":0.00241800454919,"Shape__Length":305.65319050186736}},{"type":"Feature","id":5728,"geometry":{"type":"LineString","coordinates":[[-75.214165,43.414749],[-75.212933,43.413996]]},"properties":{"FID":5728,"TYPEPIPE":"Interstate","Operator":"Iroquois Gas Trans Co","Status":"Operating","Shape_Leng":0.00144389507929,"Shape__Length":179.23461455426573}},{"type":"Feature","id":5729,"geometry":{"type":"LineString","coordinates":[[-75.215423,43.4162150000001],[-75.214165,43.414749]]},"properties":{"FID":5729,"TYPEPIPE":"Interstate","Operator":"Iroquois Gas Trans Co","Status":"Operating","Shape_Leng":0.00193176603142,"Shape__Length":264.73696401674135}},{"type":"Feature","id":5730,"geometry":{"type":"LineString","coordinates":[[-75.219884,43.421519],[-75.215423,43.4162150000001]]},"properties":{"FID":5730,"TYPEPIPE":"Interstate","Operator":"Iroquois Gas Trans Co","Status":"Operating","Shape_Leng":0.00693057984584,"Shape__Length":952.5711629499588}},{"type":"Feature","id":5731,"geometry":{"type":"LineString","coordinates":[[-75.222504,43.4254080000001],[-75.219884,43.421519]]},"properties":{"FID":5731,"TYPEPIPE":"Interstate","Operator":"Iroquois Gas Trans Co","Status":"Operating","Shape_Leng":0.00468921326024,"Shape__Length":663.5986049443048}},{"type":"Feature","id":5732,"geometry":{"type":"LineString","coordinates":[[-75.221988,43.4261440000001],[-75.222504,43.4254080000001]]},"properties":{"FID":5732,"TYPEPIPE":"Interstate","Operator":"Iroquois Gas Trans Co","Status":"Operating","Shape_Leng":0.000898861502141,"Shape__Length":126.59344675180996}},{"type":"Feature","id":5733,"geometry":{"type":"LineString","coordinates":[[-75.226036,43.432827],[-75.221988,43.4261440000001]]},"properties":{"FID":5733,"TYPEPIPE":"Interstate","Operator":"Iroquois Gas Trans Co","Status":"Operating","Shape_Leng":0.00781337270322,"Shape__Length":1119.1406230810035}},{"type":"Feature","id":5734,"geometry":{"type":"LineString","coordinates":[[-75.229232,43.4357600000001],[-75.226036,43.432827]]},"properties":{"FID":5734,"TYPEPIPE":"Interstate","Operator":"Iroquois Gas Trans Co","Status":"Operating","Shape_Leng":0.00433784566349,"Shape__Length":573.357315984968}},{"type":"Feature","id":5735,"geometry":{"type":"LineString","coordinates":[[-75.231052,43.4373180000001],[-75.229232,43.4357600000001]]},"properties":{"FID":5735,"TYPEPIPE":"Interstate","Operator":"Iroquois Gas Trans Co","Status":"Operating","Shape_Leng":0.00239578045739,"Shape__Length":313.201898478304}},{"type":"Feature","id":5736,"geometry":{"type":"LineString","coordinates":[[-75.2322159999999,43.4381490000001],[-75.231052,43.4373180000001]]},"properties":{"FID":5736,"TYPEPIPE":"Interstate","Operator":"Iroquois Gas Trans Co","Status":"Operating","Shape_Leng":0.00143019474196,"Shape__Length":181.71450817116045}},{"type":"Feature","id":5737,"geometry":{"type":"LineString","coordinates":[[-75.239973,43.443455],[-75.2322159999999,43.4381490000001]]},"properties":{"FID":5737,"TYPEPIPE":"Interstate","Operator":"Iroquois Gas Trans Co","Status":"Operating","Shape_Leng":0.00939812135482,"Shape__Length":1186.3402881710065}},{"type":"Feature","id":5738,"geometry":{"type":"LineString","coordinates":[[-75.2676279999999,43.4580940000001],[-75.262038,43.4544330000001]]},"properties":{"FID":5738,"TYPEPIPE":"Interstate","Operator":"Iroquois Gas Trans Co","Status":"Operating","Shape_Leng":0.00668214194701,"Shape__Length":838.1104985240268}},{"type":"Feature","id":5739,"geometry":{"type":"LineString","coordinates":[[-75.269787,43.4596960000001],[-75.2676279999999,43.4580940000001]]},"properties":{"FID":5739,"TYPEPIPE":"Interstate","Operator":"Iroquois Gas Trans Co","Status":"Operating","Shape_Leng":0.0026884354186,"Shape__Length":343.6904576169642}},{"type":"Feature","id":5740,"geometry":{"type":"LineString","coordinates":[[-75.273476,43.462589],[-75.269787,43.4596960000001]]},"properties":{"FID":5740,"TYPEPIPE":"Interstate","Operator":"Iroquois Gas Trans Co","Status":"Operating","Shape_Leng":0.00468808809643,"Shape__Length":604.5652218061138}},{"type":"Feature","id":5741,"geometry":{"type":"LineString","coordinates":[[-75.275267,43.4632080000001],[-75.273476,43.462589]]},"properties":{"FID":5741,"TYPEPIPE":"Interstate","Operator":"Iroquois Gas Trans Co","Status":"Operating","Shape_Leng":0.00189495171446,"Shape__Length":220.82256271817306}},{"type":"Feature","id":5742,"geometry":{"type":"LineString","coordinates":[[-75.2759599999999,43.4643810000001],[-75.275267,43.4632080000001]]},"properties":{"FID":5742,"TYPEPIPE":"Interstate","Operator":"Iroquois Gas Trans Co","Status":"Operating","Shape_Leng":0.00136241623593,"Shape__Length":195.74880144146366}},{"type":"Feature","id":5743,"geometry":{"type":"LineString","coordinates":[[-75.2464639999999,43.4422650000001],[-75.239973,43.443455]]},"properties":{"FID":5743,"TYPEPIPE":"Interstate","Operator":"Iroquois Gas Trans Co","Status":"Operating","Shape_Leng":0.00659918032786,"Shape__Length":745.2533764444852}},{"type":"Feature","id":5744,"geometry":{"type":"LineString","coordinates":[[-75.248148,43.4435720000001],[-75.2464639999999,43.4422650000001]]},"properties":{"FID":5744,"TYPEPIPE":"Interstate","Operator":"Iroquois Gas Trans Co","Status":"Operating","Shape_Leng":0.0021316906436,"Shape__Length":274.4045553569476}},{"type":"Feature","id":5745,"geometry":{"type":"LineString","coordinates":[[-75.249286,43.4444970000001],[-75.248148,43.4435720000001]]},"properties":{"FID":5745,"TYPEPIPE":"Interstate","Operator":"Iroquois Gas Trans Co","Status":"Operating","Shape_Leng":0.00146651593924,"Shape__Length":190.16351457997555}},{"type":"Feature","id":5746,"geometry":{"type":"LineString","coordinates":[[-75.2561899999999,43.449888],[-75.249286,43.4444970000001]]},"properties":{"FID":5746,"TYPEPIPE":"Interstate","Operator":"Iroquois Gas Trans Co","Status":"Operating","Shape_Leng":0.00875945757449,"Shape__Length":1128.69266178445}},{"type":"Feature","id":5747,"geometry":{"type":"LineString","coordinates":[[-75.262038,43.4544330000001],[-75.2561899999999,43.449888]]},"properties":{"FID":5747,"TYPEPIPE":"Interstate","Operator":"Iroquois Gas Trans Co","Status":"Operating","Shape_Leng":0.0074064923547,"Shape__Length":953.69275960404}},{"type":"Feature","id":5748,"geometry":{"type":"LineString","coordinates":[[-75.277416,43.4663090000001],[-75.2759599999999,43.4643810000001]]},"properties":{"FID":5748,"TYPEPIPE":"Interstate","Operator":"Iroquois Gas Trans Co","Status":"Operating","Shape_Leng":0.00241601324502,"Shape__Length":337.21665823520635}},{"type":"Feature","id":5749,"geometry":{"type":"LineString","coordinates":[[-75.279413,43.4691130000001],[-75.277416,43.4663090000001]]},"properties":{"FID":5749,"TYPEPIPE":"Interstate","Operator":"Iroquois Gas Trans Co","Status":"Operating","Shape_Leng":0.00344244462554,"Shape__Length":484.14164824351394}},{"type":"Feature","id":5750,"geometry":{"type":"LineString","coordinates":[[-75.281328,43.471621],[-75.279413,43.4691130000001]]},"properties":{"FID":5750,"TYPEPIPE":"Interstate","Operator":"Iroquois Gas Trans Co","Status":"Operating","Shape_Leng":0.00315551723175,"Shape__Length":439.81739516758347}},{"type":"Feature","id":5751,"geometry":{"type":"LineString","coordinates":[[-75.2825809999999,43.4725100000001],[-75.281328,43.471621]]},"properties":{"FID":5751,"TYPEPIPE":"Interstate","Operator":"Iroquois Gas Trans Co","Status":"Operating","Shape_Leng":0.00153633655166,"Shape__Length":195.06822108006727}},{"type":"Feature","id":5752,"geometry":{"type":"LineString","coordinates":[[-75.286889,43.474969],[-75.2825809999999,43.4725100000001]]},"properties":{"FID":5752,"TYPEPIPE":"Interstate","Operator":"Iroquois Gas Trans Co","Status":"Operating","Shape_Leng":0.00496039766554,"Shape__Length":610.1364079495218}},{"type":"Feature","id":5753,"geometry":{"type":"LineString","coordinates":[[-75.288674,43.476032],[-75.286889,43.474969]]},"properties":{"FID":5753,"TYPEPIPE":"Interstate","Operator":"Iroquois Gas Trans Co","Status":"Operating","Shape_Leng":0.00207754518601,"Shape__Length":257.0498856821953}},{"type":"Feature","id":5754,"geometry":{"type":"LineString","coordinates":[[-75.290711,43.4767340000001],[-75.288674,43.476032]]},"properties":{"FID":5754,"TYPEPIPE":"Interstate","Operator":"Iroquois Gas Trans Co","Status":"Operating","Shape_Leng":0.00215457025882,"Shape__Length":251.03045027694245}},{"type":"Feature","id":5755,"geometry":{"type":"LineString","coordinates":[[-75.294121,43.477895],[-75.290711,43.4767340000001]]},"properties":{"FID":5755,"TYPEPIPE":"Interstate","Operator":"Iroquois Gas Trans Co","Status":"Operating","Shape_Leng":0.00360222445161,"Shape__Length":419.30589772579435}},{"type":"Feature","id":5756,"geometry":{"type":"LineString","coordinates":[[-75.2955729999999,43.4788110000001],[-75.294121,43.477895]]},"properties":{"FID":5756,"TYPEPIPE":"Interstate","Operator":"Iroquois Gas Trans Co","Status":"Operating","Shape_Leng":0.00171678769798,"Shape__Length":214.1798466225222}},{"type":"Feature","id":5757,"geometry":{"type":"LineString","coordinates":[[-75.2963379999999,43.479614],[-75.2955729999999,43.4788110000001]]},"properties":{"FID":5757,"TYPEPIPE":"Interstate","Operator":"Iroquois Gas Trans Co","Status":"Operating","Shape_Leng":0.00110906897889,"Shape__Length":149.75939025854757}},{"type":"Feature","id":5758,"geometry":{"type":"LineString","coordinates":[[-75.297895,43.482357],[-75.2963379999999,43.479614]]},"properties":{"FID":5758,"TYPEPIPE":"Interstate","Operator":"Iroquois Gas Trans Co","Status":"Operating","Shape_Leng":0.00315409226247,"Shape__Length":455.11782401433163}},{"type":"Feature","id":5759,"geometry":{"type":"LineString","coordinates":[[-75.299191,43.4854700000001],[-75.297895,43.482357]]},"properties":{"FID":5759,"TYPEPIPE":"Interstate","Operator":"Iroquois Gas Trans Co","Status":"Operating","Shape_Leng":0.00337200014831,"Shape__Length":498.92298922481655}},{"type":"Feature","id":5760,"geometry":{"type":"LineString","coordinates":[[-75.299362,43.4857840000001],[-75.299191,43.4854700000001]]},"properties":{"FID":5760,"TYPEPIPE":"Interstate","Operator":"Iroquois Gas Trans Co","Status":"Operating","Shape_Leng":0.00035754300442,"Shape__Length":51.80087816069142}},{"type":"Feature","id":5761,"geometry":{"type":"LineString","coordinates":[[-75.306073,43.4907000000001],[-75.299362,43.4857840000001]]},"properties":{"FID":5761,"TYPEPIPE":"Interstate","Operator":"Iroquois Gas Trans Co","Status":"Operating","Shape_Leng":0.00831892883728,"Shape__Length":1061.6281617812}},{"type":"Feature","id":5762,"geometry":{"type":"LineString","coordinates":[[-75.307384,43.4930610000001],[-75.306073,43.4907000000001]]},"properties":{"FID":5762,"TYPEPIPE":"Interstate","Operator":"Iroquois Gas Trans Co","Status":"Operating","Shape_Leng":0.00270056327458,"Shape__Length":390.5721326763039}},{"type":"Feature","id":5763,"geometry":{"type":"LineString","coordinates":[[-75.3086939999999,43.4938270000001],[-75.307384,43.4930610000001]]},"properties":{"FID":5763,"TYPEPIPE":"Interstate","Operator":"Iroquois Gas Trans Co","Status":"Operating","Shape_Leng":0.00151751639199,"Shape__Length":187.30169946260727}},{"type":"Feature","id":5764,"geometry":{"type":"LineString","coordinates":[[-75.309763,43.4938100000001],[-75.3086939999999,43.4938270000001]]},"properties":{"FID":5764,"TYPEPIPE":"Interstate","Operator":"Iroquois Gas Trans Co","Status":"Operating","Shape_Leng":0.00106913516454,"Shape__Length":119.02912445679394}},{"type":"Feature","id":5765,"geometry":{"type":"LineString","coordinates":[[-75.311658,43.4954930000001],[-75.309763,43.4938100000001]]},"properties":{"FID":5765,"TYPEPIPE":"Interstate","Operator":"Iroquois Gas Trans Co","Status":"Operating","Shape_Leng":0.00253446522959,"Shape__Length":333.4629624620913}},{"type":"Feature","id":5766,"geometry":{"type":"LineString","coordinates":[[-75.313325,43.4962320000001],[-75.311658,43.4954930000001]]},"properties":{"FID":5766,"TYPEPIPE":"Interstate","Operator":"Iroquois Gas Trans Co","Status":"Operating","Shape_Leng":0.00182346099492,"Shape__Length":217.47703931060033}},{"type":"Feature","id":5767,"geometry":{"type":"LineString","coordinates":[[-75.3141249999999,43.4965950000001],[-75.313325,43.4962320000001]]},"properties":{"FID":5767,"TYPEPIPE":"Interstate","Operator":"Iroquois Gas Trans Co","Status":"Operating","Shape_Leng":0.000878503841737,"Shape__Length":105.04229388846788}},{"type":"Feature","id":5768,"geometry":{"type":"LineString","coordinates":[[-75.315963,43.4981530000001],[-75.3141249999999,43.4965950000001]]},"properties":{"FID":5768,"TYPEPIPE":"Interstate","Operator":"Iroquois Gas Trans Co","Status":"Operating","Shape_Leng":0.00240948293209,"Shape__Length":314.6844677953748}},{"type":"Feature","id":5769,"geometry":{"type":"LineString","coordinates":[[-75.31911,43.5003360000001],[-75.315963,43.4981530000001]]},"properties":{"FID":5769,"TYPEPIPE":"Interstate","Operator":"Iroquois Gas Trans Co","Status":"Operating","Shape_Leng":0.00383002584849,"Shape__Length":484.72391098249784}},{"type":"Feature","id":5770,"geometry":{"type":"LineString","coordinates":[[-75.3208769999999,43.5018380000001],[-75.31911,43.5003360000001]]},"properties":{"FID":5770,"TYPEPIPE":"Interstate","Operator":"Iroquois Gas Trans Co","Status":"Operating","Shape_Leng":0.00231911470177,"Shape__Length":303.02742167819196}},{"type":"Feature","id":5771,"geometry":{"type":"LineString","coordinates":[[-75.321623,43.5031290000001],[-75.3208769999999,43.5018380000001]]},"properties":{"FID":5771,"TYPEPIPE":"Interstate","Operator":"Iroquois Gas Trans Co","Status":"Operating","Shape_Leng":0.00149103889957,"Shape__Length":214.83104625986718}},{"type":"Feature","id":5772,"geometry":{"type":"LineString","coordinates":[[-75.3223169999999,43.503839],[-75.321623,43.5031290000001]]},"properties":{"FID":5772,"TYPEPIPE":"Interstate","Operator":"Iroquois Gas Trans Co","Status":"Operating","Shape_Leng":0.000992842384214,"Shape__Length":133.574373782609}},{"type":"Feature","id":5773,"geometry":{"type":"LineString","coordinates":[[-75.325163,43.506357],[-75.3223169999999,43.503839]]},"properties":{"FID":5773,"TYPEPIPE":"Interstate","Operator":"Iroquois Gas Trans Co","Status":"Operating","Shape_Leng":0.00380000526319,"Shape__Length":499.72100563281725}},{"type":"Feature","id":5774,"geometry":{"type":"LineString","coordinates":[[-75.328006,43.5079410000001],[-75.325163,43.506357]]},"properties":{"FID":5774,"TYPEPIPE":"Interstate","Operator":"Iroquois Gas Trans Co","Status":"Operating","Shape_Leng":0.00325448997541,"Shape__Length":399.0819135214477}},{"type":"Feature","id":5775,"geometry":{"type":"LineString","coordinates":[[-75.329763,43.5082370000001],[-75.328006,43.5079410000001]]},"properties":{"FID":5775,"TYPEPIPE":"Interstate","Operator":"Iroquois Gas Trans Co","Status":"Operating","Shape_Leng":0.00178175896237,"Shape__Length":200.79551645796363}},{"type":"Feature","id":5776,"geometry":{"type":"LineString","coordinates":[[-75.330298,43.5095470000001],[-75.329763,43.5082370000001]]},"properties":{"FID":5776,"TYPEPIPE":"Interstate","Operator":"Iroquois Gas Trans Co","Status":"Operating","Shape_Leng":0.00141503533524,"Shape__Length":209.7033462032324}},{"type":"Feature","id":5777,"geometry":{"type":"LineString","coordinates":[[-75.329775,43.5111200000001],[-75.330298,43.5095470000001]]},"properties":{"FID":5777,"TYPEPIPE":"Interstate","Operator":"Iroquois Gas Trans Co","Status":"Operating","Shape_Leng":0.00165766643207,"Shape__Length":248.36186736905472}},{"type":"Feature","id":5778,"geometry":{"type":"LineString","coordinates":[[-75.3286629999999,43.5141790000001],[-75.329775,43.5111200000001]]},"properties":{"FID":5778,"TYPEPIPE":"Interstate","Operator":"Iroquois Gas Trans Co","Status":"Operating","Shape_Leng":0.00325484638656,"Shape__Length":485.59046550691266}},{"type":"Feature","id":5779,"geometry":{"type":"LineString","coordinates":[[-75.328638,43.5149850000001],[-75.3286629999999,43.5141790000001]]},"properties":{"FID":5779,"TYPEPIPE":"Interstate","Operator":"Iroquois Gas Trans Co","Status":"Operating","Shape_Leng":0.000806387623924,"Shape__Length":123.75387414621663}},{"type":"Feature","id":5780,"geometry":{"type":"LineString","coordinates":[[-75.3288439999999,43.516578],[-75.328638,43.5149850000001]]},"properties":{"FID":5780,"TYPEPIPE":"Interstate","Operator":"Iroquois Gas Trans Co","Status":"Operating","Shape_Leng":0.0016062642995,"Shape__Length":245.6063738270834}},{"type":"Feature","id":5781,"geometry":{"type":"LineString","coordinates":[[-75.329221,43.5171950000001],[-75.3288439999999,43.516578]]},"properties":{"FID":5781,"TYPEPIPE":"Interstate","Operator":"Iroquois Gas Trans Co","Status":"Operating","Shape_Leng":0.000723061546518,"Shape__Length":103.59570491206195}},{"type":"Feature","id":5782,"geometry":{"type":"LineString","coordinates":[[-75.3303759999999,43.5184440000001],[-75.329221,43.5171950000001]]},"properties":{"FID":5782,"TYPEPIPE":"Interstate","Operator":"Iroquois Gas Trans Co","Status":"Operating","Shape_Leng":0.00170118370551,"Shape__Length":230.85340002807513}},{"type":"Feature","id":5783,"geometry":{"type":"LineString","coordinates":[[-75.3315449999999,43.519525],[-75.3303759999999,43.5184440000001]]},"properties":{"FID":5783,"TYPEPIPE":"Interstate","Operator":"Iroquois Gas Trans Co","Status":"Operating","Shape_Leng":0.00159220664488,"Shape__Length":210.88648738591576}},{"type":"Feature","id":5784,"geometry":{"type":"LineString","coordinates":[[-75.3320889999999,43.521107],[-75.3315449999999,43.519525]]},"properties":{"FID":5784,"TYPEPIPE":"Interstate","Operator":"Iroquois Gas Trans Co","Status":"Operating","Shape_Leng":0.00167291960355,"Shape__Length":250.29935952313025}},{"type":"Feature","id":5785,"geometry":{"type":"LineString","coordinates":[[-75.333068,43.522362],[-75.3320889999999,43.521107]]},"properties":{"FID":5785,"TYPEPIPE":"Interstate","Operator":"Iroquois Gas Trans Co","Status":"Operating","Shape_Leng":0.00159168652696,"Shape__Length":221.354710297049}},{"type":"Feature","id":5786,"geometry":{"type":"LineString","coordinates":[[-75.33327,43.52344],[-75.333068,43.522362]]},"properties":{"FID":5786,"TYPEPIPE":"Interstate","Operator":"Iroquois Gas Trans Co","Status":"Operating","Shape_Leng":0.00109676250848,"Shape__Length":167.01858643787847}},{"type":"Feature","id":5787,"geometry":{"type":"LineString","coordinates":[[-75.336449,43.526188],[-75.33327,43.52344]]},"properties":{"FID":5787,"TYPEPIPE":"Interstate","Operator":"Iroquois Gas Trans Co","Status":"Operating","Shape_Leng":0.00420208817136,"Shape__Length":550.6629444184211}},{"type":"Feature","id":5788,"geometry":{"type":"LineString","coordinates":[[-75.3359139999999,43.5274630000001],[-75.336449,43.526188]]},"properties":{"FID":5788,"TYPEPIPE":"Interstate","Operator":"Iroquois Gas Trans Co","Status":"Operating","Shape_Leng":0.00138269664065,"Shape__Length":204.61382591371117}},{"type":"Feature","id":5789,"geometry":{"type":"LineString","coordinates":[[-75.336069,43.530451],[-75.3359139999999,43.5274630000001]]},"properties":{"FID":5789,"TYPEPIPE":"Interstate","Operator":"Iroquois Gas Trans Co","Status":"Operating","Shape_Leng":0.0029920175467,"Shape__Length":459.09750640522367}},{"type":"Feature","id":5790,"geometry":{"type":"LineString","coordinates":[[-75.3364119999999,43.531212],[-75.336069,43.530451]]},"properties":{"FID":5790,"TYPEPIPE":"Interstate","Operator":"Iroquois Gas Trans Co","Status":"Operating","Shape_Leng":0.00083472750045,"Shape__Length":122.92682612968262}},{"type":"Feature","id":5791,"geometry":{"type":"LineString","coordinates":[[-75.337094,43.5325920000001],[-75.3364119999999,43.531212]]},"properties":{"FID":5791,"TYPEPIPE":"Interstate","Operator":"Iroquois Gas Trans Co","Status":"Operating","Shape_Leng":0.00153932582651,"Shape__Length":225.0837555385692}},{"type":"Feature","id":5792,"geometry":{"type":"LineString","coordinates":[[-75.340027,43.537],[-75.337094,43.5325920000001]]},"properties":{"FID":5792,"TYPEPIPE":"Interstate","Operator":"Iroquois Gas Trans Co","Status":"Operating","Shape_Leng":0.0052946154723,"Shape__Length":751.4960781653541}},{"type":"Feature","id":5793,"geometry":{"type":"LineString","coordinates":[[-75.3426939999999,43.5409230000001],[-75.340027,43.537]]},"properties":{"FID":5793,"TYPEPIPE":"Interstate","Operator":"Iroquois Gas Trans Co","Status":"Operating","Shape_Leng":0.00474371352425,"Shape__Length":671.6151998531192}},{"type":"Feature","id":5794,"geometry":{"type":"LineString","coordinates":[[-75.342858,43.542511],[-75.3426939999999,43.5409230000001]]},"properties":{"FID":5794,"TYPEPIPE":"Interstate","Operator":"Iroquois Gas Trans Co","Status":"Operating","Shape_Leng":0.00159644605293,"Shape__Length":244.55318495557705}},{"type":"Feature","id":5795,"geometry":{"type":"LineString","coordinates":[[-75.341647,43.5443920000001],[-75.342858,43.542511]]},"properties":{"FID":5795,"TYPEPIPE":"Interstate","Operator":"Iroquois Gas Trans Co","Status":"Operating","Shape_Leng":0.00223711465958,"Shape__Length":318.78233512418575}},{"type":"Feature","id":5796,"geometry":{"type":"LineString","coordinates":[[-75.340876,43.5454920000001],[-75.341647,43.5443920000001]]},"properties":{"FID":5796,"TYPEPIPE":"Interstate","Operator":"Iroquois Gas Trans Co","Status":"Operating","Shape_Leng":0.00134329482989,"Shape__Length":189.48904249125349}},{"type":"Feature","id":5797,"geometry":{"type":"LineString","coordinates":[[-75.340728,43.5469620000001],[-75.340876,43.5454920000001]]},"properties":{"FID":5797,"TYPEPIPE":"Interstate","Operator":"Iroquois Gas Trans Co","Status":"Operating","Shape_Leng":0.00147743155508,"Shape__Length":226.3666454982823}},{"type":"Feature","id":5798,"geometry":{"type":"LineString","coordinates":[[-75.340136,43.5519140000001],[-75.340728,43.5469620000001]]},"properties":{"FID":5798,"TYPEPIPE":"Interstate","Operator":"Iroquois Gas Trans Co","Status":"Operating","Shape_Leng":0.0049872605707,"Shape__Length":763.4308371237554}},{"type":"Feature","id":5799,"geometry":{"type":"LineString","coordinates":[[-75.340863,43.5585360000001],[-75.340136,43.5519140000001]]},"properties":{"FID":5799,"TYPEPIPE":"Interstate","Operator":"Iroquois Gas Trans Co","Status":"Operating","Shape_Leng":0.00666178752287,"Shape__Length":1020.3896849991152}},{"type":"Feature","id":5800,"geometry":{"type":"LineString","coordinates":[[-75.341735,43.5617510000001],[-75.340863,43.5585360000001]]},"properties":{"FID":5800,"TYPEPIPE":"Interstate","Operator":"Iroquois Gas Trans Co","Status":"Operating","Shape_Leng":0.00333115730642,"Shape__Length":503.33086979562466}},{"type":"Feature","id":5801,"geometry":{"type":"LineString","coordinates":[[-75.343419,43.5658750000001],[-75.341735,43.5617510000001]]},"properties":{"FID":5801,"TYPEPIPE":"Interstate","Operator":"Iroquois Gas Trans Co","Status":"Operating","Shape_Leng":0.0044545742782,"Shape__Length":660.7111570359017}},{"type":"Feature","id":5802,"geometry":{"type":"LineString","coordinates":[[-75.345339,43.5684630000001],[-75.343419,43.5658750000001]]},"properties":{"FID":5802,"TYPEPIPE":"Interstate","Operator":"Iroquois Gas Trans Co","Status":"Operating","Shape_Leng":0.00322244379314,"Shape__Length":451.4149586957316}},{"type":"Feature","id":5803,"geometry":{"type":"LineString","coordinates":[[-75.346915,43.570412],[-75.345339,43.5684630000001]]},"properties":{"FID":5803,"TYPEPIPE":"Interstate","Operator":"Iroquois Gas Trans Co","Status":"Operating","Shape_Leng":0.00250646703547,"Shape__Length":347.05607913250725}},{"type":"Feature","id":5804,"geometry":{"type":"LineString","coordinates":[[-75.347685,43.5715200000001],[-75.346915,43.570412]]},"properties":{"FID":5804,"TYPEPIPE":"Interstate","Operator":"Iroquois Gas Trans Co","Status":"Operating","Shape_Leng":0.00134928277247,"Shape__Length":190.60078111870817}},{"type":"Feature","id":5805,"geometry":{"type":"LineString","coordinates":[[-75.348519,43.5734100000001],[-75.347685,43.5715200000001]]},"properties":{"FID":5805,"TYPEPIPE":"Interstate","Operator":"Iroquois Gas Trans Co","Status":"Operating","Shape_Leng":0.00206583058357,"Shape__Length":304.87701685260873}},{"type":"Feature","id":5806,"geometry":{"type":"LineString","coordinates":[[-75.34997,43.576394],[-75.348519,43.5734100000001]]},"properties":{"FID":5806,"TYPEPIPE":"Interstate","Operator":"Iroquois Gas Trans Co","Status":"Operating","Shape_Leng":0.00331808031848,"Shape__Length":486.12770705415494}},{"type":"Feature","id":5807,"geometry":{"type":"LineString","coordinates":[[-75.35178,43.5781870000001],[-75.34997,43.576394]]},"properties":{"FID":5807,"TYPEPIPE":"Interstate","Operator":"Iroquois Gas Trans Co","Status":"Operating","Shape_Leng":0.0025477340913,"Shape__Length":341.3301972920564}},{"type":"Feature","id":5808,"geometry":{"type":"LineString","coordinates":[[-75.3564929999999,43.5823980000001],[-75.35178,43.5781870000001]]},"properties":{"FID":5808,"TYPEPIPE":"Interstate","Operator":"Iroquois Gas Trans Co","Status":"Operating","Shape_Leng":0.00632019699059,"Shape__Length":833.0648544951097}},{"type":"Feature","id":5809,"geometry":{"type":"LineString","coordinates":[[-75.3568769999999,43.5845350000001],[-75.3564929999999,43.5823980000001]]},"properties":{"FID":5809,"TYPEPIPE":"Interstate","Operator":"Iroquois Gas Trans Co","Status":"Operating","Shape_Leng":0.00217122661185,"Shape__Length":331.1791295907006}},{"type":"Feature","id":5810,"geometry":{"type":"LineString","coordinates":[[-75.356952,43.5848500000001],[-75.3568769999999,43.5845350000001]]},"properties":{"FID":5810,"TYPEPIPE":"Interstate","Operator":"Iroquois Gas Trans Co","Status":"Operating","Shape_Leng":0.000323805497183,"Shape__Length":49.124074512717876}},{"type":"Feature","id":5811,"geometry":{"type":"LineString","coordinates":[[-75.358009,43.5859200000001],[-75.356952,43.5848500000001]]},"properties":{"FID":5811,"TYPEPIPE":"Interstate","Operator":"Iroquois Gas Trans Co","Status":"Operating","Shape_Leng":0.00150404421476,"Shape__Length":202.2017467959491}},{"type":"Feature","id":5812,"geometry":{"type":"LineString","coordinates":[[-75.3582069999999,43.5869010000001],[-75.358009,43.5859200000001]]},"properties":{"FID":5812,"TYPEPIPE":"Interstate","Operator":"Iroquois Gas Trans Co","Status":"Operating","Shape_Leng":0.0010007821941,"Shape__Length":152.36764554028488}},{"type":"Feature","id":5813,"geometry":{"type":"LineString","coordinates":[[-75.3595299999999,43.588696],[-75.3582069999999,43.5869010000001]]},"properties":{"FID":5813,"TYPEPIPE":"Interstate","Operator":"Iroquois Gas Trans Co","Status":"Operating","Shape_Leng":0.00222987757509,"Shape__Length":312.7217718484588}},{"type":"Feature","id":5814,"geometry":{"type":"LineString","coordinates":[[-75.360692,43.5928410000001],[-75.3595299999999,43.588696]]},"properties":{"FID":5814,"TYPEPIPE":"Interstate","Operator":"Iroquois Gas Trans Co","Status":"Operating","Shape_Leng":0.00430479604633,"Shape__Length":650.0700342361595}},{"type":"Feature","id":5815,"geometry":{"type":"LineString","coordinates":[[-75.360966,43.593848],[-75.360692,43.5928410000001]]},"properties":{"FID":5815,"TYPEPIPE":"Interstate","Operator":"Iroquois Gas Trans Co","Status":"Operating","Shape_Leng":0.00104361151772,"Shape__Length":157.75540732252716}},{"type":"Feature","id":5816,"geometry":{"type":"LineString","coordinates":[[-75.361901,43.5971710000001],[-75.360966,43.593848]]},"properties":{"FID":5816,"TYPEPIPE":"Interstate","Operator":"Iroquois Gas Trans Co","Status":"Operating","Shape_Leng":0.00345203621073,"Shape__Length":521.2695610400623}},{"type":"Feature","id":5817,"geometry":{"type":"LineString","coordinates":[[-75.376401,43.6513830000001],[-75.3762869999999,43.651079]]},"properties":{"FID":5817,"TYPEPIPE":"Interstate","Operator":"Iroquois Gas Trans Co","Status":"Operating","Shape_Leng":0.000324672142367,"Shape__Length":48.46172932490596}},{"type":"Feature","id":5818,"geometry":{"type":"LineString","coordinates":[[-75.377128,43.6527310000001],[-75.376401,43.6513830000001]]},"properties":{"FID":5818,"TYPEPIPE":"Interstate","Operator":"Iroquois Gas Trans Co","Status":"Operating","Shape_Leng":0.00153154595099,"Shape__Length":222.62455653089242}},{"type":"Feature","id":5819,"geometry":{"type":"LineString","coordinates":[[-75.377045,43.653647],[-75.377128,43.6527310000001]]},"properties":{"FID":5819,"TYPEPIPE":"Interstate","Operator":"Iroquois Gas Trans Co","Status":"Operating","Shape_Leng":0.000919752684112,"Shape__Length":141.23445335371022}},{"type":"Feature","id":5820,"geometry":{"type":"LineString","coordinates":[[-75.3773679999999,43.654843],[-75.377045,43.653647]]},"properties":{"FID":5820,"TYPEPIPE":"Interstate","Operator":"Iroquois Gas Trans Co","Status":"Operating","Shape_Leng":0.00123884825543,"Shape__Length":187.4947499052016}},{"type":"Feature","id":5821,"geometry":{"type":"LineString","coordinates":[[-75.37711,43.656013],[-75.3773679999999,43.654843]]},"properties":{"FID":5821,"TYPEPIPE":"Interstate","Operator":"Iroquois Gas Trans Co","Status":"Operating","Shape_Leng":0.00119810850927,"Shape__Length":182.2946499020334}},{"type":"Feature","id":5822,"geometry":{"type":"LineString","coordinates":[[-75.376244,43.6581610000001],[-75.37711,43.656013]]},"properties":{"FID":5822,"TYPEPIPE":"Interstate","Operator":"Iroquois Gas Trans Co","Status":"Operating","Shape_Leng":0.00231600086358,"Shape__Length":344.2762977619952}},{"type":"Feature","id":5823,"geometry":{"type":"LineString","coordinates":[[-75.3764839999999,43.666091],[-75.376244,43.6581610000001]]},"properties":{"FID":5823,"TYPEPIPE":"Interstate","Operator":"Iroquois Gas Trans Co","Status":"Operating","Shape_Leng":0.00793363094678,"Shape__Length":1220.5504806000902}},{"type":"Feature","id":5824,"geometry":{"type":"LineString","coordinates":[[-75.376453,43.6725030000001],[-75.3764839999999,43.666091]]},"properties":{"FID":5824,"TYPEPIPE":"Interstate","Operator":"Iroquois Gas Trans Co","Status":"Operating","Shape_Leng":0.00641207493719,"Shape__Length":986.7940946045665}},{"type":"Feature","id":5825,"geometry":{"type":"LineString","coordinates":[[-75.377076,43.6770740000001],[-75.376453,43.6725030000001]]},"properties":{"FID":5825,"TYPEPIPE":"Interstate","Operator":"Iroquois Gas Trans Co","Status":"Operating","Shape_Leng":0.00461326023545,"Shape__Length":706.9379238773881}},{"type":"Feature","id":5826,"geometry":{"type":"LineString","coordinates":[[-75.3762099999999,43.678744],[-75.377076,43.6770740000001]]},"properties":{"FID":5826,"TYPEPIPE":"Interstate","Operator":"Iroquois Gas Trans Co","Status":"Operating","Shape_Leng":0.00188118473309,"Shape__Length":274.52797735676245}},{"type":"Feature","id":5827,"geometry":{"type":"LineString","coordinates":[[-75.363062,43.599726],[-75.361901,43.5971710000001]]},"properties":{"FID":5827,"TYPEPIPE":"Interstate","Operator":"Iroquois Gas Trans Co","Status":"Operating","Shape_Leng":0.00280641158774,"Shape__Length":413.4623576720382}},{"type":"Feature","id":5828,"geometry":{"type":"LineString","coordinates":[[-75.364358,43.5998970000001],[-75.363062,43.599726]]},"properties":{"FID":5828,"TYPEPIPE":"Interstate","Operator":"Iroquois Gas Trans Co","Status":"Operating","Shape_Leng":0.00130723257306,"Shape__Length":146.6451616301484}},{"type":"Feature","id":5829,"geometry":{"type":"LineString","coordinates":[[-75.365871,43.6010620000001],[-75.364358,43.5998970000001]]},"properties":{"FID":5829,"TYPEPIPE":"Interstate","Operator":"Iroquois Gas Trans Co","Status":"Operating","Shape_Leng":0.00190955335092,"Shape__Length":245.8431361993471}},{"type":"Feature","id":5830,"geometry":{"type":"LineString","coordinates":[[-75.366462,43.6044180000001],[-75.365871,43.6010620000001]]},"properties":{"FID":5830,"TYPEPIPE":"Interstate","Operator":"Iroquois Gas Trans Co","Status":"Operating","Shape_Leng":0.00340764097287,"Shape__Length":520.0847823622316}},{"type":"Feature","id":5831,"geometry":{"type":"LineString","coordinates":[[-75.368183,43.6050980000001],[-75.366462,43.6044180000001]]},"properties":{"FID":5831,"TYPEPIPE":"Interstate","Operator":"Iroquois Gas Trans Co","Status":"Operating","Shape_Leng":0.00185047048074,"Shape__Length":218.24606425354008}},{"type":"Feature","id":5832,"geometry":{"type":"LineString","coordinates":[[-75.3699129999999,43.606343],[-75.368183,43.6050980000001]]},"properties":{"FID":5832,"TYPEPIPE":"Interstate","Operator":"Iroquois Gas Trans Co","Status":"Operating","Shape_Leng":0.00213141384996,"Shape__Length":271.5175378849468}},{"type":"Feature","id":5833,"geometry":{"type":"LineString","coordinates":[[-75.37084,43.608307],[-75.3699129999999,43.606343]]},"properties":{"FID":5833,"TYPEPIPE":"Interstate","Operator":"Iroquois Gas Trans Co","Status":"Operating","Shape_Leng":0.00217177922452,"Shape__Length":319.089281992151}},{"type":"Feature","id":5834,"geometry":{"type":"LineString","coordinates":[[-75.371755,43.610141],[-75.37084,43.608307]]},"properties":{"FID":5834,"TYPEPIPE":"Interstate","Operator":"Iroquois Gas Trans Co","Status":"Operating","Shape_Leng":0.00204958068884,"Shape__Length":299.798735969936}},{"type":"Feature","id":5836,"geometry":{"type":"LineString","coordinates":[[-75.3758769999999,43.61604],[-75.371755,43.610141]]},"properties":{"FID":5836,"TYPEPIPE":"Interstate","Operator":"Iroquois Gas Trans Co","Status":"Operating","Shape_Leng":0.00719646336751,"Shape__Length":1016.4557504287529}},{"type":"Feature","id":5837,"geometry":{"type":"LineString","coordinates":[[-75.377361,43.6193700000001],[-75.3758769999999,43.61604]]},"properties":{"FID":5837,"TYPEPIPE":"Interstate","Operator":"Iroquois Gas Trans Co","Status":"Operating","Shape_Leng":0.00364570377294,"Shape__Length":538.0266377082824}},{"type":"Feature","id":5838,"geometry":{"type":"LineString","coordinates":[[-75.375514,43.6240270000001],[-75.377361,43.6193700000001]]},"properties":{"FID":5838,"TYPEPIPE":"Interstate","Operator":"Iroquois Gas Trans Co","Status":"Operating","Shape_Leng":0.00500989600691,"Shape__Length":745.0623598971054}},{"type":"Feature","id":5839,"geometry":{"type":"LineString","coordinates":[[-75.3746639999999,43.625092],[-75.375514,43.6240270000001]]},"properties":{"FID":5839,"TYPEPIPE":"Interstate","Operator":"Iroquois Gas Trans Co","Status":"Operating","Shape_Leng":0.00136261696745,"Shape__Length":189.1470143269816}},{"type":"Feature","id":5840,"geometry":{"type":"LineString","coordinates":[[-75.376453,43.630611],[-75.3746639999999,43.625092]]},"properties":{"FID":5840,"TYPEPIPE":"Interstate","Operator":"Iroquois Gas Trans Co","Status":"Operating","Shape_Leng":0.00580171371235,"Shape__Length":871.8228190820306}},{"type":"Feature","id":5841,"geometry":{"type":"LineString","coordinates":[[-75.374267,43.6361010000001],[-75.376453,43.630611]]},"properties":{"FID":5841,"TYPEPIPE":"Interstate","Operator":"Iroquois Gas Trans Co","Status":"Operating","Shape_Leng":0.00590920434577,"Shape__Length":878.7548682184938}},{"type":"Feature","id":5842,"geometry":{"type":"LineString","coordinates":[[-75.374938,43.6370670000001],[-75.374267,43.6361010000001]]},"properties":{"FID":5842,"TYPEPIPE":"Interstate","Operator":"Iroquois Gas Trans Co","Status":"Operating","Shape_Leng":0.00117617898299,"Shape__Length":166.30240928317227}},{"type":"Feature","id":5843,"geometry":{"type":"LineString","coordinates":[[-75.374208,43.6374260000001],[-75.374938,43.6370670000001]]},"properties":{"FID":5843,"TYPEPIPE":"Interstate","Operator":"Iroquois Gas Trans Co","Status":"Operating","Shape_Leng":0.000813499231745,"Shape__Length":98.24924165588142}},{"type":"Feature","id":5844,"geometry":{"type":"LineString","coordinates":[[-75.374544,43.6383240000001],[-75.374208,43.6374260000001]]},"properties":{"FID":5844,"TYPEPIPE":"Interstate","Operator":"Iroquois Gas Trans Co","Status":"Operating","Shape_Leng":0.000958801335009,"Shape__Length":143.1019116910878}},{"type":"Feature","id":5845,"geometry":{"type":"LineString","coordinates":[[-75.374924,43.6399490000001],[-75.374544,43.6383240000001]]},"properties":{"FID":5845,"TYPEPIPE":"Interstate","Operator":"Iroquois Gas Trans Co","Status":"Operating","Shape_Leng":0.00166883941707,"Shape__Length":253.51134436766304}},{"type":"Feature","id":5846,"geometry":{"type":"LineString","coordinates":[[-75.374273,43.6404140000001],[-75.374924,43.6399490000001]]},"properties":{"FID":5846,"TYPEPIPE":"Interstate","Operator":"Iroquois Gas Trans Co","Status":"Operating","Shape_Leng":0.00080001624985,"Shape__Length":101.82303680600916}},{"type":"Feature","id":5847,"geometry":{"type":"LineString","coordinates":[[-75.374634,43.643938],[-75.374273,43.6404140000001]]},"properties":{"FID":5847,"TYPEPIPE":"Interstate","Operator":"Iroquois Gas Trans Co","Status":"Operating","Shape_Leng":0.00354244223662,"Shape__Length":543.5759283239825}},{"type":"Feature","id":5848,"geometry":{"type":"LineString","coordinates":[[-75.375122,43.6441810000001],[-75.374634,43.643938]]},"properties":{"FID":5848,"TYPEPIPE":"Interstate","Operator":"Iroquois Gas Trans Co","Status":"Operating","Shape_Leng":0.000545154106674,"Shape__Length":65.94275631814915}},{"type":"Feature","id":5849,"geometry":{"type":"LineString","coordinates":[[-75.3753,43.6453950000001],[-75.375122,43.6441810000001]]},"properties":{"FID":5849,"TYPEPIPE":"Interstate","Operator":"Iroquois Gas Trans Co","Status":"Operating","Shape_Leng":0.00122698003244,"Shape__Length":187.80305596209087}},{"type":"Feature","id":5850,"geometry":{"type":"LineString","coordinates":[[-75.3749329999999,43.6456830000001],[-75.3753,43.6453950000001]]},"properties":{"FID":5850,"TYPEPIPE":"Interstate","Operator":"Iroquois Gas Trans Co","Status":"Operating","Shape_Leng":0.000466511521868,"Shape__Length":60.265973082920276}},{"type":"Feature","id":5851,"geometry":{"type":"LineString","coordinates":[[-75.3762869999999,43.651079],[-75.3749329999999,43.6456830000001]]},"properties":{"FID":5851,"TYPEPIPE":"Interstate","Operator":"Iroquois Gas Trans Co","Status":"Operating","Shape_Leng":0.00556328428175,"Shape__Length":843.7119931486764}},{"type":"Feature","id":5852,"geometry":{"type":"LineString","coordinates":[[-75.3758139999999,43.679335],[-75.3762099999999,43.678744]]},"properties":{"FID":5852,"TYPEPIPE":"Interstate","Operator":"Iroquois Gas Trans Co","Status":"Operating","Shape_Leng":0.000711404947974,"Shape__Length":101.08627245348748}},{"type":"Feature","id":5853,"geometry":{"type":"LineString","coordinates":[[-75.375863,43.68046],[-75.3758139999999,43.679335]]},"properties":{"FID":5853,"TYPEPIPE":"Interstate","Operator":"Iroquois Gas Trans Co","Status":"Operating","Shape_Leng":0.00112606660549,"Shape__Length":173.25068698569473}},{"type":"Feature","id":5854,"geometry":{"type":"LineString","coordinates":[[-75.3754039999999,43.682487],[-75.375863,43.68046]]},"properties":{"FID":5854,"TYPEPIPE":"Interstate","Operator":"Iroquois Gas Trans Co","Status":"Operating","Shape_Leng":0.0020783190323,"Shape__Length":316.1687493717231}},{"type":"Feature","id":5855,"geometry":{"type":"LineString","coordinates":[[-75.373856,43.684283],[-75.3754039999999,43.682487]]},"properties":{"FID":5855,"TYPEPIPE":"Interstate","Operator":"Iroquois Gas Trans Co","Status":"Operating","Shape_Leng":0.00237105883519,"Shape__Length":325.77206717684277}},{"type":"Feature","id":5856,"geometry":{"type":"LineString","coordinates":[[-75.372041,43.6850640000001],[-75.373856,43.684283]]},"properties":{"FID":5856,"TYPEPIPE":"Interstate","Operator":"Iroquois Gas Trans Co","Status":"Operating","Shape_Leng":0.00197590131335,"Shape__Length":235.1085777492281}},{"type":"Feature","id":5857,"geometry":{"type":"LineString","coordinates":[[-75.372272,43.6865050000001],[-75.372041,43.6850640000001]]},"properties":{"FID":5857,"TYPEPIPE":"Interstate","Operator":"Iroquois Gas Trans Co","Status":"Operating","Shape_Leng":0.00145939782102,"Shape__Length":223.3121265116631}},{"type":"Feature","id":5858,"geometry":{"type":"LineString","coordinates":[[-75.3692609999999,43.6879450000001],[-75.372272,43.6865050000001]]},"properties":{"FID":5858,"TYPEPIPE":"Interstate","Operator":"Iroquois Gas Trans Co","Status":"Operating","Shape_Leng":0.00333762205771,"Shape__Length":401.85666292785714}},{"type":"Feature","id":5859,"geometry":{"type":"LineString","coordinates":[[-75.3653449999999,43.692574],[-75.3692609999999,43.6879450000001]]},"properties":{"FID":5859,"TYPEPIPE":"Interstate","Operator":"Iroquois Gas Trans Co","Status":"Operating","Shape_Leng":0.00606322496694,"Shape__Length":835.3957772807815}},{"type":"Feature","id":5860,"geometry":{"type":"LineString","coordinates":[[-75.3621869999999,43.696427],[-75.3653449999999,43.692574]]},"properties":{"FID":5860,"TYPEPIPE":"Interstate","Operator":"Iroquois Gas Trans Co","Status":"Operating","Shape_Leng":0.00498182426425,"Shape__Length":689.5569692128032}},{"type":"Feature","id":5861,"geometry":{"type":"LineString","coordinates":[[-75.3608649999999,43.699097],[-75.3621869999999,43.696427]]},"properties":{"FID":5861,"TYPEPIPE":"Interstate","Operator":"Iroquois Gas Trans Co","Status":"Operating","Shape_Leng":0.00297935966277,"Shape__Length":436.6471514586543}},{"type":"Feature","id":5862,"geometry":{"type":"LineString","coordinates":[[-75.360651,43.7041980000001],[-75.3608649999999,43.699097]]},"properties":{"FID":5862,"TYPEPIPE":"Interstate","Operator":"Iroquois Gas Trans Co","Status":"Operating","Shape_Leng":0.00510548695035,"Shape__Length":785.8136422666191}},{"type":"Feature","id":5863,"geometry":{"type":"LineString","coordinates":[[-75.3611079999999,43.7047820000001],[-75.360651,43.7041980000001]]},"properties":{"FID":5863,"TYPEPIPE":"Interstate","Operator":"Iroquois Gas Trans Co","Status":"Operating","Shape_Leng":0.000741555796949,"Shape__Length":103.32097091963725}},{"type":"Feature","id":5864,"geometry":{"type":"LineString","coordinates":[[-75.36317,43.7069770000001],[-75.3611079999999,43.7047820000001]]},"properties":{"FID":5864,"TYPEPIPE":"Interstate","Operator":"Iroquois Gas Trans Co","Status":"Operating","Shape_Leng":0.00301162232027,"Shape__Length":408.5827317123509}},{"type":"Feature","id":5865,"geometry":{"type":"LineString","coordinates":[[-75.363298,43.7080710000001],[-75.36317,43.7069770000001]]},"properties":{"FID":5865,"TYPEPIPE":"Interstate","Operator":"Iroquois Gas Trans Co","Status":"Operating","Shape_Leng":0.00110146266394,"Shape__Length":169.07223474030084}},{"type":"Feature","id":5866,"geometry":{"type":"LineString","coordinates":[[-75.3640829999999,43.7091800000001],[-75.363298,43.7080710000001]]},"properties":{"FID":5866,"TYPEPIPE":"Interstate","Operator":"Iroquois Gas Trans Co","Status":"Operating","Shape_Leng":0.00135871483391,"Shape__Length":191.84208580784625}},{"type":"Feature","id":5867,"geometry":{"type":"LineString","coordinates":[[-75.3614219999999,43.717089],[-75.3640829999999,43.7091800000001]]},"properties":{"FID":5867,"TYPEPIPE":"Interstate","Operator":"Iroquois Gas Trans Co","Status":"Operating","Shape_Leng":0.00834465110114,"Shape__Length":1253.5637047812759}},{"type":"Feature","id":5868,"geometry":{"type":"LineString","coordinates":[[-75.3596459999999,43.7187440000001],[-75.3614219999999,43.717089]]},"properties":{"FID":5868,"TYPEPIPE":"Interstate","Operator":"Iroquois Gas Trans Co","Status":"Operating","Shape_Leng":0.00242759160489,"Shape__Length":322.5892611267805}},{"type":"Feature","id":5869,"geometry":{"type":"LineString","coordinates":[[-75.351123,43.7249150000001],[-75.3596459999999,43.7187440000001]]},"properties":{"FID":5869,"TYPEPIPE":"Interstate","Operator":"Iroquois Gas Trans Co","Status":"Operating","Shape_Leng":0.010522488774,"Shape__Length":1343.0135904976407}},{"type":"Feature","id":5870,"geometry":{"type":"LineString","coordinates":[[-75.344211,43.728703],[-75.351123,43.7249150000001]]},"properties":{"FID":5870,"TYPEPIPE":"Interstate","Operator":"Iroquois Gas Trans Co","Status":"Operating","Shape_Leng":0.00788192159311,"Shape__Length":965.6789364827645}},{"type":"Feature","id":5871,"geometry":{"type":"LineString","coordinates":[[-75.34281,43.729479],[-75.344211,43.728703]]},"properties":{"FID":5871,"TYPEPIPE":"Interstate","Operator":"Iroquois Gas Trans Co","Status":"Operating","Shape_Leng":0.00160155455727,"Shape__Length":196.5036506867955}},{"type":"Feature","id":5872,"geometry":{"type":"LineString","coordinates":[[-75.344327,43.7406700000001],[-75.34281,43.729479]]},"properties":{"FID":5872,"TYPEPIPE":"Interstate","Operator":"Iroquois Gas Trans Co","Status":"Operating","Shape_Leng":0.0112933506986,"Shape__Length":1732.4031533323266}},{"type":"Feature","id":5873,"geometry":{"type":"LineString","coordinates":[[-75.3438879999999,43.7414420000001],[-75.344327,43.7406700000001]]},"properties":{"FID":5873,"TYPEPIPE":"Interstate","Operator":"Iroquois Gas Trans Co","Status":"Operating","Shape_Leng":0.000888090648526,"Shape__Length":128.59824663250694}},{"type":"Feature","id":5874,"geometry":{"type":"LineString","coordinates":[[-75.343867,43.742687],[-75.3438879999999,43.7414420000001]]},"properties":{"FID":5874,"TYPEPIPE":"Interstate","Operator":"Iroquois Gas Trans Co","Status":"Operating","Shape_Leng":0.00124517709582,"Shape__Length":191.84883311265784}},{"type":"Feature","id":5875,"geometry":{"type":"LineString","coordinates":[[-75.343984,43.7428640000001],[-75.343867,43.742687]]},"properties":{"FID":5875,"TYPEPIPE":"Interstate","Operator":"Iroquois Gas Trans Co","Status":"Operating","Shape_Leng":0.000212174456521,"Shape__Length":30.223526572963607}},{"type":"Feature","id":5876,"geometry":{"type":"LineString","coordinates":[[-75.34471,43.743482],[-75.343984,43.7428640000001]]},"properties":{"FID":5876,"TYPEPIPE":"Interstate","Operator":"Iroquois Gas Trans Co","Status":"Operating","Shape_Leng":0.000953414914897,"Shape__Length":124.897843216626}},{"type":"Feature","id":5877,"geometry":{"type":"LineString","coordinates":[[-75.345323,43.749328],[-75.34471,43.743482]]},"properties":{"FID":5877,"TYPEPIPE":"Interstate","Operator":"Iroquois Gas Trans Co","Status":"Operating","Shape_Leng":0.00587805112263,"Shape__Length":903.4212819128029}},{"type":"Feature","id":5878,"geometry":{"type":"LineString","coordinates":[[-75.345813,43.7562120000001],[-75.345323,43.749328]]},"properties":{"FID":5878,"TYPEPIPE":"Interstate","Operator":"Iroquois Gas Trans Co","Status":"Operating","Shape_Leng":0.00690141695597,"Shape__Length":1062.305372738734}},{"type":"Feature","id":5879,"geometry":{"type":"LineString","coordinates":[[-75.345926,43.7575380000001],[-75.345813,43.7562120000001]]},"properties":{"FID":5879,"TYPEPIPE":"Interstate","Operator":"Iroquois Gas Trans Co","Status":"Operating","Shape_Leng":0.00133080614667,"Shape__Length":204.75272569087656}},{"type":"Feature","id":5880,"geometry":{"type":"LineString","coordinates":[[-75.3447629999999,43.759235],[-75.345926,43.7575380000001]]},"properties":{"FID":5880,"TYPEPIPE":"Interstate","Operator":"Iroquois Gas Trans Co","Status":"Operating","Shape_Leng":0.00205727441047,"Shape__Length":291.8397844893237}},{"type":"Feature","id":5881,"geometry":{"type":"LineString","coordinates":[[-75.3439089999999,43.7625550000001],[-75.3447629999999,43.759235]]},"properties":{"FID":5881,"TYPEPIPE":"Interstate","Operator":"Iroquois Gas Trans Co","Status":"Operating","Shape_Leng":0.00342807759542,"Shape__Length":520.4756926388078}},{"type":"Feature","id":5882,"geometry":{"type":"LineString","coordinates":[[-75.34403,43.76414],[-75.3439089999999,43.7625550000001]]},"properties":{"FID":5882,"TYPEPIPE":"Interstate","Operator":"Iroquois Gas Trans Co","Status":"Operating","Shape_Leng":0.0015896119023,"Shape__Length":244.6810533154303}},{"type":"Feature","id":5883,"geometry":{"type":"LineString","coordinates":[[-75.346017,43.766844],[-75.34403,43.76414]]},"properties":{"FID":5883,"TYPEPIPE":"Interstate","Operator":"Iroquois Gas Trans Co","Status":"Operating","Shape_Leng":0.00335556031087,"Shape__Length":471.86153967952623}},{"type":"Feature","id":5884,"geometry":{"type":"LineString","coordinates":[[-75.3449889999999,43.7701260000001],[-75.346017,43.766844]]},"properties":{"FID":5884,"TYPEPIPE":"Interstate","Operator":"Iroquois Gas Trans Co","Status":"Operating","Shape_Leng":0.00343923072796,"Shape__Length":518.7078809335401}},{"type":"Feature","id":5885,"geometry":{"type":"LineString","coordinates":[[-75.341732,43.7798370000001],[-75.3449889999999,43.7701260000001]]},"properties":{"FID":5885,"TYPEPIPE":"Interstate","Operator":"Iroquois Gas Trans Co","Status":"Operating","Shape_Leng":0.0102426349149,"Shape__Length":1540.4100416198885}},{"type":"Feature","id":5886,"geometry":{"type":"LineString","coordinates":[[-75.340164,43.784185],[-75.341732,43.7798370000001]]},"properties":{"FID":5886,"TYPEPIPE":"Interstate","Operator":"Iroquois Gas Trans Co","Status":"Operating","Shape_Leng":0.00462209130157,"Shape__Length":692.7552720581753}},{"type":"Feature","id":5887,"geometry":{"type":"LineString","coordinates":[[-75.339492,43.7861270000001],[-75.340164,43.784185]]},"properties":{"FID":5887,"TYPEPIPE":"Interstate","Operator":"Iroquois Gas Trans Co","Status":"Operating","Shape_Leng":0.00205498126516,"Shape__Length":308.6493227230148}},{"type":"Feature","id":5888,"geometry":{"type":"LineString","coordinates":[[-75.337951,43.791301],[-75.339492,43.7861270000001]]},"properties":{"FID":5888,"TYPEPIPE":"Interstate","Operator":"Iroquois Gas Trans Co","Status":"Operating","Shape_Leng":0.00539860694989,"Shape__Length":816.0857185419064}},{"type":"Feature","id":5889,"geometry":{"type":"LineString","coordinates":[[-75.337545,43.7932910000001],[-75.337951,43.791301]]},"properties":{"FID":5889,"TYPEPIPE":"Interstate","Operator":"Iroquois Gas Trans Co","Status":"Operating","Shape_Leng":0.00203099384542,"Shape__Length":310.194971324398}},{"type":"Feature","id":5890,"geometry":{"type":"LineString","coordinates":[[-75.337125,43.798574],[-75.337545,43.7932910000001]]},"properties":{"FID":5890,"TYPEPIPE":"Interstate","Operator":"Iroquois Gas Trans Co","Status":"Operating","Shape_Leng":0.0052996687632,"Shape__Length":816.0996414765187}},{"type":"Feature","id":5891,"geometry":{"type":"LineString","coordinates":[[-75.3369059999999,43.8013920000001],[-75.337125,43.798574]]},"properties":{"FID":5891,"TYPEPIPE":"Interstate","Operator":"Iroquois Gas Trans Co","Status":"Operating","Shape_Leng":0.00282649694857,"Shape__Length":435.31261726756344}},{"type":"Feature","id":5892,"geometry":{"type":"LineString","coordinates":[[-75.336238,43.8021830000001],[-75.3369059999999,43.8013920000001]]},"properties":{"FID":5892,"TYPEPIPE":"Interstate","Operator":"Iroquois Gas Trans Co","Status":"Operating","Shape_Leng":0.00103532845027,"Shape__Length":142.87814029351583}},{"type":"Feature","id":5893,"geometry":{"type":"LineString","coordinates":[[-75.3360979999999,43.803389],[-75.336238,43.8021830000001]]},"properties":{"FID":5893,"TYPEPIPE":"Interstate","Operator":"Iroquois Gas Trans Co","Status":"Operating","Shape_Leng":0.00121409884274,"Shape__Length":186.66580448176583}},{"type":"Feature","id":5894,"geometry":{"type":"LineString","coordinates":[[-75.336688,43.8041040000001],[-75.3360979999999,43.803389]]},"properties":{"FID":5894,"TYPEPIPE":"Interstate","Operator":"Iroquois Gas Trans Co","Status":"Operating","Shape_Leng":0.00092699784254,"Shape__Length":128.35954064998003}},{"type":"Feature","id":5895,"geometry":{"type":"LineString","coordinates":[[-75.336875,43.804962],[-75.336688,43.8041040000001]]},"properties":{"FID":5895,"TYPEPIPE":"Interstate","Operator":"Iroquois Gas Trans Co","Status":"Operating","Shape_Leng":0.000878141788086,"Shape__Length":133.9694263874818}},{"type":"Feature","id":5896,"geometry":{"type":"LineString","coordinates":[[-75.33618,43.8139590000001],[-75.336875,43.804962]]},"properties":{"FID":5896,"TYPEPIPE":"Interstate","Operator":"Iroquois Gas Trans Co","Status":"Operating","Shape_Leng":0.00902380374346,"Shape__Length":1390.0119065922893}},{"type":"Feature","id":5897,"geometry":{"type":"LineString","coordinates":[[-75.336109,43.8183270000001],[-75.33618,43.8139590000001]]},"properties":{"FID":5897,"TYPEPIPE":"Interstate","Operator":"Iroquois Gas Trans Co","Status":"Operating","Shape_Leng":0.00436857699944,"Shape__Length":673.9196775482413}},{"type":"Feature","id":5898,"geometry":{"type":"LineString","coordinates":[[-75.3455319999999,43.8195010000001],[-75.336109,43.8183270000001]]},"properties":{"FID":5898,"TYPEPIPE":"Interstate","Operator":"Iroquois Gas Trans Co","Status":"Operating","Shape_Leng":0.00949585198913,"Shape__Length":1064.4865659170453}},{"type":"Feature","id":5899,"geometry":{"type":"LineString","coordinates":[[-75.347473,43.819354],[-75.3455319999999,43.8195010000001]]},"properties":{"FID":5899,"TYPEPIPE":"Interstate","Operator":"Iroquois Gas Trans Co","Status":"Operating","Shape_Leng":0.00194655850161,"Shape__Length":217.25814522700796}},{"type":"Feature","id":5900,"geometry":{"type":"LineString","coordinates":[[-75.359349,43.8185750000001],[-75.347473,43.819354]]},"properties":{"FID":5900,"TYPEPIPE":"Interstate","Operator":"Iroquois Gas Trans Co","Status":"Operating","Shape_Leng":0.0119015216254,"Shape__Length":1327.4820898422406}},{"type":"Feature","id":5901,"geometry":{"type":"LineString","coordinates":[[-75.361371,43.8192950000001],[-75.359349,43.8185750000001]]},"properties":{"FID":5901,"TYPEPIPE":"Interstate","Operator":"Iroquois Gas Trans Co","Status":"Operating","Shape_Leng":0.00214636529977,"Shape__Length":251.00616150327428}},{"type":"Feature","id":5902,"geometry":{"type":"LineString","coordinates":[[-75.3620339999999,43.820538],[-75.361371,43.8192950000001]]},"properties":{"FID":5902,"TYPEPIPE":"Interstate","Operator":"Iroquois Gas Trans Co","Status":"Operating","Shape_Leng":0.00140876470709,"Shape__Length":205.48766062216492}},{"type":"Feature","id":5903,"geometry":{"type":"LineString","coordinates":[[-75.3644439999999,43.8210990000001],[-75.3620339999999,43.820538]]},"properties":{"FID":5903,"TYPEPIPE":"Interstate","Operator":"Iroquois Gas Trans Co","Status":"Operating","Shape_Leng":0.00247443347051,"Shape__Length":281.89700915405086}},{"type":"Feature","id":5904,"geometry":{"type":"LineString","coordinates":[[-75.366844,43.821599],[-75.3644439999999,43.8210990000001]]},"properties":{"FID":5904,"TYPEPIPE":"Interstate","Operator":"Iroquois Gas Trans Co","Status":"Operating","Shape_Leng":0.00245153013445,"Shape__Length":278.08150079503497}},{"type":"Feature","id":5905,"geometry":{"type":"LineString","coordinates":[[-75.367067,43.822733],[-75.366844,43.821599]]},"properties":{"FID":5905,"TYPEPIPE":"Interstate","Operator":"Iroquois Gas Trans Co","Status":"Operating","Shape_Leng":0.00115571839129,"Shape__Length":176.71779947960587}},{"type":"Feature","id":5906,"geometry":{"type":"LineString","coordinates":[[-75.367284,43.8233230000001],[-75.367067,43.822733]]},"properties":{"FID":5906,"TYPEPIPE":"Interstate","Operator":"Iroquois Gas Trans Co","Status":"Operating","Shape_Leng":0.000628640596893,"Shape__Length":94.18329148984071}},{"type":"Feature","id":5907,"geometry":{"type":"LineString","coordinates":[[-75.3694849999999,43.82548],[-75.367284,43.8233230000001]]},"properties":{"FID":5907,"TYPEPIPE":"Interstate","Operator":"Iroquois Gas Trans Co","Status":"Operating","Shape_Leng":0.00308172841107,"Shape__Length":413.2787119498941}},{"type":"Feature","id":5908,"geometry":{"type":"LineString","coordinates":[[-75.372539,43.82856],[-75.3694849999999,43.82548]]},"properties":{"FID":5908,"TYPEPIPE":"Interstate","Operator":"Iroquois Gas Trans Co","Status":"Operating","Shape_Leng":0.00433743195914,"Shape__Length":584.3333489287107}},{"type":"Feature","id":5909,"geometry":{"type":"LineString","coordinates":[[-75.374937,43.8309340000001],[-75.372539,43.82856]]},"properties":{"FID":5909,"TYPEPIPE":"Interstate","Operator":"Iroquois Gas Trans Co","Status":"Operating","Shape_Leng":0.00337435623494,"Shape__Length":453.27540403354874}},{"type":"Feature","id":5910,"geometry":{"type":"LineString","coordinates":[[-75.37571,43.832024],[-75.374937,43.8309340000001]]},"properties":{"FID":5910,"TYPEPIPE":"Interstate","Operator":"Iroquois Gas Trans Co","Status":"Operating","Shape_Leng":0.00133627429816,"Shape__Length":188.9360778156021}},{"type":"Feature","id":5911,"geometry":{"type":"LineString","coordinates":[[-75.376347,43.834071],[-75.37571,43.832024]]},"properties":{"FID":5911,"TYPEPIPE":"Interstate","Operator":"Iroquois Gas Trans Co","Status":"Operating","Shape_Leng":0.00214382322032,"Shape__Length":323.75154346677243}},{"type":"Feature","id":5912,"geometry":{"type":"LineString","coordinates":[[-75.3767349999999,43.8348350000001],[-75.376347,43.834071]]},"properties":{"FID":5912,"TYPEPIPE":"Interstate","Operator":"Iroquois Gas Trans Co","Status":"Operating","Shape_Leng":0.000856878054332,"Shape__Length":125.5646982099125}},{"type":"Feature","id":5913,"geometry":{"type":"LineString","coordinates":[[-75.3773629999999,43.835761],[-75.3767349999999,43.8348350000001]]},"properties":{"FID":5913,"TYPEPIPE":"Interstate","Operator":"Iroquois Gas Trans Co","Status":"Operating","Shape_Leng":0.00111886549683,"Shape__Length":159.0877794750132}},{"type":"Feature","id":5914,"geometry":{"type":"LineString","coordinates":[[-75.378166,43.836622],[-75.3773629999999,43.835761]]},"properties":{"FID":5914,"TYPEPIPE":"Interstate","Operator":"Iroquois Gas Trans Co","Status":"Operating","Shape_Leng":0.00117734022271,"Shape__Length":160.14483825004038}},{"type":"Feature","id":5915,"geometry":{"type":"LineString","coordinates":[[-75.379138,43.8369870000001],[-75.378166,43.836622]]},"properties":{"FID":5915,"TYPEPIPE":"Interstate","Operator":"Iroquois Gas Trans Co","Status":"Operating","Shape_Leng":0.00103827212233,"Shape__Length":121.98707366511547}},{"type":"Feature","id":5916,"geometry":{"type":"LineString","coordinates":[[-75.381024,43.837022],[-75.379138,43.8369870000001]]},"properties":{"FID":5916,"TYPEPIPE":"Interstate","Operator":"Iroquois Gas Trans Co","Status":"Operating","Shape_Leng":0.00188632473346,"Shape__Length":210.01803265816656}},{"type":"Feature","id":5917,"geometry":{"type":"LineString","coordinates":[[-75.382127,43.837387],[-75.381024,43.837022]]},"properties":{"FID":5917,"TYPEPIPE":"Interstate","Operator":"Iroquois Gas Trans Co","Status":"Operating","Shape_Leng":0.00116182356664,"Shape__Length":135.09016238401364}},{"type":"Feature","id":5918,"geometry":{"type":"LineString","coordinates":[[-75.382911,43.83865],[-75.382127,43.837387]]},"properties":{"FID":5918,"TYPEPIPE":"Interstate","Operator":"Iroquois Gas Trans Co","Status":"Operating","Shape_Leng":0.0014865480147,"Shape__Length":213.56719512762885}},{"type":"Feature","id":5919,"geometry":{"type":"LineString","coordinates":[[-75.3844349999999,43.840401],[-75.382911,43.83865]]},"properties":{"FID":5919,"TYPEPIPE":"Interstate","Operator":"Iroquois Gas Trans Co","Status":"Operating","Shape_Leng":0.00232133086826,"Shape__Length":319.07969826825394}},{"type":"Feature","id":5920,"geometry":{"type":"LineString","coordinates":[[-75.3854209999999,43.841523],[-75.3844349999999,43.840401]]},"properties":{"FID":5920,"TYPEPIPE":"Interstate","Operator":"Iroquois Gas Trans Co","Status":"Operating","Shape_Leng":0.0014936800193,"Shape__Length":205.02398883721767}},{"type":"Feature","id":5921,"geometry":{"type":"LineString","coordinates":[[-75.386592,43.843712],[-75.3854209999999,43.841523]]},"properties":{"FID":5921,"TYPEPIPE":"Interstate","Operator":"Iroquois Gas Trans Co","Status":"Operating","Shape_Leng":0.00248253136938,"Shape__Length":362.1331199820096}},{"type":"Feature","id":5922,"geometry":{"type":"LineString","coordinates":[[-75.3867759999999,43.8447420000001],[-75.386592,43.843712]]},"properties":{"FID":5922,"TYPEPIPE":"Interstate","Operator":"Iroquois Gas Trans Co","Status":"Operating","Shape_Leng":0.00104630588263,"Shape__Length":160.2921419398632}},{"type":"Feature","id":5923,"geometry":{"type":"LineString","coordinates":[[-75.387305,43.846032],[-75.3867759999999,43.8447420000001]]},"properties":{"FID":5923,"TYPEPIPE":"Interstate","Operator":"Iroquois Gas Trans Co","Status":"Operating","Shape_Leng":0.0013942528465,"Shape__Length":207.63794527182472}},{"type":"Feature","id":5924,"geometry":{"type":"LineString","coordinates":[[-75.388029,43.847669],[-75.387305,43.846032]]},"properties":{"FID":5924,"TYPEPIPE":"Interstate","Operator":"Iroquois Gas Trans Co","Status":"Operating","Shape_Leng":0.0017899567034,"Shape__Length":265.2204288883016}},{"type":"Feature","id":5925,"geometry":{"type":"LineString","coordinates":[[-75.387703,43.848893],[-75.388029,43.847669]]},"properties":{"FID":5925,"TYPEPIPE":"Interstate","Operator":"Iroquois Gas Trans Co","Status":"Operating","Shape_Leng":0.00126666964909,"Shape__Length":192.3880557846267}},{"type":"Feature","id":5926,"geometry":{"type":"LineString","coordinates":[[-75.3869359999999,43.8518080000001],[-75.387703,43.848893]]},"properties":{"FID":5926,"TYPEPIPE":"Interstate","Operator":"Iroquois Gas Trans Co","Status":"Operating","Shape_Leng":0.00301421863843,"Shape__Length":457.99857959050235}},{"type":"Feature","id":5927,"geometry":{"type":"LineString","coordinates":[[-75.385669,43.8558370000001],[-75.3869359999999,43.8518080000001]]},"properties":{"FID":5927,"TYPEPIPE":"Interstate","Operator":"Iroquois Gas Trans Co","Status":"Operating","Shape_Leng":0.00422352104292,"Shape__Length":637.7580668280568}},{"type":"Feature","id":5928,"geometry":{"type":"LineString","coordinates":[[-75.384517,43.8602770000001],[-75.385669,43.8558370000001]]},"properties":{"FID":5928,"TYPEPIPE":"Interstate","Operator":"Iroquois Gas Trans Co","Status":"Operating","Shape_Leng":0.00458701471546,"Shape__Length":697.3552055576897}},{"type":"Feature","id":5929,"geometry":{"type":"LineString","coordinates":[[-75.384405,43.8605640000001],[-75.384517,43.8602770000001]]},"properties":{"FID":5929,"TYPEPIPE":"Interstate","Operator":"Iroquois Gas Trans Co","Status":"Operating","Shape_Leng":0.000308079535199,"Shape__Length":46.030470147742754}},{"type":"Feature","id":5930,"geometry":{"type":"LineString","coordinates":[[-75.384021,43.862106],[-75.384405,43.8605640000001]]},"properties":{"FID":5930,"TYPEPIPE":"Interstate","Operator":"Iroquois Gas Trans Co","Status":"Operating","Shape_Leng":0.00158909408152,"Shape__Length":241.8795577760059}},{"type":"Feature","id":5931,"geometry":{"type":"LineString","coordinates":[[-75.38377,43.863611],[-75.384021,43.862106]]},"properties":{"FID":5931,"TYPEPIPE":"Interstate","Operator":"Iroquois Gas Trans Co","Status":"Operating","Shape_Leng":0.00152578701005,"Shape__Length":234.03966913917688}},{"type":"Feature","id":5932,"geometry":{"type":"LineString","coordinates":[[-75.3837119999999,43.865623],[-75.38377,43.863611]]},"properties":{"FID":5932,"TYPEPIPE":"Interstate","Operator":"Iroquois Gas Trans Co","Status":"Operating","Shape_Leng":0.00201283581047,"Shape__Length":310.72073842515084}},{"type":"Feature","id":5933,"geometry":{"type":"LineString","coordinates":[[-75.382618,43.86803],[-75.3837119999999,43.865623]]},"properties":{"FID":5933,"TYPEPIPE":"Interstate","Operator":"Iroquois Gas Trans Co","Status":"Operating","Shape_Leng":0.0026439525336,"Shape__Length":391.0998671583229}},{"type":"Feature","id":5934,"geometry":{"type":"LineString","coordinates":[[-75.380531,43.872287],[-75.382618,43.86803]]},"properties":{"FID":5934,"TYPEPIPE":"Interstate","Operator":"Iroquois Gas Trans Co","Status":"Operating","Shape_Leng":0.00474105663329,"Shape__Length":697.1908549547987}},{"type":"Feature","id":5935,"geometry":{"type":"LineString","coordinates":[[-75.379466,43.8744560000001],[-75.380531,43.872287]]},"properties":{"FID":5935,"TYPEPIPE":"Interstate","Operator":"Iroquois Gas Trans Co","Status":"Operating","Shape_Leng":0.0024163580033,"Shape__Length":355.3063994241499}},{"type":"Feature","id":5936,"geometry":{"type":"LineString","coordinates":[[-73.813461,42.24812],[-73.821609,42.2569950000001]]},"properties":{"FID":5936,"TYPEPIPE":"Interstate","Operator":"Iroquois Gas Trans Co","Status":"Operating","Shape_Leng":0.0120480508382,"Shape__Length":1613.766704112003}},{"type":"Feature","id":5937,"geometry":{"type":"LineString","coordinates":[[-73.824394,42.2596540000001],[-73.813461,42.24812]]},"properties":{"FID":5937,"TYPEPIPE":"Interstate","Operator":"Iroquois Gas Trans Co","Status":"Operating","Shape_Leng":0.0158922510992,"Shape__Length":2119.0384298639615}},{"type":"Feature","id":5938,"geometry":{"type":"LineString","coordinates":[[-73.827486,42.2627570000001],[-73.824394,42.2596540000001]]},"properties":{"FID":5938,"TYPEPIPE":"Interstate","Operator":"Iroquois Gas Trans Co","Status":"Operating","Shape_Leng":0.004380533415,"Shape__Length":579.9268699995066}},{"type":"Feature","id":5939,"geometry":{"type":"LineString","coordinates":[[-73.827443,42.2652110000001],[-73.827486,42.2627570000001]]},"properties":{"FID":5939,"TYPEPIPE":"Interstate","Operator":"Iroquois Gas Trans Co","Status":"Operating","Shape_Leng":0.00245437670295,"Shape__Length":369.16359721343343}},{"type":"Feature","id":5940,"geometry":{"type":"LineString","coordinates":[[-73.8279699999999,42.267274],[-73.827443,42.2652110000001]]},"properties":{"FID":5940,"TYPEPIPE":"Interstate","Operator":"Iroquois Gas Trans Co","Status":"Operating","Shape_Leng":0.0021292482241,"Shape__Length":315.82560547159744}},{"type":"Feature","id":5941,"geometry":{"type":"LineString","coordinates":[[-73.8305139999999,42.27047],[-73.8279699999999,42.267274]]},"properties":{"FID":5941,"TYPEPIPE":"Interstate","Operator":"Iroquois Gas Trans Co","Status":"Operating","Shape_Leng":0.00408489314426,"Shape__Length":557.9890651001604}},{"type":"Feature","id":5942,"geometry":{"type":"LineString","coordinates":[[-73.834507,42.2730680000001],[-73.8305139999999,42.27047]]},"properties":{"FID":5942,"TYPEPIPE":"Interstate","Operator":"Iroquois Gas Trans Co","Status":"Operating","Shape_Leng":0.00476378557457,"Shape__Length":591.8919932706559}},{"type":"Feature","id":5943,"geometry":{"type":"LineString","coordinates":[[-73.8364309999999,42.273492],[-73.834507,42.2730680000001]]},"properties":{"FID":5943,"TYPEPIPE":"Interstate","Operator":"Iroquois Gas Trans Co","Status":"Operating","Shape_Leng":0.00197016547525,"Shape__Length":223.47572693278724}},{"type":"Feature","id":5944,"geometry":{"type":"LineString","coordinates":[[-73.83727,42.274682],[-73.8364309999999,42.273492]]},"properties":{"FID":5944,"TYPEPIPE":"Interstate","Operator":"Iroquois Gas Trans Co","Status":"Operating","Shape_Leng":0.0014560291893,"Shape__Length":201.92705882547165}},{"type":"Feature","id":5945,"geometry":{"type":"LineString","coordinates":[[-73.838335,42.275092],[-73.83727,42.274682]]},"properties":{"FID":5945,"TYPEPIPE":"Interstate","Operator":"Iroquois Gas Trans Co","Status":"Operating","Shape_Leng":0.00114119454956,"Shape__Length":133.64192517886968}},{"type":"Feature","id":5946,"geometry":{"type":"LineString","coordinates":[[-73.8393569999999,42.2752100000001],[-73.838335,42.275092]]},"properties":{"FID":5946,"TYPEPIPE":"Interstate","Operator":"Iroquois Gas Trans Co","Status":"Operating","Shape_Leng":0.00102878958002,"Shape__Length":115.14528991395777}},{"type":"Feature","id":5947,"geometry":{"type":"LineString","coordinates":[[-73.8407129999999,42.275428],[-73.8393569999999,42.2752100000001]]},"properties":{"FID":5947,"TYPEPIPE":"Interstate","Operator":"Iroquois Gas Trans Co","Status":"Operating","Shape_Leng":0.00137341181004,"Shape__Length":154.47120786834634}},{"type":"Feature","id":5948,"geometry":{"type":"LineString","coordinates":[[-73.844374,42.2771980000001],[-73.8407129999999,42.275428]]},"properties":{"FID":5948,"TYPEPIPE":"Interstate","Operator":"Iroquois Gas Trans Co","Status":"Operating","Shape_Leng":0.00406642607215,"Shape__Length":486.82994219846006}},{"type":"Feature","id":5949,"geometry":{"type":"LineString","coordinates":[[-73.8475359999999,42.278869],[-73.844374,42.2771980000001]]},"properties":{"FID":5949,"TYPEPIPE":"Interstate","Operator":"Iroquois Gas Trans Co","Status":"Operating","Shape_Leng":0.00357637875508,"Shape__Length":432.55645010206047}},{"type":"Feature","id":5950,"geometry":{"type":"LineString","coordinates":[[-73.84948,42.2795180000001],[-73.8475359999999,42.278869]]},"properties":{"FID":5950,"TYPEPIPE":"Interstate","Operator":"Iroquois Gas Trans Co","Status":"Operating","Shape_Leng":0.00204947237116,"Shape__Length":237.41530884297586}},{"type":"Feature","id":5951,"geometry":{"type":"LineString","coordinates":[[-73.85,42.2851390000001],[-73.84948,42.2795180000001]]},"properties":{"FID":5951,"TYPEPIPE":"Interstate","Operator":"Iroquois Gas Trans Co","Status":"Operating","Shape_Leng":0.0056450014172,"Shape__Length":847.7398894812069}},{"type":"Feature","id":5952,"geometry":{"type":"LineString","coordinates":[[-73.850267,42.2859020000001],[-73.85,42.2851390000001]]},"properties":{"FID":5952,"TYPEPIPE":"Interstate","Operator":"Iroquois Gas Trans Co","Status":"Operating","Shape_Leng":0.000808367490696,"Shape__Length":118.59516820956023}},{"type":"Feature","id":5953,"geometry":{"type":"LineString","coordinates":[[-73.852633,42.2885200000001],[-73.850267,42.2859020000001]]},"properties":{"FID":5953,"TYPEPIPE":"Interstate","Operator":"Iroquois Gas Trans Co","Status":"Operating","Shape_Leng":0.0035287221483,"Shape__Length":473.8819077943875}},{"type":"Feature","id":5954,"geometry":{"type":"LineString","coordinates":[[-73.856985,42.289695],[-73.852633,42.2885200000001]]},"properties":{"FID":5954,"TYPEPIPE":"Interstate","Operator":"Iroquois Gas Trans Co","Status":"Operating","Shape_Leng":0.00450782974388,"Shape__Length":515.7202158095963}},{"type":"Feature","id":5955,"geometry":{"type":"LineString","coordinates":[[-73.8622359999999,42.2913730000001],[-73.856985,42.289695]]},"properties":{"FID":5955,"TYPEPIPE":"Interstate","Operator":"Iroquois Gas Trans Co","Status":"Operating","Shape_Leng":0.00551259330986,"Shape__Length":636.7479459352513}},{"type":"Feature","id":5956,"geometry":{"type":"LineString","coordinates":[[-73.864302,42.2932440000001],[-73.8622359999999,42.2913730000001]]},"properties":{"FID":5956,"TYPEPIPE":"Interstate","Operator":"Iroquois Gas Trans Co","Status":"Operating","Shape_Leng":0.00278729205503,"Shape__Length":363.55433800401994}},{"type":"Feature","id":5957,"geometry":{"type":"LineString","coordinates":[[-73.868796,42.297336],[-73.864302,42.2932440000001]]},"properties":{"FID":5957,"TYPEPIPE":"Interstate","Operator":"Iroquois Gas Trans Co","Status":"Operating","Shape_Leng":0.00607786969257,"Shape__Length":793.4189138460333}},{"type":"Feature","id":5958,"geometry":{"type":"LineString","coordinates":[[-73.880348,42.300241],[-73.868796,42.297336]]},"properties":{"FID":5958,"TYPEPIPE":"Interstate","Operator":"Iroquois Gas Trans Co","Status":"Operating","Shape_Leng":0.0119116635698,"Shape__Length":1358.2547972713}},{"type":"Feature","id":5959,"geometry":{"type":"LineString","coordinates":[[-73.88156,42.3004010000001],[-73.880348,42.300241]]},"properties":{"FID":5959,"TYPEPIPE":"Interstate","Operator":"Iroquois Gas Trans Co","Status":"Operating","Shape_Leng":0.00122251543959,"Shape__Length":137.05145461431664}},{"type":"Feature","id":5960,"geometry":{"type":"LineString","coordinates":[[-73.8881739999999,42.3040560000001],[-73.88156,42.3004010000001]]},"properties":{"FID":5960,"TYPEPIPE":"Interstate","Operator":"Iroquois Gas Trans Co","Status":"Operating","Shape_Leng":0.00755672025414,"Shape__Length":919.0882337052683}},{"type":"Feature","id":5961,"geometry":{"type":"LineString","coordinates":[[-73.887981,42.304675],[-73.8881739999999,42.3040560000001]]},"properties":{"FID":5961,"TYPEPIPE":"Interstate","Operator":"Iroquois Gas Trans Co","Status":"Operating","Shape_Leng":0.000648390314512,"Shape__Length":95.6152089542446}},{"type":"Feature","id":5962,"geometry":{"type":"LineString","coordinates":[[-73.89091,42.306364],[-73.887981,42.304675]]},"properties":{"FID":5962,"TYPEPIPE":"Interstate","Operator":"Iroquois Gas Trans Co","Status":"Operating","Shape_Leng":0.00338108887786,"Shape__Length":413.4534043117162}},{"type":"Feature","id":5963,"geometry":{"type":"LineString","coordinates":[[-73.889845,42.3095250000001],[-73.89091,42.306364]]},"properties":{"FID":5963,"TYPEPIPE":"Interstate","Operator":"Iroquois Gas Trans Co","Status":"Operating","Shape_Leng":0.0033355878043,"Shape__Length":490.3594231373052}},{"type":"Feature","id":5964,"geometry":{"type":"LineString","coordinates":[[-73.8898859999999,42.310228],[-73.889845,42.3095250000001]]},"properties":{"FID":5964,"TYPEPIPE":"Interstate","Operator":"Iroquois Gas Trans Co","Status":"Operating","Shape_Leng":0.000704194575368,"Shape__Length":105.92124104637541}},{"type":"Feature","id":5965,"geometry":{"type":"LineString","coordinates":[[-73.8904459999999,42.312196],[-73.8898859999999,42.310228]]},"properties":{"FID":5965,"TYPEPIPE":"Interstate","Operator":"Iroquois Gas Trans Co","Status":"Operating","Shape_Leng":0.00204612414089,"Shape__Length":302.7379325408528}},{"type":"Feature","id":5966,"geometry":{"type":"LineString","coordinates":[[-73.890842,42.3128340000001],[-73.8904459999999,42.312196]]},"properties":{"FID":5966,"TYPEPIPE":"Interstate","Operator":"Iroquois Gas Trans Co","Status":"Operating","Shape_Leng":0.000750906119343,"Shape__Length":105.6759841699279}},{"type":"Feature","id":5967,"geometry":{"type":"LineString","coordinates":[[-73.8930359999999,42.3149310000001],[-73.890842,42.3128340000001]]},"properties":{"FID":5967,"TYPEPIPE":"Interstate","Operator":"Iroquois Gas Trans Co","Status":"Operating","Shape_Leng":0.00303497034579,"Shape__Length":399.1316091070829}},{"type":"Feature","id":5968,"geometry":{"type":"LineString","coordinates":[[-73.8955319999999,42.31683],[-73.8930359999999,42.3149310000001]]},"properties":{"FID":5968,"TYPEPIPE":"Interstate","Operator":"Iroquois Gas Trans Co","Status":"Operating","Shape_Leng":0.00313627438212,"Shape__Length":398.6633587723727}},{"type":"Feature","id":5969,"geometry":{"type":"LineString","coordinates":[[-73.896441,42.317914],[-73.8955319999999,42.31683]]},"properties":{"FID":5969,"TYPEPIPE":"Interstate","Operator":"Iroquois Gas Trans Co","Status":"Operating","Shape_Leng":0.0014146861843,"Shape__Length":192.02005687685008}},{"type":"Feature","id":5970,"geometry":{"type":"LineString","coordinates":[[-73.8998,42.32005],[-73.896441,42.317914]]},"properties":{"FID":5970,"TYPEPIPE":"Interstate","Operator":"Iroquois Gas Trans Co","Status":"Operating","Shape_Leng":0.00398062520215,"Shape__Length":493.18467121013606}},{"type":"Feature","id":5971,"geometry":{"type":"LineString","coordinates":[[-73.900708,42.3209220000001],[-73.8998,42.32005]]},"properties":{"FID":5971,"TYPEPIPE":"Interstate","Operator":"Iroquois Gas Trans Co","Status":"Operating","Shape_Leng":0.00125890746284,"Shape__Length":165.68776536075626}},{"type":"Feature","id":5972,"geometry":{"type":"LineString","coordinates":[[-73.903995,42.3249660000001],[-73.900708,42.3209220000001]]},"properties":{"FID":5972,"TYPEPIPE":"Interstate","Operator":"Iroquois Gas Trans Co","Status":"Operating","Shape_Leng":0.00521136306547,"Shape__Length":710.3606997132792}},{"type":"Feature","id":5973,"geometry":{"type":"LineString","coordinates":[[-73.906956,42.328381],[-73.903995,42.3249660000001]]},"properties":{"FID":5973,"TYPEPIPE":"Interstate","Operator":"Iroquois Gas Trans Co","Status":"Operating","Shape_Leng":0.00451992765428,"Shape__Length":610.7761326586843}},{"type":"Feature","id":5974,"geometry":{"type":"LineString","coordinates":[[-73.9100579999999,42.333269],[-73.906956,42.328381]]},"properties":{"FID":5974,"TYPEPIPE":"Interstate","Operator":"Iroquois Gas Trans Co","Status":"Operating","Shape_Leng":0.00578920961787,"Shape__Length":813.0143755585126}},{"type":"Feature","id":5975,"geometry":{"type":"LineString","coordinates":[[-73.9126929999999,42.3343340000001],[-73.9100579999999,42.333269]]},"properties":{"FID":5975,"TYPEPIPE":"Interstate","Operator":"Iroquois Gas Trans Co","Status":"Operating","Shape_Leng":0.00284208550189,"Shape__Length":334.30682635502905}},{"type":"Feature","id":5976,"geometry":{"type":"LineString","coordinates":[[-73.913111,42.335762],[-73.9126929999999,42.3343340000001]]},"properties":{"FID":5976,"TYPEPIPE":"Interstate","Operator":"Iroquois Gas Trans Co","Status":"Operating","Shape_Leng":0.0014879206968,"Shape__Length":220.02011927030736}},{"type":"Feature","id":5977,"geometry":{"type":"LineString","coordinates":[[-73.912964,42.3365040000001],[-73.913111,42.335762]]},"properties":{"FID":5977,"TYPEPIPE":"Interstate","Operator":"Iroquois Gas Trans Co","Status":"Operating","Shape_Leng":0.00075642117897,"Shape__Length":112.93203688128804}},{"type":"Feature","id":5978,"geometry":{"type":"LineString","coordinates":[[-73.916685,42.345855],[-73.912964,42.3365040000001]]},"properties":{"FID":5978,"TYPEPIPE":"Interstate","Operator":"Iroquois Gas Trans Co","Status":"Operating","Shape_Leng":0.0100641463622,"Shape__Length":1467.9631372215276}},{"type":"Feature","id":5979,"geometry":{"type":"LineString","coordinates":[[-73.918215,42.3494860000001],[-73.916685,42.345855]]},"properties":{"FID":5979,"TYPEPIPE":"Interstate","Operator":"Iroquois Gas Trans Co","Status":"Operating","Shape_Leng":0.00394018540177,"Shape__Length":572.8113569850395}},{"type":"Feature","id":5980,"geometry":{"type":"LineString","coordinates":[[-73.919426,42.352328],[-73.918215,42.3494860000001]]},"properties":{"FID":5980,"TYPEPIPE":"Interstate","Operator":"Iroquois Gas Trans Co","Status":"Operating","Shape_Leng":0.00308925314598,"Shape__Length":448.8109151606755}},{"type":"Feature","id":5981,"geometry":{"type":"LineString","coordinates":[[-73.9204769999999,42.354271],[-73.919426,42.352328]]},"properties":{"FID":5981,"TYPEPIPE":"Interstate","Operator":"Iroquois Gas Trans Co","Status":"Operating","Shape_Leng":0.00220903825224,"Shape__Length":315.2004352020309}},{"type":"Feature","id":5982,"geometry":{"type":"LineString","coordinates":[[-73.921399,42.3563330000001],[-73.9204769999999,42.354271]]},"properties":{"FID":5982,"TYPEPIPE":"Interstate","Operator":"Iroquois Gas Trans Co","Status":"Operating","Shape_Leng":0.00225874478419,"Shape__Length":327.13568715756276}},{"type":"Feature","id":5983,"geometry":{"type":"LineString","coordinates":[[-73.923173,42.3589830000001],[-73.921399,42.3563330000001]]},"properties":{"FID":5983,"TYPEPIPE":"Interstate","Operator":"Iroquois Gas Trans Co","Status":"Operating","Shape_Leng":0.00318897726554,"Shape__Length":445.3832583037325}},{"type":"Feature","id":5984,"geometry":{"type":"LineString","coordinates":[[-73.923527,42.3609470000001],[-73.923173,42.3589830000001]]},"properties":{"FID":5984,"TYPEPIPE":"Interstate","Operator":"Iroquois Gas Trans Co","Status":"Operating","Shape_Leng":0.00199564826559,"Shape__Length":298.4899655701934}},{"type":"Feature","id":5985,"geometry":{"type":"LineString","coordinates":[[-73.923936,42.363571],[-73.923527,42.3609470000001]]},"properties":{"FID":5985,"TYPEPIPE":"Interstate","Operator":"Iroquois Gas Trans Co","Status":"Operating","Shape_Leng":0.00265568390435,"Shape__Length":397.93410691868326}},{"type":"Feature","id":5986,"geometry":{"type":"LineString","coordinates":[[-73.922899,42.365827],[-73.923936,42.363571]]},"properties":{"FID":5986,"TYPEPIPE":"Interstate","Operator":"Iroquois Gas Trans Co","Status":"Operating","Shape_Leng":0.00248292267297,"Shape__Length":358.96111175805396}},{"type":"Feature","id":5987,"geometry":{"type":"LineString","coordinates":[[-73.923218,42.366787],[-73.922899,42.365827]]},"properties":{"FID":5987,"TYPEPIPE":"Interstate","Operator":"Iroquois Gas Trans Co","Status":"Operating","Shape_Leng":0.00101161306834,"Shape__Length":148.93434774654094}},{"type":"Feature","id":5988,"geometry":{"type":"LineString","coordinates":[[-73.9246909999999,42.3677890000001],[-73.923218,42.366787]]},"properties":{"FID":5988,"TYPEPIPE":"Interstate","Operator":"Iroquois Gas Trans Co","Status":"Operating","Shape_Leng":0.00178149740387,"Shape__Length":222.88797750499367}},{"type":"Feature","id":5989,"geometry":{"type":"LineString","coordinates":[[-73.9241299999999,42.371763],[-73.9246909999999,42.3677890000001]]},"properties":{"FID":5989,"TYPEPIPE":"Interstate","Operator":"Iroquois Gas Trans Co","Status":"Operating","Shape_Leng":0.00401340217269,"Shape__Length":602.0257442255754}},{"type":"Feature","id":5990,"geometry":{"type":"LineString","coordinates":[[-73.924859,42.372413],[-73.9241299999999,42.371763]]},"properties":{"FID":5990,"TYPEPIPE":"Interstate","Operator":"Iroquois Gas Trans Co","Status":"Operating","Shape_Leng":0.000976699032487,"Shape__Length":127.19351869073974}},{"type":"Feature","id":5991,"geometry":{"type":"LineString","coordinates":[[-73.92895,42.375934],[-73.924859,42.372413]]},"properties":{"FID":5991,"TYPEPIPE":"Interstate","Operator":"Iroquois Gas Trans Co","Status":"Operating","Shape_Leng":0.00539756630344,"Shape__Length":699.2068099509775}},{"type":"Feature","id":5992,"geometry":{"type":"LineString","coordinates":[[-73.9310369999999,42.378584],[-73.92895,42.375934]]},"properties":{"FID":5992,"TYPEPIPE":"Interstate","Operator":"Iroquois Gas Trans Co","Status":"Operating","Shape_Leng":0.00337313933894,"Shape__Length":461.99719890019117}},{"type":"Feature","id":5993,"geometry":{"type":"LineString","coordinates":[[-73.935121,42.3834440000001],[-73.9310369999999,42.378584]]},"properties":{"FID":5993,"TYPEPIPE":"Interstate","Operator":"Iroquois Gas Trans Co","Status":"Operating","Shape_Leng":0.00634812224208,"Shape__Length":862.0358812552403}},{"type":"Feature","id":5994,"geometry":{"type":"LineString","coordinates":[[-73.9357679999999,42.384377],[-73.935121,42.3834440000001]]},"properties":{"FID":5994,"TYPEPIPE":"Interstate","Operator":"Iroquois Gas Trans Co","Status":"Operating","Shape_Leng":0.00113538451632,"Shape__Length":157.98318072423388}},{"type":"Feature","id":5995,"geometry":{"type":"LineString","coordinates":[[-73.9361689999999,42.38534],[-73.9357679999999,42.384377]]},"properties":{"FID":5995,"TYPEPIPE":"Interstate","Operator":"Iroquois Gas Trans Co","Status":"Operating","Shape_Leng":0.0010431538717,"Shape__Length":151.84354837925136}},{"type":"Feature","id":5996,"geometry":{"type":"LineString","coordinates":[[-73.955167,42.411052],[-73.953362,42.40941]]},"properties":{"FID":5996,"TYPEPIPE":"Interstate","Operator":"Iroquois Gas Trans Co","Status":"Operating","Shape_Leng":0.00244012069373,"Shape__Length":318.8454981332156}},{"type":"Feature","id":5997,"geometry":{"type":"LineString","coordinates":[[-73.9566139999999,42.412825],[-73.955167,42.411052]]},"properties":{"FID":5997,"TYPEPIPE":"Interstate","Operator":"Iroquois Gas Trans Co","Status":"Operating","Shape_Leng":0.00228852310454,"Shape__Length":312.103824423814}},{"type":"Feature","id":5998,"geometry":{"type":"LineString","coordinates":[[-73.957362,42.4156290000001],[-73.9566139999999,42.412825]]},"properties":{"FID":5998,"TYPEPIPE":"Interstate","Operator":"Iroquois Gas Trans Co","Status":"Operating","Shape_Leng":0.00290205444474,"Shape__Length":430.91038963178016}},{"type":"Feature","id":5999,"geometry":{"type":"LineString","coordinates":[[-73.959246,42.417645],[-73.957362,42.4156290000001]]},"properties":{"FID":5999,"TYPEPIPE":"Interstate","Operator":"Iroquois Gas Trans Co","Status":"Operating","Shape_Leng":0.00275929556223,"Shape__Length":369.31296899045554}},{"type":"Feature","id":6000,"geometry":{"type":"LineString","coordinates":[[-73.961372,42.4199150000001],[-73.959246,42.417645]]},"properties":{"FID":6000,"TYPEPIPE":"Interstate","Operator":"Iroquois Gas Trans Co","Status":"Operating","Shape_Leng":0.0031101086798,"Shape__Length":416.14606150491153}},{"type":"Feature","id":6001,"geometry":{"type":"LineString","coordinates":[[-73.961788,42.4218060000001],[-73.961372,42.4199150000001]]},"properties":{"FID":6001,"TYPEPIPE":"Interstate","Operator":"Iroquois Gas Trans Co","Status":"Operating","Shape_Leng":0.00193621718823,"Shape__Length":288.89205411362127}},{"type":"Feature","id":6002,"geometry":{"type":"LineString","coordinates":[[-73.962166,42.422738],[-73.961788,42.4218060000001]]},"properties":{"FID":6002,"TYPEPIPE":"Interstate","Operator":"Iroquois Gas Trans Co","Status":"Operating","Shape_Leng":0.0010057375403,"Shape__Length":146.7094898706109}},{"type":"Feature","id":6003,"geometry":{"type":"LineString","coordinates":[[-73.938822,42.3889580000001],[-73.9361689999999,42.38534]]},"properties":{"FID":6003,"TYPEPIPE":"Interstate","Operator":"Iroquois Gas Trans Co","Status":"Operating","Shape_Leng":0.00448646107753,"Shape__Length":620.1290919059572}},{"type":"Feature","id":6004,"geometry":{"type":"LineString","coordinates":[[-73.940513,42.392855],[-73.938822,42.3889580000001]]},"properties":{"FID":6004,"TYPEPIPE":"Interstate","Operator":"Iroquois Gas Trans Co","Status":"Operating","Shape_Leng":0.00424806897307,"Shape__Length":616.8002623536278}},{"type":"Feature","id":6005,"geometry":{"type":"LineString","coordinates":[[-73.943319,42.397254],[-73.940513,42.392855]]},"properties":{"FID":6005,"TYPEPIPE":"Interstate","Operator":"Iroquois Gas Trans Co","Status":"Operating","Shape_Leng":0.00521774251951,"Shape__Length":732.9713472927987}},{"type":"Feature","id":6006,"geometry":{"type":"LineString","coordinates":[[-73.94517,42.4000940000001],[-73.943319,42.397254]]},"properties":{"FID":6006,"TYPEPIPE":"Interstate","Operator":"Iroquois Gas Trans Co","Status":"Operating","Shape_Leng":0.00338995589945,"Shape__Length":475.1172492509017}},{"type":"Feature","id":6007,"geometry":{"type":"LineString","coordinates":[[-73.9482169999999,42.403918],[-73.94517,42.4000940000001]]},"properties":{"FID":6007,"TYPEPIPE":"Interstate","Operator":"Iroquois Gas Trans Co","Status":"Operating","Shape_Leng":0.00488949741789,"Shape__Length":668.8579514926383}},{"type":"Feature","id":6008,"geometry":{"type":"LineString","coordinates":[[-73.9494569999999,42.405541],[-73.9482169999999,42.403918]]},"properties":{"FID":6008,"TYPEPIPE":"Interstate","Operator":"Iroquois Gas Trans Co","Status":"Operating","Shape_Leng":0.00204248108926,"Shape__Length":280.9309884498078}},{"type":"Feature","id":6009,"geometry":{"type":"LineString","coordinates":[[-73.950508,42.4060420000001],[-73.9494569999999,42.405541]]},"properties":{"FID":6009,"TYPEPIPE":"Interstate","Operator":"Iroquois Gas Trans Co","Status":"Operating","Shape_Leng":0.00116430322514,"Shape__Length":139.25935498546454}},{"type":"Feature","id":6010,"geometry":{"type":"LineString","coordinates":[[-73.9519089999999,42.408014],[-73.950508,42.4060420000001]]},"properties":{"FID":6010,"TYPEPIPE":"Interstate","Operator":"Iroquois Gas Trans Co","Status":"Operating","Shape_Leng":0.00241900496069,"Shape__Length":335.72828475039364}},{"type":"Feature","id":6011,"geometry":{"type":"LineString","coordinates":[[-73.953362,42.40941],[-73.9519089999999,42.408014]]},"properties":{"FID":6011,"TYPEPIPE":"Interstate","Operator":"Iroquois Gas Trans Co","Status":"Operating","Shape_Leng":0.00201495037162,"Shape__Length":265.44358021991644}},{"type":"Feature","id":6012,"geometry":{"type":"LineString","coordinates":[[-73.963263,42.4242600000001],[-73.962166,42.422738]]},"properties":{"FID":6012,"TYPEPIPE":"Interstate","Operator":"Iroquois Gas Trans Co","Status":"Operating","Shape_Leng":0.00187613778814,"Shape__Length":259.9866010594357}},{"type":"Feature","id":6013,"geometry":{"type":"LineString","coordinates":[[-73.96387,42.424852],[-73.963263,42.4242600000001]]},"properties":{"FID":6013,"TYPEPIPE":"Interstate","Operator":"Iroquois Gas Trans Co","Status":"Operating","Shape_Leng":0.000847887374586,"Shape__Length":111.96509026345161}},{"type":"Feature","id":6014,"geometry":{"type":"LineString","coordinates":[[-73.968496,42.4266270000001],[-73.96387,42.424852]]},"properties":{"FID":6014,"TYPEPIPE":"Interstate","Operator":"Iroquois Gas Trans Co","Status":"Operating","Shape_Leng":0.00495484621354,"Shape__Length":580.3817612539276}},{"type":"Feature","id":6015,"geometry":{"type":"LineString","coordinates":[[-73.972707,42.432468],[-73.968496,42.4266270000001]]},"properties":{"FID":6015,"TYPEPIPE":"Interstate","Operator":"Iroquois Gas Trans Co","Status":"Operating","Shape_Leng":0.00720068066225,"Shape__Length":997.8828978985512}},{"type":"Feature","id":6016,"geometry":{"type":"LineString","coordinates":[[-73.9734529999999,42.433854],[-73.972707,42.432468]]},"properties":{"FID":6016,"TYPEPIPE":"Interstate","Operator":"Iroquois Gas Trans Co","Status":"Operating","Shape_Leng":0.00157401143581,"Shape__Length":224.93596732924038}},{"type":"Feature","id":6017,"geometry":{"type":"LineString","coordinates":[[-73.974768,42.4362390000001],[-73.9734529999999,42.433854]]},"properties":{"FID":6017,"TYPEPIPE":"Interstate","Operator":"Iroquois Gas Trans Co","Status":"Operating","Shape_Leng":0.00272349958695,"Shape__Length":388.37498056450164}},{"type":"Feature","id":6018,"geometry":{"type":"LineString","coordinates":[[-73.977257,42.439579],[-73.976693,42.43803]]},"properties":{"FID":6018,"TYPEPIPE":"Interstate","Operator":"Iroquois Gas Trans Co","Status":"Operating","Shape_Leng":0.00164848324227,"Shape__Length":241.93908740206376}},{"type":"Feature","id":6020,"geometry":{"type":"LineString","coordinates":[[-73.97804,42.442216],[-73.977257,42.439579]]},"properties":{"FID":6020,"TYPEPIPE":"Interstate","Operator":"Iroquois Gas Trans Co","Status":"Operating","Shape_Leng":0.00275079224951,"Shape__Length":407.2155124290796}},{"type":"Feature","id":6022,"geometry":{"type":"LineString","coordinates":[[-73.9789719999999,42.4430620000001],[-73.97804,42.442216]]},"properties":{"FID":6022,"TYPEPIPE":"Interstate","Operator":"Iroquois Gas Trans Co","Status":"Operating","Shape_Leng":0.00125870568442,"Shape__Length":164.47012993478577}},{"type":"Feature","id":6024,"geometry":{"type":"LineString","coordinates":[[-73.9803469999999,42.4434160000001],[-73.9789719999999,42.4430620000001]]},"properties":{"FID":6024,"TYPEPIPE":"Interstate","Operator":"Iroquois Gas Trans Co","Status":"Operating","Shape_Leng":0.00141983837108,"Shape__Length":162.11215639845324}},{"type":"Feature","id":6026,"geometry":{"type":"LineString","coordinates":[[-73.985583,42.443968],[-73.9803469999999,42.4434160000001]]},"properties":{"FID":6026,"TYPEPIPE":"Interstate","Operator":"Iroquois Gas Trans Co","Status":"Operating","Shape_Leng":0.00526501661918,"Shape__Length":588.7868865156738}},{"type":"Feature","id":6028,"geometry":{"type":"LineString","coordinates":[[-73.9890839999999,42.445366],[-73.985583,42.443968]]},"properties":{"FID":6028,"TYPEPIPE":"Interstate","Operator":"Iroquois Gas Trans Co","Status":"Operating","Shape_Leng":0.0037698017189,"Shape__Length":443.1311910969293}},{"type":"Feature","id":6030,"geometry":{"type":"LineString","coordinates":[[-73.9940799999999,42.4480820000001],[-73.9890839999999,42.445366]]},"properties":{"FID":6030,"TYPEPIPE":"Interstate","Operator":"Iroquois Gas Trans Co","Status":"Operating","Shape_Leng":0.00568653426967,"Shape__Length":690.7864750150416}},{"type":"Feature","id":6032,"geometry":{"type":"LineString","coordinates":[[-73.996227,42.449847],[-73.9940799999999,42.4480820000001]]},"properties":{"FID":6032,"TYPEPIPE":"Interstate","Operator":"Iroquois Gas Trans Co","Status":"Operating","Shape_Leng":0.00277935855911,"Shape__Length":357.8057325945475}},{"type":"Feature","id":6034,"geometry":{"type":"LineString","coordinates":[[-73.9972,42.451625],[-73.996227,42.449847]]},"properties":{"FID":6034,"TYPEPIPE":"Interstate","Operator":"Iroquois Gas Trans Co","Status":"Operating","Shape_Leng":0.00202682337661,"Shape__Length":289.2867088735198}},{"type":"Feature","id":6036,"geometry":{"type":"LineString","coordinates":[[-74.0003399999999,42.4531420000001],[-73.9972,42.451625]]},"properties":{"FID":6036,"TYPEPIPE":"Interstate","Operator":"Iroquois Gas Trans Co","Status":"Operating","Shape_Leng":0.00348724662161,"Shape__Length":417.807988055473}},{"type":"Feature","id":6038,"geometry":{"type":"LineString","coordinates":[[-74.0025869999999,42.453181],[-74.0003399999999,42.4531420000001]]},"properties":{"FID":6038,"TYPEPIPE":"Interstate","Operator":"Iroquois Gas Trans Co","Status":"Operating","Shape_Leng":0.00224733842579,"Shape__Length":250.20409411110606}},{"type":"Feature","id":6040,"geometry":{"type":"LineString","coordinates":[[-74.005077,42.454476],[-74.0025869999999,42.453181]]},"properties":{"FID":6040,"TYPEPIPE":"Interstate","Operator":"Iroquois Gas Trans Co","Status":"Operating","Shape_Leng":0.00280662163467,"Shape__Length":339.1265895537869}},{"type":"Feature","id":6043,"geometry":{"type":"LineString","coordinates":[[-74.0063959999999,42.454754],[-74.005077,42.454476]]},"properties":{"FID":6043,"TYPEPIPE":"Interstate","Operator":"Iroquois Gas Trans Co","Status":"Operating","Shape_Leng":0.00134797811551,"Shape__Length":152.70386497109234}},{"type":"Feature","id":6044,"geometry":{"type":"LineString","coordinates":[[-74.009022,42.4592030000001],[-74.0063959999999,42.454754]]},"properties":{"FID":6044,"TYPEPIPE":"Interstate","Operator":"Iroquois Gas Trans Co","Status":"Operating","Shape_Leng":0.0051661859239,"Shape__Length":732.1691336202423}},{"type":"Feature","id":6047,"geometry":{"type":"LineString","coordinates":[[-74.009398,42.4597140000001],[-74.009022,42.4592030000001]]},"properties":{"FID":6047,"TYPEPIPE":"Interstate","Operator":"Iroquois Gas Trans Co","Status":"Operating","Shape_Leng":0.000634426512711,"Shape__Length":87.73279050579974}},{"type":"Feature","id":6049,"geometry":{"type":"LineString","coordinates":[[-74.011017,42.46122],[-74.009398,42.4597140000001]]},"properties":{"FID":6049,"TYPEPIPE":"Interstate","Operator":"Iroquois Gas Trans Co","Status":"Operating","Shape_Leng":0.00221115286669,"Shape__Length":290.03616560098834}},{"type":"Feature","id":6051,"geometry":{"type":"LineString","coordinates":[[-74.012085,42.463147],[-74.011017,42.46122]]},"properties":{"FID":6051,"TYPEPIPE":"Interstate","Operator":"Iroquois Gas Trans Co","Status":"Operating","Shape_Leng":0.00220316885418,"Shape__Length":314.1428272589855}},{"type":"Feature","id":6053,"geometry":{"type":"LineString","coordinates":[[-74.0139139999999,42.4639290000001],[-74.012085,42.463147]]},"properties":{"FID":6053,"TYPEPIPE":"Interstate","Operator":"Iroquois Gas Trans Co","Status":"Operating","Shape_Leng":0.0019891618838,"Shape__Length":235.3276266647178}},{"type":"Feature","id":6055,"geometry":{"type":"LineString","coordinates":[[-74.014847,42.464365],[-74.0139139999999,42.4639290000001]]},"properties":{"FID":6055,"TYPEPIPE":"Interstate","Operator":"Iroquois Gas Trans Co","Status":"Operating","Shape_Leng":0.00102984707605,"Shape__Length":122.94636682734414}},{"type":"Feature","id":6057,"geometry":{"type":"LineString","coordinates":[[-74.016042,42.4656340000001],[-74.014847,42.464365]]},"properties":{"FID":6057,"TYPEPIPE":"Interstate","Operator":"Iroquois Gas Trans Co","Status":"Operating","Shape_Leng":0.00174309666975,"Shape__Length":233.16673269878748}},{"type":"Feature","id":6059,"geometry":{"type":"LineString","coordinates":[[-74.020495,42.47049],[-74.016042,42.4656340000001]]},"properties":{"FID":6059,"TYPEPIPE":"Interstate","Operator":"Iroquois Gas Trans Co","Status":"Operating","Shape_Leng":0.00658862239013,"Shape__Length":884.7311731450432}},{"type":"Feature","id":6061,"geometry":{"type":"LineString","coordinates":[[-74.023136,42.473013],[-74.020495,42.47049]]},"properties":{"FID":6061,"TYPEPIPE":"Interstate","Operator":"Iroquois Gas Trans Co","Status":"Operating","Shape_Leng":0.00365245260064,"Shape__Length":481.05912657733893}},{"type":"Feature","id":7047,"geometry":{"type":"LineString","coordinates":[[-73.281358,40.872937],[-73.281079,40.869159]]},"properties":{"FID":7047,"TYPEPIPE":"Interstate","Operator":"Iroquois Gas Trans Co","Status":"Operating","Shape_Leng":0.00378828787186,"Shape__Length":557.0339511593293}},{"type":"Feature","id":7048,"geometry":{"type":"LineString","coordinates":[[-73.2888639999999,40.8724990000001],[-73.281358,40.872937]]},"properties":{"FID":7048,"TYPEPIPE":"Interstate","Operator":"Iroquois Gas Trans Co","Status":"Operating","Shape_Leng":0.00751876851616,"Shape__Length":838.0483886587406}},{"type":"Feature","id":7049,"geometry":{"type":"LineString","coordinates":[[-73.289409,40.87379],[-73.2888639999999,40.8724990000001]]},"properties":{"FID":7049,"TYPEPIPE":"Interstate","Operator":"Iroquois Gas Trans Co","Status":"Operating","Shape_Leng":0.00140132294636,"Shape__Length":199.50528845203502}},{"type":"Feature","id":7050,"geometry":{"type":"LineString","coordinates":[[-73.28951,40.874032],[-73.289409,40.87379]]},"properties":{"FID":7050,"TYPEPIPE":"Interstate","Operator":"Iroquois Gas Trans Co","Status":"Operating","Shape_Leng":0.000262230814363,"Shape__Length":37.358873291644784}},{"type":"Feature","id":7051,"geometry":{"type":"LineString","coordinates":[[-73.290985,40.877526],[-73.28951,40.874032]]},"properties":{"FID":7051,"TYPEPIPE":"Interstate","Operator":"Iroquois Gas Trans Co","Status":"Operating","Shape_Leng":0.00379257972889,"Shape__Length":539.9662922881004}},{"type":"Feature","id":7052,"geometry":{"type":"LineString","coordinates":[[-74.0253719999999,42.4742380000001],[-74.023136,42.473013]]},"properties":{"FID":7052,"TYPEPIPE":"Interstate","Operator":"Iroquois Gas Trans Co","Status":"Operating","Shape_Leng":0.0025495727093,"Shape__Length":310.0605171106221}},{"type":"Feature","id":7053,"geometry":{"type":"LineString","coordinates":[[-73.291976,40.8811850000001],[-73.290985,40.877526]]},"properties":{"FID":7053,"TYPEPIPE":"Interstate","Operator":"Iroquois Gas Trans Co","Status":"Operating","Shape_Leng":0.00379082603138,"Shape__Length":549.8961304343223}},{"type":"Feature","id":7055,"geometry":{"type":"LineString","coordinates":[[-74.025568,42.475627],[-74.0253719999999,42.4742380000001]]},"properties":{"FID":7055,"TYPEPIPE":"Interstate","Operator":"Iroquois Gas Trans Co","Status":"Operating","Shape_Leng":0.00140276049271,"Shape__Length":210.76965114882609}},{"type":"Feature","id":7056,"geometry":{"type":"LineString","coordinates":[[-73.294642,40.8871520000001],[-73.291976,40.8811850000001]]},"properties":{"FID":7056,"TYPEPIPE":"Interstate","Operator":"Iroquois Gas Trans Co","Status":"Operating","Shape_Leng":0.00653549118275,"Shape__Length":927.3594356819978}},{"type":"Feature","id":10035,"geometry":{"type":"LineString","coordinates":[[-79.003584,42.1270400000001],[-78.950912,42.149184]]},"properties":{"FID":10035,"TYPEPIPE":"Intrastate","Operator":"National Fuel Gas Distr Co","Status":"Operating","Shape_Leng":0.0571375211223,"Shape__Length":6740.2219349157285}},{"type":"Feature","id":10036,"geometry":{"type":"LineString","coordinates":[[-79.059584,42.1270400000001],[-79.003584,42.1270400000001]]},"properties":{"FID":10036,"TYPEPIPE":"Intrastate","Operator":"National Fuel Gas Distr Co","Status":"Operating","Shape_Leng":0.056,"Shape__Length":6233.891484422609}},{"type":"Feature","id":10037,"geometry":{"type":"LineString","coordinates":[[-79.1089919999999,42.1270400000001],[-79.059584,42.1270400000001]]},"properties":{"FID":10037,"TYPEPIPE":"Intrastate","Operator":"National Fuel Gas Distr Co","Status":"Operating","Shape_Leng":0.049408,"Shape__Length":5500.073401110247}},{"type":"Feature","id":10038,"geometry":{"type":"LineString","coordinates":[[-79.188096,42.100672],[-79.1089919999999,42.1270400000001]]},"properties":{"FID":10038,"TYPEPIPE":"Intrastate","Operator":"National Fuel Gas Distr Co","Status":"Operating","Shape_Leng":0.0833829373434,"Shape__Length":9653.981667142476}},{"type":"Feature","id":10039,"geometry":{"type":"LineString","coordinates":[[-78.894976,42.309696],[-78.893376,42.2819840000001]]},"properties":{"FID":10039,"TYPEPIPE":"Intrastate","Operator":"National Fuel Gas Distr Co","Status":"Operating","Shape_Leng":0.027758150947,"Shape__Length":4174.369871846175}},{"type":"Feature","id":10040,"geometry":{"type":"LineString","coordinates":[[-78.860288,42.3249280000001],[-78.894976,42.309696]]},"properties":{"FID":10040,"TYPEPIPE":"Intrastate","Operator":"National Fuel Gas Distr Co","Status":"Operating","Shape_Leng":0.0378849728521,"Shape__Length":4491.028378717187}},{"type":"Feature","id":10041,"geometry":{"type":"LineString","coordinates":[[-78.779392,42.3249280000001],[-78.860288,42.3249280000001]]},"properties":{"FID":10041,"TYPEPIPE":"Intrastate","Operator":"National Fuel Gas Distr Co","Status":"Operating","Shape_Leng":0.080896,"Shape__Length":9005.301527211443}},{"type":"Feature","id":10042,"geometry":{"type":"LineString","coordinates":[[-78.046272,42.5702400000001],[-78.046272,42.625664]]},"properties":{"FID":10042,"TYPEPIPE":"Intrastate","Operator":"National Fuel Gas Distr Co","Status":"Operating","Shape_Leng":0.055424,"Shape__Length":8381.461401979439}},{"type":"Feature","id":10043,"geometry":{"type":"LineString","coordinates":[[-78.4392319999999,42.5702400000001],[-78.046272,42.5702400000001]]},"properties":{"FID":10043,"TYPEPIPE":"Intrastate","Operator":"National Fuel Gas Distr Co","Status":"Operating","Shape_Leng":0.39296,"Shape__Length":43744.107102120295}},{"type":"Feature","id":10044,"geometry":{"type":"LineString","coordinates":[[-78.4623359999999,42.579904],[-78.4392319999999,42.5702400000001]]},"properties":{"FID":10044,"TYPEPIPE":"Intrastate","Operator":"National Fuel Gas Distr Co","Status":"Operating","Shape_Leng":0.0250437160182,"Shape__Length":2957.873996646399}},{"type":"Feature","id":10045,"geometry":{"type":"LineString","coordinates":[[-78.584576,42.6311680000001],[-78.4623359999999,42.579904]]},"properties":{"FID":10045,"TYPEPIPE":"Intrastate","Operator":"National Fuel Gas Distr Co","Status":"Operating","Shape_Leng":0.13255419758,"Shape__Length":15661.519396671027}},{"type":"Feature","id":10046,"geometry":{"type":"LineString","coordinates":[[-78.58784,42.5591040000001],[-78.584576,42.6311680000001]]},"properties":{"FID":10046,"TYPEPIPE":"Intrastate","Operator":"National Fuel Gas Distr Co","Status":"Operating","Shape_Leng":0.0721378804235,"Shape__Length":10903.399633105746}},{"type":"Feature","id":10047,"geometry":{"type":"LineString","coordinates":[[-78.416128,42.521664],[-78.4095359999999,42.5050880000001]]},"properties":{"FID":10047,"TYPEPIPE":"Intrastate","Operator":"National Fuel Gas Distr Co","Status":"Operating","Shape_Leng":0.0178386725963,"Shape__Length":2608.6400013376337}},{"type":"Feature","id":10048,"geometry":{"type":"LineString","coordinates":[[-78.4277759999999,42.548864],[-78.416128,42.521664]]},"properties":{"FID":10048,"TYPEPIPE":"Intrastate","Operator":"National Fuel Gas Distr Co","Status":"Operating","Shape_Leng":0.0295891179997,"Shape__Length":4308.897151340288}},{"type":"Feature","id":10049,"geometry":{"type":"LineString","coordinates":[[-78.465664,42.517504],[-78.4277759999999,42.548864]]},"properties":{"FID":10049,"TYPEPIPE":"Intrastate","Operator":"National Fuel Gas Distr Co","Status":"Operating","Shape_Leng":0.0491828236684,"Shape__Length":6342.904886559541}},{"type":"Feature","id":10050,"geometry":{"type":"LineString","coordinates":[[-78.4887679999999,42.4759680000001],[-78.465664,42.517504]]},"properties":{"FID":10050,"TYPEPIPE":"Intrastate","Operator":"National Fuel Gas Distr Co","Status":"Operating","Shape_Leng":0.0475292974069,"Shape__Length":6777.997307264884}},{"type":"Feature","id":10051,"geometry":{"type":"LineString","coordinates":[[-78.4375679999999,42.2944640000001],[-78.4887679999999,42.4759680000001]]},"properties":{"FID":10051,"TYPEPIPE":"Intrastate","Operator":"National Fuel Gas Distr Co","Status":"Operating","Shape_Leng":0.188587226545,"Shape__Length":27942.128073598422}},{"type":"Feature","id":10052,"geometry":{"type":"LineString","coordinates":[[-78.4623359999999,42.5536000000001],[-78.4277759999999,42.548864]]},"properties":{"FID":10052,"TYPEPIPE":"Intrastate","Operator":"National Fuel Gas Distr Co","Status":"Operating","Shape_Leng":0.0348829943669,"Shape__Length":3913.199814678823}},{"type":"Feature","id":10053,"geometry":{"type":"LineString","coordinates":[[-78.58784,42.5591040000001],[-78.4623359999999,42.5536000000001]]},"properties":{"FID":10053,"TYPEPIPE":"Intrastate","Operator":"National Fuel Gas Distr Co","Status":"Operating","Shape_Leng":0.12562463147,"Shape__Length":13995.78013508357}},{"type":"Feature","id":10054,"geometry":{"type":"LineString","coordinates":[[-78.616,42.531392],[-78.586176,42.52864]]},"properties":{"FID":10054,"TYPEPIPE":"Intrastate","Operator":"National Fuel Gas Distr Co","Status":"Operating","Shape_Leng":0.0299507008265,"Shape__Length":3345.9184736778425}},{"type":"Feature","id":10055,"geometry":{"type":"LineString","coordinates":[[-78.6142819999999,42.558836],[-78.616,42.531392]]},"properties":{"FID":10055,"TYPEPIPE":"Intrastate","Operator":"National Fuel Gas Distr Co","Status":"Operating","Shape_Leng":0.0274977209965,"Shape__Length":4151.095689448585}},{"type":"Feature","id":10056,"geometry":{"type":"LineString","coordinates":[[-78.6142819999999,42.558836],[-78.860288,42.5563520000001]]},"properties":{"FID":10056,"TYPEPIPE":"Intrastate","Operator":"National Fuel Gas Distr Co","Status":"Operating","Shape_Leng":0.246018540545,"Shape__Length":27387.83551944133}},{"type":"Feature","id":10057,"geometry":{"type":"LineString","coordinates":[[-78.58784,42.5591040000001],[-78.6142819999999,42.558836]]},"properties":{"FID":10057,"TYPEPIPE":"Intrastate","Operator":"National Fuel Gas Distr Co","Status":"Operating","Shape_Leng":0.0264433581074,"Shape__Length":2943.7886224407966}},{"type":"Feature","id":10058,"geometry":{"type":"LineString","coordinates":[[-78.9313279999999,42.4746240000001],[-79.025472,42.4746240000001]]},"properties":{"FID":10058,"TYPEPIPE":"Intrastate","Operator":"National Fuel Gas Distr Co","Status":"Operating","Shape_Leng":0.094144,"Shape__Length":10480.062141247094}},{"type":"Feature","id":10059,"geometry":{"type":"LineString","coordinates":[[-78.890048,42.4746240000001],[-78.9313279999999,42.4746240000001]]},"properties":{"FID":10059,"TYPEPIPE":"Intrastate","Operator":"National Fuel Gas Distr Co","Status":"Operating","Shape_Leng":0.04128,"Shape__Length":4595.268579941243}},{"type":"Feature","id":10060,"geometry":{"type":"LineString","coordinates":[[-78.800896,42.491904],[-78.890048,42.4746240000001]]},"properties":{"FID":10060,"TYPEPIPE":"Intrastate","Operator":"National Fuel Gas Distr Co","Status":"Operating","Shape_Leng":0.0908112190426,"Shape__Length":10261.402399012426}},{"type":"Feature","id":10061,"geometry":{"type":"LineString","coordinates":[[-79.0634239999999,42.521664],[-79.134848,42.50944]]},"properties":{"FID":10061,"TYPEPIPE":"Intrastate","Operator":"National Fuel Gas Distr Co","Status":"Operating","Shape_Leng":0.0724625003157,"Shape__Length":8162.397477901696}},{"type":"Feature","id":10062,"geometry":{"type":"LineString","coordinates":[[-79.0072959999999,42.531392],[-79.0634239999999,42.521664]]},"properties":{"FID":10062,"TYPEPIPE":"Intrastate","Operator":"National Fuel Gas Distr Co","Status":"Operating","Shape_Leng":0.0569647818218,"Shape__Length":6418.6039015119}},{"type":"Feature","id":10063,"geometry":{"type":"LineString","coordinates":[[-78.860288,42.5563520000001],[-79.0072959999999,42.531392]]},"properties":{"FID":10063,"TYPEPIPE":"Intrastate","Operator":"National Fuel Gas Distr Co","Status":"Operating","Shape_Leng":0.149111883041,"Shape__Length":16793.782380530167}},{"type":"Feature","id":10064,"geometry":{"type":"LineString","coordinates":[[-78.586176,42.5452800000001],[-78.58784,42.5591040000001]]},"properties":{"FID":10064,"TYPEPIPE":"Intrastate","Operator":"National Fuel Gas Distr Co","Status":"Operating","Shape_Leng":0.0139237879903,"Shape__Length":2097.189115639119}},{"type":"Feature","id":10065,"geometry":{"type":"LineString","coordinates":[[-78.586176,42.52864],[-78.586176,42.5452800000001]]},"properties":{"FID":10065,"TYPEPIPE":"Intrastate","Operator":"National Fuel Gas Distr Co","Status":"Operating","Shape_Leng":0.01664,"Shape__Length":2513.914662837051}},{"type":"Feature","id":10066,"geometry":{"type":"LineString","coordinates":[[-78.586176,42.5092480000001],[-78.586176,42.52864]]},"properties":{"FID":10066,"TYPEPIPE":"Intrastate","Operator":"National Fuel Gas Distr Co","Status":"Operating","Shape_Leng":0.019392,"Shape__Length":2928.8326495699584}},{"type":"Feature","id":10067,"geometry":{"type":"LineString","coordinates":[[-78.586176,42.435776],[-78.586176,42.5092480000001]]},"properties":{"FID":10067,"TYPEPIPE":"Intrastate","Operator":"National Fuel Gas Distr Co","Status":"Operating","Shape_Leng":0.073472,"Shape__Length":11088.465198906139}},{"type":"Feature","id":10068,"geometry":{"type":"LineString","coordinates":[[-78.55488,42.391488],[-78.586176,42.435776]]},"properties":{"FID":10068,"TYPEPIPE":"Intrastate","Operator":"National Fuel Gas Distr Co","Status":"Operating","Shape_Leng":0.0542297571449,"Shape__Length":7531.867828056253}},{"type":"Feature","id":10069,"geometry":{"type":"LineString","coordinates":[[-78.55488,42.2736640000001],[-78.55488,42.391488]]},"properties":{"FID":10069,"TYPEPIPE":"Intrastate","Operator":"National Fuel Gas Distr Co","Status":"Operating","Shape_Leng":0.117824,"Shape__Length":17742.500489339232}},{"type":"Feature","id":10070,"geometry":{"type":"LineString","coordinates":[[-79.446656,42.409728],[-79.474688,42.36672]]},"properties":{"FID":10070,"TYPEPIPE":"Intrastate","Operator":"National Fuel Gas Distr Co","Status":"Operating","Shape_Leng":0.0513369368778,"Shape__Length":7194.095036483114}},{"type":"Feature","id":10071,"geometry":{"type":"LineString","coordinates":[[-79.344512,42.4762240000001],[-79.446656,42.409728]]},"properties":{"FID":10071,"TYPEPIPE":"Intrastate","Operator":"National Fuel Gas Distr Co","Status":"Operating","Shape_Leng":0.121881560344,"Shape__Length":15162.78558639395}},{"type":"Feature","id":10072,"geometry":{"type":"LineString","coordinates":[[-79.150208,42.549632],[-79.344512,42.4762240000001]]},"properties":{"FID":10072,"TYPEPIPE":"Intrastate","Operator":"National Fuel Gas Distr Co","Status":"Operating","Shape_Leng":0.207708398675,"Shape__Length":24305.305926019966}},{"type":"Feature","id":10073,"geometry":{"type":"LineString","coordinates":[[-79.3428479999999,42.427712],[-79.150208,42.549632]]},"properties":{"FID":10073,"TYPEPIPE":"Intrastate","Operator":"National Fuel Gas Distr Co","Status":"Operating","Shape_Leng":0.227979507851,"Shape__Length":28259.793081242722}},{"type":"Feature","id":10074,"geometry":{"type":"LineString","coordinates":[[-79.474688,42.36672],[-79.3428479999999,42.427712]]},"properties":{"FID":10074,"TYPEPIPE":"Intrastate","Operator":"National Fuel Gas Distr Co","Status":"Operating","Shape_Leng":0.14526461945,"Shape__Length":17318.30603857946}},{"type":"Feature","id":10075,"geometry":{"type":"LineString","coordinates":[[-79.6311039999999,42.29888],[-79.474688,42.36672]]},"properties":{"FID":10075,"TYPEPIPE":"Intrastate","Operator":"National Fuel Gas Distr Co","Status":"Operating","Shape_Leng":0.170494078067,"Shape__Length":20187.708227630497}},{"type":"Feature","id":10076,"geometry":{"type":"LineString","coordinates":[[-77.744064,42.0977280000001],[-77.688,42.105984]]},"properties":{"FID":10076,"TYPEPIPE":"Intrastate","Operator":"National Fuel Gas Distr Co","Status":"Operating","Shape_Leng":0.0566686300522,"Shape__Length":6362.754226161734}},{"type":"Feature","id":10077,"geometry":{"type":"LineString","coordinates":[[-77.777152,42.0977280000001],[-77.744064,42.0977280000001]]},"properties":{"FID":10077,"TYPEPIPE":"Intrastate","Operator":"National Fuel Gas Distr Co","Status":"Operating","Shape_Leng":0.033088,"Shape__Length":3683.3393113631755}},{"type":"Feature","id":10078,"geometry":{"type":"LineString","coordinates":[[-77.787008,42.2265600000001],[-77.732544,42.330496]]},"properties":{"FID":10078,"TYPEPIPE":"Intrastate","Operator":"National Fuel Gas Distr Co","Status":"Operating","Shape_Leng":0.11734146493,"Shape__Length":16771.938699417064}},{"type":"Feature","id":10079,"geometry":{"type":"LineString","coordinates":[[-74.0792069999999,42.529269],[-74.0777879999999,42.527587]]},"properties":{"FID":10079,"TYPEPIPE":"Interstate","Operator":"Iroquois Gas Trans Co","Status":"Operating","Shape_Leng":0.00220061014268,"Shape__Length":299.17684888437435}},{"type":"Feature","id":10080,"geometry":{"type":"LineString","coordinates":[[-74.0849029999999,42.5337190000001],[-74.0792069999999,42.529269]]},"properties":{"FID":10080,"TYPEPIPE":"Interstate","Operator":"Iroquois Gas Trans Co","Status":"Operating","Shape_Leng":0.00722820281952,"Shape__Length":924.0930990656434}},{"type":"Feature","id":10081,"geometry":{"type":"LineString","coordinates":[[-77.7904,42.136448],[-77.787008,42.2265600000001]]},"properties":{"FID":10081,"TYPEPIPE":"Intrastate","Operator":"National Fuel Gas Distr Co","Status":"Operating","Shape_Leng":0.0901758183107,"Shape__Length":13542.289504024713}},{"type":"Feature","id":10082,"geometry":{"type":"LineString","coordinates":[[-74.0853719999999,42.5343300000001],[-74.0849029999999,42.5337190000001]]},"properties":{"FID":10082,"TYPEPIPE":"Interstate","Operator":"Iroquois Gas Trans Co","Status":"Operating","Shape_Leng":0.000770248012006,"Shape__Length":106.04571000452583}},{"type":"Feature","id":10083,"geometry":{"type":"LineString","coordinates":[[-77.820096,42.1184640000001],[-77.7904,42.136448]]},"properties":{"FID":10083,"TYPEPIPE":"Intrastate","Operator":"National Fuel Gas Distr Co","Status":"Operating","Shape_Leng":0.0347170948093,"Shape__Length":4267.823776186397}},{"type":"Feature","id":10084,"geometry":{"type":"LineString","coordinates":[[-74.086101,42.535424],[-74.0853719999999,42.5343300000001]]},"properties":{"FID":10084,"TYPEPIPE":"Interstate","Operator":"Iroquois Gas Trans Co","Status":"Operating","Shape_Leng":0.0013146394943,"Shape__Length":184.12105169045205}},{"type":"Feature","id":10085,"geometry":{"type":"LineString","coordinates":[[-77.839872,42.0727680000001],[-77.820096,42.1184640000001]]},"properties":{"FID":10085,"TYPEPIPE":"Intrastate","Operator":"National Fuel Gas Distr Co","Status":"Operating","Shape_Leng":0.0497917120814,"Shape__Length":7200.154569275678}},{"type":"Feature","id":10086,"geometry":{"type":"LineString","coordinates":[[-74.089635,42.5372640000001],[-74.086101,42.535424]]},"properties":{"FID":10086,"TYPEPIPE":"Interstate","Operator":"Iroquois Gas Trans Co","Status":"Operating","Shape_Leng":0.00398431374268,"Shape__Length":481.70308843345134}},{"type":"Feature","id":10087,"geometry":{"type":"LineString","coordinates":[[-77.6896,42.391488],[-77.701184,42.4205440000001]]},"properties":{"FID":10087,"TYPEPIPE":"Intrastate","Operator":"National Fuel Gas Distr Co","Status":"Operating","Shape_Leng":0.0312800286445,"Shape__Length":4566.368717327027}},{"type":"Feature","id":10088,"geometry":{"type":"LineString","coordinates":[[-74.0953709999999,42.5397360000001],[-74.089635,42.5372640000001]]},"properties":{"FID":10088,"TYPEPIPE":"Interstate","Operator":"Iroquois Gas Trans Co","Status":"Operating","Shape_Leng":0.00624599711812,"Shape__Length":739.7290294704454}},{"type":"Feature","id":10089,"geometry":{"type":"LineString","coordinates":[[-77.6896,42.391488],[-77.659904,42.4163840000001]]},"properties":{"FID":10089,"TYPEPIPE":"Intrastate","Operator":"National Fuel Gas Distr Co","Status":"Operating","Shape_Leng":0.038751299746,"Shape__Length":5001.458485622166}},{"type":"Feature","id":10090,"geometry":{"type":"LineString","coordinates":[[-74.097383,42.540122],[-74.0953709999999,42.5397360000001]]},"properties":{"FID":10090,"TYPEPIPE":"Interstate","Operator":"Iroquois Gas Trans Co","Status":"Operating","Shape_Leng":0.00204869226585,"Shape__Length":231.44275067002735}},{"type":"Feature","id":10091,"geometry":{"type":"LineString","coordinates":[[-77.6698239999999,42.3360000000001],[-77.6896,42.391488]]},"properties":{"FID":10091,"TYPEPIPE":"Intrastate","Operator":"National Fuel Gas Distr Co","Status":"Operating","Shape_Leng":0.0589067765202,"Shape__Length":8644.794448091921}},{"type":"Feature","id":10092,"geometry":{"type":"LineString","coordinates":[[-74.098802,42.542474],[-74.097383,42.540122]]},"properties":{"FID":10092,"TYPEPIPE":"Interstate","Operator":"Iroquois Gas Trans Co","Status":"Operating","Shape_Leng":0.00274690098108,"Shape__Length":388.8837856687581}},{"type":"Feature","id":10093,"geometry":{"type":"LineString","coordinates":[[-77.6698239999999,42.3360000000001],[-77.5905279999999,42.2778240000001]]},"properties":{"FID":10093,"TYPEPIPE":"Intrastate","Operator":"National Fuel Gas Distr Co","Status":"Operating","Shape_Leng":0.0983478652132,"Shape__Length":12433.889743771759}},{"type":"Feature","id":10094,"geometry":{"type":"LineString","coordinates":[[-74.1014079999999,42.5465110000001],[-74.098802,42.542474]]},"properties":{"FID":10094,"TYPEPIPE":"Interstate","Operator":"Iroquois Gas Trans Co","Status":"Operating","Shape_Leng":0.00480506035343,"Shape__Length":675.4408746007583}},{"type":"Feature","id":10095,"geometry":{"type":"LineString","coordinates":[[-77.732544,42.330496],[-77.6698239999999,42.3360000000001]]},"properties":{"FID":10095,"TYPEPIPE":"Intrastate","Operator":"National Fuel Gas Distr Co","Status":"Operating","Shape_Leng":0.0629610388733,"Shape__Length":7030.981317074301}},{"type":"Feature","id":10096,"geometry":{"type":"LineString","coordinates":[[-74.1046909999999,42.551314],[-74.1014079999999,42.5465110000001]]},"properties":{"FID":10096,"TYPEPIPE":"Interstate","Operator":"Iroquois Gas Trans Co","Status":"Operating","Shape_Leng":0.00581780869399,"Shape__Length":812.5821452232591}},{"type":"Feature","id":10097,"geometry":{"type":"LineString","coordinates":[[-79.5533379999999,42.231474],[-79.5257599999999,42.2074240000001]]},"properties":{"FID":10097,"TYPEPIPE":"Intrastate","Operator":"National Fuel Gas Distr Co","Status":"Operating","Shape_Leng":0.0365916463691,"Shape__Length":4742.7226951627135}},{"type":"Feature","id":10098,"geometry":{"type":"LineString","coordinates":[[-74.105939,42.5546840000001],[-74.1046909999999,42.551314]]},"properties":{"FID":10098,"TYPEPIPE":"Interstate","Operator":"Iroquois Gas Trans Co","Status":"Operating","Shape_Leng":0.00359366164242,"Shape__Length":527.8686660343456}},{"type":"Feature","id":10099,"geometry":{"type":"LineString","coordinates":[[-78.148672,42.949824],[-78.0951679999999,42.912384]]},"properties":{"FID":10099,"TYPEPIPE":"Intrastate","Operator":"National Fuel Gas Distr Co","Status":"Operating","Shape_Leng":0.0653026156904,"Shape__Length":8238.778988627206}},{"type":"Feature","id":10100,"geometry":{"type":"LineString","coordinates":[[-74.106909,42.5557000000001],[-74.105939,42.5546840000001]]},"properties":{"FID":10100,"TYPEPIPE":"Interstate","Operator":"Iroquois Gas Trans Co","Status":"Operating","Shape_Leng":0.00140469071328,"Shape__Length":187.70663487148926}},{"type":"Feature","id":10101,"geometry":{"type":"LineString","coordinates":[[-78.1236479999999,42.86944],[-78.096512,42.833664]]},"properties":{"FID":10101,"TYPEPIPE":"Intrastate","Operator":"National Fuel Gas Distr Co","Status":"Operating","Shape_Leng":0.0449030586041,"Shape__Length":6215.755875504754}},{"type":"Feature","id":10102,"geometry":{"type":"LineString","coordinates":[[-74.1107289999999,42.5582700000001],[-74.106909,42.5557000000001]]},"properties":{"FID":10102,"TYPEPIPE":"Interstate","Operator":"Iroquois Gas Trans Co","Status":"Operating","Shape_Leng":0.00460405256265,"Shape__Length":575.91436131285}},{"type":"Feature","id":10103,"geometry":{"type":"LineString","coordinates":[[-78.148672,42.949824],[-78.1236479999999,42.86944]]},"properties":{"FID":10103,"TYPEPIPE":"Intrastate","Operator":"National Fuel Gas Distr Co","Status":"Operating","Shape_Leng":0.084189001847,"Shape__Length":12530.867590713679}},{"type":"Feature","id":10104,"geometry":{"type":"LineString","coordinates":[[-74.111974,42.5582210000001],[-74.1107289999999,42.5582700000001]]},"properties":{"FID":10104,"TYPEPIPE":"Interstate","Operator":"Iroquois Gas Trans Co","Status":"Operating","Shape_Leng":0.00124596388395,"Shape__Length":138.7904641649843}},{"type":"Feature","id":10105,"geometry":{"type":"LineString","coordinates":[[-78.193792,42.980288],[-78.148672,42.949824]]},"properties":{"FID":10105,"TYPEPIPE":"Intrastate","Operator":"National Fuel Gas Distr Co","Status":"Operating","Shape_Leng":0.0544414336328,"Shape__Length":6834.074759062106}},{"type":"Feature","id":10107,"geometry":{"type":"LineString","coordinates":[[-78.253888,42.868032],[-78.253888,42.8430720000001]]},"properties":{"FID":10107,"TYPEPIPE":"Intrastate","Operator":"National Fuel Gas Distr Co","Status":"Operating","Shape_Leng":0.02496,"Shape__Length":3790.2678880589083}},{"type":"Feature","id":10108,"geometry":{"type":"LineString","coordinates":[[-78.253888,42.8776960000001],[-78.253888,42.868032]]},"properties":{"FID":10108,"TYPEPIPE":"Intrastate","Operator":"National Fuel Gas Distr Co","Status":"Operating","Shape_Leng":0.00966400000004,"Shape__Length":1467.9255354600027}},{"type":"Feature","id":10109,"geometry":{"type":"LineString","coordinates":[[-78.193792,42.980288],[-78.253888,42.8776960000001]]},"properties":{"FID":10109,"TYPEPIPE":"Intrastate","Operator":"National Fuel Gas Distr Co","Status":"Operating","Shape_Leng":0.1188976353,"Shape__Length":16971.665743746693}},{"type":"Feature","id":10110,"geometry":{"type":"LineString","coordinates":[[-78.193792,42.980288],[-78.257216,43.0579200000001]]},"properties":{"FID":10110,"TYPEPIPE":"Intrastate","Operator":"National Fuel Gas Distr Co","Status":"Operating","Shape_Leng":0.100246352552,"Shape__Length":13768.153403554206}},{"type":"Feature","id":10111,"geometry":{"type":"LineString","coordinates":[[-78.3824,42.956736],[-78.193792,42.980288]]},"properties":{"FID":10111,"TYPEPIPE":"Intrastate","Operator":"National Fuel Gas Distr Co","Status":"Operating","Shape_Leng":0.190072813332,"Shape__Length":21299.28159771561}},{"type":"Feature","id":10112,"geometry":{"type":"LineString","coordinates":[[-78.3824,42.956736],[-78.384128,42.888832]]},"properties":{"FID":10112,"TYPEPIPE":"Intrastate","Operator":"National Fuel Gas Distr Co","Status":"Operating","Shape_Leng":0.0679259832465,"Shape__Length":10324.511523425035}},{"type":"Feature","id":10113,"geometry":{"type":"LineString","coordinates":[[-78.464256,42.912384],[-78.3824,42.956736]]},"properties":{"FID":10113,"TYPEPIPE":"Intrastate","Operator":"National Fuel Gas Distr Co","Status":"Operating","Shape_Leng":0.0930994341551,"Shape__Length":11336.155116935452}},{"type":"Feature","id":10114,"geometry":{"type":"LineString","coordinates":[[-78.5160319999999,42.8958080000001],[-78.464256,42.912384]]},"properties":{"FID":10114,"TYPEPIPE":"Intrastate","Operator":"National Fuel Gas Distr Co","Status":"Operating","Shape_Leng":0.0543646755899,"Shape__Length":6290.14208201315}},{"type":"Feature","id":10115,"geometry":{"type":"LineString","coordinates":[[-78.557696,42.8195200000001],[-78.496,42.802944]]},"properties":{"FID":10115,"TYPEPIPE":"Intrastate","Operator":"National Fuel Gas Distr Co","Status":"Operating","Shape_Leng":0.0638839588003,"Shape__Length":7314.08369272244}},{"type":"Feature","id":10116,"geometry":{"type":"LineString","coordinates":[[-78.688,42.8112],[-78.557696,42.8195200000001]]},"properties":{"FID":10116,"TYPEPIPE":"Intrastate","Operator":"National Fuel Gas Distr Co","Status":"Operating","Shape_Leng":0.130569348685,"Shape__Length":14560.221959074073}},{"type":"Feature","id":10117,"geometry":{"type":"LineString","coordinates":[[-78.73472,42.7710080000001],[-78.688,42.8112]]},"properties":{"FID":10117,"TYPEPIPE":"Intrastate","Operator":"National Fuel Gas Distr Co","Status":"Operating","Shape_Leng":0.0616291754285,"Shape__Length":8013.833967575049}},{"type":"Feature","id":10118,"geometry":{"type":"LineString","coordinates":[[-78.5160319999999,42.8958080000001],[-78.5176959999999,42.8458880000001]]},"properties":{"FID":10118,"TYPEPIPE":"Intrastate","Operator":"National Fuel Gas Distr Co","Status":"Operating","Shape_Leng":0.0499477256339,"Shape__Length":7584.676937250429}},{"type":"Feature","id":10119,"geometry":{"type":"LineString","coordinates":[[-78.5160319999999,42.8958080000001],[-78.50432,42.9622400000001]]},"properties":{"FID":10119,"TYPEPIPE":"Intrastate","Operator":"National Fuel Gas Distr Co","Status":"Operating","Shape_Leng":0.0674565161271,"Shape__Length":10183.772337627233}},{"type":"Feature","id":10120,"geometry":{"type":"LineString","coordinates":[[-78.729728,42.8971520000001],[-78.5160319999999,42.8958080000001]]},"properties":{"FID":10120,"TYPEPIPE":"Intrastate","Operator":"National Fuel Gas Distr Co","Status":"Operating","Shape_Leng":0.213700226373,"Shape__Length":23789.40654126288}},{"type":"Feature","id":10121,"geometry":{"type":"LineString","coordinates":[[-78.73472,42.7710080000001],[-78.729728,42.8971520000001]]},"properties":{"FID":10121,"TYPEPIPE":"Intrastate","Operator":"National Fuel Gas Distr Co","Status":"Operating","Shape_Leng":0.126242737613,"Shape__Length":19156.845866824016}},{"type":"Feature","id":10122,"geometry":{"type":"LineString","coordinates":[[-78.7731199999999,42.7710080000001],[-78.73472,42.7710080000001]]},"properties":{"FID":10122,"TYPEPIPE":"Intrastate","Operator":"National Fuel Gas Distr Co","Status":"Operating","Shape_Leng":0.0384,"Shape__Length":4274.668446458876}},{"type":"Feature","id":10123,"geometry":{"type":"LineString","coordinates":[[-78.7880249999999,42.8063260000001],[-78.7731199999999,42.7710080000001]]},"properties":{"FID":10123,"TYPEPIPE":"Intrastate","Operator":"National Fuel Gas Distr Co","Status":"Operating","Shape_Leng":0.0383343207714,"Shape__Length":5608.423090659633}},{"type":"Feature","id":10124,"geometry":{"type":"LineString","coordinates":[[-78.729728,42.8971520000001],[-78.729728,42.994176]]},"properties":{"FID":10124,"TYPEPIPE":"Intrastate","Operator":"National Fuel Gas Distr Co","Status":"Operating","Shape_Leng":0.097024,"Shape__Length":14755.005094714463}},{"type":"Feature","id":10125,"geometry":{"type":"LineString","coordinates":[[-78.79104,42.8972160000001],[-78.729728,42.8971520000001]]},"properties":{"FID":10125,"TYPEPIPE":"Intrastate","Operator":"National Fuel Gas Distr Co","Status":"Operating","Shape_Leng":0.0613120334029,"Shape__Length":6825.227548181224}},{"type":"Feature","id":10126,"geometry":{"type":"LineString","coordinates":[[-78.95008,43.1590400000001],[-78.95008,43.2172160000001]]},"properties":{"FID":10126,"TYPEPIPE":"Intrastate","Operator":"National Fuel Gas Distr Co","Status":"Operating","Shape_Leng":0.058176,"Shape__Length":8882.225501015782}},{"type":"Feature","id":10127,"geometry":{"type":"LineString","coordinates":[[-78.888384,43.1590400000001],[-78.888384,43.2976]]},"properties":{"FID":10127,"TYPEPIPE":"Intrastate","Operator":"National Fuel Gas Distr Co","Status":"Operating","Shape_Leng":0.13856,"Shape__Length":21169.091562654823}},{"type":"Feature","id":10129,"geometry":{"type":"LineString","coordinates":[[-78.95008,43.1590400000001],[-78.888384,43.1590400000001]]},"properties":{"FID":10129,"TYPEPIPE":"Intrastate","Operator":"National Fuel Gas Distr Co","Status":"Operating","Shape_Leng":0.061696,"Shape__Length":6867.967303980142}},{"type":"Feature","id":10130,"geometry":{"type":"LineString","coordinates":[[-78.95008,43.109184],[-78.95008,43.1590400000001]]},"properties":{"FID":10130,"TYPEPIPE":"Intrastate","Operator":"National Fuel Gas Distr Co","Status":"Operating","Shape_Leng":0.049856,"Shape__Length":7605.213205744512}},{"type":"Feature","id":10131,"geometry":{"type":"LineString","coordinates":[[-78.9922559999999,43.0898560000001],[-78.95008,43.109184]]},"properties":{"FID":10131,"TYPEPIPE":"Intrastate","Operator":"National Fuel Gas Distr Co","Status":"Operating","Shape_Leng":0.0463938202781,"Shape__Length":5543.11683905201}},{"type":"Feature","id":10132,"geometry":{"type":"LineString","coordinates":[[-79.020544,43.109248],[-79.020544,43.2187520000001]]},"properties":{"FID":10132,"TYPEPIPE":"Intrastate","Operator":"National Fuel Gas Distr Co","Status":"Operating","Shape_Leng":0.109504,"Shape__Length":16712.308862214908}},{"type":"Feature","id":10133,"geometry":{"type":"LineString","coordinates":[[-78.9922559999999,43.0898560000001],[-79.020544,43.109248]]},"properties":{"FID":10133,"TYPEPIPE":"Intrastate","Operator":"National Fuel Gas Distr Co","Status":"Operating","Shape_Leng":0.0342966559303,"Shape__Length":4319.359036548917}},{"type":"Feature","id":10134,"geometry":{"type":"LineString","coordinates":[[-78.9376,43.0525440000001],[-78.9922559999999,43.0898560000001]]},"properties":{"FID":10134,"TYPEPIPE":"Intrastate","Operator":"National Fuel Gas Distr Co","Status":"Operating","Shape_Leng":0.0661775164236,"Shape__Length":8327.511514313244}},{"type":"Feature","id":10135,"geometry":{"type":"LineString","coordinates":[[-78.92576,43.035776],[-78.9376,43.0525440000001]]},"properties":{"FID":10135,"TYPEPIPE":"Intrastate","Operator":"National Fuel Gas Distr Co","Status":"Operating","Shape_Leng":0.0205268464212,"Shape__Length":2874.1252205549936}},{"type":"Feature","id":10136,"geometry":{"type":"LineString","coordinates":[[-78.8974719999999,42.9955840000001],[-78.92576,43.035776]]},"properties":{"FID":10136,"TYPEPIPE":"Intrastate","Operator":"National Fuel Gas Distr Co","Status":"Operating","Shape_Leng":0.0491488332313,"Shape__Length":6881.91670328177}},{"type":"Feature","id":10137,"geometry":{"type":"LineString","coordinates":[[-78.8824959999999,42.898624],[-78.8974719999999,42.9955840000001]]},"properties":{"FID":10137,"TYPEPIPE":"Intrastate","Operator":"National Fuel Gas Distr Co","Status":"Operating","Shape_Leng":0.098109745571,"Shape__Length":14839.559197937324}},{"type":"Feature","id":10138,"geometry":{"type":"LineString","coordinates":[[-78.79104,42.8972160000001],[-78.8824959999999,42.898624]]},"properties":{"FID":10138,"TYPEPIPE":"Intrastate","Operator":"National Fuel Gas Distr Co","Status":"Operating","Shape_Leng":0.0914668377063,"Shape__Length":10183.083322272149}},{"type":"Feature","id":10139,"geometry":{"type":"LineString","coordinates":[[-78.7880249999999,42.8063260000001],[-78.79104,42.8972160000001]]},"properties":{"FID":10139,"TYPEPIPE":"Intrastate","Operator":"National Fuel Gas Distr Co","Status":"Operating","Shape_Leng":0.0909399929899,"Shape__Length":13805.220218146864}},{"type":"Feature","id":10140,"geometry":{"type":"LineString","coordinates":[[-77.5371519999999,42.8568960000001],[-77.414208,42.8568960000001]]},"properties":{"FID":10140,"TYPEPIPE":"Intrastate","Operator":"National Fuel Gas Distr Co","Status":"Operating","Shape_Leng":0.122944,"Shape__Length":13686.063476081938}},{"type":"Feature","id":10141,"geometry":{"type":"LineString","coordinates":[[-77.5388159999999,42.9054080000001],[-77.5371519999999,42.8568960000001]]},"properties":{"FID":10141,"TYPEPIPE":"Intrastate","Operator":"National Fuel Gas Distr Co","Status":"Operating","Shape_Leng":0.0485405298694,"Shape__Length":7372.109650672315}},{"type":"Feature","id":10142,"geometry":{"type":"LineString","coordinates":[[-77.414208,42.8568960000001],[-77.36096,42.811136]]},"properties":{"FID":10142,"TYPEPIPE":"Intrastate","Operator":"National Fuel Gas Distr Co","Status":"Operating","Shape_Leng":0.0702091668089,"Shape__Length":9131.71645289056}},{"type":"Feature","id":10143,"geometry":{"type":"LineString","coordinates":[[-77.414208,42.89568],[-77.414208,42.8568960000001]]},"properties":{"FID":10143,"TYPEPIPE":"Intrastate","Operator":"National Fuel Gas Distr Co","Status":"Operating","Shape_Leng":0.038784,"Shape__Length":5891.4720195215195}},{"type":"Feature","id":10144,"geometry":{"type":"LineString","coordinates":[[-77.5388159999999,42.9054080000001],[-77.414208,42.89568]]},"properties":{"FID":10144,"TYPEPIPE":"Intrastate","Operator":"National Fuel Gas Distr Co","Status":"Operating","Shape_Leng":0.124987149931,"Shape__Length":13949.850884905096}},{"type":"Feature","id":10145,"geometry":{"type":"LineString","coordinates":[[-77.6352639999999,42.9054080000001],[-77.683456,42.9192320000001]]},"properties":{"FID":10145,"TYPEPIPE":"Intrastate","Operator":"National Fuel Gas Distr Co","Status":"Operating","Shape_Leng":0.0501355347035,"Shape__Length":5761.5072462221115}},{"type":"Feature","id":10146,"geometry":{"type":"LineString","coordinates":[[-77.562112,42.9054080000001],[-77.6352639999999,42.9054080000001]]},"properties":{"FID":10146,"TYPEPIPE":"Intrastate","Operator":"National Fuel Gas Distr Co","Status":"Operating","Shape_Leng":0.073152,"Shape__Length":8143.243390509859}},{"type":"Feature","id":10147,"geometry":{"type":"LineString","coordinates":[[-77.5388159999999,42.9054080000001],[-77.562112,42.9054080000001]]},"properties":{"FID":10147,"TYPEPIPE":"Intrastate","Operator":"National Fuel Gas Distr Co","Status":"Operating","Shape_Leng":0.023296,"Shape__Length":2593.2988575212657}},{"type":"Feature","id":10148,"geometry":{"type":"LineString","coordinates":[[-77.56544,42.9219840000001],[-77.5388159999999,42.9054080000001]]},"properties":{"FID":10148,"TYPEPIPE":"Intrastate","Operator":"National Fuel Gas Distr Co","Status":"Operating","Shape_Leng":0.0313624162335,"Shape__Length":3889.9632646374657}},{"type":"Feature","id":10149,"geometry":{"type":"LineString","coordinates":[[-77.60864,42.9427840000001],[-77.56544,42.9219840000001]]},"properties":{"FID":10149,"TYPEPIPE":"Intrastate","Operator":"National Fuel Gas Distr Co","Status":"Operating","Shape_Leng":0.0479466370041,"Shape__Length":5755.681457500564}},{"type":"Feature","id":10150,"geometry":{"type":"LineString","coordinates":[[-77.650176,42.960832],[-77.60864,42.9427840000001]]},"properties":{"FID":10150,"TYPEPIPE":"Intrastate","Operator":"National Fuel Gas Distr Co","Status":"Operating","Shape_Leng":0.0452876318657,"Shape__Length":5377.164507337777}},{"type":"Feature","id":10151,"geometry":{"type":"LineString","coordinates":[[-77.665216,42.938624],[-77.650176,42.960832]]},"properties":{"FID":10151,"TYPEPIPE":"Intrastate","Operator":"National Fuel Gas Distr Co","Status":"Operating","Shape_Leng":0.0268215745995,"Shape__Length":3769.7149902217247}},{"type":"Feature","id":10152,"geometry":{"type":"LineString","coordinates":[[-77.683456,42.9192320000001],[-77.665216,42.938624]]},"properties":{"FID":10152,"TYPEPIPE":"Intrastate","Operator":"National Fuel Gas Distr Co","Status":"Operating","Shape_Leng":0.0266223076385,"Shape__Length":3579.802904632074}},{"type":"Feature","id":10153,"geometry":{"type":"LineString","coordinates":[[-77.854592,42.9455360000001],[-77.683456,42.9192320000001]]},"properties":{"FID":10153,"TYPEPIPE":"Intrastate","Operator":"National Fuel Gas Distr Co","Status":"Operating","Shape_Leng":0.173145692733,"Shape__Length":19466.038070515042}},{"type":"Feature","id":10154,"geometry":{"type":"LineString","coordinates":[[-79.62578,42.127188],[-79.5650879999999,42.1277440000001]]},"properties":{"FID":10154,"TYPEPIPE":"Intrastate","Operator":"National Fuel Gas Distr Co","Status":"Operating","Shape_Leng":0.0606945467073,"Shape__Length":6756.717929587882}},{"type":"Feature","id":10155,"geometry":{"type":"LineString","coordinates":[[-79.641984,42.1270400000001],[-79.62578,42.127188]]},"properties":{"FID":10155,"TYPEPIPE":"Intrastate","Operator":"National Fuel Gas Distr Co","Status":"Operating","Shape_Leng":0.0162046758684,"Shape__Length":1803.957807366251}},{"type":"Feature","id":10157,"geometry":{"type":"LineString","coordinates":[[-79.702784,42.1256960000001],[-79.641984,42.1270400000001]]},"properties":{"FID":10157,"TYPEPIPE":"Intrastate","Operator":"National Fuel Gas Distr Co","Status":"Operating","Shape_Leng":0.0608148529226,"Shape__Length":6771.2305737776}},{"type":"Feature","id":10158,"geometry":{"type":"LineString","coordinates":[[-79.7043839999999,42.271168],[-79.702784,42.1256960000001]]},"properties":{"FID":10158,"TYPEPIPE":"Intrastate","Operator":"National Fuel Gas Distr Co","Status":"Operating","Shape_Leng":0.145480798678,"Shape__Length":21860.0373963724}},{"type":"Feature","id":10159,"geometry":{"type":"LineString","coordinates":[[-79.760256,42.2490240000001],[-79.7043839999999,42.271168]]},"properties":{"FID":10159,"TYPEPIPE":"Intrastate","Operator":"National Fuel Gas Distr Co","Status":"Operating","Shape_Leng":0.0601002256235,"Shape__Length":7055.324033994536}},{"type":"Feature","id":10160,"geometry":{"type":"LineString","coordinates":[[-79.842432,42.2160640000001],[-79.760256,42.2490240000001]]},"properties":{"FID":10160,"TYPEPIPE":"Intrastate","Operator":"National Fuel Gas Distr Co","Status":"Operating","Shape_Leng":0.0885395763261,"Shape__Length":10403.751369304206}},{"type":"Feature","id":10271,"geometry":{"type":"LineString","coordinates":[[-78.625368,42.771872],[-78.6269589999999,42.807418]]},"properties":{"FID":10271,"TYPEPIPE":"Interstate","Operator":"National Fuel Gas Supply Co","Status":"Operating","Shape_Leng":0.0355815878932,"Shape__Length":5394.947872349462}},{"type":"Feature","id":10297,"geometry":{"type":"LineString","coordinates":[[-78.764379,42.2501720000001],[-78.768334,42.284647]]},"properties":{"FID":10297,"TYPEPIPE":"Interstate","Operator":"National Fuel Gas Supply Co","Status":"Operating","Shape_Leng":0.034701118858,"Shape__Length":5204.692676944751}},{"type":"Feature","id":10298,"geometry":{"type":"LineString","coordinates":[[-78.768334,42.284647],[-78.7731369999999,42.326516]]},"properties":{"FID":10298,"TYPEPIPE":"Interstate","Operator":"National Fuel Gas Supply Co","Status":"Operating","Shape_Leng":0.0421435875312,"Shape__Length":6324.766914004311}},{"type":"Feature","id":10299,"geometry":{"type":"LineString","coordinates":[[-77.403824,42.113768],[-77.312132,42.113768]]},"properties":{"FID":10299,"TYPEPIPE":"Interstate","Operator":"National Fuel Gas Supply Co","Status":"Operating","Shape_Leng":0.091692,"Shape__Length":10207.106749817729}},{"type":"Feature","id":10300,"geometry":{"type":"LineString","coordinates":[[-77.797197,42.0588510000001],[-77.842721,42.073877]]},"properties":{"FID":10300,"TYPEPIPE":"Interstate","Operator":"National Fuel Gas Supply Co","Status":"Operating","Shape_Leng":0.0479397043378,"Shape__Length":5546.030960860725}},{"type":"Feature","id":10301,"geometry":{"type":"LineString","coordinates":[[-78.727543,42.001404],[-78.7378409999999,42.070952]]},"properties":{"FID":10301,"TYPEPIPE":"Interstate","Operator":"National Fuel Gas Supply Co","Status":"Operating","Shape_Leng":0.0703062807152,"Shape__Length":10486.729787209317}},{"type":"Feature","id":10302,"geometry":{"type":"LineString","coordinates":[[-78.7731369999999,42.326516],[-78.7884579999999,42.460092]]},"properties":{"FID":10302,"TYPEPIPE":"Interstate","Operator":"National Fuel Gas Supply Co","Status":"Operating","Shape_Leng":0.13445177878,"Shape__Length":20206.073520957027}},{"type":"Feature","id":10303,"geometry":{"type":"LineString","coordinates":[[-78.7884579999999,42.460092],[-78.796397,42.49046]]},"properties":{"FID":10303,"TYPEPIPE":"Interstate","Operator":"National Fuel Gas Supply Co","Status":"Operating","Shape_Leng":0.0313885830359,"Shape__Length":4667.795873962724}},{"type":"Feature","id":10304,"geometry":{"type":"LineString","coordinates":[[-78.796397,42.49046],[-78.793795,42.663685]]},"properties":{"FID":10304,"TYPEPIPE":"Interstate","Operator":"National Fuel Gas Supply Co","Status":"Operating","Shape_Leng":0.173244541123,"Shape__Length":26188.700563556697}},{"type":"Feature","id":10305,"geometry":{"type":"LineString","coordinates":[[-78.793795,42.663685],[-78.7911949999999,42.6915230000001],[-78.7877349999999,42.7613650000001]]},"properties":{"FID":10305,"TYPEPIPE":"Interstate","Operator":"National Fuel Gas Supply Co","Status":"Operating","Shape_Leng":0.0978868054904,"Shape__Length":14815.774086934263}},{"type":"Feature","id":10306,"geometry":{"type":"LineString","coordinates":[[-78.793795,42.663685],[-78.7082809999999,42.5403140000001]]},"properties":{"FID":10306,"TYPEPIPE":"Interstate","Operator":"National Fuel Gas Supply Co","Status":"Operating","Shape_Leng":0.150110119036,"Shape__Length":20946.042381235628}},{"type":"Feature","id":10307,"geometry":{"type":"LineString","coordinates":[[-78.7082809999999,42.5403140000001],[-78.6707939999999,42.4883090000001]]},"properties":{"FID":10307,"TYPEPIPE":"Interstate","Operator":"National Fuel Gas Supply Co","Status":"Operating","Shape_Leng":0.06410768436,"Shape__Length":8893.695622675164}},{"type":"Feature","id":10308,"geometry":{"type":"LineString","coordinates":[[-78.6707939999999,42.4883090000001],[-78.571872,42.3476030000001]]},"properties":{"FID":10308,"TYPEPIPE":"Interstate","Operator":"National Fuel Gas Supply Co","Status":"Operating","Shape_Leng":0.171999245696,"Shape__Length":23904.487617767714}},{"type":"Feature","id":10309,"geometry":{"type":"LineString","coordinates":[[-78.571872,42.3476030000001],[-78.293983,42.0855500000001]]},"properties":{"FID":10309,"TYPEPIPE":"Interstate","Operator":"National Fuel Gas Supply Co","Status":"Operating","Shape_Leng":0.381960824078,"Shape__Length":50084.035387441814}},{"type":"Feature","id":10310,"geometry":{"type":"LineString","coordinates":[[-78.293983,42.0855500000001],[-78.22238,42.030204]]},"properties":{"FID":10310,"TYPEPIPE":"Interstate","Operator":"National Fuel Gas Supply Co","Status":"Operating","Shape_Leng":0.0904995542807,"Shape__Length":11506.19464587819}},{"type":"Feature","id":10311,"geometry":{"type":"LineString","coordinates":[[-77.842721,42.073877],[-77.886816,42.1025280000001]]},"properties":{"FID":10311,"TYPEPIPE":"Interstate","Operator":"National Fuel Gas Supply Co","Status":"Operating","Shape_Leng":0.0525856332661,"Shape__Length":6524.206756606201}},{"type":"Feature","id":10312,"geometry":{"type":"LineString","coordinates":[[-77.90604,42.188052],[-77.95199,42.312458]]},"properties":{"FID":10312,"TYPEPIPE":"Interstate","Operator":"National Fuel Gas Supply Co","Status":"Operating","Shape_Leng":0.132620719859,"Shape__Length":19395.825769029827}},{"type":"Feature","id":10313,"geometry":{"type":"LineString","coordinates":[[-77.950623,42.350671],[-78.224478,42.4363040000001]]},"properties":{"FID":10313,"TYPEPIPE":"Interstate","Operator":"National Fuel Gas Supply Co","Status":"Operating","Shape_Leng":0.286931301384,"Shape__Length":33105.3457040343}},{"type":"Feature","id":10314,"geometry":{"type":"LineString","coordinates":[[-77.95199,42.312458],[-77.950623,42.3304580000001]]},"properties":{"FID":10314,"TYPEPIPE":"Interstate","Operator":"National Fuel Gas Supply Co","Status":"Operating","Shape_Leng":0.0180518333972,"Shape__Length":2714.314746776927}},{"type":"Feature","id":10315,"geometry":{"type":"LineString","coordinates":[[-77.886816,42.1025280000001],[-77.90604,42.188052]]},"properties":{"FID":10315,"TYPEPIPE":"Interstate","Operator":"National Fuel Gas Supply Co","Status":"Operating","Shape_Leng":0.0876579531588,"Shape__Length":13017.549324053267}},{"type":"Feature","id":10316,"geometry":{"type":"LineString","coordinates":[[-78.224478,42.4363040000001],[-78.224478,42.460092]]},"properties":{"FID":10316,"TYPEPIPE":"Interstate","Operator":"National Fuel Gas Supply Co","Status":"Operating","Shape_Leng":0.023788,"Shape__Length":3588.7135271281004}},{"type":"Feature","id":10317,"geometry":{"type":"LineString","coordinates":[[-78.3505699999999,42.5172850000001],[-78.386591,42.5536000000001]]},"properties":{"FID":10317,"TYPEPIPE":"Interstate","Operator":"National Fuel Gas Supply Co","Status":"Operating","Shape_Leng":0.0511496985915,"Shape__Length":6795.392004745744}},{"type":"Feature","id":10318,"geometry":{"type":"LineString","coordinates":[[-78.224478,42.460092],[-78.3505699999999,42.5172850000001]]},"properties":{"FID":10318,"TYPEPIPE":"Interstate","Operator":"National Fuel Gas Supply Co","Status":"Operating","Shape_Leng":0.138456605884,"Shape__Length":16479.28063117869}},{"type":"Feature","id":10319,"geometry":{"type":"LineString","coordinates":[[-78.386591,42.5536000000001],[-78.3539949999999,42.7047730000001],[-78.353619,42.7065160000001]]},"properties":{"FID":10319,"TYPEPIPE":"Interstate","Operator":"National Fuel Gas Supply Co","Status":"Operating","Shape_Leng":0.156430354607,"Shape__Length":23425.90387593338}},{"type":"Feature","id":10320,"geometry":{"type":"LineString","coordinates":[[-78.3499839999999,42.7233790000001],[-78.4417799999999,42.7691520000001]]},"properties":{"FID":10320,"TYPEPIPE":"Interstate","Operator":"National Fuel Gas Supply Co","Status":"Operating","Shape_Leng":0.102575207263,"Shape__Length":12351.709701892649}},{"type":"Feature","id":10321,"geometry":{"type":"LineString","coordinates":[[-78.4417799999999,42.7691520000001],[-78.480172,42.7811740000001]]},"properties":{"FID":10321,"TYPEPIPE":"Interstate","Operator":"National Fuel Gas Supply Co","Status":"Operating","Shape_Leng":0.0402302640807,"Shape__Length":4646.427042551791}},{"type":"Feature","id":10322,"geometry":{"type":"LineString","coordinates":[[-78.561201,42.806543],[-78.625368,42.771872]]},"properties":{"FID":10322,"TYPEPIPE":"Interstate","Operator":"National Fuel Gas Supply Co","Status":"Operating","Shape_Leng":0.072934779975,"Shape__Length":8870.340145672193}},{"type":"Feature","id":10323,"geometry":{"type":"LineString","coordinates":[[-78.6269589999999,42.807418],[-78.6270969999999,42.8105110000001],[-78.6339619999999,42.9680660000001]]},"properties":{"FID":10323,"TYPEPIPE":"Interstate","Operator":"National Fuel Gas Supply Co","Status":"Operating","Shape_Leng":0.1608005673,"Shape__Length":24420.184732451275}},{"type":"Feature","id":10324,"geometry":{"type":"LineString","coordinates":[[-78.6339619999999,42.9680660000001],[-78.6378819999999,43.056855]]},"properties":{"FID":10324,"TYPEPIPE":"Interstate","Operator":"National Fuel Gas Supply Co","Status":"Operating","Shape_Leng":0.0888754911153,"Shape__Length":13524.378248269844}},{"type":"Feature","id":10325,"geometry":{"type":"LineString","coordinates":[[-78.625368,42.771872],[-78.754855,42.795983],[-78.78331,42.8012810000001]]},"properties":{"FID":10325,"TYPEPIPE":"Interstate","Operator":"National Fuel Gas Supply Co","Status":"Operating","Shape_Leng":0.160656666982,"Shape__Length":18139.102343518378}},{"type":"Feature","id":10326,"geometry":{"type":"LineString","coordinates":[[-78.7877349999999,42.7613650000001],[-78.785045,42.7856310000001],[-78.78331,42.8012810000001]]},"properties":{"FID":10326,"TYPEPIPE":"Interstate","Operator":"National Fuel Gas Supply Co","Status":"Operating","Shape_Leng":0.0401605239137,"Shape__Length":6074.126159620628}},{"type":"Feature","id":10327,"geometry":{"type":"LineString","coordinates":[[-78.793795,42.663685],[-78.775448,42.6678440000001],[-78.7077849999999,42.683183]]},"properties":{"FID":10327,"TYPEPIPE":"Interstate","Operator":"National Fuel Gas Supply Co","Status":"Operating","Shape_Leng":0.0881923585361,"Shape__Length":10019.379340692476}},{"type":"Feature","id":10328,"geometry":{"type":"LineString","coordinates":[[-78.7077849999999,42.683183],[-78.6251,42.704547],[-78.5976699999999,42.715902]]},"properties":{"FID":10328,"TYPEPIPE":"Interstate","Operator":"National Fuel Gas Supply Co","Status":"Operating","Shape_Leng":0.115087794833,"Shape__Length":13261.363075141044}},{"type":"Feature","id":10329,"geometry":{"type":"LineString","coordinates":[[-78.793795,42.663685],[-78.701599,42.6250150000001]]},"properties":{"FID":10329,"TYPEPIPE":"Interstate","Operator":"National Fuel Gas Supply Co","Status":"Operating","Shape_Leng":0.0999773540158,"Shape__Length":11814.475904520074}},{"type":"Feature","id":10330,"geometry":{"type":"LineString","coordinates":[[-78.701599,42.6250150000001],[-78.6351539999999,42.642074]]},"properties":{"FID":10330,"TYPEPIPE":"Interstate","Operator":"National Fuel Gas Supply Co","Status":"Operating","Shape_Leng":0.0685999089358,"Shape__Length":7834.072641684522}},{"type":"Feature","id":10331,"geometry":{"type":"LineString","coordinates":[[-78.6351539999999,42.642074],[-78.6351539999999,42.6723160000001]]},"properties":{"FID":10331,"TYPEPIPE":"Interstate","Operator":"National Fuel Gas Supply Co","Status":"Operating","Shape_Leng":0.030242,"Shape__Length":4577.682695200667}},{"type":"Feature","id":10332,"geometry":{"type":"LineString","coordinates":[[-78.353619,42.7065160000001],[-78.3499839999999,42.7233790000001]]},"properties":{"FID":10332,"TYPEPIPE":"Interstate","Operator":"National Fuel Gas Supply Co","Status":"Operating","Shape_Leng":0.0172503331562,"Shape__Length":2586.7447299505943}},{"type":"Feature","id":10333,"geometry":{"type":"LineString","coordinates":[[-77.590993,42.0358220000001],[-77.521488,42.05746]]},"properties":{"FID":10333,"TYPEPIPE":"Interstate","Operator":"National Fuel Gas Supply Co","Status":"Operating","Shape_Leng":0.0727952475715,"Shape__Length":8389.663328805664}},{"type":"Feature","id":10334,"geometry":{"type":"LineString","coordinates":[[-77.521488,42.05746],[-77.548301,42.122372]]},"properties":{"FID":10334,"TYPEPIPE":"Interstate","Operator":"National Fuel Gas Supply Co","Status":"Operating","Shape_Leng":0.0702317927509,"Shape__Length":10184.479197673114}},{"type":"Feature","id":10335,"geometry":{"type":"LineString","coordinates":[[-77.521488,42.05746],[-77.403824,42.113768]]},"properties":{"FID":10335,"TYPEPIPE":"Interstate","Operator":"National Fuel Gas Supply Co","Status":"Operating","Shape_Leng":0.130443120784,"Shape__Length":15585.279922923519}},{"type":"Feature","id":10337,"geometry":{"type":"LineString","coordinates":[[-78.703019,41.8596820000001],[-78.727543,42.001404]]},"properties":{"FID":10337,"TYPEPIPE":"Interstate","Operator":"National Fuel Gas Supply Co","Status":"Operating","Shape_Leng":0.143828202589,"Shape__Length":21381.153877081368}},{"type":"Feature","id":10341,"geometry":{"type":"LineString","coordinates":[[-78.048373,41.860572],[-78.1879029999999,42.0035570000001]]},"properties":{"FID":10341,"TYPEPIPE":"Interstate","Operator":"National Fuel Gas Supply Co","Status":"Operating","Shape_Leng":0.199783210318,"Shape__Length":26439.164606120554}},{"type":"Feature","id":10345,"geometry":{"type":"LineString","coordinates":[[-77.685098,41.9688860000001],[-77.708787,42.0035570000001]]},"properties":{"FID":10345,"TYPEPIPE":"Interstate","Operator":"National Fuel Gas Supply Co","Status":"Operating","Shape_Leng":0.041991034305,"Shape__Length":5823.682938111704}},{"type":"Feature","id":10346,"geometry":{"type":"LineString","coordinates":[[-77.708787,42.0035570000001],[-77.727269,42.0272180000001]]},"properties":{"FID":10346,"TYPEPIPE":"Interstate","Operator":"National Fuel Gas Supply Co","Status":"Operating","Shape_Leng":0.0300237779935,"Shape__Length":4098.912776092401}},{"type":"Feature","id":10348,"geometry":{"type":"LineString","coordinates":[[-77.627177,41.97749],[-77.608694,42.0035570000001]]},"properties":{"FID":10348,"TYPEPIPE":"Interstate","Operator":"National Fuel Gas Supply Co","Status":"Operating","Shape_Leng":0.0319548083706,"Shape__Length":4413.117204016843}},{"type":"Feature","id":10349,"geometry":{"type":"LineString","coordinates":[[-77.608694,42.0035570000001],[-77.590993,42.0358220000001]]},"properties":{"FID":10349,"TYPEPIPE":"Interstate","Operator":"National Fuel Gas Supply Co","Status":"Operating","Shape_Leng":0.0368015709719,"Shape__Length":5220.771164013657}},{"type":"Feature","id":10440,"geometry":{"type":"LineString","coordinates":[[-74.0266549999999,42.4767130000001],[-74.025568,42.475627]]},"properties":{"FID":10440,"TYPEPIPE":"Interstate","Operator":"Iroquois Gas Trans Co","Status":"Operating","Shape_Leng":0.00153654319824,"Shape__Length":203.736185641702}},{"type":"Feature","id":10453,"geometry":{"type":"LineString","coordinates":[[-78.7981119999999,42.4883350000001],[-78.8217789999999,42.5066600000001],[-78.849816,42.508744],[-78.874242,42.5321020000001]]},"properties":{"FID":10453,"TYPEPIPE":"Interstate","Operator":"National Fuel Gas Supply Co","Status":"Operating","Shape_Leng":0.0918433061813,"Shape__Length":11411.518069072004}},{"type":"Feature","id":10454,"geometry":{"type":"LineString","coordinates":[[-78.7877349999999,42.7613650000001],[-78.805152,42.7579490000001],[-78.821408,42.7502630000001],[-78.837532,42.743562]]},"properties":{"FID":10454,"TYPEPIPE":"Interstate","Operator":"National Fuel Gas Supply Co","Status":"Operating","Shape_Leng":0.0531912752696,"Shape__Length":6221.564165883638}},{"type":"Feature","id":10455,"geometry":{"type":"LineString","coordinates":[[-78.837532,42.743562],[-78.837663,42.7383070000001],[-78.874819,42.7263520000001],[-78.8779929999999,42.7152310000001],[-78.932804,42.654954]]},"properties":{"FID":10455,"TYPEPIPE":"Interstate","Operator":"National Fuel Gas Supply Co","Status":"Operating","Shape_Leng":0.13732485732,"Shape__Length":18013.578284444517}},{"type":"Feature","id":10456,"geometry":{"type":"LineString","coordinates":[[-78.932804,42.654954],[-79.023656,42.6009250000001]]},"properties":{"FID":10456,"TYPEPIPE":"Interstate","Operator":"National Fuel Gas Supply Co","Status":"Operating","Shape_Leng":0.105703447176,"Shape__Length":13004.088338372583}},{"type":"Feature","id":10457,"geometry":{"type":"LineString","coordinates":[[-79.023656,42.6009250000001],[-79.069081,42.546767]]},"properties":{"FID":10457,"TYPEPIPE":"Interstate","Operator":"National Fuel Gas Supply Co","Status":"Operating","Shape_Leng":0.0706860636123,"Shape__Length":9622.604712600294}},{"type":"Feature","id":10458,"geometry":{"type":"LineString","coordinates":[[-79.069081,42.546767],[-79.085091,42.52513]]},"properties":{"FID":10458,"TYPEPIPE":"Interstate","Operator":"National Fuel Gas Supply Co","Status":"Operating","Shape_Leng":0.0269161637125,"Shape__Length":3723.0799232727595}},{"type":"Feature","id":10459,"geometry":{"type":"LineString","coordinates":[[-79.085091,42.52513],[-79.135984,42.507795]]},"properties":{"FID":10459,"TYPEPIPE":"Interstate","Operator":"National Fuel Gas Supply Co","Status":"Operating","Shape_Leng":0.0537642973915,"Shape__Length":6241.055042985643}},{"type":"Feature","id":10460,"geometry":{"type":"LineString","coordinates":[[-79.13595,42.507973],[-79.0611079999999,42.484185]]},"properties":{"FID":10460,"TYPEPIPE":"Interstate","Operator":"National Fuel Gas Supply Co","Status":"Operating","Shape_Leng":0.0785314835465,"Shape__Length":9072.506072546455}},{"type":"Feature","id":10461,"geometry":{"type":"LineString","coordinates":[[-79.0611079999999,42.484185],[-79.039631,42.473303]]},"properties":{"FID":10461,"TYPEPIPE":"Interstate","Operator":"National Fuel Gas Supply Co","Status":"Operating","Shape_Leng":0.0240765332429,"Shape__Length":2900.641985298019}},{"type":"Feature","id":10462,"geometry":{"type":"LineString","coordinates":[[-79.13595,42.507973],[-79.105634,42.474267]]},"properties":{"FID":10462,"TYPEPIPE":"Interstate","Operator":"National Fuel Gas Supply Co","Status":"Operating","Shape_Leng":0.0453338095907,"Shape__Length":6105.848442454636}},{"type":"Feature","id":10463,"geometry":{"type":"LineString","coordinates":[[-79.135984,42.507795],[-79.135984,42.4840070000001]]},"properties":{"FID":10463,"TYPEPIPE":"Interstate","Operator":"National Fuel Gas Supply Co","Status":"Operating","Shape_Leng":0.023788,"Shape__Length":3591.4497693264857}},{"type":"Feature","id":10464,"geometry":{"type":"LineString","coordinates":[[-79.135984,42.4840070000001],[-79.2268349999999,42.4840070000001]]},"properties":{"FID":10464,"TYPEPIPE":"Interstate","Operator":"National Fuel Gas Supply Co","Status":"Operating","Shape_Leng":0.090851,"Shape__Length":10113.487058058381}},{"type":"Feature","id":10465,"geometry":{"type":"LineString","coordinates":[[-78.6378819999999,43.056855],[-78.6586129999999,43.058298],[-78.673421,43.0626280000001],[-78.678356,43.066236],[-78.706984,43.066236],[-78.726728,43.066236],[-78.744497,43.070566],[-78.75042,43.0748960000001],[-78.8066889999999,43.0770610000001]]},"properties":{"FID":10465,"TYPEPIPE":"Interstate","Operator":"National Fuel Gas Supply Co","Status":"Operating","Shape_Leng":0.172631048654,"Shape__Length":19546.19338293451}},{"type":"Feature","id":10472,"geometry":{"type":"LineString","coordinates":[[-79.665947,41.9945910000001],[-79.6554179999999,42.0315]]},"properties":{"FID":10472,"TYPEPIPE":"Interstate","Operator":"National Fuel Gas Supply Co","Status":"Operating","Shape_Leng":0.0383814293897,"Shape__Length":5652.771878757116}},{"type":"Feature","id":10486,"geometry":{"type":"LineString","coordinates":[[-77.193616,42.113768],[-77.085975,42.113768]]},"properties":{"FID":10486,"TYPEPIPE":"Interstate","Operator":"National Fuel Gas Supply Co","Status":"Operating","Shape_Leng":0.107641,"Shape__Length":11982.541308479384}},{"type":"Feature","id":10489,"geometry":{"type":"LineString","coordinates":[[-78.22238,42.030204],[-78.1879029999999,42.0035570000001]]},"properties":{"FID":10489,"TYPEPIPE":"Interstate","Operator":"National Fuel Gas Supply Co","Status":"Operating","Shape_Leng":0.0435743747861,"Shape__Length":5538.15974298737}},{"type":"Feature","id":10491,"geometry":{"type":"LineString","coordinates":[[-77.727269,42.0272180000001],[-77.797197,42.0588510000001]]},"properties":{"FID":10491,"TYPEPIPE":"Interstate","Operator":"National Fuel Gas Supply Co","Status":"Operating","Shape_Leng":0.0767500610619,"Shape__Length":9114.801544878037}},{"type":"Feature","id":10492,"geometry":{"type":"LineString","coordinates":[[-77.950623,42.3304580000001],[-77.950623,42.350671]]},"properties":{"FID":10492,"TYPEPIPE":"Interstate","Operator":"National Fuel Gas Supply Co","Status":"Operating","Shape_Leng":0.020213,"Shape__Length":3044.1553411828354}},{"type":"Feature","id":10493,"geometry":{"type":"LineString","coordinates":[[-79.105634,42.474267],[-79.071651,42.4364820000001]]},"properties":{"FID":10493,"TYPEPIPE":"Interstate","Operator":"National Fuel Gas Supply Co","Status":"Operating","Shape_Leng":0.0508188007926,"Shape__Length":6841.93821305307}},{"type":"Feature","id":10505,"geometry":{"type":"LineString","coordinates":[[-78.480172,42.7811740000001],[-78.561201,42.806543]]},"properties":{"FID":10505,"TYPEPIPE":"Interstate","Operator":"National Fuel Gas Supply Co","Status":"Operating","Shape_Leng":0.0849075085137,"Shape__Length":9806.810932620114}},{"type":"Feature","id":10507,"geometry":{"type":"LineString","coordinates":[[-78.7378409999999,42.070952],[-78.764379,42.2501720000001]]},"properties":{"FID":10507,"TYPEPIPE":"Interstate","Operator":"National Fuel Gas Supply Co","Status":"Operating","Shape_Leng":0.181174153355,"Shape__Length":27075.97773961942}},{"type":"Feature","id":10509,"geometry":{"type":"LineString","coordinates":[[-78.7981119999999,42.4883350000001],[-78.732573,42.4871830000001]]},"properties":{"FID":10509,"TYPEPIPE":"Interstate","Operator":"National Fuel Gas Supply Co","Status":"Operating","Shape_Leng":0.0655491237546,"Shape__Length":7297.840408461795}},{"type":"Feature","id":10510,"geometry":{"type":"LineString","coordinates":[[-78.625368,42.771872],[-78.604338,42.7646970000001],[-78.581134,42.737764],[-78.549381,42.6928760000001]]},"properties":{"FID":10510,"TYPEPIPE":"Interstate","Operator":"National Fuel Gas Supply Co","Status":"Operating","Shape_Leng":0.112753932984,"Shape__Length":15077.686099399813}},{"type":"Feature","id":10511,"geometry":{"type":"LineString","coordinates":[[-78.932804,42.654954],[-78.97335,42.6564730000001]]},"properties":{"FID":10511,"TYPEPIPE":"Interstate","Operator":"National Fuel Gas Supply Co","Status":"Operating","Shape_Leng":0.0405744436438,"Shape__Length":4519.412480293939}},{"type":"Feature","id":10512,"geometry":{"type":"LineString","coordinates":[[-78.7981119999999,42.4883350000001],[-78.81562,42.481793],[-78.864472,42.481793]]},"properties":{"FID":10512,"TYPEPIPE":"Interstate","Operator":"National Fuel Gas Supply Co","Status":"Operating","Shape_Leng":0.0675423137481,"Shape__Length":7623.066679560779}},{"type":"Feature","id":10523,"geometry":{"type":"LineString","coordinates":[[-78.8066889999999,43.0770610000001],[-78.789907,43.100154]]},"properties":{"FID":10523,"TYPEPIPE":"Interstate","Operator":"National Fuel Gas Supply Co","Status":"Operating","Shape_Leng":0.0285468417342,"Shape__Length":3985.0889053198957}},{"type":"Feature","id":10524,"geometry":{"type":"LineString","coordinates":[[-78.625368,42.771872],[-78.5976699999999,42.715902]]},"properties":{"FID":10524,"TYPEPIPE":"Interstate","Operator":"National Fuel Gas Supply Co","Status":"Operating","Shape_Leng":0.0624485396467,"Shape__Length":9026.844154004333}},{"type":"Feature","id":10525,"geometry":{"type":"LineString","coordinates":[[-78.386591,42.5536000000001],[-78.078164,42.546048]]},"properties":{"FID":10525,"TYPEPIPE":"Interstate","Operator":"National Fuel Gas Supply Co","Status":"Operating","Shape_Leng":0.308519443525,"Shape__Length":34352.89595483273}},{"type":"Feature","id":10526,"geometry":{"type":"LineString","coordinates":[[-78.6339619999999,42.9680660000001],[-78.6546919999999,42.9648370000001],[-78.680084,42.9648370000001],[-78.697595,42.9654770000001],[-78.698471,42.982131],[-78.730867,42.9827710000001],[-78.734369,42.989176],[-78.779899,42.9898170000001],[-78.790406,42.98085],[-78.8753369999999,42.9846930000001],[-78.884968,43.0026270000001],[-78.921742,42.9968630000001]]},"properties":{"FID":10526,"TYPEPIPE":"Interstate","Operator":"National Fuel Gas Supply Co","Status":"Operating","Shape_Leng":0.322218898891,"Shape__Length":37788.97843357558}},{"type":"Feature","id":10527,"geometry":{"type":"LineString","coordinates":[[-78.0877859999999,42.746025],[-77.9826849999999,42.719905]]},"properties":{"FID":10527,"TYPEPIPE":"Interstate","Operator":"National Fuel Gas Supply Co","Status":"Operating","Shape_Leng":0.108298082167,"Shape__Length":12351.329911614806}},{"type":"Feature","id":10533,"geometry":{"type":"LineString","coordinates":[[-77.312132,42.113768],[-77.193616,42.113768]]},"properties":{"FID":10533,"TYPEPIPE":"Interstate","Operator":"National Fuel Gas Supply Co","Status":"Operating","Shape_Leng":0.118516,"Shape__Length":13193.140770856291}},{"type":"Feature","id":10534,"geometry":{"type":"LineString","coordinates":[[-77.8111,41.920849],[-77.8100709999999,41.989741],[-77.7998699999999,42.019214],[-77.787723,42.0393700000001]]},"properties":{"FID":10534,"TYPEPIPE":"Interstate","Operator":"National Fuel Gas Supply Co","Status":"Operating","Shape_Leng":0.123621365686,"Shape__Length":18181.506804094748}},{"type":"Feature","id":10535,"geometry":{"type":"LineString","coordinates":[[-77.787723,42.0393700000001],[-77.761331,42.052898]]},"properties":{"FID":10535,"TYPEPIPE":"Interstate","Operator":"National Fuel Gas Supply Co","Status":"Operating","Shape_Leng":0.029657114627,"Shape__Length":3569.858831245304}},{"type":"Feature","id":10536,"geometry":{"type":"LineString","coordinates":[[-77.761331,42.052898],[-77.752809,42.0550450000001]]},"properties":{"FID":10536,"TYPEPIPE":"Interstate","Operator":"National Fuel Gas Supply Co","Status":"Operating","Shape_Leng":0.00878829295146,"Shape__Length":1001.7852058120378}},{"type":"Feature","id":10538,"geometry":{"type":"LineString","coordinates":[[-78.840253,43.0770610000001],[-78.8066889999999,43.0770610000001]]},"properties":{"FID":10538,"TYPEPIPE":"Interstate","Operator":"National Fuel Gas Supply Co","Status":"Operating","Shape_Leng":0.033564,"Shape__Length":3736.327388988808}},{"type":"Feature","id":10539,"geometry":{"type":"LineString","coordinates":[[-78.6378819999999,43.056855],[-78.623075,43.0647930000001]]},"properties":{"FID":10539,"TYPEPIPE":"Interstate","Operator":"National Fuel Gas Supply Co","Status":"Operating","Shape_Leng":0.0168005682344,"Shape__Length":2044.4239856726106}},{"type":"Feature","id":10540,"geometry":{"type":"LineString","coordinates":[[-78.943282,43.010052],[-78.921742,42.9968630000001]]},"properties":{"FID":10540,"TYPEPIPE":"Interstate","Operator":"National Fuel Gas Supply Co","Status":"Operating","Shape_Leng":0.0252571043669,"Shape__Length":3127.3088418756242}},{"type":"Feature","id":10541,"geometry":{"type":"LineString","coordinates":[[-78.676382,43.092251],[-78.731663,43.1614290000001]]},"properties":{"FID":10541,"TYPEPIPE":"Interstate","Operator":"National Fuel Gas Supply Co","Status":"Operating","Shape_Leng":0.0885527224031,"Shape__Length":12214.83062094341}},{"type":"Feature","id":10542,"geometry":{"type":"LineString","coordinates":[[-78.899477335,43.2046501620001],[-79.033412184,43.207456122],[-79.04591748,43.200753025]]},"properties":{"FID":10542,"TYPEPIPE":"Interstate","Operator":"National Fuel Gas Supply Co","Status":"Operating","Shape_Leng":0.148152752746,"Shape__Length":16643.67197979676}},{"type":"Feature","id":10543,"geometry":{"type":"LineString","coordinates":[[-78.731663,43.1614290000001],[-78.80274,43.165753],[-78.899477335,43.2046501620001]]},"properties":{"FID":10543,"TYPEPIPE":"Interstate","Operator":"National Fuel Gas Supply Co","Status":"Operating","Shape_Leng":0.175472977792,"Shape__Length":20237.349126164925}},{"type":"Feature","id":10544,"geometry":{"type":"LineString","coordinates":[[-78.623075,43.0647930000001],[-78.676382,43.092251]]},"properties":{"FID":10544,"TYPEPIPE":"Interstate","Operator":"National Fuel Gas Supply Co","Status":"Operating","Shape_Leng":0.0599631387854,"Shape__Length":7261.245398917017}},{"type":"Feature","id":10545,"geometry":{"type":"LineString","coordinates":[[-78.796397,42.49046],[-78.776539,42.501557],[-78.781424,42.5231180000001],[-78.797024,42.537622],[-78.794702,42.605941],[-78.775834,42.6695490000001],[-78.7679909999999,42.6910740000001],[-78.765674,42.717812],[-78.756385,42.77759],[-78.785045,42.7856310000001],[-78.78331,42.8012810000001]]},"properties":{"FID":10545,"TYPEPIPE":"Interstate","Operator":"National Fuel Gas Supply Co","Status":"Operating","Shape_Leng":0.356617924685,"Shape__Length":51403.73219206166}},{"type":"Feature","id":10546,"geometry":{"type":"LineString","coordinates":[[-78.762843,42.8026340000001],[-78.754855,42.795983]]},"properties":{"FID":10546,"TYPEPIPE":"Interstate","Operator":"National Fuel Gas Supply Co","Status":"Operating","Shape_Leng":0.0103944189352,"Shape__Length":1344.9591126169903}},{"type":"Feature","id":11007,"geometry":{"type":"LineString","coordinates":[[-73.294845,40.887474],[-73.294642,40.8871520000001]]},"properties":{"FID":11007,"TYPEPIPE":"Interstate","Operator":"Iroquois Gas Trans Co","Status":"Operating","Shape_Leng":0.000380648131466,"Shape__Length":52.52376905687704}},{"type":"Feature","id":11024,"geometry":{"type":"LineString","coordinates":[[-74.032365,42.4798500000001],[-74.0266549999999,42.4767130000001]]},"properties":{"FID":11024,"TYPEPIPE":"Interstate","Operator":"Iroquois Gas Trans Co","Status":"Operating","Shape_Leng":0.00651497267839,"Shape__Length":792.6012597036326}},{"type":"Feature","id":11103,"geometry":{"type":"LineString","coordinates":[[-74.113983,42.5597040000001],[-74.111974,42.5582210000001]]},"properties":{"FID":11103,"TYPEPIPE":"Interstate","Operator":"Iroquois Gas Trans Co","Status":"Operating","Shape_Leng":0.00249707228569,"Shape__Length":316.6188727128081}},{"type":"Feature","id":11106,"geometry":{"type":"LineString","coordinates":[[-74.115168,42.561267],[-74.113983,42.5597040000001]]},"properties":{"FID":11106,"TYPEPIPE":"Interstate","Operator":"Iroquois Gas Trans Co","Status":"Operating","Shape_Leng":0.00196142652169,"Shape__Length":270.5585094032346}},{"type":"Feature","id":11109,"geometry":{"type":"LineString","coordinates":[[-74.117193,42.563564],[-74.115168,42.561267]]},"properties":{"FID":11109,"TYPEPIPE":"Interstate","Operator":"Iroquois Gas Trans Co","Status":"Operating","Shape_Leng":0.00306216165478,"Shape__Length":413.9302558884476}},{"type":"Feature","id":11111,"geometry":{"type":"LineString","coordinates":[[-74.1177279999999,42.5651720000001],[-74.117193,42.563564]]},"properties":{"FID":11111,"TYPEPIPE":"Interstate","Operator":"Iroquois Gas Trans Co","Status":"Operating","Shape_Leng":0.00169466486364,"Shape__Length":250.2285274056157}},{"type":"Feature","id":11115,"geometry":{"type":"LineString","coordinates":[[-74.117471,42.5672460000001],[-74.1177279999999,42.5651720000001]]},"properties":{"FID":11115,"TYPEPIPE":"Interstate","Operator":"Iroquois Gas Trans Co","Status":"Operating","Shape_Leng":0.00208986243565,"Shape__Length":314.78251033644773}},{"type":"Feature","id":11120,"geometry":{"type":"LineString","coordinates":[[-74.117332,42.5692300000001],[-74.117471,42.5672460000001]]},"properties":{"FID":11120,"TYPEPIPE":"Interstate","Operator":"Iroquois Gas Trans Co","Status":"Operating","Shape_Leng":0.00198886324315,"Shape__Length":300.2851571153831}},{"type":"Feature","id":11123,"geometry":{"type":"LineString","coordinates":[[-73.297358,40.889165],[-73.294845,40.887474]]},"properties":{"FID":11123,"TYPEPIPE":"Interstate","Operator":"Iroquois Gas Trans Co","Status":"Operating","Shape_Leng":0.00302896847129,"Shape__Length":374.5118096957849}},{"type":"Feature","id":11125,"geometry":{"type":"LineString","coordinates":[[-74.118186,42.571848],[-74.117332,42.5692300000001]]},"properties":{"FID":11125,"TYPEPIPE":"Interstate","Operator":"Iroquois Gas Trans Co","Status":"Operating","Shape_Leng":0.00275376832721,"Shape__Length":406.9902320440832}},{"type":"Feature","id":11127,"geometry":{"type":"LineString","coordinates":[[-74.120038,42.577303],[-74.118186,42.571848]]},"properties":{"FID":11127,"TYPEPIPE":"Interstate","Operator":"Iroquois Gas Trans Co","Status":"Operating","Shape_Leng":0.00576080975209,"Shape__Length":850.0007146467213}},{"type":"Feature","id":11128,"geometry":{"type":"LineString","coordinates":[[-74.12002,42.5802790000001],[-74.120038,42.577303]]},"properties":{"FID":11128,"TYPEPIPE":"Interstate","Operator":"Iroquois Gas Trans Co","Status":"Operating","Shape_Leng":0.00297605443503,"Shape__Length":449.90992451843584}},{"type":"Feature","id":11130,"geometry":{"type":"LineString","coordinates":[[-74.1202499999999,42.5809830000001],[-74.12002,42.5802790000001]]},"properties":{"FID":11130,"TYPEPIPE":"Interstate","Operator":"Iroquois Gas Trans Co","Status":"Operating","Shape_Leng":0.000740618660292,"Shape__Length":109.4686802146156}},{"type":"Feature","id":11132,"geometry":{"type":"LineString","coordinates":[[-74.1205899999999,42.581351],[-74.1202499999999,42.5809830000001]]},"properties":{"FID":11132,"TYPEPIPE":"Interstate","Operator":"Iroquois Gas Trans Co","Status":"Operating","Shape_Leng":0.000501022953548,"Shape__Length":67.28920833888623}},{"type":"Feature","id":11142,"geometry":{"type":"LineString","coordinates":[[-74.129094,42.5857300000001],[-74.1205899999999,42.581351]]},"properties":{"FID":11142,"TYPEPIPE":"Interstate","Operator":"Iroquois Gas Trans Co","Status":"Operating","Shape_Leng":0.00956523167521,"Shape__Length":1155.2005945669557}},{"type":"Feature","id":11144,"geometry":{"type":"LineString","coordinates":[[-74.129317,42.586524],[-74.129094,42.5857300000001]]},"properties":{"FID":11144,"TYPEPIPE":"Interstate","Operator":"Iroquois Gas Trans Co","Status":"Operating","Shape_Leng":0.000824721164988,"Shape__Length":122.58914404883687}},{"type":"Feature","id":11146,"geometry":{"type":"LineString","coordinates":[[-74.1346579999999,42.590081],[-74.129317,42.586524]]},"properties":{"FID":11146,"TYPEPIPE":"Interstate","Operator":"Iroquois Gas Trans Co","Status":"Operating","Shape_Leng":0.00641704994525,"Shape__Length":801.7174507121061}},{"type":"Feature","id":11148,"geometry":{"type":"LineString","coordinates":[[-74.1439799999999,42.6040600000001],[-74.14361,42.602058]]},"properties":{"FID":11148,"TYPEPIPE":"Interstate","Operator":"Iroquois Gas Trans Co","Status":"Operating","Shape_Leng":0.00203590373053,"Shape__Length":305.56472388287176}},{"type":"Feature","id":11150,"geometry":{"type":"LineString","coordinates":[[-74.145565,42.6052290000001],[-74.1439799999999,42.6040600000001]]},"properties":{"FID":11150,"TYPEPIPE":"Interstate","Operator":"Iroquois Gas Trans Co","Status":"Operating","Shape_Leng":0.00196946337872,"Shape__Length":249.7797255353236}},{"type":"Feature","id":11152,"geometry":{"type":"LineString","coordinates":[[-74.148116,42.606549],[-74.145565,42.6052290000001]]},"properties":{"FID":11152,"TYPEPIPE":"Interstate","Operator":"Iroquois Gas Trans Co","Status":"Operating","Shape_Leng":0.00287228149731,"Shape__Length":347.12988713207227}},{"type":"Feature","id":11153,"geometry":{"type":"LineString","coordinates":[[-74.1491799999999,42.6075970000001],[-74.148116,42.606549]]},"properties":{"FID":11153,"TYPEPIPE":"Interstate","Operator":"Iroquois Gas Trans Co","Status":"Operating","Shape_Leng":0.00149345237622,"Shape__Length":197.87176017667332}},{"type":"Feature","id":11155,"geometry":{"type":"LineString","coordinates":[[-74.149943,42.608752],[-74.1491799999999,42.6075970000001]]},"properties":{"FID":11155,"TYPEPIPE":"Interstate","Operator":"Iroquois Gas Trans Co","Status":"Operating","Shape_Leng":0.00138426659281,"Shape__Length":194.2468534725635}},{"type":"Feature","id":11157,"geometry":{"type":"LineString","coordinates":[[-74.150177,42.609311],[-74.149943,42.608752]]},"properties":{"FID":11157,"TYPEPIPE":"Interstate","Operator":"Iroquois Gas Trans Co","Status":"Operating","Shape_Leng":0.000606000825104,"Shape__Length":88.47118455588857}},{"type":"Feature","id":11159,"geometry":{"type":"LineString","coordinates":[[-74.150838,42.6125890000001],[-74.150177,42.609311]]},"properties":{"FID":11159,"TYPEPIPE":"Interstate","Operator":"Iroquois Gas Trans Co","Status":"Operating","Shape_Leng":0.00334398041264,"Shape__Length":501.24726222618006}},{"type":"Feature","id":11160,"geometry":{"type":"LineString","coordinates":[[-74.152249,42.614472],[-74.150838,42.6125890000001]]},"properties":{"FID":11160,"TYPEPIPE":"Interstate","Operator":"Iroquois Gas Trans Co","Status":"Operating","Shape_Leng":0.00235300021248,"Shape__Length":325.2657742879649}},{"type":"Feature","id":11162,"geometry":{"type":"LineString","coordinates":[[-74.137649,42.5913130000001],[-74.1346579999999,42.590081]]},"properties":{"FID":11162,"TYPEPIPE":"Interstate","Operator":"Iroquois Gas Trans Co","Status":"Operating","Shape_Leng":0.00323479597503,"Shape__Length":381.52700062948884}},{"type":"Feature","id":11164,"geometry":{"type":"LineString","coordinates":[[-74.142972,42.598032],[-74.137649,42.5913130000001]]},"properties":{"FID":11164,"TYPEPIPE":"Interstate","Operator":"Iroquois Gas Trans Co","Status":"Operating","Shape_Leng":0.00857200618292,"Shape__Length":1176.1900219783306}},{"type":"Feature","id":11166,"geometry":{"type":"LineString","coordinates":[[-74.14361,42.602058],[-74.142972,42.598032]]},"properties":{"FID":11166,"TYPEPIPE":"Interstate","Operator":"Iroquois Gas Trans Co","Status":"Operating","Shape_Leng":0.00407623846212,"Shape__Length":612.9781635286618}},{"type":"Feature","id":11168,"geometry":{"type":"LineString","coordinates":[[-74.154837,42.618229],[-74.152249,42.614472]]},"properties":{"FID":11168,"TYPEPIPE":"Interstate","Operator":"Iroquois Gas Trans Co","Status":"Operating","Shape_Leng":0.00456210401022,"Shape__Length":637.1686015795219}},{"type":"Feature","id":11170,"geometry":{"type":"LineString","coordinates":[[-74.155671,42.620276],[-74.154837,42.618229]]},"properties":{"FID":11170,"TYPEPIPE":"Interstate","Operator":"Iroquois Gas Trans Co","Status":"Operating","Shape_Leng":0.00221037666474,"Shape__Length":323.2801051844859}},{"type":"Feature","id":11172,"geometry":{"type":"LineString","coordinates":[[-74.156648,42.621701],[-74.155671,42.620276]]},"properties":{"FID":11172,"TYPEPIPE":"Interstate","Operator":"Iroquois Gas Trans Co","Status":"Operating","Shape_Leng":0.00172775982125,"Shape__Length":241.45579695489184}},{"type":"Feature","id":11174,"geometry":{"type":"LineString","coordinates":[[-74.157835,42.623156],[-74.156648,42.621701]]},"properties":{"FID":11174,"TYPEPIPE":"Interstate","Operator":"Iroquois Gas Trans Co","Status":"Operating","Shape_Leng":0.00187776303087,"Shape__Length":256.7331385970898}},{"type":"Feature","id":11176,"geometry":{"type":"LineString","coordinates":[[-74.15399,42.626513],[-74.157835,42.623156]]},"properties":{"FID":11176,"TYPEPIPE":"Interstate","Operator":"Iroquois Gas Trans Co","Status":"Operating","Shape_Leng":0.00510426037738,"Shape__Length":664.1879144534385}},{"type":"Feature","id":11178,"geometry":{"type":"LineString","coordinates":[[-74.153968,42.627504],[-74.15399,42.626513]]},"properties":{"FID":11178,"TYPEPIPE":"Interstate","Operator":"Iroquois Gas Trans Co","Status":"Operating","Shape_Leng":0.000991244167699,"Shape__Length":149.95330216936603}},{"type":"Feature","id":11181,"geometry":{"type":"LineString","coordinates":[[-74.154026,42.629806],[-74.153968,42.627504]]},"properties":{"FID":11181,"TYPEPIPE":"Interstate","Operator":"Iroquois Gas Trans Co","Status":"Operating","Shape_Leng":0.00230273055305,"Shape__Length":348.3500426224887}},{"type":"Feature","id":11184,"geometry":{"type":"LineString","coordinates":[[-74.032634,42.4808840000001],[-74.032365,42.4798500000001]]},"properties":{"FID":11184,"TYPEPIPE":"Interstate","Operator":"Iroquois Gas Trans Co","Status":"Operating","Shape_Leng":0.00106841798937,"Shape__Length":158.9185910601487}},{"type":"Feature","id":11185,"geometry":{"type":"LineString","coordinates":[[-74.155041,42.631583],[-74.154026,42.629806]]},"properties":{"FID":11185,"TYPEPIPE":"Interstate","Operator":"Iroquois Gas Trans Co","Status":"Operating","Shape_Leng":0.00204644911982,"Shape__Length":291.6437443318218}},{"type":"Feature","id":11187,"geometry":{"type":"LineString","coordinates":[[-74.1570179999999,42.634465],[-74.155041,42.631583]]},"properties":{"FID":11187,"TYPEPIPE":"Interstate","Operator":"Iroquois Gas Trans Co","Status":"Operating","Shape_Leng":0.00349491816783,"Shape__Length":488.4621987159529}},{"type":"Feature","id":11189,"geometry":{"type":"LineString","coordinates":[[-74.162292,42.64066],[-74.1570179999999,42.634465]]},"properties":{"FID":11189,"TYPEPIPE":"Interstate","Operator":"Iroquois Gas Trans Co","Status":"Operating","Shape_Leng":0.00813591426948,"Shape__Length":1106.1023915527448}},{"type":"Feature","id":11190,"geometry":{"type":"LineString","coordinates":[[-74.164524,42.6432280000001],[-74.162292,42.64066]]},"properties":{"FID":11190,"TYPEPIPE":"Interstate","Operator":"Iroquois Gas Trans Co","Status":"Operating","Shape_Leng":0.00340241796378,"Shape__Length":461.2585000945896}},{"type":"Feature","id":11192,"geometry":{"type":"LineString","coordinates":[[-74.169952,42.6487750000001],[-74.164524,42.6432280000001]]},"properties":{"FID":11192,"TYPEPIPE":"Interstate","Operator":"Iroquois Gas Trans Co","Status":"Operating","Shape_Leng":0.00776095309867,"Shape__Length":1034.3359851223931}},{"type":"Feature","id":11195,"geometry":{"type":"LineString","coordinates":[[-74.173619,42.6523920000001],[-74.169952,42.6487750000001]]},"properties":{"FID":11195,"TYPEPIPE":"Interstate","Operator":"Iroquois Gas Trans Co","Status":"Operating","Shape_Leng":0.00515068713864,"Shape__Length":682.8807649671508}},{"type":"Feature","id":11198,"geometry":{"type":"LineString","coordinates":[[-74.179111,42.657816],[-74.175107,42.6538610000001],[-74.173619,42.6523920000001]]},"properties":{"FID":11198,"TYPEPIPE":"Interstate","Operator":"Iroquois Gas Trans Co","Status":"Operating","Shape_Leng":0.0077189274417,"Shape__Length":1023.6215798588668}},{"type":"Feature","id":11201,"geometry":{"type":"LineString","coordinates":[[-74.182087,42.6614430000001],[-74.179111,42.657816]]},"properties":{"FID":11201,"TYPEPIPE":"Interstate","Operator":"Iroquois Gas Trans Co","Status":"Operating","Shape_Leng":0.00469166335113,"Shape__Length":641.2409453898338}},{"type":"Feature","id":11204,"geometry":{"type":"LineString","coordinates":[[-74.1830869999999,42.6620730000001],[-74.182087,42.6614430000001]]},"properties":{"FID":11204,"TYPEPIPE":"Interstate","Operator":"Iroquois Gas Trans Co","Status":"Operating","Shape_Leng":0.00118190524153,"Shape__Length":146.58543598886288}},{"type":"Feature","id":11239,"geometry":{"type":"LineString","coordinates":[[-73.941948,40.7595460000001],[-73.964261,40.7684190000001],[-73.967478,40.7731440000001],[-73.973934,40.7759],[-73.9727109999999,40.7794430000001],[-73.981183,40.784032]]},"properties":{"FID":11239,"TYPEPIPE":"Intrastate","Operator":"Brooklyn Union Gas Co","Status":"Operating","Shape_Leng":0.0501314959822,"Shape__Length":6109.72680066213}},{"type":"Feature","id":11240,"geometry":{"type":"LineString","coordinates":[[-73.943547,40.724432],[-73.939023,40.728416]]},"properties":{"FID":11240,"TYPEPIPE":"Intrastate","Operator":"Brooklyn Union Gas Co","Status":"Operating","Shape_Leng":0.00602816987153,"Shape__Length":772.0757884909558}},{"type":"Feature","id":11241,"geometry":{"type":"LineString","coordinates":[[-73.941524,40.713787],[-73.934578,40.714228]]},"properties":{"FID":11241,"TYPEPIPE":"Intrastate","Operator":"Brooklyn Union Gas Co","Status":"Operating","Shape_Leng":0.00695998541662,"Shape__Length":775.9329682249404}},{"type":"Feature","id":11242,"geometry":{"type":"LineString","coordinates":[[-73.9539599999999,40.696938],[-73.949933,40.6969510000001]]},"properties":{"FID":11242,"TYPEPIPE":"Intrastate","Operator":"Brooklyn Union Gas Co","Status":"Operating","Shape_Leng":0.00402702098326,"Shape__Length":448.2876530301944}},{"type":"Feature","id":11243,"geometry":{"type":"LineString","coordinates":[[-73.983965,40.6787630000001],[-73.993138,40.684451]]},"properties":{"FID":11243,"TYPEPIPE":"Intrastate","Operator":"Brooklyn Union Gas Co","Status":"Operating","Shape_Leng":0.0107933902459,"Shape__Length":1319.041042611375}},{"type":"Feature","id":11247,"geometry":{"type":"LineString","coordinates":[[-73.901382,40.61526],[-73.9001689999999,40.612648]]},"properties":{"FID":11247,"TYPEPIPE":"Intrastate","Operator":"Brooklyn Union Gas Co","Status":"Operating","Shape_Leng":0.00287991545015,"Shape__Length":406.1388894260799}},{"type":"Feature","id":11248,"geometry":{"type":"LineString","coordinates":[[-73.9449299999999,40.598331],[-73.944778,40.593582]]},"properties":{"FID":11248,"TYPEPIPE":"Intrastate","Operator":"Brooklyn Union Gas Co","Status":"Operating","Shape_Leng":0.00475143188944,"Shape__Length":696.4314015608281}},{"type":"Feature","id":11254,"geometry":{"type":"LineString","coordinates":[[-73.7659649999999,40.694421],[-73.7696359999999,40.7054450000001]]},"properties":{"FID":11254,"TYPEPIPE":"Intrastate","Operator":"Brooklyn Union Gas Co","Status":"Operating","Shape_Leng":0.0116191573275,"Shape__Length":1669.4780196695306}},{"type":"Feature","id":11256,"geometry":{"type":"LineString","coordinates":[[-73.75373,40.695996],[-73.7545459999999,40.6987520000001]]},"properties":{"FID":11256,"TYPEPIPE":"Intrastate","Operator":"Brooklyn Union Gas Co","Status":"Operating","Shape_Leng":0.00287426373184,"Shape__Length":414.7272058194082}},{"type":"Feature","id":11258,"geometry":{"type":"LineString","coordinates":[[-73.745168,40.6979240000001],[-73.745165,40.69639]]},"properties":{"FID":11258,"TYPEPIPE":"Intrastate","Operator":"Brooklyn Union Gas Co","Status":"Operating","Shape_Leng":0.0015340029335,"Shape__Length":225.23316885107184}},{"type":"Feature","id":11259,"geometry":{"type":"LineString","coordinates":[[-73.301924,40.8896360000001],[-73.297358,40.889165]]},"properties":{"FID":11259,"TYPEPIPE":"Interstate","Operator":"Iroquois Gas Trans Co","Status":"Operating","Shape_Leng":0.0045902284257,"Shape__Length":512.9948412853098}},{"type":"Feature","id":11260,"geometry":{"type":"LineString","coordinates":[[-73.803896,40.68064],[-73.80308,40.676703],[-73.795736,40.677491]]},"properties":{"FID":11260,"TYPEPIPE":"Intrastate","Operator":"Brooklyn Union Gas Co","Status":"Operating","Shape_Leng":0.0114068293098,"Shape__Length":1410.6658571062267}},{"type":"Feature","id":11261,"geometry":{"type":"LineString","coordinates":[[-73.7973729999999,40.669726],[-73.7973699999999,40.668435],[-73.793292,40.6680410000001],[-73.793292,40.66056],[-73.799817,40.658986],[-73.8010409999999,40.6601670000001]]},"properties":{"FID":11261,"TYPEPIPE":"Intrastate","Operator":"Brooklyn Union Gas Co","Status":"Operating","Shape_Leng":0.0212820169087,"Shape__Length":2727.6303865631894}},{"type":"Feature","id":11262,"geometry":{"type":"LineString","coordinates":[[-73.858516,40.663467],[-73.856509,40.6617420000001]]},"properties":{"FID":11262,"TYPEPIPE":"Intrastate","Operator":"Brooklyn Union Gas Co","Status":"Operating","Shape_Leng":0.00264644554069,"Shape__Length":337.63653313868497}},{"type":"Feature","id":11263,"geometry":{"type":"LineString","coordinates":[[-73.871414,40.6564750000001],[-73.877154,40.6633170000001]]},"properties":{"FID":11263,"TYPEPIPE":"Intrastate","Operator":"Brooklyn Union Gas Co","Status":"Operating","Shape_Leng":0.00893087700062,"Shape__Length":1190.1111396555475}},{"type":"Feature","id":11265,"geometry":{"type":"LineString","coordinates":[[-73.8891589999999,40.6594040000001],[-73.888582,40.66371]]},"properties":{"FID":11265,"TYPEPIPE":"Intrastate","Operator":"Brooklyn Union Gas Co","Status":"Operating","Shape_Leng":0.00434448673606,"Shape__Length":635.1564619191773}},{"type":"Feature","id":11267,"geometry":{"type":"LineString","coordinates":[[-73.9054839999999,40.6493540000001],[-73.9048579999999,40.6436110000001]]},"properties":{"FID":11267,"TYPEPIPE":"Intrastate","Operator":"Brooklyn Union Gas Co","Status":"Operating","Shape_Leng":0.00577701696379,"Shape__Length":845.4647738581099}},{"type":"Feature","id":11269,"geometry":{"type":"LineString","coordinates":[[-73.951337,40.643268],[-73.95177,40.6464820000001]]},"properties":{"FID":11269,"TYPEPIPE":"Intrastate","Operator":"Brooklyn Union Gas Co","Status":"Operating","Shape_Leng":0.00324303638587,"Shape__Length":473.98998853262435}},{"type":"Feature","id":11271,"geometry":{"type":"LineString","coordinates":[[-73.740055,40.696284],[-73.7386529999999,40.699917],[-73.737623,40.7025870000001],[-73.734381,40.7021980000001],[-73.7356609999999,40.6979690000001],[-73.736407,40.695502],[-73.740055,40.696284]]},"properties":{"FID":11271,"TYPEPIPE":"Intrastate","Operator":"Brooklyn Union Gas Co","Status":"Operating","Shape_Leng":0.0207478386204,"Shape__Length":2760.3875021239223}},{"type":"Feature","id":11273,"geometry":{"type":"LineString","coordinates":[[-73.7356609999999,40.6979690000001],[-73.727896,40.6955140000001],[-73.724248,40.697095],[-73.7218159999999,40.6959170000001],[-73.7205999999999,40.6982810000001],[-73.7169519999999,40.6986810000001],[-73.7153309999999,40.701439],[-73.7039819999999,40.701063],[-73.7003339999999,40.707368],[-73.6950649999999,40.708557],[-73.6938489999999,40.7105270000001],[-73.6902009999999,40.7113200000001],[-73.6889849999999,40.712503],[-73.6853369999999,40.715265],[-73.6804729999999,40.714485],[-73.679257,40.717636],[-73.675609,40.7176420000001],[-73.674799,40.7192180000001],[-73.653722,40.718462],[-73.65048,40.716105],[-73.644525,40.717832],[-73.643316,40.723731],[-73.629621,40.7279790000001]]},"properties":{"FID":11273,"TYPEPIPE":"Intrastate","Operator":"Brooklyn Union Gas Co","Status":"Operating","Shape_Leng":0.126093890616,"Shape__Length":15148.431366260074}},{"type":"Feature","id":11274,"geometry":{"type":"LineString","coordinates":[[-74.0331189999999,42.48128],[-74.032634,42.4808840000001]]},"properties":{"FID":11274,"TYPEPIPE":"Interstate","Operator":"Iroquois Gas Trans Co","Status":"Operating","Shape_Leng":0.000626131775223,"Shape__Length":80.54633338975188}},{"type":"Feature","id":11276,"geometry":{"type":"LineString","coordinates":[[-73.629621,40.7279790000001],[-73.602229,40.7360820000001],[-73.591832,40.7400020000001]]},"properties":{"FID":11276,"TYPEPIPE":"Intrastate","Operator":"Brooklyn Union Gas Co","Status":"Operating","Shape_Leng":0.0396768043764,"Shape__Length":4566.133493598329}},{"type":"Feature","id":11278,"geometry":{"type":"LineString","coordinates":[[-73.629621,40.7279790000001],[-73.638068,40.7142160000001],[-73.6571,40.7108260000001],[-73.659106,40.703948],[-73.669119,40.701825],[-73.6721249999999,40.6992520000001],[-73.664112,40.6975100000001],[-73.6681169999999,40.6884870000001],[-73.6841429999999,40.6816470000001],[-73.6821389999999,40.6782000000001],[-73.68815,40.668753],[-73.702954,40.668284],[-73.7029709999999,40.660988],[-73.69593,40.6596900000001],[-73.696945,40.657544],[-73.694946,40.6528230000001],[-73.6909229999999,40.651532],[-73.683871,40.654096],[-73.6798479999999,40.6532310000001],[-73.682891,40.646804],[-73.682896,40.645087],[-73.6939859999999,40.639098],[-73.6889619999999,40.6378070000001],[-73.685959,40.633945],[-73.678915,40.6335080000001],[-73.680977,40.6219370000001],[-73.6910379999999,40.621948],[-73.697099,40.615526],[-73.703138,40.615532],[-73.705165,40.612106],[-73.700141,40.610815],[-73.699146,40.6078140000001],[-73.711241,40.6022540000001],[-73.702239,40.591532],[-73.70259,40.587317]]},"properties":{"FID":11278,"TYPEPIPE":"Intrastate","Operator":"Brooklyn Union Gas Co","Status":"Operating","Shape_Leng":0.279252937133,"Shape__Length":35098.83135418569}},{"type":"Feature","id":11279,"geometry":{"type":"LineString","coordinates":[[-73.3027759999999,40.8936400000001],[-73.301924,40.8896360000001]]},"properties":{"FID":11279,"TYPEPIPE":"Interstate","Operator":"Iroquois Gas Trans Co","Status":"Operating","Shape_Leng":0.00409364385358,"Shape__Length":597.2001973915335}},{"type":"Feature","id":11280,"geometry":{"type":"LineString","coordinates":[[-73.588892,40.713623],[-73.590228,40.728191],[-73.591832,40.7400020000001],[-73.592226,40.7494520000001],[-73.602322,40.7608700000001],[-73.607963,40.7778000000001],[-73.6067429999999,40.782918],[-73.620876,40.7978800000001],[-73.618444,40.802605],[-73.621253,40.818354],[-73.628528,40.820322],[-73.6301349999999,40.8278030000001],[-73.6495389999999,40.8278030000001]]},"properties":{"FID":11280,"TYPEPIPE":"Intrastate","Operator":"Brooklyn Union Gas Co","Status":"Operating","Shape_Leng":0.150840063531,"Shape__Length":20551.684041111897}},{"type":"Feature","id":11282,"geometry":{"type":"LineString","coordinates":[[-73.6495389999999,40.8278030000001],[-73.643479,40.825047],[-73.647163,40.791187],[-73.6455529999999,40.786068],[-73.649602,40.781344],[-73.6560699999999,40.7809500000001],[-73.664968,40.777406],[-73.6682059999999,40.7746500000001],[-73.6787189999999,40.7722880000001],[-73.6884219999999,40.7707130000001],[-73.690849,40.769256],[-73.694877,40.7668810000001],[-73.702531,40.7660710000001],[-73.7085729999999,40.7684150000001],[-73.729156,40.768826]]},"properties":{"FID":11282,"TYPEPIPE":"Intrastate","Operator":"Brooklyn Union Gas Co","Status":"Operating","Shape_Leng":0.135491418485,"Shape__Length":16915.734186666145}},{"type":"Feature","id":11283,"geometry":{"type":"LineString","coordinates":[[-73.7332,40.7700140000001],[-73.7327999999999,40.764509],[-73.732716,40.7633260000001],[-73.728756,40.7633210000001],[-73.729156,40.768826],[-73.729156,40.7700060000001],[-73.7332,40.7700140000001]]},"properties":{"FID":11283,"TYPEPIPE":"Intrastate","Operator":"Brooklyn Union Gas Co","Status":"Operating","Shape_Leng":0.0214090157936,"Shape__Length":2859.275629735779}},{"type":"Feature","id":11285,"geometry":{"type":"LineString","coordinates":[[-73.7327999999999,40.764509],[-73.7566889999999,40.758157],[-73.763811,40.7604010000001],[-73.78399,40.7604010000001],[-73.788145,40.763991],[-73.826723,40.764439],[-73.829967,40.7562580000001],[-73.8376499999999,40.7558750000001],[-73.846692,40.752324],[-73.8667799999999,40.756383],[-73.878138,40.757971],[-73.883589,40.758764],[-73.890857,40.759559],[-73.889495,40.765115],[-73.895855,40.76829],[-73.9145,40.7820780000001]]},"properties":{"FID":11285,"TYPEPIPE":"Intrastate","Operator":"Brooklyn Union Gas Co","Status":"Operating","Shape_Leng":0.203444925002,"Shape__Length":23781.2978255088}},{"type":"Feature","id":11286,"geometry":{"type":"LineString","coordinates":[[-73.883589,40.758764],[-73.883589,40.7627350000001]]},"properties":{"FID":11286,"TYPEPIPE":"Intrastate","Operator":"Brooklyn Union Gas Co","Status":"Operating","Shape_Leng":0.00397100000004,"Shape__Length":583.6082551283762}},{"type":"Feature","id":11287,"geometry":{"type":"LineString","coordinates":[[-74.033806,42.4815290000001],[-74.0331189999999,42.48128]]},"properties":{"FID":11287,"TYPEPIPE":"Interstate","Operator":"Iroquois Gas Trans Co","Status":"Operating","Shape_Leng":0.000730732509243,"Shape__Length":85.21302585076238}},{"type":"Feature","id":11288,"geometry":{"type":"LineString","coordinates":[[-73.878138,40.757971],[-73.875412,40.7690840000001],[-73.874049,40.770672]]},"properties":{"FID":11288,"TYPEPIPE":"Intrastate","Operator":"Brooklyn Union Gas Co","Status":"Operating","Shape_Leng":0.0135351865981,"Shape__Length":1939.6665697298424}},{"type":"Feature","id":11290,"geometry":{"type":"LineString","coordinates":[[-73.602229,40.7360820000001],[-73.6018539999999,40.7132290000001]]},"properties":{"FID":11290,"TYPEPIPE":"Intrastate","Operator":"Brooklyn Union Gas Co","Status":"Operating","Shape_Leng":0.0228560765224,"Shape__Length":3357.087548349667}},{"type":"Feature","id":11292,"geometry":{"type":"LineString","coordinates":[[-73.590228,40.728191],[-73.5718889999999,40.747236],[-73.53437,40.7562720000001],[-73.504768,40.763852],[-73.4848049999999,40.767343],[-73.454514,40.779611],[-73.421814,40.7862230000001],[-73.398064,40.8014010000001],[-73.367429,40.800734],[-73.354005,40.808611],[-73.333697,40.815298],[-73.317175,40.8097010000001],[-73.298825,40.8123880000001],[-73.292726,40.8127710000001]]},"properties":{"FID":11292,"TYPEPIPE":"Intrastate","Operator":"Brooklyn Union Gas Co","Status":"Operating","Shape_Leng":0.319770752629,"Shape__Length":37201.647219031634}},{"type":"Feature","id":11293,"geometry":{"type":"LineString","coordinates":[[-73.321837,40.741263],[-73.298825,40.8123880000001],[-73.294708,40.825586],[-73.2889729999999,40.8259590000001]]},"properties":{"FID":11293,"TYPEPIPE":"Intrastate","Operator":"Brooklyn Union Gas Co","Status":"Operating","Shape_Leng":0.0943273955012,"Shape__Length":13400.35422156639}},{"type":"Feature","id":11294,"geometry":{"type":"LineString","coordinates":[[-73.3042159999999,40.897403],[-73.3027759999999,40.8936400000001]]},"properties":{"FID":11294,"TYPEPIPE":"Interstate","Operator":"Iroquois Gas Trans Co","Status":"Operating","Shape_Leng":0.0040291151634,"Shape__Length":576.8830044791106}},{"type":"Feature","id":11295,"geometry":{"type":"LineString","coordinates":[[-73.814354,40.9814200000001],[-73.846345,40.9897780000001]]},"properties":{"FID":11295,"TYPEPIPE":"Intrastate","Operator":"Brooklyn Union Gas Co","Status":"Operating","Shape_Leng":0.0330647885975,"Shape__Length":3768.479876573367}},{"type":"Feature","id":11297,"geometry":{"type":"LineString","coordinates":[[-73.993467,40.600172],[-73.9782079999999,40.594362],[-73.9449299999999,40.598331],[-73.926958,40.6013110000001],[-73.918306,40.596345],[-73.901382,40.61526],[-73.892756,40.629127]]},"properties":{"FID":11297,"TYPEPIPE":"Intrastate","Operator":"Brooklyn Union Gas Co","Status":"Operating","Shape_Leng":0.119746879523,"Shape__Length":14507.148463221849}},{"type":"Feature","id":11299,"geometry":{"type":"LineString","coordinates":[[-73.884294,40.635751],[-73.874625,40.6447230000001],[-73.879473,40.6510250000001],[-73.871414,40.6564750000001],[-73.858516,40.663467],[-73.8536799999999,40.6665800000001],[-73.834323,40.6688310000001],[-73.832304,40.6672500000001],[-73.822082,40.667648],[-73.821271,40.670797],[-73.7973729999999,40.669726],[-73.794926,40.6696160000001],[-73.795736,40.677491],[-73.795739,40.681822]]},"properties":{"FID":11299,"TYPEPIPE":"Intrastate","Operator":"Brooklyn Union Gas Co","Status":"Operating","Shape_Leng":0.125445111471,"Shape__Length":15289.74113017271}},{"type":"Feature","id":11300,"geometry":{"type":"LineString","coordinates":[[-73.892756,40.629127],[-73.890975,40.6280810000001],[-73.882367,40.6343430000001],[-73.884294,40.635751],[-73.885912,40.636809],[-73.89451,40.6302180000001],[-73.892756,40.629127]]},"properties":{"FID":11300,"TYPEPIPE":"Intrastate","Operator":"Brooklyn Union Gas Co","Status":"Operating","Shape_Leng":0.0299291950458,"Shape__Length":3726.5010038454925}},{"type":"Feature","id":11302,"geometry":{"type":"LineString","coordinates":[[-74.019896,40.6276100000001],[-74.007106,40.6458190000001],[-73.998475,40.658108],[-73.983965,40.6787630000001],[-73.9826179999999,40.68068]]},"properties":{"FID":11302,"TYPEPIPE":"Intrastate","Operator":"Brooklyn Union Gas Co","Status":"Operating","Shape_Leng":0.0648542534847,"Shape__Length":8823.798332033082}},{"type":"Feature","id":11303,"geometry":{"type":"LineString","coordinates":[[-73.9477239999999,40.7503070000001],[-73.95179,40.7510950000001],[-73.953207,40.747174],[-73.949311,40.7461640000001],[-73.946113,40.7455830000001],[-73.9445019999999,40.749126],[-73.9477239999999,40.7503070000001]]},"properties":{"FID":11303,"TYPEPIPE":"Intrastate","Operator":"Brooklyn Union Gas Co","Status":"Operating","Shape_Leng":0.022909667824,"Shape__Length":2838.1179521523654}},{"type":"Feature","id":11304,"geometry":{"type":"LineString","coordinates":[[-73.9825999999999,40.680801],[-73.9748529999999,40.677468],[-73.9671519999999,40.6786490000001],[-73.9655309999999,40.684555],[-73.9586399999999,40.683768],[-73.9566139999999,40.6869180000001],[-73.9578299999999,40.6900670000001],[-73.9533709999999,40.6916420000001],[-73.9539599999999,40.696938],[-73.9549919999999,40.7062100000001],[-73.9541819999999,40.707391],[-73.9497229999999,40.708966],[-73.94567,40.7093600000001],[-73.941617,40.710541],[-73.941524,40.713787],[-73.941279,40.722353],[-73.943547,40.724432],[-73.9477239999999,40.728259],[-73.9481269999999,40.732983],[-73.953364,40.7325900000001],[-73.954572,40.739677],[-73.950141,40.743614],[-73.949311,40.7461640000001]]},"properties":{"FID":11304,"TYPEPIPE":"Intrastate","Operator":"Brooklyn Union Gas Co","Status":"Operating","Shape_Leng":0.116597115435,"Shape__Length":15237.32348347299}},{"type":"Feature","id":11305,"geometry":{"type":"LineString","coordinates":[[-73.9477239999999,40.7503070000001],[-73.941948,40.7595460000001],[-73.938862,40.764482],[-73.930942,40.7688130000001],[-73.9281129999999,40.771175],[-73.925689,40.771175],[-73.9145,40.7820780000001],[-73.90791,40.7884990000001],[-73.90791,40.8003110000001],[-73.9212439999999,40.8038540000001],[-73.9216479999999,40.805823],[-73.956902,40.824031]]},"properties":{"FID":11305,"TYPEPIPE":"Intrastate","Operator":"Brooklyn Union Gas Co","Status":"Operating","Shape_Leng":0.123974247508,"Shape__Length":15710.59714127634}},{"type":"Feature","id":11306,"geometry":{"type":"LineString","coordinates":[[-73.9212439999999,40.8038540000001],[-73.908423,40.8149990000001],[-73.894894,40.825017],[-73.8952409999999,40.8296930000001],[-73.8928129999999,40.834702],[-73.885305,40.8377650000001],[-73.888997,40.83871],[-73.8834459999999,40.8497310000001],[-73.876855,40.856744],[-73.8706109999999,40.870437],[-73.858015,40.886756],[-73.84133,40.9088560000001],[-73.836462,40.916113],[-73.83259,40.9359030000001],[-73.8249479999999,40.9448090000001],[-73.8238729999999,40.9560240000001],[-73.8158519999999,40.9748250000001],[-73.814354,40.9814200000001]]},"properties":{"FID":11306,"TYPEPIPE":"Intrastate","Operator":"Brooklyn Union Gas Co","Status":"Operating","Shape_Leng":0.220425710363,"Shape__Length":30066.854807473504}},{"type":"Feature","id":11307,"geometry":{"type":"LineString","coordinates":[[-73.877154,40.6633170000001],[-73.8755379999999,40.6633170000001],[-73.869477,40.6664660000001],[-73.8516979999999,40.6739470000001],[-73.833669,40.6755220000001],[-73.83163,40.6739470000001],[-73.8255119999999,40.675128],[-73.8222489999999,40.675128],[-73.8218409999999,40.679066],[-73.816947,40.679066],[-73.817355,40.6810340000001],[-73.806751,40.6802470000001],[-73.803896,40.68064],[-73.795739,40.681822],[-73.792068,40.6826090000001],[-73.79166,40.685365],[-73.7659649999999,40.694421],[-73.756993,40.6916650000001],[-73.757808,40.694421],[-73.75373,40.695996],[-73.745168,40.6979240000001],[-73.741494,40.6987520000001],[-73.7386529999999,40.699917]]},"properties":{"FID":11307,"TYPEPIPE":"Intrastate","Operator":"Brooklyn Union Gas Co","Status":"Operating","Shape_Leng":0.156552351571,"Shape__Length":18290.100943254434}},{"type":"Feature","id":11308,"geometry":{"type":"LineString","coordinates":[[-74.007106,40.6458190000001],[-74.0014659999999,40.6445400000001],[-73.9938339999999,40.644752],[-73.989249,40.643919],[-73.9892409999999,40.641831],[-73.9701469999999,40.6395430000001]]},"properties":{"FID":11308,"TYPEPIPE":"Intrastate","Operator":"Brooklyn Union Gas Co","Status":"Operating","Shape_Leng":0.0393968125979,"Shape__Length":4488.470862057169}},{"type":"Feature","id":11309,"geometry":{"type":"LineString","coordinates":[[-73.9701469999999,40.6395430000001],[-73.957642,40.639574],[-73.956383,40.6436110000001],[-73.951337,40.643268],[-73.945819,40.6428920000001],[-73.9438979999999,40.644329],[-73.9376569999999,40.645764],[-73.938617,40.6486350000001],[-73.9054839999999,40.6493540000001],[-73.903564,40.6493540000001],[-73.894441,40.658685],[-73.8891589999999,40.6594040000001],[-73.888199,40.6594040000001],[-73.883877,40.66371],[-73.877154,40.662993]]},"properties":{"FID":11309,"TYPEPIPE":"Intrastate","Operator":"Brooklyn Union Gas Co","Status":"Operating","Shape_Leng":0.10641568789,"Shape__Length":12504.674269867608}},{"type":"Feature","id":11311,"geometry":{"type":"LineString","coordinates":[[-73.629621,40.7279790000001],[-73.620487,40.712835],[-73.6018539999999,40.7132290000001],[-73.588892,40.713623]]},"properties":{"FID":11311,"TYPEPIPE":"Intrastate","Operator":"Brooklyn Union Gas Co","Status":"Operating","Shape_Leng":0.0492904760895,"Shape__Length":5964.816463829214}},{"type":"Feature","id":11312,"geometry":{"type":"LineString","coordinates":[[-73.588892,40.713623],[-73.5839129999999,40.712835],[-73.5815049999999,40.7192820000001],[-73.5583799999999,40.716645],[-73.5563079999999,40.71518],[-73.533537,40.715766],[-73.532165,40.7201620000001],[-73.522213,40.7210410000001],[-73.521528,40.717231],[-73.496478,40.713714],[-73.474173,40.716059],[-73.4559859999999,40.7213340000001],[-73.4333379999999,40.7266090000001],[-73.392715,40.734522],[-73.392367,40.7397970000001],[-73.36214,40.743021],[-73.354497,40.7403840000001],[-73.321837,40.741263],[-73.3155839999999,40.741263],[-73.292726,40.8127710000001],[-73.2889729999999,40.8259590000001],[-73.2889729999999,40.828604]]},"properties":{"FID":11312,"TYPEPIPE":"Intrastate","Operator":"Brooklyn Union Gas Co","Status":"Operating","Shape_Leng":0.38440581951,"Shape__Length":46797.994889898066}},{"type":"Feature","id":11329,"geometry":{"type":"LineString","coordinates":[[-74.034749,42.48244],[-74.033806,42.4815290000001]]},"properties":{"FID":11329,"TYPEPIPE":"Interstate","Operator":"Iroquois Gas Trans Co","Status":"Operating","Shape_Leng":0.00131117123213,"Shape__Length":172.99867428668347}},{"type":"Feature","id":11335,"geometry":{"type":"LineString","coordinates":[[-73.304315,40.89791],[-73.3042159999999,40.897403]]},"properties":{"FID":11335,"TYPEPIPE":"Interstate","Operator":"Iroquois Gas Trans Co","Status":"Operating","Shape_Leng":0.000516575260709,"Shape__Length":75.47549422289372}},{"type":"Feature","id":11341,"geometry":{"type":"LineString","coordinates":[[-74.0368119999999,42.4836750000001],[-74.034749,42.48244]]},"properties":{"FID":11341,"TYPEPIPE":"Interstate","Operator":"Iroquois Gas Trans Co","Status":"Operating","Shape_Leng":0.00240441136245,"Shape__Length":295.7905506791796}},{"type":"Feature","id":11347,"geometry":{"type":"LineString","coordinates":[[-73.3045989999999,40.900517],[-73.304315,40.89791]]},"properties":{"FID":11347,"TYPEPIPE":"Interstate","Operator":"Iroquois Gas Trans Co","Status":"Operating","Shape_Leng":0.00262242349746,"Shape__Length":385.2448064918333}},{"type":"Feature","id":11356,"geometry":{"type":"LineString","coordinates":[[-74.037976,42.4838960000001],[-74.0368119999999,42.4836750000001]]},"properties":{"FID":11356,"TYPEPIPE":"Interstate","Operator":"Iroquois Gas Trans Co","Status":"Operating","Shape_Leng":0.00118479407495,"Shape__Length":133.80123042021066}},{"type":"Feature","id":11368,"geometry":{"type":"LineString","coordinates":[[-73.307056,40.9045160000001],[-73.3045989999999,40.900517]]},"properties":{"FID":11368,"TYPEPIPE":"Interstate","Operator":"Iroquois Gas Trans Co","Status":"Operating","Shape_Leng":0.00469349017261,"Shape__Length":649.3903412817994}},{"type":"Feature","id":11374,"geometry":{"type":"LineString","coordinates":[[-74.0390889999999,42.485013],[-74.037976,42.4838960000001]]},"properties":{"FID":11374,"TYPEPIPE":"Interstate","Operator":"Iroquois Gas Trans Co","Status":"Operating","Shape_Leng":0.00157685065871,"Shape__Length":209.23786720317673}},{"type":"Feature","id":11386,"geometry":{"type":"LineString","coordinates":[[-74.040183,42.4909400000001],[-74.0390889999999,42.485013]]},"properties":{"FID":11386,"TYPEPIPE":"Interstate","Operator":"Iroquois Gas Trans Co","Status":"Operating","Shape_Leng":0.00602711912945,"Shape__Length":902.9795790330721}},{"type":"Feature","id":11392,"geometry":{"type":"LineString","coordinates":[[-73.3111469999999,40.906532],[-73.307056,40.9045160000001]]},"properties":{"FID":11392,"TYPEPIPE":"Interstate","Operator":"Iroquois Gas Trans Co","Status":"Operating","Shape_Leng":0.00456076057249,"Shape__Length":543.660254583308}},{"type":"Feature","id":11399,"geometry":{"type":"LineString","coordinates":[[-74.0410009999999,42.494175],[-74.040183,42.4909400000001]]},"properties":{"FID":11399,"TYPEPIPE":"Interstate","Operator":"Iroquois Gas Trans Co","Status":"Operating","Shape_Leng":0.00333681719603,"Shape__Length":496.8021546808803}},{"type":"Feature","id":11405,"geometry":{"type":"LineString","coordinates":[[-73.314309,40.908708],[-73.3111469999999,40.906532]]},"properties":{"FID":11405,"TYPEPIPE":"Interstate","Operator":"Iroquois Gas Trans Co","Status":"Operating","Shape_Leng":0.00383838768239,"Shape__Length":476.0521374509833}},{"type":"Feature","id":11426,"geometry":{"type":"LineString","coordinates":[[-74.0481129999999,42.5071810000001],[-74.0410009999999,42.494175]]},"properties":{"FID":11426,"TYPEPIPE":"Interstate","Operator":"Iroquois Gas Trans Co","Status":"Operating","Shape_Leng":0.0148235144281,"Shape__Length":2117.3463651617767}},{"type":"Feature","id":11432,"geometry":{"type":"LineString","coordinates":[[-73.31535,40.9094620000001],[-73.314309,40.908708]]},"properties":{"FID":11432,"TYPEPIPE":"Interstate","Operator":"Iroquois Gas Trans Co","Status":"Operating","Shape_Leng":0.00128537815448,"Shape__Length":160.51082236107237}},{"type":"Feature","id":11439,"geometry":{"type":"LineString","coordinates":[[-74.049565,42.507998],[-74.0481129999999,42.5071810000001]]},"properties":{"FID":11439,"TYPEPIPE":"Interstate","Operator":"Iroquois Gas Trans Co","Status":"Operating","Shape_Leng":0.00166607112695,"Shape__Length":203.3389032303822}},{"type":"Feature","id":11445,"geometry":{"type":"LineString","coordinates":[[-73.3152719999999,40.9100560000001],[-73.31535,40.9094620000001]]},"properties":{"FID":11445,"TYPEPIPE":"Interstate","Operator":"Iroquois Gas Trans Co","Status":"Operating","Shape_Leng":0.000599099323968,"Shape__Length":87.92496668489439}},{"type":"Feature","id":11458,"geometry":{"type":"LineString","coordinates":[[-74.052058,42.510179],[-74.049565,42.507998]]},"properties":{"FID":11458,"TYPEPIPE":"Interstate","Operator":"Iroquois Gas Trans Co","Status":"Operating","Shape_Leng":0.0033123722617,"Shape__Length":430.68459416963043}},{"type":"Feature","id":11464,"geometry":{"type":"LineString","coordinates":[[-73.3170009999999,40.9114040000001],[-73.3152719999999,40.9100560000001]]},"properties":{"FID":11464,"TYPEPIPE":"Interstate","Operator":"Iroquois Gas Trans Co","Status":"Operating","Shape_Leng":0.00219238340626,"Shape__Length":276.5351904650009}},{"type":"Feature","id":11470,"geometry":{"type":"LineString","coordinates":[[-74.056078,42.5135760000001],[-74.052058,42.510179]]},"properties":{"FID":11470,"TYPEPIPE":"Interstate","Operator":"Iroquois Gas Trans Co","Status":"Operating","Shape_Leng":0.00526307980177,"Shape__Length":680.75721503825}},{"type":"Feature","id":11475,"geometry":{"type":"LineString","coordinates":[[-73.31789,40.9113820000001],[-73.3170009999999,40.9114040000001]]},"properties":{"FID":11475,"TYPEPIPE":"Interstate","Operator":"Iroquois Gas Trans Co","Status":"Operating","Shape_Leng":0.000889272174338,"Shape__Length":99.01607212407656}},{"type":"Feature","id":11489,"geometry":{"type":"LineString","coordinates":[[-74.0591699999999,42.513427],[-74.056078,42.5135760000001]]},"properties":{"FID":11489,"TYPEPIPE":"Interstate","Operator":"Iroquois Gas Trans Co","Status":"Operating","Shape_Leng":0.00309558798936,"Shape__Length":344.9346108211016}},{"type":"Feature","id":11514,"geometry":{"type":"LineString","coordinates":[[-73.324398,40.9147320000001],[-73.31789,40.9113820000001]]},"properties":{"FID":11514,"TYPEPIPE":"Interstate","Operator":"Iroquois Gas Trans Co","Status":"Operating","Shape_Leng":0.00731960135527,"Shape__Length":876.566738767243}},{"type":"Feature","id":11522,"geometry":{"type":"LineString","coordinates":[[-74.060239,42.5127190000001],[-74.0591699999999,42.513427]]},"properties":{"FID":11522,"TYPEPIPE":"Interstate","Operator":"Iroquois Gas Trans Co","Status":"Operating","Shape_Leng":0.00128219538294,"Shape__Length":159.9790646351976}},{"type":"Feature","id":11528,"geometry":{"type":"LineString","coordinates":[[-73.3308709999999,40.9167180000001],[-73.324398,40.9147320000001]]},"properties":{"FID":11528,"TYPEPIPE":"Interstate","Operator":"Iroquois Gas Trans Co","Status":"Operating","Shape_Leng":0.00677081420507,"Shape__Length":777.6981899611104}},{"type":"Feature","id":11540,"geometry":{"type":"LineString","coordinates":[[-74.062091,42.512185],[-74.060239,42.5127190000001]]},"properties":{"FID":11540,"TYPEPIPE":"Interstate","Operator":"Iroquois Gas Trans Co","Status":"Operating","Shape_Leng":0.00192744909141,"Shape__Length":221.37480830735979}},{"type":"Feature","id":11577,"geometry":{"type":"LineString","coordinates":[[-73.333363,40.9174800000001],[-73.3308709999999,40.9167180000001]]},"properties":{"FID":11577,"TYPEPIPE":"Interstate","Operator":"Iroquois Gas Trans Co","Status":"Operating","Shape_Leng":0.00260589869337,"Shape__Length":299.2594171898808}},{"type":"Feature","id":11584,"geometry":{"type":"LineString","coordinates":[[-74.0633339999999,42.5122490000001],[-74.062091,42.512185]]},"properties":{"FID":11584,"TYPEPIPE":"Interstate","Operator":"Iroquois Gas Trans Co","Status":"Operating","Shape_Leng":0.00124464653616,"Shape__Length":138.70726625550975}},{"type":"Feature","id":11591,"geometry":{"type":"LineString","coordinates":[[-73.334962,40.919155],[-73.333363,40.9174800000001]]},"properties":{"FID":11591,"TYPEPIPE":"Interstate","Operator":"Iroquois Gas Trans Co","Status":"Operating","Shape_Leng":0.00231569125747,"Shape__Length":304.2577132584031}},{"type":"Feature","id":11597,"geometry":{"type":"LineString","coordinates":[[-74.065281,42.5125],[-74.0633339999999,42.5122490000001]]},"properties":{"FID":11597,"TYPEPIPE":"Interstate","Operator":"Iroquois Gas Trans Co","Status":"Operating","Shape_Leng":0.00196311232488,"Shape__Length":220.02869690664392}},{"type":"Feature","id":11614,"geometry":{"type":"LineString","coordinates":[[-73.33683,40.9200200000001],[-73.334962,40.919155]]},"properties":{"FID":11614,"TYPEPIPE":"Interstate","Operator":"Iroquois Gas Trans Co","Status":"Operating","Shape_Leng":0.00205855507579,"Shape__Length":243.88511196676322}},{"type":"Feature","id":11628,"geometry":{"type":"LineString","coordinates":[[-74.06845,42.512525],[-74.065281,42.5125]]},"properties":{"FID":11628,"TYPEPIPE":"Interstate","Operator":"Iroquois Gas Trans Co","Status":"Operating","Shape_Leng":0.00316909861003,"Shape__Length":352.7916685239658}},{"type":"Feature","id":11635,"geometry":{"type":"LineString","coordinates":[[-73.337749,40.919606],[-73.33683,40.9200200000001]]},"properties":{"FID":11635,"TYPEPIPE":"Interstate","Operator":"Iroquois Gas Trans Co","Status":"Operating","Shape_Leng":0.00100794692323,"Shape__Length":119.10372698236053}},{"type":"Feature","id":11649,"geometry":{"type":"LineString","coordinates":[[-73.338626,40.919786],[-73.337749,40.919606]]},"properties":{"FID":11649,"TYPEPIPE":"Interstate","Operator":"Iroquois Gas Trans Co","Status":"Operating","Shape_Leng":0.000895281519973,"Shape__Length":101.1645000788802}},{"type":"Feature","id":11655,"geometry":{"type":"LineString","coordinates":[[-73.339567,40.9200500000001],[-73.338626,40.919786]]},"properties":{"FID":11655,"TYPEPIPE":"Interstate","Operator":"Iroquois Gas Trans Co","Status":"Operating","Shape_Leng":0.000977331571183,"Shape__Length":111.73875860563584}},{"type":"Feature","id":11661,"geometry":{"type":"LineString","coordinates":[[-73.339436,40.921364],[-73.339567,40.9200500000001]]},"properties":{"FID":11661,"TYPEPIPE":"Interstate","Operator":"Iroquois Gas Trans Co","Status":"Operating","Shape_Leng":0.00132051391509,"Shape__Length":194.1304993778684}},{"type":"Feature","id":11673,"geometry":{"type":"LineString","coordinates":[[-74.069243,42.512909],[-74.06845,42.512525]]},"properties":{"FID":11673,"TYPEPIPE":"Interstate","Operator":"Iroquois Gas Trans Co","Status":"Operating","Shape_Leng":0.000881081721509,"Shape__Length":105.62035940259652}},{"type":"Feature","id":11676,"geometry":{"type":"LineString","coordinates":[[-73.3405309999999,40.9263570000001],[-73.339436,40.921364]]},"properties":{"FID":11676,"TYPEPIPE":"Interstate","Operator":"Iroquois Gas Trans Co","Status":"Operating","Shape_Leng":0.00511166059124,"Shape__Length":745.6480902211499}},{"type":"Feature","id":11679,"geometry":{"type":"LineString","coordinates":[[-74.0699049999999,42.5141300000001],[-74.069243,42.512909]]},"properties":{"FID":11679,"TYPEPIPE":"Interstate","Operator":"Iroquois Gas Trans Co","Status":"Operating","Shape_Leng":0.00138891504423,"Shape__Length":198.57585361004396}},{"type":"Feature","id":11683,"geometry":{"type":"LineString","coordinates":[[-73.339038,40.9295880000001],[-73.3405309999999,40.9263570000001]]},"properties":{"FID":11683,"TYPEPIPE":"Interstate","Operator":"Iroquois Gas Trans Co","Status":"Operating","Shape_Leng":0.00355927099279,"Shape__Length":504.2299698544564}},{"type":"Feature","id":11693,"geometry":{"type":"LineString","coordinates":[[-74.0707839999999,42.5146790000001],[-74.0699049999999,42.5141300000001]]},"properties":{"FID":11693,"TYPEPIPE":"Interstate","Operator":"Iroquois Gas Trans Co","Status":"Operating","Shape_Leng":0.00103635997606,"Shape__Length":128.2530403814643}},{"type":"Feature","id":11702,"geometry":{"type":"LineString","coordinates":[[-74.071445,42.516779],[-74.0707839999999,42.5146790000001]]},"properties":{"FID":11702,"TYPEPIPE":"Interstate","Operator":"Iroquois Gas Trans Co","Status":"Operating","Shape_Leng":0.00220157239263,"Shape__Length":325.5770238656753}},{"type":"Feature","id":11732,"geometry":{"type":"LineString","coordinates":[[-74.071178,42.517496],[-74.071445,42.516779]]},"properties":{"FID":11732,"TYPEPIPE":"Interstate","Operator":"Iroquois Gas Trans Co","Status":"Operating","Shape_Leng":0.000765099993476,"Shape__Length":112.29251984422895}},{"type":"Feature","id":11745,"geometry":{"type":"LineString","coordinates":[[-74.071578,42.5180310000001],[-74.071178,42.517496]]},"properties":{"FID":11745,"TYPEPIPE":"Interstate","Operator":"Iroquois Gas Trans Co","Status":"Operating","Shape_Leng":0.000668000748521,"Shape__Length":92.2580621227402}},{"type":"Feature","id":11757,"geometry":{"type":"LineString","coordinates":[[-74.072106,42.5202860000001],[-74.071578,42.5180310000001]]},"properties":{"FID":11757,"TYPEPIPE":"Interstate","Operator":"Iroquois Gas Trans Co","Status":"Operating","Shape_Leng":0.00231598985316,"Shape__Length":345.6152301412605}},{"type":"Feature","id":11775,"geometry":{"type":"LineString","coordinates":[[-74.073506,42.5214060000001],[-74.072106,42.5202860000001]]},"properties":{"FID":11775,"TYPEPIPE":"Interstate","Operator":"Iroquois Gas Trans Co","Status":"Operating","Shape_Leng":0.00179287478648,"Shape__Length":230.00915047408182}},{"type":"Feature","id":11812,"geometry":{"type":"LineString","coordinates":[[-74.073996,42.522004],[-74.073506,42.5214060000001]]},"properties":{"FID":11812,"TYPEPIPE":"Interstate","Operator":"Iroquois Gas Trans Co","Status":"Operating","Shape_Leng":0.00077311318704,"Shape__Length":105.51466226848137}},{"type":"Feature","id":11831,"geometry":{"type":"LineString","coordinates":[[-74.075867,42.5244870000001],[-74.073996,42.522004]]},"properties":{"FID":11831,"TYPEPIPE":"Interstate","Operator":"Iroquois Gas Trans Co","Status":"Operating","Shape_Leng":0.00310900788037,"Shape__Length":428.9937992908822}},{"type":"Feature","id":11861,"geometry":{"type":"LineString","coordinates":[[-74.218853,42.690474],[-74.2180529999999,42.6894770000001]]},"properties":{"FID":11861,"TYPEPIPE":"Interstate","Operator":"Iroquois Gas Trans Co","Status":"Operating","Shape_Leng":0.00127828361486,"Shape__Length":175.2999013188689}},{"type":"Feature","id":11867,"geometry":{"type":"LineString","coordinates":[[-74.2211809999999,42.691313],[-74.218853,42.690474]]},"properties":{"FID":11867,"TYPEPIPE":"Interstate","Operator":"Iroquois Gas Trans Co","Status":"Operating","Shape_Leng":0.00247457168008,"Shape__Length":288.6271863180062}},{"type":"Feature","id":11872,"geometry":{"type":"LineString","coordinates":[[-74.224993,42.6932890000001],[-74.2211809999999,42.691313]]},"properties":{"FID":11872,"TYPEPIPE":"Interstate","Operator":"Iroquois Gas Trans Co","Status":"Operating","Shape_Leng":0.00429370702312,"Shape__Length":519.2659466388149}},{"type":"Feature","id":11879,"geometry":{"type":"LineString","coordinates":[[-74.36083,42.773556],[-74.35595,42.7709800000001]]},"properties":{"FID":11879,"TYPEPIPE":"Interstate","Operator":"Iroquois Gas Trans Co","Status":"Operating","Shape_Leng":0.00551816781188,"Shape__Length":669.1151588035092}},{"type":"Feature","id":11885,"geometry":{"type":"LineString","coordinates":[[-74.365944,42.7776170000001],[-74.36083,42.773556]]},"properties":{"FID":11885,"TYPEPIPE":"Interstate","Operator":"Iroquois Gas Trans Co","Status":"Operating","Shape_Leng":0.00653029225994,"Shape__Length":838.6882249568608}},{"type":"Feature","id":11891,"geometry":{"type":"LineString","coordinates":[[-74.370895,42.779513],[-74.365944,42.7776170000001]]},"properties":{"FID":11891,"TYPEPIPE":"Interstate","Operator":"Iroquois Gas Trans Co","Status":"Operating","Shape_Leng":0.00530162399648,"Shape__Length":621.6486427282643}},{"type":"Feature","id":11950,"geometry":{"type":"LineString","coordinates":[[-74.371523,42.779748],[-74.370895,42.779513]]},"properties":{"FID":11950,"TYPEPIPE":"Interstate","Operator":"Iroquois Gas Trans Co","Status":"Operating","Shape_Leng":0.00067052889572,"Shape__Length":78.47010759268349}},{"type":"Feature","id":11999,"geometry":{"type":"LineString","coordinates":[[-74.3752289999999,42.7800070000001],[-74.371523,42.779748]]},"properties":{"FID":11999,"TYPEPIPE":"Interstate","Operator":"Iroquois Gas Trans Co","Status":"Operating","Shape_Leng":0.00371503929989,"Shape__Length":414.4159807817581}},{"type":"Feature","id":12045,"geometry":{"type":"LineString","coordinates":[[-74.377307,42.7819470000001],[-74.3752289999999,42.7800070000001]]},"properties":{"FID":12045,"TYPEPIPE":"Interstate","Operator":"Iroquois Gas Trans Co","Status":"Operating","Shape_Leng":0.00284283027987,"Shape__Length":374.2828069647311}},{"type":"Feature","id":12100,"geometry":{"type":"LineString","coordinates":[[-74.3843219999999,42.7873960000001],[-74.377307,42.7819470000001]]},"properties":{"FID":12100,"TYPEPIPE":"Interstate","Operator":"Iroquois Gas Trans Co","Status":"Operating","Shape_Leng":0.00888266998146,"Shape__Length":1137.0669285415097}},{"type":"Feature","id":12118,"geometry":{"type":"LineString","coordinates":[[-74.077168,42.5249650000001],[-74.075867,42.5244870000001]]},"properties":{"FID":12118,"TYPEPIPE":"Interstate","Operator":"Iroquois Gas Trans Co","Status":"Operating","Shape_Leng":0.00138603210642,"Shape__Length":161.82604511954753}},{"type":"Feature","id":12121,"geometry":{"type":"LineString","coordinates":[[-74.385702,42.788781],[-74.3843219999999,42.7873960000001]]},"properties":{"FID":12121,"TYPEPIPE":"Interstate","Operator":"Iroquois Gas Trans Co","Status":"Operating","Shape_Leng":0.00195515344667,"Shape__Length":260.2620564570086}},{"type":"Feature","id":12130,"geometry":{"type":"LineString","coordinates":[[-74.231143,42.695947],[-74.224993,42.6932890000001]]},"properties":{"FID":12130,"TYPEPIPE":"Interstate","Operator":"Iroquois Gas Trans Co","Status":"Operating","Shape_Leng":0.00669981074359,"Shape__Length":794.2089054842863}},{"type":"Feature","id":12141,"geometry":{"type":"LineString","coordinates":[[-74.231321,42.6965230000001],[-74.231143,42.695947]]},"properties":{"FID":12141,"TYPEPIPE":"Interstate","Operator":"Iroquois Gas Trans Co","Status":"Operating","Shape_Leng":0.000602876438443,"Shape__Length":89.46488996902805}},{"type":"Feature","id":12148,"geometry":{"type":"LineString","coordinates":[[-74.233368,42.697501],[-74.231321,42.6965230000001]]},"properties":{"FID":12148,"TYPEPIPE":"Interstate","Operator":"Iroquois Gas Trans Co","Status":"Operating","Shape_Leng":0.00226863240741,"Shape__Length":271.78783164947816}},{"type":"Feature","id":12158,"geometry":{"type":"LineString","coordinates":[[-74.234255,42.697835],[-74.233368,42.697501]]},"properties":{"FID":12158,"TYPEPIPE":"Interstate","Operator":"Iroquois Gas Trans Co","Status":"Operating","Shape_Leng":0.000947800084388,"Shape__Length":110.94597881083914}},{"type":"Feature","id":12164,"geometry":{"type":"LineString","coordinates":[[-74.235249,42.697643],[-74.234255,42.697835]]},"properties":{"FID":12164,"TYPEPIPE":"Interstate","Operator":"Iroquois Gas Trans Co","Status":"Operating","Shape_Leng":0.00101237344888,"Shape__Length":114.4094223711823}},{"type":"Feature","id":12175,"geometry":{"type":"LineString","coordinates":[[-74.2387449999999,42.69922],[-74.235249,42.697643]]},"properties":{"FID":12175,"TYPEPIPE":"Interstate","Operator":"Iroquois Gas Trans Co","Status":"Operating","Shape_Leng":0.00383522424375,"Shape__Length":456.63194521795367}},{"type":"Feature","id":12195,"geometry":{"type":"LineString","coordinates":[[-74.2423709999999,42.70061],[-74.2387449999999,42.69922]]},"properties":{"FID":12195,"TYPEPIPE":"Interstate","Operator":"Iroquois Gas Trans Co","Status":"Operating","Shape_Leng":0.00388329447763,"Shape__Length":455.256845643922}},{"type":"Feature","id":12203,"geometry":{"type":"LineString","coordinates":[[-74.24792,42.702023],[-74.2423709999999,42.70061]]},"properties":{"FID":12203,"TYPEPIPE":"Interstate","Operator":"Iroquois Gas Trans Co","Status":"Operating","Shape_Leng":0.00572607806447,"Shape__Length":653.742387120472}},{"type":"Feature","id":12210,"geometry":{"type":"LineString","coordinates":[[-74.249519,42.7033990000001],[-74.24792,42.702023]]},"properties":{"FID":12210,"TYPEPIPE":"Interstate","Operator":"Iroquois Gas Trans Co","Status":"Operating","Shape_Leng":0.00210954426357,"Shape__Length":274.09728074760585}},{"type":"Feature","id":12214,"geometry":{"type":"LineString","coordinates":[[-74.0777879999999,42.527587],[-74.077168,42.5249650000001]]},"properties":{"FID":12214,"TYPEPIPE":"Interstate","Operator":"Iroquois Gas Trans Co","Status":"Operating","Shape_Leng":0.00269430584749,"Shape__Length":402.02379637896865}},{"type":"Feature","id":12216,"geometry":{"type":"LineString","coordinates":[[-74.249682,42.705611],[-74.249519,42.7033990000001]]},"properties":{"FID":12216,"TYPEPIPE":"Interstate","Operator":"Iroquois Gas Trans Co","Status":"Operating","Shape_Leng":0.00221799752027,"Shape__Length":335.5728326115987}},{"type":"Feature","id":12223,"geometry":{"type":"LineString","coordinates":[[-74.250334,42.706241],[-74.249682,42.705611]]},"properties":{"FID":12223,"TYPEPIPE":"Interstate","Operator":"Iroquois Gas Trans Co","Status":"Operating","Shape_Leng":0.000906644362473,"Shape__Length":119.9003908969763}},{"type":"Feature","id":12227,"geometry":{"type":"LineString","coordinates":[[-74.255534,42.7091060000001],[-74.250334,42.706241]]},"properties":{"FID":12227,"TYPEPIPE":"Interstate","Operator":"Iroquois Gas Trans Co","Status":"Operating","Shape_Leng":0.00593702155969,"Shape__Length":723.5028285136441}},{"type":"Feature","id":12233,"geometry":{"type":"LineString","coordinates":[[-74.260835,42.712118],[-74.255534,42.7091060000001]]},"properties":{"FID":12233,"TYPEPIPE":"Interstate","Operator":"Iroquois Gas Trans Co","Status":"Operating","Shape_Leng":0.00609694554675,"Shape__Length":745.9528755333247}},{"type":"Feature","id":12240,"geometry":{"type":"LineString","coordinates":[[-74.26267,42.7135920000001],[-74.260835,42.712118]]},"properties":{"FID":12240,"TYPEPIPE":"Interstate","Operator":"Iroquois Gas Trans Co","Status":"Operating","Shape_Leng":0.00235369942856,"Shape__Length":302.65033614239934}},{"type":"Feature","id":12248,"geometry":{"type":"LineString","coordinates":[[-74.26973,42.7192660000001],[-74.26267,42.7135920000001]]},"properties":{"FID":12248,"TYPEPIPE":"Interstate","Operator":"Iroquois Gas Trans Co","Status":"Operating","Shape_Leng":0.00905747624895,"Shape__Length":1164.7828739315507}},{"type":"Feature","id":12252,"geometry":{"type":"LineString","coordinates":[[-74.271828,42.7209560000001],[-74.26973,42.7192660000001]]},"properties":{"FID":12252,"TYPEPIPE":"Interstate","Operator":"Iroquois Gas Trans Co","Status":"Operating","Shape_Leng":0.0026940126206,"Shape__Length":346.57982171936453}},{"type":"Feature","id":12258,"geometry":{"type":"LineString","coordinates":[[-74.2764969999999,42.724784],[-74.271828,42.7209560000001]]},"properties":{"FID":12258,"TYPEPIPE":"Interstate","Operator":"Iroquois Gas Trans Co","Status":"Operating","Shape_Leng":0.00603764399412,"Shape__Length":778.8453863469085}},{"type":"Feature","id":12266,"geometry":{"type":"LineString","coordinates":[[-74.281018,42.7277040000001],[-74.2764969999999,42.724784]]},"properties":{"FID":12266,"TYPEPIPE":"Interstate","Operator":"Iroquois Gas Trans Co","Status":"Operating","Shape_Leng":0.00538199228913,"Shape__Length":670.1351968973557}},{"type":"Feature","id":12273,"geometry":{"type":"LineString","coordinates":[[-74.2838849999999,42.7291040000001],[-74.281018,42.7277040000001]]},"properties":{"FID":12273,"TYPEPIPE":"Interstate","Operator":"Iroquois Gas Trans Co","Status":"Operating","Shape_Leng":0.00319056248957,"Shape__Length":383.23622057892163}},{"type":"Feature","id":12281,"geometry":{"type":"LineString","coordinates":[[-74.285834,42.7300660000001],[-74.2838849999999,42.7291040000001]]},"properties":{"FID":12281,"TYPEPIPE":"Interstate","Operator":"Iroquois Gas Trans Co","Status":"Operating","Shape_Leng":0.00217348682999,"Shape__Length":261.3924125474335}},{"type":"Feature","id":12303,"geometry":{"type":"LineString","coordinates":[[-74.290836,42.733295],[-74.285834,42.7300660000001]]},"properties":{"FID":12303,"TYPEPIPE":"Interstate","Operator":"Iroquois Gas Trans Co","Status":"Operating","Shape_Leng":0.00595369171185,"Shape__Length":741.2941418473445}},{"type":"Feature","id":12311,"geometry":{"type":"LineString","coordinates":[[-74.294974,42.7347790000001],[-74.290836,42.733295]]},"properties":{"FID":12311,"TYPEPIPE":"Interstate","Operator":"Iroquois Gas Trans Co","Status":"Operating","Shape_Leng":0.00439605504971,"Shape__Length":512.6141120106009}},{"type":"Feature","id":12316,"geometry":{"type":"LineString","coordinates":[[-74.296752,42.736276],[-74.294974,42.7347790000001]]},"properties":{"FID":12316,"TYPEPIPE":"Interstate","Operator":"Iroquois Gas Trans Co","Status":"Operating","Shape_Leng":0.00232428333039,"Shape__Length":301.08352792897375}},{"type":"Feature","id":12324,"geometry":{"type":"LineString","coordinates":[[-74.299619,42.7376570000001],[-74.296752,42.736276]]},"properties":{"FID":12324,"TYPEPIPE":"Interstate","Operator":"Iroquois Gas Trans Co","Status":"Operating","Shape_Leng":0.00318227120152,"Shape__Length":381.66562459082627}},{"type":"Feature","id":12331,"geometry":{"type":"LineString","coordinates":[[-74.305377,42.7404530000001],[-74.299619,42.7376570000001]]},"properties":{"FID":12331,"TYPEPIPE":"Interstate","Operator":"Iroquois Gas Trans Co","Status":"Operating","Shape_Leng":0.00640095149178,"Shape__Length":768.4044848010926}},{"type":"Feature","id":12340,"geometry":{"type":"LineString","coordinates":[[-74.306697,42.742199],[-74.305377,42.7404530000001]]},"properties":{"FID":12340,"TYPEPIPE":"Interstate","Operator":"Iroquois Gas Trans Co","Status":"Operating","Shape_Leng":0.00218881611835,"Shape__Length":302.7047828909127}},{"type":"Feature","id":12343,"geometry":{"type":"LineString","coordinates":[[-74.3103619999999,42.7442530000001],[-74.306697,42.742199]]},"properties":{"FID":12343,"TYPEPIPE":"Interstate","Operator":"Iroquois Gas Trans Co","Status":"Operating","Shape_Leng":0.00420132610016,"Shape__Length":513.2116547410284}},{"type":"Feature","id":12351,"geometry":{"type":"LineString","coordinates":[[-74.3108829999999,42.7470650000001],[-74.3103619999999,42.7442530000001]]},"properties":{"FID":12351,"TYPEPIPE":"Interstate","Operator":"Iroquois Gas Trans Co","Status":"Operating","Shape_Leng":0.00285985751394,"Shape__Length":430.18234608670264}},{"type":"Feature","id":12359,"geometry":{"type":"LineString","coordinates":[[-74.311629,42.7477900000001],[-74.3108829999999,42.7470650000001]]},"properties":{"FID":12359,"TYPEPIPE":"Interstate","Operator":"Iroquois Gas Trans Co","Status":"Operating","Shape_Leng":0.00104026006367,"Shape__Length":137.74883985565023}},{"type":"Feature","id":12361,"geometry":{"type":"LineString","coordinates":[[-74.184537,42.664095],[-74.1830869999999,42.6620730000001]]},"properties":{"FID":12361,"TYPEPIPE":"Interstate","Operator":"Iroquois Gas Trans Co","Status":"Operating","Shape_Leng":0.00248816880455,"Shape__Length":346.0475590573752}},{"type":"Feature","id":12368,"geometry":{"type":"LineString","coordinates":[[-74.319247,42.755613],[-74.311629,42.7477900000001]]},"properties":{"FID":12368,"TYPEPIPE":"Interstate","Operator":"Iroquois Gas Trans Co","Status":"Operating","Shape_Leng":0.0109193980145,"Shape__Length":1457.9631292869544}},{"type":"Feature","id":12374,"geometry":{"type":"LineString","coordinates":[[-74.3195229999999,42.758608],[-74.319247,42.755613]]},"properties":{"FID":12374,"TYPEPIPE":"Interstate","Operator":"Iroquois Gas Trans Co","Status":"Operating","Shape_Leng":0.00300769030985,"Shape__Length":455.11684282574134}},{"type":"Feature","id":12378,"geometry":{"type":"LineString","coordinates":[[-74.185503,42.6654800000001],[-74.184537,42.664095]]},"properties":{"FID":12378,"TYPEPIPE":"Interstate","Operator":"Iroquois Gas Trans Co","Status":"Operating","Shape_Leng":0.001688603269,"Shape__Length":235.63858812517}},{"type":"Feature","id":12383,"geometry":{"type":"LineString","coordinates":[[-74.321829,42.759572],[-74.3195229999999,42.758608]]},"properties":{"FID":12383,"TYPEPIPE":"Interstate","Operator":"Iroquois Gas Trans Co","Status":"Operating","Shape_Leng":0.00249938632471,"Shape__Length":295.3958496169505}},{"type":"Feature","id":12389,"geometry":{"type":"LineString","coordinates":[[-74.325667,42.761018],[-74.321829,42.759572]]},"properties":{"FID":12389,"TYPEPIPE":"Interstate","Operator":"Iroquois Gas Trans Co","Status":"Operating","Shape_Leng":0.00410136074977,"Shape__Length":480.2133895169298}},{"type":"Feature","id":12395,"geometry":{"type":"LineString","coordinates":[[-74.3306239999999,42.7632610000001],[-74.325667,42.761018]]},"properties":{"FID":12395,"TYPEPIPE":"Interstate","Operator":"Iroquois Gas Trans Co","Status":"Operating","Shape_Leng":0.00544085452847,"Shape__Length":648.1966229176953}},{"type":"Feature","id":12397,"geometry":{"type":"LineString","coordinates":[[-74.1871389999999,42.6663510000001],[-74.185503,42.6654800000001]]},"properties":{"FID":12397,"TYPEPIPE":"Interstate","Operator":"Iroquois Gas Trans Co","Status":"Operating","Shape_Leng":0.00185341225849,"Shape__Length":224.84298665484258}},{"type":"Feature","id":12401,"geometry":{"type":"LineString","coordinates":[[-74.333611,42.762969],[-74.3306239999999,42.7632610000001]]},"properties":{"FID":12401,"TYPEPIPE":"Interstate","Operator":"Iroquois Gas Trans Co","Status":"Operating","Shape_Leng":0.00300123857767,"Shape__Length":335.4460582602538}},{"type":"Feature","id":12407,"geometry":{"type":"LineString","coordinates":[[-74.3392009999999,42.76356],[-74.333611,42.762969]]},"properties":{"FID":12407,"TYPEPIPE":"Interstate","Operator":"Iroquois Gas Trans Co","Status":"Operating","Shape_Leng":0.00562115477458,"Shape__Length":628.695174727005}},{"type":"Feature","id":12408,"geometry":{"type":"LineString","coordinates":[[-74.1885779999999,42.6699770000001],[-74.1871389999999,42.6663510000001]]},"properties":{"FID":12408,"TYPEPIPE":"Interstate","Operator":"Iroquois Gas Trans Co","Status":"Operating","Shape_Leng":0.00390110202379,"Shape__Length":571.8531009215241}},{"type":"Feature","id":12412,"geometry":{"type":"LineString","coordinates":[[-74.343712,42.7640480000001],[-74.3392009999999,42.76356]]},"properties":{"FID":12412,"TYPEPIPE":"Interstate","Operator":"Iroquois Gas Trans Co","Status":"Operating","Shape_Leng":0.00453731914244,"Shape__Length":507.58459586044603}},{"type":"Feature","id":12415,"geometry":{"type":"LineString","coordinates":[[-74.35595,42.7709800000001],[-74.343712,42.7640480000001]]},"properties":{"FID":12415,"TYPEPIPE":"Interstate","Operator":"Iroquois Gas Trans Co","Status":"Operating","Shape_Leng":0.0140648948805,"Shape__Length":1720.7145942333107}},{"type":"Feature","id":12416,"geometry":{"type":"LineString","coordinates":[[-74.1905879999999,42.6720490000001],[-74.1885779999999,42.6699770000001]]},"properties":{"FID":12416,"TYPEPIPE":"Interstate","Operator":"Iroquois Gas Trans Co","Status":"Operating","Shape_Leng":0.00288674280114,"Shape__Length":385.32566038689305}},{"type":"Feature","id":12418,"geometry":{"type":"LineString","coordinates":[[-74.3898589999999,42.7929280000001],[-74.385702,42.788781]]},"properties":{"FID":12418,"TYPEPIPE":"Interstate","Operator":"Iroquois Gas Trans Co","Status":"Operating","Shape_Leng":0.00587181896861,"Shape__Length":780.9494925355876}},{"type":"Feature","id":12421,"geometry":{"type":"LineString","coordinates":[[-74.3984579999999,42.7989620000001],[-74.3898589999999,42.7929280000001]]},"properties":{"FID":12421,"TYPEPIPE":"Interstate","Operator":"Iroquois Gas Trans Co","Status":"Operating","Shape_Leng":0.0105048539733,"Shape__Length":1324.4856262290514}},{"type":"Feature","id":12424,"geometry":{"type":"LineString","coordinates":[[-74.39917,42.799249],[-74.3984579999999,42.7989620000001]]},"properties":{"FID":12424,"TYPEPIPE":"Interstate","Operator":"Iroquois Gas Trans Co","Status":"Operating","Shape_Leng":0.000767667245625,"Shape__Length":90.43224125197428}},{"type":"Feature","id":12425,"geometry":{"type":"LineString","coordinates":[[-74.1911009999999,42.6736690000001],[-74.1905879999999,42.6720490000001]]},"properties":{"FID":12425,"TYPEPIPE":"Interstate","Operator":"Iroquois Gas Trans Co","Status":"Operating","Shape_Leng":0.00169928484958,"Shape__Length":251.83878738534648}},{"type":"Feature","id":12427,"geometry":{"type":"LineString","coordinates":[[-74.40404,42.8004],[-74.39917,42.799249]]},"properties":{"FID":12427,"TYPEPIPE":"Interstate","Operator":"Iroquois Gas Trans Co","Status":"Operating","Shape_Leng":0.00500416836246,"Shape__Length":569.5566533275335}},{"type":"Feature","id":12430,"geometry":{"type":"LineString","coordinates":[[-74.409366,42.8031310000001],[-74.40404,42.8004]]},"properties":{"FID":12430,"TYPEPIPE":"Interstate","Operator":"Iroquois Gas Trans Co","Status":"Operating","Shape_Leng":0.00598536857683,"Shape__Length":723.3277495151291}},{"type":"Feature","id":12433,"geometry":{"type":"LineString","coordinates":[[-74.415109,42.8054750000001],[-74.409366,42.8031310000001]]},"properties":{"FID":12433,"TYPEPIPE":"Interstate","Operator":"Iroquois Gas Trans Co","Status":"Operating","Shape_Leng":0.00620293358016,"Shape__Length":731.5746302327733}},{"type":"Feature","id":12434,"geometry":{"type":"LineString","coordinates":[[-74.1917309999999,42.6751590000001],[-74.1911009999999,42.6736690000001]]},"properties":{"FID":12434,"TYPEPIPE":"Interstate","Operator":"Iroquois Gas Trans Co","Status":"Operating","Shape_Leng":0.00161771443709,"Shape__Length":236.25065693420632}},{"type":"Feature","id":12436,"geometry":{"type":"LineString","coordinates":[[-74.41594,42.8059430000001],[-74.415109,42.8054750000001]]},"properties":{"FID":12436,"TYPEPIPE":"Interstate","Operator":"Iroquois Gas Trans Co","Status":"Operating","Shape_Leng":0.000953721657519,"Shape__Length":116.61863182362913}},{"type":"Feature","id":12439,"geometry":{"type":"LineString","coordinates":[[-74.42142,42.808995],[-74.41594,42.8059430000001]]},"properties":{"FID":12439,"TYPEPIPE":"Interstate","Operator":"Iroquois Gas Trans Co","Status":"Operating","Shape_Leng":0.00627256757632,"Shape__Length":765.8958340455254}},{"type":"Feature","id":12440,"geometry":{"type":"LineString","coordinates":[[-74.193045,42.6763940000001],[-74.1917309999999,42.6751590000001]]},"properties":{"FID":12440,"TYPEPIPE":"Interstate","Operator":"Iroquois Gas Trans Co","Status":"Operating","Shape_Leng":0.00180328062157,"Shape__Length":237.40992102285023}},{"type":"Feature","id":12442,"geometry":{"type":"LineString","coordinates":[[-74.4299389999999,42.810186],[-74.42142,42.808995]]},"properties":{"FID":12442,"TYPEPIPE":"Interstate","Operator":"Iroquois Gas Trans Co","Status":"Operating","Shape_Leng":0.00860185107983,"Shape__Length":965.3973797470607}},{"type":"Feature","id":12445,"geometry":{"type":"LineString","coordinates":[[-74.431076,42.811071],[-74.4299389999999,42.810186]]},"properties":{"FID":12445,"TYPEPIPE":"Interstate","Operator":"Iroquois Gas Trans Co","Status":"Operating","Shape_Leng":0.00144083101023,"Shape__Length":184.53888864226735}},{"type":"Feature","id":12446,"geometry":{"type":"LineString","coordinates":[[-74.1949509999999,42.6772950000001],[-74.193045,42.6763940000001]]},"properties":{"FID":12446,"TYPEPIPE":"Interstate","Operator":"Iroquois Gas Trans Co","Status":"Operating","Shape_Leng":0.00210823077481,"Shape__Length":252.25041173160162}},{"type":"Feature","id":12448,"geometry":{"type":"LineString","coordinates":[[-74.4326839999999,42.812009],[-74.431076,42.811071]]},"properties":{"FID":12448,"TYPEPIPE":"Interstate","Operator":"Iroquois Gas Trans Co","Status":"Operating","Shape_Leng":0.00186158749458,"Shape__Length":228.69530806274798}},{"type":"Feature","id":12451,"geometry":{"type":"LineString","coordinates":[[-74.433183,42.8122930000001],[-74.4326839999999,42.812009]]},"properties":{"FID":12451,"TYPEPIPE":"Interstate","Operator":"Iroquois Gas Trans Co","Status":"Operating","Shape_Leng":0.00057415764391,"Shape__Length":70.3058131850316}},{"type":"Feature","id":12454,"geometry":{"type":"LineString","coordinates":[[-74.4402909999999,42.8129430000001],[-74.433183,42.8122930000001]]},"properties":{"FID":12454,"TYPEPIPE":"Interstate","Operator":"Iroquois Gas Trans Co","Status":"Operating","Shape_Leng":0.00713765815933,"Shape__Length":797.3831193012903}},{"type":"Feature","id":12455,"geometry":{"type":"LineString","coordinates":[[-74.198346,42.678573],[-74.1949509999999,42.6772950000001]]},"properties":{"FID":12455,"TYPEPIPE":"Interstate","Operator":"Iroquois Gas Trans Co","Status":"Operating","Shape_Leng":0.00362757618803,"Shape__Length":424.5918624013707}},{"type":"Feature","id":12457,"geometry":{"type":"LineString","coordinates":[[-74.4492959999999,42.8187050000001],[-74.4402909999999,42.8129430000001]]},"properties":{"FID":12457,"TYPEPIPE":"Interstate","Operator":"Iroquois Gas Trans Co","Status":"Operating","Shape_Leng":0.0106906814095,"Shape__Length":1330.2171888043565}},{"type":"Feature","id":12460,"geometry":{"type":"LineString","coordinates":[[-74.455317,42.8223590000001],[-74.4492959999999,42.8187050000001]]},"properties":{"FID":12460,"TYPEPIPE":"Interstate","Operator":"Iroquois Gas Trans Co","Status":"Operating","Shape_Leng":0.00704302186567,"Shape__Length":869.9292722871173}},{"type":"Feature","id":12463,"geometry":{"type":"LineString","coordinates":[[-74.4566809999999,42.8235500000001],[-74.455317,42.8223590000001]]},"properties":{"FID":12463,"TYPEPIPE":"Interstate","Operator":"Iroquois Gas Trans Co","Status":"Operating","Shape_Leng":0.00181079457695,"Shape__Length":236.0727530530866}},{"type":"Feature","id":12464,"geometry":{"type":"LineString","coordinates":[[-74.204193,42.681381],[-74.198346,42.678573]]},"properties":{"FID":12464,"TYPEPIPE":"Interstate","Operator":"Iroquois Gas Trans Co","Status":"Operating","Shape_Leng":0.00648631428473,"Shape__Length":777.4605413265655}},{"type":"Feature","id":12466,"geometry":{"type":"LineString","coordinates":[[-74.459583,42.825256],[-74.4566809999999,42.8235500000001]]},"properties":{"FID":12466,"TYPEPIPE":"Interstate","Operator":"Iroquois Gas Trans Co","Status":"Operating","Shape_Leng":0.003366309552,"Shape__Length":414.01261019428114}},{"type":"Feature","id":12469,"geometry":{"type":"LineString","coordinates":[[-74.464397,42.828764],[-74.459583,42.825256]]},"properties":{"FID":12469,"TYPEPIPE":"Interstate","Operator":"Iroquois Gas Trans Co","Status":"Operating","Shape_Leng":0.00595656444607,"Shape__Length":755.440516640502}},{"type":"Feature","id":12472,"geometry":{"type":"LineString","coordinates":[[-74.465362,42.829458],[-74.464397,42.828764]]},"properties":{"FID":12472,"TYPEPIPE":"Interstate","Operator":"Iroquois Gas Trans Co","Status":"Operating","Shape_Leng":0.00118863829655,"Shape__Length":150.45454244361625}},{"type":"Feature","id":12473,"geometry":{"type":"LineString","coordinates":[[-74.209597,42.684439],[-74.204193,42.681381]]},"properties":{"FID":12473,"TYPEPIPE":"Interstate","Operator":"Iroquois Gas Trans Co","Status":"Operating","Shape_Leng":0.00620923344706,"Shape__Length":759.161727191819}},{"type":"Feature","id":12475,"geometry":{"type":"LineString","coordinates":[[-74.470989,42.8319010000001],[-74.465362,42.829458]]},"properties":{"FID":12475,"TYPEPIPE":"Interstate","Operator":"Iroquois Gas Trans Co","Status":"Operating","Shape_Leng":0.00613444194692,"Shape__Length":727.9318087042421}},{"type":"Feature","id":12478,"geometry":{"type":"LineString","coordinates":[[-74.4817209999999,42.8349860000001],[-74.470989,42.8319010000001]]},"properties":{"FID":12478,"TYPEPIPE":"Interstate","Operator":"Iroquois Gas Trans Co","Status":"Operating","Shape_Leng":0.0111666041839,"Shape__Length":1283.1866418250295}},{"type":"Feature","id":12481,"geometry":{"type":"LineString","coordinates":[[-74.493731,42.8382590000001],[-74.4817209999999,42.8349860000001]]},"properties":{"FID":12481,"TYPEPIPE":"Interstate","Operator":"Iroquois Gas Trans Co","Status":"Operating","Shape_Leng":0.0124479969875,"Shape__Length":1426.289643279491}},{"type":"Feature","id":12484,"geometry":{"type":"LineString","coordinates":[[-74.5002919999999,42.836846],[-74.493731,42.8382590000001]]},"properties":{"FID":12484,"TYPEPIPE":"Interstate","Operator":"Iroquois Gas Trans Co","Status":"Operating","Shape_Leng":0.00671142980294,"Shape__Length":761.2157089973614}},{"type":"Feature","id":12487,"geometry":{"type":"LineString","coordinates":[[-74.508096,42.8353010000001],[-74.5002919999999,42.836846]]},"properties":{"FID":12487,"TYPEPIPE":"Interstate","Operator":"Iroquois Gas Trans Co","Status":"Operating","Shape_Leng":0.00795546610829,"Shape__Length":899.8408210555807}},{"type":"Feature","id":12490,"geometry":{"type":"LineString","coordinates":[[-74.515972,42.837994],[-74.508096,42.8353010000001]]},"properties":{"FID":12490,"TYPEPIPE":"Interstate","Operator":"Iroquois Gas Trans Co","Status":"Operating","Shape_Leng":0.0083236785738,"Shape__Length":967.3809025032934}},{"type":"Feature","id":12493,"geometry":{"type":"LineString","coordinates":[[-74.51939,42.8385640000001],[-74.515972,42.837994]]},"properties":{"FID":12493,"TYPEPIPE":"Interstate","Operator":"Iroquois Gas Trans Co","Status":"Operating","Shape_Leng":0.00346520187004,"Shape__Length":390.2057286026411}},{"type":"Feature","id":12496,"geometry":{"type":"LineString","coordinates":[[-74.524101,42.8392900000001],[-74.51939,42.8385640000001]]},"properties":{"FID":12496,"TYPEPIPE":"Interstate","Operator":"Iroquois Gas Trans Co","Status":"Operating","Shape_Leng":0.00476661273861,"Shape__Length":535.8827725445158}},{"type":"Feature","id":12499,"geometry":{"type":"LineString","coordinates":[[-74.531871,42.840578],[-74.524101,42.8392900000001]]},"properties":{"FID":12499,"TYPEPIPE":"Interstate","Operator":"Iroquois Gas Trans Co","Status":"Operating","Shape_Leng":0.00787602971045,"Shape__Length":886.7794960889038}},{"type":"Feature","id":12502,"geometry":{"type":"LineString","coordinates":[[-74.538714,42.84196],[-74.531871,42.840578]]},"properties":{"FID":12502,"TYPEPIPE":"Interstate","Operator":"Iroquois Gas Trans Co","Status":"Operating","Shape_Leng":0.00698115842823,"Shape__Length":790.1258119533804}},{"type":"Feature","id":12505,"geometry":{"type":"LineString","coordinates":[[-74.615921,42.8584030000001],[-74.6124,42.8577450000001]]},"properties":{"FID":12505,"TYPEPIPE":"Interstate","Operator":"Iroquois Gas Trans Co","Status":"Operating","Shape_Leng":0.0035819554715,"Shape__Length":404.4925398765165}},{"type":"Feature","id":12508,"geometry":{"type":"LineString","coordinates":[[-74.617025,42.85855],[-74.615921,42.8584030000001]]},"properties":{"FID":12508,"TYPEPIPE":"Interstate","Operator":"Iroquois Gas Trans Co","Status":"Operating","Shape_Leng":0.00111374368684,"Shape__Length":124.90774213594749}},{"type":"Feature","id":12511,"geometry":{"type":"LineString","coordinates":[[-74.6224369999999,42.8598500000001],[-74.617025,42.85855]]},"properties":{"FID":12511,"TYPEPIPE":"Interstate","Operator":"Iroquois Gas Trans Co","Status":"Operating","Shape_Leng":0.00556594502307,"Shape__Length":633.9831106894773}},{"type":"Feature","id":12512,"geometry":{"type":"LineString","coordinates":[[-74.2180529999999,42.6894770000001],[-74.209597,42.684439]]},"properties":{"FID":12512,"TYPEPIPE":"Interstate","Operator":"Iroquois Gas Trans Co","Status":"Operating","Shape_Leng":0.0098430371329,"Shape__Length":1211.6870699161543}},{"type":"Feature","id":12514,"geometry":{"type":"LineString","coordinates":[[-74.6257919999999,42.8604290000001],[-74.6224369999999,42.8598500000001]]},"properties":{"FID":12514,"TYPEPIPE":"Interstate","Operator":"Iroquois Gas Trans Co","Status":"Operating","Shape_Leng":0.0034045948364,"Shape__Length":383.6882072775518}},{"type":"Feature","id":12517,"geometry":{"type":"LineString","coordinates":[[-74.627153,42.860956],[-74.6257919999999,42.8604290000001]]},"properties":{"FID":12517,"TYPEPIPE":"Interstate","Operator":"Iroquois Gas Trans Co","Status":"Operating","Shape_Leng":0.00145946908157,"Shape__Length":171.34580493993002}},{"type":"Feature","id":12520,"geometry":{"type":"LineString","coordinates":[[-74.631525,42.863074],[-74.627153,42.860956]]},"properties":{"FID":12520,"TYPEPIPE":"Interstate","Operator":"Iroquois Gas Trans Co","Status":"Operating","Shape_Leng":0.00485801482088,"Shape__Length":583.3789509917793}},{"type":"Feature","id":12523,"geometry":{"type":"LineString","coordinates":[[-74.5979179999999,42.8552510000001],[-74.59656,42.8550220000001]]},"properties":{"FID":12523,"TYPEPIPE":"Interstate","Operator":"Iroquois Gas Trans Co","Status":"Operating","Shape_Leng":0.00137717282864,"Shape__Length":155.11989835688448}},{"type":"Feature","id":12526,"geometry":{"type":"LineString","coordinates":[[-74.5997179999999,42.8550960000001],[-74.5979179999999,42.8552510000001]]},"properties":{"FID":12526,"TYPEPIPE":"Interstate","Operator":"Iroquois Gas Trans Co","Status":"Operating","Shape_Leng":0.00180666128536,"Shape__Length":201.75275142137704}},{"type":"Feature","id":12529,"geometry":{"type":"LineString","coordinates":[[-74.60768,42.8571640000001],[-74.5997179999999,42.8550960000001]]},"properties":{"FID":12529,"TYPEPIPE":"Interstate","Operator":"Iroquois Gas Trans Co","Status":"Operating","Shape_Leng":0.0082261818604,"Shape__Length":940.3149604592345}},{"type":"Feature","id":12532,"geometry":{"type":"LineString","coordinates":[[-74.6124,42.8577450000001],[-74.60768,42.8571640000001]]},"properties":{"FID":12532,"TYPEPIPE":"Interstate","Operator":"Iroquois Gas Trans Co","Status":"Operating","Shape_Leng":0.00475562414413,"Shape__Length":532.784253180972}},{"type":"Feature","id":12535,"geometry":{"type":"LineString","coordinates":[[-74.7885259999999,43.0004860000001],[-74.789186,42.9987550000001]]},"properties":{"FID":12535,"TYPEPIPE":"Interstate","Operator":"Iroquois Gas Trans Co","Status":"Operating","Shape_Leng":0.00185255526235,"Shape__Length":273.52629514156354}},{"type":"Feature","id":12538,"geometry":{"type":"LineString","coordinates":[[-74.786378,43.00399],[-74.7885259999999,43.0004860000001]]},"properties":{"FID":12538,"TYPEPIPE":"Interstate","Operator":"Iroquois Gas Trans Co","Status":"Operating","Shape_Leng":0.00410997810209,"Shape__Length":584.5106871526804}},{"type":"Feature","id":12541,"geometry":{"type":"LineString","coordinates":[[-74.787112,43.006782],[-74.786378,43.00399]]},"properties":{"FID":12541,"TYPEPIPE":"Interstate","Operator":"Iroquois Gas Trans Co","Status":"Operating","Shape_Leng":0.00288687027766,"Shape__Length":432.7911600826894}},{"type":"Feature","id":12544,"geometry":{"type":"LineString","coordinates":[[-74.78549,43.009841],[-74.787112,43.006782]]},"properties":{"FID":12544,"TYPEPIPE":"Interstate","Operator":"Iroquois Gas Trans Co","Status":"Operating","Shape_Leng":0.00346242184028,"Shape__Length":499.4539578423098}},{"type":"Feature","id":12547,"geometry":{"type":"LineString","coordinates":[[-74.786265,43.0116390000001],[-74.78549,43.009841]]},"properties":{"FID":12547,"TYPEPIPE":"Interstate","Operator":"Iroquois Gas Trans Co","Status":"Operating","Shape_Leng":0.00195791445165,"Shape__Length":286.9957801805369}},{"type":"Feature","id":12550,"geometry":{"type":"LineString","coordinates":[[-74.540534,42.842383],[-74.538714,42.84196]]},"properties":{"FID":12550,"TYPEPIPE":"Interstate","Operator":"Iroquois Gas Trans Co","Status":"Operating","Shape_Leng":0.00186850983408,"Shape__Length":212.53609130239843}},{"type":"Feature","id":12553,"geometry":{"type":"LineString","coordinates":[[-74.546386,42.843483],[-74.540534,42.842383]]},"properties":{"FID":12553,"TYPEPIPE":"Interstate","Operator":"Iroquois Gas Trans Co","Status":"Operating","Shape_Leng":0.00595448603996,"Shape__Length":672.5079040570441}},{"type":"Feature","id":12556,"geometry":{"type":"LineString","coordinates":[[-74.557604,42.845719],[-74.546386,42.843483]]},"properties":{"FID":12556,"TYPEPIPE":"Interstate","Operator":"Iroquois Gas Trans Co","Status":"Operating","Shape_Leng":0.0114386721257,"Shape__Length":1294.104484068006}},{"type":"Feature","id":12559,"geometry":{"type":"LineString","coordinates":[[-74.562509,42.8466920000001],[-74.557604,42.845719]]},"properties":{"FID":12559,"TYPEPIPE":"Interstate","Operator":"Iroquois Gas Trans Co","Status":"Operating","Shape_Leng":0.00500057536691,"Shape__Length":565.6541918994574}},{"type":"Feature","id":12562,"geometry":{"type":"LineString","coordinates":[[-74.5688919999999,42.847922],[-74.562509,42.8466920000001]]},"properties":{"FID":12562,"TYPEPIPE":"Interstate","Operator":"Iroquois Gas Trans Co","Status":"Operating","Shape_Leng":0.00650042990882,"Shape__Length":734.6849999032448}},{"type":"Feature","id":12565,"geometry":{"type":"LineString","coordinates":[[-74.576267,42.8500480000001],[-74.5688919999999,42.847922]]},"properties":{"FID":12565,"TYPEPIPE":"Interstate","Operator":"Iroquois Gas Trans Co","Status":"Operating","Shape_Leng":0.00767531764818,"Shape__Length":882.1645544537666}},{"type":"Feature","id":12568,"geometry":{"type":"LineString","coordinates":[[-74.577058,42.8501820000001],[-74.576267,42.8500480000001]]},"properties":{"FID":12568,"TYPEPIPE":"Interstate","Operator":"Iroquois Gas Trans Co","Status":"Operating","Shape_Leng":0.000802269904701,"Shape__Length":90.37389728934833}},{"type":"Feature","id":12571,"geometry":{"type":"LineString","coordinates":[[-74.57841,42.850178],[-74.577058,42.8501820000001]]},"properties":{"FID":12571,"TYPEPIPE":"Interstate","Operator":"Iroquois Gas Trans Co","Status":"Operating","Shape_Leng":0.00135200591714,"Shape__Length":150.50517705915715}},{"type":"Feature","id":12573,"geometry":{"type":"LineString","coordinates":[[-77.7904,42.136448],[-77.777152,42.0977280000001]]},"properties":{"FID":12573,"TYPEPIPE":"Intrastate","Operator":"National Fuel Gas Distr Co","Status":"Operating","Shape_Leng":0.0409236839006,"Shape__Length":5994.997755561339}},{"type":"Feature","id":12574,"geometry":{"type":"LineString","coordinates":[[-74.585999,42.85177],[-74.57841,42.850178]]},"properties":{"FID":12574,"TYPEPIPE":"Interstate","Operator":"Iroquois Gas Trans Co","Status":"Operating","Shape_Leng":0.00775418499908,"Shape__Length":878.7081756664976}},{"type":"Feature","id":12577,"geometry":{"type":"LineString","coordinates":[[-74.5908209999999,42.853209],[-74.585999,42.85177]]},"properties":{"FID":12577,"TYPEPIPE":"Interstate","Operator":"Iroquois Gas Trans Co","Status":"Operating","Shape_Leng":0.0050321372199,"Shape__Length":579.5521377867183}},{"type":"Feature","id":12580,"geometry":{"type":"LineString","coordinates":[[-74.59656,42.8550220000001],[-74.5908209999999,42.853209]]},"properties":{"FID":12580,"TYPEPIPE":"Interstate","Operator":"Iroquois Gas Trans Co","Status":"Operating","Shape_Leng":0.00601856212065,"Shape__Length":695.6564045407715}},{"type":"Feature","id":12583,"geometry":{"type":"LineString","coordinates":[[-74.635082,42.8647990000001],[-74.632628,42.8636090000001],[-74.631525,42.863074]]},"properties":{"FID":12583,"TYPEPIPE":"Interstate","Operator":"Iroquois Gas Trans Co","Status":"Operating","Shape_Leng":0.00395321059782,"Shape__Length":474.7864970292828}},{"type":"Feature","id":12586,"geometry":{"type":"LineString","coordinates":[[-74.636252,42.8648880000001],[-74.635082,42.8647990000001]]},"properties":{"FID":12586,"TYPEPIPE":"Interstate","Operator":"Iroquois Gas Trans Co","Status":"Operating","Shape_Leng":0.00117338016005,"Shape__Length":130.9433394049573}},{"type":"Feature","id":12589,"geometry":{"type":"LineString","coordinates":[[-74.638248,42.866228],[-74.636252,42.8648880000001]]},"properties":{"FID":12589,"TYPEPIPE":"Interstate","Operator":"Iroquois Gas Trans Co","Status":"Operating","Shape_Leng":0.00240408319324,"Shape__Length":301.31241880124236}},{"type":"Feature","id":12592,"geometry":{"type":"LineString","coordinates":[[-74.6481239999999,42.867282],[-74.638248,42.866228]]},"properties":{"FID":12592,"TYPEPIPE":"Interstate","Operator":"Iroquois Gas Trans Co","Status":"Operating","Shape_Leng":0.00993208397061,"Shape__Length":1110.9850226342828}},{"type":"Feature","id":12595,"geometry":{"type":"LineString","coordinates":[[-74.648624,42.867666],[-74.6481239999999,42.867282]]},"properties":{"FID":12595,"TYPEPIPE":"Interstate","Operator":"Iroquois Gas Trans Co","Status":"Operating","Shape_Leng":0.000630441115444,"Shape__Length":80.62002323571409}},{"type":"Feature","id":12598,"geometry":{"type":"LineString","coordinates":[[-74.6496509999999,42.86819],[-74.648624,42.867666]]},"properties":{"FID":12598,"TYPEPIPE":"Interstate","Operator":"Iroquois Gas Trans Co","Status":"Operating","Shape_Leng":0.00115295489934,"Shape__Length":139.29955995316288}},{"type":"Feature","id":12601,"geometry":{"type":"LineString","coordinates":[[-74.653382,42.870481],[-74.6496509999999,42.86819]]},"properties":{"FID":12601,"TYPEPIPE":"Interstate","Operator":"Iroquois Gas Trans Co","Status":"Operating","Shape_Leng":0.00437824645265,"Shape__Length":541.837373295668}},{"type":"Feature","id":12604,"geometry":{"type":"LineString","coordinates":[[-74.658716,42.8744280000001],[-74.653382,42.870481]]},"properties":{"FID":12604,"TYPEPIPE":"Interstate","Operator":"Iroquois Gas Trans Co","Status":"Operating","Shape_Leng":0.00663553803398,"Shape__Length":843.8065164636232}},{"type":"Feature","id":12607,"geometry":{"type":"LineString","coordinates":[[-74.6602329999999,42.8749100000001],[-74.658716,42.8744280000001]]},"properties":{"FID":12607,"TYPEPIPE":"Interstate","Operator":"Iroquois Gas Trans Co","Status":"Operating","Shape_Leng":0.00159173270366,"Shape__Length":184.06043464159157}},{"type":"Feature","id":12610,"geometry":{"type":"LineString","coordinates":[[-74.6637049999999,42.8776710000001],[-74.6602329999999,42.8749100000001]]},"properties":{"FID":12610,"TYPEPIPE":"Interstate","Operator":"Iroquois Gas Trans Co","Status":"Operating","Shape_Leng":0.00443597847155,"Shape__Length":570.3394105558857}},{"type":"Feature","id":12613,"geometry":{"type":"LineString","coordinates":[[-74.667859,42.8810740000001],[-74.6637049999999,42.8776710000001]]},"properties":{"FID":12613,"TYPEPIPE":"Interstate","Operator":"Iroquois Gas Trans Co","Status":"Operating","Shape_Leng":0.00536992783938,"Shape__Length":693.5981625523832}},{"type":"Feature","id":12616,"geometry":{"type":"LineString","coordinates":[[-74.6690619999999,42.882846],[-74.667859,42.8810740000001]]},"properties":{"FID":12616,"TYPEPIPE":"Interstate","Operator":"Iroquois Gas Trans Co","Status":"Operating","Shape_Leng":0.00214177333063,"Shape__Length":300.66995785629535}},{"type":"Feature","id":12619,"geometry":{"type":"LineString","coordinates":[[-74.672164,42.885295],[-74.6690619999999,42.882846]]},"properties":{"FID":12619,"TYPEPIPE":"Interstate","Operator":"Iroquois Gas Trans Co","Status":"Operating","Shape_Leng":0.00395221520165,"Shape__Length":507.61293216844456}},{"type":"Feature","id":12622,"geometry":{"type":"LineString","coordinates":[[-74.6724169999999,42.8858240000001],[-74.672164,42.885295]]},"properties":{"FID":12622,"TYPEPIPE":"Interstate","Operator":"Iroquois Gas Trans Co","Status":"Operating","Shape_Leng":0.000586387244083,"Shape__Length":85.16151520637197}},{"type":"Feature","id":12625,"geometry":{"type":"LineString","coordinates":[[-74.673299,42.8862],[-74.6724169999999,42.8858240000001]]},"properties":{"FID":12625,"TYPEPIPE":"Interstate","Operator":"Iroquois Gas Trans Co","Status":"Operating","Shape_Leng":0.000958801335029,"Shape__Length":113.59287662340627}},{"type":"Feature","id":12628,"geometry":{"type":"LineString","coordinates":[[-74.674905,42.888807],[-74.673299,42.8862]]},"properties":{"FID":12628,"TYPEPIPE":"Interstate","Operator":"Iroquois Gas Trans Co","Status":"Operating","Shape_Leng":0.00306197403647,"Shape__Length":434.56565066172067}},{"type":"Feature","id":12631,"geometry":{"type":"LineString","coordinates":[[-74.679907,42.893282],[-74.674905,42.888807]]},"properties":{"FID":12631,"TYPEPIPE":"Interstate","Operator":"Iroquois Gas Trans Co","Status":"Operating","Shape_Leng":0.00671160405567,"Shape__Length":878.8411439723574}},{"type":"Feature","id":12634,"geometry":{"type":"LineString","coordinates":[[-74.680533,42.8937530000001],[-74.679907,42.893282]]},"properties":{"FID":12634,"TYPEPIPE":"Interstate","Operator":"Iroquois Gas Trans Co","Status":"Operating","Shape_Leng":0.000783400919082,"Shape__Length":99.8898799711978}},{"type":"Feature","id":12637,"geometry":{"type":"LineString","coordinates":[[-74.681145,42.894127],[-74.680533,42.8937530000001]]},"properties":{"FID":12637,"TYPEPIPE":"Interstate","Operator":"Iroquois Gas Trans Co","Status":"Operating","Shape_Leng":0.000717230785704,"Shape__Length":88.71782000282926}},{"type":"Feature","id":12640,"geometry":{"type":"LineString","coordinates":[[-74.682602,42.8949430000001],[-74.681145,42.894127]]},"properties":{"FID":12640,"TYPEPIPE":"Interstate","Operator":"Iroquois Gas Trans Co","Status":"Operating","Shape_Leng":0.00166994161578,"Shape__Length":204.1571700153271}},{"type":"Feature","id":12643,"geometry":{"type":"LineString","coordinates":[[-74.688666,42.898241],[-74.682602,42.8949430000001]]},"properties":{"FID":12643,"TYPEPIPE":"Interstate","Operator":"Iroquois Gas Trans Co","Status":"Operating","Shape_Leng":0.006902818265,"Shape__Length":840.731113615305}},{"type":"Feature","id":12646,"geometry":{"type":"LineString","coordinates":[[-74.689238,42.898582],[-74.688666,42.898241]]},"properties":{"FID":12646,"TYPEPIPE":"Interstate","Operator":"Iroquois Gas Trans Co","Status":"Operating","Shape_Leng":0.000665931678202,"Shape__Length":82.09498955382084}},{"type":"Feature","id":12649,"geometry":{"type":"LineString","coordinates":[[-74.692953,42.9017610000001],[-74.689238,42.898582]]},"properties":{"FID":12649,"TYPEPIPE":"Interstate","Operator":"Iroquois Gas Trans Co","Status":"Operating","Shape_Leng":0.00488950570102,"Shape__Length":635.9269636052475}},{"type":"Feature","id":12652,"geometry":{"type":"LineString","coordinates":[[-74.692509,42.905736],[-74.692953,42.9017610000001]]},"properties":{"FID":12652,"TYPEPIPE":"Interstate","Operator":"Iroquois Gas Trans Co","Status":"Operating","Shape_Leng":0.00399972011518,"Shape__Length":606.1086620425111}},{"type":"Feature","id":12655,"geometry":{"type":"LineString","coordinates":[[-74.696356,42.911191],[-74.692509,42.905736]]},"properties":{"FID":12655,"TYPEPIPE":"Interstate","Operator":"Iroquois Gas Trans Co","Status":"Operating","Shape_Leng":0.00667506059897,"Shape__Length":933.1430589381742}},{"type":"Feature","id":12658,"geometry":{"type":"LineString","coordinates":[[-74.699802,42.916882],[-74.696356,42.911191]]},"properties":{"FID":12658,"TYPEPIPE":"Interstate","Operator":"Iroquois Gas Trans Co","Status":"Operating","Shape_Leng":0.00665299909816,"Shape__Length":946.2621760594885}},{"type":"Feature","id":12661,"geometry":{"type":"LineString","coordinates":[[-74.7110299999999,42.921638],[-74.699802,42.916882]]},"properties":{"FID":12661,"TYPEPIPE":"Interstate","Operator":"Iroquois Gas Trans Co","Status":"Operating","Shape_Leng":0.0121937492183,"Shape__Length":1443.9226868104292}},{"type":"Feature","id":12664,"geometry":{"type":"LineString","coordinates":[[-74.719195,42.9250000000001],[-74.7110299999999,42.921638]]},"properties":{"FID":12664,"TYPEPIPE":"Interstate","Operator":"Iroquois Gas Trans Co","Status":"Operating","Shape_Leng":0.00883007751951,"Shape__Length":1042.7648508693892}},{"type":"Feature","id":12667,"geometry":{"type":"LineString","coordinates":[[-74.7244709999999,42.927583],[-74.719195,42.9250000000001]]},"properties":{"FID":12667,"TYPEPIPE":"Interstate","Operator":"Iroquois Gas Trans Co","Status":"Operating","Shape_Leng":0.00587435656047,"Shape__Length":706.505985106524}},{"type":"Feature","id":12670,"geometry":{"type":"LineString","coordinates":[[-74.726049,42.930148],[-74.7244709999999,42.927583]]},"properties":{"FID":12670,"TYPEPIPE":"Interstate","Operator":"Iroquois Gas Trans Co","Status":"Operating","Shape_Leng":0.00301152934573,"Shape__Length":427.7057537719979}},{"type":"Feature","id":12673,"geometry":{"type":"LineString","coordinates":[[-74.728293,42.9342350000001],[-74.726049,42.930148]]},"properties":{"FID":12673,"TYPEPIPE":"Interstate","Operator":"Iroquois Gas Trans Co","Status":"Operating","Shape_Leng":0.00466252131363,"Shape__Length":669.7280361432687}},{"type":"Feature","id":12676,"geometry":{"type":"LineString","coordinates":[[-74.727766,42.9373830000001],[-74.728293,42.9342350000001]]},"properties":{"FID":12676,"TYPEPIPE":"Interstate","Operator":"Iroquois Gas Trans Co","Status":"Operating","Shape_Leng":0.00319180716837,"Shape__Length":482.23960611171566}},{"type":"Feature","id":12679,"geometry":{"type":"LineString","coordinates":[[-74.735646,42.94253],[-74.727766,42.9373830000001]]},"properties":{"FID":12679,"TYPEPIPE":"Interstate","Operator":"Iroquois Gas Trans Co","Status":"Operating","Shape_Leng":0.00941201407774,"Shape__Length":1175.5996690148788}},{"type":"Feature","id":12682,"geometry":{"type":"LineString","coordinates":[[-74.746381,42.9492500000001],[-74.735646,42.94253]]},"properties":{"FID":12682,"TYPEPIPE":"Interstate","Operator":"Iroquois Gas Trans Co","Status":"Operating","Shape_Leng":0.0126648578753,"Shape__Length":1572.4020189861026}},{"type":"Feature","id":12685,"geometry":{"type":"LineString","coordinates":[[-74.7490549999999,42.9519040000001],[-74.746381,42.9492500000001]]},"properties":{"FID":12685,"TYPEPIPE":"Interstate","Operator":"Iroquois Gas Trans Co","Status":"Operating","Shape_Leng":0.00376749147309,"Shape__Length":501.5304093650689}},{"type":"Feature","id":12688,"geometry":{"type":"LineString","coordinates":[[-74.759967,42.9627300000001],[-74.7490549999999,42.9519040000001]]},"properties":{"FID":12688,"TYPEPIPE":"Interstate","Operator":"Iroquois Gas Trans Co","Status":"Operating","Shape_Leng":0.0153712074998,"Shape__Length":2046.2426833340824}},{"type":"Feature","id":12691,"geometry":{"type":"LineString","coordinates":[[-74.760644,42.9641980000001],[-74.759967,42.9627300000001]]},"properties":{"FID":12691,"TYPEPIPE":"Interstate","Operator":"Iroquois Gas Trans Co","Status":"Operating","Shape_Leng":0.0016165868365,"Shape__Length":235.68580149065738}},{"type":"Feature","id":12694,"geometry":{"type":"LineString","coordinates":[[-74.762144,42.968172],[-74.760644,42.9641980000001]]},"properties":{"FID":12694,"TYPEPIPE":"Interstate","Operator":"Iroquois Gas Trans Co","Status":"Operating","Shape_Leng":0.00424766712441,"Shape__Length":627.1870744909095}},{"type":"Feature","id":12697,"geometry":{"type":"LineString","coordinates":[[-74.765329,42.9733180000001],[-74.762144,42.968172]]},"properties":{"FID":12697,"TYPEPIPE":"Interstate","Operator":"Iroquois Gas Trans Co","Status":"Operating","Shape_Leng":0.00605190391531,"Shape__Length":859.4425609116505}},{"type":"Feature","id":12700,"geometry":{"type":"LineString","coordinates":[[-74.7701069999999,42.9763800000001],[-74.765329,42.9733180000001]]},"properties":{"FID":12700,"TYPEPIPE":"Interstate","Operator":"Iroquois Gas Trans Co","Status":"Operating","Shape_Leng":0.00567495621127,"Shape__Length":707.0661179282064}},{"type":"Feature","id":12703,"geometry":{"type":"LineString","coordinates":[[-74.772754,42.9781550000001],[-74.7701069999999,42.9763800000001]]},"properties":{"FID":12703,"TYPEPIPE":"Interstate","Operator":"Iroquois Gas Trans Co","Status":"Operating","Shape_Leng":0.0031870415749,"Shape__Length":399.7069358455763}},{"type":"Feature","id":12706,"geometry":{"type":"LineString","coordinates":[[-74.775874,42.9810150000001],[-74.772754,42.9781550000001]]},"properties":{"FID":12706,"TYPEPIPE":"Interstate","Operator":"Iroquois Gas Trans Co","Status":"Operating","Shape_Leng":0.004232493355,"Shape__Length":556.7832953964785}},{"type":"Feature","id":12709,"geometry":{"type":"LineString","coordinates":[[-74.778359,42.982735],[-74.775874,42.9810150000001]]},"properties":{"FID":12709,"TYPEPIPE":"Interstate","Operator":"Iroquois Gas Trans Co","Status":"Operating","Shape_Leng":0.00302218877634,"Shape__Length":380.819117272013}},{"type":"Feature","id":12712,"geometry":{"type":"LineString","coordinates":[[-74.781528,42.9840280000001],[-74.778359,42.982735]]},"properties":{"FID":12712,"TYPEPIPE":"Interstate","Operator":"Iroquois Gas Trans Co","Status":"Operating","Shape_Leng":0.00342263202816,"Shape__Length":403.930774410045}},{"type":"Feature","id":12715,"geometry":{"type":"LineString","coordinates":[[-74.7848319999999,42.9860170000001],[-74.781528,42.9840280000001]]},"properties":{"FID":12715,"TYPEPIPE":"Interstate","Operator":"Iroquois Gas Trans Co","Status":"Operating","Shape_Leng":0.00385649283672,"Shape__Length":476.3266437412738}},{"type":"Feature","id":12718,"geometry":{"type":"LineString","coordinates":[[-74.7889,42.988968],[-74.7848319999999,42.9860170000001]]},"properties":{"FID":12718,"TYPEPIPE":"Interstate","Operator":"Iroquois Gas Trans Co","Status":"Operating","Shape_Leng":0.00502563677559,"Shape__Length":637.7653717923104}},{"type":"Feature","id":12721,"geometry":{"type":"LineString","coordinates":[[-74.789495,42.9918200000001],[-74.7889,42.988968]]},"properties":{"FID":12721,"TYPEPIPE":"Interstate","Operator":"Iroquois Gas Trans Co","Status":"Operating","Shape_Leng":0.00291340505254,"Shape__Length":439.0603779987826}},{"type":"Feature","id":12724,"geometry":{"type":"LineString","coordinates":[[-74.7908879999999,42.9939130000001],[-74.789495,42.9918200000001]]},"properties":{"FID":12724,"TYPEPIPE":"Interstate","Operator":"Iroquois Gas Trans Co","Status":"Operating","Shape_Leng":0.00251417938896,"Shape__Length":354.2783797671828}},{"type":"Feature","id":12727,"geometry":{"type":"LineString","coordinates":[[-74.7897639999999,42.9957430000001],[-74.7908879999999,42.9939130000001]]},"properties":{"FID":12727,"TYPEPIPE":"Interstate","Operator":"Iroquois Gas Trans Co","Status":"Operating","Shape_Leng":0.00214762100938,"Shape__Length":305.3356512491787}},{"type":"Feature","id":12730,"geometry":{"type":"LineString","coordinates":[[-74.789186,42.9987550000001],[-74.7897639999999,42.9957430000001]]},"properties":{"FID":12730,"TYPEPIPE":"Interstate","Operator":"Iroquois Gas Trans Co","Status":"Operating","Shape_Leng":0.00306695744999,"Shape__Length":462.9298901032063}},{"type":"Feature","id":12742,"geometry":{"type":"LineString","coordinates":[[-73.601558,41.685911],[-73.6007109999999,41.68595]]},"properties":{"FID":12742,"TYPEPIPE":"Interstate","Operator":"Iroquois Gas Trans Co","Status":"Operating","Shape_Leng":0.000847897399476,"Shape__Length":94.46665464802236}},{"type":"Feature","id":12745,"geometry":{"type":"LineString","coordinates":[[-73.60475,41.6869550000001],[-73.601558,41.685911]]},"properties":{"FID":12745,"TYPEPIPE":"Interstate","Operator":"Iroquois Gas Trans Co","Status":"Operating","Shape_Leng":0.00335839247262,"Shape__Length":387.9159508415509}},{"type":"Feature","id":12748,"geometry":{"type":"LineString","coordinates":[[-73.605757,41.68676],[-73.60475,41.6869550000001]]},"properties":{"FID":12748,"TYPEPIPE":"Interstate","Operator":"Iroquois Gas Trans Co","Status":"Operating","Shape_Leng":0.00102570658574,"Shape__Length":115.80604961472298}},{"type":"Feature","id":12751,"geometry":{"type":"LineString","coordinates":[[-73.6064949999999,41.6869130000001],[-73.605757,41.68676]]},"properties":{"FID":12751,"TYPEPIPE":"Interstate","Operator":"Iroquois Gas Trans Co","Status":"Operating","Shape_Leng":0.000753692908245,"Shape__Length":85.26073247820406}},{"type":"Feature","id":12754,"geometry":{"type":"LineString","coordinates":[[-73.606824,41.6871780000001],[-73.6064949999999,41.6869130000001]]},"properties":{"FID":12754,"TYPEPIPE":"Interstate","Operator":"Iroquois Gas Trans Co","Status":"Operating","Shape_Leng":0.000422452364204,"Shape__Length":53.867764430754356}},{"type":"Feature","id":12757,"geometry":{"type":"LineString","coordinates":[[-73.6076869999999,41.687237],[-73.606824,41.6871780000001]]},"properties":{"FID":12757,"TYPEPIPE":"Interstate","Operator":"Iroquois Gas Trans Co","Status":"Operating","Shape_Leng":0.000865014450725,"Shape__Length":96.4704505001645}},{"type":"Feature","id":12760,"geometry":{"type":"LineString","coordinates":[[-73.6091479999999,41.6883280000001],[-73.6076869999999,41.687237]]},"properties":{"FID":12760,"TYPEPIPE":"Interstate","Operator":"Iroquois Gas Trans Co","Status":"Operating","Shape_Leng":0.00182340395965,"Shape__Length":229.9997418367425}},{"type":"Feature","id":12763,"geometry":{"type":"LineString","coordinates":[[-73.617068,41.69103],[-73.6091479999999,41.6883280000001]]},"properties":{"FID":12763,"TYPEPIPE":"Interstate","Operator":"Iroquois Gas Trans Co","Status":"Operating","Shape_Leng":0.00836822585738,"Shape__Length":969.3016315706748}},{"type":"Feature","id":12766,"geometry":{"type":"LineString","coordinates":[[-73.617801,41.691045],[-73.617068,41.69103]]},"properties":{"FID":12766,"TYPEPIPE":"Interstate","Operator":"Iroquois Gas Trans Co","Status":"Operating","Shape_Leng":0.000733153462814,"Shape__Length":81.62782026834401}},{"type":"Feature","id":12769,"geometry":{"type":"LineString","coordinates":[[-73.585097,41.684666],[-73.584807,41.684676]]},"properties":{"FID":12769,"TYPEPIPE":"Interstate","Operator":"Iroquois Gas Trans Co","Status":"Operating","Shape_Leng":0.000290172362577,"Shape__Length":32.31704647956537}},{"type":"Feature","id":12772,"geometry":{"type":"LineString","coordinates":[[-73.585273,41.685033],[-73.585097,41.684666]]},"properties":{"FID":12772,"TYPEPIPE":"Interstate","Operator":"Iroquois Gas Trans Co","Status":"Operating","Shape_Leng":0.000407019655534,"Shape__Length":58.10732950539925}},{"type":"Feature","id":12775,"geometry":{"type":"LineString","coordinates":[[-73.5857549999999,41.6855160000001],[-73.585273,41.685033]]},"properties":{"FID":12775,"TYPEPIPE":"Interstate","Operator":"Iroquois Gas Trans Co","Status":"Operating","Shape_Leng":0.000682358410227,"Shape__Length":89.79085852290571}},{"type":"Feature","id":12778,"geometry":{"type":"LineString","coordinates":[[-73.58682,41.6858040000001],[-73.5857549999999,41.6855160000001]]},"properties":{"FID":12778,"TYPEPIPE":"Interstate","Operator":"Iroquois Gas Trans Co","Status":"Operating","Shape_Leng":0.00110325382396,"Shape__Length":126.0884544359403}},{"type":"Feature","id":12781,"geometry":{"type":"LineString","coordinates":[[-73.5889779999999,41.686],[-73.58682,41.6858040000001]]},"properties":{"FID":12781,"TYPEPIPE":"Interstate","Operator":"Iroquois Gas Trans Co","Status":"Operating","Shape_Leng":0.0021668825533,"Shape__Length":241.9975459298991}},{"type":"Feature","id":12784,"geometry":{"type":"LineString","coordinates":[[-73.6007109999999,41.68595],[-73.5889779999999,41.686]]},"properties":{"FID":12784,"TYPEPIPE":"Interstate","Operator":"Iroquois Gas Trans Co","Status":"Operating","Shape_Leng":0.0117331065366,"Shape__Length":1306.1328501558687}},{"type":"Feature","id":12790,"geometry":{"type":"LineString","coordinates":[[-73.5221109999999,41.6488360000001],[-73.5210939999999,41.646467]]},"properties":{"FID":12790,"TYPEPIPE":"Interstate","Operator":"Iroquois Gas Trans Co","Status":"Operating","Shape_Leng":0.00257807098432,"Shape__Length":370.63123896324527}},{"type":"Feature","id":12793,"geometry":{"type":"LineString","coordinates":[[-73.526854,41.6531620000001],[-73.5221109999999,41.6488360000001]]},"properties":{"FID":12793,"TYPEPIPE":"Interstate","Operator":"Iroquois Gas Trans Co","Status":"Operating","Shape_Leng":0.00641952685173,"Shape__Length":833.1508911079922}},{"type":"Feature","id":12796,"geometry":{"type":"LineString","coordinates":[[-73.5272449999999,41.6538780000001],[-73.526854,41.6531620000001]]},"properties":{"FID":12796,"TYPEPIPE":"Interstate","Operator":"Iroquois Gas Trans Co","Status":"Operating","Shape_Leng":0.000815804510897,"Shape__Length":115.21259991210013}},{"type":"Feature","id":12799,"geometry":{"type":"LineString","coordinates":[[-73.529189,41.6544650000001],[-73.5272449999999,41.6538780000001]]},"properties":{"FID":12799,"TYPEPIPE":"Interstate","Operator":"Iroquois Gas Trans Co","Status":"Operating","Shape_Leng":0.00203069076921,"Shape__Length":233.40892016013314}},{"type":"Feature","id":12802,"geometry":{"type":"LineString","coordinates":[[-73.5301009999999,41.656261],[-73.529189,41.6544650000001]]},"properties":{"FID":12802,"TYPEPIPE":"Interstate","Operator":"Iroquois Gas Trans Co","Status":"Operating","Shape_Leng":0.00201428895638,"Shape__Length":286.19952505167225}},{"type":"Feature","id":12805,"geometry":{"type":"LineString","coordinates":[[-73.531607,41.6563850000001],[-73.5301009999999,41.656261]]},"properties":{"FID":12805,"TYPEPIPE":"Interstate","Operator":"Iroquois Gas Trans Co","Status":"Operating","Shape_Leng":0.00151109629079,"Shape__Length":168.66208553806456}},{"type":"Feature","id":12808,"geometry":{"type":"LineString","coordinates":[[-73.534174,41.6556190000001],[-73.531607,41.6563850000001]]},"properties":{"FID":12808,"TYPEPIPE":"Interstate","Operator":"Iroquois Gas Trans Co","Status":"Operating","Shape_Leng":0.00267885143298,"Shape__Length":307.7050204901841}},{"type":"Feature","id":12811,"geometry":{"type":"LineString","coordinates":[[-73.536278,41.656285],[-73.534174,41.6556190000001]]},"properties":{"FID":12811,"TYPEPIPE":"Interstate","Operator":"Iroquois Gas Trans Co","Status":"Operating","Shape_Leng":0.00220689193213,"Shape__Length":254.36902124739072}},{"type":"Feature","id":12814,"geometry":{"type":"LineString","coordinates":[[-73.5373759999999,41.6561290000001],[-73.536278,41.656285]]},"properties":{"FID":12814,"TYPEPIPE":"Interstate","Operator":"Iroquois Gas Trans Co","Status":"Operating","Shape_Leng":0.00110902660017,"Shape__Length":124.41909663359947}},{"type":"Feature","id":12817,"geometry":{"type":"LineString","coordinates":[[-73.541576,41.656637],[-73.5373759999999,41.6561290000001]]},"properties":{"FID":12817,"TYPEPIPE":"Interstate","Operator":"Iroquois Gas Trans Co","Status":"Operating","Shape_Leng":0.00423061035788,"Shape__Length":473.62870910926495}},{"type":"Feature","id":12820,"geometry":{"type":"LineString","coordinates":[[-73.547208,41.655452],[-73.541576,41.656637]]},"properties":{"FID":12820,"TYPEPIPE":"Interstate","Operator":"Iroquois Gas Trans Co","Status":"Operating","Shape_Leng":0.00575531484803,"Shape__Length":651.3371493383883}},{"type":"Feature","id":12823,"geometry":{"type":"LineString","coordinates":[[-73.54874,41.6557270000001],[-73.547208,41.655452]]},"properties":{"FID":12823,"TYPEPIPE":"Interstate","Operator":"Iroquois Gas Trans Co","Status":"Operating","Shape_Leng":0.00155648610659,"Shape__Length":175.39426255024452}},{"type":"Feature","id":12826,"geometry":{"type":"LineString","coordinates":[[-73.549855,41.6555710000001],[-73.54874,41.6557270000001]]},"properties":{"FID":12826,"TYPEPIPE":"Interstate","Operator":"Iroquois Gas Trans Co","Status":"Operating","Shape_Leng":0.00112586011567,"Shape__Length":126.27867109165439}},{"type":"Feature","id":12829,"geometry":{"type":"LineString","coordinates":[[-73.5504359999999,41.6555270000001],[-73.549855,41.6555710000001]]},"properties":{"FID":12829,"TYPEPIPE":"Interstate","Operator":"Iroquois Gas Trans Co","Status":"Operating","Shape_Leng":0.000582663710855,"Shape__Length":65.00801378578487}},{"type":"Feature","id":12832,"geometry":{"type":"LineString","coordinates":[[-73.5516919999999,41.655741],[-73.5504359999999,41.6555270000001]]},"properties":{"FID":12832,"TYPEPIPE":"Interstate","Operator":"Iroquois Gas Trans Co","Status":"Operating","Shape_Leng":0.001274100467,"Shape__Length":143.40667186693366}},{"type":"Feature","id":12835,"geometry":{"type":"LineString","coordinates":[[-73.553936,41.655541],[-73.5516919999999,41.655741]]},"properties":{"FID":12835,"TYPEPIPE":"Interstate","Operator":"Iroquois Gas Trans Co","Status":"Operating","Shape_Leng":0.00225289502642,"Shape__Length":251.5719533703687}},{"type":"Feature","id":12838,"geometry":{"type":"LineString","coordinates":[[-73.5548239999999,41.655809],[-73.553936,41.655541]]},"properties":{"FID":12838,"TYPEPIPE":"Interstate","Operator":"Iroquois Gas Trans Co","Status":"Operating","Shape_Leng":0.000927560240609,"Shape__Length":106.61165909531523}},{"type":"Feature","id":12841,"geometry":{"type":"LineString","coordinates":[[-73.55518,41.657069],[-73.5548239999999,41.655809]]},"properties":{"FID":12841,"TYPEPIPE":"Interstate","Operator":"Iroquois Gas Trans Co","Status":"Operating","Shape_Leng":0.00130932654445,"Shape__Length":191.86897953806013}},{"type":"Feature","id":12844,"geometry":{"type":"LineString","coordinates":[[-73.5565349999999,41.657726],[-73.55518,41.657069]]},"properties":{"FID":12844,"TYPEPIPE":"Interstate","Operator":"Iroquois Gas Trans Co","Status":"Operating","Shape_Leng":0.00150587980927,"Shape__Length":179.81810778751378}},{"type":"Feature","id":12847,"geometry":{"type":"LineString","coordinates":[[-73.557812,41.659458],[-73.5565349999999,41.657726]]},"properties":{"FID":12847,"TYPEPIPE":"Interstate","Operator":"Iroquois Gas Trans Co","Status":"Operating","Shape_Leng":0.00215187197576,"Shape__Length":294.62806013193074}},{"type":"Feature","id":12850,"geometry":{"type":"LineString","coordinates":[[-73.5596439999999,41.659729],[-73.557812,41.659458]]},"properties":{"FID":12850,"TYPEPIPE":"Interstate","Operator":"Iroquois Gas Trans Co","Status":"Operating","Shape_Leng":0.00185193547402,"Shape__Length":207.8963788518106}},{"type":"Feature","id":12853,"geometry":{"type":"LineString","coordinates":[[-73.563082,41.661369],[-73.5596439999999,41.659729]]},"properties":{"FID":12853,"TYPEPIPE":"Interstate","Operator":"Iroquois Gas Trans Co","Status":"Operating","Shape_Leng":0.00380912640905,"Shape__Length":454.07708348299496}},{"type":"Feature","id":12856,"geometry":{"type":"LineString","coordinates":[[-73.5627009999999,41.6639190000001],[-73.563082,41.661369]]},"properties":{"FID":12856,"TYPEPIPE":"Interstate","Operator":"Iroquois Gas Trans Co","Status":"Operating","Shape_Leng":0.00257830583915,"Shape__Length":382.3295551180058}},{"type":"Feature","id":12859,"geometry":{"type":"LineString","coordinates":[[-73.562564,41.665471],[-73.5627009999999,41.6639190000001]]},"properties":{"FID":12859,"TYPEPIPE":"Interstate","Operator":"Iroquois Gas Trans Co","Status":"Operating","Shape_Leng":0.0015580349803,"Shape__Length":231.7697228721982}},{"type":"Feature","id":12862,"geometry":{"type":"LineString","coordinates":[[-73.563451,41.6670530000001],[-73.562564,41.665471]]},"properties":{"FID":12862,"TYPEPIPE":"Interstate","Operator":"Iroquois Gas Trans Co","Status":"Operating","Shape_Leng":0.00181369595032,"Shape__Length":255.5869253376799}},{"type":"Feature","id":12865,"geometry":{"type":"LineString","coordinates":[[-73.566839,41.6686040000001],[-73.563451,41.6670530000001]]},"properties":{"FID":12865,"TYPEPIPE":"Interstate","Operator":"Iroquois Gas Trans Co","Status":"Operating","Shape_Leng":0.00372614344864,"Shape__Length":442.33852116021035}},{"type":"Feature","id":12868,"geometry":{"type":"LineString","coordinates":[[-73.567939,41.6737120000001],[-73.566839,41.6686040000001]]},"properties":{"FID":12868,"TYPEPIPE":"Interstate","Operator":"Iroquois Gas Trans Co","Status":"Operating","Shape_Leng":0.0052250994249,"Shape__Length":771.0181617628485}},{"type":"Feature","id":12871,"geometry":{"type":"LineString","coordinates":[[-73.568907,41.675098],[-73.567939,41.6737120000001]]},"properties":{"FID":12871,"TYPEPIPE":"Interstate","Operator":"Iroquois Gas Trans Co","Status":"Operating","Shape_Leng":0.00169056795188,"Shape__Length":232.9800266049035}},{"type":"Feature","id":12874,"geometry":{"type":"LineString","coordinates":[[-73.569832,41.6759880000001],[-73.568907,41.675098]]},"properties":{"FID":12874,"TYPEPIPE":"Interstate","Operator":"Iroquois Gas Trans Co","Status":"Operating","Shape_Leng":0.00128363740988,"Shape__Length":167.92029073916257}},{"type":"Feature","id":12877,"geometry":{"type":"LineString","coordinates":[[-73.571655,41.677302],[-73.569832,41.6759880000001]]},"properties":{"FID":12877,"TYPEPIPE":"Interstate","Operator":"Iroquois Gas Trans Co","Status":"Operating","Shape_Leng":0.00224720381807,"Shape__Length":282.02060478217766}},{"type":"Feature","id":12880,"geometry":{"type":"LineString","coordinates":[[-73.578183,41.6784020000001],[-73.571655,41.677302]]},"properties":{"FID":12880,"TYPEPIPE":"Interstate","Operator":"Iroquois Gas Trans Co","Status":"Operating","Shape_Leng":0.00662002900296,"Shape__Length":744.9579499335658}},{"type":"Feature","id":12883,"geometry":{"type":"LineString","coordinates":[[-73.579673,41.679631],[-73.578183,41.6784020000001]]},"properties":{"FID":12883,"TYPEPIPE":"Interstate","Operator":"Iroquois Gas Trans Co","Status":"Operating","Shape_Leng":0.00193146084607,"Shape__Length":247.11414989592723}},{"type":"Feature","id":12886,"geometry":{"type":"LineString","coordinates":[[-73.579419,41.682302],[-73.579673,41.679631]]},"properties":{"FID":12886,"TYPEPIPE":"Interstate","Operator":"Iroquois Gas Trans Co","Status":"Operating","Shape_Leng":0.00268304994365,"Shape__Length":399.1158712109436}},{"type":"Feature","id":12889,"geometry":{"type":"LineString","coordinates":[[-73.5810329999999,41.683908],[-73.579419,41.682302]]},"properties":{"FID":12889,"TYPEPIPE":"Interstate","Operator":"Iroquois Gas Trans Co","Status":"Operating","Shape_Leng":0.00227689086252,"Shape__Length":299.3078548136981}},{"type":"Feature","id":12892,"geometry":{"type":"LineString","coordinates":[[-73.582306,41.684177],[-73.5810329999999,41.683908]]},"properties":{"FID":12892,"TYPEPIPE":"Interstate","Operator":"Iroquois Gas Trans Co","Status":"Operating","Shape_Leng":0.00130111106369,"Shape__Length":147.27309670053825}},{"type":"Feature","id":12895,"geometry":{"type":"LineString","coordinates":[[-73.5832169999999,41.6843180000001],[-73.582306,41.684177]]},"properties":{"FID":12895,"TYPEPIPE":"Interstate","Operator":"Iroquois Gas Trans Co","Status":"Operating","Shape_Leng":0.000921847058879,"Shape__Length":103.56701028069462}},{"type":"Feature","id":12898,"geometry":{"type":"LineString","coordinates":[[-73.583785,41.6847520000001],[-73.5832169999999,41.6843180000001]]},"properties":{"FID":12898,"TYPEPIPE":"Interstate","Operator":"Iroquois Gas Trans Co","Status":"Operating","Shape_Leng":0.000714828650822,"Shape__Length":90.45959875013162}},{"type":"Feature","id":12901,"geometry":{"type":"LineString","coordinates":[[-73.584807,41.684676],[-73.583785,41.6847520000001]]},"properties":{"FID":12901,"TYPEPIPE":"Interstate","Operator":"Iroquois Gas Trans Co","Status":"Operating","Shape_Leng":0.00102482193573,"Shape__Length":114.33114346816886}},{"type":"Feature","id":12904,"geometry":{"type":"LineString","coordinates":[[-73.61822,41.690883],[-73.617801,41.691045]]},"properties":{"FID":12904,"TYPEPIPE":"Interstate","Operator":"Iroquois Gas Trans Co","Status":"Operating","Shape_Leng":0.000449227114016,"Shape__Length":52.524030846671295}},{"type":"Feature","id":12907,"geometry":{"type":"LineString","coordinates":[[-73.621453,41.6920020000001],[-73.61822,41.690883]]},"properties":{"FID":12907,"TYPEPIPE":"Interstate","Operator":"Iroquois Gas Trans Co","Status":"Operating","Shape_Leng":0.00342117669818,"Shape__Length":396.676297086967}},{"type":"Feature","id":12910,"geometry":{"type":"LineString","coordinates":[[-73.625883,41.694352],[-73.621453,41.6920020000001]]},"properties":{"FID":12910,"TYPEPIPE":"Interstate","Operator":"Iroquois Gas Trans Co","Status":"Operating","Shape_Leng":0.00501471833706,"Shape__Length":604.91861796693}},{"type":"Feature","id":12913,"geometry":{"type":"LineString","coordinates":[[-73.627517,41.694012],[-73.625883,41.694352]]},"properties":{"FID":12913,"TYPEPIPE":"Interstate","Operator":"Iroquois Gas Trans Co","Status":"Operating","Shape_Leng":0.00166899850206,"Shape__Length":188.82635472581364}},{"type":"Feature","id":12916,"geometry":{"type":"LineString","coordinates":[[-73.6306999999999,41.697599],[-73.627517,41.694012]]},"properties":{"FID":12916,"TYPEPIPE":"Interstate","Operator":"Iroquois Gas Trans Co","Status":"Operating","Shape_Leng":0.00479562905151,"Shape__Length":641.5019479521574}},{"type":"Feature","id":12919,"geometry":{"type":"LineString","coordinates":[[-73.632979,41.69894],[-73.6306999999999,41.697599]]},"properties":{"FID":12919,"TYPEPIPE":"Interstate","Operator":"Iroquois Gas Trans Co","Status":"Operating","Shape_Leng":0.00264426208994,"Shape__Length":323.0081412507321}},{"type":"Feature","id":12922,"geometry":{"type":"LineString","coordinates":[[-73.639001,41.702501],[-73.632979,41.69894]]},"properties":{"FID":12922,"TYPEPIPE":"Interstate","Operator":"Iroquois Gas Trans Co","Status":"Operating","Shape_Leng":0.00699608497659,"Shape__Length":855.1479221920225}},{"type":"Feature","id":12925,"geometry":{"type":"LineString","coordinates":[[-73.650165,41.703624],[-73.639001,41.702501]]},"properties":{"FID":12925,"TYPEPIPE":"Interstate","Operator":"Iroquois Gas Trans Co","Status":"Operating","Shape_Leng":0.0112203397899,"Shape__Length":1253.9998772926535}},{"type":"Feature","id":12928,"geometry":{"type":"LineString","coordinates":[[-73.784927,41.810527],[-73.7847379999999,41.8094990000001]]},"properties":{"FID":12928,"TYPEPIPE":"Interstate","Operator":"Iroquois Gas Trans Co","Status":"Operating","Shape_Leng":0.00104522963981,"Shape__Length":154.96673804790325}},{"type":"Feature","id":12931,"geometry":{"type":"LineString","coordinates":[[-73.7844949999999,41.8118910000001],[-73.784927,41.810527]]},"properties":{"FID":12931,"TYPEPIPE":"Interstate","Operator":"Iroquois Gas Trans Co","Status":"Operating","Shape_Leng":0.00143077601325,"Shape__Length":209.31647171896427}},{"type":"Feature","id":12934,"geometry":{"type":"LineString","coordinates":[[-73.7838429999999,41.8143450000001],[-73.7844949999999,41.8118910000001]]},"properties":{"FID":12934,"TYPEPIPE":"Interstate","Operator":"Iroquois Gas Trans Co","Status":"Operating","Shape_Leng":0.00253913764889,"Shape__Length":373.640045343462}},{"type":"Feature","id":12937,"geometry":{"type":"LineString","coordinates":[[-73.7829609999999,41.816443],[-73.7838429999999,41.8143450000001]]},"properties":{"FID":12937,"TYPEPIPE":"Interstate","Operator":"Iroquois Gas Trans Co","Status":"Operating","Shape_Leng":0.00227585764053,"Shape__Length":328.3843431055041}},{"type":"Feature","id":12940,"geometry":{"type":"LineString","coordinates":[[-73.78201,41.8174680000001],[-73.7829609999999,41.816443]]},"properties":{"FID":12940,"TYPEPIPE":"Interstate","Operator":"Iroquois Gas Trans Co","Status":"Operating","Shape_Leng":0.00139822244297,"Shape__Length":186.13731261725522}},{"type":"Feature","id":12943,"geometry":{"type":"LineString","coordinates":[[-73.780837,41.82023],[-73.78201,41.8174680000001]]},"properties":{"FID":12943,"TYPEPIPE":"Interstate","Operator":"Iroquois Gas Trans Co","Status":"Operating","Shape_Leng":0.00300076206984,"Shape__Length":432.7329249531658}},{"type":"Feature","id":12946,"geometry":{"type":"LineString","coordinates":[[-73.780853,41.821848],[-73.780837,41.82023]]},"properties":{"FID":12946,"TYPEPIPE":"Interstate","Operator":"Iroquois Gas Trans Co","Status":"Operating","Shape_Leng":0.00161807910809,"Shape__Length":241.69657307728897}},{"type":"Feature","id":12949,"geometry":{"type":"LineString","coordinates":[[-73.7803299999999,41.822886],[-73.780853,41.821848]]},"properties":{"FID":12949,"TYPEPIPE":"Interstate","Operator":"Iroquois Gas Trans Co","Status":"Operating","Shape_Leng":0.00116231364099,"Shape__Length":165.62523169029362}},{"type":"Feature","id":12952,"geometry":{"type":"LineString","coordinates":[[-73.779597,41.823756],[-73.7803299999999,41.822886]]},"properties":{"FID":12952,"TYPEPIPE":"Interstate","Operator":"Iroquois Gas Trans Co","Status":"Operating","Shape_Leng":0.00113762427892,"Shape__Length":153.45392714638766}},{"type":"Feature","id":12955,"geometry":{"type":"LineString","coordinates":[[-73.669253,41.705456],[-73.650165,41.703624]]},"properties":{"FID":12955,"TYPEPIPE":"Interstate","Operator":"Iroquois Gas Trans Co","Status":"Operating","Shape_Leng":0.0191757129724,"Shape__Length":2142.3523962274808}},{"type":"Feature","id":12958,"geometry":{"type":"LineString","coordinates":[[-73.673781,41.706017],[-73.669253,41.705456]]},"properties":{"FID":12958,"TYPEPIPE":"Interstate","Operator":"Iroquois Gas Trans Co","Status":"Operating","Shape_Leng":0.00456262040936,"Shape__Length":510.94844156258404}},{"type":"Feature","id":12961,"geometry":{"type":"LineString","coordinates":[[-73.686568,41.7075960000001],[-73.673781,41.706017]]},"properties":{"FID":12961,"TYPEPIPE":"Interstate","Operator":"Iroquois Gas Trans Co","Status":"Operating","Shape_Leng":0.0128841223993,"Shape__Length":1442.7828391869257}},{"type":"Feature","id":12964,"geometry":{"type":"LineString","coordinates":[[-73.687469,41.707291],[-73.686568,41.7075960000001]]},"properties":{"FID":12964,"TYPEPIPE":"Interstate","Operator":"Iroquois Gas Trans Co","Status":"Operating","Shape_Leng":0.000951223422763,"Shape__Length":110.12812143922902}},{"type":"Feature","id":12967,"geometry":{"type":"LineString","coordinates":[[-73.688195,41.7074470000001],[-73.687469,41.707291]]},"properties":{"FID":12967,"TYPEPIPE":"Interstate","Operator":"Iroquois Gas Trans Co","Status":"Operating","Shape_Leng":0.000742571208694,"Shape__Length":84.09894570661265}},{"type":"Feature","id":12970,"geometry":{"type":"LineString","coordinates":[[-73.688929,41.7074920000001],[-73.688195,41.7074470000001]]},"properties":{"FID":12970,"TYPEPIPE":"Interstate","Operator":"Iroquois Gas Trans Co","Status":"Operating","Shape_Leng":0.000735378134046,"Shape__Length":81.98356174115665}},{"type":"Feature","id":12973,"geometry":{"type":"LineString","coordinates":[[-73.6937629999999,41.7067900000001],[-73.688929,41.7074920000001]]},"properties":{"FID":12973,"TYPEPIPE":"Interstate","Operator":"Iroquois Gas Trans Co","Status":"Operating","Shape_Leng":0.00488470674653,"Shape__Length":548.2047601171279}},{"type":"Feature","id":12976,"geometry":{"type":"LineString","coordinates":[[-73.699918,41.7095170000001],[-73.6937629999999,41.7067900000001]]},"properties":{"FID":12976,"TYPEPIPE":"Interstate","Operator":"Iroquois Gas Trans Co","Status":"Operating","Shape_Leng":0.00673205421847,"Shape__Length":796.7491901262287}},{"type":"Feature","id":12979,"geometry":{"type":"LineString","coordinates":[[-73.706445,41.71065],[-73.699918,41.7095170000001]]},"properties":{"FID":12979,"TYPEPIPE":"Interstate","Operator":"Iroquois Gas Trans Co","Status":"Operating","Shape_Leng":0.00662460700721,"Shape__Length":745.9665376982821}},{"type":"Feature","id":12982,"geometry":{"type":"LineString","coordinates":[[-73.7250999999999,41.7132160000001],[-73.706445,41.71065]]},"properties":{"FID":12982,"TYPEPIPE":"Interstate","Operator":"Iroquois Gas Trans Co","Status":"Operating","Shape_Leng":0.0188306500419,"Shape__Length":2111.624171233227}},{"type":"Feature","id":12985,"geometry":{"type":"LineString","coordinates":[[-73.7300059999999,41.713888],[-73.7250999999999,41.7132160000001]]},"properties":{"FID":12985,"TYPEPIPE":"Interstate","Operator":"Iroquois Gas Trans Co","Status":"Operating","Shape_Leng":0.00495180977018,"Shape__Length":555.2515255661501}},{"type":"Feature","id":12988,"geometry":{"type":"LineString","coordinates":[[-73.730558,41.714254],[-73.7300059999999,41.713888]]},"properties":{"FID":12988,"TYPEPIPE":"Interstate","Operator":"Iroquois Gas Trans Co","Status":"Operating","Shape_Leng":0.000662314124883,"Shape__Length":82.18836220527044}},{"type":"Feature","id":12991,"geometry":{"type":"LineString","coordinates":[[-73.731862,41.7144030000001],[-73.730558,41.714254]]},"properties":{"FID":12991,"TYPEPIPE":"Interstate","Operator":"Iroquois Gas Trans Co","Status":"Operating","Shape_Leng":0.00131248504754,"Shape__Length":146.85139727539254}},{"type":"Feature","id":12994,"geometry":{"type":"LineString","coordinates":[[-73.732899,41.714317],[-73.731862,41.7144030000001]]},"properties":{"FID":12994,"TYPEPIPE":"Interstate","Operator":"Iroquois Gas Trans Co","Status":"Operating","Shape_Leng":0.00104055994541,"Shape__Length":116.1485419937692}},{"type":"Feature","id":12997,"geometry":{"type":"LineString","coordinates":[[-73.73874,41.7152960000001],[-73.732899,41.714317]]},"properties":{"FID":12997,"TYPEPIPE":"Interstate","Operator":"Iroquois Gas Trans Co","Status":"Operating","Shape_Leng":0.00592247600246,"Shape__Length":666.4063629468288}},{"type":"Feature","id":13000,"geometry":{"type":"LineString","coordinates":[[-73.743511,41.71615],[-73.73874,41.7152960000001]]},"properties":{"FID":13000,"TYPEPIPE":"Interstate","Operator":"Iroquois Gas Trans Co","Status":"Operating","Shape_Leng":0.00484682958231,"Shape__Length":546.1618856820411}},{"type":"Feature","id":13003,"geometry":{"type":"LineString","coordinates":[[-73.744184,41.716259],[-73.743511,41.71615]]},"properties":{"FID":13003,"TYPEPIPE":"Interstate","Operator":"Iroquois Gas Trans Co","Status":"Operating","Shape_Leng":0.000681769755864,"Shape__Length":76.66124521687122}},{"type":"Feature","id":13006,"geometry":{"type":"LineString","coordinates":[[-73.744354,41.716772],[-73.744184,41.716259]]},"properties":{"FID":13006,"TYPEPIPE":"Interstate","Operator":"Iroquois Gas Trans Co","Status":"Operating","Shape_Leng":0.000540434084807,"Shape__Length":78.81083782011484}},{"type":"Feature","id":13009,"geometry":{"type":"LineString","coordinates":[[-73.746335,41.7171660000001],[-73.744354,41.716772]]},"properties":{"FID":13009,"TYPEPIPE":"Interstate","Operator":"Iroquois Gas Trans Co","Status":"Operating","Shape_Leng":0.00201980122785,"Shape__Length":228.21782437145558}},{"type":"Feature","id":13012,"geometry":{"type":"LineString","coordinates":[[-73.747588,41.7169940000001],[-73.746335,41.7171660000001]]},"properties":{"FID":13012,"TYPEPIPE":"Interstate","Operator":"Iroquois Gas Trans Co","Status":"Operating","Shape_Leng":0.00126475017293,"Shape__Length":141.82232742514094}},{"type":"Feature","id":13015,"geometry":{"type":"LineString","coordinates":[[-73.749894,41.7175110000001],[-73.747588,41.7169940000001]]},"properties":{"FID":13015,"TYPEPIPE":"Interstate","Operator":"Iroquois Gas Trans Co","Status":"Operating","Shape_Leng":0.00236324459169,"Shape__Length":268.0318741083081}},{"type":"Feature","id":13018,"geometry":{"type":"LineString","coordinates":[[-73.7506569999999,41.717268],[-73.749894,41.7175110000001]]},"properties":{"FID":13018,"TYPEPIPE":"Interstate","Operator":"Iroquois Gas Trans Co","Status":"Operating","Shape_Leng":0.000800760888111,"Shape__Length":92.34485383813353}},{"type":"Feature","id":13021,"geometry":{"type":"LineString","coordinates":[[-73.75156,41.7173950000001],[-73.7506569999999,41.717268]]},"properties":{"FID":13021,"TYPEPIPE":"Interstate","Operator":"Iroquois Gas Trans Co","Status":"Operating","Shape_Leng":0.000911887054463,"Shape__Length":102.290266633925}},{"type":"Feature","id":13024,"geometry":{"type":"LineString","coordinates":[[-73.7521169999999,41.717923],[-73.75156,41.7173950000001]]},"properties":{"FID":13024,"TYPEPIPE":"Interstate","Operator":"Iroquois Gas Trans Co","Status":"Operating","Shape_Leng":0.000767484853223,"Shape__Length":100.2254442642678}},{"type":"Feature","id":13027,"geometry":{"type":"LineString","coordinates":[[-73.75708,41.7186980000001],[-73.7521169999999,41.717923]]},"properties":{"FID":13027,"TYPEPIPE":"Interstate","Operator":"Iroquois Gas Trans Co","Status":"Operating","Shape_Leng":0.00502314582711,"Shape__Length":564.439195437954}},{"type":"Feature","id":13030,"geometry":{"type":"LineString","coordinates":[[-73.758633,41.719033],[-73.75708,41.7186980000001]]},"properties":{"FID":13030,"TYPEPIPE":"Interstate","Operator":"Iroquois Gas Trans Co","Status":"Operating","Shape_Leng":0.00158872086912,"Shape__Length":179.9536978412699}},{"type":"Feature","id":13033,"geometry":{"type":"LineString","coordinates":[[-73.7615989999999,41.720111],[-73.758633,41.719033]]},"properties":{"FID":13033,"TYPEPIPE":"Interstate","Operator":"Iroquois Gas Trans Co","Status":"Operating","Shape_Leng":0.00315582635767,"Shape__Length":367.2362144828836}},{"type":"Feature","id":13036,"geometry":{"type":"LineString","coordinates":[[-73.762083,41.720313],[-73.7615989999999,41.720111]]},"properties":{"FID":13036,"TYPEPIPE":"Interstate","Operator":"Iroquois Gas Trans Co","Status":"Operating","Shape_Leng":0.000524461628747,"Shape__Length":61.72936267574108}},{"type":"Feature","id":13039,"geometry":{"type":"LineString","coordinates":[[-73.764603,41.7207100000001],[-73.762083,41.720313]]},"properties":{"FID":13039,"TYPEPIPE":"Interstate","Operator":"Iroquois Gas Trans Co","Status":"Operating","Shape_Leng":0.00255107996739,"Shape__Length":286.7055721102358}},{"type":"Feature","id":13042,"geometry":{"type":"LineString","coordinates":[[-73.766765,41.720783],[-73.764603,41.7207100000001]]},"properties":{"FID":13042,"TYPEPIPE":"Interstate","Operator":"Iroquois Gas Trans Co","Status":"Operating","Shape_Leng":0.00216323207262,"Shape__Length":240.9188717067044}},{"type":"Feature","id":13045,"geometry":{"type":"LineString","coordinates":[[-73.770913,41.721458],[-73.766765,41.720783]]},"properties":{"FID":13045,"TYPEPIPE":"Interstate","Operator":"Iroquois Gas Trans Co","Status":"Operating","Shape_Leng":0.00420256219465,"Shape__Length":472.60010211375794}},{"type":"Feature","id":13048,"geometry":{"type":"LineString","coordinates":[[-73.7722919999999,41.722336],[-73.770913,41.721458]]},"properties":{"FID":13048,"TYPEPIPE":"Interstate","Operator":"Iroquois Gas Trans Co","Status":"Operating","Shape_Leng":0.00163478591869,"Shape__Length":201.77445896597857}},{"type":"Feature","id":13051,"geometry":{"type":"LineString","coordinates":[[-73.7742,41.7221270000001],[-73.7722919999999,41.722336]]},"properties":{"FID":13051,"TYPEPIPE":"Interstate","Operator":"Iroquois Gas Trans Co","Status":"Operating","Shape_Leng":0.0019194126706,"Shape__Length":214.67276743856755}},{"type":"Feature","id":13054,"geometry":{"type":"LineString","coordinates":[[-73.780018,41.72346],[-73.7742,41.7221270000001]]},"properties":{"FID":13054,"TYPEPIPE":"Interstate","Operator":"Iroquois Gas Trans Co","Status":"Operating","Shape_Leng":0.00596875305239,"Shape__Length":677.4850594433942}},{"type":"Feature","id":13057,"geometry":{"type":"LineString","coordinates":[[-73.781142,41.723688],[-73.780018,41.72346]]},"properties":{"FID":13057,"TYPEPIPE":"Interstate","Operator":"Iroquois Gas Trans Co","Status":"Operating","Shape_Leng":0.00114689145084,"Shape__Length":129.66185978993326}},{"type":"Feature","id":13060,"geometry":{"type":"LineString","coordinates":[[-73.7818809999999,41.7234250000001],[-73.781142,41.723688]]},"properties":{"FID":13060,"TYPEPIPE":"Interstate","Operator":"Iroquois Gas Trans Co","Status":"Operating","Shape_Leng":0.000784404232466,"Shape__Length":91.13857456011532}},{"type":"Feature","id":13063,"geometry":{"type":"LineString","coordinates":[[-73.784026,41.7237680000001],[-73.7818809999999,41.7234250000001]]},"properties":{"FID":13063,"TYPEPIPE":"Interstate","Operator":"Iroquois Gas Trans Co","Status":"Operating","Shape_Leng":0.00217225090636,"Shape__Length":244.19907534933748}},{"type":"Feature","id":13066,"geometry":{"type":"LineString","coordinates":[[-73.784624,41.724364],[-73.784026,41.7237680000001]]},"properties":{"FID":13066,"TYPEPIPE":"Interstate","Operator":"Iroquois Gas Trans Co","Status":"Operating","Shape_Leng":0.000844286681128,"Shape__Length":111.05624073454277}},{"type":"Feature","id":13069,"geometry":{"type":"LineString","coordinates":[[-73.7926669999999,41.725801],[-73.784624,41.724364]]},"properties":{"FID":13069,"TYPEPIPE":"Interstate","Operator":"Iroquois Gas Trans Co","Status":"Operating","Shape_Leng":0.00817036217066,"Shape__Length":920.6393118941061}},{"type":"Feature","id":13072,"geometry":{"type":"LineString","coordinates":[[-73.793736,41.724649],[-73.7926669999999,41.725801]]},"properties":{"FID":13072,"TYPEPIPE":"Interstate","Operator":"Iroquois Gas Trans Co","Status":"Operating","Shape_Leng":0.00157158041475,"Shape__Length":209.00867941658043}},{"type":"Feature","id":13075,"geometry":{"type":"LineString","coordinates":[[-73.794232,41.7249110000001],[-73.793736,41.724649]]},"properties":{"FID":13075,"TYPEPIPE":"Interstate","Operator":"Iroquois Gas Trans Co","Status":"Operating","Shape_Leng":0.000560945630172,"Shape__Length":67.64398879424556}},{"type":"Feature","id":13078,"geometry":{"type":"LineString","coordinates":[[-73.793326,41.725852],[-73.794232,41.7249110000001]]},"properties":{"FID":13078,"TYPEPIPE":"Interstate","Operator":"Iroquois Gas Trans Co","Status":"Operating","Shape_Leng":0.00130626069369,"Shape__Length":172.83178791631394}},{"type":"Feature","id":13081,"geometry":{"type":"LineString","coordinates":[[-73.79272,41.728061],[-73.793326,41.725852]]},"properties":{"FID":13081,"TYPEPIPE":"Interstate","Operator":"Iroquois Gas Trans Co","Status":"Operating","Shape_Leng":0.00229061498292,"Shape__Length":336.32242475188195}},{"type":"Feature","id":13084,"geometry":{"type":"LineString","coordinates":[[-73.792165,41.7389140000001],[-73.79272,41.728061]]},"properties":{"FID":13084,"TYPEPIPE":"Interstate","Operator":"Iroquois Gas Trans Co","Status":"Operating","Shape_Leng":0.0108671815114,"Shape__Length":1620.1421180515188}},{"type":"Feature","id":13087,"geometry":{"type":"LineString","coordinates":[[-73.7925779999999,41.7424310000001],[-73.792165,41.7389140000001]]},"properties":{"FID":13087,"TYPEPIPE":"Interstate","Operator":"Iroquois Gas Trans Co","Status":"Operating","Shape_Leng":0.00354116619208,"Shape__Length":526.7069670605125}},{"type":"Feature","id":13090,"geometry":{"type":"LineString","coordinates":[[-73.792897,41.7449560000001],[-73.7925779999999,41.7424310000001]]},"properties":{"FID":13090,"TYPEPIPE":"Interstate","Operator":"Iroquois Gas Trans Co","Status":"Operating","Shape_Leng":0.00254507092239,"Shape__Length":378.389149188062}},{"type":"Feature","id":13093,"geometry":{"type":"LineString","coordinates":[[-73.794205,41.7555970000001],[-73.792897,41.7449560000001]]},"properties":{"FID":13093,"TYPEPIPE":"Interstate","Operator":"Iroquois Gas Trans Co","Status":"Operating","Shape_Leng":0.0107210887973,"Shape__Length":1594.4167602841617}},{"type":"Feature","id":13096,"geometry":{"type":"LineString","coordinates":[[-73.794496,41.7569710000001],[-73.794205,41.7555970000001]]},"properties":{"FID":13096,"TYPEPIPE":"Interstate","Operator":"Iroquois Gas Trans Co","Status":"Operating","Shape_Leng":0.00140447748291,"Shape__Length":207.57833554247108}},{"type":"Feature","id":13099,"geometry":{"type":"LineString","coordinates":[[-73.795172,41.762161],[-73.794496,41.7569710000001]]},"properties":{"FID":13099,"TYPEPIPE":"Interstate","Operator":"Iroquois Gas Trans Co","Status":"Operating","Shape_Leng":0.0052338395084,"Shape__Length":778.1643524203046}},{"type":"Feature","id":13102,"geometry":{"type":"LineString","coordinates":[[-73.794089,41.7640220000001],[-73.795172,41.762161]]},"properties":{"FID":13102,"TYPEPIPE":"Interstate","Operator":"Iroquois Gas Trans Co","Status":"Operating","Shape_Leng":0.00215318601149,"Shape__Length":302.7744842739452}},{"type":"Feature","id":13105,"geometry":{"type":"LineString","coordinates":[[-73.791507,41.766086],[-73.794089,41.7640220000001]]},"properties":{"FID":13105,"TYPEPIPE":"Interstate","Operator":"Iroquois Gas Trans Co","Status":"Operating","Shape_Leng":0.00330557408024,"Shape__Length":421.3126857258155}},{"type":"Feature","id":13108,"geometry":{"type":"LineString","coordinates":[[-73.7922569999999,41.7677100000001],[-73.791507,41.766086]]},"properties":{"FID":13108,"TYPEPIPE":"Interstate","Operator":"Iroquois Gas Trans Co","Status":"Operating","Shape_Leng":0.00178881972265,"Shape__Length":256.35771680550477}},{"type":"Feature","id":13111,"geometry":{"type":"LineString","coordinates":[[-73.7913799999999,41.7692010000001],[-73.7922569999999,41.7677100000001]]},"properties":{"FID":13111,"TYPEPIPE":"Interstate","Operator":"Iroquois Gas Trans Co","Status":"Operating","Shape_Leng":0.00172980056653,"Shape__Length":243.00951517428894}},{"type":"Feature","id":13114,"geometry":{"type":"LineString","coordinates":[[-73.791274,41.7709830000001],[-73.7913799999999,41.7692010000001]]},"properties":{"FID":13114,"TYPEPIPE":"Interstate","Operator":"Iroquois Gas Trans Co","Status":"Operating","Shape_Leng":0.00178514985364,"Shape__Length":266.237746051569}},{"type":"Feature","id":13117,"geometry":{"type":"LineString","coordinates":[[-73.791119,41.772896],[-73.791274,41.7709830000001]]},"properties":{"FID":13117,"TYPEPIPE":"Interstate","Operator":"Iroquois Gas Trans Co","Status":"Operating","Shape_Leng":0.00191926913173,"Shape__Length":286.05788553731566}},{"type":"Feature","id":13120,"geometry":{"type":"LineString","coordinates":[[-73.791211,41.7733240000001],[-73.791119,41.772896]]},"properties":{"FID":13120,"TYPEPIPE":"Interstate","Operator":"Iroquois Gas Trans Co","Status":"Operating","Shape_Leng":0.000437776198529,"Shape__Length":64.70072867829096}},{"type":"Feature","id":13123,"geometry":{"type":"LineString","coordinates":[[-73.791932,41.7748950000001],[-73.791211,41.7733240000001]]},"properties":{"FID":13123,"TYPEPIPE":"Interstate","Operator":"Iroquois Gas Trans Co","Status":"Operating","Shape_Leng":0.00172854910258,"Shape__Length":247.85276822535224}},{"type":"Feature","id":13126,"geometry":{"type":"LineString","coordinates":[[-73.792273,41.7770150000001],[-73.791932,41.7748950000001]]},"properties":{"FID":13126,"TYPEPIPE":"Interstate","Operator":"Iroquois Gas Trans Co","Status":"Operating","Shape_Leng":0.00214724963615,"Shape__Length":318.7225413496126}},{"type":"Feature","id":13129,"geometry":{"type":"LineString","coordinates":[[-73.791973,41.7784070000001],[-73.792273,41.7770150000001]]},"properties":{"FID":13129,"TYPEPIPE":"Interstate","Operator":"Iroquois Gas Trans Co","Status":"Operating","Shape_Leng":0.00142396067362,"Shape__Length":210.4571056618274}},{"type":"Feature","id":13132,"geometry":{"type":"LineString","coordinates":[[-73.7909969999999,41.779632],[-73.791973,41.7784070000001]]},"properties":{"FID":13132,"TYPEPIPE":"Interstate","Operator":"Iroquois Gas Trans Co","Status":"Operating","Shape_Leng":0.00156626977243,"Shape__Length":212.70659922759506}},{"type":"Feature","id":13135,"geometry":{"type":"LineString","coordinates":[[-73.789822,41.7802570000001],[-73.7909969999999,41.779632]]},"properties":{"FID":13135,"TYPEPIPE":"Interstate","Operator":"Iroquois Gas Trans Co","Status":"Operating","Shape_Leng":0.00133088316542,"Shape__Length":160.666228406759}},{"type":"Feature","id":13138,"geometry":{"type":"LineString","coordinates":[[-73.7883909999999,41.781009],[-73.789822,41.7802570000001]]},"properties":{"FID":13138,"TYPEPIPE":"Interstate","Operator":"Iroquois Gas Trans Co","Status":"Operating","Shape_Leng":0.00161655961846,"Shape__Length":194.8798895964222}},{"type":"Feature","id":13141,"geometry":{"type":"LineString","coordinates":[[-73.787856,41.782273],[-73.7883909999999,41.781009]]},"properties":{"FID":13141,"TYPEPIPE":"Interstate","Operator":"Iroquois Gas Trans Co","Status":"Operating","Shape_Leng":0.00137256001688,"Shape__Length":197.87037676450242}},{"type":"Feature","id":13144,"geometry":{"type":"LineString","coordinates":[[-73.7874899999999,41.783665],[-73.787856,41.782273]]},"properties":{"FID":13144,"TYPEPIPE":"Interstate","Operator":"Iroquois Gas Trans Co","Status":"Operating","Shape_Leng":0.00143931233583,"Shape__Length":211.76396881123708}},{"type":"Feature","id":13147,"geometry":{"type":"LineString","coordinates":[[-73.7883649999999,41.784795],[-73.7874899999999,41.783665]]},"properties":{"FID":13147,"TYPEPIPE":"Interstate","Operator":"Iroquois Gas Trans Co","Status":"Operating","Shape_Leng":0.00142916933916,"Shape__Length":194.79876447326538}},{"type":"Feature","id":13150,"geometry":{"type":"LineString","coordinates":[[-73.7882759999999,41.7856100000001],[-73.7883649999999,41.784795]]},"properties":{"FID":13150,"TYPEPIPE":"Interstate","Operator":"Iroquois Gas Trans Co","Status":"Operating","Shape_Leng":0.000819845107368,"Shape__Length":122.07588798949831}},{"type":"Feature","id":13153,"geometry":{"type":"LineString","coordinates":[[-73.788236,41.786685],[-73.7882759999999,41.7856100000001]]},"properties":{"FID":13153,"TYPEPIPE":"Interstate","Operator":"Iroquois Gas Trans Co","Status":"Operating","Shape_Leng":0.00107574392859,"Shape__Length":160.55330100580932}},{"type":"Feature","id":13156,"geometry":{"type":"LineString","coordinates":[[-73.788607,41.7874230000001],[-73.788236,41.786685]]},"properties":{"FID":13156,"TYPEPIPE":"Interstate","Operator":"Iroquois Gas Trans Co","Status":"Operating","Shape_Leng":0.000826005447923,"Shape__Length":117.66679624614255}},{"type":"Feature","id":13159,"geometry":{"type":"LineString","coordinates":[[-73.789622,41.7881640000001],[-73.788607,41.7874230000001]]},"properties":{"FID":13159,"TYPEPIPE":"Interstate","Operator":"Iroquois Gas Trans Co","Status":"Operating","Shape_Leng":0.0012567044203,"Shape__Length":158.1315353862396}},{"type":"Feature","id":13162,"geometry":{"type":"LineString","coordinates":[[-73.790086,41.788889],[-73.789622,41.7881640000001]]},"properties":{"FID":13162,"TYPEPIPE":"Interstate","Operator":"Iroquois Gas Trans Co","Status":"Operating","Shape_Leng":0.000860767680622,"Shape__Length":119.93495243130522}},{"type":"Feature","id":13165,"geometry":{"type":"LineString","coordinates":[[-73.790049,41.789718],[-73.790086,41.788889]]},"properties":{"FID":13165,"TYPEPIPE":"Interstate","Operator":"Iroquois Gas Trans Co","Status":"Operating","Shape_Leng":0.000829825282827,"Shape__Length":123.83971219612242}},{"type":"Feature","id":13168,"geometry":{"type":"LineString","coordinates":[[-73.789419,41.7905400000001],[-73.790049,41.789718]]},"properties":{"FID":13168,"TYPEPIPE":"Interstate","Operator":"Iroquois Gas Trans Co","Status":"Operating","Shape_Leng":0.00103565631367,"Shape__Length":141.35231315004842}},{"type":"Feature","id":13171,"geometry":{"type":"LineString","coordinates":[[-73.7880759999999,41.7927320000001],[-73.789419,41.7905400000001]]},"properties":{"FID":13171,"TYPEPIPE":"Interstate","Operator":"Iroquois Gas Trans Co","Status":"Operating","Shape_Leng":0.00257070282218,"Shape__Length":359.8111062933976}},{"type":"Feature","id":13174,"geometry":{"type":"LineString","coordinates":[[-73.787544,41.793725],[-73.7880759999999,41.7927320000001]]},"properties":{"FID":13174,"TYPEPIPE":"Interstate","Operator":"Iroquois Gas Trans Co","Status":"Operating","Shape_Leng":0.00112653140211,"Shape__Length":159.6558209977565}},{"type":"Feature","id":13177,"geometry":{"type":"LineString","coordinates":[[-73.787479,41.7945130000001],[-73.787544,41.793725]]},"properties":{"FID":13177,"TYPEPIPE":"Interstate","Operator":"Iroquois Gas Trans Co","Status":"Operating","Shape_Leng":0.000790676292803,"Shape__Length":117.8809457228882}},{"type":"Feature","id":13180,"geometry":{"type":"LineString","coordinates":[[-73.7880069999999,41.7967810000001],[-73.787479,41.7945130000001]]},"properties":{"FID":13180,"TYPEPIPE":"Interstate","Operator":"Iroquois Gas Trans Co","Status":"Operating","Shape_Leng":0.00232864939397,"Shape__Length":343.7128607627708}},{"type":"Feature","id":13183,"geometry":{"type":"LineString","coordinates":[[-73.788536,41.800276],[-73.7880069999999,41.7967810000001]]},"properties":{"FID":13183,"TYPEPIPE":"Interstate","Operator":"Iroquois Gas Trans Co","Status":"Operating","Shape_Leng":0.00353480777411,"Shape__Length":525.1967951966336}},{"type":"Feature","id":13186,"geometry":{"type":"LineString","coordinates":[[-73.787069,41.801837],[-73.788536,41.800276]]},"properties":{"FID":13186,"TYPEPIPE":"Interstate","Operator":"Iroquois Gas Trans Co","Status":"Operating","Shape_Leng":0.00214215078832,"Shape__Length":284.61499307251046}},{"type":"Feature","id":13189,"geometry":{"type":"LineString","coordinates":[[-73.788041,41.8031930000001],[-73.787069,41.801837]]},"properties":{"FID":13189,"TYPEPIPE":"Interstate","Operator":"Iroquois Gas Trans Co","Status":"Operating","Shape_Leng":0.00166838844401,"Shape__Length":229.59096502628987}},{"type":"Feature","id":13192,"geometry":{"type":"LineString","coordinates":[[-73.787729,41.8034410000001],[-73.788041,41.8031930000001]]},"properties":{"FID":13192,"TYPEPIPE":"Interstate","Operator":"Iroquois Gas Trans Co","Status":"Operating","Shape_Leng":0.000398557398632,"Shape__Length":50.7727963024647}},{"type":"Feature","id":13195,"geometry":{"type":"LineString","coordinates":[[-73.787861,41.8043440000001],[-73.787729,41.8034410000001]]},"properties":{"FID":13195,"TYPEPIPE":"Interstate","Operator":"Iroquois Gas Trans Co","Status":"Operating","Shape_Leng":0.000912596844171,"Shape__Length":135.64845025693293}},{"type":"Feature","id":13198,"geometry":{"type":"LineString","coordinates":[[-73.786288,41.806925],[-73.787861,41.8043440000001]]},"properties":{"FID":13198,"TYPEPIPE":"Interstate","Operator":"Iroquois Gas Trans Co","Status":"Operating","Shape_Leng":0.00302256348152,"Shape__Length":423.35648107711796}},{"type":"Feature","id":13201,"geometry":{"type":"LineString","coordinates":[[-73.785042,41.807462],[-73.786288,41.806925]]},"properties":{"FID":13201,"TYPEPIPE":"Interstate","Operator":"Iroquois Gas Trans Co","Status":"Operating","Shape_Leng":0.00135679217272,"Shape__Length":160.22002119060454}},{"type":"Feature","id":13204,"geometry":{"type":"LineString","coordinates":[[-73.7842699999999,41.8082200000001],[-73.785042,41.807462]]},"properties":{"FID":13204,"TYPEPIPE":"Interstate","Operator":"Iroquois Gas Trans Co","Status":"Operating","Shape_Leng":0.00108191866612,"Shape__Length":142.1284137833754}},{"type":"Feature","id":13207,"geometry":{"type":"LineString","coordinates":[[-73.7847379999999,41.8094990000001],[-73.7842699999999,41.8082200000001]]},"properties":{"FID":13207,"TYPEPIPE":"Interstate","Operator":"Iroquois Gas Trans Co","Status":"Operating","Shape_Leng":0.00136193428624,"Shape__Length":197.9924097588644}},{"type":"Feature","id":13210,"geometry":{"type":"LineString","coordinates":[[-73.778478,41.8256000000001],[-73.779597,41.823756]]},"properties":{"FID":13210,"TYPEPIPE":"Interstate","Operator":"Iroquois Gas Trans Co","Status":"Operating","Shape_Leng":0.0021569647656,"Shape__Length":302.32028789161876}},{"type":"Feature","id":13213,"geometry":{"type":"LineString","coordinates":[[-73.77838,41.827135],[-73.778478,41.8256000000001]]},"properties":{"FID":13213,"TYPEPIPE":"Interstate","Operator":"Iroquois Gas Trans Co","Status":"Operating","Shape_Leng":0.00153812515744,"Shape__Length":229.5702581051415}},{"type":"Feature","id":13216,"geometry":{"type":"LineString","coordinates":[[-73.779556,41.8302770000001],[-73.77838,41.827135]]},"properties":{"FID":13216,"TYPEPIPE":"Interstate","Operator":"Iroquois Gas Trans Co","Status":"Operating","Shape_Leng":0.00335486810473,"Shape__Length":487.30837681546325}},{"type":"Feature","id":13219,"geometry":{"type":"LineString","coordinates":[[-73.781063,41.8316120000001],[-73.779556,41.8302770000001]]},"properties":{"FID":13219,"TYPEPIPE":"Interstate","Operator":"Iroquois Gas Trans Co","Status":"Operating","Shape_Leng":0.00201327444725,"Shape__Length":260.61891436401555}},{"type":"Feature","id":13222,"geometry":{"type":"LineString","coordinates":[[-73.78353,41.8332280000001],[-73.781063,41.8316120000001]]},"properties":{"FID":13222,"TYPEPIPE":"Interstate","Operator":"Iroquois Gas Trans Co","Status":"Operating","Shape_Leng":0.00294916004994,"Shape__Length":365.66303070244726}},{"type":"Feature","id":13225,"geometry":{"type":"LineString","coordinates":[[-73.784482,41.834351],[-73.78353,41.8332280000001]]},"properties":{"FID":13225,"TYPEPIPE":"Interstate","Operator":"Iroquois Gas Trans Co","Status":"Operating","Shape_Leng":0.00147222043182,"Shape__Length":198.44869222627003}},{"type":"Feature","id":13228,"geometry":{"type":"LineString","coordinates":[[-73.784687,41.835514],[-73.784482,41.834351]]},"properties":{"FID":13228,"TYPEPIPE":"Interstate","Operator":"Iroquois Gas Trans Co","Status":"Operating","Shape_Leng":0.00118092929511,"Shape__Length":175.25386223719275}},{"type":"Feature","id":13231,"geometry":{"type":"LineString","coordinates":[[-73.784456,41.8366060000001],[-73.784687,41.835514]]},"properties":{"FID":13231,"TYPEPIPE":"Interstate","Operator":"Iroquois Gas Trans Co","Status":"Operating","Shape_Leng":0.00111616531036,"Shape__Length":165.17062881450352}},{"type":"Feature","id":13234,"geometry":{"type":"LineString","coordinates":[[-73.784466,41.840853],[-73.784456,41.8366060000001]]},"properties":{"FID":13234,"TYPEPIPE":"Interstate","Operator":"Iroquois Gas Trans Co","Status":"Operating","Shape_Leng":0.00424701177296,"Shape__Length":634.5752507923185}},{"type":"Feature","id":13237,"geometry":{"type":"LineString","coordinates":[[-73.785771,41.8459930000001],[-73.784466,41.840853]]},"properties":{"FID":13237,"TYPEPIPE":"Interstate","Operator":"Iroquois Gas Trans Co","Status":"Operating","Shape_Leng":0.00530307693706,"Shape__Length":781.677792473166}},{"type":"Feature","id":13240,"geometry":{"type":"LineString","coordinates":[[-73.7868119999999,41.8472140000001],[-73.785771,41.8459930000001]]},"properties":{"FID":13240,"TYPEPIPE":"Interstate","Operator":"Iroquois Gas Trans Co","Status":"Operating","Shape_Leng":0.00160453170737,"Shape__Length":216.15020028078249}},{"type":"Feature","id":13243,"geometry":{"type":"LineString","coordinates":[[-73.789209,41.849424],[-73.7868119999999,41.8472140000001]]},"properties":{"FID":13243,"TYPEPIPE":"Interstate","Operator":"Iroquois Gas Trans Co","Status":"Operating","Shape_Leng":0.00326032345023,"Shape__Length":424.58475983131456}},{"type":"Feature","id":13246,"geometry":{"type":"LineString","coordinates":[[-73.7921909999999,41.8524600000001],[-73.789209,41.849424]]},"properties":{"FID":13246,"TYPEPIPE":"Interstate","Operator":"Iroquois Gas Trans Co","Status":"Operating","Shape_Leng":0.00425553991873,"Shape__Length":562.1858019275641}},{"type":"Feature","id":13249,"geometry":{"type":"LineString","coordinates":[[-73.789036,41.859925],[-73.792808,41.85679]]},"properties":{"FID":13249,"TYPEPIPE":"Interstate","Operator":"Iroquois Gas Trans Co","Status":"Operating","Shape_Leng":0.00490471293758,"Shape__Length":629.1803500400804}},{"type":"Feature","id":13252,"geometry":{"type":"LineString","coordinates":[[-73.790116,41.864201],[-73.789036,41.859925]]},"properties":{"FID":13252,"TYPEPIPE":"Interstate","Operator":"Iroquois Gas Trans Co","Status":"Operating","Shape_Leng":0.00441028071669,"Shape__Length":650.3495938441315}},{"type":"Feature","id":13255,"geometry":{"type":"LineString","coordinates":[[-73.7897359999999,41.8656360000001],[-73.790116,41.864201]]},"properties":{"FID":13255,"TYPEPIPE":"Interstate","Operator":"Iroquois Gas Trans Co","Status":"Operating","Shape_Leng":0.00148446118172,"Shape__Length":218.63259897499663}},{"type":"Feature","id":13258,"geometry":{"type":"LineString","coordinates":[[-73.792279,41.867883],[-73.7897359999999,41.8656360000001]]},"properties":{"FID":13258,"TYPEPIPE":"Interstate","Operator":"Iroquois Gas Trans Co","Status":"Operating","Shape_Leng":0.00339350232062,"Shape__Length":439.269464230997}},{"type":"Feature","id":13261,"geometry":{"type":"LineString","coordinates":[[-73.788492,42.124465],[-73.79265,42.119023]]},"properties":{"FID":13261,"TYPEPIPE":"Interstate","Operator":"Iroquois Gas Trans Co","Status":"Operating","Shape_Leng":0.00684867344822,"Shape__Length":938.7893038522236}},{"type":"Feature","id":13264,"geometry":{"type":"LineString","coordinates":[[-73.789586,42.1329380000001],[-73.788492,42.124465]]},"properties":{"FID":13264,"TYPEPIPE":"Interstate","Operator":"Iroquois Gas Trans Co","Status":"Operating","Shape_Leng":0.00854333453639,"Shape__Length":1277.6073136057096}},{"type":"Feature","id":13267,"geometry":{"type":"LineString","coordinates":[[-73.7919909999999,42.146896],[-73.789586,42.1329380000001]]},"properties":{"FID":13267,"TYPEPIPE":"Interstate","Operator":"Iroquois Gas Trans Co","Status":"Operating","Shape_Leng":0.0141636785122,"Shape__Length":2112.4879020794397}},{"type":"Feature","id":13270,"geometry":{"type":"LineString","coordinates":[[-73.790058,42.2226600000001],[-73.791462,42.2187200000001]]},"properties":{"FID":13270,"TYPEPIPE":"Interstate","Operator":"Iroquois Gas Trans Co","Status":"Operating","Shape_Leng":0.00418268048026,"Shape__Length":612.5267033097928}},{"type":"Feature","id":13273,"geometry":{"type":"LineString","coordinates":[[-73.7903029999999,42.223872],[-73.790058,42.2226600000001]]},"properties":{"FID":13273,"TYPEPIPE":"Interstate","Operator":"Iroquois Gas Trans Co","Status":"Operating","Shape_Leng":0.00123651486035,"Shape__Length":184.22237536417558}},{"type":"Feature","id":13276,"geometry":{"type":"LineString","coordinates":[[-73.7909339999999,42.2252120000001],[-73.7903029999999,42.223872]]},"properties":{"FID":13276,"TYPEPIPE":"Interstate","Operator":"Iroquois Gas Trans Co","Status":"Operating","Shape_Leng":0.00148113503776,"Shape__Length":213.3336181750673}},{"type":"Feature","id":13279,"geometry":{"type":"LineString","coordinates":[[-73.816727,42.057174],[-73.8166899999999,42.0540090000001]]},"properties":{"FID":13279,"TYPEPIPE":"Interstate","Operator":"Iroquois Gas Trans Co","Status":"Operating","Shape_Leng":0.0031652162643,"Shape__Length":474.5342970617436}},{"type":"Feature","id":13282,"geometry":{"type":"LineString","coordinates":[[-73.8183779999999,42.058345],[-73.816727,42.057174]]},"properties":{"FID":13282,"TYPEPIPE":"Interstate","Operator":"Iroquois Gas Trans Co","Status":"Operating","Shape_Leng":0.00202411511529,"Shape__Length":254.1709663454471}},{"type":"Feature","id":13285,"geometry":{"type":"LineString","coordinates":[[-73.820505,42.0626270000001],[-73.8183779999999,42.058345]]},"properties":{"FID":13285,"TYPEPIPE":"Interstate","Operator":"Iroquois Gas Trans Co","Status":"Operating","Shape_Leng":0.00478117694721,"Shape__Length":684.3026473032991}},{"type":"Feature","id":13288,"geometry":{"type":"LineString","coordinates":[[-73.8199509999999,42.063878],[-73.820505,42.0626270000001]]},"properties":{"FID":13288,"TYPEPIPE":"Interstate","Operator":"Iroquois Gas Trans Co","Status":"Operating","Shape_Leng":0.00136818017817,"Shape__Length":197.45805298797976}},{"type":"Feature","id":13291,"geometry":{"type":"LineString","coordinates":[[-73.819087,42.0671160000001],[-73.8199509999999,42.063878]]},"properties":{"FID":13291,"TYPEPIPE":"Interstate","Operator":"Iroquois Gas Trans Co","Status":"Operating","Shape_Leng":0.00335128930414,"Shape__Length":494.9712671625745}},{"type":"Feature","id":13294,"geometry":{"type":"LineString","coordinates":[[-73.793232,41.8546040000001],[-73.7921909999999,41.8524600000001]]},"properties":{"FID":13294,"TYPEPIPE":"Interstate","Operator":"Iroquois Gas Trans Co","Status":"Operating","Shape_Leng":0.00238336254062,"Shape__Length":340.73559781480077}},{"type":"Feature","id":13297,"geometry":{"type":"LineString","coordinates":[[-73.793357,41.856025],[-73.793232,41.8546040000001]]},"properties":{"FID":13297,"TYPEPIPE":"Interstate","Operator":"Iroquois Gas Trans Co","Status":"Operating","Shape_Leng":0.00142648729401,"Shape__Length":212.83206351190378}},{"type":"Feature","id":13300,"geometry":{"type":"LineString","coordinates":[[-73.792808,41.85679],[-73.793357,41.856025]]},"properties":{"FID":13300,"TYPEPIPE":"Interstate","Operator":"Iroquois Gas Trans Co","Status":"Operating","Shape_Leng":0.000941608198763,"Shape__Length":129.64416486334457}},{"type":"Feature","id":13303,"geometry":{"type":"LineString","coordinates":[[-73.792407,41.8685350000001],[-73.792279,41.867883]]},"properties":{"FID":13303,"TYPEPIPE":"Interstate","Operator":"Iroquois Gas Trans Co","Status":"Operating","Shape_Leng":0.000664445633598,"Shape__Length":98.5008904308411}},{"type":"Feature","id":13306,"geometry":{"type":"LineString","coordinates":[[-73.7978859999999,41.872505],[-73.792407,41.8685350000001]]},"properties":{"FID":13306,"TYPEPIPE":"Interstate","Operator":"Iroquois Gas Trans Co","Status":"Operating","Shape_Leng":0.00676611712873,"Shape__Length":851.0117971316008}},{"type":"Feature","id":13309,"geometry":{"type":"LineString","coordinates":[[-73.797923,41.875279],[-73.7978859999999,41.872505]]},"properties":{"FID":13309,"TYPEPIPE":"Interstate","Operator":"Iroquois Gas Trans Co","Status":"Operating","Shape_Leng":0.0027742467446,"Shape__Length":414.7313356928912}},{"type":"Feature","id":13312,"geometry":{"type":"LineString","coordinates":[[-73.798006,41.8790490000001],[-73.797923,41.875279]]},"properties":{"FID":13312,"TYPEPIPE":"Interstate","Operator":"Iroquois Gas Trans Co","Status":"Operating","Shape_Leng":0.00377091354982,"Shape__Length":563.7167020568925}},{"type":"Feature","id":13315,"geometry":{"type":"LineString","coordinates":[[-73.7984079999999,41.8793150000001],[-73.798006,41.8790490000001]]},"properties":{"FID":13315,"TYPEPIPE":"Interstate","Operator":"Iroquois Gas Trans Co","Status":"Operating","Shape_Leng":0.000482037342917,"Shape__Length":59.86870145701407}},{"type":"Feature","id":13318,"geometry":{"type":"LineString","coordinates":[[-73.7984749999999,41.8810770000001],[-73.7984079999999,41.8793150000001]]},"properties":{"FID":13318,"TYPEPIPE":"Interstate","Operator":"Iroquois Gas Trans Co","Status":"Operating","Shape_Leng":0.00176327337641,"Shape__Length":263.549197060844}},{"type":"Feature","id":13321,"geometry":{"type":"LineString","coordinates":[[-73.798019,41.881604],[-73.7984749999999,41.8810770000001]]},"properties":{"FID":13321,"TYPEPIPE":"Interstate","Operator":"Iroquois Gas Trans Co","Status":"Operating","Shape_Leng":0.000696896692461,"Shape__Length":93.73070594736117}},{"type":"Feature","id":13324,"geometry":{"type":"LineString","coordinates":[[-73.798372,41.8829400000001],[-73.798019,41.881604]]},"properties":{"FID":13324,"TYPEPIPE":"Interstate","Operator":"Iroquois Gas Trans Co","Status":"Operating","Shape_Leng":0.00138184839983,"Shape__Length":203.5855749019793}},{"type":"Feature","id":13327,"geometry":{"type":"LineString","coordinates":[[-73.79826,41.888199],[-73.798372,41.8829400000001]]},"properties":{"FID":13327,"TYPEPIPE":"Interstate","Operator":"Iroquois Gas Trans Co","Status":"Operating","Shape_Leng":0.00526019248694,"Shape__Length":786.459004177894}},{"type":"Feature","id":13330,"geometry":{"type":"LineString","coordinates":[[-73.797631,41.8886660000001],[-73.79826,41.888199]]},"properties":{"FID":13330,"TYPEPIPE":"Interstate","Operator":"Iroquois Gas Trans Co","Status":"Operating","Shape_Leng":0.000783409216194,"Shape__Length":98.89038111443362}},{"type":"Feature","id":13333,"geometry":{"type":"LineString","coordinates":[[-73.797535,41.8894020000001],[-73.797631,41.8886660000001]]},"properties":{"FID":13333,"TYPEPIPE":"Interstate","Operator":"Iroquois Gas Trans Co","Status":"Operating","Shape_Leng":0.000742234464319,"Shape__Length":110.57514008437089}},{"type":"Feature","id":13336,"geometry":{"type":"LineString","coordinates":[[-73.797704,41.89234],[-73.797535,41.8894020000001]]},"properties":{"FID":13336,"TYPEPIPE":"Interstate","Operator":"Iroquois Gas Trans Co","Status":"Operating","Shape_Leng":0.00294285660538,"Shape__Length":439.7480937363617}},{"type":"Feature","id":13339,"geometry":{"type":"LineString","coordinates":[[-73.796522,41.894611],[-73.797704,41.89234]]},"properties":{"FID":13339,"TYPEPIPE":"Interstate","Operator":"Iroquois Gas Trans Co","Status":"Operating","Shape_Leng":0.00256018846962,"Shape__Length":364.21532296452165}},{"type":"Feature","id":13342,"geometry":{"type":"LineString","coordinates":[[-73.796551,41.903694],[-73.796522,41.894611]]},"properties":{"FID":13342,"TYPEPIPE":"Interstate","Operator":"Iroquois Gas Trans Co","Status":"Operating","Shape_Leng":0.00908304629513,"Shape__Length":1358.4424141144798}},{"type":"Feature","id":13345,"geometry":{"type":"LineString","coordinates":[[-73.79626,41.90711],[-73.796551,41.903694]]},"properties":{"FID":13345,"TYPEPIPE":"Interstate","Operator":"Iroquois Gas Trans Co","Status":"Operating","Shape_Leng":0.00342837235436,"Shape__Length":511.9672284069912}},{"type":"Feature","id":13348,"geometry":{"type":"LineString","coordinates":[[-73.796264,41.907556],[-73.79626,41.90711]]},"properties":{"FID":13348,"TYPEPIPE":"Interstate","Operator":"Iroquois Gas Trans Co","Status":"Operating","Shape_Leng":0.00044601793687,"Shape__Length":66.71306071631228}},{"type":"Feature","id":13351,"geometry":{"type":"LineString","coordinates":[[-73.7980459999999,41.9089020000001],[-73.796264,41.907556]]},"properties":{"FID":13351,"TYPEPIPE":"Interstate","Operator":"Iroquois Gas Trans Co","Status":"Operating","Shape_Leng":0.00223321293208,"Shape__Length":282.6422360527848}},{"type":"Feature","id":13354,"geometry":{"type":"LineString","coordinates":[[-73.797877,41.9109050000001],[-73.7980459999999,41.9089020000001]]},"properties":{"FID":13354,"TYPEPIPE":"Interstate","Operator":"Iroquois Gas Trans Co","Status":"Operating","Shape_Leng":0.00201011691202,"Shape__Length":300.2058967089102}},{"type":"Feature","id":13357,"geometry":{"type":"LineString","coordinates":[[-73.7986299999999,41.9112880000001],[-73.797877,41.9109050000001]]},"properties":{"FID":13357,"TYPEPIPE":"Interstate","Operator":"Iroquois Gas Trans Co","Status":"Operating","Shape_Leng":0.000844806486695,"Shape__Length":101.53184620262597}},{"type":"Feature","id":13360,"geometry":{"type":"LineString","coordinates":[[-73.798279,41.917422],[-73.7986299999999,41.9112880000001]]},"properties":{"FID":13360,"TYPEPIPE":"Interstate","Operator":"Iroquois Gas Trans Co","Status":"Operating","Shape_Leng":0.00614403426094,"Shape__Length":918.4409751503692}},{"type":"Feature","id":13363,"geometry":{"type":"LineString","coordinates":[[-73.797721,41.9250030000001],[-73.798279,41.917422]]},"properties":{"FID":13363,"TYPEPIPE":"Interstate","Operator":"Iroquois Gas Trans Co","Status":"Operating","Shape_Leng":0.00760150807408,"Shape__Length":1135.8934949155005}},{"type":"Feature","id":13366,"geometry":{"type":"LineString","coordinates":[[-73.796865,41.925572],[-73.797721,41.9250030000001]]},"properties":{"FID":13366,"TYPEPIPE":"Interstate","Operator":"Iroquois Gas Trans Co","Status":"Operating","Shape_Leng":0.00102786039907,"Shape__Length":127.78031262556654}},{"type":"Feature","id":13369,"geometry":{"type":"LineString","coordinates":[[-73.796647,41.9289380000001],[-73.796865,41.925572]]},"properties":{"FID":13369,"TYPEPIPE":"Interstate","Operator":"Iroquois Gas Trans Co","Status":"Operating","Shape_Leng":0.00337305203046,"Shape__Length":504.2194611210784}},{"type":"Feature","id":13372,"geometry":{"type":"LineString","coordinates":[[-73.797952,41.931514],[-73.796647,41.9289380000001]]},"properties":{"FID":13372,"TYPEPIPE":"Interstate","Operator":"Iroquois Gas Trans Co","Status":"Operating","Shape_Leng":0.00288769821828,"Shape__Length":411.91697850743697}},{"type":"Feature","id":13375,"geometry":{"type":"LineString","coordinates":[[-73.798941,41.933523],[-73.797952,41.931514]]},"properties":{"FID":13375,"TYPEPIPE":"Interstate","Operator":"Iroquois Gas Trans Co","Status":"Operating","Shape_Leng":0.00223924138939,"Shape__Length":320.14560411405375}},{"type":"Feature","id":13378,"geometry":{"type":"LineString","coordinates":[[-73.800268,41.934461],[-73.798941,41.933523]]},"properties":{"FID":13378,"TYPEPIPE":"Interstate","Operator":"Iroquois Gas Trans Co","Status":"Operating","Shape_Leng":0.00162504553784,"Shape__Length":203.7721052515652}},{"type":"Feature","id":13381,"geometry":{"type":"LineString","coordinates":[[-73.801092,41.936243],[-73.800268,41.934461]]},"properties":{"FID":13381,"TYPEPIPE":"Interstate","Operator":"Iroquois Gas Trans Co","Status":"Operating","Shape_Leng":0.00196328805834,"Shape__Length":281.99945399024466}},{"type":"Feature","id":13384,"geometry":{"type":"LineString","coordinates":[[-73.801766,41.936494],[-73.801092,41.936243]]},"properties":{"FID":13384,"TYPEPIPE":"Interstate","Operator":"Iroquois Gas Trans Co","Status":"Operating","Shape_Leng":0.000719219716082,"Shape__Length":83.90609962331399}},{"type":"Feature","id":13387,"geometry":{"type":"LineString","coordinates":[[-73.801797,41.938133],[-73.801766,41.936494]]},"properties":{"FID":13387,"TYPEPIPE":"Interstate","Operator":"Iroquois Gas Trans Co","Status":"Operating","Shape_Leng":0.00163929314036,"Shape__Length":245.29705051259901}},{"type":"Feature","id":13390,"geometry":{"type":"LineString","coordinates":[[-73.802499,41.939324],[-73.801797,41.938133]]},"properties":{"FID":13390,"TYPEPIPE":"Interstate","Operator":"Iroquois Gas Trans Co","Status":"Operating","Shape_Leng":0.00138249231463,"Shape__Length":194.61341414130746}},{"type":"Feature","id":13393,"geometry":{"type":"LineString","coordinates":[[-73.803032,41.93947],[-73.802499,41.939324]]},"properties":{"FID":13393,"TYPEPIPE":"Interstate","Operator":"Iroquois Gas Trans Co","Status":"Operating","Shape_Leng":0.000552634599,"Shape__Length":63.22840219950448}},{"type":"Feature","id":13396,"geometry":{"type":"LineString","coordinates":[[-73.8036269999999,41.941557],[-73.803032,41.93947]]},"properties":{"FID":13396,"TYPEPIPE":"Interstate","Operator":"Iroquois Gas Trans Co","Status":"Operating","Shape_Leng":0.00217015990195,"Shape__Length":319.2765820424531}},{"type":"Feature","id":13399,"geometry":{"type":"LineString","coordinates":[[-73.803465,41.944168],[-73.8036269999999,41.941557]]},"properties":{"FID":13399,"TYPEPIPE":"Interstate","Operator":"Iroquois Gas Trans Co","Status":"Operating","Shape_Leng":0.00261602083325,"Shape__Length":391.1803649484577}},{"type":"Feature","id":13402,"geometry":{"type":"LineString","coordinates":[[-73.8034739999999,41.947847],[-73.803465,41.944168]]},"properties":{"FID":13402,"TYPEPIPE":"Interstate","Operator":"Iroquois Gas Trans Co","Status":"Operating","Shape_Leng":0.00367901100839,"Shape__Length":550.6303088785065}},{"type":"Feature","id":13405,"geometry":{"type":"LineString","coordinates":[[-73.8036,41.9508650000001],[-73.8034739999999,41.947847]]},"properties":{"FID":13405,"TYPEPIPE":"Interstate","Operator":"Iroquois Gas Trans Co","Status":"Operating","Shape_Leng":0.00302062907361,"Shape__Length":451.9401366609237}},{"type":"Feature","id":13408,"geometry":{"type":"LineString","coordinates":[[-73.803476,41.95453],[-73.8036,41.9508650000001]]},"properties":{"FID":13408,"TYPEPIPE":"Interstate","Operator":"Iroquois Gas Trans Co","Status":"Operating","Shape_Leng":0.00366709708075,"Shape__Length":548.7652473901808}},{"type":"Feature","id":13411,"geometry":{"type":"LineString","coordinates":[[-73.8037179999999,41.955788],[-73.803476,41.95453]]},"properties":{"FID":13411,"TYPEPIPE":"Interstate","Operator":"Iroquois Gas Trans Co","Status":"Operating","Shape_Leng":0.00128106518179,"Shape__Length":190.22685022533264}},{"type":"Feature","id":13414,"geometry":{"type":"LineString","coordinates":[[-73.8034249999999,41.957857],[-73.8037179999999,41.955788]]},"properties":{"FID":13414,"TYPEPIPE":"Interstate","Operator":"Iroquois Gas Trans Co","Status":"Operating","Shape_Leng":0.00208964351027,"Shape__Length":311.4288141798421}},{"type":"Feature","id":13417,"geometry":{"type":"LineString","coordinates":[[-73.8032939999999,41.958518],[-73.8034249999999,41.957857]]},"properties":{"FID":13417,"TYPEPIPE":"Interstate","Operator":"Iroquois Gas Trans Co","Status":"Operating","Shape_Leng":0.0006738560677,"Shape__Length":100.01841549366051}},{"type":"Feature","id":13420,"geometry":{"type":"LineString","coordinates":[[-73.8032019999999,41.959035],[-73.8032939999999,41.958518]]},"properties":{"FID":13420,"TYPEPIPE":"Interstate","Operator":"Iroquois Gas Trans Co","Status":"Operating","Shape_Leng":0.000525121890613,"Shape__Length":78.06864581837924}},{"type":"Feature","id":13423,"geometry":{"type":"LineString","coordinates":[[-73.802111,41.965692],[-73.8032019999999,41.959035]]},"properties":{"FID":13423,"TYPEPIPE":"Interstate","Operator":"Iroquois Gas Trans Co","Status":"Operating","Shape_Leng":0.00674580832815,"Shape__Length":1003.9699941195017}},{"type":"Feature","id":13426,"geometry":{"type":"LineString","coordinates":[[-73.802446,41.9660700000001],[-73.802111,41.965692]]},"properties":{"FID":13426,"TYPEPIPE":"Interstate","Operator":"Iroquois Gas Trans Co","Status":"Operating","Shape_Leng":0.000505083161483,"Shape__Length":67.77445177891836}},{"type":"Feature","id":13429,"geometry":{"type":"LineString","coordinates":[[-73.802388,41.9672180000001],[-73.802446,41.9660700000001]]},"properties":{"FID":13429,"TYPEPIPE":"Interstate","Operator":"Iroquois Gas Trans Co","Status":"Operating","Shape_Leng":0.00114946422302,"Shape__Length":171.99599465035033}},{"type":"Feature","id":13432,"geometry":{"type":"LineString","coordinates":[[-73.8020079999999,41.967443],[-73.802388,41.9672180000001]]},"properties":{"FID":13432,"TYPEPIPE":"Interstate","Operator":"Iroquois Gas Trans Co","Status":"Operating","Shape_Leng":0.000441616349341,"Shape__Length":54.07584790490438}},{"type":"Feature","id":13435,"geometry":{"type":"LineString","coordinates":[[-73.801181,41.972295],[-73.8020079999999,41.967443]]},"properties":{"FID":13435,"TYPEPIPE":"Interstate","Operator":"Iroquois Gas Trans Co","Status":"Operating","Shape_Leng":0.00492197450213,"Shape__Length":732.2721981760903}},{"type":"Feature","id":13438,"geometry":{"type":"LineString","coordinates":[[-73.801075,41.9730710000001],[-73.801181,41.972295]]},"properties":{"FID":13438,"TYPEPIPE":"Interstate","Operator":"Iroquois Gas Trans Co","Status":"Operating","Shape_Leng":0.000783206230855,"Shape__Length":116.78880480401358}},{"type":"Feature","id":13441,"geometry":{"type":"LineString","coordinates":[[-73.801386,41.977196],[-73.801075,41.9730710000001]]},"properties":{"FID":13441,"TYPEPIPE":"Interstate","Operator":"Iroquois Gas Trans Co","Status":"Operating","Shape_Leng":0.00413670714457,"Shape__Length":618.6331678340127}},{"type":"Feature","id":13444,"geometry":{"type":"LineString","coordinates":[[-73.8005239999999,41.978352],[-73.801386,41.977196]]},"properties":{"FID":13444,"TYPEPIPE":"Interstate","Operator":"Iroquois Gas Trans Co","Status":"Operating","Shape_Leng":0.00144200554785,"Shape__Length":197.92014341419036}},{"type":"Feature","id":13447,"geometry":{"type":"LineString","coordinates":[[-73.799883,41.987241],[-73.8005239999999,41.978352]]},"properties":{"FID":13447,"TYPEPIPE":"Interstate","Operator":"Iroquois Gas Trans Co","Status":"Operating","Shape_Leng":0.00891208179945,"Shape__Length":1333.0803688415822}},{"type":"Feature","id":13450,"geometry":{"type":"LineString","coordinates":[[-73.7989229999999,42.0009920000001],[-73.799883,41.987241]]},"properties":{"FID":13450,"TYPEPIPE":"Interstate","Operator":"Iroquois Gas Trans Co","Status":"Operating","Shape_Leng":0.0137844695582,"Shape__Length":2062.4132838250007}},{"type":"Feature","id":13453,"geometry":{"type":"LineString","coordinates":[[-73.798755,42.00433],[-73.7989229999999,42.0009920000001]]},"properties":{"FID":13453,"TYPEPIPE":"Interstate","Operator":"Iroquois Gas Trans Co","Status":"Operating","Shape_Leng":0.00334222500737,"Shape__Length":500.3867270965905}},{"type":"Feature","id":13456,"geometry":{"type":"LineString","coordinates":[[-73.800662,42.0062610000001],[-73.798755,42.00433]]},"properties":{"FID":13456,"TYPEPIPE":"Interstate","Operator":"Iroquois Gas Trans Co","Status":"Operating","Shape_Leng":0.00271392888634,"Shape__Length":358.81404130816}},{"type":"Feature","id":13459,"geometry":{"type":"LineString","coordinates":[[-73.801278,42.008163],[-73.800662,42.0062610000001]]},"properties":{"FID":13459,"TYPEPIPE":"Interstate","Operator":"Iroquois Gas Trans Co","Status":"Operating","Shape_Leng":0.00199926486486,"Shape__Length":293.0777309805245}},{"type":"Feature","id":13462,"geometry":{"type":"LineString","coordinates":[[-73.7994169999999,42.0150830000001],[-73.801278,42.008163]]},"properties":{"FID":13462,"TYPEPIPE":"Interstate","Operator":"Iroquois Gas Trans Co","Status":"Operating","Shape_Leng":0.00716587196373,"Shape__Length":1057.2669540508784}},{"type":"Feature","id":13465,"geometry":{"type":"LineString","coordinates":[[-73.79932,42.016109],[-73.7994169999999,42.0150830000001]]},"properties":{"FID":13465,"TYPEPIPE":"Interstate","Operator":"Iroquois Gas Trans Co","Status":"Operating","Shape_Leng":0.00103057508214,"Shape__Length":154.10627194664053}},{"type":"Feature","id":13468,"geometry":{"type":"LineString","coordinates":[[-73.7983849999999,42.016807],[-73.79932,42.016109]]},"properties":{"FID":13468,"TYPEPIPE":"Interstate","Operator":"Iroquois Gas Trans Co","Status":"Operating","Shape_Leng":0.00116680289683,"Shape__Length":147.55083524250253}},{"type":"Feature","id":13471,"geometry":{"type":"LineString","coordinates":[[-73.79767,42.0218560000001],[-73.7983849999999,42.016807]]},"properties":{"FID":13471,"TYPEPIPE":"Interstate","Operator":"Iroquois Gas Trans Co","Status":"Operating","Shape_Leng":0.00509937505979,"Shape__Length":760.7209394830548}},{"type":"Feature","id":13474,"geometry":{"type":"LineString","coordinates":[[-73.80279,42.028421],[-73.79767,42.0218560000001]]},"properties":{"FID":13474,"TYPEPIPE":"Interstate","Operator":"Iroquois Gas Trans Co","Status":"Operating","Shape_Leng":0.00832548046657,"Shape__Length":1136.9696819131852}},{"type":"Feature","id":13477,"geometry":{"type":"LineString","coordinates":[[-73.805705,42.0318740000001],[-73.80279,42.028421]]},"properties":{"FID":13477,"TYPEPIPE":"Interstate","Operator":"Iroquois Gas Trans Co","Status":"Operating","Shape_Leng":0.00451889743194,"Shape__Length":610.8122301017164}},{"type":"Feature","id":13480,"geometry":{"type":"LineString","coordinates":[[-73.81136,42.038432],[-73.805705,42.0318740000001]]},"properties":{"FID":13480,"TYPEPIPE":"Interstate","Operator":"Iroquois Gas Trans Co","Status":"Operating","Shape_Leng":0.00865946817072,"Shape__Length":1167.2090447584142}},{"type":"Feature","id":13483,"geometry":{"type":"LineString","coordinates":[[-73.8134219999999,42.0404510000001],[-73.81136,42.038432]]},"properties":{"FID":13483,"TYPEPIPE":"Interstate","Operator":"Iroquois Gas Trans Co","Status":"Operating","Shape_Leng":0.00288586295585,"Shape__Length":379.8292934250162}},{"type":"Feature","id":13486,"geometry":{"type":"LineString","coordinates":[[-73.815482,42.0427570000001],[-73.8134219999999,42.0404510000001]]},"properties":{"FID":13486,"TYPEPIPE":"Interstate","Operator":"Iroquois Gas Trans Co","Status":"Operating","Shape_Leng":0.00309212483577,"Shape__Length":414.8051274629857}},{"type":"Feature","id":13489,"geometry":{"type":"LineString","coordinates":[[-73.816072,42.050625],[-73.815482,42.0427570000001]]},"properties":{"FID":13489,"TYPEPIPE":"Interstate","Operator":"Iroquois Gas Trans Co","Status":"Operating","Shape_Leng":0.00789009024027,"Shape__Length":1181.2813152220465}},{"type":"Feature","id":13492,"geometry":{"type":"LineString","coordinates":[[-73.8166879999999,42.0511990000001],[-73.816072,42.050625]]},"properties":{"FID":13492,"TYPEPIPE":"Interstate","Operator":"Iroquois Gas Trans Co","Status":"Operating","Shape_Leng":0.000841980997415,"Shape__Length":110.03206678301494}},{"type":"Feature","id":13495,"geometry":{"type":"LineString","coordinates":[[-73.8166899999999,42.0540090000001],[-73.8166879999999,42.0511990000001]]},"properties":{"FID":13495,"TYPEPIPE":"Interstate","Operator":"Iroquois Gas Trans Co","Status":"Operating","Shape_Leng":0.00281000071175,"Shape__Length":421.27286337288297}},{"type":"Feature","id":13498,"geometry":{"type":"LineString","coordinates":[[-73.818435,42.069734],[-73.819087,42.0671160000001]]},"properties":{"FID":13498,"TYPEPIPE":"Interstate","Operator":"Iroquois Gas Trans Co","Status":"Operating","Shape_Leng":0.00269796738303,"Shape__Length":399.23899042250684}},{"type":"Feature","id":13501,"geometry":{"type":"LineString","coordinates":[[-73.8168709999999,42.071762],[-73.818435,42.069734]]},"properties":{"FID":13501,"TYPEPIPE":"Interstate","Operator":"Iroquois Gas Trans Co","Status":"Operating","Shape_Leng":0.00256103104239,"Shape__Length":350.43236785060947}},{"type":"Feature","id":13504,"geometry":{"type":"LineString","coordinates":[[-73.812474,42.0773380000001],[-73.8168709999999,42.071762]]},"properties":{"FID":13504,"TYPEPIPE":"Interstate","Operator":"Iroquois Gas Trans Co","Status":"Operating","Shape_Leng":0.00710108336805,"Shape__Length":968.9566100690217}},{"type":"Feature","id":13507,"geometry":{"type":"LineString","coordinates":[[-73.81222,42.0788160000001],[-73.812474,42.0773380000001]]},"properties":{"FID":13507,"TYPEPIPE":"Interstate","Operator":"Iroquois Gas Trans Co","Status":"Operating","Shape_Leng":0.00149966662964,"Shape__Length":223.46547119311836}},{"type":"Feature","id":13510,"geometry":{"type":"LineString","coordinates":[[-73.812237,42.0811860000001],[-73.81222,42.0788160000001]]},"properties":{"FID":13510,"TYPEPIPE":"Interstate","Operator":"Iroquois Gas Trans Co","Status":"Operating","Shape_Leng":0.00237006096966,"Shape__Length":355.46678254313906}},{"type":"Feature","id":13513,"geometry":{"type":"LineString","coordinates":[[-73.812258,42.084482],[-73.812237,42.0811860000001]]},"properties":{"FID":13513,"TYPEPIPE":"Interstate","Operator":"Iroquois Gas Trans Co","Status":"Operating","Shape_Leng":0.00329606689857,"Shape__Length":494.3743974664152}},{"type":"Feature","id":13516,"geometry":{"type":"LineString","coordinates":[[-73.8086949999999,42.085272],[-73.812258,42.084482]]},"properties":{"FID":13516,"TYPEPIPE":"Interstate","Operator":"Iroquois Gas Trans Co","Status":"Operating","Shape_Leng":0.00364952996978,"Shape__Length":413.9538746776445}},{"type":"Feature","id":13519,"geometry":{"type":"LineString","coordinates":[[-73.806844,42.0934730000001],[-73.8086949999999,42.085272]]},"properties":{"FID":13519,"TYPEPIPE":"Interstate","Operator":"Iroquois Gas Trans Co","Status":"Operating","Shape_Leng":0.00840729457083,"Shape__Length":1247.3363503285514}},{"type":"Feature","id":13522,"geometry":{"type":"LineString","coordinates":[[-73.806812,42.0937730000001],[-73.806844,42.0934730000001]]},"properties":{"FID":13522,"TYPEPIPE":"Interstate","Operator":"Iroquois Gas Trans Co","Status":"Operating","Shape_Leng":0.000301701839549,"Shape__Length":45.14557865717603}},{"type":"Feature","id":13525,"geometry":{"type":"LineString","coordinates":[[-73.7996699999999,42.1003180000001],[-73.806812,42.0937730000001]]},"properties":{"FID":13525,"TYPEPIPE":"Interstate","Operator":"Iroquois Gas Trans Co","Status":"Operating","Shape_Leng":0.00968737265727,"Shape__Length":1263.423230601975}},{"type":"Feature","id":13528,"geometry":{"type":"LineString","coordinates":[[-73.7995549999999,42.1062440000001],[-73.7996699999999,42.1003180000001]]},"properties":{"FID":13528,"TYPEPIPE":"Interstate","Operator":"Iroquois Gas Trans Co","Status":"Operating","Shape_Leng":0.00592711574038,"Shape__Length":889.222775001517}},{"type":"Feature","id":13531,"geometry":{"type":"LineString","coordinates":[[-73.799491,42.110378],[-73.7995549999999,42.1062440000001]]},"properties":{"FID":13531,"TYPEPIPE":"Interstate","Operator":"Iroquois Gas Trans Co","Status":"Operating","Shape_Leng":0.00413449537425,"Shape__Length":620.3510064837294}},{"type":"Feature","id":13534,"geometry":{"type":"LineString","coordinates":[[-73.79265,42.119023],[-73.799491,42.110378]]},"properties":{"FID":13534,"TYPEPIPE":"Interstate","Operator":"Iroquois Gas Trans Co","Status":"Operating","Shape_Leng":0.0110243052389,"Shape__Length":1504.3196284590965}},{"type":"Feature","id":13537,"geometry":{"type":"LineString","coordinates":[[-73.792545,42.149904],[-73.7919909999999,42.146896]]},"properties":{"FID":13537,"TYPEPIPE":"Interstate","Operator":"Iroquois Gas Trans Co","Status":"Operating","Shape_Leng":0.00305859117898,"Shape__Length":455.82971964171367}},{"type":"Feature","id":13540,"geometry":{"type":"LineString","coordinates":[[-73.7936139999999,42.1505550000001],[-73.792545,42.149904]]},"properties":{"FID":13540,"TYPEPIPE":"Interstate","Operator":"Iroquois Gas Trans Co","Status":"Operating","Shape_Leng":0.00125162374536,"Shape__Length":153.99918690447834}},{"type":"Feature","id":13543,"geometry":{"type":"LineString","coordinates":[[-73.795154,42.1574580000001],[-73.7936139999999,42.1505550000001]]},"properties":{"FID":13543,"TYPEPIPE":"Interstate","Operator":"Iroquois Gas Trans Co","Status":"Operating","Shape_Leng":0.00707269460675,"Shape__Length":1050.6290430233908}},{"type":"Feature","id":13546,"geometry":{"type":"LineString","coordinates":[[-73.795758,42.158145],[-73.795154,42.1574580000001]]},"properties":{"FID":13546,"TYPEPIPE":"Interstate","Operator":"Iroquois Gas Trans Co","Status":"Operating","Shape_Leng":0.000914759531228,"Shape__Length":123.14190880544123}},{"type":"Feature","id":13549,"geometry":{"type":"LineString","coordinates":[[-73.7955039999999,42.1587230000001],[-73.795758,42.158145]]},"properties":{"FID":13549,"TYPEPIPE":"Interstate","Operator":"Iroquois Gas Trans Co","Status":"Operating","Shape_Leng":0.00063134776474,"Shape__Length":91.28736750449696}},{"type":"Feature","id":13552,"geometry":{"type":"LineString","coordinates":[[-73.796172,42.1609310000001],[-73.7955039999999,42.1587230000001]]},"properties":{"FID":13552,"TYPEPIPE":"Interstate","Operator":"Iroquois Gas Trans Co","Status":"Operating","Shape_Leng":0.00230683506129,"Shape__Length":339.817770456688}},{"type":"Feature","id":13555,"geometry":{"type":"LineString","coordinates":[[-73.7970999999999,42.165128],[-73.796172,42.1609310000001]]},"properties":{"FID":13555,"TYPEPIPE":"Interstate","Operator":"Iroquois Gas Trans Co","Status":"Operating","Shape_Leng":0.00429837097047,"Shape__Length":638.7171138212044}},{"type":"Feature","id":13558,"geometry":{"type":"LineString","coordinates":[[-73.796574,42.165921],[-73.7970999999999,42.165128]]},"properties":{"FID":13558,"TYPEPIPE":"Interstate","Operator":"Iroquois Gas Trans Co","Status":"Operating","Shape_Leng":0.000951590773368,"Shape__Length":132.71350722953784}},{"type":"Feature","id":13561,"geometry":{"type":"LineString","coordinates":[[-73.799026,42.175237],[-73.796574,42.165921]]},"properties":{"FID":13561,"TYPEPIPE":"Interstate","Operator":"Iroquois Gas Trans Co","Status":"Operating","Shape_Leng":0.00963328396759,"Shape__Length":1425.6232390335206}},{"type":"Feature","id":13564,"geometry":{"type":"LineString","coordinates":[[-73.801982,42.186444],[-73.799026,42.175237]]},"properties":{"FID":13564,"TYPEPIPE":"Interstate","Operator":"Iroquois Gas Trans Co","Status":"Operating","Shape_Leng":0.0115902883916,"Shape__Length":1715.4042320514031}},{"type":"Feature","id":13567,"geometry":{"type":"LineString","coordinates":[[-73.801721,42.189336],[-73.801982,42.186444]]},"properties":{"FID":13567,"TYPEPIPE":"Interstate","Operator":"Iroquois Gas Trans Co","Status":"Operating","Shape_Leng":0.00290375360522,"Shape__Length":435.46317798170975}},{"type":"Feature","id":13570,"geometry":{"type":"LineString","coordinates":[[-73.8016929999999,42.1898770000001],[-73.801721,42.189336]]},"properties":{"FID":13570,"TYPEPIPE":"Interstate","Operator":"Iroquois Gas Trans Co","Status":"Operating","Shape_Leng":0.000541724099577,"Shape__Length":81.34155524237794}},{"type":"Feature","id":13573,"geometry":{"type":"LineString","coordinates":[[-73.802422,42.193452],[-73.8016929999999,42.1898770000001]]},"properties":{"FID":13573,"TYPEPIPE":"Interstate","Operator":"Iroquois Gas Trans Co","Status":"Operating","Shape_Leng":0.00364857040493,"Shape__Length":543.2342353445473}},{"type":"Feature","id":13576,"geometry":{"type":"LineString","coordinates":[[-73.804795,42.1939580000001],[-73.802422,42.193452]]},"properties":{"FID":13576,"TYPEPIPE":"Interstate","Operator":"Iroquois Gas Trans Co","Status":"Operating","Shape_Leng":0.00242634807889,"Shape__Length":274.88434593872773}},{"type":"Feature","id":13579,"geometry":{"type":"LineString","coordinates":[[-73.8052929999999,42.1991130000001],[-73.804795,42.1939580000001]]},"properties":{"FID":13579,"TYPEPIPE":"Interstate","Operator":"Iroquois Gas Trans Co","Status":"Operating","Shape_Leng":0.00517899884148,"Shape__Length":776.5721917152025}},{"type":"Feature","id":13582,"geometry":{"type":"LineString","coordinates":[[-73.804289,42.1996530000001],[-73.8052929999999,42.1991130000001]]},"properties":{"FID":13582,"TYPEPIPE":"Interstate","Operator":"Iroquois Gas Trans Co","Status":"Operating","Shape_Leng":0.00114000701749,"Shape__Length":138.11492304201033}},{"type":"Feature","id":13585,"geometry":{"type":"LineString","coordinates":[[-73.803544,42.2011590000001],[-73.804289,42.1996530000001]]},"properties":{"FID":13585,"TYPEPIPE":"Interstate","Operator":"Iroquois Gas Trans Co","Status":"Operating","Shape_Leng":0.00168019671468,"Shape__Length":241.02305187242848}},{"type":"Feature","id":13588,"geometry":{"type":"LineString","coordinates":[[-73.8040349999999,42.20207],[-73.803544,42.2011590000001]]},"properties":{"FID":13588,"TYPEPIPE":"Interstate","Operator":"Iroquois Gas Trans Co","Status":"Operating","Shape_Leng":0.00103489226488,"Shape__Length":147.40602993975793}},{"type":"Feature","id":13591,"geometry":{"type":"LineString","coordinates":[[-73.8041239999999,42.203025],[-73.8040349999999,42.20207]]},"properties":{"FID":13591,"TYPEPIPE":"Interstate","Operator":"Iroquois Gas Trans Co","Status":"Operating","Shape_Leng":0.00095913815478,"Shape__Length":143.8536446193457}},{"type":"Feature","id":13594,"geometry":{"type":"LineString","coordinates":[[-73.803688,42.20518],[-73.8041239999999,42.203025]]},"properties":{"FID":13594,"TYPEPIPE":"Interstate","Operator":"Iroquois Gas Trans Co","Status":"Operating","Shape_Leng":0.00219866345766,"Shape__Length":327.4661356436003}},{"type":"Feature","id":13597,"geometry":{"type":"LineString","coordinates":[[-73.8005929999999,42.2061180000001],[-73.803688,42.20518]]},"properties":{"FID":13597,"TYPEPIPE":"Interstate","Operator":"Iroquois Gas Trans Co","Status":"Operating","Shape_Leng":0.00323401747061,"Shape__Length":372.2559553781708}},{"type":"Feature","id":13600,"geometry":{"type":"LineString","coordinates":[[-73.7977109999999,42.207097],[-73.8005929999999,42.2061180000001]]},"properties":{"FID":13600,"TYPEPIPE":"Interstate","Operator":"Iroquois Gas Trans Co","Status":"Operating","Shape_Leng":0.00304374194043,"Shape__Length":352.9503248435747}},{"type":"Feature","id":13603,"geometry":{"type":"LineString","coordinates":[[-73.79603,42.2079910000001],[-73.7977109999999,42.207097]]},"properties":{"FID":13603,"TYPEPIPE":"Interstate","Operator":"Iroquois Gas Trans Co","Status":"Operating","Shape_Leng":0.0019039424886,"Shape__Length":230.3658716920704}},{"type":"Feature","id":13606,"geometry":{"type":"LineString","coordinates":[[-73.793775,42.209707],[-73.79603,42.2079910000001]]},"properties":{"FID":13606,"TYPEPIPE":"Interstate","Operator":"Iroquois Gas Trans Co","Status":"Operating","Shape_Leng":0.00283366917616,"Shape__Length":359.895047872701}},{"type":"Feature","id":13609,"geometry":{"type":"LineString","coordinates":[[-73.794026,42.2117620000001],[-73.793775,42.209707]]},"properties":{"FID":13609,"TYPEPIPE":"Interstate","Operator":"Iroquois Gas Trans Co","Status":"Operating","Shape_Leng":0.00207027196285,"Shape__Length":310.11525795813634}},{"type":"Feature","id":13612,"geometry":{"type":"LineString","coordinates":[[-73.79437,42.2139010000001],[-73.794026,42.2117620000001]]},"properties":{"FID":13612,"TYPEPIPE":"Interstate","Operator":"Iroquois Gas Trans Co","Status":"Operating","Shape_Leng":0.00216648494109,"Shape__Length":323.7619502279779}},{"type":"Feature","id":13615,"geometry":{"type":"LineString","coordinates":[[-73.792611,42.214994],[-73.79437,42.2139010000001]]},"properties":{"FID":13615,"TYPEPIPE":"Interstate","Operator":"Iroquois Gas Trans Co","Status":"Operating","Shape_Leng":0.00207092491412,"Shape__Length":255.59763299884065}},{"type":"Feature","id":13618,"geometry":{"type":"LineString","coordinates":[[-73.791462,42.2187200000001],[-73.792611,42.214994]]},"properties":{"FID":13618,"TYPEPIPE":"Interstate","Operator":"Iroquois Gas Trans Co","Status":"Operating","Shape_Leng":0.00389913798168,"Shape__Length":574.4695179644959}},{"type":"Feature","id":13621,"geometry":{"type":"LineString","coordinates":[[-73.791686,42.2267200000001],[-73.7909339999999,42.2252120000001]]},"properties":{"FID":13621,"TYPEPIPE":"Interstate","Operator":"Iroquois Gas Trans Co","Status":"Operating","Shape_Leng":0.00168510177736,"Shape__Length":241.66022429669093}},{"type":"Feature","id":13624,"geometry":{"type":"LineString","coordinates":[[-73.7919199999999,42.2283350000001],[-73.791686,42.2267200000001]]},"properties":{"FID":13624,"TYPEPIPE":"Interstate","Operator":"Iroquois Gas Trans Co","Status":"Operating","Shape_Leng":0.00163186427133,"Shape__Length":244.18257882656061}},{"type":"Feature","id":13627,"geometry":{"type":"LineString","coordinates":[[-73.792949,42.230173],[-73.7919199999999,42.2283350000001]]},"properties":{"FID":13627,"TYPEPIPE":"Interstate","Operator":"Iroquois Gas Trans Co","Status":"Operating","Shape_Leng":0.00210643893809,"Shape__Length":299.12304726496006}},{"type":"Feature","id":13630,"geometry":{"type":"LineString","coordinates":[[-73.795287,42.231976],[-73.792949,42.230173]]},"properties":{"FID":13630,"TYPEPIPE":"Interstate","Operator":"Iroquois Gas Trans Co","Status":"Operating","Shape_Leng":0.00295246557982,"Shape__Length":375.7862136577686}},{"type":"Feature","id":13633,"geometry":{"type":"LineString","coordinates":[[-73.795426,42.2338070000001],[-73.795287,42.231976]]},"properties":{"FID":13633,"TYPEPIPE":"Interstate","Operator":"Iroquois Gas Trans Co","Status":"Operating","Shape_Leng":0.00183626849892,"Shape__Length":275.7192317424758}},{"type":"Feature","id":13636,"geometry":{"type":"LineString","coordinates":[[-73.796187,42.2346240000001],[-73.795426,42.2338070000001]]},"properties":{"FID":13636,"TYPEPIPE":"Interstate","Operator":"Iroquois Gas Trans Co","Status":"Operating","Shape_Leng":0.00111651690538,"Shape__Length":149.21499320890672}},{"type":"Feature","id":13639,"geometry":{"type":"LineString","coordinates":[[-73.7977519999999,42.23524],[-73.796187,42.2346240000001]]},"properties":{"FID":13639,"TYPEPIPE":"Interstate","Operator":"Iroquois Gas Trans Co","Status":"Operating","Shape_Leng":0.00168186830634,"Shape__Length":197.30354359138985}},{"type":"Feature","id":13642,"geometry":{"type":"LineString","coordinates":[[-73.800673,42.2364370000001],[-73.7977519999999,42.23524]]},"properties":{"FID":13642,"TYPEPIPE":"Interstate","Operator":"Iroquois Gas Trans Co","Status":"Operating","Shape_Leng":0.00315674674312,"Shape__Length":371.64792447368535}},{"type":"Feature","id":13645,"geometry":{"type":"LineString","coordinates":[[-73.801158,42.237289],[-73.800673,42.2364370000001]]},"properties":{"FID":13645,"TYPEPIPE":"Interstate","Operator":"Iroquois Gas Trans Co","Status":"Operating","Shape_Leng":0.000980371868193,"Shape__Length":139.0158137053989}},{"type":"Feature","id":13648,"geometry":{"type":"LineString","coordinates":[[-73.801385,42.237986],[-73.801158,42.237289]]},"properties":{"FID":13648,"TYPEPIPE":"Interstate","Operator":"Iroquois Gas Trans Co","Status":"Operating","Shape_Leng":0.000733033423523,"Shape__Length":107.80297879356422}},{"type":"Feature","id":13651,"geometry":{"type":"LineString","coordinates":[[-73.8013819999999,42.240003],[-73.801385,42.237986]]},"properties":{"FID":13651,"TYPEPIPE":"Interstate","Operator":"Iroquois Gas Trans Co","Status":"Operating","Shape_Leng":0.00201700223106,"Shape__Length":303.2786911623166}},{"type":"Feature","id":13654,"geometry":{"type":"LineString","coordinates":[[-73.8017379999999,42.2409200000001],[-73.8013819999999,42.240003]]},"properties":{"FID":13654,"TYPEPIPE":"Interstate","Operator":"Iroquois Gas Trans Co","Status":"Operating","Shape_Leng":0.000983679317682,"Shape__Length":143.4664663516864}},{"type":"Feature","id":13657,"geometry":{"type":"LineString","coordinates":[[-73.8025009999999,42.2415310000001],[-73.8017379999999,42.2409200000001]]},"properties":{"FID":13657,"TYPEPIPE":"Interstate","Operator":"Iroquois Gas Trans Co","Status":"Operating","Shape_Leng":0.000977491687944,"Shape__Length":125.12023989748832}},{"type":"Feature","id":13660,"geometry":{"type":"LineString","coordinates":[[-73.806566,42.243078],[-73.8025009999999,42.2415310000001]]},"properties":{"FID":13660,"TYPEPIPE":"Interstate","Operator":"Iroquois Gas Trans Co","Status":"Operating","Shape_Leng":0.00434941766218,"Shape__Length":508.80367911884997}},{"type":"Feature","id":13663,"geometry":{"type":"LineString","coordinates":[[-73.811189,42.246764],[-73.806566,42.243078]]},"properties":{"FID":13663,"TYPEPIPE":"Interstate","Operator":"Iroquois Gas Trans Co","Status":"Operating","Shape_Leng":0.00591259037985,"Shape__Length":756.3558107585917}},{"type":"Feature","id":13666,"geometry":{"type":"LineString","coordinates":[[-73.8121659999999,42.246923],[-73.811189,42.246764]]},"properties":{"FID":13666,"TYPEPIPE":"Interstate","Operator":"Iroquois Gas Trans Co","Status":"Operating","Shape_Leng":0.000989853524495,"Shape__Length":111.35644762155518}},{"type":"Feature","id":13669,"geometry":{"type":"LineString","coordinates":[[-73.813461,42.24812],[-73.8121659999999,42.246923]]},"properties":{"FID":13669,"TYPEPIPE":"Interstate","Operator":"Iroquois Gas Trans Co","Status":"Operating","Shape_Leng":0.00176347214326,"Shape__Length":230.6168710993531}},{"type":"Feature","id":14853,"geometry":{"type":"LineString","coordinates":[[-79.22432,42.1699840000001],[-79.2407679999999,42.2212480000001]]},"properties":{"FID":14853,"TYPEPIPE":"Intrastate","Operator":"National Fuel Gas Distr Co","Status":"Operating","Shape_Leng":0.0538380385973,"Shape__Length":7917.448285482444}},{"type":"Feature","id":14856,"geometry":{"type":"LineString","coordinates":[[-79.188096,42.100672],[-79.22432,42.1699840000001]]},"properties":{"FID":14856,"TYPEPIPE":"Intrastate","Operator":"National Fuel Gas Distr Co","Status":"Operating","Shape_Leng":0.0782069787168,"Shape__Length":11158.833954422495}},{"type":"Feature","id":14859,"geometry":{"type":"LineString","coordinates":[[-79.244096,42.0798720000001],[-79.188096,42.100672]]},"properties":{"FID":14859,"TYPEPIPE":"Intrastate","Operator":"National Fuel Gas Distr Co","Status":"Operating","Shape_Leng":0.0597380950483,"Shape__Length":6971.144818994161}},{"type":"Feature","id":14862,"geometry":{"type":"LineString","coordinates":[[-79.5257599999999,42.2074240000001],[-79.481216,42.1644160000001]]},"properties":{"FID":14862,"TYPEPIPE":"Intrastate","Operator":"National Fuel Gas Distr Co","Status":"Operating","Shape_Leng":0.0619181395069,"Shape__Length":8144.709673681123}},{"type":"Feature","id":14865,"geometry":{"type":"LineString","coordinates":[[-79.6311039999999,42.29888],[-79.5533379999999,42.231474]]},"properties":{"FID":14865,"TYPEPIPE":"Intrastate","Operator":"National Fuel Gas Distr Co","Status":"Operating","Shape_Leng":0.1029131653,"Shape__Length":13332.291071405585}},{"type":"Feature","id":14868,"geometry":{"type":"LineString","coordinates":[[-79.7043839999999,42.271168],[-79.6311039999999,42.29888]]},"properties":{"FID":14868,"TYPEPIPE":"Intrastate","Operator":"National Fuel Gas Distr Co","Status":"Operating","Shape_Leng":0.078344836103,"Shape__Length":9161.459936684463}},{"type":"Feature","id":14871,"geometry":{"type":"LineString","coordinates":[[-79.4944,42.26144],[-79.522368,42.24064]]},"properties":{"FID":14871,"TYPEPIPE":"Intrastate","Operator":"National Fuel Gas Distr Co","Status":"Operating","Shape_Leng":0.034854684391,"Shape__Length":4413.414573468897}},{"type":"Feature","id":14874,"geometry":{"type":"LineString","coordinates":[[-79.45984,42.254464],[-79.4944,42.26144]]},"properties":{"FID":14874,"TYPEPIPE":"Intrastate","Operator":"National Fuel Gas Distr Co","Status":"Operating","Shape_Leng":0.0352570301642,"Shape__Length":3987.712881559219}},{"type":"Feature","id":14877,"geometry":{"type":"LineString","coordinates":[[-79.405504,42.1630080000001],[-79.45984,42.254464]]},"properties":{"FID":14877,"TYPEPIPE":"Intrastate","Operator":"National Fuel Gas Distr Co","Status":"Operating","Shape_Leng":0.106379513216,"Shape__Length":15016.892651513253}},{"type":"Feature","id":14880,"geometry":{"type":"LineString","coordinates":[[-79.344512,42.1339520000001],[-79.405504,42.1630080000001]]},"properties":{"FID":14880,"TYPEPIPE":"Intrastate","Operator":"National Fuel Gas Distr Co","Status":"Operating","Shape_Leng":0.0675594197725,"Shape__Length":8070.396142987673}},{"type":"Feature","id":14883,"geometry":{"type":"LineString","coordinates":[[-79.244096,42.0798720000001],[-79.344512,42.1339520000001]]},"properties":{"FID":14883,"TYPEPIPE":"Intrastate","Operator":"National Fuel Gas Distr Co","Status":"Operating","Shape_Leng":0.114052704729,"Shape__Length":13813.026454695322}},{"type":"Feature","id":14886,"geometry":{"type":"LineString","coordinates":[[-79.244096,42.0798720000001],[-79.22432,42.1699840000001]]},"properties":{"FID":14886,"TYPEPIPE":"Intrastate","Operator":"National Fuel Gas Distr Co","Status":"Operating","Shape_Leng":0.0922565050281,"Shape__Length":13702.923366913124}},{"type":"Feature","id":14889,"geometry":{"type":"LineString","coordinates":[[-79.193024,42.043904],[-79.16544,41.9971840000001]]},"properties":{"FID":14889,"TYPEPIPE":"Intrastate","Operator":"National Fuel Gas Distr Co","Status":"Operating","Shape_Leng":0.0542552804435,"Shape__Length":7644.50643883798}},{"type":"Feature","id":14892,"geometry":{"type":"LineString","coordinates":[[-79.244096,42.0798720000001],[-79.193024,42.043904]]},"properties":{"FID":14892,"TYPEPIPE":"Intrastate","Operator":"National Fuel Gas Distr Co","Status":"Operating","Shape_Leng":0.0624663606111,"Shape__Length":7836.329244898126}},{"type":"Feature","id":14895,"geometry":{"type":"LineString","coordinates":[[-79.387328,42.002304],[-79.244096,42.0798720000001]]},"properties":{"FID":14895,"TYPEPIPE":"Intrastate","Operator":"National Fuel Gas Distr Co","Status":"Operating","Shape_Leng":0.162887078825,"Shape__Length":19733.487188351137}},{"type":"Feature","id":14898,"geometry":{"type":"LineString","coordinates":[[-79.344512,42.08128],[-79.244096,42.0798720000001]]},"properties":{"FID":14898,"TYPEPIPE":"Intrastate","Operator":"National Fuel Gas Distr Co","Status":"Operating","Shape_Leng":0.10042587077,"Shape__Length":11180.252603760866}},{"type":"Feature","id":14901,"geometry":{"type":"LineString","coordinates":[[-79.387328,42.002304],[-79.344512,42.08128]]},"properties":{"FID":14901,"TYPEPIPE":"Intrastate","Operator":"National Fuel Gas Distr Co","Status":"Operating","Shape_Leng":0.0898355076348,"Shape__Length":12761.484416114221}},{"type":"Feature","id":14904,"geometry":{"type":"LineString","coordinates":[[-78.893376,42.2819840000001],[-78.7728,42.2819840000001]]},"properties":{"FID":14904,"TYPEPIPE":"Intrastate","Operator":"National Fuel Gas Distr Co","Status":"Operating","Shape_Leng":0.120576,"Shape__Length":13422.458921892568}},{"type":"Feature","id":14907,"geometry":{"type":"LineString","coordinates":[[-78.55488,42.2736640000001],[-78.4375679999999,42.2944640000001]]},"properties":{"FID":14907,"TYPEPIPE":"Intrastate","Operator":"National Fuel Gas Distr Co","Status":"Operating","Shape_Leng":0.119141702791,"Shape__Length":13428.914242389757}},{"type":"Feature","id":14910,"geometry":{"type":"LineString","coordinates":[[-78.6787199999999,42.259776],[-78.55488,42.2736640000001]]},"properties":{"FID":14910,"TYPEPIPE":"Intrastate","Operator":"National Fuel Gas Distr Co","Status":"Operating","Shape_Leng":0.124616299672,"Shape__Length":13943.203433081773}},{"type":"Feature","id":14913,"geometry":{"type":"LineString","coordinates":[[-78.6787199999999,42.259776],[-78.634112,42.1932800000001]]},"properties":{"FID":14913,"TYPEPIPE":"Intrastate","Operator":"National Fuel Gas Distr Co","Status":"Operating","Shape_Leng":0.0800724152252,"Shape__Length":11161.875578476871}},{"type":"Feature","id":14914,"geometry":{"type":"LineString","coordinates":[[-73.28774,40.828492],[-73.2889729999999,40.828604]]},"properties":{"FID":14914,"TYPEPIPE":"Interstate","Operator":"Iroquois Gas Trans Co","Status":"Operating","Shape_Leng":0.0012380763304,"Shape__Length":138.2424070590027}},{"type":"Feature","id":14916,"geometry":{"type":"LineString","coordinates":[[-78.7694079999999,42.248832],[-78.6787199999999,42.259776]]},"properties":{"FID":14916,"TYPEPIPE":"Intrastate","Operator":"National Fuel Gas Distr Co","Status":"Operating","Shape_Leng":0.0913459603923,"Shape__Length":10228.640590449431}},{"type":"Feature","id":14917,"geometry":{"type":"LineString","coordinates":[[-73.286659,40.8286660000001],[-73.28774,40.828492]]},"properties":{"FID":14917,"TYPEPIPE":"Interstate","Operator":"Iroquois Gas Trans Co","Status":"Operating","Shape_Leng":0.00109491415189,"Shape__Length":123.02895990161964}},{"type":"Feature","id":14919,"geometry":{"type":"LineString","coordinates":[[-77.8828159999999,42.099008],[-77.90432,42.0325120000001]]},"properties":{"FID":14919,"TYPEPIPE":"Intrastate","Operator":"National Fuel Gas Distr Co","Status":"Operating","Shape_Leng":0.069886622697,"Shape__Length":10254.413493112143}},{"type":"Feature","id":14920,"geometry":{"type":"LineString","coordinates":[[-73.283602,40.8308660000001],[-73.286659,40.8286660000001]]},"properties":{"FID":14920,"TYPEPIPE":"Interstate","Operator":"Iroquois Gas Trans Co","Status":"Operating","Shape_Leng":0.00376633097326,"Shape__Length":469.64413338082704}},{"type":"Feature","id":14922,"geometry":{"type":"LineString","coordinates":[[-77.917504,42.099008],[-77.8828159999999,42.099008]]},"properties":{"FID":14922,"TYPEPIPE":"Intrastate","Operator":"National Fuel Gas Distr Co","Status":"Operating","Shape_Leng":0.034688,"Shape__Length":3861.4504966381937}},{"type":"Feature","id":14923,"geometry":{"type":"LineString","coordinates":[[-73.28365,40.8316150000001],[-73.283602,40.8308660000001]]},"properties":{"FID":14923,"TYPEPIPE":"Interstate","Operator":"Iroquois Gas Trans Co","Status":"Operating","Shape_Leng":0.000750536474781,"Shape__Length":110.32513375293253}},{"type":"Feature","id":14925,"geometry":{"type":"LineString","coordinates":[[-77.90432,42.0325120000001],[-77.917504,42.099008]]},"properties":{"FID":14925,"TYPEPIPE":"Intrastate","Operator":"National Fuel Gas Distr Co","Status":"Operating","Shape_Leng":0.0677903818546,"Shape__Length":10078.521962999115}},{"type":"Feature","id":14926,"geometry":{"type":"LineString","coordinates":[[-73.282587,40.833802],[-73.28365,40.8316150000001]]},"properties":{"FID":14926,"TYPEPIPE":"Interstate","Operator":"Iroquois Gas Trans Co","Status":"Operating","Shape_Leng":0.00243165334699,"Shape__Length":342.83583464621415}},{"type":"Feature","id":14928,"geometry":{"type":"LineString","coordinates":[[-77.90432,42.0325120000001],[-77.839872,42.0727680000001]]},"properties":{"FID":14928,"TYPEPIPE":"Intrastate","Operator":"National Fuel Gas Distr Co","Status":"Operating","Shape_Leng":0.0759874347508,"Shape__Length":9375.173031705674}},{"type":"Feature","id":14929,"geometry":{"type":"LineString","coordinates":[[-73.28248,40.8355080000001],[-73.282587,40.833802]]},"properties":{"FID":14929,"TYPEPIPE":"Interstate","Operator":"Iroquois Gas Trans Co","Status":"Operating","Shape_Leng":0.0017093522165,"Shape__Length":251.2884394419629}},{"type":"Feature","id":14931,"geometry":{"type":"LineString","coordinates":[[-78.041344,42.0200960000001],[-77.90432,42.0325120000001]]},"properties":{"FID":14931,"TYPEPIPE":"Intrastate","Operator":"National Fuel Gas Distr Co","Status":"Operating","Shape_Leng":0.137585368524,"Shape__Length":15366.503141091851}},{"type":"Feature","id":14932,"geometry":{"type":"LineString","coordinates":[[-73.282868,40.837346],[-73.28248,40.8355080000001]]},"properties":{"FID":14932,"TYPEPIPE":"Interstate","Operator":"Iroquois Gas Trans Co","Status":"Operating","Shape_Leng":0.00187850685382,"Shape__Length":273.8619852965881}},{"type":"Feature","id":14934,"geometry":{"type":"LineString","coordinates":[[-78.178432,42.0838400000001],[-77.917504,42.099008]]},"properties":{"FID":14934,"TYPEPIPE":"Intrastate","Operator":"National Fuel Gas Distr Co","Status":"Operating","Shape_Leng":0.261368493526,"Shape__Length":29135.356818506894}},{"type":"Feature","id":14935,"geometry":{"type":"LineString","coordinates":[[-73.2839499999999,40.8407],[-73.282868,40.837346]]},"properties":{"FID":14935,"TYPEPIPE":"Interstate","Operator":"Iroquois Gas Trans Co","Status":"Operating","Shape_Leng":0.00352420771238,"Shape__Length":507.9966755831506}},{"type":"Feature","id":14937,"geometry":{"type":"LineString","coordinates":[[-77.917504,42.099008],[-77.9422719999999,42.1517440000001]]},"properties":{"FID":14937,"TYPEPIPE":"Intrastate","Operator":"National Fuel Gas Distr Co","Status":"Operating","Shape_Leng":0.0582626769039,"Shape__Length":8381.677501806213}},{"type":"Feature","id":14938,"geometry":{"type":"LineString","coordinates":[[-73.283808,40.844973],[-73.2839499999999,40.8407]]},"properties":{"FID":14938,"TYPEPIPE":"Interstate","Operator":"Iroquois Gas Trans Co","Status":"Operating","Shape_Leng":0.00427535881536,"Shape__Length":628.96827760463}},{"type":"Feature","id":14940,"geometry":{"type":"LineString","coordinates":[[-78.041344,42.0200960000001],[-77.917504,42.099008]]},"properties":{"FID":14940,"TYPEPIPE":"Intrastate","Operator":"National Fuel Gas Distr Co","Status":"Operating","Shape_Leng":0.146844984061,"Shape__Length":18166.94682907463}},{"type":"Feature","id":14941,"geometry":{"type":"LineString","coordinates":[[-73.2826689999999,40.84736],[-73.283808,40.844973]]},"properties":{"FID":14941,"TYPEPIPE":"Interstate","Operator":"Iroquois Gas Trans Co","Status":"Operating","Shape_Leng":0.00264482324552,"Shape__Length":373.44666236418794}},{"type":"Feature","id":14943,"geometry":{"type":"LineString","coordinates":[[-78.1932159999999,42.044992],[-78.2147199999999,42.0838400000001]]},"properties":{"FID":14943,"TYPEPIPE":"Intrastate","Operator":"National Fuel Gas Distr Co","Status":"Operating","Shape_Leng":0.0444025801052,"Shape__Length":6297.827811298352}},{"type":"Feature","id":14944,"geometry":{"type":"LineString","coordinates":[[-73.282094,40.851497],[-73.2826689999999,40.84736]]},"properties":{"FID":14944,"TYPEPIPE":"Interstate","Operator":"Iroquois Gas Trans Co","Status":"Operating","Shape_Leng":0.00417676836802,"Shape__Length":612.1734052440694}},{"type":"Feature","id":14946,"geometry":{"type":"LineString","coordinates":[[-78.1932159999999,42.044992],[-78.178432,42.0838400000001]]},"properties":{"FID":14946,"TYPEPIPE":"Intrastate","Operator":"National Fuel Gas Distr Co","Status":"Operating","Shape_Leng":0.0415660168888,"Shape__Length":6053.162185205114}},{"type":"Feature","id":14947,"geometry":{"type":"LineString","coordinates":[[-73.282054,40.851878],[-73.282094,40.851497]]},"properties":{"FID":14947,"TYPEPIPE":"Interstate","Operator":"Iroquois Gas Trans Co","Status":"Operating","Shape_Leng":0.000383093983253,"Shape__Length":56.247955538621056}},{"type":"Feature","id":14949,"geometry":{"type":"LineString","coordinates":[[-78.2477439999999,42.0200960000001],[-78.1932159999999,42.044992]]},"properties":{"FID":14949,"TYPEPIPE":"Intrastate","Operator":"National Fuel Gas Distr Co","Status":"Operating","Shape_Leng":0.0599425858635,"Shape__Length":7125.108766931142}},{"type":"Feature","id":14950,"geometry":{"type":"LineString","coordinates":[[-73.2787039999999,40.857422],[-73.282054,40.851878]]},"properties":{"FID":14950,"TYPEPIPE":"Interstate","Operator":"Iroquois Gas Trans Co","Status":"Operating","Shape_Leng":0.00647753317243,"Shape__Length":897.1236925814776}},{"type":"Feature","id":14952,"geometry":{"type":"LineString","coordinates":[[-78.1123199999999,42.204416],[-78.03968,42.262592]]},"properties":{"FID":14952,"TYPEPIPE":"Intrastate","Operator":"National Fuel Gas Distr Co","Status":"Operating","Shape_Leng":0.0930645828229,"Shape__Length":11911.81465912582}},{"type":"Feature","id":14953,"geometry":{"type":"LineString","coordinates":[[-73.278404,40.863052],[-73.2787039999999,40.857422]]},"properties":{"FID":14953,"TYPEPIPE":"Interstate","Operator":"Iroquois Gas Trans Co","Status":"Operating","Shape_Leng":0.0056379872295,"Shape__Length":829.3416760263055}},{"type":"Feature","id":14955,"geometry":{"type":"LineString","coordinates":[[-78.178432,42.0838400000001],[-78.1123199999999,42.204416]]},"properties":{"FID":14955,"TYPEPIPE":"Intrastate","Operator":"National Fuel Gas Distr Co","Status":"Operating","Shape_Leng":0.137511338878,"Shape__Length":19541.57772001674}},{"type":"Feature","id":14956,"geometry":{"type":"LineString","coordinates":[[-73.279589,40.8659880000001],[-73.278404,40.863052]]},"properties":{"FID":14956,"TYPEPIPE":"Interstate","Operator":"Iroquois Gas Trans Co","Status":"Operating","Shape_Leng":0.00316612081264,"Shape__Length":451.8561921907157}},{"type":"Feature","id":14958,"geometry":{"type":"LineString","coordinates":[[-78.2147199999999,42.0838400000001],[-78.178432,42.0838400000001]]},"properties":{"FID":14958,"TYPEPIPE":"Intrastate","Operator":"National Fuel Gas Distr Co","Status":"Operating","Shape_Leng":0.036288,"Shape__Length":4039.5616819001734}},{"type":"Feature","id":14959,"geometry":{"type":"LineString","coordinates":[[-73.281079,40.869159],[-73.279589,40.8659880000001]]},"properties":{"FID":14959,"TYPEPIPE":"Interstate","Operator":"Iroquois Gas Trans Co","Status":"Operating","Shape_Leng":0.00350361827254,"Shape__Length":495.37858675655224}},{"type":"Feature","id":14961,"geometry":{"type":"LineString","coordinates":[[-78.2477439999999,42.0200960000001],[-78.2147199999999,42.0838400000001]]},"properties":{"FID":14961,"TYPEPIPE":"Intrastate","Operator":"National Fuel Gas Distr Co","Status":"Operating","Shape_Leng":0.0717905433327,"Shape__Length":10239.063158246958}},{"type":"Feature","id":14964,"geometry":{"type":"LineString","coordinates":[[-78.232896,42.0838400000001],[-78.274176,42.1822080000001]]},"properties":{"FID":14964,"TYPEPIPE":"Intrastate","Operator":"National Fuel Gas Distr Co","Status":"Operating","Shape_Leng":0.106678497477,"Shape__Length":15464.479283180566}},{"type":"Feature","id":14967,"geometry":{"type":"LineString","coordinates":[[-78.2147199999999,42.0838400000001],[-78.232896,42.0838400000001]]},"properties":{"FID":14967,"TYPEPIPE":"Intrastate","Operator":"National Fuel Gas Distr Co","Status":"Operating","Shape_Leng":0.018176,"Shape__Length":2023.3430646639317}},{"type":"Feature","id":14970,"geometry":{"type":"LineString","coordinates":[[-78.3088,42.018688],[-78.2477439999999,42.0200960000001]]},"properties":{"FID":14970,"TYPEPIPE":"Intrastate","Operator":"National Fuel Gas Distr Co","Status":"Operating","Shape_Leng":0.061072232643,"Shape__Length":6799.996474050762}},{"type":"Feature","id":14973,"geometry":{"type":"LineString","coordinates":[[-78.335232,42.018688],[-78.3088,42.018688]]},"properties":{"FID":14973,"TYPEPIPE":"Intrastate","Operator":"National Fuel Gas Distr Co","Status":"Operating","Shape_Leng":0.026432,"Shape__Length":2942.3967806473374}},{"type":"Feature","id":14976,"geometry":{"type":"LineString","coordinates":[[-78.4855679999999,42.078272],[-78.335232,42.018688]]},"properties":{"FID":14976,"TYPEPIPE":"Intrastate","Operator":"National Fuel Gas Distr Co","Status":"Operating","Shape_Leng":0.161713221327,"Shape__Length":18969.855825725517}},{"type":"Feature","id":14979,"geometry":{"type":"LineString","coordinates":[[-78.3088,42.03808],[-78.2477439999999,42.0200960000001]]},"properties":{"FID":14979,"TYPEPIPE":"Intrastate","Operator":"National Fuel Gas Distr Co","Status":"Operating","Shape_Leng":0.0636495042557,"Shape__Length":7311.5843638735705}},{"type":"Feature","id":14982,"geometry":{"type":"LineString","coordinates":[[-78.4855679999999,42.078272],[-78.3088,42.03808]]},"properties":{"FID":14982,"TYPEPIPE":"Intrastate","Operator":"National Fuel Gas Distr Co","Status":"Operating","Shape_Leng":0.181279680847,"Shape__Length":20579.758125889926}},{"type":"Feature","id":15611,"geometry":{"type":"LineString","coordinates":[[-79.3313219999999,42.264128],[-79.334988,42.2408280000001]]},"properties":{"FID":15611,"TYPEPIPE":"Interstate","Operator":"Norse Pipeline LLC","Status":"Operating","Shape_Leng":0.0235866393536,"Shape__Length":3527.8480986307204}},{"type":"Feature","id":15612,"geometry":{"type":"LineString","coordinates":[[-79.3313219999999,42.264128],[-79.226752,42.260992]]},"properties":{"FID":15612,"TYPEPIPE":"Interstate","Operator":"Norse Pipeline LLC","Status":"Operating","Shape_Leng":0.104617012938,"Shape__Length":11650.232632231891}},{"type":"Feature","id":15613,"geometry":{"type":"LineString","coordinates":[[-79.516928,42.2696960000001],[-79.3313219999999,42.264128]]},"properties":{"FID":15613,"TYPEPIPE":"Interstate","Operator":"Norse Pipeline LLC","Status":"Operating","Shape_Leng":0.185689498518,"Shape__Length":20678.535447985363}},{"type":"Feature","id":15614,"geometry":{"type":"LineString","coordinates":[[-79.061504,42.0576],[-79.0700419999999,42.053451],[-79.087913,42.0425940000001],[-79.085476,42.010929]]},"properties":{"FID":15614,"TYPEPIPE":"Interstate","Operator":"Norse Pipeline LLC","Status":"Operating","Shape_Leng":0.0621618091239,"Shape__Length":8459.247802546994}},{"type":"Feature","id":15615,"geometry":{"type":"LineString","coordinates":[[-79.067605,42.0546570000001],[-79.077759,42.0670210000001],[-79.1009109999999,42.06672]]},"properties":{"FID":15615,"TYPEPIPE":"Interstate","Operator":"Norse Pipeline LLC","Status":"Operating","Shape_Leng":0.0391530881747,"Shape__Length":4748.928584859842}},{"type":"Feature","id":15616,"geometry":{"type":"LineString","coordinates":[[-79.061504,42.0576],[-79.023738,42.062196]]},"properties":{"FID":15616,"TYPEPIPE":"Interstate","Operator":"Norse Pipeline LLC","Status":"Operating","Shape_Leng":0.0380446313164,"Shape__Length":4260.194575311134}},{"type":"Feature","id":15617,"geometry":{"type":"LineString","coordinates":[[-79.030294,42.1623700000001],[-79.0269239999999,42.148374],[-79.03973,42.11555],[-79.05276,42.085225],[-79.0594809999999,42.0714990000001],[-79.059471,42.0667060000001],[-79.059092,42.057371]]},"properties":{"FID":15617,"TYPEPIPE":"Interstate","Operator":"Norse Pipeline LLC","Status":"Operating","Shape_Leng":0.112054347282,"Shape__Length":16348.881893572936}},{"type":"Feature","id":15618,"geometry":{"type":"LineString","coordinates":[[-79.060174,42.173866],[-79.030294,42.1623700000001]]},"properties":{"FID":15618,"TYPEPIPE":"Interstate","Operator":"Norse Pipeline LLC","Status":"Operating","Shape_Leng":0.0320151903945,"Shape__Length":3747.6630594132807}},{"type":"Feature","id":15619,"geometry":{"type":"LineString","coordinates":[[-79.0766139999999,42.179177],[-79.060174,42.173866]]},"properties":{"FID":15619,"TYPEPIPE":"Interstate","Operator":"Norse Pipeline LLC","Status":"Operating","Shape_Leng":0.0172765830244,"Shape__Length":1996.4191602470762}},{"type":"Feature","id":15620,"geometry":{"type":"LineString","coordinates":[[-79.088512,42.24384],[-79.085185,42.225763],[-79.080411,42.2252100000001],[-79.0766139999999,42.179177]]},"properties":{"FID":15620,"TYPEPIPE":"Interstate","Operator":"Norse Pipeline LLC","Status":"Operating","Shape_Leng":0.0693758637911,"Shape__Length":10211.363830711762}},{"type":"Feature","id":15621,"geometry":{"type":"LineString","coordinates":[[-79.226752,42.260992],[-79.088512,42.24384]]},"properties":{"FID":15621,"TYPEPIPE":"Interstate","Operator":"Norse Pipeline LLC","Status":"Operating","Shape_Leng":0.139299995348,"Shape__Length":15603.506295595958}},{"type":"Feature","id":15622,"geometry":{"type":"LineString","coordinates":[[-79.226752,42.260992],[-79.226184,42.2658210000001],[-79.21664,42.3470080000001]]},"properties":{"FID":15622,"TYPEPIPE":"Interstate","Operator":"Norse Pipeline LLC","Status":"Operating","Shape_Leng":0.0866083414097,"Shape__Length":12995.6597842765}},{"type":"Feature","id":15623,"geometry":{"type":"LineString","coordinates":[[-79.617849,42.2436740000001],[-79.600002,42.2591840000001],[-79.516928,42.2696960000001]]},"properties":{"FID":15623,"TYPEPIPE":"Interstate","Operator":"Norse Pipeline LLC","Status":"Operating","Shape_Leng":0.107381219036,"Shape__Length":12445.93318349915}},{"type":"Feature","id":15624,"geometry":{"type":"LineString","coordinates":[[-79.672868,42.235326],[-79.665383,42.201979]]},"properties":{"FID":15624,"TYPEPIPE":"Interstate","Operator":"Norse Pipeline LLC","Status":"Operating","Shape_Leng":0.0341767118664,"Shape__Length":5081.260896809571}},{"type":"Feature","id":15625,"geometry":{"type":"LineString","coordinates":[[-79.5755589999999,42.2186520000001],[-79.617539,42.243789],[-79.650412,42.24384],[-79.6685909999999,42.244853],[-79.672868,42.235326]]},"properties":{"FID":15625,"TYPEPIPE":"Interstate","Operator":"Norse Pipeline LLC","Status":"Operating","Shape_Leng":0.110453704083,"Shape__Length":13208.438963059058}},{"type":"Feature","id":15626,"geometry":{"type":"LineString","coordinates":[[-79.621504,42.0948480000001],[-79.648421,42.1934650000001],[-79.647801,42.214146],[-79.650904,42.244018]]},"properties":{"FID":15626,"TYPEPIPE":"Interstate","Operator":"Norse Pipeline LLC","Status":"Operating","Shape_Leng":0.15294747056,"Shape__Length":22718.90180922798}},{"type":"Feature","id":15627,"geometry":{"type":"LineString","coordinates":[[-79.5053839999999,42.096658],[-79.463813,42.0755320000001],[-79.447239,42.0674000000001],[-79.432803,42.0574760000001],[-79.413964,42.0441280000001],[-79.3761279999999,42.03088],[-79.353672,42.0078560000001],[-79.331328,41.9973120000001]]},"properties":{"FID":15627,"TYPEPIPE":"Interstate","Operator":"Norse Pipeline LLC","Status":"Operating","Shape_Leng":0.202656040612,"Shape__Length":24772.40970960645}},{"type":"Feature","id":15628,"geometry":{"type":"LineString","coordinates":[[-79.621504,42.0948480000001],[-79.5414729999999,42.0948480000001],[-79.5331859999999,42.0948480000001],[-79.521958,42.0948480000001],[-79.517012,42.0916],[-79.5100619999999,42.091997],[-79.507389,42.0931870000001],[-79.504983,42.095766],[-79.507255,42.100427],[-79.5244979999999,42.109849]]},"properties":{"FID":15628,"TYPEPIPE":"Interstate","Operator":"Norse Pipeline LLC","Status":"Operating","Shape_Leng":0.14371199392,"Shape__Length":16537.659282410215}},{"type":"Feature","id":15629,"geometry":{"type":"LineString","coordinates":[[-79.6237429999999,42.0402760000001],[-79.621504,42.0948480000001]]},"properties":{"FID":15629,"TYPEPIPE":"Interstate","Operator":"Norse Pipeline LLC","Status":"Operating","Shape_Leng":0.0546179119429,"Shape__Length":8187.1107907232}},{"type":"Feature","id":15630,"geometry":{"type":"LineString","coordinates":[[-79.652929,41.999148],[-79.644921,42.004892],[-79.6330579999999,42.007928],[-79.623122,42.0444350000001]]},"properties":{"FID":15630,"TYPEPIPE":"Interstate","Operator":"Norse Pipeline LLC","Status":"Operating","Shape_Leng":0.0599353299781,"Shape__Length":8217.198348197438}},{"type":"Feature","id":15652,"geometry":{"type":"LineString","coordinates":[[-79.0594809999999,42.2434400000001],[-79.0302369999999,42.247662]]},"properties":{"FID":15652,"TYPEPIPE":"Interstate","Operator":"Norse Pipeline LLC","Status":"Operating","Shape_Leng":0.0295471964829,"Shape__Length":3316.759355426438}},{"type":"Feature","id":15653,"geometry":{"type":"LineString","coordinates":[[-79.088319,42.2434400000001],[-79.0594809999999,42.2437420000001]]},"properties":{"FID":15653,"TYPEPIPE":"Interstate","Operator":"Norse Pipeline LLC","Status":"Operating","Shape_Leng":0.028839581273,"Shape__Length":3210.552664422175}},{"type":"Feature","id":15654,"geometry":{"type":"LineString","coordinates":[[-79.0302369999999,42.247662],[-78.975858,42.251114],[-78.9175729999999,42.2618190000001],[-78.866968,42.263157],[-78.7865439999999,42.2551720000001]]},"properties":{"FID":15654,"TYPEPIPE":"Interstate","Operator":"Norse Pipeline LLC","Status":"Operating","Shape_Leng":0.245190491782,"Shape__Length":27430.577718189015}},{"type":"Feature","id":15655,"geometry":{"type":"LineString","coordinates":[[-79.053119,42.2441010000001],[-79.0517639999999,42.3351650000001]]},"properties":{"FID":15655,"TYPEPIPE":"Interstate","Operator":"Norse Pipeline LLC","Status":"Operating","Shape_Leng":0.0910740804016,"Shape__Length":13704.32698331246}},{"type":"Feature","id":15656,"geometry":{"type":"LineString","coordinates":[[-79.179432,42.3134210000001],[-79.222032,42.312484]]},"properties":{"FID":15656,"TYPEPIPE":"Interstate","Operator":"Norse Pipeline LLC","Status":"Operating","Shape_Leng":0.0426103035544,"Shape__Length":4744.307620368627}},{"type":"Feature","id":15657,"geometry":{"type":"LineString","coordinates":[[-79.218865,42.3337730000001],[-79.2440139999999,42.3338640000001]]},"properties":{"FID":15657,"TYPEPIPE":"Interstate","Operator":"Norse Pipeline LLC","Status":"Operating","Shape_Leng":0.0251491646382,"Shape__Length":2799.6074119574996}},{"type":"Feature","id":15658,"geometry":{"type":"LineString","coordinates":[[-79.226752,42.260992],[-79.2294209999999,42.251857],[-79.219486,42.244504]]},"properties":{"FID":15658,"TYPEPIPE":"Interstate","Operator":"Norse Pipeline LLC","Status":"Operating","Shape_Leng":0.0218769709547,"Shape__Length":2969.6134976938647}},{"type":"Feature","id":15659,"geometry":{"type":"LineString","coordinates":[[-79.321326,42.2408280000001],[-79.350512,42.243585]]},"properties":{"FID":15659,"TYPEPIPE":"Interstate","Operator":"Norse Pipeline LLC","Status":"Operating","Shape_Leng":0.0293159281791,"Shape__Length":3275.3131211243945}},{"type":"Feature","id":15670,"geometry":{"type":"LineString","coordinates":[[-79.519686,42.1070720000001],[-79.537865,42.096956],[-79.538266,42.0948730000001]]},"properties":{"FID":15670,"TYPEPIPE":"Interstate","Operator":"Norse Pipeline LLC","Status":"Operating","Shape_Leng":0.0229253213227,"Shape__Length":2845.266583181141}},{"type":"Feature","id":15671,"geometry":{"type":"LineString","coordinates":[[-79.581784,42.099549],[-79.5985489999999,42.096956],[-79.5989499999999,42.0948730000001]]},"properties":{"FID":15671,"TYPEPIPE":"Interstate","Operator":"Norse Pipeline LLC","Status":"Operating","Shape_Leng":0.0190855885232,"Shape__Length":2222.0522840066565}},{"type":"Feature","id":15672,"geometry":{"type":"LineString","coordinates":[[-79.358484,42.0340560000001],[-79.3761069999999,42.03256],[-79.376612,42.0310890000001]]},"properties":{"FID":15672,"TYPEPIPE":"Interstate","Operator":"Norse Pipeline LLC","Status":"Operating","Shape_Leng":0.0192416534334,"Shape__Length":2202.067858358068}},{"type":"Feature","id":15673,"geometry":{"type":"LineString","coordinates":[[-79.374524,42.04398],[-79.368776,42.036975],[-79.3687169999999,42.0331590000001]]},"properties":{"FID":15673,"TYPEPIPE":"Interstate","Operator":"Norse Pipeline LLC","Status":"Operating","Shape_Leng":0.0128778869258,"Shape__Length":1801.56113830516}},{"type":"Feature","id":15674,"geometry":{"type":"LineString","coordinates":[[-79.667521,42.2099190000001],[-79.678736,42.2083220000001]]},"properties":{"FID":15674,"TYPEPIPE":"Interstate","Operator":"Norse Pipeline LLC","Status":"Operating","Shape_Leng":0.0113281346214,"Shape__Length":1271.3099444620432}},{"type":"Feature","id":15680,"geometry":{"type":"LineString","coordinates":[[-73.4566730459999,44.7138395260001],[-73.45795383,44.716789598],[-73.442743137,44.7258418220001],[-73.437075362,44.731873335],[-73.429669373,44.7496577730001],[-73.431110663,44.7570662370001],[-73.437427602,44.7780309820001]]},"properties":{"FID":15680,"TYPEPIPE":"Interstate","Operator":"North Country Pipeline Co","Status":"Operating","Shape_Leng":0.0779012367563,"Shape__Length":11269.145292419122}},{"type":"Feature","id":15683,"geometry":{"type":"LineString","coordinates":[[-73.437427602,44.7780309820001],[-73.447872,44.7947613440001],[-73.448559,44.8217750000001],[-73.4492385729999,44.84300232]]},"properties":{"FID":15683,"TYPEPIPE":"Interstate","Operator":"North Country Pipeline Co","Status":"Operating","Shape_Leng":0.0679834266306,"Shape__Length":10442.337021020867}},{"type":"Feature","id":15684,"geometry":{"type":"LineString","coordinates":[[-73.4492385729999,44.84300232],[-73.457304651,44.8568279400001],[-73.468654516,44.8623243440001],[-73.47061982,44.8768882620001],[-73.461951819,44.885443529],[-73.466728699,44.911616963],[-73.462071553,44.921276005],[-73.4695192839999,44.9358972810001],[-73.463982871,44.949787472],[-73.465209337,44.975082854],[-73.46328533,45.001139499],[-73.463645056,45.00908252]]},"properties":{"FID":15684,"TYPEPIPE":"Interstate","Operator":"North Country Pipeline Co","Status":"Operating","Shape_Leng":0.183586647334,"Shape__Length":27637.628716809973}},{"type":"Feature","id":20054,"geometry":{"type":"LineString","coordinates":[[-75.011584,42.860032],[-74.9178879999999,42.925056]]},"properties":{"FID":20054,"TYPEPIPE":"Interstate","Operator":"Tennessee Gas Pipeline","Status":"Operating","Shape_Leng":0.114048502805,"Shape__Length":14366.780459052852}},{"type":"Feature","id":20055,"geometry":{"type":"LineString","coordinates":[[-75.588608,42.8728320000001],[-75.3679999999999,42.8882560000001]]},"properties":{"FID":20055,"TYPEPIPE":"Interstate","Operator":"Tennessee Gas Pipeline","Status":"Operating","Shape_Leng":0.221146533864,"Shape__Length":24669.499488412985}},{"type":"Feature","id":20056,"geometry":{"type":"LineString","coordinates":[[-75.3679999999999,42.8882560000001],[-75.2488319999999,42.889216]]},"properties":{"FID":20056,"TYPEPIPE":"Interstate","Operator":"Tennessee Gas Pipeline","Status":"Operating","Shape_Leng":0.119171866747,"Shape__Length":13266.522915925763}},{"type":"Feature","id":20057,"geometry":{"type":"LineString","coordinates":[[-75.2488319999999,42.889216],[-75.100087,42.8709190000001],[-75.011584,42.860032]]},"properties":{"FID":20057,"TYPEPIPE":"Interstate","Operator":"Tennessee Gas Pipeline","Status":"Operating","Shape_Leng":0.239036230225,"Shape__Length":26779.79525341831}},{"type":"Feature","id":20058,"geometry":{"type":"LineString","coordinates":[[-75.7990399999999,42.8403200000001],[-75.743882,42.848841]]},"properties":{"FID":20058,"TYPEPIPE":"Interstate","Operator":"Tennessee Gas Pipeline","Status":"Operating","Shape_Leng":0.055812296181,"Shape__Length":6274.971720543065}},{"type":"Feature","id":20059,"geometry":{"type":"LineString","coordinates":[[-75.90016,42.8728320000001],[-75.7990399999999,42.8403200000001]]},"properties":{"FID":20059,"TYPEPIPE":"Interstate","Operator":"Tennessee Gas Pipeline","Status":"Operating","Shape_Leng":0.106218098947,"Shape__Length":12291.7487757683}},{"type":"Feature","id":20060,"geometry":{"type":"LineString","coordinates":[[-76.025088,42.898688],[-75.90016,42.8728320000001]]},"properties":{"FID":20060,"TYPEPIPE":"Interstate","Operator":"Tennessee Gas Pipeline","Status":"Operating","Shape_Leng":0.127575616479,"Shape__Length":14451.076659351596}},{"type":"Feature","id":20061,"geometry":{"type":"LineString","coordinates":[[-76.461824,42.931456],[-76.025088,42.898688]]},"properties":{"FID":20061,"TYPEPIPE":"Interstate","Operator":"Tennessee Gas Pipeline","Status":"Operating","Shape_Leng":0.437963555013,"Shape__Length":48871.69719839503}},{"type":"Feature","id":20062,"geometry":{"type":"LineString","coordinates":[[-77.179648,42.9683200000001],[-76.960128,42.9731840000001]]},"properties":{"FID":20062,"TYPEPIPE":"Interstate","Operator":"Tennessee Gas Pipeline","Status":"Operating","Shape_Leng":0.219573880268,"Shape__Length":24448.056386090022}},{"type":"Feature","id":20063,"geometry":{"type":"LineString","coordinates":[[-76.960128,42.9731840000001],[-76.7234559999999,42.975488]]},"properties":{"FID":20063,"TYPEPIPE":"Interstate","Operator":"Tennessee Gas Pipeline","Status":"Operating","Shape_Leng":0.236683214445,"Shape__Length":26348.538492538228}},{"type":"Feature","id":20064,"geometry":{"type":"LineString","coordinates":[[-76.7234559999999,42.975488],[-76.461824,42.931456]]},"properties":{"FID":20064,"TYPEPIPE":"Interstate","Operator":"Tennessee Gas Pipeline","Status":"Operating","Shape_Leng":0.265311365094,"Shape__Length":29884.79589986081}},{"type":"Feature","id":20072,"geometry":{"type":"LineString","coordinates":[[-77.303552,42.56768],[-77.202176,42.75584]]},"properties":{"FID":20072,"TYPEPIPE":"Interstate","Operator":"Tennessee Gas Pipeline","Status":"Operating","Shape_Leng":0.213731792151,"Shape__Length":30637.713868172068}},{"type":"Feature","id":20074,"geometry":{"type":"LineString","coordinates":[[-77.179648,42.9683200000001],[-77.180795,42.959055]]},"properties":{"FID":20074,"TYPEPIPE":"Interstate","Operator":"Tennessee Gas Pipeline","Status":"Operating","Shape_Leng":0.00933572889498,"Shape__Length":1415.1666962728127}},{"type":"Feature","id":20075,"geometry":{"type":"LineString","coordinates":[[-78.4729599999999,42.7299840000001],[-78.406786,42.7336510000001]]},"properties":{"FID":20075,"TYPEPIPE":"Interstate","Operator":"Tennessee Gas Pipeline","Status":"Operating","Shape_Leng":0.0662755246301,"Shape__Length":7387.388942926235}},{"type":"Feature","id":20077,"geometry":{"type":"LineString","coordinates":[[-77.95566,42.758652],[-77.953381,42.75898]]},"properties":{"FID":20077,"TYPEPIPE":"Interstate","Operator":"Tennessee Gas Pipeline","Status":"Operating","Shape_Leng":0.00230248235606,"Shape__Length":258.5252769872382}},{"type":"Feature","id":20078,"geometry":{"type":"LineString","coordinates":[[-77.180795,42.959055],[-77.202176,42.75584]]},"properties":{"FID":20078,"TYPEPIPE":"Interstate","Operator":"Tennessee Gas Pipeline","Status":"Operating","Shape_Leng":0.204336691238,"Shape__Length":30951.5857494607}},{"type":"Feature","id":20079,"geometry":{"type":"LineString","coordinates":[[-79.061248,42.496],[-79.018528,42.5282560000001]]},"properties":{"FID":20079,"TYPEPIPE":"Interstate","Operator":"Tennessee Gas Pipeline","Status":"Operating","Shape_Leng":0.0535298789089,"Shape__Length":6807.637573263603}},{"type":"Feature","id":20080,"geometry":{"type":"LineString","coordinates":[[-78.5677919999999,42.877509],[-78.571741,43.0144250000001],[-78.5993819999999,43.0533380000001],[-78.623075,43.0647930000001]]},"properties":{"FID":20080,"TYPEPIPE":"Interstate","Operator":"Tennessee Gas Pipeline","Status":"Operating","Shape_Leng":0.211020742585,"Shape__Length":30666.418602418144}},{"type":"Feature","id":20081,"geometry":{"type":"LineString","coordinates":[[-78.676382,43.092251],[-78.731663,43.1614290000001]]},"properties":{"FID":20081,"TYPEPIPE":"Interstate","Operator":"Tennessee Gas Pipeline","Status":"Operating","Shape_Leng":0.0885527224031,"Shape__Length":12214.83062094341}},{"type":"Feature","id":20082,"geometry":{"type":"LineString","coordinates":[[-78.813316,42.695682],[-78.794699,42.701696]]},"properties":{"FID":20082,"TYPEPIPE":"Interstate","Operator":"Tennessee Gas Pipeline","Status":"Operating","Shape_Leng":0.0195642757341,"Shape__Length":2263.800751168336}},{"type":"Feature","id":20083,"geometry":{"type":"LineString","coordinates":[[-78.6054379999999,42.7120380000001],[-78.4729599999999,42.7299840000001]]},"properties":{"FID":20083,"TYPEPIPE":"Interstate","Operator":"Tennessee Gas Pipeline","Status":"Operating","Shape_Leng":0.133687992729,"Shape__Length":14995.987356269005}},{"type":"Feature","id":20084,"geometry":{"type":"LineString","coordinates":[[-78.6054379999999,42.7120380000001],[-78.608704,42.7617920000001]]},"properties":{"FID":20084,"TYPEPIPE":"Interstate","Operator":"Tennessee Gas Pipeline","Status":"Operating","Shape_Leng":0.0498610797316,"Shape__Length":7549.617066183129}},{"type":"Feature","id":20085,"geometry":{"type":"LineString","coordinates":[[-79.661312,42.0672000000001],[-79.641632,42.102176]]},"properties":{"FID":20085,"TYPEPIPE":"Interstate","Operator":"Tennessee Gas Pipeline","Status":"Operating","Shape_Leng":0.0401325675231,"Shape__Length":5685.272217840517}},{"type":"Feature","id":20086,"geometry":{"type":"LineString","coordinates":[[-79.641632,42.102176],[-79.62578,42.127188]]},"properties":{"FID":20086,"TYPEPIPE":"Interstate","Operator":"Tennessee Gas Pipeline","Status":"Operating","Shape_Leng":0.0296122617846,"Shape__Length":4147.567673109713}},{"type":"Feature","id":20087,"geometry":{"type":"LineString","coordinates":[[-79.7063679999999,42.0021760000001],[-79.661312,42.0672000000001]]},"properties":{"FID":20087,"TYPEPIPE":"Interstate","Operator":"Tennessee Gas Pipeline","Status":"Operating","Shape_Leng":0.0791085565031,"Shape__Length":10960.519427462752}},{"type":"Feature","id":20089,"geometry":{"type":"LineString","coordinates":[[-77.660816,41.9999280000001],[-77.3667819999999,42.4671970000001],[-77.303552,42.56768]]},"properties":{"FID":20089,"TYPEPIPE":"Interstate","Operator":"Tennessee Gas Pipeline","Status":"Operating","Shape_Leng":0.670805410831,"Shape__Length":94233.15962169376}},{"type":"Feature","id":20168,"geometry":{"type":"LineString","coordinates":[[-73.4213119999999,42.463488],[-73.376944,42.44185]]},"properties":{"FID":20168,"TYPEPIPE":"Interstate","Operator":"Tennessee Gas Pipeline","Status":"Operating","Shape_Leng":0.0493631691446,"Shape__Length":5920.431907257618}},{"type":"Feature","id":20170,"geometry":{"type":"LineString","coordinates":[[-73.467904,42.4962560000001],[-73.4213119999999,42.463488]]},"properties":{"FID":20170,"TYPEPIPE":"Interstate","Operator":"Tennessee Gas Pipeline","Status":"Operating","Shape_Leng":0.0569610067327,"Shape__Length":7166.819915096358}},{"type":"Feature","id":20171,"geometry":{"type":"LineString","coordinates":[[-73.7640959999999,42.554624],[-73.7291519999999,42.5477760000001]]},"properties":{"FID":20171,"TYPEPIPE":"Interstate","Operator":"Tennessee Gas Pipeline","Status":"Operating","Shape_Leng":0.0356086820874,"Shape__Length":4025.236197496891}},{"type":"Feature","id":20172,"geometry":{"type":"LineString","coordinates":[[-73.943552,42.561024],[-73.8644869999999,42.558204],[-73.834895,42.557149],[-73.771675,42.554894],[-73.7640959999999,42.554624]]},"properties":{"FID":20172,"TYPEPIPE":"Interstate","Operator":"Tennessee Gas Pipeline","Status":"Operating","Shape_Leng":0.179570086427,"Shape__Length":20000.351367932617}},{"type":"Feature","id":20173,"geometry":{"type":"LineString","coordinates":[[-74.185216,42.658304],[-74.175107,42.6538610000001],[-74.0972,42.622874]]},"properties":{"FID":20173,"TYPEPIPE":"Interstate","Operator":"Tennessee Gas Pipeline","Status":"Operating","Shape_Leng":0.0948855635889,"Shape__Length":11170.000089709516}},{"type":"Feature","id":20174,"geometry":{"type":"LineString","coordinates":[[-74.42688,42.7755520000001],[-74.374284,42.750034]]},"properties":{"FID":20174,"TYPEPIPE":"Interstate","Operator":"Tennessee Gas Pipeline","Status":"Operating","Shape_Leng":0.0584594521014,"Shape__Length":7017.9220176553445}},{"type":"Feature","id":20175,"geometry":{"type":"LineString","coordinates":[[-74.76992,42.9053440000001],[-74.42688,42.7755520000001]]},"properties":{"FID":20175,"TYPEPIPE":"Interstate","Operator":"Tennessee Gas Pipeline","Status":"Operating","Shape_Leng":0.366772960923,"Shape__Length":42971.15965620747}},{"type":"Feature","id":20176,"geometry":{"type":"LineString","coordinates":[[-74.9178879999999,42.925056],[-74.76992,42.9053440000001]]},"properties":{"FID":20176,"TYPEPIPE":"Interstate","Operator":"Tennessee Gas Pipeline","Status":"Operating","Shape_Leng":0.149275222217,"Shape__Length":16742.01499483807}},{"type":"Feature","id":20177,"geometry":{"type":"LineString","coordinates":[[-73.7291519999999,42.5477760000001],[-73.467904,42.4962560000001]]},"properties":{"FID":20177,"TYPEPIPE":"Interstate","Operator":"Tennessee Gas Pipeline","Status":"Operating","Shape_Leng":0.266279604747,"Shape__Length":30105.078879474957}},{"type":"Feature","id":20185,"geometry":{"type":"LineString","coordinates":[[-74.374284,42.750034],[-74.2166309999999,42.673546],[-74.185216,42.658304]]},"properties":{"FID":20185,"TYPEPIPE":"Interstate","Operator":"Tennessee Gas Pipeline","Status":"Operating","Shape_Leng":0.210145429465,"Shape__Length":25220.228559181705}},{"type":"Feature","id":20195,"geometry":{"type":"LineString","coordinates":[[-74.0972,42.622874],[-73.943552,42.561024]]},"properties":{"FID":20195,"TYPEPIPE":"Interstate","Operator":"Tennessee Gas Pipeline","Status":"Operating","Shape_Leng":0.165629497385,"Shape__Length":19493.9337942756}},{"type":"Feature","id":20196,"geometry":{"type":"LineString","coordinates":[[-75.743882,42.848841],[-75.588608,42.8728320000001]]},"properties":{"FID":20196,"TYPEPIPE":"Interstate","Operator":"Tennessee Gas Pipeline","Status":"Operating","Shape_Leng":0.157116463673,"Shape__Length":17664.84118662756}},{"type":"Feature","id":20197,"geometry":{"type":"LineString","coordinates":[[-78.899477335,43.2046501620001],[-79.04591748,43.200753025]]},"properties":{"FID":20197,"TYPEPIPE":"Interstate","Operator":"Tennessee Gas Pipeline","Status":"Operating","Shape_Leng":0.146491992083,"Shape__Length":16312.502841437092}},{"type":"Feature","id":20198,"geometry":{"type":"LineString","coordinates":[[-78.731663,43.1614290000001],[-78.80274,43.165753],[-78.899477335,43.2046501620001]]},"properties":{"FID":20198,"TYPEPIPE":"Interstate","Operator":"Tennessee Gas Pipeline","Status":"Operating","Shape_Leng":0.175472977792,"Shape__Length":20237.349126164925}},{"type":"Feature","id":20199,"geometry":{"type":"LineString","coordinates":[[-78.599576,42.801382],[-78.5974219999999,42.8450940000001]]},"properties":{"FID":20199,"TYPEPIPE":"Interstate","Operator":"Tennessee Gas Pipeline","Status":"Operating","Shape_Leng":0.0437650392437,"Shape__Length":6638.689638674493}},{"type":"Feature","id":20200,"geometry":{"type":"LineString","coordinates":[[-78.5974219999999,42.8450940000001],[-78.5677919999999,42.877509]]},"properties":{"FID":20200,"TYPEPIPE":"Interstate","Operator":"Tennessee Gas Pipeline","Status":"Operating","Shape_Leng":0.0439166155913,"Shape__Length":5925.650614389337}},{"type":"Feature","id":20201,"geometry":{"type":"LineString","coordinates":[[-78.608704,42.7617920000001],[-78.6077749999999,42.7658200000001],[-78.599576,42.801382]]},"properties":{"FID":20201,"TYPEPIPE":"Interstate","Operator":"Tennessee Gas Pipeline","Status":"Operating","Shape_Leng":0.0406286658024,"Shape__Length":6090.068555153801}},{"type":"Feature","id":20202,"geometry":{"type":"LineString","coordinates":[[-79.018528,42.5282560000001],[-78.813316,42.695682]]},"properties":{"FID":20202,"TYPEPIPE":"Interstate","Operator":"Tennessee Gas Pipeline","Status":"Operating","Shape_Leng":0.264846050414,"Shape__Length":34105.554908535494}},{"type":"Feature","id":20203,"geometry":{"type":"LineString","coordinates":[[-78.794699,42.701696],[-78.6054379999999,42.7120380000001]]},"properties":{"FID":20203,"TYPEPIPE":"Interstate","Operator":"Tennessee Gas Pipeline","Status":"Operating","Shape_Leng":0.189543354104,"Shape__Length":21126.609924681314}},{"type":"Feature","id":20204,"geometry":{"type":"LineString","coordinates":[[-78.623075,43.0647930000001],[-78.676382,43.092251]]},"properties":{"FID":20204,"TYPEPIPE":"Interstate","Operator":"Tennessee Gas Pipeline","Status":"Operating","Shape_Leng":0.0599631387854,"Shape__Length":7261.245398917017}},{"type":"Feature","id":20205,"geometry":{"type":"LineString","coordinates":[[-77.953381,42.75898],[-77.9044059999999,42.7660490000001]]},"properties":{"FID":20205,"TYPEPIPE":"Interstate","Operator":"Tennessee Gas Pipeline","Status":"Operating","Shape_Leng":0.0494825361719,"Shape__Length":5556.235279102482}},{"type":"Feature","id":20206,"geometry":{"type":"LineString","coordinates":[[-77.9805919999999,42.7572700000001],[-77.95566,42.758652]]},"properties":{"FID":20206,"TYPEPIPE":"Interstate","Operator":"Tennessee Gas Pipeline","Status":"Operating","Shape_Leng":0.0249702732864,"Shape__Length":2783.3156071583394}},{"type":"Feature","id":20207,"geometry":{"type":"LineString","coordinates":[[-77.9044059999999,42.7660490000001],[-77.654917,42.8674950000001],[-77.5722239999999,42.90112]]},"properties":{"FID":20207,"TYPEPIPE":"Interstate","Operator":"Tennessee Gas Pipeline","Status":"Operating","Shape_Leng":0.358593162465,"Shape__Length":42282.393036035966}},{"type":"Feature","id":20208,"geometry":{"type":"LineString","coordinates":[[-78.406786,42.7336510000001],[-78.1040399999999,42.750429],[-77.9805919999999,42.7572700000001]]},"properties":{"FID":20208,"TYPEPIPE":"Interstate","Operator":"Tennessee Gas Pipeline","Status":"Operating","Shape_Leng":0.426847962157,"Shape__Length":47578.59616895674}},{"type":"Feature","id":20210,"geometry":{"type":"LineString","coordinates":[[-77.237473,42.9585530000001],[-77.179648,42.9683200000001]]},"properties":{"FID":20210,"TYPEPIPE":"Interstate","Operator":"Tennessee Gas Pipeline","Status":"Operating","Shape_Leng":0.0586440526737,"Shape__Length":6606.290137743311}},{"type":"Feature","id":20211,"geometry":{"type":"LineString","coordinates":[[-77.5722239999999,42.90112],[-77.4051929999999,42.9297770000001],[-77.237473,42.9585530000001]]},"properties":{"FID":20211,"TYPEPIPE":"Interstate","Operator":"Tennessee Gas Pipeline","Status":"Operating","Shape_Leng":0.33964213739,"Shape__Length":38273.69034298527}},{"type":"Feature","id":20212,"geometry":{"type":"LineString","coordinates":[[-79.516928,42.2696960000001],[-79.315454,42.3702870000001],[-79.105036,42.4753440000001]]},"properties":{"FID":20212,"TYPEPIPE":"Interstate","Operator":"Tennessee Gas Pipeline","Status":"Operating","Shape_Leng":0.460376063201,"Shape__Length":55340.5399440413}},{"type":"Feature","id":20213,"geometry":{"type":"LineString","coordinates":[[-79.5533379999999,42.231474],[-79.516928,42.2696960000001]]},"properties":{"FID":20213,"TYPEPIPE":"Interstate","Operator":"Tennessee Gas Pipeline","Status":"Operating","Shape_Leng":0.0527883451531,"Shape__Length":7033.443294846213}},{"type":"Feature","id":20214,"geometry":{"type":"LineString","coordinates":[[-79.62578,42.127188],[-79.5533379999999,42.231474]]},"properties":{"FID":20214,"TYPEPIPE":"Interstate","Operator":"Tennessee Gas Pipeline","Status":"Operating","Shape_Leng":0.126978002662,"Shape__Length":17619.526952594435}},{"type":"Feature","id":20215,"geometry":{"type":"LineString","coordinates":[[-79.105036,42.4753440000001],[-79.061248,42.496]]},"properties":{"FID":20215,"TYPEPIPE":"Interstate","Operator":"Tennessee Gas Pipeline","Status":"Operating","Shape_Leng":0.0484154859523,"Shape__Length":5786.428424901299}},{"type":"Feature","id":20238,"geometry":{"type":"LineString","coordinates":[[-79.766944,41.90848],[-79.7063679999999,42.0021760000001]]},"properties":{"FID":20238,"TYPEPIPE":"Interstate","Operator":"Tennessee Gas Pipeline","Status":"Operating","Shape_Leng":0.11157236303,"Shape__Length":15562.227303856496}},{"type":"Feature","id":20861,"geometry":{"type":"LineString","coordinates":[[-74.0972,42.622874],[-74.095808,42.6522560000001]]},"properties":{"FID":20861,"TYPEPIPE":"Interstate","Operator":"Tennessee Gas Pipeline","Status":"Operating","Shape_Leng":0.029414955176,"Shape__Length":4448.80208568953}},{"type":"Feature","id":20862,"geometry":{"type":"LineString","coordinates":[[-75.743882,42.848841],[-75.7384479999999,42.8425120000001]]},"properties":{"FID":20862,"TYPEPIPE":"Interstate","Operator":"Tennessee Gas Pipeline","Status":"Operating","Shape_Leng":0.00834173824813,"Shape__Length":1135.4732029288714}},{"type":"Feature","id":20863,"geometry":{"type":"LineString","coordinates":[[-77.9044059999999,42.7660490000001],[-77.934342,42.8163870000001]]},"properties":{"FID":20863,"TYPEPIPE":"Interstate","Operator":"Tennessee Gas Pipeline","Status":"Operating","Shape_Leng":0.0585668706694,"Shape__Length":8331.549434725077}},{"type":"Feature","id":20903,"geometry":{"type":"LineString","coordinates":[[-74.261378,41.0406580000001],[-74.259605,41.0403200000001],[-74.258796,41.03993],[-74.257583,41.039542],[-74.2555599999999,41.039157],[-74.2531329999999,41.0391680000001],[-74.251111,41.039178],[-74.249088,41.038399],[-74.247066,41.038015],[-74.246662,41.037623],[-74.245044,41.0372360000001],[-74.2426169999999,41.0368540000001],[-74.240594,41.0356820000001],[-74.240594,41.035288],[-74.238572,41.0345100000001],[-74.236549,41.033731],[-74.234527,41.0337400000001],[-74.2320999999999,41.033751],[-74.2300779999999,41.033367],[-74.228055,41.033376],[-74.226033,41.033779],[-74.22401,41.033394],[-74.223606,41.0330020000001],[-74.221584,41.0326180000001],[-74.2195609999999,41.03184],[-74.217539,41.0314550000001],[-74.215516,41.030677],[-74.213494,41.030292],[-74.211067,41.029909],[-74.2090449999999,41.0291310000001],[-74.2070219999999,41.0287460000001],[-74.2062129999999,41.028356],[-74.205,41.0283620000001],[-74.202977,41.028371],[-74.20055,41.0283820000001],[-74.198528,41.027604],[-74.1965059999999,41.0272190000001],[-74.1944829999999,41.0268350000001],[-74.194079,41.0260490000001],[-74.192461,41.025269],[-74.190034,41.0244920000001],[-74.189225,41.0237090000001],[-74.188011,41.0233200000001],[-74.186394,41.0213590000001],[-74.1859889999999,41.0213610000001],[-74.1839669999999,41.019795],[-74.1835619999999,41.01901],[-74.1831579999999,41.019011],[-74.154844,41.0191390000001],[-74.140861,41.014908],[-74.13805,41.015319],[-74.136042,41.0145430000001],[-74.134034,41.014556],[-74.1320259999999,41.014568],[-74.1300189999999,41.0145800000001],[-74.128011,41.0141980000001],[-74.125601,41.014213],[-74.123593,41.0142250000001],[-74.121585,41.0138430000001],[-74.1195779999999,41.013855],[-74.118373,41.0130750000001],[-74.1175699999999,41.0130800000001],[-74.1151599999999,41.012701],[-74.113152,41.0119250000001],[-74.111144,41.01115],[-74.1099399999999,41.010764],[-74.109136,41.010769],[-74.107129,41.010387],[-74.104719,41.010008],[-74.1027109999999,41.01002],[-74.100703,41.0100320000001],[-74.098695,41.0096500000001],[-74.096688,41.009662],[-74.094278,41.009283],[-74.0926719999999,41.0085060000001],[-74.09227,41.0085080000001],[-74.0902619999999,41.00852],[-74.0882539999999,41.0085320000001],[-74.086246,41.008544],[-74.083837,41.008559],[-74.081829,41.0085710000001],[-74.079821,41.0085830000001],[-74.0778129999999,41.008201],[-74.0758049999999,41.00782],[-74.0733959999999,41.0070470000001],[-74.071388,41.006665],[-74.0705849999999,41.0062760000001],[-74.065364,41.0059140000001],[-74.061349,40.9957020000001],[-74.052112,40.9910330000001],[-74.049301,40.9914430000001],[-74.046892,40.991852],[-74.044884,40.9922570000001],[-74.042876,40.9922690000001],[-74.040868,40.9922820000001],[-74.0388599999999,40.9922940000001],[-74.0364509999999,40.9927020000001],[-74.034443,40.9923200000001],[-74.032435,40.99312],[-74.030427,40.992738],[-74.028419,40.991963],[-74.02601,40.991584],[-74.0240019999999,40.9915960000001],[-74.0219939999999,40.9912140000001],[-74.020387,40.990437],[-74.016609,40.989564],[-74.014582,40.989171],[-74.012555,40.988383],[-74.010529,40.9875960000001],[-74.009313,40.987202],[-74.008502,40.987202],[-74.00607,40.985233],[-74.004813,40.9852530000001],[-74.004044,40.985233],[-74.002828,40.9848400000001],[-74.002017,40.9848400000001],[-73.999991,40.984446],[-73.997964,40.983658],[-73.995532,40.9832650000001],[-73.994316,40.9824770000001],[-73.993505,40.9824770000001],[-73.991479,40.9824770000001],[-73.989452,40.982083],[-73.987426,40.981296],[-73.984994,40.9809020000001],[-73.982967,40.9809020000001],[-73.98094,40.980509],[-73.979319,40.9801150000001],[-73.978914,40.9801150000001],[-73.976887,40.979721],[-73.974455,40.978934],[-73.972429,40.978934],[-73.970402,40.9785400000001],[-73.968376,40.9785400000001],[-73.966349,40.978146],[-73.964322,40.9777520000001],[-73.963917,40.9777520000001],[-73.96189,40.977359],[-73.960674,40.977359],[-73.960269,40.977359],[-73.958243,40.977359],[-73.956216,40.9777520000001],[-73.954189,40.9785400000001],[-73.951757,40.978934],[-73.949731,40.978934],[-73.949325,40.979721],[-73.947704,40.980509],[-73.945678,40.9809020000001],[-73.943651,40.981296],[-73.9412189999999,40.981296],[-73.9391919999999,40.981296],[-73.9383819999999,40.982083],[-73.9371659999999,40.982083],[-73.9351389999999,40.982083],[-73.9331129999999,40.982083],[-73.9306809999999,40.982083],[-73.9286539999999,40.982083],[-73.9266279999999,40.9824770000001],[-73.9246009999999,40.982083],[-73.9225739999999,40.9824770000001],[-73.9201419999999,40.9824770000001],[-73.9181159999999,40.982871],[-73.9160889999999,40.982871],[-73.9140629999999,40.982871],[-73.9120359999999,40.982871],[-73.9096039999999,40.9832650000001],[-73.9075769999999,40.9840520000001],[-73.9055509999999,40.9840520000001],[-73.9035239999999,40.9840520000001],[-73.9014979999999,40.9832650000001],[-73.8990659999999,40.982083],[-73.8970389999999,40.982083],[-73.896789,40.982083]]},"properties":{"FID":20903,"TYPEPIPE":"Interstate","Operator":"Tennessee Gas Pipeline","Status":"Operating","Shape_Leng":0.385792567461,"Shape__Length":44334.20584044546}},{"type":"Feature","id":20904,"geometry":{"type":"LineString","coordinates":[[-73.6766019999999,41.017006],[-73.675011,41.0176250000001],[-73.674208,41.0184100000001],[-73.6730009999999,41.0188010000001],[-73.670587,41.0195830000001],[-73.668575,41.0203670000001],[-73.667771,41.020758],[-73.6665639999999,41.02115],[-73.664552,41.021933],[-73.664395,41.0219940000001],[-73.662541,41.0227160000001],[-73.662542,41.023109],[-73.660127,41.0234980000001],[-73.6581169999999,41.0246750000001],[-73.656104,41.025064],[-73.656105,41.0254580000001],[-73.654094,41.026241],[-73.652082,41.0266310000001],[-73.65128,41.027809],[-73.650474,41.027807],[-73.64365,41.035266],[-73.634813,41.043115],[-73.6328,41.043505],[-73.6307889999999,41.044288],[-73.628779,41.045465],[-73.6283759999999,41.045464],[-73.626366,41.04664],[-73.624355,41.047423],[-73.624356,41.0478160000001],[-73.6223449999999,41.048599],[-73.620333,41.049382],[-73.6195299999999,41.050167],[-73.61792,41.0505580000001],[-73.6159069999999,41.050555],[-73.613897,41.0517310000001],[-73.612691,41.052515],[-73.611886,41.052514],[-73.6098729999999,41.0529040000001],[-73.6074609999999,41.0540790000001],[-73.606657,41.0548640000001],[-73.60545,41.055255],[-73.603438,41.055645],[-73.6014249999999,41.055642],[-73.599414,41.056425],[-73.596999,41.056814],[-73.596194,41.0572060000001],[-73.5949869999999,41.0572040000001],[-73.592975,41.057987],[-73.5909619999999,41.057983],[-73.588951,41.058766],[-73.587343,41.0595500000001],[-73.586537,41.0595480000001],[-73.584527,41.060725],[-73.5825149999999,41.061114],[-73.5821139999999,41.0619],[-73.580506,41.062684],[-73.578495,41.063467],[-73.5760789999999,41.0634630000001],[-73.574067,41.063852],[-73.5732629999999,41.064244],[-73.5689589999999,41.0660520000001],[-73.5669389999999,41.0660760000001],[-73.564919,41.0668880000001],[-73.562898,41.0677000000001],[-73.56209,41.068497],[-73.5604739999999,41.069304],[-73.558453,41.0697220000001],[-73.556433,41.07014],[-73.554413,41.0705580000001],[-73.554413,41.070952],[-73.5523919999999,41.070977],[-73.549968,41.0717930000001],[-73.547948,41.0718180000001],[-73.5459269999999,41.0718420000001],[-73.5439069999999,41.0726540000001],[-73.542695,41.0734560000001],[-73.541887,41.073466],[-73.539462,41.074282],[-73.5374419999999,41.0747000000001],[-73.535422,41.075119],[-73.534614,41.0759160000001],[-73.533401,41.076718],[-73.531381,41.076742],[-73.5289569999999,41.0775590000001],[-73.527744,41.078361],[-73.526936,41.0791580000001],[-73.524916,41.0791830000001],[-73.5228959999999,41.079207],[-73.5208749999999,41.079231],[-73.518451,41.079261],[-73.516431,41.079679],[-73.5144099999999,41.0800970000001],[-73.51239,41.080515],[-73.511178,41.080923],[-73.51037,41.0809330000001],[-73.5079449999999,41.081356],[-73.5059249999999,41.08138],[-73.503905,41.081799],[-73.501884,41.08261],[-73.4998639999999,41.0830280000001],[-73.4998639999999,41.083422],[-73.49744,41.083451],[-73.495419,41.0834760000001],[-73.493399,41.0842880000001],[-73.4913789999999,41.0843120000001],[-73.489358,41.08473],[-73.486934,41.085153],[-73.4849139999999,41.085177],[-73.4828929999999,41.085202],[-73.480873,41.0856200000001],[-73.478853,41.085644],[-73.478448,41.0860430000001],[-73.4764279999999,41.0860670000001],[-73.474408,41.0860920000001],[-73.472387,41.08651],[-73.470367,41.086534],[-73.4683469999999,41.0865590000001],[-73.4602659999999,41.094924],[-73.4525879999999,41.100529],[-73.450568,41.102128],[-73.449356,41.1029300000001],[-73.448548,41.1033340000001],[-73.4465269999999,41.10454],[-73.4461229999999,41.105332],[-73.444103,41.106144],[-73.441459,41.107288],[-73.439432,41.1076820000001],[-73.437,41.1084690000001],[-73.43619,41.109651],[-73.434974,41.1100440000001],[-73.432947,41.1116190000001],[-73.432947,41.112013],[-73.430921,41.1131940000001],[-73.428894,41.1139820000001],[-73.427678,41.1143750000001],[-73.426867,41.1147690000001],[-73.424435,41.1159500000001],[-73.423625,41.116738],[-73.422409,41.117131],[-73.420382,41.118706],[-73.419977,41.1191000000001],[-73.418356,41.1198880000001],[-73.416329,41.1206750000001],[-73.415113,41.1214620000001],[-73.413897,41.121856],[-73.411871,41.1222500000001],[-73.409844,41.122644],[-73.407817,41.123431],[-73.407412,41.1238250000001],[-73.405791,41.124219],[-73.403359,41.125006],[-73.401332,41.1254000000001],[-73.399306,41.1257930000001],[-73.3989,41.1261870000001],[-73.397279,41.126581],[-73.395252,41.127368],[-73.39282,41.1277620000001],[-73.391604,41.1285490000001],[-73.388767,41.129731],[-73.386741,41.1301240000001],[-73.385525,41.1309120000001],[-73.384714,41.131306],[-73.382282,41.132093],[-73.380256,41.132487],[-73.37904,41.133274],[-73.378229,41.133274],[-73.376202,41.1336680000001],[-73.374176,41.1344550000001],[-73.371744,41.1352430000001],[-73.371338,41.135637],[-73.369717,41.136424],[-73.367691,41.1376050000001],[-73.36688,41.137999],[-73.365664,41.1383930000001],[-73.363637,41.1391800000001],[-73.361611,41.140361],[-73.361205,41.140361],[-73.359179,41.1415420000001],[-73.357152,41.1415420000001],[-73.355126,41.141936],[-73.35472,41.142724],[-73.353099,41.1439050000001],[-73.352288,41.145086],[-73.350667,41.145873],[-73.348641,41.1470550000001],[-73.34783,41.1474480000001],[-73.346614,41.147842],[-73.344993,41.149023],[-73.3429659999999,41.150992],[-73.3429659999999,41.1513860000001],[-73.3409389999999,41.1529600000001],[-73.3401289999999,41.1537480000001],[-73.3385079999999,41.154142],[-73.3364809999999,41.154929],[-73.3344539999999,41.155717],[-73.3332379999999,41.1561100000001],[-73.3324279999999,41.156504],[-73.3304009999999,41.157291],[-73.3279689999999,41.158079],[-73.3275639999999,41.1584730000001],[-73.3259429999999,41.158866],[-73.3239159999999,41.1600480000001],[-73.3222949999999,41.1608350000001],[-73.3218889999999,41.1608350000001],[-73.3198629999999,41.162016],[-73.3174309999999,41.162804],[-73.3174309999999,41.163197],[-73.3154039999999,41.1635910000001],[-73.3133779999999,41.165166],[-73.3125669999999,41.16556],[-73.3113509999999,41.166347],[-73.3093239999999,41.1675280000001],[-73.3093239999999,41.167922],[-73.3068929999999,41.1683160000001],[-73.3048659999999,41.1698910000001],[-73.3044609999999,41.170284],[-73.3028389999999,41.1714660000001],[-73.280769,41.176318],[-73.278352,41.1783080000001],[-73.278352,41.178702],[-73.276338,41.1802950000001],[-73.2759359999999,41.181086],[-73.274324,41.1826760000001],[-73.273519,41.1834710000001],[-73.2723099999999,41.184269],[-73.271102,41.1858550000001],[-73.2682819999999,41.1882430000001],[-73.2678789999999,41.188246],[-73.265865,41.190233],[-73.265865,41.190627],[-73.263851,41.191826],[-73.262643,41.193018],[-73.261837,41.193026],[-73.259823,41.194619],[-73.259017,41.195414],[-73.2574059999999,41.196216],[-73.255392,41.1970210000001],[-73.254183,41.19782],[-73.2533779999999,41.1978270000001],[-73.251364,41.197845],[-73.2493499999999,41.1990450000001],[-73.248544,41.200233],[-73.246933,41.201035],[-73.244919,41.202235],[-73.244516,41.2026320000001],[-73.242904,41.20304],[-73.24089,41.20424],[-73.240085,41.2050340000001],[-73.2388759999999,41.2054390000001],[-73.236459,41.2062480000001],[-73.235654,41.207437],[-73.2344449999999,41.2082350000001],[-73.232834,41.2098250000001],[-73.232431,41.2098280000001],[-73.230417,41.2118150000001],[-73.230417,41.212209],[-73.228403,41.213802],[-73.228,41.214593],[-73.225986,41.2157930000001],[-73.22518,41.216981],[-73.2239719999999,41.217779]]},"properties":{"FID":20904,"TYPEPIPE":"Interstate","Operator":"Tennessee Gas Pipeline","Status":"Operating","Shape_Leng":0.51476102262,"Shape__Length":61532.132035622446}},{"type":"Feature","id":20906,"geometry":{"type":"LineString","coordinates":[[-73.826919,40.9826390000001],[-73.814354,40.9814200000001],[-73.806247,40.9806080000001],[-73.804221,40.980602],[-73.802194,40.981383],[-73.799762,40.9813760000001],[-73.797736,40.981369],[-73.795709,40.981363],[-73.7936819999999,40.981751],[-73.791656,40.9821390000001],[-73.7892239999999,40.982131],[-73.7871969999999,40.982519],[-73.7871969999999,40.9829130000001],[-73.7851709999999,40.9836940000001],[-73.7831439999999,40.984475],[-73.7811169999999,40.984469],[-73.7794959999999,40.9852520000001],[-73.7786859999999,40.9852490000001],[-73.7766589999999,40.986031],[-73.7746319999999,40.986024],[-73.7726059999999,40.9868060000001],[-73.7705789999999,40.9875870000001],[-73.7681469999999,40.988367],[-73.7661209999999,40.9883610000001],[-73.7640939999999,40.988749],[-73.7620669999999,40.989924],[-73.7600409999999,40.990705],[-73.7576089999999,40.991091],[-73.7555819999999,40.991085],[-73.7535559999999,40.991473],[-73.7515289999999,40.9914670000001],[-73.7503129999999,40.9922510000001],[-73.7495019999999,40.9922480000001],[-73.7470709999999,40.993028],[-73.745044,40.9938100000001],[-73.743017,40.994197],[-73.743017,40.9945910000001],[-73.740991,40.9949790000001],[-73.738964,40.995366],[-73.736532,40.9953590000001],[-73.734506,40.99614],[-73.73329,40.996924],[-73.732479,40.996922],[-73.730452,40.9977030000001],[-73.728426,40.998091],[-73.725994,40.998477],[-73.724373,40.9992590000001],[-73.723967,40.999258],[-73.721941,41.0000400000001],[-73.719914,41.0012150000001],[-73.719509,41.001607],[-73.717887,41.00239],[-73.715456,41.0023820000001],[-73.713429,41.003164],[-73.711402,41.0035510000001],[-73.7104189999999,41.004311],[-73.708405,41.0047020000001],[-73.7063919999999,41.005092],[-73.703977,41.0058750000001],[-73.7031739999999,41.0066600000001],[-73.701967,41.007051],[-73.699955,41.0078340000001],[-73.697943,41.0086180000001],[-73.6979439999999,41.009011],[-73.695931,41.009401],[-73.693921,41.0105770000001],[-73.692312,41.0113610000001],[-73.6915079999999,41.0117530000001],[-73.689496,41.0125360000001],[-73.687484,41.0133190000001],[-73.686277,41.0137110000001],[-73.6854709999999,41.0137100000001],[-73.683459,41.0141],[-73.681045,41.015275],[-73.680242,41.01606],[-73.6790349999999,41.0164520000001],[-73.677022,41.0168420000001],[-73.6766019999999,41.017006]]},"properties":{"FID":20906,"TYPEPIPE":"Interstate","Operator":"Tennessee Gas Pipeline","Status":"Operating","Shape_Leng":0.158682088986,"Shape__Length":18258.864587499083}},{"type":"Feature","id":20907,"geometry":{"type":"LineString","coordinates":[[-73.896789,40.982083],[-73.8950129999999,40.982083],[-73.892986,40.982083],[-73.892581,40.982083],[-73.870584,40.9882170000001],[-73.862925,40.994068],[-73.8536329999999,40.9944580000001],[-73.848182,40.990958],[-73.843452,40.989107],[-73.838914,40.9861250000001],[-73.832681,40.983772],[-73.826919,40.9826390000001]]},"properties":{"FID":20907,"TYPEPIPE":"Interstate","Operator":"Tennessee Gas Pipeline","Status":"Operating","Shape_Leng":0.0755045649814,"Shape__Length":8826.028483630833}},{"type":"Feature","id":21005,"geometry":{"type":"LineString","coordinates":[[-76.297785,41.998292],[-76.288334,42.016394]]},"properties":{"FID":21005,"TYPEPIPE":"Interstate","Operator":"Tennessee Gas Pipeline","Status":"Operating","Shape_Leng":0.0204206710223,"Shape__Length":2908.831561747456}},{"type":"Feature","id":23471,"geometry":{"type":"LineString","coordinates":[[-77.866112,42.0337920000001],[-77.818966,42.0531750000001]]},"properties":{"FID":23471,"TYPEPIPE":"Interstate","Operator":"Penn York Energy Co","Status":"Operating","Shape_Leng":0.0509749546836,"Shape__Length":5998.837840059889}},{"type":"Feature","id":23475,"geometry":{"type":"LineString","coordinates":[[-77.9352959999999,41.99776],[-77.866112,42.0337920000001]]},"properties":{"FID":23475,"TYPEPIPE":"Interstate","Operator":"Penn York Energy Co","Status":"Operating","Shape_Leng":0.0780046849875,"Shape__Length":9405.32367484188}},{"type":"Feature","id":23483,"geometry":{"type":"LineString","coordinates":[[-77.818966,42.0531750000001],[-77.806336,42.058368]]},"properties":{"FID":23483,"TYPEPIPE":"Interstate","Operator":"Penn York Energy Co","Status":"Operating","Shape_Leng":0.0136559199251,"Shape__Length":1607.1427078445015}},{"type":"Feature","id":24035,"geometry":{"type":"LineString","coordinates":[[-74.980944,44.768311],[-74.981781,44.7524490000001],[-74.9818339999999,44.7449550000001],[-74.982908,44.7404690000001],[-74.982966,44.737056],[-74.981579,44.7346200000001],[-74.983314,44.7333370000001],[-74.980792,44.7260860000001],[-74.978824,44.7242670000001],[-74.978419,44.722922],[-74.978604,44.7203880000001],[-74.97916,44.7170830000001],[-74.97928,44.7140370000001],[-74.978672,44.7120160000001],[-74.978242,44.707931],[-74.9779389999999,44.7046730000001],[-74.9772159999999,44.7010000000001],[-74.976344,44.6975830000001],[-74.976123,44.6938060000001],[-74.975601,44.6909130000001]]},"properties":{"FID":24035,"TYPEPIPE":"Interstate","Operator":"St Lawrence Gas Co","Status":"Operating","Shape_Leng":0.0805509931185,"Shape__Length":12393.744023849506}},{"type":"Feature","id":24037,"geometry":{"type":"LineString","coordinates":[[-75.152393,44.752709],[-75.152433,44.7549810000001],[-75.1519739999999,44.757306],[-75.150839,44.7617990000001],[-75.150831,44.7676920000001],[-75.151832,44.7727590000001],[-75.1522199999999,44.7756570000001],[-75.155447,44.780063],[-75.1580949999999,44.784881],[-75.159409,44.7880930000001],[-75.160726,44.7911470000001],[-75.164684,44.794472],[-75.1693969999999,44.79997],[-75.174615,44.805373],[-75.17948,44.810457],[-75.1829059999999,44.8162620000001],[-75.190015,44.8301420000001],[-75.1927239999999,44.836254],[-75.19438,44.840963],[-75.19683,44.8451590000001],[-75.196728,44.8474850000001],[-75.2000209999999,44.8528230000001]]},"properties":{"FID":24037,"TYPEPIPE":"Interstate","Operator":"St Lawrence Gas Co","Status":"Operating","Shape_Leng":0.115443866232,"Shape__Length":16988.088638722038}},{"type":"Feature","id":24039,"geometry":{"type":"LineString","coordinates":[[-75.152393,44.752709],[-75.165335,44.75158],[-75.170474,44.751762],[-75.176325,44.752149],[-75.181877,44.7534640000001],[-75.1858,44.7540010000001],[-75.19152,44.7534580000001],[-75.196309,44.7531650000001],[-75.200473,44.7513750000001],[-75.204488,44.750206],[-75.21007,44.7492970000001],[-75.214797,44.7482350000001],[-75.222454,44.7468690000001],[-75.233261,44.7449490000001],[-75.239559,44.7437330000001]]},"properties":{"FID":24039,"TYPEPIPE":"Interstate","Operator":"St Lawrence Gas Co","Status":"Operating","Shape_Leng":0.0885889728644,"Shape__Length":10012.011156864326}},{"type":"Feature","id":24041,"geometry":{"type":"LineString","coordinates":[[-75.134114,44.737222],[-75.1376539999999,44.739356],[-75.1386429999999,44.7401380000001],[-75.146462,44.7477700000001],[-75.152393,44.752709]]},"properties":{"FID":24041,"TYPEPIPE":"Interstate","Operator":"St Lawrence Gas Co","Status":"Operating","Shape_Leng":0.0240387776835,"Shape__Length":3178.4072063565104}},{"type":"Feature","id":24043,"geometry":{"type":"LineString","coordinates":[[-75.134114,44.737222],[-75.1364579999999,44.7329970000001],[-75.143007,44.7240360000001],[-75.1451709999999,44.7173260000001],[-75.1485739999999,44.7086610000001],[-75.1505079999999,44.7029820000001],[-75.1517919999999,44.6977180000001],[-75.152033,44.695859],[-75.1506229999999,44.6946090000001],[-75.1487289999999,44.692173],[-75.147688,44.6901540000001],[-75.1475799999999,44.68762],[-75.149078,44.682356],[-75.1510019999999,44.6773030000001],[-75.151599,44.6754960000001],[-75.1514579999999,44.670171],[-75.150697,44.6580720000001],[-75.148995,44.652225],[-75.148269,44.6479840000001],[-75.147724,44.646172],[-75.153418,44.6311620000001],[-75.159375,44.617649],[-75.160651,44.612898],[-75.163599,44.610895],[-75.1665589999999,44.607965],[-75.168875,44.6053380000001],[-75.1703239999999,44.6035390000001],[-75.167611,44.598616],[-75.1701839999999,44.5979540000001],[-75.1670769999999,44.5907080000001],[-75.1761759999999,44.586665]]},"properties":{"FID":24043,"TYPEPIPE":"Interstate","Operator":"St Lawrence Gas Co","Status":"Operating","Shape_Leng":0.173278270707,"Shape__Length":25559.961051498263}},{"type":"Feature","id":24045,"geometry":{"type":"LineString","coordinates":[[-74.980944,44.768311],[-74.986586,44.768447],[-74.991945,44.768381],[-74.993708,44.7697860000001],[-74.997693,44.770739],[-75.0008349999999,44.770811],[-75.0057899999999,44.769187],[-75.009235,44.768222],[-75.013114,44.766958],[-75.016646,44.764908],[-75.018449,44.763937],[-75.0362689999999,44.7618220000001],[-75.041941,44.759938],[-75.04796,44.758631],[-75.057219,44.7557360000001],[-75.067619,44.752797],[-75.071768,44.7524070000001],[-75.078365,44.750632],[-75.0818829999999,44.7494100000001],[-75.089545,44.748006],[-75.093534,44.7486460000001],[-75.097817,44.748718],[-75.105987,44.7468470000001],[-75.1103679999999,44.7451140000001],[-75.109341,44.742059],[-75.119152,44.739987],[-75.1251139999999,44.737537],[-75.1293889999999,44.736988]]},"properties":{"FID":24045,"TYPEPIPE":"Interstate","Operator":"St Lawrence Gas Co","Status":"Operating","Shape_Leng":0.15802574264,"Shape__Length":18270.07654945924}},{"type":"Feature","id":24047,"geometry":{"type":"LineString","coordinates":[[-75.1293889999999,44.736988],[-75.130906,44.736794],[-75.134114,44.737222]]},"properties":{"FID":24047,"TYPEPIPE":"Interstate","Operator":"St Lawrence Gas Co","Status":"Operating","Shape_Leng":0.00476577962736,"Shape__Length":534.9435979468564}},{"type":"Feature","id":24049,"geometry":{"type":"LineString","coordinates":[[-75.1293889999999,44.736988],[-75.135662,44.728601],[-75.137934,44.724475],[-75.140663,44.7181330000001],[-75.1439149999999,44.710086],[-75.146146,44.703582],[-75.147635,44.699146],[-75.147907,44.694911],[-75.1475809999999,44.6926320000001],[-75.150122,44.689444],[-75.151513,44.686916],[-75.15218,44.685057],[-75.155133,44.683004],[-75.15651,44.6814630000001],[-75.157112,44.6791890000001],[-75.156076,44.6767540000001],[-75.154772,44.6729760000001],[-75.155277,44.667294],[-75.1548989999999,44.663573],[-75.1543579999999,44.661502],[-75.1540429999999,44.6584510000001],[-75.154097,44.6545770000001],[-75.153918,44.65189],[-75.153755,44.648269],[-75.1535719999999,44.6460460000001],[-75.1526949999999,44.642321],[-75.155748,44.632824],[-75.1598519999999,44.6245230000001],[-75.162449,44.6169380000001],[-75.1644239999999,44.613123],[-75.166013,44.611526],[-75.168685,44.6088030000001],[-75.1665589999999,44.607965]]},"properties":{"FID":24049,"TYPEPIPE":"Interstate","Operator":"St Lawrence Gas Co","Status":"Operating","Shape_Leng":0.143267499392,"Shape__Length":21403.09665688579}},{"type":"Feature","id":24825,"geometry":{"type":"LineString","coordinates":[[-75.239559,44.7437330000001],[-75.248005,44.74201],[-75.260521,44.740352],[-75.2723129999999,44.7394160000001],[-75.287121,44.7369340000001],[-75.296422,44.7351610000001],[-75.300013,44.7333100000001],[-75.304226,44.7332230000001],[-75.312375,44.7323710000001],[-75.320726,44.732448],[-75.3243629999999,44.732874],[-75.32764,44.7333990000001],[-75.332655,44.7317650000001],[-75.3373799999999,44.7305910000001],[-75.3426699999999,44.7297770000001],[-75.347469,44.728193],[-75.350336,44.727111],[-75.355698,44.726255],[-75.3616969999999,44.726011],[-75.365562,44.7249360000001],[-75.370718,44.723347],[-75.38345,44.720694],[-75.4067449999999,44.7177610000001],[-75.4227509999999,44.715834],[-75.432039,44.7145130000001],[-75.4323429999999,44.712342],[-75.4328659999999,44.709865],[-75.4384659999999,44.7059990000001],[-75.4449949999999,44.7019310000001],[-75.450014,44.6990480000001],[-75.4523769999999,44.697914],[-75.456022,44.6974040000001],[-75.457307,44.697256]]},"properties":{"FID":24825,"TYPEPIPE":"Interstate","Operator":"St Lawrence Gas Co","Status":"Operating","Shape_Leng":0.228382871889,"Shape__Length":26304.931135195075}},{"type":"Feature","id":24874,"geometry":{"type":"LineString","coordinates":[[-75.457307,44.697256],[-75.45966,44.697363],[-75.461245,44.695661]]},"properties":{"FID":24874,"TYPEPIPE":"Interstate","Operator":"St Lawrence Gas Co","Status":"Operating","Shape_Leng":0.0046811635231,"Shape__Length":582.116156879345}},{"type":"Feature","id":24922,"geometry":{"type":"LineString","coordinates":[[-75.457307,44.697256],[-75.454377,44.689395],[-75.449763,44.678582],[-75.446337,44.670669],[-75.4424749999999,44.663685],[-75.440082,44.660061],[-75.4335149999999,44.652862],[-75.428998,44.647839],[-75.42569,44.643178],[-75.423101,44.637902],[-75.421914,44.6351080000001],[-75.421725,44.632318],[-75.423238,44.6305110000001],[-75.425753,44.628296],[-75.427847,44.625146],[-75.4271639999999,44.6218900000001],[-75.4232739999999,44.6187810000001],[-75.412099,44.6099170000001],[-75.3981589999999,44.5999610000001],[-75.392988,44.597],[-75.384428,44.5909280000001],[-75.3739859999999,44.5881640000001],[-75.368937,44.587581],[-75.362473,44.586009],[-75.358283,44.584914],[-75.354867,44.5845430000001],[-75.3463429999999,44.582655],[-75.337149,44.576682],[-75.328291,44.572729],[-75.322199,44.569866],[-75.319789,44.5689830000001]]},"properties":{"FID":24922,"TYPEPIPE":"Interstate","Operator":"St Lawrence Gas Co","Status":"Operating","Shape_Leng":0.20965658503,"Shape__Length":27738.75000023138}},{"type":"Feature","id":24967,"geometry":{"type":"LineString","coordinates":[[-75.239559,44.7437330000001],[-75.242543,44.745036],[-75.244728,44.7500680000001]]},"properties":{"FID":24967,"TYPEPIPE":"Interstate","Operator":"St Lawrence Gas Co","Status":"Operating","Shape_Leng":0.00874199492232,"Shape__Length":1215.3053094129366}},{"type":"Feature","id":24969,"geometry":{"type":"LineString","coordinates":[[-75.5046099999999,44.3355770000001],[-75.503186,44.3364520000001],[-75.500976,44.33779],[-75.499128,44.3384100000001],[-75.4969169999999,44.339906],[-75.4940799999999,44.3401060000001],[-75.491112,44.3388100000001],[-75.488785,44.3371480000001],[-75.487095,44.3357520000001],[-75.4860429999999,44.3342530000001],[-75.484638,44.332593],[-75.483801,44.3308860000001],[-75.483171,44.329956],[-75.484171,44.3291300000001],[-75.4846689999999,44.3286680000001],[-75.483266,44.3269050000001],[-75.482354,44.325874],[-75.481228,44.324783],[-75.480452,44.3241130000001],[-75.4797409999999,44.3244700000001],[-75.4788849999999,44.325092],[-75.477817,44.3257080000001],[-75.4765389999999,44.326015],[-75.473987,44.3259100000001],[-75.4715859999999,44.324711],[-75.4698969999999,44.323161],[-75.468425,44.3212950000001],[-75.4667379999999,44.3195380000001],[-75.465544,44.3182410000001],[-75.464845,44.3170500000001],[-75.464143,44.3162740000001],[-75.462863,44.3166850000001],[-75.462222,44.317048],[-75.458987,44.314198],[-75.4566619999999,44.31233],[-75.454906,44.310573],[-75.452798,44.3083940000001],[-75.4508979999999,44.306789],[-75.44857,44.305645],[-75.445603,44.3045550000001],[-75.441364,44.303045],[-75.436627,44.3016910000001],[-75.4324599999999,44.3001320000001],[-75.427939,44.298572],[-75.423839,44.297373],[-75.420449,44.296227],[-75.416775,44.2951330000001],[-75.412743,44.2943480000001],[-75.4089999999999,44.292942],[-75.4053979999999,44.291641],[-75.403985,44.2913800000001],[-75.402434,44.290445],[-75.400477,44.2877020000001],[-75.3980129999999,44.286143],[-75.395056,44.28407],[-75.392461,44.2812210000001],[-75.390709,44.2793530000001],[-75.389516,44.278267],[-75.38825,44.277179],[-75.38663,44.276242],[-75.383593,44.275358],[-75.380622,44.274936],[-75.3772989999999,44.2743570000001],[-75.3719809999999,44.274861],[-75.3626149999999,44.2764340000001],[-75.357923,44.2780740000001],[-75.3545809999999,44.279408],[-75.3481169999999,44.281045],[-75.3360539999999,44.2830200000001],[-75.330934,44.284815],[-75.326514,44.287384],[-75.3219599999999,44.2891260000001],[-75.3179699999999,44.2912820000001],[-75.315691,44.292312],[-75.314508,44.293485]]},"properties":{"FID":24969,"TYPEPIPE":"Interstate","Operator":"St Lawrence Gas Co","Status":"Operating","Shape_Leng":0.222247289553,"Shape__Length":27223.727820901684}},{"type":"Feature","id":24971,"geometry":{"type":"LineString","coordinates":[[-74.7422769999999,45.014754],[-74.7424599999999,45.0025580000001],[-74.7419829999999,44.994495],[-74.7415809999999,44.9897350000001],[-74.74105,44.9876640000001],[-74.7410629999999,44.9870920000001],[-74.742224,44.986433],[-74.7438989999999,44.9852030000001],[-74.7454959999999,44.98429],[-74.7464409999999,44.9836260000001],[-74.747036,44.9825950000001],[-74.747421,44.981409],[-74.747948,44.980123],[-74.748478,44.9787820000001],[-74.74915,44.977496],[-74.750398,44.9761120000001],[-74.7520689999999,44.97504],[-74.754022,44.97423],[-74.756405,44.973421],[-74.758273,44.9731770000001],[-74.7596609999999,44.971952],[-74.7620479999999,44.970935],[-74.7639359999999,44.969813],[-74.765318,44.96874],[-74.766849,44.967565],[-74.7683059999999,44.966438],[-74.7687349999999,44.966443],[-74.771402,44.965743],[-74.774266,44.965918],[-74.7759,44.9666020000001],[-74.7784149999999,44.9663130000001],[-74.780294,44.965553],[-74.7814099999999,44.9635970000001],[-74.80018,44.9569240000001],[-74.807381,44.955222],[-74.8119859999999,44.9542250000001],[-74.820443,44.9542900000001],[-74.82311,44.9534830000001],[-74.82491,44.953081],[-74.827861,44.952433],[-74.8316629999999,44.952204],[-74.836153,44.9535300000001],[-74.84369,44.952909],[-74.8496069999999,44.950838],[-74.854231,44.948806],[-74.855157,44.949171],[-74.859498,44.94698],[-74.862475,44.944935],[-74.865082,44.943405],[-74.8671889999999,44.94192],[-74.868503,44.940585],[-74.86903,44.939244],[-74.8693519999999,44.9373360000001],[-74.8689439999999,44.9361440000001],[-74.868824,44.9349040000001],[-74.869362,44.9329430000001],[-74.8704769999999,44.93078],[-74.871723,44.929291],[-74.8734679999999,44.927961],[-74.8741229999999,44.9273450000001],[-74.8753609999999,44.9262670000001],[-74.875875,44.9255460000001],[-74.87682,44.924831],[-74.87863,44.923861],[-74.8806949999999,44.924445],[-74.8819159999999,44.9242970000001],[-74.882303,44.9227490000001],[-74.880416,44.9202040000001],[-74.878415,44.9161600000001],[-74.877308,44.91398],[-74.8766449999999,44.9111360000001],[-74.876425,44.907515],[-74.876514,44.9065850000001],[-74.886784,44.901077],[-74.890318,44.899708],[-74.891072,44.897593],[-74.8958509999999,44.8946800000001],[-74.896372,44.8936],[-74.904548,44.880941],[-74.91146,44.870702],[-74.916687,44.862469],[-74.91714,44.8611280000001],[-74.917519,44.8559670000001],[-74.917742,44.8514690000001],[-74.918017,44.8481130000001],[-74.917759,44.8465100000001],[-74.917653,44.8444400000001],[-74.9179789999999,44.8422200000001],[-74.918438,44.840518],[-74.9196209999999,44.838354],[-74.921349,44.837694],[-74.923727,44.836782],[-74.925539,44.8353960000001],[-74.927869,44.833036],[-74.935105,44.828173],[-74.941409,44.823515],[-74.9442309999999,44.8215670000001],[-74.949351,44.819017],[-74.954104,44.817138],[-74.956197,44.811826],[-74.959862,44.810662],[-74.964107,44.809084],[-74.966986,44.8079690000001],[-74.969888,44.80535],[-74.971872,44.8022090000001],[-74.9733469999999,44.799584],[-74.9746,44.7973160000001],[-74.975337,44.7959260000001],[-74.97522,44.7943720000001],[-74.975253,44.7924090000001],[-74.97711,44.788287],[-74.97925,44.784165],[-74.9805269999999,44.7805050000001],[-74.980949,44.7765810000001],[-74.98094,44.772858],[-74.980925,44.7694470000001],[-74.980944,44.768311]]},"properties":{"FID":24971,"TYPEPIPE":"Interstate","Operator":"St Lawrence Gas Co","Status":"Operating","Shape_Leng":0.402091746095,"Shape__Length":54105.30045441997}},{"type":"Feature","id":24972,"geometry":{"type":"LineString","coordinates":[[-75.382618,43.86803],[-75.3923119999999,43.869329],[-75.40982,43.881514],[-75.413539,43.8832990000001],[-75.4172579999999,43.8832990000001],[-75.424695,43.8824060000001],[-75.425934,43.8832990000001],[-75.432132,43.888656],[-75.432132,43.8904410000001],[-75.4420489999999,43.8904410000001],[-75.447007,43.892227],[-75.449486,43.8975830000001],[-75.449486,43.9002610000001],[-75.445767,43.902047],[-75.4395699999999,43.902047],[-75.4395689999999,43.907403],[-75.4408089999999,43.9136520000001],[-75.4432879999999,43.9163310000001],[-75.447007,43.918116],[-75.451965,43.919901],[-75.4569229999999,43.9216870000001],[-75.461881,43.9216870000001]]},"properties":{"FID":24972,"TYPEPIPE":"Interstate","Operator":"St Lawrence Gas Co","Status":"Operating","Shape_Leng":0.127039400776,"Shape__Length":15883.799082214642}},{"type":"Feature","id":24973,"geometry":{"type":"LineString","coordinates":[[-75.244728,44.7500680000001],[-75.256699,44.7477490000001],[-75.2626519999999,44.736271],[-75.282212,44.7163350000001],[-75.299221,44.721168],[-75.323883,44.732646],[-75.3374899999999,44.738687],[-75.357049,44.739291],[-75.377459,44.75077],[-75.3851129999999,44.746541],[-75.3893649999999,44.74352],[-75.424407,44.7270760000001],[-75.430035,44.7337390000001],[-75.43954,44.727813]]},"properties":{"FID":24973,"TYPEPIPE":"Interstate","Operator":"St Lawrence Gas Co","Status":"Operating","Shape_Leng":0.228401551837,"Shape__Length":28340.42467102821}},{"type":"Feature","id":24974,"geometry":{"type":"LineString","coordinates":[[-75.432039,44.7145130000001],[-75.431886,44.721168],[-75.435288,44.721168],[-75.436989,44.7235840000001],[-75.43869,44.726001],[-75.43954,44.727813],[-75.442942,44.7308340000001]]},"properties":{"FID":24974,"TYPEPIPE":"Interstate","Operator":"St Lawrence Gas Co","Status":"Operating","Shape_Leng":0.0225202362759,"Shape__Length":3173.532697125405}},{"type":"Feature","id":24975,"geometry":{"type":"LineString","coordinates":[[-74.8734679999999,44.927961],[-74.8812399999999,44.933206],[-74.886893,44.9370200000001]]},"properties":{"FID":24975,"TYPEPIPE":"Interstate","Operator":"St Lawrence Gas Co","Status":"Operating","Shape_Leng":0.016195558246,"Shape__Length":2064.596110906341}},{"type":"Feature","id":24976,"geometry":{"type":"LineString","coordinates":[[-74.8812399999999,44.933206],[-74.8888049999999,44.930257],[-74.899324,44.9363430000001],[-74.903149,44.934991],[-74.921317,44.946488],[-74.920361,44.947841],[-74.928011,44.951899],[-74.9289669999999,44.9559570000001]]},"properties":{"FID":24976,"TYPEPIPE":"Interstate","Operator":"St Lawrence Gas Co","Status":"Operating","Shape_Leng":0.0603147020987,"Shape__Length":7611.749534202755}},{"type":"Feature","id":28395,"geometry":{"type":"LineString","coordinates":[[-74.4478999999999,40.4521],[-74.4358999999999,40.4452000000001],[-74.4337,40.4378],[-74.4059,40.4333],[-74.4041999999999,40.4251],[-74.364652,40.4300660000001],[-74.3510659999999,40.4314180000001],[-74.347304,40.4363490000001],[-74.323476,40.4427910000001],[-74.317728,40.4445400000001],[-74.278223,40.445813],[-74.269549,40.454323],[-74.2716389999999,40.4618780000001],[-74.263654,40.4658910000001],[-74.2550219999999,40.4702290000001],[-74.1998399999999,40.482397],[-74.1537519999999,40.4924980000001],[-74.0452,40.49051],[-73.917315,40.523197],[-73.754399,40.5651100000001],[-73.688754,40.589951]]},"properties":{"FID":28395,"TYPEPIPE":"Interstate","Operator":"Transcontinental Gas PL","Status":"Operating","Shape_Leng":0.809282327599,"Shape__Length":92963.27688736339}},{"type":"Feature","id":28427,"geometry":{"type":"LineString","coordinates":[[-73.9838,40.8397],[-73.978503,40.843553],[-73.9738589999999,40.8445570000001],[-73.965898,40.840917],[-73.962249,40.8338870000001],[-73.957439,40.8240950000001]]},"properties":{"FID":28427,"TYPEPIPE":"Interstate","Operator":"Transcontinental Gas PL","Status":"Operating","Shape_Leng":0.038885294008,"Shape__Length":5039.330907732977}},{"type":"Feature","id":28446,"geometry":{"type":"LineString","coordinates":[[-74.0178,40.8254000000001],[-74.0171999999999,40.8240000000001],[-74.008088,40.8266080000001],[-73.9989209999999,40.7926340000001],[-73.9974099999999,40.790955],[-73.9874589999999,40.7863100000001],[-73.981589,40.7836740000001]]},"properties":{"FID":28446,"TYPEPIPE":"Interstate","Operator":"Transcontinental Gas PL","Status":"Operating","Shape_Leng":0.0658652770734,"Shape__Length":8760.685592139376}},{"type":"Feature","id":30174,"geometry":{"type":"LineString","coordinates":[[-73.975744,41.27392],[-73.5497599999999,41.386112]]},"properties":{"FID":30174,"TYPEPIPE":"Interstate","Operator":"Algonquin Gas Trans Co","Status":"Operating","Shape_Leng":0.440510400694,"Shape__Length":50252.4171574257}},{"type":"Feature","id":30175,"geometry":{"type":"LineString","coordinates":[[-73.5497599999999,41.386112],[-73.543262,41.3864560000001]]},"properties":{"FID":30175,"TYPEPIPE":"Interstate","Operator":"Algonquin Gas Trans Co","Status":"Operating","Shape_Leng":0.00650709920007,"Shape__Length":725.1525262129722}},{"type":"Feature","id":30176,"geometry":{"type":"LineString","coordinates":[[-73.993152,41.2574720000001],[-73.975744,41.27392]]},"properties":{"FID":30176,"TYPEPIPE":"Interstate","Operator":"Algonquin Gas Trans Co","Status":"Operating","Shape_Leng":0.0239494293877,"Shape__Length":3112.7121601694857}},{"type":"Feature","id":30177,"geometry":{"type":"LineString","coordinates":[[-74.143174,41.1042800000001],[-74.1285119999999,41.147904]]},"properties":{"FID":30177,"TYPEPIPE":"Interstate","Operator":"Algonquin Gas Trans Co","Status":"Operating","Shape_Leng":0.0460220340706,"Shape__Length":6650.2796615801435}},{"type":"Feature","id":30178,"geometry":{"type":"LineString","coordinates":[[-74.1285119999999,41.147904],[-73.993152,41.2574720000001]]},"properties":{"FID":30178,"TYPEPIPE":"Interstate","Operator":"Algonquin Gas Trans Co","Status":"Operating","Shape_Leng":0.174147857363,"Shape__Length":22132.652870260026}},{"type":"Feature","id":30179,"geometry":{"type":"LineString","coordinates":[[-74.1573759999999,41.09024],[-74.143174,41.1042800000001]]},"properties":{"FID":30179,"TYPEPIPE":"Interstate","Operator":"Algonquin Gas Trans Co","Status":"Operating","Shape_Leng":0.0199704382526,"Shape__Length":2607.8235079574342}},{"type":"Feature","id":30328,"geometry":{"type":"LineString","coordinates":[[-75.052246,41.7704590000001],[-74.652416,41.498496]]},"properties":{"FID":30328,"TYPEPIPE":"Interstate","Operator":"Millennium Pipeline Co","Status":"Operating","Shape_Leng":0.483557548043,"Shape__Length":60181.85249258332}},{"type":"Feature","id":30329,"geometry":{"type":"LineString","coordinates":[[-75.1092,41.8684000000001],[-75.052246,41.7704590000001]]},"properties":{"FID":30329,"TYPEPIPE":"Interstate","Operator":"Millennium Pipeline Co","Status":"Operating","Shape_Leng":0.113296944341,"Shape__Length":15944.384791962237}},{"type":"Feature","id":30330,"geometry":{"type":"LineString","coordinates":[[-75.334871,42.0004060000001],[-75.1092,41.8684000000001]]},"properties":{"FID":30330,"TYPEPIPE":"Interstate","Operator":"Millennium Pipeline Co","Status":"Operating","Shape_Leng":0.261444036606,"Shape__Length":31957.71223521433}},{"type":"Feature","id":30331,"geometry":{"type":"LineString","coordinates":[[-75.4261759999999,42.0919040000001],[-75.334871,42.0004060000001]]},"properties":{"FID":30331,"TYPEPIPE":"Interstate","Operator":"Millennium Pipeline Co","Status":"Operating","Shape_Leng":0.129261312963,"Shape__Length":17071.42959535667}},{"type":"Feature","id":30332,"geometry":{"type":"LineString","coordinates":[[-75.90995,42.2102790000001],[-75.831308,42.2048040000001],[-75.7821539999999,42.1774290000001],[-75.4261759999999,42.0919040000001]]},"properties":{"FID":30332,"TYPEPIPE":"Interstate","Operator":"Millennium Pipeline Co","Status":"Operating","Shape_Leng":0.501202904374,"Shape__Length":57293.32666348836}},{"type":"Feature","id":30333,"geometry":{"type":"LineString","coordinates":[[-76.096729,42.197504],[-75.90995,42.2102790000001]]},"properties":{"FID":30333,"TYPEPIPE":"Interstate","Operator":"Millennium Pipeline Co","Status":"Operating","Shape_Leng":0.187215371874,"Shape__Length":20880.58515346974}},{"type":"Feature","id":30334,"geometry":{"type":"LineString","coordinates":[[-76.489946,42.199329],[-76.096729,42.197504]]},"properties":{"FID":30334,"TYPEPIPE":"Interstate","Operator":"Millennium Pipeline Co","Status":"Operating","Shape_Leng":0.393221235075,"Shape__Length":43773.57522735926}},{"type":"Feature","id":30335,"geometry":{"type":"LineString","coordinates":[[-76.539098,42.197504],[-76.489946,42.199329]]},"properties":{"FID":30335,"TYPEPIPE":"Interstate","Operator":"Millennium Pipeline Co","Status":"Operating","Shape_Leng":0.0491858692004,"Shape__Length":5478.443514892534}},{"type":"Feature","id":30336,"geometry":{"type":"LineString","coordinates":[[-77.42464,42.1578240000001],[-77.242158,42.191919],[-77.016428,42.214884],[-76.984704,42.2181120000001],[-76.918798,42.2127550000001],[-76.9163399999999,42.226319],[-76.8843909999999,42.224499],[-76.857357,42.2058470000001],[-76.799604,42.202207]]},"properties":{"FID":30336,"TYPEPIPE":"Interstate","Operator":"Millennium Pipeline Co","Status":"Operating","Shape_Leng":0.647043580025,"Shape__Length":73448.19485902601}},{"type":"Feature","id":30337,"geometry":{"type":"LineString","coordinates":[[-77.564918,42.1484750000001],[-77.42464,42.1578240000001]]},"properties":{"FID":30337,"TYPEPIPE":"Interstate","Operator":"Millennium Pipeline Co","Status":"Operating","Shape_Leng":0.140589192632,"Shape__Length":15678.648814634193}},{"type":"Feature","id":30338,"geometry":{"type":"LineString","coordinates":[[-74.1208139999999,41.1189400000001],[-74.0593739999999,41.109815],[-73.990562,41.10069],[-73.919292,41.10799]]},"properties":{"FID":30338,"TYPEPIPE":"Interstate","Operator":"Millennium Pipeline Co","Status":"Operating","Shape_Leng":0.203171191743,"Shape__Length":22755.6370801914}},{"type":"Feature","id":30339,"geometry":{"type":"LineString","coordinates":[[-74.1355599999999,41.195589],[-74.1208139999999,41.1189400000001]]},"properties":{"FID":30339,"TYPEPIPE":"Interstate","Operator":"Millennium Pipeline Co","Status":"Operating","Shape_Leng":0.0780545560297,"Shape__Length":11451.061896209636}},{"type":"Feature","id":30340,"geometry":{"type":"LineString","coordinates":[[-74.283016,41.3014380000001],[-74.1797979999999,41.248513],[-74.1355599999999,41.195589]]},"properties":{"FID":30340,"TYPEPIPE":"Interstate","Operator":"Millennium Pipeline Co","Status":"Operating","Shape_Leng":0.184973635687,"Shape__Length":23161.797136550318}},{"type":"Feature","id":30341,"geometry":{"type":"LineString","coordinates":[[-74.496,41.3717760000001],[-74.3567439999999,41.294138],[-74.283016,41.3014380000001]]},"properties":{"FID":30341,"TYPEPIPE":"Interstate","Operator":"Millennium Pipeline Co","Status":"Operating","Shape_Leng":0.233524685386,"Shape__Length":27586.03877192439}},{"type":"Feature","id":30342,"geometry":{"type":"LineString","coordinates":[[-74.652416,41.498496],[-74.496,41.3717760000001]]},"properties":{"FID":30342,"TYPEPIPE":"Interstate","Operator":"Millennium Pipeline Co","Status":"Operating","Shape_Leng":0.201305547504,"Shape__Length":25636.35369187109}},{"type":"Feature","id":30343,"geometry":{"type":"LineString","coordinates":[[-76.799604,42.202207],[-76.539098,42.197504]]},"properties":{"FID":30343,"TYPEPIPE":"Interstate","Operator":"Millennium Pipeline Co","Status":"Operating","Shape_Leng":0.26054844894,"Shape__Length":29008.005199257324}},{"type":"Feature","id":30344,"geometry":{"type":"LineString","coordinates":[[-74.6176,41.4677760000001],[-74.7398719999999,41.4076000000001]]},"properties":{"FID":30344,"TYPEPIPE":"Interstate","Operator":"Millennium Pipeline Co","Status":"Operating","Shape_Leng":0.136277631914,"Shape__Length":16282.207064562652}},{"type":"Feature","id":30346,"geometry":{"type":"LineString","coordinates":[[-79.024401,43.0003760000001],[-79.0170889999999,43.0003760000001],[-79.015261,43.001377],[-78.9499089999999,43.001377],[-78.943282,43.010052],[-78.938712,43.0105520000001],[-78.936427,43.012721],[-78.9268289999999,43.013221],[-78.923173,43.016391],[-78.9238589999999,43.0232310000001],[-78.9268289999999,43.028736],[-78.926601,43.0329070000001],[-78.924316,43.0362430000001],[-78.92454,43.042786],[-78.924544,43.048755],[-78.927286,43.050757],[-78.920203,43.0677730000001],[-78.921802,43.111815],[-78.8258299999999,43.1119820000001],[-78.8256009999999,43.1119820000001]]},"properties":{"FID":30346,"TYPEPIPE":"Intrastate","Operator":"Empire Pipeline","Status":"Operating","Shape_Leng":0.303827018068,"Shape__Length":38110.91179135392}},{"type":"Feature","id":30347,"geometry":{"type":"LineString","coordinates":[[-78.8258289999999,43.112033],[-78.824687,43.1135360000001],[-78.677986,43.113703],[-78.677757,43.1123670000001],[-78.654907,43.1118660000001],[-78.653993,43.108861],[-78.651936,43.108861],[-78.650108,43.112033],[-78.6085199999999,43.1083600000001]]},"properties":{"FID":30347,"TYPEPIPE":"Intrastate","Operator":"Empire Pipeline","Status":"Operating","Shape_Leng":0.223408550505,"Shape__Length":25229.318086066407}},{"type":"Feature","id":30348,"geometry":{"type":"LineString","coordinates":[[-78.6087479999999,43.1083530000001],[-78.5964089999999,43.106685],[-78.594352,43.105016],[-78.584527,43.104682],[-78.583384,43.1053500000001],[-78.546138,43.1035150000001],[-78.5392829999999,43.0978420000001],[-78.531285,43.098009],[-78.5260289999999,43.0990100000001],[-78.386184,43.0970080000001]]},"properties":{"FID":30348,"TYPEPIPE":"Intrastate","Operator":"Empire Pipeline","Status":"Operating","Shape_Leng":0.225653411229,"Shape__Length":25372.02172483904}},{"type":"Feature","id":30349,"geometry":{"type":"LineString","coordinates":[[-78.3866409999999,43.0970080000001],[-78.3068919999999,43.0975080000001],[-78.305064,43.0970080000001],[-78.291125,43.096841],[-78.280842,43.098509],[-78.1709309999999,43.100845]]},"properties":{"FID":30349,"TYPEPIPE":"Intrastate","Operator":"Empire Pipeline","Status":"Operating","Shape_Leng":0.215938940935,"Shape__Length":24060.15868622697}},{"type":"Feature","id":30350,"geometry":{"type":"LineString","coordinates":[[-78.171388,43.100845],[-78.157449,43.100845],[-78.073359,43.071146],[-78.002751,43.067976],[-78.002065,43.0674760000001],[-78.000237,43.0673090000001],[-77.9995509999999,43.0683100000001],[-77.9643619999999,43.067976],[-77.963447,43.066808],[-77.95842,43.066808],[-77.957506,43.0681430000001],[-77.9536219999999,43.0678090000001]]},"properties":{"FID":30350,"TYPEPIPE":"Intrastate","Operator":"Empire Pipeline","Status":"Operating","Shape_Leng":0.224914159605,"Shape__Length":25653.077585109226}},{"type":"Feature","id":30351,"geometry":{"type":"LineString","coordinates":[[-77.9538489999999,43.0678050000001],[-77.796409,43.0609620000001],[-77.740425,43.052784],[-77.736083,43.052784]]},"properties":{"FID":30351,"TYPEPIPE":"Intrastate","Operator":"Empire Pipeline","Status":"Operating","Shape_Leng":0.218508800312,"Shape__Length":24395.91150388994}},{"type":"Feature","id":30352,"geometry":{"type":"LineString","coordinates":[[-77.735626,43.052784],[-77.641939,43.050281],[-77.6414819999999,43.0496130000001],[-77.565846,43.0484450000001],[-77.5174029999999,43.0339250000001]]},"properties":{"FID":30352,"TYPEPIPE":"Intrastate","Operator":"Empire Pipeline","Status":"Operating","Shape_Leng":0.220747085043,"Shape__Length":24800.093242366027}},{"type":"Feature","id":30353,"geometry":{"type":"LineString","coordinates":[[-77.5174019999999,43.03393],[-77.481527,43.016223],[-77.471929,43.015221],[-77.4481649999999,43.0132170000001],[-77.441995,43.019731],[-77.439939,43.018562],[-77.407491,43.018562],[-77.407491,43.0299210000001],[-77.412975,43.0345980000001],[-77.380756,43.0538090000001],[-77.368188,43.053976],[-77.3677309999999,43.057985],[-77.362247,43.0578180000001],[-77.362475,43.069845],[-77.3341399999999,43.081037],[-77.310604,43.08371]]},"properties":{"FID":30353,"TYPEPIPE":"Intrastate","Operator":"Empire Pipeline","Status":"Operating","Shape_Leng":0.26164134217,"Shape__Length":31659.04902989025}},{"type":"Feature","id":30354,"geometry":{"type":"LineString","coordinates":[[-77.3110609999999,43.08371],[-77.238168,43.096238],[-77.211204,43.108933],[-77.1767,43.112107],[-77.140824,43.125137],[-77.13694,43.124468],[-77.129627,43.1271410000001]]},"properties":{"FID":30354,"TYPEPIPE":"Intrastate","Operator":"Empire Pipeline","Status":"Operating","Shape_Leng":0.188310791287,"Shape__Length":21594.46121147945}},{"type":"Feature","id":30355,"geometry":{"type":"LineString","coordinates":[[-77.130084,43.1269740000001],[-77.1287129999999,43.127475],[-77.086897,43.129146],[-76.910033,43.1354930000001]]},"properties":{"FID":30355,"TYPEPIPE":"Intrastate","Operator":"Empire Pipeline","Status":"Operating","Shape_Leng":0.220286894423,"Shape__Length":24544.789652832133}},{"type":"Feature","id":30356,"geometry":{"type":"LineString","coordinates":[[-76.910032,43.1354640000001],[-76.900207,43.1359650000001],[-76.883069,43.1342970000001],[-76.701406,43.1366320000001]]},"properties":{"FID":30356,"TYPEPIPE":"Intrastate","Operator":"Empire Pipeline","Status":"Operating","Shape_Leng":0.208734750979,"Shape__Length":23246.8371337293}},{"type":"Feature","id":30357,"geometry":{"type":"LineString","coordinates":[[-76.701406,43.1366320000001],[-76.6714719999999,43.1322950000001],[-76.669416,43.131127],[-76.650678,43.1317950000001],[-76.6499929999999,43.1383000000001],[-76.596522,43.148308],[-76.5949229999999,43.1468070000001],[-76.4877529999999,43.162653]]},"properties":{"FID":30357,"TYPEPIPE":"Intrastate","Operator":"Empire Pipeline","Status":"Operating","Shape_Leng":0.222829824916,"Shape__Length":25378.777818896804}},{"type":"Feature","id":30358,"geometry":{"type":"LineString","coordinates":[[-76.4877529999999,43.1628240000001],[-76.4847829999999,43.162991],[-76.481127,43.1606580000001],[-76.4735859999999,43.163324],[-76.383326,43.171324],[-76.3373959999999,43.19349],[-76.30769,43.1921570000001],[-76.3042619999999,43.1996570000001]]},"properties":{"FID":30358,"TYPEPIPE":"Intrastate","Operator":"Empire Pipeline","Status":"Operating","Shape_Leng":0.194905039967,"Shape__Length":22578.38377684321}},{"type":"Feature","id":30359,"geometry":{"type":"LineString","coordinates":[[-76.3042619999999,43.1996570000001],[-76.30152,43.1996570000001],[-76.301977,43.207323],[-76.287581,43.2074900000001],[-76.280954,43.208823],[-76.280954,43.213823],[-76.277527,43.2158230000001]]},"properties":{"FID":30359,"TYPEPIPE":"Intrastate","Operator":"Empire Pipeline","Status":"Operating","Shape_Leng":0.0405462257725,"Shape__Length":5097.536555267085}},{"type":"Feature","id":30360,"geometry":{"type":"LineString","coordinates":[[-77.523177,43.034924],[-77.493501,43.0183260000001],[-77.455552,42.997101],[-77.404525,42.9685620000001],[-77.37576,42.964232],[-77.351921,42.955027],[-77.3054979999999,42.947663],[-77.164974,42.957788],[-77.044523,42.9624430000001],[-76.989408,42.5258880000001],[-76.984704,42.2181120000001]]},"properties":{"FID":30360,"TYPEPIPE":"Intrastate","Operator":"Empire Pipeline","Status":"Operating","Shape_Leng":1.24685779058,"Shape__Length":170167.44510982727}},{"type":"Feature","id":30649,"geometry":{"type":"LineString","coordinates":[[-77.063747,42.0157410000001],[-76.995311,42.137271],[-77.036371,42.1980350000001],[-76.961092,42.292225]]},"properties":{"FID":30649,"TYPEPIPE":"Interstate","Operator":"Empire Pipeline","Status":"Operating","Shape_Leng":0.333386699265,"Shape__Length":46418.728152915355}},{"type":"Feature","id":30663,"geometry":{"type":"LineString","coordinates":[[-73.9216479999999,40.805823],[-73.788113975,40.8060134680001],[-73.7370445989999,40.896592658],[-73.495785821,40.967105259],[-73.377797952,40.97242391],[-73.339436,40.921364]]},"properties":{"FID":30663,"TYPEPIPE":"Interstate","Operator":"Iroquois Gas Trans Co","Status":"Operating","Shape_Leng":0.670842954716,"Shape__Length":79963.72353824171}}]}