{
"type": "FeatureCollection",
"name": "Gas_Pipelines_Virginia",
"crs": { "type": "name", "properties": { "name": "urn:ogc:def:crs:OGC:1.3:CRS84" } },
"features": [
{ "type": "Feature", "properties": { "FID": 5, "TYPEPIPE": "Interstate", "Operator": "Dominion Transmission Co", "Status": "Operating", "Shape_Leng": 0.15464370735300001, "Shape__Length": 19954.191244259117 }, "geometry": { "type": "LineString", "coordinates": [ [ -81.369728, 38.254848 ], [ -81.472896, 38.139648000000101 ] ] } },
{ "type": "Feature", "properties": { "FID": 7, "TYPEPIPE": "Interstate", "Operator": "Dominion Transmission Co", "Status": "Operating", "Shape_Leng": 0.14300896286600001, "Shape__Length": 20030.986635924128 }, "geometry": { "type": "LineString", "coordinates": [ [ -81.332834, 38.393016 ], [ -81.369728, 38.254848 ] ] } },
{ "type": "Feature", "properties": { "FID": 8, "TYPEPIPE": "Interstate", "Operator": "Dominion Transmission Co", "Status": "Operating", "Shape_Leng": 0.32941901050200001, "Shape__Length": 38015.5366403558 }, "geometry": { "type": "LineString", "coordinates": [ [ -81.58144, 38.563456 ], [ -81.272064, 38.450304000000102 ] ] } },
{ "type": "Feature", "properties": { "FID": 9, "TYPEPIPE": "Interstate", "Operator": "Dominion Transmission Co", "Status": "Operating", "Shape_Leng": 0.102660229342, "Shape__Length": 14430.784119346563 }, "geometry": { "type": "LineString", "coordinates": [ [ -81.472896, 38.139648000000101 ], [ -81.476706, 38.118772 ], [ -81.482394999999897, 38.087603000000101 ], [ -81.491327999999896, 38.038656000000103 ] ] } },
{ "type": "Feature", "properties": { "FID": 10, "TYPEPIPE": "Interstate", "Operator": "Dominion Transmission Co", "Status": "Operating", "Shape_Leng": 0.18129445732300001, "Shape__Length": 20410.054691972848 }, "geometry": { "type": "LineString", "coordinates": [ [ -81.472896, 38.139648000000101 ], [ -81.650816, 38.1744640000001 ] ] } },
{ "type": "Feature", "properties": { "FID": 13, "TYPEPIPE": "Interstate", "Operator": "Dominion Transmission Co", "Status": "Operating", "Shape_Leng": 0.064643168239199994, "Shape__Length": 7972.7487153252632 }, "geometry": { "type": "LineString", "coordinates": [ [ -81.472896, 38.139648000000101 ], [ -81.524224, 38.100352 ] ] } },
{ "type": "Feature", "properties": { "FID": 17, "TYPEPIPE": "Interstate", "Operator": "Dominion Transmission Co", "Status": "Operating", "Shape_Leng": 0.046785181927599999, "Shape__Length": 6573.8263749913576 }, "geometry": { "type": "LineString", "coordinates": [ [ -81.192448, 38.516224000000101 ], [ -81.204095999999893, 38.470912 ] ] } },
{ "type": "Feature", "properties": { "FID": 22, "TYPEPIPE": "Interstate", "Operator": "Dominion Transmission Co", "Status": "Operating", "Shape_Leng": 0.071023507995600005, "Shape__Length": 8113.5722067676934 }, "geometry": { "type": "LineString", "coordinates": [ [ -81.272064, 38.450304000000102 ], [ -81.204095999999893, 38.470912 ] ] } },
{ "type": "Feature", "properties": { "FID": 25, "TYPEPIPE": "Interstate", "Operator": "Dominion Transmission Co", "Status": "Operating", "Shape_Leng": 0.084943022032400006, "Shape__Length": 10492.421716047375 }, "geometry": { "type": "LineString", "coordinates": [ [ -81.204095999999893, 38.470912 ], [ -81.27168, 38.419456 ] ] } },
{ "type": "Feature", "properties": { "FID": 27, "TYPEPIPE": "Interstate", "Operator": "Dominion Transmission Co", "Status": "Operating", "Shape_Leng": 0.073962405152899993, "Shape__Length": 9507.488471712084 }, "geometry": { "type": "LineString", "coordinates": [ [ -81.066496, 38.691072 ], [ -81.117696, 38.637696 ] ] } },
{ "type": "Feature", "properties": { "FID": 29, "TYPEPIPE": "Interstate", "Operator": "Dominion Transmission Co", "Status": "Operating", "Shape_Leng": 0.101890331633, "Shape__Length": 14193.285767500729 }, "geometry": { "type": "LineString", "coordinates": [ [ -81.583616, 37.884288 ], [ -81.565945999999897, 37.815481 ], [ -81.558272, 37.7856 ] ] } },
{ "type": "Feature", "properties": { "FID": 31, "TYPEPIPE": "Interstate", "Operator": "Dominion Transmission Co", "Status": "Operating", "Shape_Leng": 0.17985147863699999, "Shape__Length": 24095.468088846304 }, "geometry": { "type": "LineString", "coordinates": [ [ -81.491327999999896, 38.038656000000103 ], [ -81.583616, 37.884288 ] ] } },
{ "type": "Feature", "properties": { "FID": 33, "TYPEPIPE": "Interstate", "Operator": "Dominion Transmission Co", "Status": "Operating", "Shape_Leng": 0.154023150468, "Shape__Length": 17745.202992863786 }, "geometry": { "type": "LineString", "coordinates": [ [ -81.537536, 37.478912 ], [ -81.68192, 37.42528 ] ] } },
{ "type": "Feature", "properties": { "FID": 35, "TYPEPIPE": "Interstate", "Operator": "Dominion Transmission Co", "Status": "Operating", "Shape_Leng": 0.12011141494499999, "Shape__Length": 15300.049060850792 }, "geometry": { "type": "LineString", "coordinates": [ [ -80.546912, 39.24048 ], [ -80.459072, 39.158560000000101 ] ] } },
{ "type": "Feature", "properties": { "FID": 37, "TYPEPIPE": "Interstate", "Operator": "Dominion Transmission Co", "Status": "Operating", "Shape_Leng": 0.12768048521299999, "Shape__Length": 18366.526202259134 }, "geometry": { "type": "LineString", "coordinates": [ [ -80.549792, 39.368128 ], [ -80.548354, 39.304382 ], [ -80.546912, 39.24048 ] ] } },
{ "type": "Feature", "properties": { "FID": 38, "TYPEPIPE": "Interstate", "Operator": "Dominion Transmission Co", "Status": "Operating", "Shape_Leng": 0.10329531102599999, "Shape__Length": 13068.149496386226 }, "geometry": { "type": "LineString", "coordinates": [ [ -80.459072, 39.158560000000101 ], [ -80.381823999999895, 39.089984000000101 ] ] } },
{ "type": "Feature", "properties": { "FID": 39, "TYPEPIPE": "Interstate", "Operator": "Dominion Transmission Co", "Status": "Operating", "Shape_Leng": 0.11027844225, "Shape__Length": 15644.006558499874 }, "geometry": { "type": "LineString", "coordinates": [ [ -80.601855999999898, 39.543296 ], [ -80.570437, 39.437588 ] ] } },
{ "type": "Feature", "properties": { "FID": 40, "TYPEPIPE": "Interstate", "Operator": "Dominion Transmission Co", "Status": "Operating", "Shape_Leng": 0.071334016794300001, "Shape__Length": 9341.5822700551689 }, "geometry": { "type": "LineString", "coordinates": [ [ -80.574496, 39.16952 ], [ -80.620752, 39.115216 ] ] } },
{ "type": "Feature", "properties": { "FID": 41, "TYPEPIPE": "Interstate", "Operator": "Dominion Transmission Co", "Status": "Operating", "Shape_Leng": 0.072463146667800002, "Shape__Length": 10267.287642731493 }, "geometry": { "type": "LineString", "coordinates": [ [ -80.570437, 39.437588 ], [ -80.549792, 39.368128 ] ] } },
{ "type": "Feature", "properties": { "FID": 42, "TYPEPIPE": "Interstate", "Operator": "Dominion Transmission Co", "Status": "Operating", "Shape_Leng": 0.156289897613, "Shape__Length": 17414.722976777542 }, "geometry": { "type": "LineString", "coordinates": [ [ -80.620752, 39.115216 ], [ -80.776815999999897, 39.123616 ] ] } },
{ "type": "Feature", "properties": { "FID": 43, "TYPEPIPE": "Interstate", "Operator": "Dominion Transmission Co", "Status": "Operating", "Shape_Leng": 0.038522737182100003, "Shape__Length": 4602.8555681230637 }, "geometry": { "type": "LineString", "coordinates": [ [ -81.540736, 39.0924160000001 ], [ -81.506944, 39.07392 ] ] } },
{ "type": "Feature", "properties": { "FID": 47, "TYPEPIPE": "Interstate", "Operator": "Dominion Transmission Co", "Status": "Operating", "Shape_Leng": 0.076260538681499998, "Shape__Length": 8489.6193893143991 }, "geometry": { "type": "LineString", "coordinates": [ [ -80.459072, 39.158560000000101 ], [ -80.382816, 39.157728 ] ] } },
{ "type": "Feature", "properties": { "FID": 48, "TYPEPIPE": "Interstate", "Operator": "Dominion Transmission Co", "Status": "Operating", "Shape_Leng": 0.063904312467900001, "Shape__Length": 8621.0923473063503 }, "geometry": { "type": "LineString", "coordinates": [ [ -81.297663999999898, 39.298304 ], [ -81.332607999999894, 39.2448 ] ] } },
{ "type": "Feature", "properties": { "FID": 49, "TYPEPIPE": "Interstate", "Operator": "Dominion Transmission Co", "Status": "Operating", "Shape_Leng": 0.074228192164499995, "Shape__Length": 8729.4633821844654 }, "geometry": { "type": "LineString", "coordinates": [ [ -81.332607999999894, 39.2448 ], [ -81.400064, 39.213824 ] ] } },
{ "type": "Feature", "properties": { "FID": 50, "TYPEPIPE": "Interstate", "Operator": "Dominion Transmission Co", "Status": "Operating", "Shape_Leng": 0.077468275655299998, "Shape__Length": 8785.7777846862737 }, "geometry": { "type": "LineString", "coordinates": [ [ -81.483444, 39.315933 ], [ -81.558691, 39.334351 ] ] } },
{ "type": "Feature", "properties": { "FID": 51, "TYPEPIPE": "Interstate", "Operator": "Dominion Transmission Co", "Status": "Operating", "Shape_Leng": 0.18581849759399999, "Shape__Length": 23430.143103541755 }, "geometry": { "type": "LineString", "coordinates": [ [ -81.400064, 39.213824 ], [ -81.540736, 39.0924160000001 ] ] } },
{ "type": "Feature", "properties": { "FID": 52, "TYPEPIPE": "Interstate", "Operator": "Dominion Transmission Co", "Status": "Operating", "Shape_Leng": 0.18641261806500001, "Shape__Length": 20821.801230488192 }, "geometry": { "type": "LineString", "coordinates": [ [ -81.297663999999898, 39.298304 ], [ -81.410415999999898, 39.312211 ], [ -81.483127, 39.315933 ] ] } },
{ "type": "Feature", "properties": { "FID": 53, "TYPEPIPE": "Interstate", "Operator": "Dominion Transmission Co", "Status": "Operating", "Shape_Leng": 0.086336640472100004, "Shape__Length": 11709.875024946357 }, "geometry": { "type": "LineString", "coordinates": [ [ -81.506944, 39.07392 ], [ -81.551232, 38.999808 ] ] } },
{ "type": "Feature", "properties": { "FID": 56, "TYPEPIPE": "Interstate", "Operator": "Dominion Transmission Co", "Status": "Operating", "Shape_Leng": 0.034043668897499997, "Shape__Length": 4414.4789987012682 }, "geometry": { "type": "LineString", "coordinates": [ [ -80.623104, 39.475456000000101 ], [ -80.646528, 39.450752000000101 ] ] } },
{ "type": "Feature", "properties": { "FID": 57, "TYPEPIPE": "Interstate", "Operator": "Dominion Transmission Co", "Status": "Operating", "Shape_Leng": 0.022027068120799999, "Shape__Length": 3174.418539814877 }, "geometry": { "type": "LineString", "coordinates": [ [ -80.599557, 39.445413 ], [ -80.59904, 39.423392 ] ] } },
{ "type": "Feature", "properties": { "FID": 60, "TYPEPIPE": "Interstate", "Operator": "Dominion Transmission Co", "Status": "Operating", "Shape_Leng": 0.103264606642, "Shape__Length": 14813.843462862869 }, "geometry": { "type": "LineString", "coordinates": [ [ -80.601855999999898, 39.543296 ], [ -80.584828, 39.441445 ] ] } },
{ "type": "Feature", "properties": { "FID": 63, "TYPEPIPE": "Interstate", "Operator": "Dominion Transmission Co", "Status": "Operating", "Shape_Leng": 0.102350256131, "Shape__Length": 14715.337821543595 }, "geometry": { "type": "LineString", "coordinates": [ [ -80.586384, 39.546912 ], [ -80.599557, 39.445413 ] ] } },
{ "type": "Feature", "properties": { "FID": 66, "TYPEPIPE": "Interstate", "Operator": "Dominion Transmission Co", "Status": "Operating", "Shape_Leng": 0.042474456618100002, "Shape__Length": 6086.9939639390986 }, "geometry": { "type": "LineString", "coordinates": [ [ -80.584828, 39.441445 ], [ -80.577824, 39.399552 ] ] } },
{ "type": "Feature", "properties": { "FID": 67, "TYPEPIPE": "Interstate", "Operator": "Dominion Transmission Co", "Status": "Operating", "Shape_Leng": 0.0093679282662200002, "Shape__Length": 1188.6036226474257 }, "geometry": { "type": "LineString", "coordinates": [ [ -80.58144, 39.175808000000103 ], [ -80.574496, 39.16952 ] ] } },
{ "type": "Feature", "properties": { "FID": 68, "TYPEPIPE": "Interstate", "Operator": "Dominion Transmission Co", "Status": "Operating", "Shape_Leng": 0.24820877715299999, "Shape__Length": 35669.491994508426 }, "geometry": { "type": "LineString", "coordinates": [ [ -80.59904, 39.423392 ], [ -80.58144, 39.175808000000103 ] ] } },
{ "type": "Feature", "properties": { "FID": 70, "TYPEPIPE": "Interstate", "Operator": "Dominion Transmission Co", "Status": "Operating", "Shape_Leng": 0.041097581437399999, "Shape__Length": 4993.2641451404234 }, "geometry": { "type": "LineString", "coordinates": [ [ -80.577824, 39.399552 ], [ -80.54304, 39.377664 ] ] } },
{ "type": "Feature", "properties": { "FID": 71, "TYPEPIPE": "Interstate", "Operator": "Dominion Transmission Co", "Status": "Operating", "Shape_Leng": 0.055580471966299998, "Shape__Length": 6559.0945090436617 }, "geometry": { "type": "LineString", "coordinates": [ [ -80.54304, 39.377664 ], [ -80.492832, 39.353824 ] ] } },
{ "type": "Feature", "properties": { "FID": 73, "TYPEPIPE": "Interstate", "Operator": "Dominion Transmission Co", "Status": "Operating", "Shape_Leng": 0.052746562049099999, "Shape__Length": 6879.8665970726188 }, "geometry": { "type": "LineString", "coordinates": [ [ -80.646528, 39.450752000000101 ], [ -80.681856, 39.411584 ] ] } },
{ "type": "Feature", "properties": { "FID": 74, "TYPEPIPE": "Interstate", "Operator": "Dominion Transmission Co", "Status": "Operating", "Shape_Leng": 0.24032394564000001, "Shape__Length": 29515.325573952705 }, "geometry": { "type": "LineString", "coordinates": [ [ -80.794752, 39.444224 ], [ -80.993024, 39.580032000000102 ] ] } },
{ "type": "Feature", "properties": { "FID": 75, "TYPEPIPE": "Interstate", "Operator": "Dominion Transmission Co", "Status": "Operating", "Shape_Leng": 0.072629257355400004, "Shape__Length": 10199.089970063242 }, "geometry": { "type": "LineString", "coordinates": [ [ -80.794752, 39.444224 ], [ -80.820352, 39.376256 ] ] } },
{ "type": "Feature", "properties": { "FID": 76, "TYPEPIPE": "Interstate", "Operator": "Dominion Transmission Co", "Status": "Operating", "Shape_Leng": 0.077843576485099999, "Shape__Length": 9055.7835889104153 }, "geometry": { "type": "LineString", "coordinates": [ [ -80.820352, 39.376256 ], [ -80.892672, 39.347456000000101 ] ] } },
{ "type": "Feature", "properties": { "FID": 77, "TYPEPIPE": "Interstate", "Operator": "Dominion Transmission Co", "Status": "Operating", "Shape_Leng": 0.14836768165600001, "Shape__Length": 16527.034259563974 }, "geometry": { "type": "LineString", "coordinates": [ [ -80.646528, 39.450752000000101 ], [ -80.794752, 39.444224 ] ] } },
{ "type": "Feature", "properties": { "FID": 78, "TYPEPIPE": "Interstate", "Operator": "Dominion Transmission Co", "Status": "Operating", "Shape_Leng": 0.071454387800899993, "Shape__Length": 8646.855226453823 }, "geometry": { "type": "LineString", "coordinates": [ [ -80.145024, 39.390592 ], [ -80.20608, 39.353472000000103 ] ] } },
{ "type": "Feature", "properties": { "FID": 79, "TYPEPIPE": "Interstate", "Operator": "Dominion Transmission Co", "Status": "Operating", "Shape_Leng": 0.273139883518, "Shape__Length": 31411.5720768479 }, "geometry": { "type": "LineString", "coordinates": [ [ -80.892672, 39.347456000000101 ], [ -81.151744, 39.260928 ] ] } },
{ "type": "Feature", "properties": { "FID": 80, "TYPEPIPE": "Interstate", "Operator": "Dominion Transmission Co", "Status": "Operating", "Shape_Leng": 0.076083376581199999, "Shape__Length": 9045.3356055267741 }, "geometry": { "type": "LineString", "coordinates": [ [ -81.158784, 39.209600000000101 ], [ -81.226368, 39.244544 ] ] } },
{ "type": "Feature", "properties": { "FID": 81, "TYPEPIPE": "Interstate", "Operator": "Dominion Transmission Co", "Status": "Operating", "Shape_Leng": 0.38083822598099998, "Shape__Length": 43534.95364665307 }, "geometry": { "type": "LineString", "coordinates": [ [ -80.84672, 39.170816000000102 ], [ -80.967299, 39.206808000000102 ], [ -81.211648, 39.2797440000001 ] ] } },
{ "type": "Feature", "properties": { "FID": 84, "TYPEPIPE": "Interstate", "Operator": "Dominion Transmission Co", "Status": "Operating", "Shape_Leng": 0.051808543542500002, "Shape__Length": 7418.3981328866794 }, "geometry": { "type": "LineString", "coordinates": [ [ -81.151744, 39.260928 ], [ -81.158784, 39.209600000000101 ] ] } },
{ "type": "Feature", "properties": { "FID": 85, "TYPEPIPE": "Interstate", "Operator": "Dominion Transmission Co", "Status": "Operating", "Shape_Leng": 0.11266508811500001, "Shape__Length": 15960.817105770449 }, "geometry": { "type": "LineString", "coordinates": [ [ -80.84672, 39.170816000000102 ], [ -80.875008, 39.06176 ] ] } },
{ "type": "Feature", "properties": { "FID": 87, "TYPEPIPE": "Interstate", "Operator": "Dominion Transmission Co", "Status": "Operating", "Shape_Leng": 0.087995601345700003, "Shape__Length": 9940.4114255944369 }, "geometry": { "type": "LineString", "coordinates": [ [ -81.211648, 39.2797440000001 ], [ -81.242749, 39.286455 ], [ -81.297663999999898, 39.298304 ] ] } },
{ "type": "Feature", "properties": { "FID": 88, "TYPEPIPE": "Interstate", "Operator": "Dominion Transmission Co", "Status": "Operating", "Shape_Leng": 0.0151590002968, "Shape__Length": 2180.0149477152104 }, "geometry": { "type": "LineString", "coordinates": [ [ -81.242749, 39.286455 ], [ -81.242751999999896, 39.271296 ] ] } },
{ "type": "Feature", "properties": { "FID": 89, "TYPEPIPE": "Interstate", "Operator": "Dominion Transmission Co", "Status": "Operating", "Shape_Leng": 0.16043363956500001, "Shape__Length": 18081.76784419937 }, "geometry": { "type": "LineString", "coordinates": [ [ -80.222592, 39.47904 ], [ -80.065152, 39.448192 ] ] } },
{ "type": "Feature", "properties": { "FID": 109, "TYPEPIPE": "Interstate", "Operator": "Dominion Transmission Co", "Status": "Operating", "Shape_Leng": 0.11616710501700001, "Shape__Length": 15069.931821169683 }, "geometry": { "type": "LineString", "coordinates": [ [ -80.271872, 39.532544 ], [ -80.351743999999897, 39.448192 ] ] } },
{ "type": "Feature", "properties": { "FID": 111, "TYPEPIPE": "Interstate", "Operator": "Dominion Transmission Co", "Status": "Operating", "Shape_Leng": 0.042860317871000003, "Shape__Length": 4997.8445203799274 }, "geometry": { "type": "LineString", "coordinates": [ [ -81.551232, 38.999808 ], [ -81.590784, 38.983296 ] ] } },
{ "type": "Feature", "properties": { "FID": 112, "TYPEPIPE": "Interstate", "Operator": "Dominion Transmission Co", "Status": "Operating", "Shape_Leng": 0.057769989163899998, "Shape__Length": 6527.9828763969153 }, "geometry": { "type": "LineString", "coordinates": [ [ -80.20608, 39.353472000000103 ], [ -80.262528, 39.341184 ] ] } },
{ "type": "Feature", "properties": { "FID": 113, "TYPEPIPE": "Interstate", "Operator": "Dominion Transmission Co", "Status": "Operating", "Shape_Leng": 0.14806081519200001, "Shape__Length": 20744.161494997919 }, "geometry": { "type": "LineString", "coordinates": [ [ -80.351743999999897, 39.448192 ], [ -80.356201999999897, 39.436815 ], [ -80.360588, 39.42562 ], [ -80.40576, 39.310336 ] ] } },
{ "type": "Feature", "properties": { "FID": 114, "TYPEPIPE": "Interstate", "Operator": "Dominion Transmission Co", "Status": "Operating", "Shape_Leng": 0.159659721358, "Shape__Length": 21979.938831779978 }, "geometry": { "type": "LineString", "coordinates": [ [ -80.262528, 39.341184 ], [ -80.189696, 39.199104 ] ] } },
{ "type": "Feature", "properties": { "FID": 115, "TYPEPIPE": "Interstate", "Operator": "Dominion Transmission Co", "Status": "Operating", "Shape_Leng": 0.097327998684799993, "Shape__Length": 11537.880898791362 }, "geometry": { "type": "LineString", "coordinates": [ [ -80.492832, 39.353824 ], [ -80.40576, 39.310336 ] ] } },
{ "type": "Feature", "properties": { "FID": 116, "TYPEPIPE": "Interstate", "Operator": "Dominion Transmission Co", "Status": "Operating", "Shape_Leng": 0.020752906688, "Shape__Length": 2677.9346699260714 }, "geometry": { "type": "LineString", "coordinates": [ [ -80.382816, 39.157728 ], [ -80.368416, 39.142784 ] ] } },
{ "type": "Feature", "properties": { "FID": 117, "TYPEPIPE": "Interstate", "Operator": "Dominion Transmission Co", "Status": "Operating", "Shape_Leng": 0.153182815133, "Shape__Length": 17321.393058099406 }, "geometry": { "type": "LineString", "coordinates": [ [ -81.042865, 39.030588000000101 ], [ -80.893440999999896, 38.9968620000001 ] ] } },
{ "type": "Feature", "properties": { "FID": 118, "TYPEPIPE": "Interstate", "Operator": "Dominion Transmission Co", "Status": "Operating", "Shape_Leng": 0.24829545445699999, "Shape__Length": 35009.359812955503 }, "geometry": { "type": "LineString", "coordinates": [ [ -80.875008, 39.06176 ], [ -80.893440999999896, 38.9968620000001 ], [ -80.942848, 38.822912 ] ] } },
{ "type": "Feature", "properties": { "FID": 119, "TYPEPIPE": "Interstate", "Operator": "Dominion Transmission Co", "Status": "Operating", "Shape_Leng": 0.19173864701099999, "Shape__Length": 26647.083778644919 }, "geometry": { "type": "LineString", "coordinates": [ [ -80.967299, 39.206808000000102 ], [ -80.97937, 39.178659 ], [ -80.994165, 39.144156000000102 ], [ -81.01305, 39.100116 ], [ -81.031949999999895, 39.056042 ], [ -81.042865, 39.030588000000101 ] ] } },
{ "type": "Feature", "properties": { "FID": 120, "TYPEPIPE": "Interstate", "Operator": "Dominion Transmission Co", "Status": "Operating", "Shape_Leng": 0.090745590746900001, "Shape__Length": 11345.937353915699 }, "geometry": { "type": "LineString", "coordinates": [ [ -80.942848, 38.822912 ], [ -81.012864, 38.765184 ] ] } },
{ "type": "Feature", "properties": { "FID": 121, "TYPEPIPE": "Interstate", "Operator": "Dominion Transmission Co", "Status": "Operating", "Shape_Leng": 0.081032187000199998, "Shape__Length": 11041.389703669121 }, "geometry": { "type": "LineString", "coordinates": [ [ -81.042865, 39.030588000000101 ], [ -81.058688, 39.0024230000001 ], [ -81.082554, 38.9599410000001 ] ] } },
{ "type": "Feature", "properties": { "FID": 122, "TYPEPIPE": "Interstate", "Operator": "Dominion Transmission Co", "Status": "Operating", "Shape_Leng": 0.16086678812, "Shape__Length": 22605.993672803299 }, "geometry": { "type": "LineString", "coordinates": [ [ -80.40576, 39.310336 ], [ -80.459072, 39.158560000000101 ] ] } },
{ "type": "Feature", "properties": { "FID": 123, "TYPEPIPE": "Interstate", "Operator": "Dominion Transmission Co", "Status": "Operating", "Shape_Leng": 0.29180364685900001, "Shape__Length": 39193.394682124781 }, "geometry": { "type": "LineString", "coordinates": [ [ -80.681856, 39.411584 ], [ -80.84672, 39.170816000000102 ] ] } },
{ "type": "Feature", "properties": { "FID": 124, "TYPEPIPE": "Interstate", "Operator": "Dominion Transmission Co", "Status": "Operating", "Shape_Leng": 0.0914821292275, "Shape__Length": 12144.26900409299 }, "geometry": { "type": "LineString", "coordinates": [ [ -81.012864, 38.765184 ], [ -81.066496, 38.691072 ] ] } },
{ "type": "Feature", "properties": { "FID": 125, "TYPEPIPE": "Interstate", "Operator": "Dominion Transmission Co", "Status": "Operating", "Shape_Leng": 0.070429782791100001, "Shape__Length": 7842.3860704765939 }, "geometry": { "type": "LineString", "coordinates": [ [ -80.19904, 39.032448 ], [ -80.12864, 39.034496 ] ] } },
{ "type": "Feature", "properties": { "FID": 126, "TYPEPIPE": "Interstate", "Operator": "Dominion Transmission Co", "Status": "Operating", "Shape_Leng": 0.14956287130500001, "Shape__Length": 16893.741163000286 }, "geometry": { "type": "LineString", "coordinates": [ [ -80.109824, 39.104512 ], [ -79.963652, 39.072845 ] ] } },
{ "type": "Feature", "properties": { "FID": 127, "TYPEPIPE": "Interstate", "Operator": "Dominion Transmission Co", "Status": "Operating", "Shape_Leng": 0.123803000158, "Shape__Length": 16230.707999595354 }, "geometry": { "type": "LineString", "coordinates": [ [ -80.189696, 39.199104 ], [ -80.109824, 39.104512 ] ] } },
{ "type": "Feature", "properties": { "FID": 128, "TYPEPIPE": "Interstate", "Operator": "Dominion Transmission Co", "Status": "Operating", "Shape_Leng": 0.28243147065399998, "Shape__Length": 33245.82104208292 }, "geometry": { "type": "LineString", "coordinates": [ [ -79.933695999999898, 39.079808 ], [ -80.189696, 39.199104 ] ] } },
{ "type": "Feature", "properties": { "FID": 129, "TYPEPIPE": "Interstate", "Operator": "Dominion Transmission Co", "Status": "Operating", "Shape_Leng": 0.20014080163799999, "Shape__Length": 22652.412560453144 }, "geometry": { "type": "LineString", "coordinates": [ [ -80.12864, 39.034496 ], [ -79.963652, 39.072845 ], [ -79.933695999999898, 39.079808 ] ] } },
{ "type": "Feature", "properties": { "FID": 137, "TYPEPIPE": "Interstate", "Operator": "Dominion Transmission Co", "Status": "Operating", "Shape_Leng": 0.31868164909800001, "Shape__Length": 44360.344854004623 }, "geometry": { "type": "LineString", "coordinates": [ [ -81.693056, 38.861952 ], [ -81.58144, 38.563456 ] ] } },
{ "type": "Feature", "properties": { "FID": 138, "TYPEPIPE": "Interstate", "Operator": "Dominion Transmission Co", "Status": "Operating", "Shape_Leng": 0.17919304272200001, "Shape__Length": 22686.798017164881 }, "geometry": { "type": "LineString", "coordinates": [ [ -80.553984, 39.158944 ], [ -80.420416, 39.039488 ] ] } },
{ "type": "Feature", "properties": { "FID": 139, "TYPEPIPE": "Interstate", "Operator": "Dominion Transmission Co", "Status": "Operating", "Shape_Leng": 0.0230779964468, "Shape__Length": 2742.1789713928251 }, "geometry": { "type": "LineString", "coordinates": [ [ -80.574496, 39.16952 ], [ -80.553984, 39.158944 ] ] } },
{ "type": "Feature", "properties": { "FID": 143, "TYPEPIPE": "Interstate", "Operator": "Dominion Transmission Co", "Status": "Operating", "Shape_Leng": 0.042380868856099999, "Shape__Length": 4720.1469085690178 }, "geometry": { "type": "LineString", "coordinates": [ [ -81.813269, 38.1809620000001 ], [ -81.855615999999898, 38.182656000000101 ] ] } },
{ "type": "Feature", "properties": { "FID": 144, "TYPEPIPE": "Interstate", "Operator": "Dominion Transmission Co", "Status": "Operating", "Shape_Leng": 0.28954505759600002, "Shape__Length": 32771.206252439399 }, "geometry": { "type": "LineString", "coordinates": [ [ -81.521697, 37.555877000000102 ], [ -81.80288, 37.62496 ] ] } },
{ "type": "Feature", "properties": { "FID": 145, "TYPEPIPE": "Interstate", "Operator": "Dominion Transmission Co", "Status": "Operating", "Shape_Leng": 0.10018468443799999, "Shape__Length": 11563.573042355643 }, "geometry": { "type": "LineString", "coordinates": [ [ -81.784684, 37.278198 ], [ -81.878144, 37.242112 ] ] } },
{ "type": "Feature", "properties": { "FID": 146, "TYPEPIPE": "Interstate", "Operator": "Dominion Transmission Co", "Status": "Operating", "Shape_Leng": 0.072863037323499996, "Shape__Length": 10057.121897660447 }, "geometry": { "type": "LineString", "coordinates": [ [ -81.68192, 37.42528 ], [ -81.702528, 37.355392 ] ] } },
{ "type": "Feature", "properties": { "FID": 147, "TYPEPIPE": "Interstate", "Operator": "Dominion Transmission Co", "Status": "Operating", "Shape_Leng": 0.10564614749200001, "Shape__Length": 12097.427527170772 }, "geometry": { "type": "LineString", "coordinates": [ [ -81.80288, 37.62496 ], [ -81.903232, 37.657984 ] ] } },
{ "type": "Feature", "properties": { "FID": 148, "TYPEPIPE": "Interstate", "Operator": "Dominion Transmission Co", "Status": "Operating", "Shape_Leng": 0.15385685191099999, "Shape__Length": 20159.624562490273 }, "geometry": { "type": "LineString", "coordinates": [ [ -81.89248, 37.805952 ], [ -81.984384, 37.682560000000102 ] ] } },
{ "type": "Feature", "properties": { "FID": 149, "TYPEPIPE": "Interstate", "Operator": "Dominion Transmission Co", "Status": "Operating", "Shape_Leng": 0.109522083837, "Shape__Length": 12476.943773199386 }, "geometry": { "type": "LineString", "coordinates": [ [ -81.903232, 37.657984 ], [ -82.00832, 37.688832 ] ] } },
{ "type": "Feature", "properties": { "FID": 150, "TYPEPIPE": "Interstate", "Operator": "Dominion Transmission Co", "Status": "Operating", "Shape_Leng": 0.140505058357, "Shape__Length": 19790.075292536108 }, "geometry": { "type": "LineString", "coordinates": [ [ -81.88096, 37.945984000000102 ], [ -81.89248, 37.805952 ] ] } },
{ "type": "Feature", "properties": { "FID": 151, "TYPEPIPE": "Interstate", "Operator": "Dominion Transmission Co", "Status": "Operating", "Shape_Leng": 0.138491090486, "Shape__Length": 15442.809308069507 }, "geometry": { "type": "LineString", "coordinates": [ [ -81.855615999999898, 38.182656000000101 ], [ -81.993728, 38.192896 ] ] } },
{ "type": "Feature", "properties": { "FID": 152, "TYPEPIPE": "Interstate", "Operator": "Dominion Transmission Co", "Status": "Operating", "Shape_Leng": 0.119547134805, "Shape__Length": 14159.20581415069 }, "geometry": { "type": "LineString", "coordinates": [ [ -81.756672, 38.050944000000101 ], [ -81.862527999999898, 37.995392000000102 ] ] } },
{ "type": "Feature", "properties": { "FID": 153, "TYPEPIPE": "Interstate", "Operator": "Dominion Transmission Co", "Status": "Operating", "Shape_Leng": 0.0527341358894, "Shape__Length": 7272.3633784396043 }, "geometry": { "type": "LineString", "coordinates": [ [ -81.862527999999898, 37.995392000000102 ], [ -81.88096, 37.945984000000102 ] ] } },
{ "type": "Feature", "properties": { "FID": 154, "TYPEPIPE": "Interstate", "Operator": "Dominion Transmission Co", "Status": "Operating", "Shape_Leng": 0.23764095431599999, "Shape__Length": 26802.68428818171 }, "geometry": { "type": "LineString", "coordinates": [ [ -81.524224, 38.100352 ], [ -81.756672, 38.050944000000101 ] ] } },
{ "type": "Feature", "properties": { "FID": 155, "TYPEPIPE": "Interstate", "Operator": "Dominion Transmission Co", "Status": "Operating", "Shape_Leng": 0.16258290566, "Shape__Length": 18107.581116296056 }, "geometry": { "type": "LineString", "coordinates": [ [ -81.650816, 38.1744640000001 ], [ -81.813269, 38.1809620000001 ] ] } },
{ "type": "Feature", "properties": { "FID": 156, "TYPEPIPE": "Interstate", "Operator": "Dominion Transmission Co", "Status": "Operating", "Shape_Leng": 0.078040645819900001, "Shape__Length": 10723.838351564778 }, "geometry": { "type": "LineString", "coordinates": [ [ -81.756672, 38.050944000000101 ], [ -81.786624, 38.123008 ] ] } },
{ "type": "Feature", "properties": { "FID": 157, "TYPEPIPE": "Interstate", "Operator": "Dominion Transmission Co", "Status": "Operating", "Shape_Leng": 0.11273208049199999, "Shape__Length": 14155.920967329337 }, "geometry": { "type": "LineString", "coordinates": [ [ -81.702528, 37.355392 ], [ -81.784684, 37.278198 ] ] } },
{ "type": "Feature", "properties": { "FID": 158, "TYPEPIPE": "Interstate", "Operator": "Dominion Transmission Co", "Status": "Operating", "Shape_Leng": 0.15869444955600001, "Shape__Length": 20762.28291154018 }, "geometry": { "type": "LineString", "coordinates": [ [ -81.590784, 38.983296 ], [ -81.693056, 38.861952 ] ] } },
{ "type": "Feature", "properties": { "FID": 234, "TYPEPIPE": "Interstate", "Operator": "Dominion Transmission Co", "Status": "Operating", "Shape_Leng": 0.037006170296300003, "Shape__Length": 4957.4501524209763 }, "geometry": { "type": "LineString", "coordinates": [ [ -80.262528, 39.341184 ], [ -80.241152, 39.3713920000001 ] ] } },
{ "type": "Feature", "properties": { "FID": 249, "TYPEPIPE": "Interstate", "Operator": "Dominion Transmission Co", "Status": "Operating", "Shape_Leng": 0.075789093384199993, "Shape__Length": 10789.055700954166 }, "geometry": { "type": "LineString", "coordinates": [ [ -81.441852, 39.313968 ], [ -81.459632, 39.387642 ] ] } },
{ "type": "Feature", "properties": { "FID": 251, "TYPEPIPE": "Interstate", "Operator": "Dominion Transmission Co", "Status": "Operating", "Shape_Leng": 0.52888136997599999, "Shape__Length": 65009.228930898789 }, "geometry": { "type": "LineString", "coordinates": [ [ -77.65056, 39.35616 ], [ -77.432075999999896, 39.208483000000101 ], [ -77.415499, 39.169914 ], [ -77.411354, 39.147415000000102 ], [ -77.461087, 39.115273000000101 ], [ -77.56712, 39.097917 ], [ -77.543974, 39.073489000000102 ] ] } },
{ "type": "Feature", "properties": { "FID": 252, "TYPEPIPE": "Interstate", "Operator": "Dominion Transmission Co", "Status": "Operating", "Shape_Leng": 0.043296928078099997, "Shape__Length": 5626.6734162750799 }, "geometry": { "type": "LineString", "coordinates": [ [ -77.543974, 39.073489000000102 ], [ -77.514964, 39.041348 ] ] } },
{ "type": "Feature", "properties": { "FID": 253, "TYPEPIPE": "Interstate", "Operator": "Dominion Transmission Co", "Status": "Operating", "Shape_Leng": 0.098474851530800003, "Shape__Length": 12163.36744497357 }, "geometry": { "type": "LineString", "coordinates": [ [ -80.145024, 39.390592 ], [ -80.065152, 39.448192 ] ] } },
{ "type": "Feature", "properties": { "FID": 254, "TYPEPIPE": "Interstate", "Operator": "Dominion Transmission Co", "Status": "Operating", "Shape_Leng": 0.043816028482699998, "Shape__Length": 5301.006404467661 }, "geometry": { "type": "LineString", "coordinates": [ [ -80.065152, 39.448192 ], [ -80.027648, 39.470848 ] ] } },
{ "type": "Feature", "properties": { "FID": 255, "TYPEPIPE": "Interstate", "Operator": "Dominion Transmission Co", "Status": "Operating", "Shape_Leng": 0.132350562634, "Shape__Length": 15901.709041873264 }, "geometry": { "type": "LineString", "coordinates": [ [ -80.356201999999897, 39.436815 ], [ -80.288627, 39.398389000000101 ], [ -80.241152, 39.3713920000001 ] ] } },
{ "type": "Feature", "properties": { "FID": 256, "TYPEPIPE": "Interstate", "Operator": "Dominion Transmission Co", "Status": "Operating", "Shape_Leng": 0.060779544585300001, "Shape__Length": 8597.9707057361793 }, "geometry": { "type": "LineString", "coordinates": [ [ -77.559831, 38.673561 ], [ -77.571707, 38.613953 ] ] } },
{ "type": "Feature", "properties": { "FID": 258, "TYPEPIPE": "Interstate", "Operator": "Dominion Transmission Co", "Status": "Operating", "Shape_Leng": 0.37051362538, "Shape__Length": 52813.478770875707 }, "geometry": { "type": "LineString", "coordinates": [ [ -77.559831, 38.673561 ], [ -77.548898, 38.763703 ], [ -77.521025, 38.991761 ], [ -77.514964, 39.041348 ] ] } },
{ "type": "Feature", "properties": { "FID": 259, "TYPEPIPE": "Interstate", "Operator": "Dominion Transmission Co", "Status": "Operating", "Shape_Leng": 0.136714252615, "Shape__Length": 15518.052403845086 }, "geometry": { "type": "LineString", "coordinates": [ [ -81.191206, 39.036035 ], [ -81.058688, 39.0024230000001 ] ] } },
{ "type": "Feature", "properties": { "FID": 261, "TYPEPIPE": "Interstate", "Operator": "Dominion Transmission Co", "Status": "Operating", "Shape_Leng": 0.20455922254299999, "Shape__Length": 27644.876013324701 }, "geometry": { "type": "LineString", "coordinates": [ [ -77.280871, 38.536630000000102 ], [ -77.278909999999897, 38.54413 ], [ -77.28601, 38.5526300000001 ], [ -77.292036999999894, 38.565685 ], [ -77.29678, 38.57917 ], [ -77.32609, 38.6014300000001 ], [ -77.31387, 38.61577 ], [ -77.29244, 38.66137 ], [ -77.29715, 38.678080000000101 ], [ -77.291687, 38.711301 ] ] } },
{ "type": "Feature", "properties": { "FID": 371, "TYPEPIPE": "Interstate", "Operator": "Eastern Shore Nat Gas Co", "Status": "Operating", "Shape_Leng": 0.06951480972, "Shape__Length": 7799.440882443525 }, "geometry": { "type": "LineString", "coordinates": [ [ -75.781555, 38.69066 ], [ -75.779298, 38.691404 ], [ -75.778812, 38.691405 ], [ -75.773460999999898, 38.692281 ], [ -75.768597, 38.692584000000103 ], [ -75.763246, 38.694318000000102 ], [ -75.76276, 38.694605 ], [ -75.758382, 38.695764000000104 ], [ -75.753518, 38.696352 ], [ -75.748167, 38.696657000000101 ], [ -75.743302, 38.697245000000102 ], [ -75.739411, 38.697830000000103 ], [ -75.737951, 38.697836000000102 ], [ -75.733087, 38.697853000000102 ], [ -75.728222, 38.698155 ], [ -75.722870999999898, 38.69846 ], [ -75.718007, 38.698763 ], [ -75.712925, 38.699323 ] ] } },
{ "type": "Feature", "properties": { "FID": 372, "TYPEPIPE": "Interstate", "Operator": "Eastern Shore Nat Gas Co", "Status": "Operating", "Shape_Leng": 0.068961572213899994, "Shape__Length": 8515.0101365518603 }, "geometry": { "type": "LineString", "coordinates": [ [ -75.990388999999894, 38.716954 ], [ -75.98347, 38.715467 ], [ -75.979572, 38.714325 ], [ -75.975674, 38.711177 ], [ -75.974699, 38.710605 ], [ -75.935551, 38.676864000000101 ] ] } },
{ "type": "Feature", "properties": { "FID": 376, "TYPEPIPE": "Interstate", "Operator": "Eastern Shore Nat Gas Co", "Status": "Operating", "Shape_Leng": 0.068132351860200002, "Shape__Length": 9373.6817914857638 }, "geometry": { "type": "LineString", "coordinates": [ [ -75.961865, 38.6014920000001 ], [ -75.990002, 38.539441000000103 ] ] } },
{ "type": "Feature", "properties": { "FID": 377, "TYPEPIPE": "Interstate", "Operator": "Eastern Shore Nat Gas Co", "Status": "Operating", "Shape_Leng": 0.420777408016, "Shape__Length": 49065.635700083883 }, "geometry": { "type": "LineString", "coordinates": [ [ -76.167605, 38.546821000000101 ], [ -76.150535, 38.546555 ], [ -76.11249, 38.54403 ], [ -76.037913, 38.580607 ], [ -76.033037, 38.581182 ], [ -76.027674, 38.582043 ], [ -76.022798, 38.582903 ], [ -76.017434, 38.583479 ], [ -76.017435, 38.583764 ], [ -76.012558999999897, 38.584339 ], [ -76.007683, 38.585199 ], [ -76.002319999999898, 38.586629000000102 ], [ -76.000858, 38.586916 ], [ -75.997445, 38.587489 ], [ -75.992083, 38.58892 ], [ -75.989645999999894, 38.590063 ], [ -75.987208, 38.590635 ], [ -75.982334, 38.592350000000103 ], [ -75.980872, 38.593207 ], [ -75.976973, 38.594921 ], [ -75.974049, 38.596349 ], [ -75.972099, 38.597207 ], [ -75.967226, 38.599492 ], [ -75.966738, 38.599492 ], [ -75.961865, 38.6014920000001 ], [ -75.959916, 38.602634000000101 ], [ -75.956992, 38.604062 ], [ -75.954068, 38.605775 ], [ -75.951632, 38.607203 ], [ -75.948708, 38.6089160000001 ], [ -75.946759, 38.609773 ], [ -75.941397999999893, 38.611773 ], [ -75.941397999999893, 38.612058 ], [ -75.936526, 38.614913000000101 ], [ -75.936038999999894, 38.615198 ], [ -75.931653, 38.617482000000102 ], [ -75.930192, 38.618339 ], [ -75.926294, 38.620338000000103 ], [ -75.924832, 38.6214790000001 ], [ -75.921421, 38.623192000000103 ], [ -75.918985, 38.624619000000102 ], [ -75.916062, 38.626047 ], [ -75.913139, 38.627760000000102 ], [ -75.911189, 38.6286160000001 ], [ -75.907292, 38.6309 ], [ -75.906317, 38.631186 ], [ -75.901933, 38.63404 ], [ -75.900958, 38.634325 ], [ -75.896574, 38.637179000000103 ], [ -75.896087, 38.637465 ], [ -75.891215, 38.640319 ], [ -75.890728, 38.640319 ], [ -75.885856, 38.642888 ], [ -75.885369, 38.643458000000102 ], [ -75.880983999999899, 38.645742 ], [ -75.88001, 38.646598 ], [ -75.875625, 38.648881000000102 ], [ -75.874652, 38.649737000000101 ], [ -75.870754, 38.651735 ], [ -75.869293, 38.652876 ], [ -75.865395, 38.654304 ], [ -75.86296, 38.656016000000101 ], [ -75.860523, 38.656588 ], [ -75.855651, 38.658871 ], [ -75.855163, 38.659156000000102 ], [ -75.85029, 38.66087 ], [ -75.847855, 38.662297000000102 ], [ -75.845418999999893, 38.663153000000101 ], [ -75.841034, 38.665436 ], [ -75.840058999999897, 38.665437 ], [ -75.839128, 38.666056 ], [ -75.834263, 38.668643 ], [ -75.83329, 38.669217000000103 ], [ -75.829399, 38.670945000000103 ], [ -75.825994, 38.6723840000001 ], [ -75.824048, 38.6732480000001 ], [ -75.82113, 38.675543 ], [ -75.819184, 38.676978 ], [ -75.816752, 38.678701 ], [ -75.813834, 38.680139 ], [ -75.810915, 38.681864 ], [ -75.80897, 38.682442 ], [ -75.804104999999893, 38.683887 ], [ -75.799728, 38.685046 ], [ -75.798755, 38.685049 ], [ -75.793891, 38.686781 ], [ -75.789513, 38.688225 ], [ -75.788539999999898, 38.688514 ], [ -75.783676, 38.68996 ], [ -75.781555, 38.69066 ] ] } },
{ "type": "Feature", "properties": { "FID": 378, "TYPEPIPE": "Interstate", "Operator": "Eastern Shore Nat Gas Co", "Status": "Operating", "Shape_Leng": 0.055742004422200002, "Shape__Length": 7000.4447805241907 }, "geometry": { "type": "LineString", "coordinates": [ [ -75.935551, 38.676864000000101 ], [ -75.893327, 38.640473 ] ] } },
{ "type": "Feature", "properties": { "FID": 379, "TYPEPIPE": "Interstate", "Operator": "Eastern Shore Nat Gas Co", "Status": "Operating", "Shape_Leng": 0.16007193766399999, "Shape__Length": 22682.962202236351 }, "geometry": { "type": "LineString", "coordinates": [ [ -75.512038, 39.03463 ], [ -75.514477, 39.031486 ], [ -75.514965, 39.028344 ], [ -75.515453, 39.025203 ], [ -75.516428, 39.0220610000001 ], [ -75.516916, 39.018919 ], [ -75.517403, 39.018348000000103 ], [ -75.517891, 39.015777 ], [ -75.518866, 39.012635 ], [ -75.519354, 39.009494000000103 ], [ -75.519354, 39.006354 ], [ -75.519353, 39.003214 ], [ -75.519353, 39.000074 ], [ -75.519841, 38.996933 ], [ -75.521304, 38.99379 ], [ -75.522279, 38.9906480000001 ], [ -75.522278, 38.987508 ], [ -75.522278, 38.984368000000103 ], [ -75.522278, 38.984083 ], [ -75.522764999999893, 38.981227 ], [ -75.523252999999897, 38.978087000000102 ], [ -75.523252, 38.974947 ], [ -75.523252, 38.971807 ], [ -75.524226999999897, 38.968665 ], [ -75.524714, 38.965525 ], [ -75.524713, 38.962385 ], [ -75.525688, 38.959244 ], [ -75.526663, 38.956103 ], [ -75.526175, 38.952964000000101 ], [ -75.52715, 38.951250000000101 ], [ -75.528125, 38.949821 ], [ -75.528612, 38.946681 ], [ -75.528611, 38.943541 ], [ -75.52861, 38.940402 ], [ -75.52861, 38.937262 ], [ -75.529097, 38.934122000000102 ], [ -75.529584, 38.930982 ], [ -75.529583, 38.927842 ], [ -75.530557, 38.924702 ], [ -75.530556, 38.921562 ], [ -75.530554999999893, 38.918423 ], [ -75.530553999999896, 38.915284 ], [ -75.530552999999898, 38.912145000000102 ], [ -75.530552, 38.909006 ], [ -75.530551, 38.9058670000001 ], [ -75.531526, 38.902726 ], [ -75.532501, 38.900727000000103 ], [ -75.5325, 38.899586 ], [ -75.532987, 38.896446 ], [ -75.533473999999899, 38.893306 ], [ -75.533472, 38.890167 ], [ -75.533959, 38.887028 ], [ -75.534933, 38.883887000000101 ], [ -75.535907, 38.880747 ], [ -75.53621, 38.878795 ] ] } },
{ "type": "Feature", "properties": { "FID": 380, "TYPEPIPE": "Interstate", "Operator": "Eastern Shore Nat Gas Co", "Status": "Operating", "Shape_Leng": 0.34230133146800001, "Shape__Length": 45496.921393655124 }, "geometry": { "type": "LineString", "coordinates": [ [ -75.626281, 39.305464 ], [ -75.626179, 39.305344 ], [ -75.625202, 39.303333000000102 ], [ -75.622274, 39.300173 ], [ -75.621299, 39.299598 ], [ -75.619347, 39.297013 ], [ -75.616419, 39.293852000000101 ], [ -75.613979, 39.290692 ], [ -75.612025, 39.287532 ], [ -75.61105, 39.286957 ], [ -75.609098, 39.284372 ], [ -75.607144, 39.281211 ], [ -75.606167, 39.279200000000102 ], [ -75.605678, 39.278051 ], [ -75.602262999999894, 39.274891 ], [ -75.600799999999893, 39.273742 ], [ -75.598848, 39.27173 ], [ -75.596895, 39.268570000000103 ], [ -75.595919, 39.267421 ], [ -75.594455, 39.26541 ], [ -75.59104, 39.262537000000101 ], [ -75.59104, 39.26225 ], [ -75.588112, 39.259089000000102 ], [ -75.585673, 39.257078 ], [ -75.585184, 39.255929 ], [ -75.582744, 39.2527690000001 ], [ -75.580791, 39.249896 ], [ -75.580791, 39.249609 ], [ -75.57835, 39.246448 ], [ -75.575423, 39.243575 ], [ -75.575422, 39.243288 ], [ -75.572495, 39.240128 ], [ -75.570542, 39.237255 ], [ -75.570541, 39.236967 ], [ -75.568588, 39.233807 ], [ -75.565661, 39.230934 ], [ -75.565661, 39.230647 ], [ -75.562246, 39.227487000000103 ], [ -75.560293999999899, 39.2254760000001 ], [ -75.559805, 39.224326 ], [ -75.557852, 39.221166 ], [ -75.555411, 39.218006000000102 ], [ -75.552483999999893, 39.214846000000101 ], [ -75.550045, 39.212835 ], [ -75.549555999999896, 39.211685 ], [ -75.545167, 39.208812000000101 ], [ -75.545165999999895, 39.208525000000101 ], [ -75.541751, 39.205365 ], [ -75.540288, 39.204216 ], [ -75.537362, 39.202205 ], [ -75.534923, 39.199906 ], [ -75.534920999999898, 39.1990440000001 ], [ -75.531019, 39.195884 ], [ -75.530044, 39.195309000000101 ], [ -75.52663, 39.192724 ], [ -75.524679, 39.1918620000001 ], [ -75.522727, 39.189563 ], [ -75.520286999999897, 39.186403 ], [ -75.5198, 39.186403 ], [ -75.516385, 39.183243 ], [ -75.514922, 39.182381 ], [ -75.511508, 39.180083 ], [ -75.509557, 39.178933 ], [ -75.506631, 39.176922 ], [ -75.504681, 39.17606 ], [ -75.501754, 39.173762000000103 ], [ -75.499316, 39.172038 ], [ -75.498827, 39.170602 ], [ -75.497848, 39.167442 ], [ -75.494434, 39.1654300000001 ], [ -75.493458, 39.164281000000102 ], [ -75.489555999999894, 39.161121 ], [ -75.487116, 39.157961 ], [ -75.484189, 39.155662 ], [ -75.483700999999897, 39.154800000000101 ], [ -75.482235, 39.15164 ], [ -75.480282, 39.14848 ], [ -75.479306, 39.147331000000101 ], [ -75.478328, 39.14532 ], [ -75.476862, 39.142159 ], [ -75.476371, 39.138999 ], [ -75.47588, 39.135839 ], [ -75.475388, 39.132679 ], [ -75.475871, 39.129518 ], [ -75.476354, 39.126358 ], [ -75.476837, 39.123198000000102 ], [ -75.47732, 39.1200380000001 ], [ -75.478778, 39.116877 ], [ -75.480236, 39.113717000000101 ], [ -75.48218, 39.110557 ], [ -75.483151, 39.107396 ], [ -75.484122, 39.105098 ], [ -75.484121, 39.1042360000001 ], [ -75.485579, 39.101076 ], [ -75.487036, 39.097916 ], [ -75.488494, 39.094755 ], [ -75.489467, 39.093606000000101 ], [ -75.489952, 39.091595 ], [ -75.490922, 39.088435 ], [ -75.492379, 39.085275 ], [ -75.494324, 39.082114 ], [ -75.494324, 39.081827 ], [ -75.495294999999899, 39.078954000000103 ], [ -75.496752, 39.075794 ], [ -75.497723, 39.072633000000103 ], [ -75.499181, 39.06976 ], [ -75.49918, 39.069473000000102 ], [ -75.501125, 39.066313 ], [ -75.502094999999898, 39.063153 ], [ -75.503552999999897, 39.059992000000101 ], [ -75.504525, 39.057694 ], [ -75.504523, 39.056832 ], [ -75.506468, 39.053672 ], [ -75.508413, 39.050512 ], [ -75.509385, 39.048788000000101 ], [ -75.509871, 39.047351 ], [ -75.509867, 39.044191 ], [ -75.51035, 39.041031 ], [ -75.51132, 39.037871000000102 ], [ -75.513752, 39.034710000000103 ] ] } },
{ "type": "Feature", "properties": { "FID": 381, "TYPEPIPE": "Interstate", "Operator": "Eastern Shore Nat Gas Co", "Status": "Operating", "Shape_Leng": 0.53759445242000004, "Shape__Length": 71451.202988944235 }, "geometry": { "type": "LineString", "coordinates": [ [ -75.519715, 38.887191 ], [ -75.519717, 38.888304 ], [ -75.519235, 38.891457000000102 ], [ -75.517781, 38.894612 ], [ -75.516813, 38.897767 ], [ -75.516818, 38.900919 ], [ -75.516336, 38.904072 ], [ -75.516340999999898, 38.907224 ], [ -75.514887, 38.91038 ], [ -75.513917, 38.912389 ], [ -75.513919, 38.913535 ], [ -75.513924, 38.916687 ], [ -75.51393, 38.919839 ], [ -75.513935, 38.9229920000001 ], [ -75.513941, 38.9261440000001 ], [ -75.512973, 38.9292990000001 ], [ -75.512492, 38.932453000000102 ], [ -75.512011, 38.935607 ], [ -75.511529999999894, 38.938761 ], [ -75.510561999999894, 38.941917 ], [ -75.509595, 38.945072 ], [ -75.5096, 38.948225 ], [ -75.509604, 38.950519 ], [ -75.50961, 38.953672 ], [ -75.50578, 38.986937 ], [ -75.504813, 38.990094 ], [ -75.504332, 38.993249 ], [ -75.503851999999895, 38.996404 ], [ -75.503371, 38.999559 ], [ -75.503377999999898, 39.002714 ], [ -75.502897, 39.005869 ], [ -75.502903, 39.009023 ], [ -75.50291, 39.012178 ], [ -75.502916, 39.0153320000001 ], [ -75.501949, 39.018489000000102 ], [ -75.501469, 39.021645 ], [ -75.501475, 39.024799 ], [ -75.500507, 39.027096 ], [ -75.500508, 39.027956000000103 ], [ -75.547769, 39.05022 ], [ -75.539775, 39.109062 ], [ -75.49868, 39.143798000000103 ], [ -75.512956, 39.159587 ], [ -75.528692, 39.175089 ], [ -75.564597, 39.211261 ], [ -75.574427, 39.220447 ], [ -75.576405, 39.223605 ], [ -75.577896, 39.226763 ], [ -75.579860999999894, 39.228485 ], [ -75.580362, 39.22992 ], [ -75.583802, 39.233078 ], [ -75.584784, 39.233939 ], [ -75.586267, 39.236236 ], [ -75.588733, 39.239394 ], [ -75.589718, 39.240542 ], [ -75.591198, 39.242552 ], [ -75.593664, 39.245709 ], [ -75.595139, 39.247145 ], [ -75.596129, 39.248867 ], [ -75.599082, 39.252025000000103 ], [ -75.600064, 39.252886 ], [ -75.602035, 39.255183 ], [ -75.604988, 39.258341 ], [ -75.605477, 39.258628 ], [ -75.606966, 39.2614990000001 ], [ -75.608457, 39.264656 ], [ -75.609948, 39.267814 ], [ -75.610435, 39.267814 ], [ -75.612901, 39.270972 ], [ -75.615358, 39.273269 ], [ -75.615853, 39.27413 ], [ -75.618806, 39.277288 ], [ -75.620767999999899, 39.278723 ], [ -75.621758999999898, 39.280445 ], [ -75.623737, 39.283603 ], [ -75.625707, 39.2859 ], [ -75.626203, 39.286761 ], [ -75.627694, 39.289919 ], [ -75.609769, 39.301115 ], [ -75.616581999999894, 39.310047 ] ] } },
{ "type": "Feature", "properties": { "FID": 386, "TYPEPIPE": "Interstate", "Operator": "Eastern Shore Nat Gas Co", "Status": "Operating", "Shape_Leng": 0.370029732231, "Shape__Length": 50077.867010939743 }, "geometry": { "type": "LineString", "coordinates": [ [ -75.784911, 39.599601 ], [ -75.781520999999898, 39.599527000000101 ], [ -75.782488, 39.588422 ], [ -75.757141, 39.588176 ], [ -75.757138999999896, 39.585044 ], [ -75.756649, 39.581913 ], [ -75.755185, 39.578783 ], [ -75.75372, 39.575653 ], [ -75.752256, 39.573378 ], [ -75.752256, 39.572524 ], [ -75.750304, 39.569395 ], [ -75.750302, 39.566263 ], [ -75.749324999999899, 39.5631330000001 ], [ -75.748835, 39.560002 ], [ -75.747857999999894, 39.556872 ], [ -75.747856, 39.55374 ], [ -75.747366, 39.550894 ], [ -75.747366, 39.550609000000101 ], [ -75.745902999999899, 39.549757 ], [ -75.736155, 39.550056 ], [ -75.736152, 39.54664 ], [ -75.734688, 39.543511000000102 ], [ -75.733711, 39.54038 ], [ -75.733221, 39.53725 ], [ -75.732244, 39.53412 ], [ -75.730781, 39.532698 ], [ -75.729804, 39.530992 ], [ -75.728827, 39.527862 ], [ -75.72785, 39.524732 ], [ -75.726873, 39.521602 ], [ -75.726382999999899, 39.518471 ], [ -75.726381, 39.51534 ], [ -75.725894, 39.515341 ], [ -75.724916, 39.512211 ], [ -75.724914, 39.50908 ], [ -75.724424, 39.50595 ], [ -75.723935, 39.502819 ], [ -75.723932, 39.499688 ], [ -75.724417, 39.496557000000102 ], [ -75.723927, 39.493426 ], [ -75.723925, 39.490295000000103 ], [ -75.723923, 39.487164 ], [ -75.724408, 39.484033000000103 ], [ -75.724405, 39.4809020000001 ], [ -75.724402999999896, 39.477772000000101 ], [ -75.7244, 39.474641 ], [ -75.724398, 39.471510000000102 ], [ -75.724396, 39.46838 ], [ -75.723906, 39.465249 ], [ -75.723416, 39.462119 ], [ -75.722926, 39.45899 ], [ -75.722923, 39.455859 ], [ -75.722921, 39.452728 ], [ -75.721944, 39.449599 ], [ -75.721453999999895, 39.446469 ], [ -75.720965, 39.444762 ], [ -75.720476, 39.44334 ], [ -75.719499, 39.440211 ], [ -75.718035, 39.437082 ], [ -75.71657, 39.433953 ], [ -75.715594, 39.432247000000103 ], [ -75.715104999999895, 39.430825 ], [ -75.713639999999899, 39.427696 ], [ -75.711688, 39.4245680000001 ], [ -75.710711, 39.421438000000101 ], [ -75.709246, 39.41831 ], [ -75.707782, 39.415181000000103 ], [ -75.705828999999895, 39.4120530000001 ], [ -75.705342, 39.411769 ], [ -75.70339, 39.408925000000103 ], [ -75.70095, 39.405798 ], [ -75.700462, 39.404945 ], [ -75.700462, 39.404376 ], [ -75.697446, 39.401301 ], [ -75.695493, 39.398141000000102 ], [ -75.694027, 39.394981 ], [ -75.692562, 39.39297 ], [ -75.691586, 39.391821 ], [ -75.689633, 39.388660000000101 ], [ -75.687193, 39.3857870000001 ], [ -75.687193, 39.3855 ], [ -75.685239, 39.38234 ], [ -75.682312, 39.37918 ], [ -75.680359, 39.376019 ], [ -75.677918, 39.372859 ], [ -75.676941999999897, 39.3719970000001 ], [ -75.675477999999899, 39.369699 ], [ -75.673037, 39.366539 ], [ -75.672061, 39.365677 ], [ -75.670597, 39.363378 ], [ -75.668156, 39.360218 ], [ -75.66718, 39.358782 ], [ -75.665716, 39.357058000000102 ], [ -75.663274999999899, 39.353897000000103 ], [ -75.661812, 39.353036 ], [ -75.660835, 39.350737 ], [ -75.658394, 39.347577000000101 ], [ -75.656931, 39.34614 ], [ -75.655467, 39.344417 ], [ -75.653026, 39.341256 ], [ -75.651562, 39.339245 ], [ -75.65156, 39.338096 ], [ -75.64912, 39.334936 ], [ -75.646679, 39.331776 ], [ -75.644726, 39.328615 ], [ -75.642286, 39.325455 ], [ -75.641797, 39.3248800000001 ], [ -75.639358, 39.322295 ], [ -75.636917, 39.319134 ], [ -75.63643, 39.319134 ], [ -75.634964, 39.315974 ], [ -75.633011, 39.312814000000103 ], [ -75.631547, 39.31109 ], [ -75.63057, 39.309654000000101 ], [ -75.627155, 39.306493 ], [ -75.626281, 39.305464 ] ] } },
{ "type": "Feature", "properties": { "FID": 387, "TYPEPIPE": "Interstate", "Operator": "Eastern Shore Nat Gas Co", "Status": "Operating", "Shape_Leng": 0.30156330556, "Shape__Length": 41847.170613602844 }, "geometry": { "type": "LineString", "coordinates": [ [ -75.616581999999894, 39.310047 ], [ -75.6586, 39.365132000000102 ], [ -75.651323, 39.368577000000101 ], [ -75.656224, 39.371735000000101 ], [ -75.657228, 39.374893 ], [ -75.658231999999899, 39.37805 ], [ -75.658261, 39.3812080000001 ], [ -75.65829, 39.384366 ], [ -75.65832, 39.387524 ], [ -75.658836, 39.390682 ], [ -75.658865, 39.393839 ], [ -75.659381999999894, 39.396997 ], [ -75.659411, 39.400155 ], [ -75.65944, 39.403313 ], [ -75.659447999999898, 39.404174 ], [ -75.658957, 39.403886 ], [ -75.658482, 39.407037000000102 ], [ -75.658006999999898, 39.4101870000001 ], [ -75.65802, 39.413338000000103 ], [ -75.657545, 39.416488000000101 ], [ -75.65707, 39.419639000000103 ], [ -75.657083, 39.422789000000101 ], [ -75.657095, 39.425939 ], [ -75.65662, 39.42909 ], [ -75.656633, 39.43224 ], [ -75.656158, 39.435391 ], [ -75.655683, 39.438541 ], [ -75.654720999999896, 39.441692000000103 ], [ -75.654734, 39.444842 ], [ -75.654746, 39.447993000000103 ], [ -75.655246, 39.451143000000101 ], [ -75.655259, 39.454293 ], [ -75.655271, 39.457444000000102 ], [ -75.635911, 39.490380000000101 ], [ -75.635167, 39.54852 ], [ -75.636154, 39.551671 ], [ -75.636654, 39.554821000000103 ], [ -75.637641, 39.557972 ], [ -75.638628, 39.561122 ], [ -75.640101, 39.563986 ], [ -75.640102, 39.5642730000001 ], [ -75.642551, 39.567423 ], [ -75.644025, 39.5705740000001 ], [ -75.645495, 39.5725780000001 ], [ -75.6455, 39.573724 ], [ -75.646974, 39.576874 ], [ -75.647474, 39.580025 ], [ -75.647475, 39.580311000000101 ] ] } },
{ "type": "Feature", "properties": { "FID": 388, "TYPEPIPE": "Interstate", "Operator": "Eastern Shore Nat Gas Co", "Status": "Operating", "Shape_Leng": 0.44836395734099999, "Shape__Length": 62666.14776517501 }, "geometry": { "type": "LineString", "coordinates": [ [ -75.53621, 38.878795 ], [ -75.536394, 38.877608000000102 ], [ -75.537368, 38.874467 ], [ -75.537368, 38.874182 ], [ -75.537855, 38.871328 ], [ -75.537853, 38.868189 ], [ -75.537852, 38.865051 ], [ -75.539314, 38.861910000000101 ], [ -75.5398, 38.858771 ], [ -75.539799, 38.855632 ], [ -75.540773, 38.852492 ], [ -75.541747, 38.849352000000103 ], [ -75.542233, 38.846213 ], [ -75.54272, 38.844501 ], [ -75.542719, 38.843074000000101 ], [ -75.543205, 38.839935 ], [ -75.544179, 38.836796 ], [ -75.544665, 38.833657000000102 ], [ -75.545638999999895, 38.830517 ], [ -75.546613, 38.827377 ], [ -75.547099, 38.824238 ], [ -75.547586, 38.822526 ], [ -75.547585, 38.821100000000101 ], [ -75.548070999999894, 38.817961 ], [ -75.548557, 38.814822 ], [ -75.549531, 38.811683000000102 ], [ -75.550017, 38.808544 ], [ -75.550991, 38.8054050000001 ], [ -75.551963999999899, 38.802265 ], [ -75.552451, 38.801124000000101 ], [ -75.552938, 38.799126000000101 ], [ -75.552936, 38.795988000000101 ], [ -75.553422, 38.79285 ], [ -75.554883, 38.78971 ], [ -75.556344, 38.78657 ], [ -75.55683, 38.783432 ], [ -75.557316, 38.780294 ], [ -75.557803, 38.780008000000102 ], [ -75.558289, 38.7771550000001 ], [ -75.559263, 38.774016000000103 ], [ -75.559261, 38.770878 ], [ -75.560721999999899, 38.767738000000101 ], [ -75.56072, 38.764601 ], [ -75.561693, 38.761462 ], [ -75.562666, 38.758323 ], [ -75.562664, 38.755471 ], [ -75.562664, 38.755186 ], [ -75.563637, 38.752047 ], [ -75.565585999999897, 38.748907 ], [ -75.567535, 38.7457670000001 ], [ -75.568022, 38.745196 ], [ -75.56802, 38.7426290000001 ], [ -75.568018, 38.739492 ], [ -75.568016, 38.736355000000103 ], [ -75.568501, 38.733217 ], [ -75.568499, 38.73008 ], [ -75.568496, 38.726943 ], [ -75.568494, 38.723806 ], [ -75.569467, 38.720668 ], [ -75.569464, 38.717531000000101 ], [ -75.569462, 38.714394 ], [ -75.569947, 38.711257 ], [ -75.570433, 38.708119000000103 ], [ -75.570918, 38.704982 ], [ -75.570915, 38.701845 ], [ -75.570913, 38.698708000000103 ], [ -75.57091, 38.695572 ], [ -75.570908, 38.692435 ], [ -75.570905, 38.6892980000001 ], [ -75.570902, 38.686162 ], [ -75.570899999999895, 38.6830250000001 ], [ -75.570897, 38.679889000000102 ], [ -75.570407, 38.676753 ], [ -75.570403999999897, 38.673616 ], [ -75.569426, 38.670481 ], [ -75.568935, 38.667345 ], [ -75.567837999999895, 38.666395000000101 ], [ -75.567826, 38.663247 ], [ -75.567326, 38.660099000000102 ], [ -75.567313, 38.656951 ], [ -75.566814, 38.653803 ], [ -75.565827, 38.650655 ], [ -75.565327, 38.647507 ], [ -75.565314, 38.644359000000101 ], [ -75.56384, 38.641211 ], [ -75.562859, 38.639494 ], [ -75.562365999999898, 38.638063 ], [ -75.561379, 38.634915 ], [ -75.560879, 38.631767 ], [ -75.559892, 38.6286190000001 ], [ -75.559392, 38.625471 ], [ -75.558893, 38.622323 ], [ -75.557909999999893, 38.62032 ], [ -75.557418, 38.619175 ], [ -75.556431, 38.616027 ], [ -75.555932, 38.612879 ], [ -75.554457, 38.609731000000103 ], [ -75.5525, 38.607728000000101 ], [ -75.552008999999899, 38.6065830000001 ], [ -75.549073, 38.603435 ], [ -75.547603, 38.601432 ], [ -75.547111, 38.600287 ], [ -75.545637, 38.597139 ], [ -75.543675, 38.593991000000102 ], [ -75.542206, 38.5919880000001 ], [ -75.542201, 38.590843 ], [ -75.541214, 38.587695000000103 ], [ -75.539739999999895, 38.5845470000001 ], [ -75.537292, 38.581685 ], [ -75.537291, 38.581399 ], [ -75.53533, 38.578251000000101 ], [ -75.533855, 38.575103 ], [ -75.532383, 38.572528 ], [ -75.531894, 38.571955000000102 ], [ -75.52847, 38.568807 ], [ -75.527004, 38.567662 ], [ -75.525533999999894, 38.565659 ], [ -75.523086, 38.562511 ], [ -75.522105, 38.561080000000103 ], [ -75.521124, 38.559363 ], [ -75.51965, 38.556215000000101 ], [ -75.518176, 38.553067 ], [ -75.517189, 38.549919 ], [ -75.516701, 38.549919 ], [ -75.515227, 38.546771 ], [ -75.513753, 38.543623 ], [ -75.511791, 38.5404750000001 ], [ -75.510317, 38.537327 ], [ -75.510305, 38.534179 ], [ -75.509317999999894, 38.531031 ], [ -75.508330999999899, 38.527883 ], [ -75.507831, 38.524735 ], [ -75.507818, 38.521587000000103 ], [ -75.507806, 38.5184390000001 ], [ -75.507792999999893, 38.515291 ], [ -75.507781, 38.512143 ], [ -75.507767999999899, 38.508995 ], [ -75.507756, 38.505847000000102 ], [ -75.507743, 38.502699 ], [ -75.507731, 38.499551 ], [ -75.507718, 38.496403 ], [ -75.50868, 38.493255 ], [ -75.508668, 38.490107000000101 ], [ -75.509142999999895, 38.486959 ], [ -75.509618, 38.483811000000102 ], [ -75.51058, 38.480663 ], [ -75.511542, 38.477515 ], [ -75.512504, 38.474367 ], [ -75.513465999999895, 38.471219 ], [ -75.513453, 38.468071000000101 ], [ -75.513441, 38.464923 ], [ -75.513428, 38.461775 ], [ -75.514877999999896, 38.458627 ], [ -75.514865, 38.455479 ], [ -75.515012, 38.454503 ] ] } },
{ "type": "Feature", "properties": { "FID": 389, "TYPEPIPE": "Interstate", "Operator": "Eastern Shore Nat Gas Co", "Status": "Operating", "Shape_Leng": 0.31502971678899999, "Shape__Length": 39970.21104324943 }, "geometry": { "type": "LineString", "coordinates": [ [ -75.712925, 38.699323 ], [ -75.712656, 38.699353 ], [ -75.707792, 38.700227 ], [ -75.702927, 38.7005300000001 ], [ -75.697576, 38.700835 ], [ -75.697576, 38.701120000000103 ], [ -75.692712, 38.702281 ], [ -75.687361, 38.703442000000102 ], [ -75.684929, 38.704308 ], [ -75.682497, 38.704603 ], [ -75.677633, 38.705477 ], [ -75.672281999999896, 38.706067 ], [ -75.667417999999898, 38.707513 ], [ -75.662067, 38.708675 ], [ -75.657203, 38.7101210000001 ], [ -75.656717, 38.710695 ], [ -75.65234, 38.712139 ], [ -75.647476, 38.713871 ], [ -75.646989, 38.713873 ], [ -75.642126, 38.715890000000101 ], [ -75.640667, 38.717039 ], [ -75.636775999999898, 38.718196 ], [ -75.631912, 38.7196420000001 ], [ -75.630453, 38.720219 ], [ -75.627048, 38.721088000000101 ], [ -75.621697, 38.722536 ], [ -75.620724999999894, 38.723397 ], [ -75.616834, 38.725126 ], [ -75.614403, 38.726564 ], [ -75.611971, 38.727716 ], [ -75.60808, 38.729730000000103 ], [ -75.606621, 38.730307 ], [ -75.601757, 38.731754000000102 ], [ -75.599326, 38.732906 ], [ -75.596407, 38.733773 ], [ -75.592031, 38.736076 ], [ -75.591543999999899, 38.736077000000101 ], [ -75.586681, 38.738668 ], [ -75.585222, 38.739244 ], [ -75.581331, 38.740974 ], [ -75.578414, 38.742413 ], [ -75.576468, 38.743564 ], [ -75.574037, 38.745574 ], [ -75.57112, 38.747014 ], [ -75.569175, 38.7487360000001 ], [ -75.566257, 38.750748 ], [ -75.565772, 38.751894 ], [ -75.565286, 38.752753 ], [ -75.549232, 38.752808000000101 ], [ -75.549234, 38.755954 ], [ -75.54875, 38.759101 ], [ -75.547293, 38.762253 ], [ -75.546323, 38.765402 ], [ -75.545839, 38.76855 ], [ -75.544382, 38.770844000000103 ], [ -75.543896, 38.771704 ], [ -75.543413, 38.774852000000102 ], [ -75.542441999999895, 38.7780020000001 ], [ -75.541959, 38.781151000000101 ], [ -75.540989, 38.784302 ], [ -75.540019, 38.787452 ], [ -75.540022, 38.7906 ], [ -75.539051, 38.792320000000103 ], [ -75.538566, 38.793752 ], [ -75.538083, 38.796902 ], [ -75.538086, 38.80005 ], [ -75.535178, 38.809504000000103 ], [ -75.534695, 38.812655 ], [ -75.534212, 38.815805 ], [ -75.534216, 38.818954 ], [ -75.53422, 38.822103 ], [ -75.534223999999895, 38.825252 ], [ -75.534223999999895, 38.825538 ], [ -75.532768, 38.828406 ], [ -75.531313, 38.83156 ], [ -75.530344, 38.834712 ], [ -75.529375, 38.8378650000001 ], [ -75.529375, 38.838151 ], [ -75.528892, 38.841016 ], [ -75.52841, 38.844168 ], [ -75.527928, 38.847319 ], [ -75.527445999999898, 38.850471 ], [ -75.525508, 38.8567770000001 ], [ -75.523571, 38.8630840000001 ], [ -75.523089, 38.8662360000001 ], [ -75.522606999999894, 38.8693880000001 ], [ -75.522126, 38.872541 ], [ -75.521157, 38.8756950000001 ], [ -75.520189, 38.878849000000102 ], [ -75.519707, 38.882001000000102 ], [ -75.519712, 38.885152 ], [ -75.519715, 38.887191 ] ] } },
{ "type": "Feature", "properties": { "FID": 390, "TYPEPIPE": "Interstate", "Operator": "Eastern Shore Nat Gas Co", "Status": "Operating", "Shape_Leng": 0.15838385274, "Shape__Length": 18436.516116310304 }, "geometry": { "type": "LineString", "coordinates": [ [ -76.135982, 38.759706000000101 ], [ -76.120877, 38.7651660000001 ], [ -76.116005, 38.76374 ], [ -76.111131999999898, 38.763746 ], [ -76.107721, 38.762031 ], [ -76.105772, 38.760601000000101 ], [ -76.102361, 38.758886000000103 ], [ -76.1009, 38.758315 ], [ -76.097488999999896, 38.7557410000001 ], [ -76.09554, 38.754884 ], [ -76.069715, 38.734001 ], [ -75.990388999999894, 38.716954 ] ] } },
{ "type": "Feature", "properties": { "FID": 391, "TYPEPIPE": "Interstate", "Operator": "Eastern Shore Nat Gas Co", "Status": "Operating", "Shape_Leng": 0.119291905653, "Shape__Length": 15875.981642277546 }, "geometry": { "type": "LineString", "coordinates": [ [ -75.515012, 38.454503 ], [ -75.51534, 38.4523310000001 ], [ -75.515815, 38.449183 ], [ -75.516289, 38.446035 ], [ -75.516764, 38.442887 ], [ -75.517726, 38.439739 ], [ -75.519175, 38.436591 ], [ -75.51965, 38.433443000000103 ], [ -75.520612, 38.4302950000001 ], [ -75.521582, 38.42915 ], [ -75.522549, 38.427147 ], [ -75.523515, 38.425144 ], [ -75.548367, 38.42543 ], [ -75.548354, 38.422282000000102 ], [ -75.549316, 38.419134 ], [ -75.550765999999896, 38.415986 ], [ -75.552701999999897, 38.4128380000001 ], [ -75.553177, 38.40969 ], [ -75.553168, 38.407401 ], [ -75.553164, 38.406542000000101 ], [ -75.554125999999897, 38.403394 ], [ -75.555088, 38.400246 ], [ -75.555563, 38.397098 ], [ -75.556525, 38.393950000000103 ], [ -75.558466, 38.391947000000101 ], [ -75.558949, 38.3908020000001 ], [ -75.559911, 38.387654 ], [ -75.560873, 38.384506 ], [ -75.561835, 38.381358 ], [ -75.56231, 38.37821 ], [ -75.563274, 38.375634 ], [ -75.563272, 38.375062 ], [ -75.568108999999893, 38.366190000000103 ] ] } },
{ "type": "Feature", "properties": { "FID": 579, "TYPEPIPE": "Interstate", "Operator": "East Tennessee Gas Co", "Status": "Operating", "Shape_Leng": 0.31996515649899998, "Shape__Length": 37538.520622265642 }, "geometry": { "type": "LineString", "coordinates": [ [ -82.538428, 36.444954 ], [ -82.282387, 36.567355 ], [ -82.252758, 36.588103 ] ] } },
{ "type": "Feature", "properties": { "FID": 580, "TYPEPIPE": "Interstate", "Operator": "East Tennessee Gas Co", "Status": "Operating", "Shape_Leng": 0.117671606227, "Shape__Length": 13973.169980676919 }, "geometry": { "type": "LineString", "coordinates": [ [ -80.075264, 37.259904 ], [ -79.9726, 37.2024 ] ] } },
{ "type": "Feature", "properties": { "FID": 581, "TYPEPIPE": "Interstate", "Operator": "East Tennessee Gas Co", "Status": "Operating", "Shape_Leng": 0.12722531855700001, "Shape__Length": 16712.068813317183 }, "geometry": { "type": "LineString", "coordinates": [ [ -82.117436999999896, 36.665245 ], [ -82.186496, 36.772096 ] ] } },
{ "type": "Feature", "properties": { "FID": 582, "TYPEPIPE": "Interstate", "Operator": "East Tennessee Gas Co", "Status": "Operating", "Shape_Leng": 0.23682203573300001, "Shape__Length": 31169.635312103583 }, "geometry": { "type": "LineString", "coordinates": [ [ -82.186496, 36.772096 ], [ -82.285863, 36.926556 ], [ -82.314624, 36.971264 ] ] } },
{ "type": "Feature", "properties": { "FID": 583, "TYPEPIPE": "Interstate", "Operator": "East Tennessee Gas Co", "Status": "Operating", "Shape_Leng": 0.056122417054100003, "Shape__Length": 7654.926520944352 }, "geometry": { "type": "LineString", "coordinates": [ [ -82.314624, 36.971264 ], [ -82.333823999999893, 37.0240000000001 ] ] } },
{ "type": "Feature", "properties": { "FID": 584, "TYPEPIPE": "Interstate", "Operator": "East Tennessee Gas Co", "Status": "Operating", "Shape_Leng": 0.22173143633699999, "Shape__Length": 25248.224620621782 }, "geometry": { "type": "LineString", "coordinates": [ [ -81.552704, 36.852434000000102 ], [ -81.468967, 36.8777410000001 ], [ -81.420996, 36.895115 ], [ -81.34031, 36.915550000000103 ] ] } },
{ "type": "Feature", "properties": { "FID": 585, "TYPEPIPE": "Interstate", "Operator": "East Tennessee Gas Co", "Status": "Operating", "Shape_Leng": 0.116879660472, "Shape__Length": 13170.915504809018 }, "geometry": { "type": "LineString", "coordinates": [ [ -81.34031, 36.915550000000103 ], [ -81.233684, 36.938367 ], [ -81.226018, 36.940008 ] ] } },
{ "type": "Feature", "properties": { "FID": 586, "TYPEPIPE": "Interstate", "Operator": "East Tennessee Gas Co", "Status": "Operating", "Shape_Leng": 0.15918753187500001, "Shape__Length": 17975.708602700306 }, "geometry": { "type": "LineString", "coordinates": [ [ -81.03031, 36.981961 ], [ -80.962364, 36.981961 ], [ -80.919277, 36.996484000000102 ], [ -80.875308, 37.009207000000103 ] ] } },
{ "type": "Feature", "properties": { "FID": 587, "TYPEPIPE": "Interstate", "Operator": "East Tennessee Gas Co", "Status": "Operating", "Shape_Leng": 0.32731386296800002, "Shape__Length": 38483.54236455082 }, "geometry": { "type": "LineString", "coordinates": [ [ -80.875308, 37.009207000000103 ], [ -80.82435, 37.053481 ], [ -80.762774, 37.089241000000101 ], [ -80.660856, 37.125001 ], [ -80.584418, 37.150544 ] ] } },
{ "type": "Feature", "properties": { "FID": 588, "TYPEPIPE": "Interstate", "Operator": "East Tennessee Gas Co", "Status": "Operating", "Shape_Leng": 0.40104354134199999, "Shape__Length": 44899.219046204606 }, "geometry": { "type": "LineString", "coordinates": [ [ -80.584418, 37.150544 ], [ -80.187392, 37.207168 ] ] } },
{ "type": "Feature", "properties": { "FID": 589, "TYPEPIPE": "Interstate", "Operator": "East Tennessee Gas Co", "Status": "Operating", "Shape_Leng": 0.123910346945, "Shape__Length": 14497.191083851701 }, "geometry": { "type": "LineString", "coordinates": [ [ -80.187392, 37.207168 ], [ -80.075264, 37.259904 ] ] } },
{ "type": "Feature", "properties": { "FID": 590, "TYPEPIPE": "Interstate", "Operator": "East Tennessee Gas Co", "Status": "Operating", "Shape_Leng": 0.093163807367299997, "Shape__Length": 10815.325631715701 }, "geometry": { "type": "LineString", "coordinates": [ [ -82.117436999999896, 36.665245 ], [ -82.068633, 36.686365000000102 ], [ -82.048803, 36.694947 ], [ -82.031936, 36.702246000000102 ] ] } },
{ "type": "Feature", "properties": { "FID": 616, "TYPEPIPE": "Interstate", "Operator": "East Tennessee Gas Co", "Status": "Operating", "Shape_Leng": 0.15077385494699999, "Shape__Length": 17765.73964949909 }, "geometry": { "type": "LineString", "coordinates": [ [ -82.250539, 36.5957480000001 ], [ -82.233806, 36.609112 ], [ -82.172399, 36.642282000000101 ], [ -82.117436999999896, 36.665245 ] ] } },
{ "type": "Feature", "properties": { "FID": 617, "TYPEPIPE": "Interstate", "Operator": "East Tennessee Gas Co", "Status": "Operating", "Shape_Leng": 0.029416773446400001, "Shape__Length": 3315.5719103664528 }, "geometry": { "type": "LineString", "coordinates": [ [ -79.9726, 37.2024 ], [ -79.943832, 37.208544000000103 ] ] } },
{ "type": "Feature", "properties": { "FID": 621, "TYPEPIPE": "Interstate", "Operator": "East Tennessee Gas Co", "Status": "Operating", "Shape_Leng": 0.0079605267413999994, "Shape__Length": 1088.3553386599183 }, "geometry": { "type": "LineString", "coordinates": [ [ -82.252758, 36.588103 ], [ -82.250539, 36.5957480000001 ] ] } },
{ "type": "Feature", "properties": { "FID": 634, "TYPEPIPE": "Interstate", "Operator": "East Tennessee Gas Co", "Status": "Operating", "Shape_Leng": 0.13487162949299999, "Shape__Length": 17888.388340325349 }, "geometry": { "type": "LineString", "coordinates": [ [ -82.576696, 36.42666 ], [ -82.578228, 36.431489 ], [ -82.58148, 36.433866000000101 ], [ -82.580593, 36.447655 ], [ -82.582663, 36.454074 ], [ -82.600107, 36.487356 ], [ -82.593011, 36.514457 ], [ -82.587097, 36.533238 ], [ -82.569759, 36.543075 ] ] } },
{ "type": "Feature", "properties": { "FID": 653, "TYPEPIPE": "Interstate", "Operator": "East Tennessee Gas Co", "Status": "Operating", "Shape_Leng": 0.151324515145, "Shape__Length": 17569.665534487194 }, "geometry": { "type": "LineString", "coordinates": [ [ -82.031936, 36.702246000000102 ], [ -81.893057999999897, 36.762346 ] ] } },
{ "type": "Feature", "properties": { "FID": 654, "TYPEPIPE": "Interstate", "Operator": "East Tennessee Gas Co", "Status": "Operating", "Shape_Leng": 0.17407803135399999, "Shape__Length": 19957.700136524902 }, "geometry": { "type": "LineString", "coordinates": [ [ -81.893057999999897, 36.762346 ], [ -81.787265, 36.8081290000001 ], [ -81.748733, 36.812717 ], [ -81.73356, 36.814523000000101 ], [ -81.728874, 36.815081 ] ] } },
{ "type": "Feature", "properties": { "FID": 655, "TYPEPIPE": "Interstate", "Operator": "East Tennessee Gas Co", "Status": "Operating", "Shape_Leng": 0.0478187832237, "Shape__Length": 5368.8849765396581 }, "geometry": { "type": "LineString", "coordinates": [ [ -81.728874, 36.815081 ], [ -81.681797, 36.823471 ] ] } },
{ "type": "Feature", "properties": { "FID": 656, "TYPEPIPE": "Interstate", "Operator": "East Tennessee Gas Co", "Status": "Operating", "Shape_Leng": 0.047723827717399997, "Shape__Length": 5400.9893701376932 }, "geometry": { "type": "LineString", "coordinates": [ [ -81.59898, 36.840768 ], [ -81.552704, 36.852434000000102 ] ] } },
{ "type": "Feature", "properties": { "FID": 657, "TYPEPIPE": "Interstate", "Operator": "East Tennessee Gas Co", "Status": "Operating", "Shape_Leng": 0.084655332345699996, "Shape__Length": 9536.4545033894756 }, "geometry": { "type": "LineString", "coordinates": [ [ -81.681797, 36.823471 ], [ -81.633324, 36.83211 ], [ -81.59898, 36.840768 ] ] } },
{ "type": "Feature", "properties": { "FID": 658, "TYPEPIPE": "Interstate", "Operator": "East Tennessee Gas Co", "Status": "Operating", "Shape_Leng": 0.200154129293, "Shape__Length": 22556.494276544854 }, "geometry": { "type": "LineString", "coordinates": [ [ -81.226018, 36.940008 ], [ -81.03031, 36.981961 ] ] } },
{ "type": "Feature", "properties": { "FID": 659, "TYPEPIPE": "Interstate", "Operator": "East Tennessee Gas Co", "Status": "Operating", "Shape_Leng": 0.071003459887599998, "Shape__Length": 8923.8505131085258 }, "geometry": { "type": "LineString", "coordinates": [ [ -79.731600999999898, 36.5419190000001 ], [ -79.712169, 36.522446000000102 ], [ -79.681447, 36.491659 ] ] } },
{ "type": "Feature", "properties": { "FID": 660, "TYPEPIPE": "Interstate", "Operator": "East Tennessee Gas Co", "Status": "Operating", "Shape_Leng": 1.33678847161, "Shape__Length": 156089.65117151529 }, "geometry": { "type": "LineString", "coordinates": [ [ -80.919277, 36.996484000000102 ], [ -80.833506999999898, 36.882476000000104 ], [ -80.734144, 36.762921 ], [ -80.60442, 36.739683 ], [ -80.453058999999897, 36.727899 ], [ -80.004251, 36.635926 ], [ -79.778209, 36.588626 ], [ -79.731600999999898, 36.5419190000001 ] ] } },
{ "type": "Feature", "properties": { "FID": 1376, "TYPEPIPE": "Interstate", "Operator": "Dominion Transmission Co", "Status": "Operating", "Shape_Leng": 0.066624960157599999, "Shape__Length": 7775.0423238881021 }, "geometry": { "type": "LineString", "coordinates": [ [ -81.27168, 38.419456 ], [ -81.332834, 38.393016 ] ] } },
{ "type": "Feature", "properties": { "FID": 3114, "TYPEPIPE": "Interstate", "Operator": "Columbia Gulf Pipeline", "Status": "Operating", "Shape_Leng": 0.165565518952, "Shape__Length": 20430.772994711981 }, "geometry": { "type": "LineString", "coordinates": [ [ -83.66887, 38.008129000000103 ], [ -83.537798999999893, 38.109284000000102 ] ] } },
{ "type": "Feature", "properties": { "FID": 3118, "TYPEPIPE": "Interstate", "Operator": "Columbia Gulf Pipeline", "Status": "Operating", "Shape_Leng": 0.16282828276, "Shape__Length": 20106.584623068178 }, "geometry": { "type": "LineString", "coordinates": [ [ -83.537798999999893, 38.109284000000102 ], [ -83.483707, 38.151031 ], [ -83.482861, 38.151684 ], [ -83.471019, 38.1608230000001 ], [ -83.408896, 38.208768 ] ] } },
{ "type": "Feature", "properties": { "FID": 3122, "TYPEPIPE": "Interstate", "Operator": "Columbia Gulf Pipeline", "Status": "Operating", "Shape_Leng": 0.11656439498, "Shape__Length": 13098.96368333307 }, "geometry": { "type": "LineString", "coordinates": [ [ -83.408896, 38.208768 ], [ -83.294137, 38.229204 ] ] } },
{ "type": "Feature", "properties": { "FID": 3126, "TYPEPIPE": "Interstate", "Operator": "Columbia Gulf Pipeline", "Status": "Operating", "Shape_Leng": 0.015079054678600001, "Shape__Length": 1706.7198308633638 }, "geometry": { "type": "LineString", "coordinates": [ [ -82.618443, 38.369363 ], [ -82.603776, 38.372864 ] ] } },
{ "type": "Feature", "properties": { "FID": 3130, "TYPEPIPE": "Interstate", "Operator": "Columbia Gulf Pipeline", "Status": "Operating", "Shape_Leng": 0.52289593917099997, "Shape__Length": 58885.197746018785 }, "geometry": { "type": "LineString", "coordinates": [ [ -83.294137, 38.229204 ], [ -82.781152, 38.330528000000101 ] ] } },
{ "type": "Feature", "properties": { "FID": 3138, "TYPEPIPE": "Interstate", "Operator": "Columbia Gulf Pipeline", "Status": "Operating", "Shape_Leng": 0.16727933496399999, "Shape__Length": 18932.956471828409 }, "geometry": { "type": "LineString", "coordinates": [ [ -82.781152, 38.330528000000101 ], [ -82.618443, 38.369363 ] ] } },
{ "type": "Feature", "properties": { "FID": 3144, "TYPEPIPE": "Interstate", "Operator": "Columbia Gulf Pipeline", "Status": "Operating", "Shape_Leng": 0.110786718491, "Shape__Length": 13663.363523570924 }, "geometry": { "type": "LineString", "coordinates": [ [ -83.756574999999899, 37.940442 ], [ -83.66887, 38.008129000000103 ] ] } },
{ "type": "Feature", "properties": { "FID": 3452, "TYPEPIPE": "Interstate", "Operator": "Columbia Gas Trans Co", "Status": "Operating", "Shape_Leng": 0.14848, "Shape__Length": 16528.717992985621 }, "geometry": { "type": "LineString", "coordinates": [ [ -81.521664, 39.452032 ], [ -81.373184, 39.452032 ] ] } },
{ "type": "Feature", "properties": { "FID": 3456, "TYPEPIPE": "Interstate", "Operator": "Columbia Gas Trans Co", "Status": "Operating", "Shape_Leng": 0.12426980711299999, "Shape__Length": 17372.242127341902 }, "geometry": { "type": "LineString", "coordinates": [ [ -81.568896, 39.337088 ], [ -81.521664, 39.452032 ] ] } },
{ "type": "Feature", "properties": { "FID": 3460, "TYPEPIPE": "Interstate", "Operator": "Columbia Gas Trans Co", "Status": "Operating", "Shape_Leng": 0.117273041622, "Shape__Length": 13719.923785066923 }, "geometry": { "type": "LineString", "coordinates": [ [ -81.66016, 39.363712 ], [ -81.645297, 39.359488 ], [ -81.646297, 39.365054 ], [ -81.645377999999894, 39.359399000000103 ], [ -81.558532, 39.334167 ] ] } },
{ "type": "Feature", "properties": { "FID": 3468, "TYPEPIPE": "Interstate", "Operator": "Columbia Gas Trans Co", "Status": "Operating", "Shape_Leng": 0.16027343036200001, "Shape__Length": 23027.913466827613 }, "geometry": { "type": "LineString", "coordinates": [ [ -81.66016, 39.363712 ], [ -81.639808, 39.522688000000102 ] ] } },
{ "type": "Feature", "properties": { "FID": 3472, "TYPEPIPE": "Interstate", "Operator": "Columbia Gas Trans Co", "Status": "Operating", "Shape_Leng": 0.116144305005, "Shape__Length": 16605.11755279671 }, "geometry": { "type": "LineString", "coordinates": [ [ -82.132736, 39.39008 ], [ -82.109328, 39.503841000000101 ] ] } },
{ "type": "Feature", "properties": { "FID": 3475, "TYPEPIPE": "Interstate", "Operator": "Columbia Gas Trans Co", "Status": "Operating", "Shape_Leng": 0.040596184254200002, "Shape__Length": 5546.360035279431 }, "geometry": { "type": "LineString", "coordinates": [ [ -82.112512, 39.35488 ], [ -82.132736, 39.39008 ] ] } },
{ "type": "Feature", "properties": { "FID": 3479, "TYPEPIPE": "Interstate", "Operator": "Columbia Gas Trans Co", "Status": "Operating", "Shape_Leng": 0.034984949592599998, "Shape__Length": 4424.8060133992103 }, "geometry": { "type": "LineString", "coordinates": [ [ -82.138859, 39.331863 ], [ -82.112512, 39.35488 ] ] } },
{ "type": "Feature", "properties": { "FID": 3482, "TYPEPIPE": "Interstate", "Operator": "Columbia Gas Trans Co", "Status": "Operating", "Shape_Leng": 0.075205326812699994, "Shape__Length": 8389.657338106379 }, "geometry": { "type": "LineString", "coordinates": [ [ -82.200504, 39.326951000000101 ], [ -82.125538, 39.332946 ] ] } },
{ "type": "Feature", "properties": { "FID": 3486, "TYPEPIPE": "Interstate", "Operator": "Columbia Gas Trans Co", "Status": "Operating", "Shape_Leng": 0.039196077163399998, "Shape__Length": 4925.2830167950178 }, "geometry": { "type": "LineString", "coordinates": [ [ -82.200504, 39.326951000000101 ], [ -82.170367999999897, 39.301888 ] ] } },
{ "type": "Feature", "properties": { "FID": 3489, "TYPEPIPE": "Interstate", "Operator": "Columbia Gas Trans Co", "Status": "Operating", "Shape_Leng": 0.111137729548, "Shape__Length": 13970.471950072124 }, "geometry": { "type": "LineString", "coordinates": [ [ -82.285952, 39.398016 ], [ -82.200504, 39.326951000000101 ] ] } },
{ "type": "Feature", "properties": { "FID": 3538, "TYPEPIPE": "Interstate", "Operator": "Columbia Gas Trans Co", "Status": "Operating", "Shape_Leng": 0.019060298659799999, "Shape__Length": 2695.5745470545121 }, "geometry": { "type": "LineString", "coordinates": [ [ -82.004352, 39.454976 ], [ -81.998504, 39.473117000000101 ] ] } },
{ "type": "Feature", "properties": { "FID": 3542, "TYPEPIPE": "Interstate", "Operator": "Columbia Gas Trans Co", "Status": "Operating", "Shape_Leng": 0.0793271674018, "Shape__Length": 11277.861332602617 }, "geometry": { "type": "LineString", "coordinates": [ [ -82.024704, 39.378304 ], [ -82.004352, 39.454976 ] ] } },
{ "type": "Feature", "properties": { "FID": 3543, "TYPEPIPE": "Interstate", "Operator": "Dominion Transmission Co", "Status": "Operating", "Shape_Leng": 0.2368, "Shape__Length": 34149.841758958064 }, "geometry": { "type": "LineString", "coordinates": [ [ -77.65056, 39.59296 ], [ -77.65056, 39.35616 ] ] } },
{ "type": "Feature", "properties": { "FID": 3546, "TYPEPIPE": "Interstate", "Operator": "Columbia Gas Trans Co", "Status": "Operating", "Shape_Leng": 0.057828976067399999, "Shape__Length": 6645.7963132136883 }, "geometry": { "type": "LineString", "coordinates": [ [ -81.998504, 39.473117000000101 ], [ -81.943552, 39.455104 ] ] } },
{ "type": "Feature", "properties": { "FID": 3554, "TYPEPIPE": "Interstate", "Operator": "Columbia Gas Trans Co", "Status": "Operating", "Shape_Leng": 0.105441315925, "Shape__Length": 12041.630801083431 }, "geometry": { "type": "LineString", "coordinates": [ [ -81.923456, 39.348864 ], [ -82.024704, 39.378304 ] ] } },
{ "type": "Feature", "properties": { "FID": 3558, "TYPEPIPE": "Interstate", "Operator": "Columbia Gas Trans Co", "Status": "Operating", "Shape_Leng": 0.069788177795299999, "Shape__Length": 9922.5785011117732 }, "geometry": { "type": "LineString", "coordinates": [ [ -81.940352, 39.281152 ], [ -81.923456, 39.348864 ] ] } },
{ "type": "Feature", "properties": { "FID": 3562, "TYPEPIPE": "Interstate", "Operator": "Columbia Gas Trans Co", "Status": "Operating", "Shape_Leng": 0.084403359174899995, "Shape__Length": 9399.5624424136677 }, "geometry": { "type": "LineString", "coordinates": [ [ -82.024704, 39.284096 ], [ -81.940352, 39.281152 ] ] } },
{ "type": "Feature", "properties": { "FID": 3566, "TYPEPIPE": "Interstate", "Operator": "Columbia Gas Trans Co", "Status": "Operating", "Shape_Leng": 0.073575819533300002, "Shape__Length": 10535.273797196418 }, "geometry": { "type": "LineString", "coordinates": [ [ -82.034928, 39.211234 ], [ -82.024704, 39.284096 ] ] } },
{ "type": "Feature", "properties": { "FID": 3569, "TYPEPIPE": "Interstate", "Operator": "Columbia Gas Trans Co", "Status": "Operating", "Shape_Leng": 0.049927427221900002, "Shape__Length": 6728.3560377339809 }, "geometry": { "type": "LineString", "coordinates": [ [ -82.007598, 39.169451 ], [ -82.034928, 39.211234 ] ] } },
{ "type": "Feature", "properties": { "FID": 3574, "TYPEPIPE": "Interstate", "Operator": "Columbia Gas Trans Co", "Status": "Operating", "Shape_Leng": 0.22826035641100001, "Shape__Length": 28813.871945343497 }, "geometry": { "type": "LineString", "coordinates": [ [ -81.984256, 39.189888000000103 ], [ -82.156226, 39.039791 ] ] } },
{ "type": "Feature", "properties": { "FID": 3577, "TYPEPIPE": "Interstate", "Operator": "Columbia Gas Trans Co", "Status": "Operating", "Shape_Leng": 0.106651040576, "Shape__Length": 13380.136155227543 }, "geometry": { "type": "LineString", "coordinates": [ [ -82.023764, 39.164395 ], [ -81.941714, 39.096261 ] ] } },
{ "type": "Feature", "properties": { "FID": 3581, "TYPEPIPE": "Interstate", "Operator": "Columbia Gas Trans Co", "Status": "Operating", "Shape_Leng": 0.0443132479626, "Shape__Length": 5561.4277884872572 }, "geometry": { "type": "LineString", "coordinates": [ [ -82.057856, 39.192704 ], [ -82.023764, 39.164395 ] ] } },
{ "type": "Feature", "properties": { "FID": 3585, "TYPEPIPE": "Interstate", "Operator": "Columbia Gas Trans Co", "Status": "Operating", "Shape_Leng": 0.165603805947, "Shape__Length": 19799.943744414802 }, "geometry": { "type": "LineString", "coordinates": [ [ -81.838976, 39.269376000000101 ], [ -81.984256, 39.189888000000103 ] ] } },
{ "type": "Feature", "properties": { "FID": 3590, "TYPEPIPE": "Interstate", "Operator": "Columbia Gas Trans Co", "Status": "Operating", "Shape_Leng": 0.035717275596, "Shape__Length": 4795.4042881544738 }, "geometry": { "type": "LineString", "coordinates": [ [ -81.818752, 39.298816 ], [ -81.838976, 39.269376000000101 ] ] } },
{ "type": "Feature", "properties": { "FID": 3593, "TYPEPIPE": "Interstate", "Operator": "Columbia Gas Trans Co", "Status": "Operating", "Shape_Leng": 0.039951791749600001, "Shape__Length": 5194.3877877001869 }, "geometry": { "type": "LineString", "coordinates": [ [ -81.791744, 39.328256000000103 ], [ -81.818752, 39.298816 ] ] } },
{ "type": "Feature", "properties": { "FID": 3597, "TYPEPIPE": "Interstate", "Operator": "Columbia Gas Trans Co", "Status": "Operating", "Shape_Leng": 0.12496268371, "Shape__Length": 13913.373224933082 }, "geometry": { "type": "LineString", "coordinates": [ [ -81.666816, 39.325312 ], [ -81.791744, 39.328256000000103 ] ] } },
{ "type": "Feature", "properties": { "FID": 3601, "TYPEPIPE": "Interstate", "Operator": "Columbia Gas Trans Co", "Status": "Operating", "Shape_Leng": 0.038972584415199997, "Shape__Length": 5576.9239774716843 }, "geometry": { "type": "LineString", "coordinates": [ [ -81.66016, 39.363712 ], [ -81.666816, 39.325312 ] ] } },
{ "type": "Feature", "properties": { "FID": 3604, "TYPEPIPE": "Interstate", "Operator": "Columbia Gas Trans Co", "Status": "Operating", "Shape_Leng": 0.189608962489, "Shape__Length": 21658.465896839461 }, "geometry": { "type": "LineString", "coordinates": [ [ -81.842175999999895, 39.416832 ], [ -81.66016, 39.363712 ] ] } },
{ "type": "Feature", "properties": { "FID": 3608, "TYPEPIPE": "Interstate", "Operator": "Columbia Gas Trans Co", "Status": "Operating", "Shape_Leng": 0.10835976818, "Shape__Length": 12561.187810198466 }, "geometry": { "type": "LineString", "coordinates": [ [ -81.943552, 39.455104 ], [ -81.842175999999895, 39.416832 ] ] } },
{ "type": "Feature", "properties": { "FID": 3667, "TYPEPIPE": "Interstate", "Operator": "Columbia Gas Trans Co", "Status": "Operating", "Shape_Leng": 0.034047518793599997, "Shape__Length": 3799.7346354465212 }, "geometry": { "type": "LineString", "coordinates": [ [ -81.339264, 39.449088000000103 ], [ -81.373184, 39.452032 ] ] } },
{ "type": "Feature", "properties": { "FID": 3671, "TYPEPIPE": "Interstate", "Operator": "Columbia Gas Trans Co", "Status": "Operating", "Shape_Leng": 0.17758587331199999, "Shape__Length": 25585.746491562248 }, "geometry": { "type": "LineString", "coordinates": [ [ -81.356288, 39.625856 ], [ -81.339264, 39.449088000000103 ] ] } },
{ "type": "Feature", "properties": { "FID": 3768, "TYPEPIPE": "Interstate", "Operator": "Dominion Transmission Co", "Status": "Operating", "Shape_Leng": 0.023772532721600001, "Shape__Length": 2714.0729639413175 }, "geometry": { "type": "LineString", "coordinates": [ [ -81.141616, 38.581296000000101 ], [ -81.118831999999898, 38.58808 ] ] } },
{ "type": "Feature", "properties": { "FID": 3769, "TYPEPIPE": "Interstate", "Operator": "Dominion Transmission Co", "Status": "Operating", "Shape_Leng": 0.12536112826500001, "Shape__Length": 17502.983746885362 }, "geometry": { "type": "LineString", "coordinates": [ [ -81.180384, 38.4620800000001 ], [ -81.141616, 38.581296000000101 ] ] } },
{ "type": "Feature", "properties": { "FID": 3770, "TYPEPIPE": "Interstate", "Operator": "Dominion Transmission Co", "Status": "Operating", "Shape_Leng": 0.025303422061, "Shape__Length": 2923.0631231253515 }, "geometry": { "type": "LineString", "coordinates": [ [ -81.204095999999893, 38.470912 ], [ -81.180384, 38.4620800000001 ] ] } },
{ "type": "Feature", "properties": { "FID": 3771, "TYPEPIPE": "Interstate", "Operator": "Dominion Transmission Co", "Status": "Operating", "Shape_Leng": 0.078577892221700002, "Shape__Length": 10944.830606179796 }, "geometry": { "type": "LineString", "coordinates": [ [ -81.521697, 37.555877000000102 ], [ -81.537536, 37.478912 ] ] } },
{ "type": "Feature", "properties": { "FID": 3772, "TYPEPIPE": "Interstate", "Operator": "Dominion Transmission Co", "Status": "Operating", "Shape_Leng": 0.23261639528200001, "Shape__Length": 32563.223162315226 }, "geometry": { "type": "LineString", "coordinates": [ [ -81.558272, 37.7856 ], [ -81.521697, 37.555877000000102 ] ] } },
{ "type": "Feature", "properties": { "FID": 3773, "TYPEPIPE": "Interstate", "Operator": "Dominion Transmission Co", "Status": "Operating", "Shape_Leng": 0.101777467683, "Shape__Length": 11365.024044760168 }, "geometry": { "type": "LineString", "coordinates": [ [ -81.551872, 37.752448000000101 ], [ -81.450624, 37.762816 ] ] } },
{ "type": "Feature", "properties": { "FID": 3774, "TYPEPIPE": "Interstate", "Operator": "Dominion Transmission Co", "Status": "Operating", "Shape_Leng": 0.14262996981000001, "Shape__Length": 19194.455563612737 }, "geometry": { "type": "LineString", "coordinates": [ [ -81.117696, 38.637696 ], [ -81.192448, 38.516224000000101 ] ] } },
{ "type": "Feature", "properties": { "FID": 3775, "TYPEPIPE": "Interstate", "Operator": "Dominion Transmission Co", "Status": "Operating", "Shape_Leng": 0.044145342495000003, "Shape__Length": 5225.9057453165451 }, "geometry": { "type": "LineString", "coordinates": [ [ -81.450624, 37.762816 ], [ -81.411584, 37.783424 ] ] } },
{ "type": "Feature", "properties": { "FID": 4106, "TYPEPIPE": "Interstate", "Operator": "Columbia Gas Trans Co", "Status": "Operating", "Shape_Leng": 0.14083688244199999, "Shape__Length": 17647.353678708012 }, "geometry": { "type": "LineString", "coordinates": [ [ -76.965632, 39.241344 ], [ -76.856448, 39.330304 ] ] } },
{ "type": "Feature", "properties": { "FID": 4175, "TYPEPIPE": "Interstate", "Operator": "Columbia Gas Trans Co", "Status": "Operating", "Shape_Leng": 0.238800801339, "Shape__Length": 26597.25165932543 }, "geometry": { "type": "LineString", "coordinates": [ [ -83.4944, 37.896704 ], [ -83.255808, 37.88672 ] ] } },
{ "type": "Feature", "properties": { "FID": 4177, "TYPEPIPE": "Interstate", "Operator": "Columbia Gas Trans Co", "Status": "Operating", "Shape_Leng": 0.244690606669, "Shape__Length": 27270.273839200698 }, "geometry": { "type": "LineString", "coordinates": [ [ -83.738624, 37.9118080000001 ], [ -83.4944, 37.896704 ] ] } },
{ "type": "Feature", "properties": { "FID": 4191, "TYPEPIPE": "Interstate", "Operator": "Columbia Gas Trans Co", "Status": "Operating", "Shape_Leng": 0.32576128251199998, "Shape__Length": 36398.52181427725 }, "geometry": { "type": "LineString", "coordinates": [ [ -83.63648, 38.545408000000101 ], [ -83.31264, 38.510080000000102 ] ] } },
{ "type": "Feature", "properties": { "FID": 4193, "TYPEPIPE": "Interstate", "Operator": "Columbia Gas Trans Co", "Status": "Operating", "Shape_Leng": 0.12190546895, "Shape__Length": 13751.826980937834 }, "geometry": { "type": "LineString", "coordinates": [ [ -83.755776, 38.570496 ], [ -83.63648, 38.545408000000101 ] ] } },
{ "type": "Feature", "properties": { "FID": 4209, "TYPEPIPE": "Interstate", "Operator": "Columbia Gas Trans Co", "Status": "Operating", "Shape_Leng": 0.123778051689, "Shape__Length": 14761.619545318519 }, "geometry": { "type": "LineString", "coordinates": [ [ -82.420992, 38.188288 ], [ -82.31296, 38.248704 ] ] } },
{ "type": "Feature", "properties": { "FID": 4211, "TYPEPIPE": "Interstate", "Operator": "Columbia Gas Trans Co", "Status": "Operating", "Shape_Leng": 0.18291549640499999, "Shape__Length": 22408.8312851845 }, "geometry": { "type": "LineString", "coordinates": [ [ -82.569304, 38.0812290000001 ], [ -82.420992, 38.188288 ] ] } },
{ "type": "Feature", "properties": { "FID": 4213, "TYPEPIPE": "Interstate", "Operator": "Columbia Gas Trans Co", "Status": "Operating", "Shape_Leng": 0.043984695565600002, "Shape__Length": 5500.6030726396039 }, "geometry": { "type": "LineString", "coordinates": [ [ -82.602751999999896, 38.052352 ], [ -82.569464, 38.081102 ] ] } },
{ "type": "Feature", "properties": { "FID": 4215, "TYPEPIPE": "Interstate", "Operator": "Columbia Gas Trans Co", "Status": "Operating", "Shape_Leng": 0.2112, "Shape__Length": 29869.223968887702 }, "geometry": { "type": "LineString", "coordinates": [ [ -82.420992, 37.977088 ], [ -82.420992, 38.188288 ] ] } },
{ "type": "Feature", "properties": { "FID": 4216, "TYPEPIPE": "Interstate", "Operator": "Columbia Gas Trans Co", "Status": "Operating", "Shape_Leng": 0.080999391022400002, "Shape__Length": 9399.9839777839443 }, "geometry": { "type": "LineString", "coordinates": [ [ -82.618443, 38.369363 ], [ -82.693632, 38.399488 ] ] } },
{ "type": "Feature", "properties": { "FID": 4217, "TYPEPIPE": "Interstate", "Operator": "Columbia Gas Trans Co", "Status": "Operating", "Shape_Leng": 0.0469458213689, "Shape__Length": 5662.1323763290175 }, "geometry": { "type": "LineString", "coordinates": [ [ -82.460672, 37.952 ], [ -82.420992, 37.977088 ] ] } },
{ "type": "Feature", "properties": { "FID": 4218, "TYPEPIPE": "Interstate", "Operator": "Columbia Gas Trans Co", "Status": "Operating", "Shape_Leng": 0.124815854862, "Shape__Length": 15888.553629730806 }, "geometry": { "type": "LineString", "coordinates": [ [ -81.214474999999894, 38.546848 ], [ -81.124736, 38.633600000000101 ] ] } },
{ "type": "Feature", "properties": { "FID": 4219, "TYPEPIPE": "Interstate", "Operator": "Columbia Gas Trans Co", "Status": "Operating", "Shape_Leng": 0.036915519554799998, "Shape__Length": 5108.263902480433 }, "geometry": { "type": "LineString", "coordinates": [ [ -82.386944, 37.871616000000103 ], [ -82.398464, 37.836544000000103 ] ] } },
{ "type": "Feature", "properties": { "FID": 4220, "TYPEPIPE": "Interstate", "Operator": "Columbia Gas Trans Co", "Status": "Operating", "Shape_Leng": 0.082502892288700003, "Shape__Length": 9505.7464948736706 }, "geometry": { "type": "LineString", "coordinates": [ [ -80.53579, 38.735824 ], [ -80.457984, 38.763264 ] ] } },
{ "type": "Feature", "properties": { "FID": 4221, "TYPEPIPE": "Interstate", "Operator": "Columbia Gas Trans Co", "Status": "Operating", "Shape_Leng": 0.12742723996300001, "Shape__Length": 16173.662345711135 }, "geometry": { "type": "LineString", "coordinates": [ [ -82.460672, 37.952 ], [ -82.420677, 37.9085630000001 ], [ -82.412723, 37.912858 ], [ -82.420849, 37.908581 ], [ -82.386944, 37.871616000000103 ] ] } },
{ "type": "Feature", "properties": { "FID": 4222, "TYPEPIPE": "Interstate", "Operator": "Columbia Gas Trans Co", "Status": "Operating", "Shape_Leng": 0.0351636351505, "Shape__Length": 3950.9513935183822 }, "geometry": { "type": "LineString", "coordinates": [ [ -80.350549999999899, 38.782054000000102 ], [ -80.315900999999897, 38.788048 ] ] } },
{ "type": "Feature", "properties": { "FID": 4223, "TYPEPIPE": "Interstate", "Operator": "Columbia Gas Trans Co", "Status": "Operating", "Shape_Leng": 0.044764877660900003, "Shape__Length": 5283.2974870425205 }, "geometry": { "type": "LineString", "coordinates": [ [ -82.500608, 37.931776 ], [ -82.460672, 37.952 ] ] } },
{ "type": "Feature", "properties": { "FID": 4225, "TYPEPIPE": "Interstate", "Operator": "Columbia Gas Trans Co", "Status": "Operating", "Shape_Leng": 0.16983067784100001, "Shape__Length": 22255.541307711272 }, "geometry": { "type": "LineString", "coordinates": [ [ -82.602751999999896, 37.796096 ], [ -82.500608, 37.931776 ] ] } },
{ "type": "Feature", "properties": { "FID": 4227, "TYPEPIPE": "Interstate", "Operator": "Columbia Gas Trans Co", "Status": "Operating", "Shape_Leng": 0.20207084077099999, "Shape__Length": 22774.265400320088 }, "geometry": { "type": "LineString", "coordinates": [ [ -82.602751999999896, 37.796096 ], [ -82.45901, 37.826369 ], [ -82.420418, 37.833936 ], [ -82.404925, 37.837275 ] ] } },
{ "type": "Feature", "properties": { "FID": 4229, "TYPEPIPE": "Interstate", "Operator": "Columbia Gas Trans Co", "Status": "Operating", "Shape_Leng": 0.052957979417599998, "Shape__Length": 6626.5462395610357 }, "geometry": { "type": "LineString", "coordinates": [ [ -82.642432, 37.761024 ], [ -82.602751999999896, 37.796096 ] ] } },
{ "type": "Feature", "properties": { "FID": 4231, "TYPEPIPE": "Interstate", "Operator": "Columbia Gas Trans Co", "Status": "Operating", "Shape_Leng": 0.12457252007899999, "Shape__Length": 15896.588439380901 }, "geometry": { "type": "LineString", "coordinates": [ [ -82.59712, 37.725696 ], [ -82.643356, 37.76167 ], [ -82.656577, 37.750856 ], [ -82.666327, 37.735435000000102 ], [ -82.669518, 37.716263 ], [ -82.661221999999896, 37.708695 ] ] } },
{ "type": "Feature", "properties": { "FID": 4233, "TYPEPIPE": "Interstate", "Operator": "Columbia Gas Trans Co", "Status": "Operating", "Shape_Leng": 0.18985372190499999, "Shape__Length": 21208.966255921307 }, "geometry": { "type": "LineString", "coordinates": [ [ -82.587203, 37.857026 ], [ -82.585902, 37.856752 ], [ -82.398464, 37.836544000000103 ] ] } },
{ "type": "Feature", "properties": { "FID": 4235, "TYPEPIPE": "Interstate", "Operator": "Columbia Gas Trans Co", "Status": "Operating", "Shape_Leng": 0.126447147181, "Shape__Length": 14100.779738334961 }, "geometry": { "type": "LineString", "coordinates": [ [ -82.670848, 37.861632 ], [ -82.631238999999894, 37.861080000000101 ], [ -82.587363, 37.857093 ], [ -82.629955999999893, 37.861062000000103 ] ] } },
{ "type": "Feature", "properties": { "FID": 4237, "TYPEPIPE": "Interstate", "Operator": "Columbia Gas Trans Co", "Status": "Operating", "Shape_Leng": 0.16670632727000001, "Shape__Length": 19059.080399805927 }, "geometry": { "type": "LineString", "coordinates": [ [ -82.057472, 37.891584000000101 ], [ -81.898496, 37.841408 ] ] } },
{ "type": "Feature", "properties": { "FID": 4239, "TYPEPIPE": "Interstate", "Operator": "Columbia Gas Trans Co", "Status": "Operating", "Shape_Leng": 0.078121955940699997, "Shape__Length": 8963.7452109750593 }, "geometry": { "type": "LineString", "coordinates": [ [ -82.131456, 37.866496 ], [ -82.057472, 37.891584000000101 ] ] } },
{ "type": "Feature", "properties": { "FID": 4241, "TYPEPIPE": "Interstate", "Operator": "Columbia Gas Trans Co", "Status": "Operating", "Shape_Leng": 0.28257437261599999, "Shape__Length": 31979.613011230031 }, "geometry": { "type": "LineString", "coordinates": [ [ -82.398464, 37.836544000000103 ], [ -82.314223, 37.846049 ], [ -82.314382, 37.853028 ], [ -82.314223, 37.846112 ], [ -82.131456, 37.866496 ] ] } },
{ "type": "Feature", "properties": { "FID": 4243, "TYPEPIPE": "Interstate", "Operator": "Columbia Gas Trans Co", "Status": "Operating", "Shape_Leng": 0.078576778130300007, "Shape__Length": 9314.1508034150138 }, "geometry": { "type": "LineString", "coordinates": [ [ -82.46718, 37.804111 ], [ -82.446334, 37.825701 ], [ -82.399009, 37.8366070000001 ] ] } },
{ "type": "Feature", "properties": { "FID": 4245, "TYPEPIPE": "Interstate", "Operator": "Columbia Gas Trans Co", "Status": "Operating", "Shape_Leng": 0.047359259791499998, "Shape__Length": 6014.8320031735921 }, "geometry": { "type": "LineString", "coordinates": [ [ -82.500608, 37.771008000000101 ], [ -82.46718, 37.804556 ] ] } },
{ "type": "Feature", "properties": { "FID": 4247, "TYPEPIPE": "Interstate", "Operator": "Columbia Gas Trans Co", "Status": "Operating", "Shape_Leng": 0.10661962055800001, "Shape__Length": 12494.84083458339 }, "geometry": { "type": "LineString", "coordinates": [ [ -82.59712, 37.725696 ], [ -82.500608, 37.771008000000101 ] ] } },
{ "type": "Feature", "properties": { "FID": 4249, "TYPEPIPE": "Interstate", "Operator": "Columbia Gas Trans Co", "Status": "Operating", "Shape_Leng": 0.0669174402379, "Shape__Length": 8045.8014790121606 }, "geometry": { "type": "LineString", "coordinates": [ [ -82.540288, 37.690368 ], [ -82.59712, 37.725696 ] ] } },
{ "type": "Feature", "properties": { "FID": 4251, "TYPEPIPE": "Interstate", "Operator": "Columbia Gas Trans Co", "Status": "Operating", "Shape_Leng": 0.024875508276200001, "Shape__Length": 2899.1679404707975 }, "geometry": { "type": "LineString", "coordinates": [ [ -82.517504, 37.680384000000103 ], [ -82.540288, 37.690368 ] ] } },
{ "type": "Feature", "properties": { "FID": 4253, "TYPEPIPE": "Interstate", "Operator": "Columbia Gas Trans Co", "Status": "Operating", "Shape_Leng": 0.117430635049, "Shape__Length": 15428.982878238252 }, "geometry": { "type": "LineString", "coordinates": [ [ -82.585856, 37.5848960000001 ], [ -82.517504, 37.680384000000103 ] ] } },
{ "type": "Feature", "properties": { "FID": 4255, "TYPEPIPE": "Interstate", "Operator": "Columbia Gas Trans Co", "Status": "Operating", "Shape_Leng": 0.071094753674199998, "Shape__Length": 9687.4034508141358 }, "geometry": { "type": "LineString", "coordinates": [ [ -82.614016, 37.519616 ], [ -82.585856, 37.5848960000001 ] ] } },
{ "type": "Feature", "properties": { "FID": 4257, "TYPEPIPE": "Interstate", "Operator": "Columbia Gas Trans Co", "Status": "Operating", "Shape_Leng": 0.034079744600499999, "Shape__Length": 4368.222701698649 }, "geometry": { "type": "LineString", "coordinates": [ [ -82.636799999999894, 37.494272000000102 ], [ -82.622541, 37.510133000000103 ], [ -82.614016, 37.519616 ] ] } },
{ "type": "Feature", "properties": { "FID": 4259, "TYPEPIPE": "Interstate", "Operator": "Columbia Gas Trans Co", "Status": "Operating", "Shape_Leng": 0.043811403258000002, "Shape__Length": 4895.2265559261741 }, "geometry": { "type": "LineString", "coordinates": [ [ -82.90944, 37.509376 ], [ -82.933373, 37.506821000000102 ], [ -82.952973, 37.504454000000102 ] ] } },
{ "type": "Feature", "properties": { "FID": 4261, "TYPEPIPE": "Interstate", "Operator": "Columbia Gas Trans Co", "Status": "Operating", "Shape_Leng": 0.035554520162699998, "Shape__Length": 4053.5090707171771 }, "geometry": { "type": "LineString", "coordinates": [ [ -82.875392, 37.519616 ], [ -82.90944, 37.509376 ] ] } },
{ "type": "Feature", "properties": { "FID": 4263, "TYPEPIPE": "Interstate", "Operator": "Columbia Gas Trans Co", "Status": "Operating", "Shape_Leng": 0.097027039530200004, "Shape__Length": 10834.676158074106 }, "geometry": { "type": "LineString", "coordinates": [ [ -82.77888, 37.529600000000102 ], [ -82.875392, 37.519616 ] ] } },
{ "type": "Feature", "properties": { "FID": 4265, "TYPEPIPE": "Interstate", "Operator": "Columbia Gas Trans Co", "Status": "Operating", "Shape_Leng": 0.0607303212983, "Shape__Length": 8554.4227372668647 }, "geometry": { "type": "LineString", "coordinates": [ [ -82.55744, 38.2384640000001 ], [ -82.568638, 38.298153 ] ] } },
{ "type": "Feature", "properties": { "FID": 4267, "TYPEPIPE": "Interstate", "Operator": "Columbia Gas Trans Co", "Status": "Operating", "Shape_Leng": 0.0514247865528, "Shape__Length": 7221.5654557389134 }, "geometry": { "type": "LineString", "coordinates": [ [ -82.636799999999894, 38.218496000000101 ], [ -82.625536, 38.268672 ] ] } },
{ "type": "Feature", "properties": { "FID": 4269, "TYPEPIPE": "Interstate", "Operator": "Columbia Gas Trans Co", "Status": "Operating", "Shape_Leng": 0.17842206824199999, "Shape__Length": 24605.009346536684 }, "geometry": { "type": "LineString", "coordinates": [ [ -82.602751999999896, 38.052352 ], [ -82.629083, 38.111154 ], [ -82.651900999999896, 38.166953 ], [ -82.636799999999894, 38.218496000000101 ] ] } },
{ "type": "Feature", "properties": { "FID": 4271, "TYPEPIPE": "Interstate", "Operator": "Columbia Gas Trans Co", "Status": "Operating", "Shape_Leng": 0.049730721289800002, "Shape__Length": 5540.0872443134558 }, "geometry": { "type": "LineString", "coordinates": [ [ -82.578696, 38.35176 ], [ -82.529023999999893, 38.354176 ] ] } },
{ "type": "Feature", "properties": { "FID": 4273, "TYPEPIPE": "Interstate", "Operator": "Columbia Gas Trans Co", "Status": "Operating", "Shape_Leng": 0.059331745465699998, "Shape__Length": 8354.820826874884 }, "geometry": { "type": "LineString", "coordinates": [ [ -82.602751999999896, 38.052352 ], [ -82.593836, 38.1110100000001 ] ] } },
{ "type": "Feature", "properties": { "FID": 4275, "TYPEPIPE": "Interstate", "Operator": "Columbia Gas Trans Co", "Status": "Operating", "Shape_Leng": 0.13250498032899999, "Shape__Length": 18493.355502507799 }, "geometry": { "type": "LineString", "coordinates": [ [ -82.593676, 38.1110100000001 ], [ -82.55744, 38.2384640000001 ] ] } },
{ "type": "Feature", "properties": { "FID": 4277, "TYPEPIPE": "Interstate", "Operator": "Columbia Gas Trans Co", "Status": "Operating", "Shape_Leng": 0.172476378441, "Shape__Length": 23743.476180193549 }, "geometry": { "type": "LineString", "coordinates": [ [ -82.665216, 37.891584000000101 ], [ -82.602751999999896, 38.052352 ] ] } },
{ "type": "Feature", "properties": { "FID": 4278, "TYPEPIPE": "Interstate", "Operator": "Columbia Gas Trans Co", "Status": "Operating", "Shape_Leng": 0.054542403806599998, "Shape__Length": 7688.6608561523963 }, "geometry": { "type": "LineString", "coordinates": [ [ -82.568638, 38.298153 ], [ -82.578696, 38.35176 ] ] } },
{ "type": "Feature", "properties": { "FID": 4279, "TYPEPIPE": "Interstate", "Operator": "Columbia Gas Trans Co", "Status": "Operating", "Shape_Leng": 0.030476904829799999, "Shape__Length": 4270.3887897700179 }, "geometry": { "type": "LineString", "coordinates": [ [ -82.670848, 37.861632 ], [ -82.665216, 37.891584000000101 ] ] } },
{ "type": "Feature", "properties": { "FID": 4280, "TYPEPIPE": "Interstate", "Operator": "Columbia Gas Trans Co", "Status": "Operating", "Shape_Leng": 0.030510482526499998, "Shape__Length": 4122.2780015720109 }, "geometry": { "type": "LineString", "coordinates": [ [ -82.625536, 38.268672 ], [ -82.610574, 38.295262 ] ] } },
{ "type": "Feature", "properties": { "FID": 4281, "TYPEPIPE": "Interstate", "Operator": "Columbia Gas Trans Co", "Status": "Operating", "Shape_Leng": 0.136701602975, "Shape__Length": 18950.807057662216 }, "geometry": { "type": "LineString", "coordinates": [ [ -82.710528, 37.730816 ], [ -82.670848, 37.861632 ] ] } },
{ "type": "Feature", "properties": { "FID": 4282, "TYPEPIPE": "Interstate", "Operator": "Columbia Gas Trans Co", "Status": "Operating", "Shape_Leng": 0.017287225370199999, "Shape__Length": 2336.8660134773545 }, "geometry": { "type": "LineString", "coordinates": [ [ -82.587191, 38.336704 ], [ -82.578696, 38.35176 ] ] } },
{ "type": "Feature", "properties": { "FID": 4283, "TYPEPIPE": "Interstate", "Operator": "Columbia Gas Trans Co", "Status": "Operating", "Shape_Leng": 0.21250852820499999, "Shape__Length": 29288.700409577701 }, "geometry": { "type": "LineString", "coordinates": [ [ -82.77888, 37.529600000000102 ], [ -82.710528, 37.730816 ] ] } },
{ "type": "Feature", "properties": { "FID": 4284, "TYPEPIPE": "Interstate", "Operator": "Columbia Gas Trans Co", "Status": "Operating", "Shape_Leng": 0.031957144256, "Shape__Length": 4063.7411658349697 }, "geometry": { "type": "LineString", "coordinates": [ [ -81.813269, 38.1809620000001 ], [ -81.836032, 38.2033920000001 ] ] } },
{ "type": "Feature", "properties": { "FID": 4285, "TYPEPIPE": "Interstate", "Operator": "Columbia Gas Trans Co", "Status": "Operating", "Shape_Leng": 0.15984743581700001, "Shape__Length": 18009.928438072151 }, "geometry": { "type": "LineString", "coordinates": [ [ -82.625180999999898, 37.509757 ], [ -82.77833, 37.523546000000103 ], [ -82.77888, 37.529600000000102 ] ] } },
{ "type": "Feature", "properties": { "FID": 4286, "TYPEPIPE": "Interstate", "Operator": "Columbia Gas Trans Co", "Status": "Operating", "Shape_Leng": 0.16055996614699999, "Shape__Length": 18671.672732684699 }, "geometry": { "type": "LineString", "coordinates": [ [ -82.461283, 38.310184 ], [ -82.31296, 38.248704 ] ] } },
{ "type": "Feature", "properties": { "FID": 4287, "TYPEPIPE": "Interstate", "Operator": "Columbia Gas Trans Co", "Status": "Operating", "Shape_Leng": 0.26929230016200001, "Shape__Length": 32354.167399160902 }, "geometry": { "type": "LineString", "coordinates": [ [ -82.955726, 37.373832 ], [ -82.922825, 37.290930000000102 ], [ -82.744832, 37.3184 ] ] } },
{ "type": "Feature", "properties": { "FID": 4288, "TYPEPIPE": "Interstate", "Operator": "Columbia Gas Trans Co", "Status": "Operating", "Shape_Leng": 0.023100542439500001, "Shape__Length": 3297.2509108034292 }, "geometry": { "type": "LineString", "coordinates": [ [ -82.943166, 38.766431 ], [ -82.943672, 38.743336 ] ] } },
{ "type": "Feature", "properties": { "FID": 4289, "TYPEPIPE": "Interstate", "Operator": "Columbia Gas Trans Co", "Status": "Operating", "Shape_Leng": 0.314093306096, "Shape__Length": 41067.233605410176 }, "geometry": { "type": "LineString", "coordinates": [ [ -82.919406, 37.355896 ], [ -82.911892, 37.290134000000101 ], [ -82.9476, 37.284897 ], [ -82.979842, 37.184135 ], [ -83.005021999999897, 37.159012 ], [ -83.032235, 37.122616 ], [ -83.056416, 37.116252 ] ] } },
{ "type": "Feature", "properties": { "FID": 4290, "TYPEPIPE": "Interstate", "Operator": "Columbia Gas Trans Co", "Status": "Operating", "Shape_Leng": 0.203712351869, "Shape__Length": 22681.389608089827 }, "geometry": { "type": "LineString", "coordinates": [ [ -81.563904, 37.554816000000102 ], [ -81.360255999999893, 37.559936 ] ] } },
{ "type": "Feature", "properties": { "FID": 4291, "TYPEPIPE": "Interstate", "Operator": "Columbia Gas Trans Co", "Status": "Operating", "Shape_Leng": 0.0511274119236, "Shape__Length": 5916.0842357746242 }, "geometry": { "type": "LineString", "coordinates": [ [ -81.467758, 38.2474080000001 ], [ -81.515457, 38.229001 ] ] } },
{ "type": "Feature", "properties": { "FID": 4293, "TYPEPIPE": "Interstate", "Operator": "Columbia Gas Trans Co", "Status": "Operating", "Shape_Leng": 0.088629214427299999, "Shape__Length": 11173.235645027264 }, "geometry": { "type": "LineString", "coordinates": [ [ -81.402887, 38.30661 ], [ -81.468394, 38.246911 ] ] } },
{ "type": "Feature", "properties": { "FID": 4295, "TYPEPIPE": "Interstate", "Operator": "Columbia Gas Trans Co", "Status": "Operating", "Shape_Leng": 0.12544653044199999, "Shape__Length": 14719.171262588481 }, "geometry": { "type": "LineString", "coordinates": [ [ -81.473024, 38.779264 ], [ -81.358848, 38.831232 ] ] } },
{ "type": "Feature", "properties": { "FID": 4297, "TYPEPIPE": "Interstate", "Operator": "Columbia Gas Trans Co", "Status": "Operating", "Shape_Leng": 0.064755603556800004, "Shape__Length": 9122.7746830912038 }, "geometry": { "type": "LineString", "coordinates": [ [ -81.446784, 38.828672 ], [ -81.46432, 38.891008 ] ] } },
{ "type": "Feature", "properties": { "FID": 4299, "TYPEPIPE": "Interstate", "Operator": "Columbia Gas Trans Co", "Status": "Operating", "Shape_Leng": 0.055943615042299999, "Shape__Length": 7638.3473245659225 }, "geometry": { "type": "LineString", "coordinates": [ [ -81.473024, 38.779264 ], [ -81.446784, 38.828672 ] ] } },
{ "type": "Feature", "properties": { "FID": 4301, "TYPEPIPE": "Interstate", "Operator": "Columbia Gas Trans Co", "Status": "Operating", "Shape_Leng": 0.057704154720399997, "Shape__Length": 6756.3171594012483 }, "geometry": { "type": "LineString", "coordinates": [ [ -81.52576, 38.75584 ], [ -81.473024, 38.779264 ] ] } },
{ "type": "Feature", "properties": { "FID": 4303, "TYPEPIPE": "Interstate", "Operator": "Columbia Gas Trans Co", "Status": "Operating", "Shape_Leng": 0.126251676013, "Shape__Length": 14480.212993943984 }, "geometry": { "type": "LineString", "coordinates": [ [ -81.645824, 38.7168 ], [ -81.52576, 38.75584 ] ] } },
{ "type": "Feature", "properties": { "FID": 4305, "TYPEPIPE": "Interstate", "Operator": "Columbia Gas Trans Co", "Status": "Operating", "Shape_Leng": 0.091880286634300007, "Shape__Length": 11343.521694623509 }, "geometry": { "type": "LineString", "coordinates": [ [ -81.619584, 38.849408 ], [ -81.69344, 38.904064 ] ] } },
{ "type": "Feature", "properties": { "FID": 4307, "TYPEPIPE": "Interstate", "Operator": "Columbia Gas Trans Co", "Status": "Operating", "Shape_Leng": 0.115631051331, "Shape__Length": 14223.895170790141 }, "geometry": { "type": "LineString", "coordinates": [ [ -81.52576, 38.781824 ], [ -81.619584, 38.849408 ] ] } },
{ "type": "Feature", "properties": { "FID": 4309, "TYPEPIPE": "Interstate", "Operator": "Columbia Gas Trans Co", "Status": "Operating", "Shape_Leng": 0.0527980993597, "Shape__Length": 5881.9158279000712 }, "geometry": { "type": "LineString", "coordinates": [ [ -81.473024, 38.779264 ], [ -81.52576, 38.781824 ] ] } },
{ "type": "Feature", "properties": { "FID": 4311, "TYPEPIPE": "Interstate", "Operator": "Columbia Gas Trans Co", "Status": "Operating", "Shape_Leng": 0.105848466125, "Shape__Length": 11851.101320111515 }, "geometry": { "type": "LineString", "coordinates": [ [ -81.416998, 38.432105 ], [ -81.312128, 38.446464 ] ] } },
{ "type": "Feature", "properties": { "FID": 4313, "TYPEPIPE": "Interstate", "Operator": "Columbia Gas Trans Co", "Status": "Operating", "Shape_Leng": 0.135179211656, "Shape__Length": 19161.010920337831 }, "geometry": { "type": "LineString", "coordinates": [ [ -81.645824, 38.7168 ], [ -81.619584, 38.849408 ] ] } },
{ "type": "Feature", "properties": { "FID": 4315, "TYPEPIPE": "Interstate", "Operator": "Columbia Gas Trans Co", "Status": "Operating", "Shape_Leng": 0.077952, "Shape__Length": 11115.51923689805 }, "geometry": { "type": "LineString", "coordinates": [ [ -81.645824, 38.638848 ], [ -81.645824, 38.7168 ] ] } },
{ "type": "Feature", "properties": { "FID": 4317, "TYPEPIPE": "Interstate", "Operator": "Columbia Gas Trans Co", "Status": "Operating", "Shape_Leng": 0.090880540843399998, "Shape__Length": 12261.121853495648 }, "geometry": { "type": "LineString", "coordinates": [ [ -81.599104, 38.560896 ], [ -81.645824, 38.638848 ] ] } },
{ "type": "Feature", "properties": { "FID": 4319, "TYPEPIPE": "Interstate", "Operator": "Columbia Gas Trans Co", "Status": "Operating", "Shape_Leng": 0.111172934211, "Shape__Length": 13812.674336583494 }, "geometry": { "type": "LineString", "coordinates": [ [ -81.27104, 38.485504 ], [ -81.357889999999898, 38.416103 ] ] } },
{ "type": "Feature", "properties": { "FID": 4321, "TYPEPIPE": "Interstate", "Operator": "Columbia Gas Trans Co", "Status": "Operating", "Shape_Leng": 0.133863377354, "Shape__Length": 15136.187513131466 }, "geometry": { "type": "LineString", "coordinates": [ [ -81.693506, 38.489552000000103 ], [ -81.687145, 38.481749 ], [ -81.682873, 38.482492 ], [ -81.563904, 38.493312000000103 ] ] } },
{ "type": "Feature", "properties": { "FID": 4323, "TYPEPIPE": "Interstate", "Operator": "Columbia Gas Trans Co", "Status": "Operating", "Shape_Leng": 0.157818342153, "Shape__Length": 21495.656207887008 }, "geometry": { "type": "LineString", "coordinates": [ [ -82.170367999999897, 38.865152000000101 ], [ -82.093312, 39.00288 ] ] } },
{ "type": "Feature", "properties": { "FID": 4325, "TYPEPIPE": "Interstate", "Operator": "Columbia Gas Trans Co", "Status": "Operating", "Shape_Leng": 0.037842938752600003, "Shape__Length": 4832.1065504115104 }, "geometry": { "type": "LineString", "coordinates": [ [ -82.193177, 38.839739000000101 ], [ -82.192539, 38.851558 ], [ -82.170367999999897, 38.865152000000101 ] ] } },
{ "type": "Feature", "properties": { "FID": 4327, "TYPEPIPE": "Interstate", "Operator": "Columbia Gas Trans Co", "Status": "Operating", "Shape_Leng": 0.051247497968200002, "Shape__Length": 6459.4435123660023 }, "geometry": { "type": "LineString", "coordinates": [ [ -82.131839999999897, 38.831360000000103 ], [ -82.170367999999897, 38.865152000000101 ] ] } },
{ "type": "Feature", "properties": { "FID": 4329, "TYPEPIPE": "Interstate", "Operator": "Columbia Gas Trans Co", "Status": "Operating", "Shape_Leng": 0.098849569427500006, "Shape__Length": 13285.245089854458 }, "geometry": { "type": "LineString", "coordinates": [ [ -82.185216, 38.74816 ], [ -82.131839999999897, 38.831360000000103 ] ] } },
{ "type": "Feature", "properties": { "FID": 4331, "TYPEPIPE": "Interstate", "Operator": "Columbia Gas Trans Co", "Status": "Operating", "Shape_Leng": 0.065638419968800002, "Shape__Length": 9330.4282161174324 }, "geometry": { "type": "LineString", "coordinates": [ [ -82.176256, 38.683136 ], [ -82.185216, 38.74816 ] ] } },
{ "type": "Feature", "properties": { "FID": 4333, "TYPEPIPE": "Interstate", "Operator": "Columbia Gas Trans Co", "Status": "Operating", "Shape_Leng": 0.17308714512600001, "Shape__Length": 24143.900929363466 }, "geometry": { "type": "LineString", "coordinates": [ [ -82.120064, 38.5194240000001 ], [ -82.176256, 38.683136 ] ] } },
{ "type": "Feature", "properties": { "FID": 4334, "TYPEPIPE": "Interstate", "Operator": "Columbia Gas Trans Co", "Status": "Operating", "Shape_Leng": 0.17651811108500001, "Shape__Length": 25458.608767657464 }, "geometry": { "type": "LineString", "coordinates": [ [ -82.601241, 39.576662 ], [ -82.59712, 39.400192 ] ] } },
{ "type": "Feature", "properties": { "FID": 4335, "TYPEPIPE": "Interstate", "Operator": "Columbia Gas Trans Co", "Status": "Operating", "Shape_Leng": 0.080247223628000006, "Shape__Length": 10970.228372585629 }, "geometry": { "type": "LineString", "coordinates": [ [ -82.084536, 38.447470000000102 ], [ -82.120064, 38.5194240000001 ] ] } },
{ "type": "Feature", "properties": { "FID": 4337, "TYPEPIPE": "Interstate", "Operator": "Columbia Gas Trans Co", "Status": "Operating", "Shape_Leng": 0.032787664082700001, "Shape__Length": 3656.32399816422 }, "geometry": { "type": "LineString", "coordinates": [ [ -82.084536, 38.447470000000102 ], [ -82.05184, 38.44992 ] ] } },
{ "type": "Feature", "properties": { "FID": 4339, "TYPEPIPE": "Interstate", "Operator": "Columbia Gas Trans Co", "Status": "Operating", "Shape_Leng": 0.035755828000499999, "Shape__Length": 3987.3088368005647 }, "geometry": { "type": "LineString", "coordinates": [ [ -82.120192, 38.4448 ], [ -82.084536, 38.447470000000102 ] ] } },
{ "type": "Feature", "properties": { "FID": 4341, "TYPEPIPE": "Interstate", "Operator": "Columbia Gas Trans Co", "Status": "Operating", "Shape_Leng": 0.057328760997499999, "Shape__Length": 6716.88659394757 }, "geometry": { "type": "LineString", "coordinates": [ [ -81.743872, 38.470144 ], [ -81.705184, 38.478999 ], [ -81.701386, 38.479816 ], [ -81.697209, 38.4808570000001 ], [ -81.693506, 38.489552000000103 ] ] } },
{ "type": "Feature", "properties": { "FID": 4342, "TYPEPIPE": "Interstate", "Operator": "Columbia Gas Trans Co", "Status": "Operating", "Shape_Leng": 0.082332129870400006, "Shape__Length": 9213.9134011290134 }, "geometry": { "type": "LineString", "coordinates": [ [ -82.551032, 39.248859 ], [ -82.632704, 39.259264 ] ] } },
{ "type": "Feature", "properties": { "FID": 4343, "TYPEPIPE": "Interstate", "Operator": "Columbia Gas Trans Co", "Status": "Operating", "Shape_Leng": 0.061891044392499997, "Shape__Length": 8920.8309611693021 }, "geometry": { "type": "LineString", "coordinates": [ [ -79.57696, 39.499264 ], [ -79.57408, 39.43744 ] ] } },
{ "type": "Feature", "properties": { "FID": 4344, "TYPEPIPE": "Interstate", "Operator": "Columbia Gas Trans Co", "Status": "Operating", "Shape_Leng": 0.083871941392800006, "Shape__Length": 11895.722293313927 }, "geometry": { "type": "LineString", "coordinates": [ [ -82.551032, 39.248859 ], [ -82.529023999999893, 39.329792 ] ] } },
{ "type": "Feature", "properties": { "FID": 4345, "TYPEPIPE": "Interstate", "Operator": "Columbia Gas Trans Co", "Status": "Operating", "Shape_Leng": 0.056787288163900003, "Shape__Length": 7052.8778300872791 }, "geometry": { "type": "LineString", "coordinates": [ [ -81.357889999999898, 38.416103 ], [ -81.402254, 38.380654 ] ] } },
{ "type": "Feature", "properties": { "FID": 4346, "TYPEPIPE": "Interstate", "Operator": "Columbia Gas Trans Co", "Status": "Operating", "Shape_Leng": 0.078746722361500002, "Shape__Length": 10813.703284478977 }, "geometry": { "type": "LineString", "coordinates": [ [ -82.568704, 39.1838720000001 ], [ -82.562612, 39.205985 ], [ -82.56828, 39.205857 ], [ -82.562612, 39.205921 ], [ -82.551032, 39.248859 ] ] } },
{ "type": "Feature", "properties": { "FID": 4347, "TYPEPIPE": "Interstate", "Operator": "Columbia Gas Trans Co", "Status": "Operating", "Shape_Leng": 0.10877019879499999, "Shape__Length": 15545.674196785048 }, "geometry": { "type": "LineString", "coordinates": [ [ -81.69344, 38.904064 ], [ -81.696045, 38.795325 ] ] } },
{ "type": "Feature", "properties": { "FID": 4349, "TYPEPIPE": "Interstate", "Operator": "Columbia Gas Trans Co", "Status": "Operating", "Shape_Leng": 0.107249106365, "Shape__Length": 13098.130465276941 }, "geometry": { "type": "LineString", "coordinates": [ [ -81.782399999999896, 38.963968000000101 ], [ -81.69344, 38.904064 ] ] } },
{ "type": "Feature", "properties": { "FID": 4351, "TYPEPIPE": "Interstate", "Operator": "Columbia Gas Trans Co", "Status": "Operating", "Shape_Leng": 0.217235270801, "Shape__Length": 31033.426548272029 }, "geometry": { "type": "LineString", "coordinates": [ [ -82.540288, 38.852096000000103 ], [ -82.562815999999899, 39.06816 ] ] } },
{ "type": "Feature", "properties": { "FID": 4353, "TYPEPIPE": "Interstate", "Operator": "Columbia Gas Trans Co", "Status": "Operating", "Shape_Leng": 0.048038690435499999, "Shape__Length": 6606.9751217560715 }, "geometry": { "type": "LineString", "coordinates": [ [ -82.546176, 38.811904 ], [ -82.541771, 38.842100000000102 ], [ -82.538086, 38.841804 ], [ -82.541825, 38.842142 ], [ -82.540288, 38.852096000000103 ] ] } },
{ "type": "Feature", "properties": { "FID": 4355, "TYPEPIPE": "Interstate", "Operator": "Columbia Gas Trans Co", "Status": "Operating", "Shape_Leng": 0.046710886546899998, "Shape__Length": 5209.1589140513524 }, "geometry": { "type": "LineString", "coordinates": [ [ -82.68547, 38.800091000000101 ], [ -82.732051, 38.803572 ] ] } },
{ "type": "Feature", "properties": { "FID": 4357, "TYPEPIPE": "Interstate", "Operator": "Columbia Gas Trans Co", "Status": "Operating", "Shape_Leng": 0.085009472907400005, "Shape__Length": 9541.534966102945 }, "geometry": { "type": "LineString", "coordinates": [ [ -82.60156, 38.813719 ], [ -82.68547, 38.800091000000101 ] ] } },
{ "type": "Feature", "properties": { "FID": 4359, "TYPEPIPE": "Interstate", "Operator": "Columbia Gas Trans Co", "Status": "Operating", "Shape_Leng": 0.074760705810099998, "Shape__Length": 8837.3619114122084 }, "geometry": { "type": "LineString", "coordinates": [ [ -82.588797999999898, 38.805815000000102 ], [ -82.60156, 38.813719 ], [ -82.603156, 38.825451 ], [ -82.651013, 38.827688000000101 ] ] } },
{ "type": "Feature", "properties": { "FID": 4361, "TYPEPIPE": "Interstate", "Operator": "Columbia Gas Trans Co", "Status": "Operating", "Shape_Leng": 0.044303638872900002, "Shape__Length": 5060.0682097050185 }, "geometry": { "type": "LineString", "coordinates": [ [ -82.587522, 38.805815000000102 ], [ -82.561679, 38.804318000000102 ], [ -82.556277, 38.8094800000001 ], [ -82.545406, 38.810755 ] ] } },
{ "type": "Feature", "properties": { "FID": 4363, "TYPEPIPE": "Interstate", "Operator": "Columbia Gas Trans Co", "Status": "Operating", "Shape_Leng": 0.035734702461299998, "Shape__Length": 5081.1577211899248 }, "geometry": { "type": "LineString", "coordinates": [ [ -82.551552, 38.776576 ], [ -82.546176, 38.811904 ] ] } },
{ "type": "Feature", "properties": { "FID": 4364, "TYPEPIPE": "Interstate", "Operator": "Columbia Gas Trans Co", "Status": "Operating", "Shape_Leng": 0.014028014399700001, "Shape__Length": 1957.8491300840938 }, "geometry": { "type": "LineString", "coordinates": [ [ -81.927053, 38.412132 ], [ -81.922845, 38.39875 ] ] } },
{ "type": "Feature", "properties": { "FID": 4365, "TYPEPIPE": "Interstate", "Operator": "Columbia Gas Trans Co", "Status": "Operating", "Shape_Leng": 0.236288, "Shape__Length": 33684.271396905184 }, "geometry": { "type": "LineString", "coordinates": [ [ -82.551552, 38.540288 ], [ -82.551552, 38.776576 ] ] } },
{ "type": "Feature", "properties": { "FID": 4366, "TYPEPIPE": "Interstate", "Operator": "Columbia Gas Trans Co", "Status": "Operating", "Shape_Leng": 0.047430295012800001, "Shape__Length": 6024.2141177680824 }, "geometry": { "type": "LineString", "coordinates": [ [ -81.416998, 38.432105 ], [ -81.382791999999895, 38.3992480000001 ] ] } },
{ "type": "Feature", "properties": { "FID": 4367, "TYPEPIPE": "Interstate", "Operator": "Columbia Gas Trans Co", "Status": "Operating", "Shape_Leng": 0.12769884572699999, "Shape__Length": 18048.695066877921 }, "geometry": { "type": "LineString", "coordinates": [ [ -82.529023999999893, 38.414592 ], [ -82.551552, 38.540288 ] ] } },
{ "type": "Feature", "properties": { "FID": 4368, "TYPEPIPE": "Interstate", "Operator": "Columbia Gas Trans Co", "Status": "Operating", "Shape_Leng": 0.089803742371900003, "Shape__Length": 10013.979345561944 }, "geometry": { "type": "LineString", "coordinates": [ [ -82.017792, 38.44992 ], [ -81.928232, 38.456532 ] ] } },
{ "type": "Feature", "properties": { "FID": 4369, "TYPEPIPE": "Interstate", "Operator": "Columbia Gas Trans Co", "Status": "Operating", "Shape_Leng": 0.12530905953900001, "Shape__Length": 17790.972830645969 }, "geometry": { "type": "LineString", "coordinates": [ [ -82.057255999999896, 38.325008 ], [ -82.05413, 38.37433 ], [ -82.053721999999894, 38.450217000000102 ] ] } },
{ "type": "Feature", "properties": { "FID": 4370, "TYPEPIPE": "Interstate", "Operator": "Columbia Gas Trans Co", "Status": "Operating", "Shape_Leng": 0.0488722874439, "Shape__Length": 6980.4008497768655 }, "geometry": { "type": "LineString", "coordinates": [ [ -79.751744, 38.842944 ], [ -79.74976, 38.794112 ] ] } },
{ "type": "Feature", "properties": { "FID": 4371, "TYPEPIPE": "Interstate", "Operator": "Columbia Gas Trans Co", "Status": "Operating", "Shape_Leng": 0.074495560136199998, "Shape__Length": 8707.9308435182211 }, "geometry": { "type": "LineString", "coordinates": [ [ -82.125568, 38.29376 ], [ -82.057472, 38.323968 ] ] } },
{ "type": "Feature", "properties": { "FID": 4372, "TYPEPIPE": "Interstate", "Operator": "Columbia Gas Trans Co", "Status": "Operating", "Shape_Leng": 0.047460082309700002, "Shape__Length": 5510.0737488225823 }, "geometry": { "type": "LineString", "coordinates": [ [ -80.342449, 38.783296 ], [ -80.327821, 38.779826 ], [ -80.318281, 38.772389 ], [ -80.298564999999897, 38.777347 ] ] } },
{ "type": "Feature", "properties": { "FID": 4373, "TYPEPIPE": "Interstate", "Operator": "Columbia Gas Trans Co", "Status": "Operating", "Shape_Leng": 0.065072359969500004, "Shape__Length": 8720.5601140821109 }, "geometry": { "type": "LineString", "coordinates": [ [ -82.159872, 38.2384640000001 ], [ -82.125568, 38.29376 ] ] } },
{ "type": "Feature", "properties": { "FID": 4374, "TYPEPIPE": "Interstate", "Operator": "Columbia Gas Trans Co", "Status": "Operating", "Shape_Leng": 0.052087522738100002, "Shape__Length": 5852.5453667758875 }, "geometry": { "type": "LineString", "coordinates": [ [ -80.315900999999897, 38.788048 ], [ -80.264576, 38.796928 ] ] } },
{ "type": "Feature", "properties": { "FID": 4375, "TYPEPIPE": "Interstate", "Operator": "Columbia Gas Trans Co", "Status": "Operating", "Shape_Leng": 0.083231108030600007, "Shape__Length": 9522.7967975480169 }, "geometry": { "type": "LineString", "coordinates": [ [ -82.239232, 38.213376 ], [ -82.159872, 38.2384640000001 ] ] } },
{ "type": "Feature", "properties": { "FID": 4377, "TYPEPIPE": "Interstate", "Operator": "Columbia Gas Trans Co", "Status": "Operating", "Shape_Leng": 0.200233898429, "Shape__Length": 22397.828549759251 }, "geometry": { "type": "LineString", "coordinates": [ [ -81.995008, 38.188288 ], [ -81.796351999999899, 38.163200000000103 ] ] } },
{ "type": "Feature", "properties": { "FID": 4379, "TYPEPIPE": "Interstate", "Operator": "Columbia Gas Trans Co", "Status": "Operating", "Shape_Leng": 0.13819946072299999, "Shape__Length": 15886.886475444788 }, "geometry": { "type": "LineString", "coordinates": [ [ -82.125568, 38.142976 ], [ -81.995008, 38.188288 ] ] } },
{ "type": "Feature", "properties": { "FID": 4381, "TYPEPIPE": "Interstate", "Operator": "Columbia Gas Trans Co", "Status": "Operating", "Shape_Leng": 0.13369990611800001, "Shape__Length": 16108.644254601239 }, "geometry": { "type": "LineString", "coordinates": [ [ -82.239232, 38.213376 ], [ -82.125568, 38.142976 ] ] } },
{ "type": "Feature", "properties": { "FID": 4383, "TYPEPIPE": "Interstate", "Operator": "Columbia Gas Trans Co", "Status": "Operating", "Shape_Leng": 0.034048, "Shape__Length": 3790.2060225289315 }, "geometry": { "type": "LineString", "coordinates": [ [ -82.05184, 38.44992 ], [ -82.017792, 38.44992 ] ] } },
{ "type": "Feature", "properties": { "FID": 4385, "TYPEPIPE": "Interstate", "Operator": "Columbia Gas Trans Co", "Status": "Operating", "Shape_Leng": 0.166226814492, "Shape__Length": 22536.448266335909 }, "geometry": { "type": "LineString", "coordinates": [ [ -81.938175999999899, 38.304 ], [ -82.017792, 38.44992 ] ] } },
{ "type": "Feature", "properties": { "FID": 4387, "TYPEPIPE": "Interstate", "Operator": "Columbia Gas Trans Co", "Status": "Operating", "Shape_Leng": 0.14337142811600001, "Shape__Length": 18239.959175618857 }, "geometry": { "type": "LineString", "coordinates": [ [ -81.836032, 38.2033920000001 ], [ -81.938175999999899, 38.304 ] ] } },
{ "type": "Feature", "properties": { "FID": 4389, "TYPEPIPE": "Interstate", "Operator": "Columbia Gas Trans Co", "Status": "Operating", "Shape_Leng": 0.024529034489800001, "Shape__Length": 3141.9864047926967 }, "geometry": { "type": "LineString", "coordinates": [ [ -81.796351999999899, 38.163200000000103 ], [ -81.813269, 38.1809620000001 ] ] } },
{ "type": "Feature", "properties": { "FID": 4391, "TYPEPIPE": "Interstate", "Operator": "Columbia Gas Trans Co", "Status": "Operating", "Shape_Leng": 0.073728, "Shape__Length": 8207.3634172081947 }, "geometry": { "type": "LineString", "coordinates": [ [ -81.87008, 38.163200000000103 ], [ -81.796351999999899, 38.163200000000103 ] ] } },
{ "type": "Feature", "properties": { "FID": 4393, "TYPEPIPE": "Interstate", "Operator": "Columbia Gas Trans Co", "Status": "Operating", "Shape_Leng": 0.09088, "Shape__Length": 10116.715323291719 }, "geometry": { "type": "LineString", "coordinates": [ [ -81.96096, 38.163200000000103 ], [ -81.87008, 38.163200000000103 ] ] } },
{ "type": "Feature", "properties": { "FID": 4395, "TYPEPIPE": "Interstate", "Operator": "Columbia Gas Trans Co", "Status": "Operating", "Shape_Leng": 0.117345775825, "Shape__Length": 14841.28382108826 }, "geometry": { "type": "LineString", "coordinates": [ [ -82.046208, 38.0825600000001 ], [ -81.96096, 38.163200000000103 ] ] } },
{ "type": "Feature", "properties": { "FID": 4397, "TYPEPIPE": "Interstate", "Operator": "Columbia Gas Trans Co", "Status": "Operating", "Shape_Leng": 0.18176, "Shape__Length": 20233.430646587163 }, "geometry": { "type": "LineString", "coordinates": [ [ -82.227968, 38.0825600000001 ], [ -82.046208, 38.0825600000001 ] ] } },
{ "type": "Feature", "properties": { "FID": 4399, "TYPEPIPE": "Interstate", "Operator": "Columbia Gas Trans Co", "Status": "Operating", "Shape_Leng": 0.13130005160700001, "Shape__Length": 18559.751895709211 }, "geometry": { "type": "LineString", "coordinates": [ [ -82.239232, 38.213376 ], [ -82.227968, 38.0825600000001 ] ] } },
{ "type": "Feature", "properties": { "FID": 4401, "TYPEPIPE": "Interstate", "Operator": "Columbia Gas Trans Co", "Status": "Operating", "Shape_Leng": 0.081755033900099999, "Shape__Length": 9613.8237571311092 }, "geometry": { "type": "LineString", "coordinates": [ [ -82.31296, 38.248704 ], [ -82.239232, 38.213376 ] ] } },
{ "type": "Feature", "properties": { "FID": 4403, "TYPEPIPE": "Interstate", "Operator": "Columbia Gas Trans Co", "Status": "Operating", "Shape_Leng": 0.036260419854199998, "Shape__Length": 4652.2794828710093 }, "geometry": { "type": "LineString", "coordinates": [ [ -82.529023999999893, 38.354176 ], [ -82.504031999999896, 38.327904 ] ] } },
{ "type": "Feature", "properties": { "FID": 4405, "TYPEPIPE": "Interstate", "Operator": "Columbia Gas Trans Co", "Status": "Operating", "Shape_Leng": 0.046276078064100001, "Shape__Length": 5382.141191147025 }, "geometry": { "type": "LineString", "coordinates": [ [ -82.504031999999896, 38.327904 ], [ -82.461283, 38.310184 ] ] } },
{ "type": "Feature", "properties": { "FID": 4407, "TYPEPIPE": "Interstate", "Operator": "Columbia Gas Trans Co", "Status": "Operating", "Shape_Leng": 0.26589713307200002, "Shape__Length": 29929.233520669583 }, "geometry": { "type": "LineString", "coordinates": [ [ -82.381312, 38.3946240000001 ], [ -82.120192, 38.4448 ] ] } },
{ "type": "Feature", "properties": { "FID": 4409, "TYPEPIPE": "Interstate", "Operator": "Columbia Gas Trans Co", "Status": "Operating", "Shape_Leng": 0.0619948281714, "Shape__Length": 7571.4437769878214 }, "geometry": { "type": "LineString", "coordinates": [ [ -82.432256, 38.359296 ], [ -82.381312, 38.3946240000001 ] ] } },
{ "type": "Feature", "properties": { "FID": 4410, "TYPEPIPE": "Interstate", "Operator": "Columbia Gas Trans Co", "Status": "Operating", "Shape_Leng": 0.13218588686, "Shape__Length": 14740.024852363362 }, "geometry": { "type": "LineString", "coordinates": [ [ -81.875698999999898, 38.46041 ], [ -81.743872, 38.470144 ] ] } },
{ "type": "Feature", "properties": { "FID": 4411, "TYPEPIPE": "Interstate", "Operator": "Columbia Gas Trans Co", "Status": "Operating", "Shape_Leng": 0.096903355070900005, "Shape__Length": 10796.65760115788 }, "geometry": { "type": "LineString", "coordinates": [ [ -82.529023999999893, 38.354176 ], [ -82.432256, 38.359296 ] ] } },
{ "type": "Feature", "properties": { "FID": 4412, "TYPEPIPE": "Interstate", "Operator": "Columbia Gas Trans Co", "Status": "Operating", "Shape_Leng": 0.052675943019599998, "Shape__Length": 5873.8750931950772 }, "geometry": { "type": "LineString", "coordinates": [ [ -81.928232, 38.456532 ], [ -81.875698999999898, 38.46041 ] ] } },
{ "type": "Feature", "properties": { "FID": 4413, "TYPEPIPE": "Interstate", "Operator": "Columbia Gas Trans Co", "Status": "Operating", "Shape_Leng": 0.241506395505, "Shape__Length": 33880.675350302976 }, "geometry": { "type": "LineString", "coordinates": [ [ -82.529023999999893, 38.354176 ], [ -82.529022, 38.365394 ], [ -82.529022, 38.414758 ], [ -82.520079, 38.367684 ], [ -82.504383, 38.32805 ], [ -82.52012, 38.367873 ], [ -82.529023999999893, 38.414592 ] ] } },
{ "type": "Feature", "properties": { "FID": 4414, "TYPEPIPE": "Interstate", "Operator": "Columbia Gas Trans Co", "Status": "Operating", "Shape_Leng": 0.017259246797, "Shape__Length": 1942.059438816648 }, "geometry": { "type": "LineString", "coordinates": [ [ -81.69363, 38.489538 ], [ -81.71059, 38.492738 ] ] } },
{ "type": "Feature", "properties": { "FID": 4415, "TYPEPIPE": "Interstate", "Operator": "Columbia Gas Trans Co", "Status": "Operating", "Shape_Leng": 0.02150580417, "Shape__Length": 2521.5226575140896 }, "geometry": { "type": "LineString", "coordinates": [ [ -82.578696, 38.35176 ], [ -82.598234, 38.360747000000103 ] ] } },
{ "type": "Feature", "properties": { "FID": 4416, "TYPEPIPE": "Interstate", "Operator": "Columbia Gas Trans Co", "Status": "Operating", "Shape_Leng": 0.041581432935800001, "Shape__Length": 4631.1092379123875 }, "geometry": { "type": "LineString", "coordinates": [ [ -81.574515, 38.513686 ], [ -81.616063999999895, 38.515328000000103 ] ] } },
{ "type": "Feature", "properties": { "FID": 4417, "TYPEPIPE": "Interstate", "Operator": "Columbia Gas Trans Co", "Status": "Operating", "Shape_Leng": 0.232017486918, "Shape__Length": 29420.578221258387 }, "geometry": { "type": "LineString", "coordinates": [ [ -82.136832, 38.334208 ], [ -82.120045, 38.443884 ], [ -82.076267, 38.441926000000102 ], [ -82.043430999999899, 38.43325 ], [ -82.076267, 38.442215 ], [ -82.083988, 38.447294 ] ] } },
{ "type": "Feature", "properties": { "FID": 4418, "TYPEPIPE": "Interstate", "Operator": "Columbia Gas Trans Co", "Status": "Operating", "Shape_Leng": 0.037241448333799998, "Shape__Length": 5296.9192840882542 }, "geometry": { "type": "LineString", "coordinates": [ [ -81.69344, 38.518464 ], [ -81.692746999999898, 38.481229 ] ] } },
{ "type": "Feature", "properties": { "FID": 4419, "TYPEPIPE": "Interstate", "Operator": "Columbia Gas Trans Co", "Status": "Operating", "Shape_Leng": 0.057761338488699999, "Shape__Length": 7811.2099231140519 }, "geometry": { "type": "LineString", "coordinates": [ [ -82.108672, 38.283776 ], [ -82.136832, 38.334208 ] ] } },
{ "type": "Feature", "properties": { "FID": 4420, "TYPEPIPE": "Interstate", "Operator": "Columbia Gas Trans Co", "Status": "Operating", "Shape_Leng": 0.27687325502100002, "Shape__Length": 39468.437749760655 }, "geometry": { "type": "LineString", "coordinates": [ [ -81.696045, 38.795325 ], [ -81.69344, 38.518464 ] ] } },
{ "type": "Feature", "properties": { "FID": 4421, "TYPEPIPE": "Interstate", "Operator": "Columbia Gas Trans Co", "Status": "Operating", "Shape_Leng": 0.126222798321, "Shape__Length": 17856.533179618098 }, "geometry": { "type": "LineString", "coordinates": [ [ -82.120192, 38.15808 ], [ -82.108672, 38.283776 ] ] } },
{ "type": "Feature", "properties": { "FID": 4422, "TYPEPIPE": "Interstate", "Operator": "Columbia Gas Trans Co", "Status": "Operating", "Shape_Leng": 0.023963705890399999, "Shape__Length": 2921.6844303703897 }, "geometry": { "type": "LineString", "coordinates": [ [ -81.548543999999893, 38.529856 ], [ -81.528704, 38.543296 ] ] } },
{ "type": "Feature", "properties": { "FID": 4423, "TYPEPIPE": "Interstate", "Operator": "Columbia Gas Trans Co", "Status": "Operating", "Shape_Leng": 0.15659020086799999, "Shape__Length": 22094.622990666354 }, "geometry": { "type": "LineString", "coordinates": [ [ -82.10304, 38.002432 ], [ -82.120192, 38.15808 ] ] } },
{ "type": "Feature", "properties": { "FID": 4424, "TYPEPIPE": "Interstate", "Operator": "Columbia Gas Trans Co", "Status": "Operating", "Shape_Leng": 0.0149334095236, "Shape__Length": 2102.6313863673281 }, "geometry": { "type": "LineString", "coordinates": [ [ -81.552, 38.515328000000103 ], [ -81.548543999999893, 38.529856 ] ] } },
{ "type": "Feature", "properties": { "FID": 4425, "TYPEPIPE": "Interstate", "Operator": "Columbia Gas Trans Co", "Status": "Operating", "Shape_Leng": 0.15847247796399999, "Shape__Length": 22227.619456829019 }, "geometry": { "type": "LineString", "coordinates": [ [ -82.074624, 37.846528 ], [ -82.10304, 38.002432 ] ] } },
{ "type": "Feature", "properties": { "FID": 4426, "TYPEPIPE": "Interstate", "Operator": "Columbia Gas Trans Co", "Status": "Operating", "Shape_Leng": 0.0072093095369599996, "Shape__Length": 883.1089052936386 }, "geometry": { "type": "LineString", "coordinates": [ [ -81.557888, 38.511168 ], [ -81.552, 38.515328000000103 ] ] } },
{ "type": "Feature", "properties": { "FID": 4427, "TYPEPIPE": "Interstate", "Operator": "Columbia Gas Trans Co", "Status": "Operating", "Shape_Leng": 0.120832, "Shape__Length": 17019.994605751708 }, "geometry": { "type": "LineString", "coordinates": [ [ -82.074624, 37.725696 ], [ -82.074624, 37.846528 ] ] } },
{ "type": "Feature", "properties": { "FID": 4428, "TYPEPIPE": "Interstate", "Operator": "Columbia Gas Trans Co", "Status": "Operating", "Shape_Leng": 0.016816582679, "Shape__Length": 1885.2561829187189 }, "geometry": { "type": "LineString", "coordinates": [ [ -81.574515, 38.513686 ], [ -81.557888, 38.511168 ] ] } },
{ "type": "Feature", "properties": { "FID": 4429, "TYPEPIPE": "Interstate", "Operator": "Columbia Gas Trans Co", "Status": "Operating", "Shape_Leng": 0.083550572182299998, "Shape__Length": 11588.210640244855 }, "geometry": { "type": "LineString", "coordinates": [ [ -82.05184, 37.645312 ], [ -82.074624, 37.725696 ] ] } },
{ "type": "Feature", "properties": { "FID": 4430, "TYPEPIPE": "Interstate", "Operator": "Columbia Gas Trans Co", "Status": "Operating", "Shape_Leng": 0.053229719339899999, "Shape__Length": 7254.8956859001946 }, "geometry": { "type": "LineString", "coordinates": [ [ -81.574515, 38.513686 ], [ -81.599104, 38.560896 ] ] } },
{ "type": "Feature", "properties": { "FID": 4431, "TYPEPIPE": "Interstate", "Operator": "Columbia Gas Trans Co", "Status": "Operating", "Shape_Leng": 0.115924577732, "Shape__Length": 15820.282110399263 }, "geometry": { "type": "LineString", "coordinates": [ [ -82.040021, 37.538765 ], [ -82.02493, 37.5573610000001 ], [ -82.05184, 37.645312 ] ] } },
{ "type": "Feature", "properties": { "FID": 4432, "TYPEPIPE": "Interstate", "Operator": "Columbia Gas Trans Co", "Status": "Operating", "Shape_Leng": 0.022971573672699998, "Shape__Length": 3129.642808293469 }, "geometry": { "type": "LineString", "coordinates": [ [ -81.563904, 38.493312000000103 ], [ -81.574515, 38.513686 ] ] } },
{ "type": "Feature", "properties": { "FID": 4433, "TYPEPIPE": "Interstate", "Operator": "Columbia Gas Trans Co", "Status": "Operating", "Shape_Leng": 0.296889206485, "Shape__Length": 33689.169082870198 }, "geometry": { "type": "LineString", "coordinates": [ [ -82.126711999999898, 37.554928000000103 ], [ -81.985274, 37.556277000000101 ], [ -81.985671, 37.562145 ], [ -81.985249, 37.556259 ], [ -81.979003, 37.556287 ], [ -81.97893, 37.5511920000001 ], [ -81.978966, 37.556317 ], [ -81.851776, 37.557504000000101 ] ] } },
{ "type": "Feature", "properties": { "FID": 4434, "TYPEPIPE": "Interstate", "Operator": "Columbia Gas Trans Co", "Status": "Operating", "Shape_Leng": 0.115696868035, "Shape__Length": 12896.459888735419 }, "geometry": { "type": "LineString", "coordinates": [ [ -81.563904, 38.493312000000103 ], [ -81.448451, 38.50082 ] ] } },
{ "type": "Feature", "properties": { "FID": 4435, "TYPEPIPE": "Interstate", "Operator": "Columbia Gas Trans Co", "Status": "Operating", "Shape_Leng": 0.055937318062299998, "Shape__Length": 6614.6652108553453 }, "geometry": { "type": "LineString", "coordinates": [ [ -77.692927999999895, 37.66144 ], [ -77.643392, 37.635456 ] ] } },
{ "type": "Feature", "properties": { "FID": 4436, "TYPEPIPE": "Interstate", "Operator": "Columbia Gas Trans Co", "Status": "Operating", "Shape_Leng": 0.249651910403, "Shape__Length": 32686.907188762172 }, "geometry": { "type": "LineString", "coordinates": [ [ -81.69344, 38.904064 ], [ -81.556556999999898, 39.063875000000102 ], [ -81.550501999999895, 39.089383 ], [ -81.537816, 39.092292 ] ] } },
{ "type": "Feature", "properties": { "FID": 4437, "TYPEPIPE": "Interstate", "Operator": "Columbia Gas Trans Co", "Status": "Operating", "Shape_Leng": 0.078884251410700004, "Shape__Length": 9482.7381879660788 }, "geometry": { "type": "LineString", "coordinates": [ [ -77.643392, 37.635456 ], [ -77.607808, 37.613276 ], [ -77.576448, 37.593728 ] ] } },
{ "type": "Feature", "properties": { "FID": 4439, "TYPEPIPE": "Interstate", "Operator": "Columbia Gas Trans Co", "Status": "Operating", "Shape_Leng": 0.096512, "Shape__Length": 10743.666695442051 }, "geometry": { "type": "LineString", "coordinates": [ [ -82.551552, 37.554688 ], [ -82.455039999999897, 37.554688 ] ] } },
{ "type": "Feature", "properties": { "FID": 4441, "TYPEPIPE": "Interstate", "Operator": "Columbia Gas Trans Co", "Status": "Operating", "Shape_Leng": 0.071636558264599998, "Shape__Length": 8520.1110746629038 }, "geometry": { "type": "LineString", "coordinates": [ [ -82.614016, 37.519616 ], [ -82.551552, 37.554688 ] ] } },
{ "type": "Feature", "properties": { "FID": 4442, "TYPEPIPE": "Interstate", "Operator": "Columbia Gas Trans Co", "Status": "Operating", "Shape_Leng": 0.026625964545900001, "Shape__Length": 3084.1006720000019 }, "geometry": { "type": "LineString", "coordinates": [ [ -77.3496, 38.984 ], [ -77.324712, 38.974538000000102 ] ] } },
{ "type": "Feature", "properties": { "FID": 4443, "TYPEPIPE": "Interstate", "Operator": "Columbia Gas Trans Co", "Status": "Operating", "Shape_Leng": 0.0686146318871, "Shape__Length": 8220.1091249656547 }, "geometry": { "type": "LineString", "coordinates": [ [ -82.001536, 39.062656000000104 ], [ -81.941714, 39.096261 ] ] } },
{ "type": "Feature", "properties": { "FID": 4445, "TYPEPIPE": "Interstate", "Operator": "Columbia Gas Trans Co", "Status": "Operating", "Shape_Leng": 0.22100856335, "Shape__Length": 27670.604217131691 }, "geometry": { "type": "LineString", "coordinates": [ [ -81.941714, 39.096261 ], [ -81.815135999999896, 38.991262 ], [ -81.820826, 38.987378 ], [ -81.81506, 38.991382 ], [ -81.782399999999896, 38.963968000000101 ] ] } },
{ "type": "Feature", "properties": { "FID": 4448, "TYPEPIPE": "Interstate", "Operator": "Columbia Gas Trans Co", "Status": "Operating", "Shape_Leng": 0.110986186933, "Shape__Length": 12355.315019388201 }, "geometry": { "type": "LineString", "coordinates": [ [ -79.720845999999895, 39.387408 ], [ -79.609865, 39.386335 ] ] } },
{ "type": "Feature", "properties": { "FID": 4449, "TYPEPIPE": "Interstate", "Operator": "Columbia Gas Trans Co", "Status": "Operating", "Shape_Leng": 0.088159826631399998, "Shape__Length": 10975.433409998277 }, "geometry": { "type": "LineString", "coordinates": [ [ -82.001536, 39.062656000000104 ], [ -81.945594, 39.0273690000001 ], [ -81.938575, 39.018997 ], [ -81.94368, 39.009148 ] ] } },
{ "type": "Feature", "properties": { "FID": 4450, "TYPEPIPE": "Interstate", "Operator": "Columbia Gas Trans Co", "Status": "Operating", "Shape_Leng": 0.23395957097299999, "Shape__Length": 26059.598422513405 }, "geometry": { "type": "LineString", "coordinates": [ [ -79.751744, 38.842944 ], [ -79.517997, 38.852915 ] ] } },
{ "type": "Feature", "properties": { "FID": 4451, "TYPEPIPE": "Interstate", "Operator": "Columbia Gas Trans Co", "Status": "Operating", "Shape_Leng": 0.109526272428, "Shape__Length": 13332.617074790334 }, "geometry": { "type": "LineString", "coordinates": [ [ -82.093312, 39.00288 ], [ -82.001536, 39.062656000000104 ] ] } },
{ "type": "Feature", "properties": { "FID": 4452, "TYPEPIPE": "Interstate", "Operator": "Columbia Gas Trans Co", "Status": "Operating", "Shape_Leng": 0.159124313859, "Shape__Length": 21130.842303233341 }, "geometry": { "type": "LineString", "coordinates": [ [ -79.484032, 39.381248 ], [ -79.407937, 39.308712 ], [ -79.407619, 39.308679 ], [ -79.407606, 39.307281 ], [ -79.396384999999896, 39.256221 ] ] } },
{ "type": "Feature", "properties": { "FID": 4453, "TYPEPIPE": "Interstate", "Operator": "Columbia Gas Trans Co", "Status": "Operating", "Shape_Leng": 0.156780406939, "Shape__Length": 20079.665967433972 }, "geometry": { "type": "LineString", "coordinates": [ [ -82.170367999999897, 39.301888 ], [ -82.057856, 39.192704 ] ] } },
{ "type": "Feature", "properties": { "FID": 4454, "TYPEPIPE": "Interstate", "Operator": "Columbia Gas Trans Co", "Status": "Operating", "Shape_Leng": 0.099291964186500006, "Shape__Length": 11058.754004472768 }, "geometry": { "type": "LineString", "coordinates": [ [ -79.846784, 38.838528000000103 ], [ -79.747569999999897, 38.842462 ] ] } },
{ "type": "Feature", "properties": { "FID": 4457, "TYPEPIPE": "Interstate", "Operator": "Columbia Gas Trans Co", "Status": "Operating", "Shape_Leng": 0.064556302248499994, "Shape__Length": 8367.9346192404064 }, "geometry": { "type": "LineString", "coordinates": [ [ -82.285952, 39.398016 ], [ -82.241535999999897, 39.444864 ] ] } },
{ "type": "Feature", "properties": { "FID": 4459, "TYPEPIPE": "Interstate", "Operator": "Columbia Gas Trans Co", "Status": "Operating", "Shape_Leng": 0.261865164205, "Shape__Length": 32555.331308366345 }, "geometry": { "type": "LineString", "coordinates": [ [ -82.49472, 39.556096 ], [ -82.285952, 39.398016 ] ] } },
{ "type": "Feature", "properties": { "FID": 4464, "TYPEPIPE": "Interstate", "Operator": "Columbia Gas Trans Co", "Status": "Operating", "Shape_Leng": 0.101349495756, "Shape__Length": 14348.482059739268 }, "geometry": { "type": "LineString", "coordinates": [ [ -81.414652, 38.209957 ], [ -81.414334999999895, 38.108608000000103 ] ] } },
{ "type": "Feature", "properties": { "FID": 4466, "TYPEPIPE": "Interstate", "Operator": "Columbia Gas Trans Co", "Status": "Operating", "Shape_Leng": 0.13052164058499999, "Shape__Length": 18145.435020560875 }, "geometry": { "type": "LineString", "coordinates": [ [ -81.414175, 38.108508 ], [ -81.452494, 37.983738000000102 ] ] } },
{ "type": "Feature", "properties": { "FID": 4468, "TYPEPIPE": "Interstate", "Operator": "Columbia Gas Trans Co", "Status": "Operating", "Shape_Leng": 0.040688033253099998, "Shape__Length": 5116.3124486709639 }, "geometry": { "type": "LineString", "coordinates": [ [ -81.452494, 37.984147 ], [ -81.482585, 37.95676 ] ] } },
{ "type": "Feature", "properties": { "FID": 4470, "TYPEPIPE": "Interstate", "Operator": "Columbia Gas Trans Co", "Status": "Operating", "Shape_Leng": 0.124684625035, "Shape__Length": 16148.963630251657 }, "geometry": { "type": "LineString", "coordinates": [ [ -81.482545, 37.956768000000103 ], [ -81.501414999999895, 37.936686000000101 ], [ -81.51888, 37.918121 ], [ -81.54642, 37.892661 ], [ -81.561408, 37.861994 ] ] } },
{ "type": "Feature", "properties": { "FID": 4471, "TYPEPIPE": "Interstate", "Operator": "Columbia Gas Trans Co", "Status": "Operating", "Shape_Leng": 0.083869458546299999, "Shape__Length": 10901.57092416034 }, "geometry": { "type": "LineString", "coordinates": [ [ -82.801924, 39.411987000000103 ], [ -82.782143, 39.442520000000101 ], [ -82.745771, 39.473053 ] ] } },
{ "type": "Feature", "properties": { "FID": 4472, "TYPEPIPE": "Interstate", "Operator": "Columbia Gas Trans Co", "Status": "Operating", "Shape_Leng": 0.037427368836200001, "Shape__Length": 4750.2159767908734 }, "geometry": { "type": "LineString", "coordinates": [ [ -81.560613, 37.861794 ], [ -81.53406, 37.835417 ] ] } },
{ "type": "Feature", "properties": { "FID": 4473, "TYPEPIPE": "Interstate", "Operator": "Columbia Gas Trans Co", "Status": "Operating", "Shape_Leng": 0.064237614043800004, "Shape__Length": 7559.1303113953463 }, "geometry": { "type": "LineString", "coordinates": [ [ -82.750464, 39.400192 ], [ -82.800648, 39.407062 ], [ -82.806391, 39.419374 ] ] } },
{ "type": "Feature", "properties": { "FID": 4474, "TYPEPIPE": "Interstate", "Operator": "Columbia Gas Trans Co", "Status": "Operating", "Shape_Leng": 0.094678148793900005, "Shape__Length": 11336.216242582206 }, "geometry": { "type": "LineString", "coordinates": [ [ -81.457105, 37.652075 ], [ -81.421489, 37.6737350000001 ], [ -81.413221, 37.6893460000001 ], [ -81.378242, 37.694297 ] ] } },
{ "type": "Feature", "properties": { "FID": 4475, "TYPEPIPE": "Interstate", "Operator": "Columbia Gas Trans Co", "Status": "Operating", "Shape_Leng": 0.040262867458799999, "Shape__Length": 4506.4224167202528 }, "geometry": { "type": "LineString", "coordinates": [ [ -82.710528, 39.395072 ], [ -82.750464, 39.400192 ] ] } },
{ "type": "Feature", "properties": { "FID": 4476, "TYPEPIPE": "Interstate", "Operator": "Columbia Gas Trans Co", "Status": "Operating", "Shape_Leng": 0.165333364323, "Shape__Length": 18434.46054737844 }, "geometry": { "type": "LineString", "coordinates": [ [ -82.614135, 37.51969 ], [ -82.6722, 37.524606 ], [ -82.767727, 37.530785 ], [ -82.779016, 37.529776 ] ] } },
{ "type": "Feature", "properties": { "FID": 4477, "TYPEPIPE": "Interstate", "Operator": "Columbia Gas Trans Co", "Status": "Operating", "Shape_Leng": 0.113523516788, "Shape__Length": 12646.047552880829 }, "geometry": { "type": "LineString", "coordinates": [ [ -82.59712, 39.400192 ], [ -82.710528, 39.395072 ] ] } },
{ "type": "Feature", "properties": { "FID": 4478, "TYPEPIPE": "Interstate", "Operator": "Columbia Gas Trans Co", "Status": "Operating", "Shape_Leng": 0.208391348344, "Shape__Length": 27658.304522439605 }, "geometry": { "type": "LineString", "coordinates": [ [ -82.746261, 37.317511 ], [ -82.646709, 37.484882 ], [ -82.636799999999894, 37.494272000000102 ] ] } },
{ "type": "Feature", "properties": { "FID": 4479, "TYPEPIPE": "Interstate", "Operator": "Columbia Gas Trans Co", "Status": "Operating", "Shape_Leng": 0.1025279201, "Shape__Length": 11422.952127475695 }, "geometry": { "type": "LineString", "coordinates": [ [ -82.59712, 39.400192 ], [ -82.49472, 39.395072 ] ] } },
{ "type": "Feature", "properties": { "FID": 4480, "TYPEPIPE": "Interstate", "Operator": "Columbia Gas Trans Co", "Status": "Operating", "Shape_Leng": 0.081925619448400003, "Shape__Length": 9656.135156528484 }, "geometry": { "type": "LineString", "coordinates": [ [ -82.693738999999894, 38.398875 ], [ -82.76736, 38.434816 ] ] } },
{ "type": "Feature", "properties": { "FID": 4482, "TYPEPIPE": "Interstate", "Operator": "Columbia Gas Trans Co", "Status": "Operating", "Shape_Leng": 0.19648645065199999, "Shape__Length": 25187.386686717316 }, "geometry": { "type": "LineString", "coordinates": [ [ -82.766481999999897, 38.434389000000102 ], [ -82.903301, 38.575412 ] ] } },
{ "type": "Feature", "properties": { "FID": 4484, "TYPEPIPE": "Interstate", "Operator": "Columbia Gas Trans Co", "Status": "Operating", "Shape_Leng": 0.32471812787900001, "Shape__Length": 39646.243252925735 }, "geometry": { "type": "LineString", "coordinates": [ [ -82.264267, 37.456325 ], [ -82.235029999999895, 37.4508510000001 ], [ -82.148269, 37.443996 ], [ -82.099906, 37.555365000000101 ], [ -82.128118, 37.556426 ], [ -82.148269, 37.557487 ], [ -82.147222999999897, 37.5704500000001 ], [ -82.123, 37.5770610000001 ] ] } },
{ "type": "Feature", "properties": { "FID": 4486, "TYPEPIPE": "Interstate", "Operator": "Columbia Gas Trans Co", "Status": "Operating", "Shape_Leng": 0.095136726536100003, "Shape__Length": 12400.340783352418 }, "geometry": { "type": "LineString", "coordinates": [ [ -81.502848, 38.420352 ], [ -81.563904, 38.493312000000103 ] ] } },
{ "type": "Feature", "properties": { "FID": 4487, "TYPEPIPE": "Interstate", "Operator": "Columbia Gas Trans Co", "Status": "Operating", "Shape_Leng": 0.29988028767800001, "Shape__Length": 40543.50720703484 }, "geometry": { "type": "LineString", "coordinates": [ [ -82.49472, 39.395072 ], [ -82.494703, 39.555956 ], [ -82.570645, 39.601611 ], [ -82.603555, 39.639766000000101 ] ] } },
{ "type": "Feature", "properties": { "FID": 4488, "TYPEPIPE": "Interstate", "Operator": "Columbia Gas Trans Co", "Status": "Operating", "Shape_Leng": 0.0842727129859, "Shape__Length": 11084.848852840705 }, "geometry": { "type": "LineString", "coordinates": [ [ -81.408409, 38.433339 ], [ -81.459832, 38.5001040000001 ] ] } },
{ "type": "Feature", "properties": { "FID": 4489, "TYPEPIPE": "Interstate", "Operator": "Columbia Gas Trans Co", "Status": "Operating", "Shape_Leng": 0.035072, "Shape__Length": 5050.8232252718881 }, "geometry": { "type": "LineString", "coordinates": [ [ -82.49472, 39.36 ], [ -82.49472, 39.395072 ] ] } },
{ "type": "Feature", "properties": { "FID": 4490, "TYPEPIPE": "Interstate", "Operator": "Columbia Gas Trans Co", "Status": "Operating", "Shape_Leng": 0.0331862966757, "Shape__Length": 4444.1055876123874 }, "geometry": { "type": "LineString", "coordinates": [ [ -82.599327, 39.2462540000001 ], [ -82.598050999999899, 39.254653 ], [ -82.610175, 39.266262 ], [ -82.614004, 39.273178 ] ] } },
{ "type": "Feature", "properties": { "FID": 4491, "TYPEPIPE": "Interstate", "Operator": "Columbia Gas Trans Co", "Status": "Operating", "Shape_Leng": 0.045708726519099997, "Shape__Length": 5787.0815606390515 }, "geometry": { "type": "LineString", "coordinates": [ [ -82.529023999999893, 39.329792 ], [ -82.49472, 39.36 ] ] } },
{ "type": "Feature", "properties": { "FID": 4492, "TYPEPIPE": "Interstate", "Operator": "Columbia Gas Trans Co", "Status": "Operating", "Shape_Leng": 0.084040929240599999, "Shape__Length": 9619.0966858358279 }, "geometry": { "type": "LineString", "coordinates": [ [ -82.806391, 39.419374 ], [ -82.873391, 39.441042 ], [ -82.886791, 39.438580000000101 ] ] } },
{ "type": "Feature", "properties": { "FID": 4494, "TYPEPIPE": "Interstate", "Operator": "Columbia Gas Trans Co", "Status": "Operating", "Shape_Leng": 0.14983335751499999, "Shape__Length": 18748.131880871912 }, "geometry": { "type": "LineString", "coordinates": [ [ -82.916681, 39.318135 ], [ -82.8166, 39.407062 ], [ -82.800648, 39.407062 ] ] } },
{ "type": "Feature", "properties": { "FID": 4495, "TYPEPIPE": "Interstate", "Operator": "Columbia Gas Trans Co", "Status": "Operating", "Shape_Leng": 0.11586170846299999, "Shape__Length": 16617.302510852762 }, "geometry": { "type": "LineString", "coordinates": [ [ -82.562815999999899, 39.06816 ], [ -82.568704, 39.1838720000001 ] ] } },
{ "type": "Feature", "properties": { "FID": 4497, "TYPEPIPE": "Interstate", "Operator": "Columbia Gas Trans Co", "Status": "Operating", "Shape_Leng": 0.088681740352800006, "Shape__Length": 9962.2045573846954 }, "geometry": { "type": "LineString", "coordinates": [ [ -80.761216, 37.567744 ], [ -80.67392, 37.58336 ] ] } },
{ "type": "Feature", "properties": { "FID": 4499, "TYPEPIPE": "Interstate", "Operator": "Columbia Gas Trans Co", "Status": "Operating", "Shape_Leng": 0.069802379787499994, "Shape__Length": 7773.155146166604 }, "geometry": { "type": "LineString", "coordinates": [ [ -80.830976, 37.565312 ], [ -80.761216, 37.567744 ] ] } },
{ "type": "Feature", "properties": { "FID": 4501, "TYPEPIPE": "Interstate", "Operator": "Columbia Gas Trans Co", "Status": "Operating", "Shape_Leng": 0.08832, "Shape__Length": 12386.211093929596 }, "geometry": { "type": "LineString", "coordinates": [ [ -80.810624, 37.505408 ], [ -80.810624, 37.417088 ] ] } },
{ "type": "Feature", "properties": { "FID": 4503, "TYPEPIPE": "Interstate", "Operator": "Columbia Gas Trans Co", "Status": "Operating", "Shape_Leng": 0.063266840603900004, "Shape__Length": 8709.2610319793766 }, "geometry": { "type": "LineString", "coordinates": [ [ -80.830976, 37.565312 ], [ -80.810624, 37.505408 ] ] } },
{ "type": "Feature", "properties": { "FID": 4505, "TYPEPIPE": "Interstate", "Operator": "Columbia Gas Trans Co", "Status": "Operating", "Shape_Leng": 0.148704988161, "Shape__Length": 16576.973940560769 }, "geometry": { "type": "LineString", "coordinates": [ [ -80.979327999999896, 37.575552000000101 ], [ -80.830976, 37.565312 ] ] } },
{ "type": "Feature", "properties": { "FID": 4507, "TYPEPIPE": "Interstate", "Operator": "Columbia Gas Trans Co", "Status": "Operating", "Shape_Leng": 0.16838131202699999, "Shape__Length": 22241.644933051401 }, "geometry": { "type": "LineString", "coordinates": [ [ -80.99392, 37.521024 ], [ -81.086848, 37.380608 ] ] } },
{ "type": "Feature", "properties": { "FID": 4509, "TYPEPIPE": "Interstate", "Operator": "Columbia Gas Trans Co", "Status": "Operating", "Shape_Leng": 0.056446693862399998, "Shape__Length": 7826.4824394234765 }, "geometry": { "type": "LineString", "coordinates": [ [ -80.979327999999896, 37.575552000000101 ], [ -80.99392, 37.521024 ] ] } },
{ "type": "Feature", "properties": { "FID": 4511, "TYPEPIPE": "Interstate", "Operator": "Columbia Gas Trans Co", "Status": "Operating", "Shape_Leng": 0.067761826657800006, "Shape__Length": 7596.6150055858579 }, "geometry": { "type": "LineString", "coordinates": [ [ -81.046272, 37.586048 ], [ -80.979327999999896, 37.575552000000101 ] ] } },
{ "type": "Feature", "properties": { "FID": 4513, "TYPEPIPE": "Interstate", "Operator": "Columbia Gas Trans Co", "Status": "Operating", "Shape_Leng": 0.039412832275800003, "Shape__Length": 5457.8219850238102 }, "geometry": { "type": "LineString", "coordinates": [ [ -81.379836, 37.95419 ], [ -81.392383999999893, 37.991552 ] ] } },
{ "type": "Feature", "properties": { "FID": 4515, "TYPEPIPE": "Interstate", "Operator": "Columbia Gas Trans Co", "Status": "Operating", "Shape_Leng": 0.117290025969, "Shape__Length": 16242.066379294389 }, "geometry": { "type": "LineString", "coordinates": [ [ -81.416109, 37.843331 ], [ -81.416401, 37.8433670000001 ], [ -81.380508, 37.954721 ] ] } },
{ "type": "Feature", "properties": { "FID": 4517, "TYPEPIPE": "Interstate", "Operator": "Columbia Gas Trans Co", "Status": "Operating", "Shape_Leng": 0.16218140210400001, "Shape__Length": 19200.398613150912 }, "geometry": { "type": "LineString", "coordinates": [ [ -81.278771, 37.803616 ], [ -81.32677, 37.802770000000102 ], [ -81.327360999999897, 37.805764000000103 ], [ -81.326768999999899, 37.802792000000103 ], [ -81.378242, 37.801862 ], [ -81.408048, 37.833253 ], [ -81.416109, 37.843862000000101 ] ] } },
{ "type": "Feature", "properties": { "FID": 4519, "TYPEPIPE": "Interstate", "Operator": "Columbia Gas Trans Co", "Status": "Operating", "Shape_Leng": 0.17050599538299999, "Shape__Length": 19993.883079776475 }, "geometry": { "type": "LineString", "coordinates": [ [ -81.124736, 37.7341440000001 ], [ -81.183026, 37.762706 ], [ -81.1831, 37.762586 ], [ -81.185152, 37.763827 ], [ -81.203377, 37.772988 ], [ -81.266318, 37.80408 ], [ -81.278771, 37.8043410000001 ] ] } },
{ "type": "Feature", "properties": { "FID": 4521, "TYPEPIPE": "Interstate", "Operator": "Columbia Gas Trans Co", "Status": "Operating", "Shape_Leng": 0.112659737937, "Shape__Length": 15412.007560132768 }, "geometry": { "type": "LineString", "coordinates": [ [ -81.08187, 37.629958 ], [ -81.124736, 37.7341440000001 ] ] } },
{ "type": "Feature", "properties": { "FID": 4523, "TYPEPIPE": "Interstate", "Operator": "Columbia Gas Trans Co", "Status": "Operating", "Shape_Leng": 0.045332591598099999, "Shape__Length": 6218.6838988665595 }, "geometry": { "type": "LineString", "coordinates": [ [ -81.065764, 37.588588000000101 ], [ -81.08187, 37.630963000000101 ] ] } },
{ "type": "Feature", "properties": { "FID": 4525, "TYPEPIPE": "Interstate", "Operator": "Columbia Gas Trans Co", "Status": "Operating", "Shape_Leng": 0.032202684515400003, "Shape__Length": 3601.9366159074784 }, "geometry": { "type": "LineString", "coordinates": [ [ -81.078213, 37.590145 ], [ -81.046272, 37.586048 ] ] } },
{ "type": "Feature", "properties": { "FID": 4527, "TYPEPIPE": "Interstate", "Operator": "Columbia Gas Trans Co", "Status": "Operating", "Shape_Leng": 0.080934763668099999, "Shape__Length": 9016.4541949587547 }, "geometry": { "type": "LineString", "coordinates": [ [ -81.15968, 37.586048 ], [ -81.078849, 37.590145 ] ] } },
{ "type": "Feature", "properties": { "FID": 4529, "TYPEPIPE": "Interstate", "Operator": "Columbia Gas Trans Co", "Status": "Operating", "Shape_Leng": 0.19652542927, "Shape__Length": 23073.820038144178 }, "geometry": { "type": "LineString", "coordinates": [ [ -81.316736, 37.562624 ], [ -81.285588, 37.567234 ], [ -81.283337, 37.548528 ], [ -81.285609, 37.567266000000103 ], [ -81.15968, 37.586048 ] ] } },
{ "type": "Feature", "properties": { "FID": 4531, "TYPEPIPE": "Interstate", "Operator": "Columbia Gas Trans Co", "Status": "Operating", "Shape_Leng": 0.043602932745400003, "Shape__Length": 4859.3078722850842 }, "geometry": { "type": "LineString", "coordinates": [ [ -81.360255999999893, 37.559936 ], [ -81.316736, 37.562624 ] ] } },
{ "type": "Feature", "properties": { "FID": 4532, "TYPEPIPE": "Interstate", "Operator": "Columbia Gas Trans Co", "Status": "Operating", "Shape_Leng": 0.113329782463, "Shape__Length": 15539.214887792783 }, "geometry": { "type": "LineString", "coordinates": [ [ -77.692394, 37.661067000000102 ], [ -77.651765999999895, 37.5552700000001 ] ] } },
{ "type": "Feature", "properties": { "FID": 4533, "TYPEPIPE": "Interstate", "Operator": "Columbia Gas Trans Co", "Status": "Operating", "Shape_Leng": 0.017511637758899998, "Shape__Length": 2341.681439231063 }, "geometry": { "type": "LineString", "coordinates": [ [ -81.378242, 37.694297 ], [ -81.369338, 37.709376 ] ] } },
{ "type": "Feature", "properties": { "FID": 4534, "TYPEPIPE": "Interstate", "Operator": "Columbia Gas Trans Co", "Status": "Operating", "Shape_Leng": 0.096227474585, "Shape__Length": 13217.768518532817 }, "geometry": { "type": "LineString", "coordinates": [ [ -77.533879, 36.639992 ], [ -77.55584, 36.546304 ] ] } },
{ "type": "Feature", "properties": { "FID": 4535, "TYPEPIPE": "Interstate", "Operator": "Columbia Gas Trans Co", "Status": "Operating", "Shape_Leng": 0.142620492214, "Shape__Length": 17869.199318251034 }, "geometry": { "type": "LineString", "coordinates": [ [ -81.360255999999893, 37.559936 ], [ -81.416401, 37.599800000000101 ], [ -81.449473, 37.615884000000101 ], [ -81.457105, 37.652075 ] ] } },
{ "type": "Feature", "properties": { "FID": 4536, "TYPEPIPE": "Interstate", "Operator": "Columbia Gas Trans Co", "Status": "Operating", "Shape_Leng": 0.73435037975200002, "Shape__Length": 95431.798312467246 }, "geometry": { "type": "LineString", "coordinates": [ [ -77.300305, 37.201162000000103 ], [ -77.453808, 37.064712 ], [ -77.470943, 36.995013 ], [ -77.616959, 36.664808 ], [ -77.559066, 36.630688 ], [ -77.53012, 36.630688 ] ] } },
{ "type": "Feature", "properties": { "FID": 4537, "TYPEPIPE": "Interstate", "Operator": "Columbia Gas Trans Co", "Status": "Operating", "Shape_Leng": 0.15172260098599999, "Shape__Length": 19537.126396013133 }, "geometry": { "type": "LineString", "coordinates": [ [ -81.312128, 38.321792000000102 ], [ -81.414655, 38.209953 ] ] } },
{ "type": "Feature", "properties": { "FID": 4539, "TYPEPIPE": "Interstate", "Operator": "Columbia Gas Trans Co", "Status": "Operating", "Shape_Leng": 0.124672, "Shape__Length": 17705.116231231019 }, "geometry": { "type": "LineString", "coordinates": [ [ -81.312128, 38.446464 ], [ -81.312128, 38.321792000000102 ] ] } },
{ "type": "Feature", "properties": { "FID": 4541, "TYPEPIPE": "Interstate", "Operator": "Columbia Gas Trans Co", "Status": "Operating", "Shape_Leng": 0.056677555910600003, "Shape__Length": 7192.2534947060285 }, "geometry": { "type": "LineString", "coordinates": [ [ -81.27104, 38.485504 ], [ -81.312128, 38.446464 ] ] } },
{ "type": "Feature", "properties": { "FID": 4543, "TYPEPIPE": "Interstate", "Operator": "Columbia Gas Trans Co", "Status": "Operating", "Shape_Leng": 0.124938365961, "Shape__Length": 13926.599749968567 }, "geometry": { "type": "LineString", "coordinates": [ [ -81.448451, 38.50082 ], [ -81.323775999999896, 38.508928 ] ] } },
{ "type": "Feature", "properties": { "FID": 4545, "TYPEPIPE": "Interstate", "Operator": "Columbia Gas Trans Co", "Status": "Operating", "Shape_Leng": 0.074098056344300001, "Shape__Length": 10516.870482090222 }, "geometry": { "type": "LineString", "coordinates": [ [ -81.402254, 38.380654 ], [ -81.402927, 38.306559 ] ] } },
{ "type": "Feature", "properties": { "FID": 4547, "TYPEPIPE": "Interstate", "Operator": "Columbia Gas Trans Co", "Status": "Operating", "Shape_Leng": 0.099832286881599994, "Shape__Length": 11721.741543354596 }, "geometry": { "type": "LineString", "coordinates": [ [ -81.21536, 38.8104960000001 ], [ -81.124608, 38.852096000000103 ] ] } },
{ "type": "Feature", "properties": { "FID": 4549, "TYPEPIPE": "Interstate", "Operator": "Columbia Gas Trans Co", "Status": "Operating", "Shape_Leng": 0.14497857717599999, "Shape__Length": 16245.463198505644 }, "geometry": { "type": "LineString", "coordinates": [ [ -81.358848, 38.831232 ], [ -81.21536, 38.8104960000001 ] ] } },
{ "type": "Feature", "properties": { "FID": 4551, "TYPEPIPE": "Interstate", "Operator": "Columbia Gas Trans Co", "Status": "Operating", "Shape_Leng": 0.265910349765, "Shape__Length": 33647.805568832518 }, "geometry": { "type": "LineString", "coordinates": [ [ -81.2768, 38.599808 ], [ -81.473024, 38.779264 ] ] } },
{ "type": "Feature", "properties": { "FID": 4553, "TYPEPIPE": "Interstate", "Operator": "Columbia Gas Trans Co", "Status": "Operating", "Shape_Leng": 0.080717778363899997, "Shape__Length": 11479.567004195869 }, "geometry": { "type": "LineString", "coordinates": [ [ -81.27104, 38.519296 ], [ -81.2768, 38.599808 ] ] } },
{ "type": "Feature", "properties": { "FID": 4555, "TYPEPIPE": "Interstate", "Operator": "Columbia Gas Trans Co", "Status": "Operating", "Shape_Leng": 0.033792, "Shape__Length": 4806.7908158665523 }, "geometry": { "type": "LineString", "coordinates": [ [ -81.27104, 38.485504 ], [ -81.27104, 38.519296 ] ] } },
{ "type": "Feature", "properties": { "FID": 4557, "TYPEPIPE": "Interstate", "Operator": "Columbia Gas Trans Co", "Status": "Operating", "Shape_Leng": 0.057704154720399997, "Shape__Length": 6750.0953408519608 }, "geometry": { "type": "LineString", "coordinates": [ [ -81.323775999999896, 38.508928 ], [ -81.27104, 38.485504 ] ] } },
{ "type": "Feature", "properties": { "FID": 4559, "TYPEPIPE": "Interstate", "Operator": "Columbia Gas Trans Co", "Status": "Operating", "Shape_Leng": 0.086650767503800005, "Shape__Length": 9701.6030949819578 }, "geometry": { "type": "LineString", "coordinates": [ [ -81.502848, 38.420352 ], [ -81.416998, 38.432105 ] ] } },
{ "type": "Feature", "properties": { "FID": 4561, "TYPEPIPE": "Interstate", "Operator": "Columbia Gas Trans Co", "Status": "Operating", "Shape_Leng": 0.095136726536100003, "Shape__Length": 12400.340783352418 }, "geometry": { "type": "LineString", "coordinates": [ [ -81.502848, 38.420352 ], [ -81.563904, 38.493312000000103 ] ] } },
{ "type": "Feature", "properties": { "FID": 4563, "TYPEPIPE": "Interstate", "Operator": "Columbia Gas Trans Co", "Status": "Operating", "Shape_Leng": 0.087230270026300002, "Shape__Length": 11387.881503629509 }, "geometry": { "type": "LineString", "coordinates": [ [ -81.558144, 38.352896 ], [ -81.539408, 38.375189 ], [ -81.523244, 38.395651 ], [ -81.502848, 38.420352 ] ] } },
{ "type": "Feature", "properties": { "FID": 4565, "TYPEPIPE": "Interstate", "Operator": "Columbia Gas Trans Co", "Status": "Operating", "Shape_Leng": 0.070816410132099994, "Shape__Length": 9630.3740648736748 }, "geometry": { "type": "LineString", "coordinates": [ [ -81.591006, 38.415626 ], [ -81.558144, 38.352896 ] ] } },
{ "type": "Feature", "properties": { "FID": 4567, "TYPEPIPE": "Interstate", "Operator": "Columbia Gas Trans Co", "Status": "Operating", "Shape_Leng": 0.08330442352, "Shape__Length": 9273.5056634731773 }, "geometry": { "type": "LineString", "coordinates": [ [ -81.674931, 38.415139000000103 ], [ -81.591628, 38.415626 ] ] } },
{ "type": "Feature", "properties": { "FID": 4569, "TYPEPIPE": "Interstate", "Operator": "Columbia Gas Trans Co", "Status": "Operating", "Shape_Leng": 0.067847910336299999, "Shape__Length": 9495.6732392245813 }, "geometry": { "type": "LineString", "coordinates": [ [ -81.692746999999898, 38.481229 ], [ -81.673688, 38.416113 ] ] } },
{ "type": "Feature", "properties": { "FID": 4571, "TYPEPIPE": "Interstate", "Operator": "Columbia Gas Trans Co", "Status": "Operating", "Shape_Leng": 0.121210322993, "Shape__Length": 15327.506181180397 }, "geometry": { "type": "LineString", "coordinates": [ [ -82.311296, 37.75232 ], [ -82.398464, 37.836544000000103 ] ] } },
{ "type": "Feature", "properties": { "FID": 4572, "TYPEPIPE": "Interstate", "Operator": "Columbia Gas Trans Co", "Status": "Operating", "Shape_Leng": 0.14871602769, "Shape__Length": 18060.986200164447 }, "geometry": { "type": "LineString", "coordinates": [ [ -82.494293, 39.376048 ], [ -82.463397, 39.374211000000102 ], [ -82.451483, 39.341374 ], [ -82.431773, 39.340392000000101 ], [ -82.424726, 39.343283 ], [ -82.400028, 39.342329 ], [ -82.384385, 39.346782 ], [ -82.379445, 39.355689 ], [ -82.37821, 39.3598250000001 ] ] } },
{ "type": "Feature", "properties": { "FID": 4573, "TYPEPIPE": "Interstate", "Operator": "Columbia Gas Trans Co", "Status": "Operating", "Shape_Leng": 0.100970793947, "Shape__Length": 13673.714604375384 }, "geometry": { "type": "LineString", "coordinates": [ [ -82.266812, 37.661857 ], [ -82.27125, 37.675386 ], [ -82.311296, 37.75232 ] ] } },
{ "type": "Feature", "properties": { "FID": 4574, "TYPEPIPE": "Interstate", "Operator": "Columbia Gas Trans Co", "Status": "Operating", "Shape_Leng": 0.16423600568899999, "Shape__Length": 19497.650077753518 }, "geometry": { "type": "LineString", "coordinates": [ [ -82.534634, 39.306358000000102 ], [ -82.511582, 39.302539 ], [ -82.499233, 39.3038120000001 ], [ -82.495115999999896, 39.301266 ], [ -82.436663, 39.301266 ], [ -82.43831, 39.306994 ], [ -82.425137, 39.3082670000001 ], [ -82.415257999999895, 39.336909 ], [ -82.400439, 39.342001 ] ] } },
{ "type": "Feature", "properties": { "FID": 4575, "TYPEPIPE": "Interstate", "Operator": "Columbia Gas Trans Co", "Status": "Operating", "Shape_Leng": 0.111225427677, "Shape__Length": 15411.85889060989 }, "geometry": { "type": "LineString", "coordinates": [ [ -82.236618, 37.554921 ], [ -82.266917, 37.661940000000101 ] ] } },
{ "type": "Feature", "properties": { "FID": 4576, "TYPEPIPE": "Interstate", "Operator": "Columbia Gas Trans Co", "Status": "Operating", "Shape_Leng": 0.20429055500400001, "Shape__Length": 26196.370758232424 }, "geometry": { "type": "LineString", "coordinates": [ [ -82.918154, 37.349918000000102 ], [ -82.930678, 37.348922000000101 ], [ -82.928799, 37.379595000000101 ], [ -82.89847, 37.40269 ], [ -82.855638999999897, 37.4331460000001 ], [ -82.855533, 37.461604000000101 ], [ -82.843008999999896, 37.467072 ], [ -82.854281, 37.492917 ] ] } },
{ "type": "Feature", "properties": { "FID": 4577, "TYPEPIPE": "Interstate", "Operator": "Columbia Gas Trans Co", "Status": "Operating", "Shape_Leng": 0.052352, "Shape__Length": 5827.7979820091277 }, "geometry": { "type": "LineString", "coordinates": [ [ -82.235648, 37.554688 ], [ -82.183296, 37.554688 ] ] } },
{ "type": "Feature", "properties": { "FID": 4578, "TYPEPIPE": "Interstate", "Operator": "Columbia Gas Trans Co", "Status": "Operating", "Shape_Leng": 0.148112388746, "Shape__Length": 19402.697056475015 }, "geometry": { "type": "LineString", "coordinates": [ [ -82.859172, 37.325869 ], [ -82.843655, 37.357750000000102 ], [ -82.83544, 37.38021 ], [ -82.825399, 37.404844 ], [ -82.817184, 37.418611 ], [ -82.855533, 37.444208000000103 ] ] } },
{ "type": "Feature", "properties": { "FID": 4579, "TYPEPIPE": "Interstate", "Operator": "Columbia Gas Trans Co", "Status": "Operating", "Shape_Leng": 0.061184, "Shape__Length": 6810.9717246927321 }, "geometry": { "type": "LineString", "coordinates": [ [ -82.296832, 37.554688 ], [ -82.235648, 37.554688 ] ] } },
{ "type": "Feature", "properties": { "FID": 4580, "TYPEPIPE": "Interstate", "Operator": "Columbia Gas Trans Co", "Status": "Operating", "Shape_Leng": 0.32520946006399998, "Shape__Length": 38982.57513035505 }, "geometry": { "type": "MultiLineString", "coordinates": [ [ [ -82.901091964998699, 37.674443999733803 ], [ -82.876261969098607, 37.670272012800098 ], [ -82.796451007319206, 37.602125981287998 ], [ -82.730829988165794, 37.5687490154112 ], [ -82.654056033855497, 37.503692972968999 ] ], [ [ -82.645406029659199, 37.499532005480503 ], [ -82.654056033855497, 37.503692972968999 ], [ -82.655571028546007, 37.498284015229899 ] ] ] } },
{ "type": "Feature", "properties": { "FID": 4581, "TYPEPIPE": "Interstate", "Operator": "Columbia Gas Trans Co", "Status": "Operating", "Shape_Leng": 0.098582361911199998, "Shape__Length": 13779.385219657996 }, "geometry": { "type": "LineString", "coordinates": [ [ -82.37824, 37.739392000000102 ], [ -82.398164, 37.83594 ] ] } },
{ "type": "Feature", "properties": { "FID": 4582, "TYPEPIPE": "Interstate", "Operator": "Columbia Gas Trans Co", "Status": "Operating", "Shape_Leng": 1.0407313576399999, "Shape__Length": 123095.01009009566 }, "geometry": { "type": "MultiLineString", "coordinates": [ [ [ -82.694578966141293, 38.3992210005242 ], [ -82.729407983143403, 38.365906109095299 ], [ -82.611537999468496, 38.366173095860397 ] ], [ [ -82.729407983143403, 38.365906109095299 ], [ -82.780802004165494, 38.317267063465401 ], [ -82.863627024265696, 38.253301927955398 ], [ -82.886790013685797, 38.116156891773997 ], [ -82.897494984275497, 38.004972036958598 ], [ -82.901065015540198, 37.869138996680398 ], [ -82.901318017618294, 37.674421891665403 ] ] ] } },
{ "type": "Feature", "properties": { "FID": 4583, "TYPEPIPE": "Interstate", "Operator": "Columbia Gas Trans Co", "Status": "Operating", "Shape_Leng": 0.19775701745300001, "Shape__Length": 27133.046173670227 }, "geometry": { "type": "LineString", "coordinates": [ [ -82.307584, 37.554688 ], [ -82.37824, 37.739392000000102 ] ] } },
{ "type": "Feature", "properties": { "FID": 4584, "TYPEPIPE": "Interstate", "Operator": "Columbia Gas Trans Co", "Status": "Operating", "Shape_Leng": 0.35470100972200003, "Shape__Length": 40315.517678327495 }, "geometry": { "type": "LineString", "coordinates": [ [ -83.218559, 38.265502 ], [ -83.167126, 38.273846 ], [ -82.973808, 38.2196080000001 ], [ -82.927695, 38.229343 ], [ -82.876266, 38.210759000000103 ] ] } },
{ "type": "Feature", "properties": { "FID": 4585, "TYPEPIPE": "Interstate", "Operator": "Columbia Gas Trans Co", "Status": "Operating", "Shape_Leng": 0.066059037837399998, "Shape__Length": 9233.3914050942021 }, "geometry": { "type": "LineString", "coordinates": [ [ -82.465536, 37.614592000000101 ], [ -82.453888, 37.679616000000102 ] ] } },
{ "type": "Feature", "properties": { "FID": 4586, "TYPEPIPE": "Interstate", "Operator": "Columbia Gas Trans Co", "Status": "Operating", "Shape_Leng": 0.218028138472, "Shape__Length": 29434.121614922282 }, "geometry": { "type": "LineString", "coordinates": [ [ -82.854281, 37.49242 ], [ -82.874488, 37.520335000000102 ], [ -82.888485, 37.6336680000001 ], [ -82.875687, 37.636677 ], [ -82.888885, 37.6336680000001 ], [ -82.901284, 37.674517 ] ] } },
{ "type": "Feature", "properties": { "FID": 4587, "TYPEPIPE": "Interstate", "Operator": "Columbia Gas Trans Co", "Status": "Operating", "Shape_Leng": 0.046962744723900003, "Shape__Length": 5600.3433109342077 }, "geometry": { "type": "LineString", "coordinates": [ [ -82.424832, 37.591168 ], [ -82.465536, 37.614592000000101 ] ] } },
{ "type": "Feature", "properties": { "FID": 4588, "TYPEPIPE": "Interstate", "Operator": "Columbia Gas Trans Co", "Status": "Operating", "Shape_Leng": 0.19651115490400001, "Shape__Length": 26893.560135033735 }, "geometry": { "type": "LineString", "coordinates": [ [ -82.732170999999894, 37.342816 ], [ -82.728414, 37.399476 ], [ -82.748452, 37.440232 ], [ -82.774753, 37.476515 ], [ -82.776631, 37.512301 ], [ -82.776632, 37.525964 ] ] } },
{ "type": "Feature", "properties": { "FID": 4589, "TYPEPIPE": "Interstate", "Operator": "Columbia Gas Trans Co", "Status": "Operating", "Shape_Leng": 0.03648, "Shape__Length": 5123.7051295368001 }, "geometry": { "type": "LineString", "coordinates": [ [ -82.424832, 37.554688 ], [ -82.424832, 37.591168 ] ] } },
{ "type": "Feature", "properties": { "FID": 4590, "TYPEPIPE": "Interstate", "Operator": "Columbia Gas Trans Co", "Status": "Operating", "Shape_Leng": 0.13289273266099999, "Shape__Length": 15750.001709332792 }, "geometry": { "type": "LineString", "coordinates": [ [ -82.911892, 37.2921270000001 ], [ -82.894358, 37.259245 ], [ -82.988289, 37.24131 ] ] } },
{ "type": "Feature", "properties": { "FID": 4591, "TYPEPIPE": "Interstate", "Operator": "Columbia Gas Trans Co", "Status": "Operating", "Shape_Leng": 0.147571826243, "Shape__Length": 18260.444902561008 }, "geometry": { "type": "LineString", "coordinates": [ [ -82.142894999999896, 37.455663000000101 ], [ -82.062303, 37.481315 ], [ -82.062303, 37.484972 ], [ -82.055718, 37.507432 ], [ -82.040113, 37.537866000000101 ], [ -82.040859, 37.539429 ] ] } },
{ "type": "Feature", "properties": { "FID": 4592, "TYPEPIPE": "Interstate", "Operator": "Columbia Gas Trans Co", "Status": "Operating", "Shape_Leng": 0.079233745492099994, "Shape__Length": 9221.0720804269858 }, "geometry": { "type": "LineString", "coordinates": [ [ -82.731545, 37.357889 ], [ -82.665166999999897, 37.346929 ], [ -82.665166999999897, 37.3349720000001 ] ] } },
{ "type": "Feature", "properties": { "FID": 4593, "TYPEPIPE": "Interstate", "Operator": "Columbia Gas Trans Co", "Status": "Operating", "Shape_Leng": 0.0903556025422, "Shape__Length": 12409.20168688245 }, "geometry": { "type": "LineString", "coordinates": [ [ -82.270607, 37.3691150000001 ], [ -82.24726, 37.442437 ], [ -82.253197, 37.454457 ] ] } },
{ "type": "Feature", "properties": { "FID": 4594, "TYPEPIPE": "Interstate", "Operator": "Columbia Gas Trans Co", "Status": "Operating", "Shape_Leng": 0.19973383733799999, "Shape__Length": 26255.560458647011 }, "geometry": { "type": "LineString", "coordinates": [ [ -82.596356, 37.511689 ], [ -82.596285, 37.483436 ], [ -82.587518, 37.463508 ], [ -82.600042, 37.442583 ], [ -82.591274999999897, 37.415680000000101 ], [ -82.615071, 37.400734 ], [ -82.615071, 37.380806 ], [ -82.653896, 37.350914 ] ] } },
{ "type": "Feature", "properties": { "FID": 4595, "TYPEPIPE": "Interstate", "Operator": "Columbia Gas Trans Co", "Status": "Operating", "Shape_Leng": 0.20139510457900001, "Shape__Length": 27667.938595175085 }, "geometry": { "type": "LineString", "coordinates": [ [ -82.215722, 37.364312 ], [ -82.174898, 37.431171 ], [ -82.181713, 37.55404 ] ] } },
{ "type": "Feature", "properties": { "FID": 4596, "TYPEPIPE": "Interstate", "Operator": "Columbia Gas Trans Co", "Status": "Operating", "Shape_Leng": 0.20337365862099999, "Shape__Length": 28464.581924173865 }, "geometry": { "type": "LineString", "coordinates": [ [ -82.60274, 38.052618 ], [ -82.559455, 37.853904 ] ] } },
{ "type": "Feature", "properties": { "FID": 4597, "TYPEPIPE": "Interstate", "Operator": "Columbia Gas Trans Co", "Status": "Operating", "Shape_Leng": 0.013750486245899999, "Shape__Length": 1584.9664895003461 }, "geometry": { "type": "LineString", "coordinates": [ [ -82.296328, 37.554828 ], [ -82.309212, 37.5596320000001 ] ] } },
{ "type": "Feature", "properties": { "FID": 4598, "TYPEPIPE": "Interstate", "Operator": "Columbia Gas Trans Co", "Status": "Operating", "Shape_Leng": 0.82942871858599998, "Shape__Length": 93050.221985459779 }, "geometry": { "type": "LineString", "coordinates": [ [ -82.572936, 38.3604780000001 ], [ -82.578732, 38.351948 ], [ -82.572857, 38.3605400000001 ], [ -82.360357, 38.377163 ], [ -82.097666, 38.417631 ], [ -81.903986, 38.411318000000101 ], [ -81.768033, 38.408346 ] ] } },
{ "type": "Feature", "properties": { "FID": 4599, "TYPEPIPE": "Interstate", "Operator": "Columbia Gas Trans Co", "Status": "Operating", "Shape_Leng": 0.079210998434499996, "Shape__Length": 10963.046786511506 }, "geometry": { "type": "LineString", "coordinates": [ [ -82.317782, 37.478704 ], [ -82.29621, 37.554921 ] ] } },
{ "type": "Feature", "properties": { "FID": 4600, "TYPEPIPE": "Interstate", "Operator": "Columbia Gas Trans Co", "Status": "Operating", "Shape_Leng": 1.34931983591, "Shape__Length": 189773.80024003936 }, "geometry": { "type": "LineString", "coordinates": [ [ -82.602754, 39.641385 ], [ -82.575132999999894, 39.601611 ], [ -82.515296, 39.559987 ], [ -82.498841, 39.364584 ], [ -82.533247, 39.333366 ], [ -82.573637, 39.188837 ], [ -82.57962, 39.016559 ], [ -82.561668999999895, 38.937935 ], [ -82.567653, 38.926373 ], [ -82.54671, 38.854687 ], [ -82.572936, 38.360727 ] ] } },
{ "type": "Feature", "properties": { "FID": 4601, "TYPEPIPE": "Interstate", "Operator": "Columbia Gas Trans Co", "Status": "Operating", "Shape_Leng": 0.14089310542299999, "Shape__Length": 17216.265689358777 }, "geometry": { "type": "LineString", "coordinates": [ [ -82.311296, 37.396224000000103 ], [ -82.257086, 37.4280860000001 ], [ -82.316196, 37.478998 ] ] } },
{ "type": "Feature", "properties": { "FID": 4602, "TYPEPIPE": "Interstate", "Operator": "Columbia Gas Trans Co", "Status": "Operating", "Shape_Leng": 0.164489946734, "Shape__Length": 18548.208603501145 }, "geometry": { "type": "LineString", "coordinates": [ [ -81.608535, 38.439849 ], [ -81.699677, 38.427961 ], [ -81.769552, 38.408346 ] ] } },
{ "type": "Feature", "properties": { "FID": 4603, "TYPEPIPE": "Interstate", "Operator": "Columbia Gas Trans Co", "Status": "Operating", "Shape_Leng": 0.078592, "Shape__Length": 8748.8214204274118 }, "geometry": { "type": "LineString", "coordinates": [ [ -82.389888, 37.396224000000103 ], [ -82.311296, 37.396224000000103 ] ] } },
{ "type": "Feature", "properties": { "FID": 4604, "TYPEPIPE": "Interstate", "Operator": "Columbia Gas Trans Co", "Status": "Operating", "Shape_Leng": 0.270023478082, "Shape__Length": 31811.137232233235 }, "geometry": { "type": "LineString", "coordinates": [ [ -81.643473, 38.391077 ], [ -81.717906, 38.383942 ], [ -81.77411, 38.364914 ], [ -81.859174999999894, 38.361347000000102 ], [ -81.86829, 38.411294 ] ] } },
{ "type": "Feature", "properties": { "FID": 4605, "TYPEPIPE": "Interstate", "Operator": "Columbia Gas Trans Co", "Status": "Operating", "Shape_Leng": 0.25584945973700002, "Shape__Length": 30363.178467589369 }, "geometry": { "type": "LineString", "coordinates": [ [ -82.614016, 37.519616 ], [ -82.389888, 37.396224000000103 ] ] } },
{ "type": "Feature", "properties": { "FID": 4606, "TYPEPIPE": "Interstate", "Operator": "Columbia Gas Trans Co", "Status": "Operating", "Shape_Leng": 0.00382031425411, "Shape__Length": 524.9520710169736 }, "geometry": { "type": "LineString", "coordinates": [ [ -81.477515, 38.495325 ], [ -81.4791, 38.4988010000001 ] ] } },
{ "type": "Feature", "properties": { "FID": 4607, "TYPEPIPE": "Interstate", "Operator": "Columbia Gas Trans Co", "Status": "Operating", "Shape_Leng": 0.056584508975600002, "Shape__Length": 6298.9922183145227 }, "geometry": { "type": "LineString", "coordinates": [ [ -82.183296, 37.554688 ], [ -82.126711999999898, 37.554928000000103 ] ] } },
{ "type": "Feature", "properties": { "FID": 4608, "TYPEPIPE": "Interstate", "Operator": "Columbia Gas Trans Co", "Status": "Operating", "Shape_Leng": 0.0063931589218600001, "Shape__Length": 761.58316374591845 }, "geometry": { "type": "LineString", "coordinates": [ [ -81.194666, 38.56602 ], [ -81.18905, 38.562965 ] ] } },
{ "type": "Feature", "properties": { "FID": 4609, "TYPEPIPE": "Interstate", "Operator": "Columbia Gas Trans Co", "Status": "Operating", "Shape_Leng": 0.010752, "Shape__Length": 1196.907165011391 }, "geometry": { "type": "LineString", "coordinates": [ [ -82.307584, 37.554688 ], [ -82.296832, 37.554688 ] ] } },
{ "type": "Feature", "properties": { "FID": 4610, "TYPEPIPE": "Interstate", "Operator": "Columbia Gas Trans Co", "Status": "Operating", "Shape_Leng": 0.0020901734377699998, "Shape__Length": 297.80627037992889 }, "geometry": { "type": "LineString", "coordinates": [ [ -80.167438, 38.809146 ], [ -80.167194999999893, 38.811222 ] ] } },
{ "type": "Feature", "properties": { "FID": 4611, "TYPEPIPE": "Interstate", "Operator": "Columbia Gas Trans Co", "Status": "Operating", "Shape_Leng": 0.117248, "Shape__Length": 13051.987656531855 }, "geometry": { "type": "LineString", "coordinates": [ [ -82.424832, 37.554688 ], [ -82.307584, 37.554688 ] ] } },
{ "type": "Feature", "properties": { "FID": 4612, "TYPEPIPE": "Interstate", "Operator": "Columbia Gas Trans Co", "Status": "Operating", "Shape_Leng": 0.0022024107245900001, "Shape__Length": 313.28547624911386 }, "geometry": { "type": "LineString", "coordinates": [ [ -80.050501999999895, 38.8129190000001 ], [ -80.050175, 38.815097 ] ] } },
{ "type": "Feature", "properties": { "FID": 4613, "TYPEPIPE": "Interstate", "Operator": "Columbia Gas Trans Co", "Status": "Operating", "Shape_Leng": 0.030208, "Shape__Length": 3362.7391778789461 }, "geometry": { "type": "LineString", "coordinates": [ [ -82.455039999999897, 37.554688 ], [ -82.424832, 37.554688 ] ] } },
{ "type": "Feature", "properties": { "FID": 4615, "TYPEPIPE": "Interstate", "Operator": "Columbia Gas Trans Co", "Status": "Operating", "Shape_Leng": 0.06449091719, "Shape__Length": 8008.3203727594946 }, "geometry": { "type": "LineString", "coordinates": [ [ -81.787904, 37.484672000000103 ], [ -81.837184, 37.443072 ] ] } },
{ "type": "Feature", "properties": { "FID": 4617, "TYPEPIPE": "Interstate", "Operator": "Columbia Gas Trans Co", "Status": "Operating", "Shape_Leng": 0.055296, "Shape__Length": 6155.522562906146 }, "geometry": { "type": "LineString", "coordinates": [ [ -81.787904, 37.484672000000103 ], [ -81.732608, 37.484672000000103 ] ] } },
{ "type": "Feature", "properties": { "FID": 4619, "TYPEPIPE": "Interstate", "Operator": "Columbia Gas Trans Co", "Status": "Operating", "Shape_Leng": 0.036352, "Shape__Length": 5100.9309839671478 }, "geometry": { "type": "LineString", "coordinates": [ [ -81.787904, 37.521024 ], [ -81.787904, 37.484672000000103 ] ] } },
{ "type": "Feature", "properties": { "FID": 4621, "TYPEPIPE": "Interstate", "Operator": "Columbia Gas Trans Co", "Status": "Operating", "Shape_Leng": 0.057763389013099999, "Shape__Length": 7471.3090290250166 }, "geometry": { "type": "LineString", "coordinates": [ [ -81.787932, 37.556907 ], [ -81.78795, 37.544613 ], [ -81.776973999999896, 37.544763 ], [ -81.78795, 37.544538 ], [ -81.787904, 37.521024 ] ] } },
{ "type": "Feature", "properties": { "FID": 4623, "TYPEPIPE": "Interstate", "Operator": "Columbia Gas Trans Co", "Status": "Operating", "Shape_Leng": 0.224037758123, "Shape__Length": 24940.411302641773 }, "geometry": { "type": "LineString", "coordinates": [ [ -81.787932, 37.556907 ], [ -81.563904, 37.554816000000102 ] ] } },
{ "type": "Feature", "properties": { "FID": 4624, "TYPEPIPE": "Interstate", "Operator": "Columbia Gas Trans Co", "Status": "Operating", "Shape_Leng": 0.078556393523199999, "Shape__Length": 9556.2821132453955 }, "geometry": { "type": "LineString", "coordinates": [ [ -79.495755, 37.764587 ], [ -79.452304, 37.740421 ], [ -79.435592, 37.730226000000101 ], [ -79.433682, 37.721164 ] ] } },
{ "type": "Feature", "properties": { "FID": 4625, "TYPEPIPE": "Interstate", "Operator": "Columbia Gas Trans Co", "Status": "Operating", "Shape_Leng": 0.075100677807299995, "Shape__Length": 8698.5096641450073 }, "geometry": { "type": "LineString", "coordinates": [ [ -81.851776, 37.557504000000101 ], [ -81.798169, 37.557140000000103 ], [ -81.797979999999896, 37.551289 ], [ -81.79779, 37.557065000000101 ], [ -81.787932, 37.556907 ] ] } },
{ "type": "Feature", "properties": { "FID": 4626, "TYPEPIPE": "Interstate", "Operator": "Columbia Gas Trans Co", "Status": "Operating", "Shape_Leng": 0.058567919725799999, "Shape__Length": 8263.6317305185876 }, "geometry": { "type": "LineString", "coordinates": [ [ -81.927328, 38.457038 ], [ -81.938518, 38.399549 ] ] } },
{ "type": "Feature", "properties": { "FID": 4627, "TYPEPIPE": "Interstate", "Operator": "Columbia Gas Trans Co", "Status": "Operating", "Shape_Leng": 0.37070842316399999, "Shape__Length": 46106.49042207755 }, "geometry": { "type": "LineString", "coordinates": [ [ -77.976891, 37.8997460000001 ], [ -77.692927999999895, 37.66144 ] ] } },
{ "type": "Feature", "properties": { "FID": 4628, "TYPEPIPE": "Interstate", "Operator": "Columbia Gas Trans Co", "Status": "Operating", "Shape_Leng": 0.050329032108700003, "Shape__Length": 7091.2786906976062 }, "geometry": { "type": "LineString", "coordinates": [ [ -81.875729, 38.459961 ], [ -81.865161, 38.410754 ] ] } },
{ "type": "Feature", "properties": { "FID": 4629, "TYPEPIPE": "Interstate", "Operator": "Columbia Gas Trans Co", "Status": "Operating", "Shape_Leng": 0.141671731538, "Shape__Length": 17771.349262551852 }, "geometry": { "type": "LineString", "coordinates": [ [ -78.08256, 37.994112 ], [ -77.976891, 37.8997460000001 ] ] } },
{ "type": "Feature", "properties": { "FID": 4631, "TYPEPIPE": "Interstate", "Operator": "Columbia Gas Trans Co", "Status": "Operating", "Shape_Leng": 0.026572479165499999, "Shape__Length": 3305.1661073625564 }, "geometry": { "type": "LineString", "coordinates": [ [ -78.236671999999899, 38.085120000000103 ], [ -78.216172, 38.0682130000001 ] ] } },
{ "type": "Feature", "properties": { "FID": 4632, "TYPEPIPE": "Interstate", "Operator": "Columbia Gas Trans Co", "Status": "Operating", "Shape_Leng": 0.150896513023, "Shape__Length": 18295.290793573968 }, "geometry": { "type": "LineString", "coordinates": [ [ -79.206671, 39.376581 ], [ -79.24072, 39.393382 ], [ -79.334909, 39.331083 ] ] } },
{ "type": "Feature", "properties": { "FID": 4633, "TYPEPIPE": "Interstate", "Operator": "Columbia Gas Trans Co", "Status": "Operating", "Shape_Leng": 0.12872753240900001, "Shape__Length": 16170.743656855117 }, "geometry": { "type": "LineString", "coordinates": [ [ -78.332672, 38.170880000000103 ], [ -78.236671999999899, 38.085120000000103 ] ] } },
{ "type": "Feature", "properties": { "FID": 4634, "TYPEPIPE": "Interstate", "Operator": "Columbia Gas Trans Co", "Status": "Operating", "Shape_Leng": 0.20648930026000001, "Shape__Length": 24863.530215721828 }, "geometry": { "type": "LineString", "coordinates": [ [ -79.206671, 39.376264 ], [ -79.184979999999896, 39.369265 ], [ -79.028217, 39.465025 ] ] } },
{ "type": "Feature", "properties": { "FID": 4635, "TYPEPIPE": "Interstate", "Operator": "Columbia Gas Trans Co", "Status": "Operating", "Shape_Leng": 0.032945519149, "Shape__Length": 4196.3952617529285 }, "geometry": { "type": "LineString", "coordinates": [ [ -78.355968, 38.194176 ], [ -78.332672, 38.170880000000103 ] ] } },
{ "type": "Feature", "properties": { "FID": 4636, "TYPEPIPE": "Interstate", "Operator": "Columbia Gas Trans Co", "Status": "Operating", "Shape_Leng": 0.17239239222200001, "Shape__Length": 24318.145448838295 }, "geometry": { "type": "LineString", "coordinates": [ [ -82.943672, 38.743336 ], [ -82.903808, 38.575616 ] ] } },
{ "type": "Feature", "properties": { "FID": 4637, "TYPEPIPE": "Interstate", "Operator": "Columbia Gas Trans Co", "Status": "Operating", "Shape_Leng": 0.095036702973100004, "Shape__Length": 12126.230977188668 }, "geometry": { "type": "LineString", "coordinates": [ [ -78.422784, 38.26176 ], [ -78.355968, 38.194176 ] ] } },
{ "type": "Feature", "properties": { "FID": 4638, "TYPEPIPE": "Interstate", "Operator": "Columbia Gas Trans Co", "Status": "Operating", "Shape_Leng": 0.022130171847500001, "Shape__Length": 2579.3992036317527 }, "geometry": { "type": "LineString", "coordinates": [ [ -82.598084, 38.360688 ], [ -82.618443, 38.369363 ] ] } },
{ "type": "Feature", "properties": { "FID": 4639, "TYPEPIPE": "Interstate", "Operator": "Columbia Gas Trans Co", "Status": "Operating", "Shape_Leng": 0.082670660720700007, "Shape__Length": 9984.9806667999601 }, "geometry": { "type": "LineString", "coordinates": [ [ -78.492672, 38.2176 ], [ -78.422784, 38.26176 ] ] } },
{ "type": "Feature", "properties": { "FID": 4640, "TYPEPIPE": "Interstate", "Operator": "Columbia Gas Trans Co", "Status": "Operating", "Shape_Leng": 0.048009472325800003, "Shape__Length": 6487.7613557087352 }, "geometry": { "type": "LineString", "coordinates": [ [ -82.610574, 38.295262 ], [ -82.586982, 38.337075 ] ] } },
{ "type": "Feature", "properties": { "FID": 4641, "TYPEPIPE": "Interstate", "Operator": "Columbia Gas Trans Co", "Status": "Operating", "Shape_Leng": 0.12569639103800001, "Shape__Length": 15102.062133226533 }, "geometry": { "type": "LineString", "coordinates": [ [ -78.60032, 38.152704 ], [ -78.492672, 38.2176 ] ] } },
{ "type": "Feature", "properties": { "FID": 4642, "TYPEPIPE": "Interstate", "Operator": "Columbia Gas Trans Co", "Status": "Operating", "Shape_Leng": 0.035791031237600003, "Shape__Length": 4802.9016305598725 }, "geometry": { "type": "LineString", "coordinates": [ [ -82.228891, 37.332972 ], [ -82.22955, 37.339240000000103 ], [ -82.22099, 37.3475970000001 ], [ -82.215722, 37.364312 ] ] } },
{ "type": "Feature", "properties": { "FID": 4643, "TYPEPIPE": "Interstate", "Operator": "Columbia Gas Trans Co", "Status": "Operating", "Shape_Leng": 0.195678008821, "Shape__Length": 22048.333837706163 }, "geometry": { "type": "LineString", "coordinates": [ [ -78.792064, 38.113664 ], [ -78.60032, 38.152704 ] ] } },
{ "type": "Feature", "properties": { "FID": 4644, "TYPEPIPE": "Interstate", "Operator": "Columbia Gas Trans Co", "Status": "Operating", "Shape_Leng": 0.020280031015800001, "Shape__Length": 2892.0688360557533 }, "geometry": { "type": "LineString", "coordinates": [ [ -79.396056, 39.256296 ], [ -79.392033, 39.236419 ] ] } },
{ "type": "Feature", "properties": { "FID": 4645, "TYPEPIPE": "Interstate", "Operator": "Columbia Gas Trans Co", "Status": "Operating", "Shape_Leng": 0.460380057535, "Shape__Length": 53708.331325680905 }, "geometry": { "type": "LineString", "coordinates": [ [ -79.213824, 37.929088 ], [ -78.792064, 38.113664 ] ] } },
{ "type": "Feature", "properties": { "FID": 4647, "TYPEPIPE": "Interstate", "Operator": "Columbia Gas Trans Co", "Status": "Operating", "Shape_Leng": 0.34016767630099998, "Shape__Length": 40669.008367746195 }, "geometry": { "type": "LineString", "coordinates": [ [ -79.507584, 37.757568 ], [ -79.213824, 37.929088 ] ] } },
{ "type": "Feature", "properties": { "FID": 4649, "TYPEPIPE": "Interstate", "Operator": "Columbia Gas Trans Co", "Status": "Operating", "Shape_Leng": 0.15292920192000001, "Shape__Length": 17850.37010979839 }, "geometry": { "type": "LineString", "coordinates": [ [ -79.647232, 37.695232 ], [ -79.507584, 37.757568 ] ] } },
{ "type": "Feature", "properties": { "FID": 4651, "TYPEPIPE": "Interstate", "Operator": "Columbia Gas Trans Co", "Status": "Operating", "Shape_Leng": 0.064474528800100003, "Shape__Length": 7208.6223544706154 }, "geometry": { "type": "LineString", "coordinates": [ [ -79.711231999999896, 37.6874240000001 ], [ -79.647232, 37.695232 ] ] } },
{ "type": "Feature", "properties": { "FID": 4653, "TYPEPIPE": "Interstate", "Operator": "Columbia Gas Trans Co", "Status": "Operating", "Shape_Leng": 0.099076382332000001, "Shape__Length": 11037.919764862363 }, "geometry": { "type": "LineString", "coordinates": [ [ -79.810176, 37.692544 ], [ -79.711231999999896, 37.6874240000001 ] ] } },
{ "type": "Feature", "properties": { "FID": 4655, "TYPEPIPE": "Interstate", "Operator": "Columbia Gas Trans Co", "Status": "Operating", "Shape_Leng": 0.109262827348, "Shape__Length": 12456.542522823025 }, "geometry": { "type": "LineString", "coordinates": [ [ -79.91488, 37.723776 ], [ -79.810176, 37.692544 ] ] } },
{ "type": "Feature", "properties": { "FID": 4657, "TYPEPIPE": "Interstate", "Operator": "Columbia Gas Trans Co", "Status": "Operating", "Shape_Leng": 0.12665824758, "Shape__Length": 14213.623281133172 }, "geometry": { "type": "LineString", "coordinates": [ [ -80.039808, 37.744640000000103 ], [ -79.91488, 37.723776 ] ] } },
{ "type": "Feature", "properties": { "FID": 4658, "TYPEPIPE": "Interstate", "Operator": "Cove Point Pipeline", "Status": "Operating", "Shape_Leng": 0.063294155685999998, "Shape__Length": 7869.3412706896424 }, "geometry": { "type": "LineString", "coordinates": [ [ -77.533568, 38.955648000000103 ], [ -77.583488, 38.99456 ] ] } },
{ "type": "Feature", "properties": { "FID": 4659, "TYPEPIPE": "Interstate", "Operator": "Columbia Gas Trans Co", "Status": "Operating", "Shape_Leng": 0.087424, "Shape__Length": 9731.9951631110162 }, "geometry": { "type": "LineString", "coordinates": [ [ -80.127232, 37.744640000000103 ], [ -80.039808, 37.744640000000103 ] ] } },
{ "type": "Feature", "properties": { "FID": 4660, "TYPEPIPE": "Interstate", "Operator": "Cove Point Pipeline", "Status": "Operating", "Shape_Leng": 0.12058337140399999, "Shape__Length": 16668.738868630953 }, "geometry": { "type": "LineString", "coordinates": [ [ -77.528765, 38.846254 ], [ -77.534283, 38.877291 ], [ -77.547866999999897, 38.889574 ], [ -77.531713, 38.915570000000102 ], [ -77.53208, 38.9367090000001 ], [ -77.533568, 38.955648000000103 ] ] } },
{ "type": "Feature", "properties": { "FID": 4661, "TYPEPIPE": "Interstate", "Operator": "Columbia Gas Trans Co", "Status": "Operating", "Shape_Leng": 0.38656771681000002, "Shape__Length": 43925.392346646368 }, "geometry": { "type": "LineString", "coordinates": [ [ -80.67392, 37.58336 ], [ -80.301232, 37.686016 ] ] } },
{ "type": "Feature", "properties": { "FID": 4662, "TYPEPIPE": "Interstate", "Operator": "Cove Point Pipeline", "Status": "Operating", "Shape_Leng": 0.383270812839, "Shape__Length": 46222.927433052646 }, "geometry": { "type": "LineString", "coordinates": [ [ -77.202048, 38.65152 ], [ -77.437411999999895, 38.80913 ], [ -77.473146, 38.832393 ], [ -77.499259999999893, 38.840134 ], [ -77.528765, 38.846254 ] ] } },
{ "type": "Feature", "properties": { "FID": 4663, "TYPEPIPE": "Interstate", "Operator": "Columbia Gas Trans Co", "Status": "Operating", "Shape_Leng": 0.183610384717, "Shape__Length": 21053.226859556191 }, "geometry": { "type": "LineString", "coordinates": [ [ -80.301232, 37.686016 ], [ -80.127232, 37.744640000000103 ] ] } },
{ "type": "Feature", "properties": { "FID": 4664, "TYPEPIPE": "Interstate", "Operator": "Cove Point Pipeline", "Status": "Operating", "Shape_Leng": 0.0676598362398, "Shape__Length": 7546.3336195449247 }, "geometry": { "type": "LineString", "coordinates": [ [ -77.134591999999898, 38.646272000000103 ], [ -77.202048, 38.65152 ] ] } },
{ "type": "Feature", "properties": { "FID": 4665, "TYPEPIPE": "Interstate", "Operator": "Columbia Gas Trans Co", "Status": "Operating", "Shape_Leng": 0.26045106473200003, "Shape__Length": 31507.03239409464 }, "geometry": { "type": "LineString", "coordinates": [ [ -80.99968, 38.742656000000103 ], [ -80.778624, 38.880384 ] ] } },
{ "type": "Feature", "properties": { "FID": 4666, "TYPEPIPE": "Interstate", "Operator": "Cove Point Pipeline", "Status": "Operating", "Shape_Leng": 0.0704, "Shape__Length": 7836.8921518474817 }, "geometry": { "type": "LineString", "coordinates": [ [ -77.064192, 38.646272000000103 ], [ -77.134591999999898, 38.646272000000103 ] ] } },
{ "type": "Feature", "properties": { "FID": 4667, "TYPEPIPE": "Interstate", "Operator": "Columbia Gas Trans Co", "Status": "Operating", "Shape_Leng": 0.16592834077400001, "Shape__Length": 20873.316413873737 }, "geometry": { "type": "LineString", "coordinates": [ [ -81.124736, 38.633600000000101 ], [ -80.99968, 38.742656000000103 ] ] } },
{ "type": "Feature", "properties": { "FID": 4668, "TYPEPIPE": "Interstate", "Operator": "Cove Point Pipeline", "Status": "Operating", "Shape_Leng": 0.035589064387799997, "Shape__Length": 3989.1968089938641 }, "geometry": { "type": "LineString", "coordinates": [ [ -77.028992, 38.641024000000101 ], [ -77.064192, 38.646272000000103 ] ] } },
{ "type": "Feature", "properties": { "FID": 4669, "TYPEPIPE": "Interstate", "Operator": "Columbia Gas Trans Co", "Status": "Operating", "Shape_Leng": 0.0249085853673, "Shape__Length": 3169.3545185421235 }, "geometry": { "type": "LineString", "coordinates": [ [ -81.232384, 38.529536 ], [ -81.214474999999894, 38.546848 ] ] } },
{ "type": "Feature", "properties": { "FID": 4670, "TYPEPIPE": "Interstate", "Operator": "Cove Point Pipeline", "Status": "Operating", "Shape_Leng": 0.12541562262700001, "Shape__Length": 14503.36775398552 }, "geometry": { "type": "LineString", "coordinates": [ [ -76.911616, 38.596864 ], [ -76.975903, 38.621773 ], [ -77.028992, 38.641024000000101 ] ] } },
{ "type": "Feature", "properties": { "FID": 4671, "TYPEPIPE": "Interstate", "Operator": "Columbia Gas Trans Co", "Status": "Operating", "Shape_Leng": 0.0585926903291, "Shape__Length": 7599.5345534463768 }, "geometry": { "type": "LineString", "coordinates": [ [ -81.27104, 38.485504 ], [ -81.232384, 38.529536 ] ] } },
{ "type": "Feature", "properties": { "FID": 4672, "TYPEPIPE": "Interstate", "Operator": "Cove Point Pipeline", "Status": "Operating", "Shape_Leng": 0.085123455736200004, "Shape__Length": 9476.1448376217886 }, "geometry": { "type": "LineString", "coordinates": [ [ -76.826496, 38.596864 ], [ -76.866864, 38.597247 ], [ -76.911616, 38.596864 ] ] } },
{ "type": "Feature", "properties": { "FID": 4673, "TYPEPIPE": "Interstate", "Operator": "Columbia Gas Trans Co", "Status": "Operating", "Shape_Leng": 0.33527246491200002, "Shape__Length": 38495.653923459882 }, "geometry": { "type": "LineString", "coordinates": [ [ -81.27104, 38.485504 ], [ -80.953088, 38.591872000000102 ] ] } },
{ "type": "Feature", "properties": { "FID": 4674, "TYPEPIPE": "Interstate", "Operator": "Cove Point Pipeline", "Status": "Operating", "Shape_Leng": 0.111008187356, "Shape__Length": 12537.194159251585 }, "geometry": { "type": "LineString", "coordinates": [ [ -76.71808, 38.57344 ], [ -76.785997, 38.590328 ], [ -76.826496, 38.596864 ] ] } },
{ "type": "Feature", "properties": { "FID": 4675, "TYPEPIPE": "Interstate", "Operator": "Columbia Gas Trans Co", "Status": "Operating", "Shape_Leng": 0.1952, "Shape__Length": 21729.564602848142 }, "geometry": { "type": "LineString", "coordinates": [ [ -76.462464, 36.749056000000103 ], [ -76.267263999999898, 36.749056000000103 ] ] } },
{ "type": "Feature", "properties": { "FID": 4676, "TYPEPIPE": "Interstate", "Operator": "Cove Point Pipeline", "Status": "Operating", "Shape_Leng": 0.041405774283300001, "Shape__Length": 4631.6251714256705 }, "geometry": { "type": "LineString", "coordinates": [ [ -76.676992, 38.56832 ], [ -76.71808, 38.57344 ] ] } },
{ "type": "Feature", "properties": { "FID": 4677, "TYPEPIPE": "Interstate", "Operator": "Columbia Gas Trans Co", "Status": "Operating", "Shape_Leng": 0.020096, "Shape__Length": 2237.0764869842678 }, "geometry": { "type": "LineString", "coordinates": [ [ -76.48256, 36.749056000000103 ], [ -76.462464, 36.749056000000103 ] ] } },
{ "type": "Feature", "properties": { "FID": 4678, "TYPEPIPE": "Interstate", "Operator": "Cove Point Pipeline", "Status": "Operating", "Shape_Leng": 0.116563100029, "Shape__Length": 14493.307495219744 }, "geometry": { "type": "LineString", "coordinates": [ [ -76.585983999999897, 38.495488000000101 ], [ -76.604887, 38.510616 ], [ -76.676992, 38.56832 ] ] } },
{ "type": "Feature", "properties": { "FID": 4679, "TYPEPIPE": "Interstate", "Operator": "Columbia Gas Trans Co", "Status": "Operating", "Shape_Leng": 0.190323733297, "Shape__Length": 21920.664394025909 }, "geometry": { "type": "LineString", "coordinates": [ [ -76.660479999999893, 36.81664 ], [ -76.527021, 36.765945 ], [ -76.48256, 36.749056000000103 ] ] } },
{ "type": "Feature", "properties": { "FID": 4680, "TYPEPIPE": "Interstate", "Operator": "Cove Point Pipeline", "Status": "Operating", "Shape_Leng": 0.083945460389500001, "Shape__Length": 11092.317058211835 }, "geometry": { "type": "LineString", "coordinates": [ [ -76.536192, 38.427904 ], [ -76.585983999999897, 38.495488000000101 ] ] } },
{ "type": "Feature", "properties": { "FID": 4681, "TYPEPIPE": "Interstate", "Operator": "Columbia Gas Trans Co", "Status": "Operating", "Shape_Leng": 0.043119094610100002, "Shape__Length": 4973.3463984776672 }, "geometry": { "type": "LineString", "coordinates": [ [ -76.700671999999898, 36.832256 ], [ -76.660479999999893, 36.81664 ] ] } },
{ "type": "Feature", "properties": { "FID": 4682, "TYPEPIPE": "Interstate", "Operator": "Cove Point Pipeline", "Status": "Operating", "Shape_Leng": 0.11954448300499999, "Shape__Length": 15116.077772706896 }, "geometry": { "type": "LineString", "coordinates": [ [ -76.449613, 38.347411000000101 ], [ -76.458916, 38.360239 ], [ -76.487059, 38.394248 ], [ -76.536192, 38.427904 ] ] } },
{ "type": "Feature", "properties": { "FID": 4683, "TYPEPIPE": "Interstate", "Operator": "Columbia Gas Trans Co", "Status": "Operating", "Shape_Leng": 0.23938618038600001, "Shape__Length": 27070.613509717183 }, "geometry": { "type": "LineString", "coordinates": [ [ -76.892928, 36.759424 ], [ -76.660479999999893, 36.81664 ] ] } },
{ "type": "Feature", "properties": { "FID": 4685, "TYPEPIPE": "Interstate", "Operator": "Columbia Gas Trans Co", "Status": "Operating", "Shape_Leng": 0.24790889279100001, "Shape__Length": 30451.007882252768 }, "geometry": { "type": "LineString", "coordinates": [ [ -76.628864, 36.863488000000103 ], [ -76.527141, 36.943926 ], [ -76.434406, 37.017257 ] ] } },
{ "type": "Feature", "properties": { "FID": 4687, "TYPEPIPE": "Interstate", "Operator": "Columbia Gas Trans Co", "Status": "Operating", "Shape_Leng": 0.057395548259399999, "Shape__Length": 6392.4675329776919 }, "geometry": { "type": "LineString", "coordinates": [ [ -76.686208, 36.865920000000102 ], [ -76.628864, 36.863488000000103 ] ] } },
{ "type": "Feature", "properties": { "FID": 4689, "TYPEPIPE": "Interstate", "Operator": "Columbia Gas Trans Co", "Status": "Operating", "Shape_Leng": 0.036639762444699998, "Shape__Length": 4952.1157670337143 }, "geometry": { "type": "LineString", "coordinates": [ [ -76.700671999999898, 36.832256 ], [ -76.686208, 36.865920000000102 ] ] } },
{ "type": "Feature", "properties": { "FID": 4691, "TYPEPIPE": "Interstate", "Operator": "Columbia Gas Trans Co", "Status": "Operating", "Shape_Leng": 0.15437420883, "Shape__Length": 18297.678373670853 }, "geometry": { "type": "LineString", "coordinates": [ [ -76.835456, 36.90752 ], [ -76.700671999999898, 36.832256 ] ] } },
{ "type": "Feature", "properties": { "FID": 4693, "TYPEPIPE": "Interstate", "Operator": "Columbia Gas Trans Co", "Status": "Operating", "Shape_Leng": 0.108213383276, "Shape__Length": 12810.857122136518 }, "geometry": { "type": "LineString", "coordinates": [ [ -76.930304, 36.959616 ], [ -76.835456, 36.90752 ] ] } },
{ "type": "Feature", "properties": { "FID": 4695, "TYPEPIPE": "Interstate", "Operator": "Columbia Gas Trans Co", "Status": "Operating", "Shape_Leng": 0.080820164637300004, "Shape__Length": 10172.833676152422 }, "geometry": { "type": "LineString", "coordinates": [ [ -76.67776, 37.159808 ], [ -76.619694, 37.216024 ] ] } },
{ "type": "Feature", "properties": { "FID": 4697, "TYPEPIPE": "Interstate", "Operator": "Columbia Gas Trans Co", "Status": "Operating", "Shape_Leng": 0.32226589766800001, "Shape__Length": 39625.939555134501 }, "geometry": { "type": "LineString", "coordinates": [ [ -76.930304, 36.959616 ], [ -76.67776, 37.159808 ] ] } },
{ "type": "Feature", "properties": { "FID": 4699, "TYPEPIPE": "Interstate", "Operator": "Columbia Gas Trans Co", "Status": "Operating", "Shape_Leng": 0.033947762223700002, "Shape__Length": 4074.386739458685 }, "geometry": { "type": "LineString", "coordinates": [ [ -76.958976, 36.9777920000001 ], [ -76.930304, 36.959616 ] ] } },
{ "type": "Feature", "properties": { "FID": 4701, "TYPEPIPE": "Interstate", "Operator": "Columbia Gas Trans Co", "Status": "Operating", "Shape_Leng": 0.25624554624000001, "Shape__Length": 30387.083292914856 }, "geometry": { "type": "LineString", "coordinates": [ [ -77.182848, 37.102464 ], [ -76.958976, 36.9777920000001 ] ] } },
{ "type": "Feature", "properties": { "FID": 4703, "TYPEPIPE": "Interstate", "Operator": "Columbia Gas Trans Co", "Status": "Operating", "Shape_Leng": 0.15362906391700001, "Shape__Length": 19024.926167186204 }, "geometry": { "type": "LineString", "coordinates": [ [ -77.300479999999894, 37.20128 ], [ -77.182848, 37.102464 ] ] } },
{ "type": "Feature", "properties": { "FID": 4705, "TYPEPIPE": "Interstate", "Operator": "Columbia Gas Trans Co", "Status": "Operating", "Shape_Leng": 0.533129403999, "Shape__Length": 60171.001284641286 }, "geometry": { "type": "LineString", "coordinates": [ [ -77.41248, 36.639872 ], [ -76.892928, 36.759424 ] ] } },
{ "type": "Feature", "properties": { "FID": 4707, "TYPEPIPE": "Interstate", "Operator": "Columbia Gas Trans Co", "Status": "Operating", "Shape_Leng": 0.121399059309, "Shape__Length": 13514.085117080696 }, "geometry": { "type": "LineString", "coordinates": [ [ -77.533879, 36.639992 ], [ -77.41248, 36.639872 ] ] } },
{ "type": "Feature", "properties": { "FID": 4709, "TYPEPIPE": "Interstate", "Operator": "Columbia Gas Trans Co", "Status": "Operating", "Shape_Leng": 0.053909126500099998, "Shape__Length": 7373.2861702587306 }, "geometry": { "type": "LineString", "coordinates": [ [ -77.55584, 36.546304 ], [ -77.570176, 36.494336 ] ] } },
{ "type": "Feature", "properties": { "FID": 4711, "TYPEPIPE": "Interstate", "Operator": "Columbia Gas Trans Co", "Status": "Operating", "Shape_Leng": 0.096227474585, "Shape__Length": 13217.768518532817 }, "geometry": { "type": "LineString", "coordinates": [ [ -77.533879, 36.639992 ], [ -77.55584, 36.546304 ] ] } },
{ "type": "Feature", "properties": { "FID": 4713, "TYPEPIPE": "Interstate", "Operator": "Columbia Gas Trans Co", "Status": "Operating", "Shape_Leng": 0.152784569722, "Shape__Length": 18190.562145790955 }, "geometry": { "type": "LineString", "coordinates": [ [ -78.216172, 38.0682130000001 ], [ -78.08256, 37.994112 ] ] } },
{ "type": "Feature", "properties": { "FID": 4715, "TYPEPIPE": "Interstate", "Operator": "Columbia Gas Trans Co", "Status": "Operating", "Shape_Leng": 0.14345911064299999, "Shape__Length": 17295.119868781629 }, "geometry": { "type": "LineString", "coordinates": [ [ -77.275217999999896, 39.034498 ], [ -77.173414, 39.095199 ], [ -77.152, 39.107968 ] ] } },
{ "type": "Feature", "properties": { "FID": 4717, "TYPEPIPE": "Interstate", "Operator": "Columbia Gas Trans Co", "Status": "Operating", "Shape_Leng": 0.164228788707, "Shape__Length": 20085.481701635585 }, "geometry": { "type": "LineString", "coordinates": [ [ -77.152, 39.107968 ], [ -77.015807999999893, 39.199744000000102 ] ] } },
{ "type": "Feature", "properties": { "FID": 4719, "TYPEPIPE": "Interstate", "Operator": "Columbia Gas Trans Co", "Status": "Operating", "Shape_Leng": 0.107325159036, "Shape__Length": 13918.361769320798 }, "geometry": { "type": "LineString", "coordinates": [ [ -76.856448, 39.330304 ], [ -76.782909, 39.408475000000102 ] ] } },
{ "type": "Feature", "properties": { "FID": 4721, "TYPEPIPE": "Interstate", "Operator": "Columbia Gas Trans Co", "Status": "Operating", "Shape_Leng": 0.106172334937, "Shape__Length": 13749.653783355609 }, "geometry": { "type": "LineString", "coordinates": [ [ -76.782909, 39.408475000000102 ], [ -76.709504, 39.485184 ] ] } },
{ "type": "Feature", "properties": { "FID": 4725, "TYPEPIPE": "Interstate", "Operator": "Columbia Gas Trans Co", "Status": "Operating", "Shape_Leng": 0.100144438408, "Shape__Length": 13302.518117588968 }, "geometry": { "type": "LineString", "coordinates": [ [ -77.300479999999894, 37.20128 ], [ -77.248768, 37.28704 ] ] } },
{ "type": "Feature", "properties": { "FID": 4727, "TYPEPIPE": "Interstate", "Operator": "Columbia Gas Trans Co", "Status": "Operating", "Shape_Leng": 0.09648755128, "Shape__Length": 12168.060004420686 }, "geometry": { "type": "LineString", "coordinates": [ [ -77.369344, 37.2688640000001 ], [ -77.300479999999894, 37.20128 ] ] } },
{ "type": "Feature", "properties": { "FID": 4729, "TYPEPIPE": "Interstate", "Operator": "Columbia Gas Trans Co", "Status": "Operating", "Shape_Leng": 0.13993438645299999, "Shape__Length": 17901.42843246341 }, "geometry": { "type": "LineString", "coordinates": [ [ -77.46304, 37.3728 ], [ -77.369344, 37.2688640000001 ] ] } },
{ "type": "Feature", "properties": { "FID": 4731, "TYPEPIPE": "Interstate", "Operator": "Columbia Gas Trans Co", "Status": "Operating", "Shape_Leng": 0.113235661379, "Shape__Length": 13288.129224682423 }, "geometry": { "type": "LineString", "coordinates": [ [ -77.564928, 37.422208 ], [ -77.46304, 37.3728 ] ] } },
{ "type": "Feature", "properties": { "FID": 4733, "TYPEPIPE": "Interstate", "Operator": "Columbia Gas Trans Co", "Status": "Operating", "Shape_Leng": 0.15869197171900001, "Shape__Length": 20982.584272349035 }, "geometry": { "type": "LineString", "coordinates": [ [ -77.652096, 37.554816000000102 ], [ -77.564928, 37.422208 ] ] } },
{ "type": "Feature", "properties": { "FID": 4735, "TYPEPIPE": "Interstate", "Operator": "Columbia Gas Trans Co", "Status": "Operating", "Shape_Leng": 0.079128436355100001, "Shape__Length": 9200.5559803452834 }, "geometry": { "type": "LineString", "coordinates": [ [ -77.46304, 37.3728 ], [ -77.390336, 37.404032 ] ] } },
{ "type": "Feature", "properties": { "FID": 4737, "TYPEPIPE": "Interstate", "Operator": "Columbia Gas Trans Co", "Status": "Operating", "Shape_Leng": 0.18208678229899999, "Shape__Length": 24008.636168794801 }, "geometry": { "type": "LineString", "coordinates": [ [ -77.564928, 37.523712 ], [ -77.508162, 37.4396330000001 ], [ -77.46304, 37.3728 ] ] } },
{ "type": "Feature", "properties": { "FID": 4739, "TYPEPIPE": "Interstate", "Operator": "Columbia Gas Trans Co", "Status": "Operating", "Shape_Leng": 0.033792, "Shape__Length": 4744.1108253980055 }, "geometry": { "type": "LineString", "coordinates": [ [ -77.564928, 37.557504000000101 ], [ -77.564928, 37.523712 ] ] } },
{ "type": "Feature", "properties": { "FID": 4741, "TYPEPIPE": "Interstate", "Operator": "Columbia Gas Trans Co", "Status": "Operating", "Shape_Leng": 0.038011689991399998, "Shape__Length": 5247.0575398427927 }, "geometry": { "type": "LineString", "coordinates": [ [ -77.576448, 37.593728 ], [ -77.564928, 37.557504000000101 ] ] } },
{ "type": "Feature", "properties": { "FID": 4743, "TYPEPIPE": "Interstate", "Operator": "Columbia Gas Trans Co", "Status": "Operating", "Shape_Leng": 0.034411294889900003, "Shape__Length": 4741.159565868209 }, "geometry": { "type": "LineString", "coordinates": [ [ -81.274624, 38.9137920000001 ], [ -81.289344, 38.882688 ] ] } },
{ "type": "Feature", "properties": { "FID": 4745, "TYPEPIPE": "Interstate", "Operator": "Columbia Gas Trans Co", "Status": "Operating", "Shape_Leng": 0.206352197875, "Shape__Length": 25369.12602215874 }, "geometry": { "type": "LineString", "coordinates": [ [ -81.106432, 39.033344 ], [ -81.274624, 38.9137920000001 ] ] } },
{ "type": "Feature", "properties": { "FID": 4747, "TYPEPIPE": "Interstate", "Operator": "Columbia Gas Trans Co", "Status": "Operating", "Shape_Leng": 0.22226122864799999, "Shape__Length": 31584.000515204167 }, "geometry": { "type": "LineString", "coordinates": [ [ -80.778624, 38.880384 ], [ -80.734592, 39.09824 ] ] } },
{ "type": "Feature", "properties": { "FID": 4749, "TYPEPIPE": "Interstate", "Operator": "Columbia Gas Trans Co", "Status": "Operating", "Shape_Leng": 0.28040368431200002, "Shape__Length": 32100.652063447633 }, "geometry": { "type": "LineString", "coordinates": [ [ -78.667007999999896, 38.92416 ], [ -78.399232, 39.00736 ] ] } },
{ "type": "Feature", "properties": { "FID": 4751, "TYPEPIPE": "Interstate", "Operator": "Columbia Gas Trans Co", "Status": "Operating", "Shape_Leng": 0.071323598969700003, "Shape__Length": 7941.9273477102151 }, "geometry": { "type": "LineString", "coordinates": [ [ -78.802304, 38.921984000000101 ], [ -78.731011, 38.924073 ] ] } },
{ "type": "Feature", "properties": { "FID": 4753, "TYPEPIPE": "Interstate", "Operator": "Columbia Gas Trans Co", "Status": "Operating", "Shape_Leng": 0.06400305913, "Shape__Length": 7124.7922446029943 }, "geometry": { "type": "LineString", "coordinates": [ [ -78.731011, 38.924073 ], [ -78.667007999999896, 38.92416 ] ] } },
{ "type": "Feature", "properties": { "FID": 4755, "TYPEPIPE": "Interstate", "Operator": "Columbia Gas Trans Co", "Status": "Operating", "Shape_Leng": 0.027490216441500001, "Shape__Length": 3465.3212620684949 }, "geometry": { "type": "LineString", "coordinates": [ [ -78.78464, 38.973696000000103 ], [ -78.805376, 38.991744 ] ] } },
{ "type": "Feature", "properties": { "FID": 4757, "TYPEPIPE": "Interstate", "Operator": "Columbia Gas Trans Co", "Status": "Operating", "Shape_Leng": 0.054645657101, "Shape__Length": 7658.5812058274096 }, "geometry": { "type": "LineString", "coordinates": [ [ -78.802304, 38.921984000000101 ], [ -78.78464, 38.973696000000103 ] ] } },
{ "type": "Feature", "properties": { "FID": 4759, "TYPEPIPE": "Interstate", "Operator": "Columbia Gas Trans Co", "Status": "Operating", "Shape_Leng": 0.28043643244100003, "Shape__Length": 31291.254824602191 }, "geometry": { "type": "LineString", "coordinates": [ [ -79.081727999999899, 38.898176 ], [ -78.802304, 38.921984000000101 ] ] } },
{ "type": "Feature", "properties": { "FID": 4761, "TYPEPIPE": "Interstate", "Operator": "Columbia Gas Trans Co", "Status": "Operating", "Shape_Leng": 0.15974112817899999, "Shape__Length": 17837.499809296871 }, "geometry": { "type": "LineString", "coordinates": [ [ -79.240703999999894, 38.88256 ], [ -79.081727999999899, 38.898176 ] ] } },
{ "type": "Feature", "properties": { "FID": 4763, "TYPEPIPE": "Interstate", "Operator": "Columbia Gas Trans Co", "Status": "Operating", "Shape_Leng": 0.16547449698399999, "Shape__Length": 18473.769260738529 }, "geometry": { "type": "LineString", "coordinates": [ [ -79.405439999999899, 38.866944 ], [ -79.240703999999894, 38.88256 ] ] } },
{ "type": "Feature", "properties": { "FID": 4765, "TYPEPIPE": "Interstate", "Operator": "Columbia Gas Trans Co", "Status": "Operating", "Shape_Leng": 0.060747853427099999, "Shape__Length": 6763.3126733065119 }, "geometry": { "type": "LineString", "coordinates": [ [ -79.57408, 39.43744 ], [ -79.634816, 39.43864 ] ] } },
{ "type": "Feature", "properties": { "FID": 4767, "TYPEPIPE": "Interstate", "Operator": "Columbia Gas Trans Co", "Status": "Operating", "Shape_Leng": 0.10614227794800001, "Shape__Length": 12885.21819287789 }, "geometry": { "type": "LineString", "coordinates": [ [ -79.57408, 39.43744 ], [ -79.484032, 39.381248 ] ] } },
{ "type": "Feature", "properties": { "FID": 4769, "TYPEPIPE": "Interstate", "Operator": "Columbia Gas Trans Co", "Status": "Operating", "Shape_Leng": 0.115414342818, "Shape__Length": 12900.09031875819 }, "geometry": { "type": "LineString", "coordinates": [ [ -79.405439999999899, 38.866944 ], [ -79.520128, 38.854016000000101 ] ] } },
{ "type": "Feature", "properties": { "FID": 4771, "TYPEPIPE": "Interstate", "Operator": "Columbia Gas Trans Co", "Status": "Operating", "Shape_Leng": 0.044288, "Shape__Length": 6333.9593476392329 }, "geometry": { "type": "LineString", "coordinates": [ [ -79.405439999999899, 38.911232 ], [ -79.405439999999899, 38.866944 ] ] } },
{ "type": "Feature", "properties": { "FID": 4773, "TYPEPIPE": "Interstate", "Operator": "Columbia Gas Trans Co", "Status": "Operating", "Shape_Leng": 0.063540752277600004, "Shape__Length": 9033.7089077048113 }, "geometry": { "type": "LineString", "coordinates": [ [ -79.417088, 38.973696000000103 ], [ -79.405439999999899, 38.911232 ] ] } },
{ "type": "Feature", "properties": { "FID": 4775, "TYPEPIPE": "Interstate", "Operator": "Columbia Gas Trans Co", "Status": "Operating", "Shape_Leng": 0.095838156910500003, "Shape__Length": 13591.334339633202 }, "geometry": { "type": "LineString", "coordinates": [ [ -79.873152, 38.905984 ], [ -79.893888, 38.999552000000101 ] ] } },
{ "type": "Feature", "properties": { "FID": 4777, "TYPEPIPE": "Interstate", "Operator": "Columbia Gas Trans Co", "Status": "Operating", "Shape_Leng": 0.029366726205, "Shape__Length": 3469.2032348329103 }, "geometry": { "type": "LineString", "coordinates": [ [ -79.846784, 38.893056000000101 ], [ -79.873152, 38.905984 ] ] } },
{ "type": "Feature", "properties": { "FID": 4779, "TYPEPIPE": "Interstate", "Operator": "Columbia Gas Trans Co", "Status": "Operating", "Shape_Leng": 0.054528, "Shape__Length": 7795.9028230533004 }, "geometry": { "type": "LineString", "coordinates": [ [ -79.846784, 38.838528000000103 ], [ -79.846784, 38.893056000000101 ] ] } },
{ "type": "Feature", "properties": { "FID": 4781, "TYPEPIPE": "Interstate", "Operator": "Columbia Gas Trans Co", "Status": "Operating", "Shape_Leng": 0.16930819878600001, "Shape__Length": 18963.772009553388 }, "geometry": { "type": "LineString", "coordinates": [ [ -80.014464, 38.815104 ], [ -79.846784, 38.838528000000103 ] ] } },
{ "type": "Feature", "properties": { "FID": 4783, "TYPEPIPE": "Interstate", "Operator": "Columbia Gas Trans Co", "Status": "Operating", "Shape_Leng": 0.018176, "Shape__Length": 2597.1150859296322 }, "geometry": { "type": "LineString", "coordinates": [ [ -80.014464, 38.815104 ], [ -80.014464, 38.833280000000101 ] ] } },
{ "type": "Feature", "properties": { "FID": 4785, "TYPEPIPE": "Interstate", "Operator": "Columbia Gas Trans Co", "Status": "Operating", "Shape_Leng": 0.100096, "Shape__Length": 11142.635750444606 }, "geometry": { "type": "LineString", "coordinates": [ [ -80.11456, 38.815104 ], [ -80.014464, 38.815104 ] ] } },
{ "type": "Feature", "properties": { "FID": 4787, "TYPEPIPE": "Interstate", "Operator": "Columbia Gas Trans Co", "Status": "Operating", "Shape_Leng": 0.070722982742499996, "Shape__Length": 7886.8585446658735 }, "geometry": { "type": "LineString", "coordinates": [ [ -80.185088, 38.809856 ], [ -80.11456, 38.815104 ] ] } },
{ "type": "Feature", "properties": { "FID": 4789, "TYPEPIPE": "Interstate", "Operator": "Columbia Gas Trans Co", "Status": "Operating", "Shape_Leng": 0.080532448913500004, "Shape__Length": 9039.2143805041469 }, "geometry": { "type": "LineString", "coordinates": [ [ -80.264576, 38.796928 ], [ -80.185088, 38.809856 ] ] } },
{ "type": "Feature", "properties": { "FID": 4791, "TYPEPIPE": "Interstate", "Operator": "Columbia Gas Trans Co", "Status": "Operating", "Shape_Leng": 0.048786138359099999, "Shape__Length": 5740.1548442203084 }, "geometry": { "type": "LineString", "coordinates": [ [ -80.058624, 38.854016000000101 ], [ -80.014464, 38.833280000000101 ] ] } },
{ "type": "Feature", "properties": { "FID": 4793, "TYPEPIPE": "Interstate", "Operator": "Columbia Gas Trans Co", "Status": "Operating", "Shape_Leng": 0.045670356950599997, "Shape__Length": 6446.2539085299304 }, "geometry": { "type": "LineString", "coordinates": [ [ -80.070272, 38.898176 ], [ -80.058624, 38.854016000000101 ] ] } },
{ "type": "Feature", "properties": { "FID": 4795, "TYPEPIPE": "Interstate", "Operator": "Columbia Gas Trans Co", "Status": "Operating", "Shape_Leng": 0.054055416897899999, "Shape__Length": 6298.598814554648 }, "geometry": { "type": "LineString", "coordinates": [ [ -80.105728, 38.885248 ], [ -80.155648, 38.864512 ] ] } },
{ "type": "Feature", "properties": { "FID": 4797, "TYPEPIPE": "Interstate", "Operator": "Columbia Gas Trans Co", "Status": "Operating", "Shape_Leng": 0.037739384202700003, "Shape__Length": 4358.5733289202017 }, "geometry": { "type": "LineString", "coordinates": [ [ -80.070272, 38.898176 ], [ -80.105728, 38.885248 ] ] } },
{ "type": "Feature", "properties": { "FID": 4799, "TYPEPIPE": "Interstate", "Operator": "Columbia Gas Trans Co", "Status": "Operating", "Shape_Leng": 0.047740453122800001, "Shape__Length": 6818.4525047868274 }, "geometry": { "type": "LineString", "coordinates": [ [ -80.074696, 38.945696 ], [ -80.073424, 38.9370240000001 ], [ -80.070272, 38.898176 ] ] } },
{ "type": "Feature", "properties": { "FID": 4801, "TYPEPIPE": "Interstate", "Operator": "Columbia Gas Trans Co", "Status": "Operating", "Shape_Leng": 0.032934212580699999, "Shape__Length": 4612.1843203729613 }, "geometry": { "type": "LineString", "coordinates": [ [ -80.081851, 38.97698 ], [ -80.079784, 38.968737 ], [ -80.074696, 38.946934 ], [ -80.07406, 38.946686 ], [ -80.075332, 38.94718 ] ] } },
{ "type": "Feature", "properties": { "FID": 4803, "TYPEPIPE": "Interstate", "Operator": "Columbia Gas Trans Co", "Status": "Operating", "Shape_Leng": 0.034310542242899998, "Shape__Length": 4473.0167609887449 }, "geometry": { "type": "LineString", "coordinates": [ [ -80.059273, 39.002815 ], [ -80.081851, 38.97698 ] ] } },
{ "type": "Feature", "properties": { "FID": 4805, "TYPEPIPE": "Interstate", "Operator": "Columbia Gas Trans Co", "Status": "Operating", "Shape_Leng": 0.0441278166353, "Shape__Length": 5476.8879402359171 }, "geometry": { "type": "LineString", "coordinates": [ [ -80.317168, 38.978148 ], [ -80.282188, 38.951247000000102 ] ] } },
{ "type": "Feature", "properties": { "FID": 4807, "TYPEPIPE": "Interstate", "Operator": "Columbia Gas Trans Co", "Status": "Operating", "Shape_Leng": 0.048933779508599999, "Shape__Length": 5936.3850252699567 }, "geometry": { "type": "LineString", "coordinates": [ [ -80.358507, 39.004332 ], [ -80.317168, 38.978148 ] ] } },
{ "type": "Feature", "properties": { "FID": 4809, "TYPEPIPE": "Interstate", "Operator": "Columbia Gas Trans Co", "Status": "Operating", "Shape_Leng": 0.034213657287699997, "Shape__Length": 4011.3356396966806 }, "geometry": { "type": "LineString", "coordinates": [ [ -80.282188, 38.951247000000102 ], [ -80.250964, 38.965234000000102 ] ] } },
{ "type": "Feature", "properties": { "FID": 4811, "TYPEPIPE": "Interstate", "Operator": "Columbia Gas Trans Co", "Status": "Operating", "Shape_Leng": 0.107417749041, "Shape__Length": 15119.173435144028 }, "geometry": { "type": "LineString", "coordinates": [ [ -80.312659999999894, 38.848242 ], [ -80.282188, 38.951247000000102 ] ] } },
{ "type": "Feature", "properties": { "FID": 4813, "TYPEPIPE": "Interstate", "Operator": "Columbia Gas Trans Co", "Status": "Operating", "Shape_Leng": 0.070322099314499995, "Shape__Length": 9077.9190655500206 }, "geometry": { "type": "LineString", "coordinates": [ [ -80.264576, 38.796928 ], [ -80.312659999999894, 38.848242 ] ] } },
{ "type": "Feature", "properties": { "FID": 4815, "TYPEPIPE": "Interstate", "Operator": "Columbia Gas Trans Co", "Status": "Operating", "Shape_Leng": 0.049405133417499997, "Shape__Length": 5551.0905191800739 }, "geometry": { "type": "LineString", "coordinates": [ [ -80.399232, 38.773632 ], [ -80.350549999999899, 38.782054000000102 ] ] } },
{ "type": "Feature", "properties": { "FID": 4817, "TYPEPIPE": "Interstate", "Operator": "Columbia Gas Trans Co", "Status": "Operating", "Shape_Leng": 0.0596598099896, "Shape__Length": 6705.6727701451864 }, "geometry": { "type": "LineString", "coordinates": [ [ -80.457984, 38.763264 ], [ -80.399232, 38.773632 ] ] } },
{ "type": "Feature", "properties": { "FID": 4819, "TYPEPIPE": "Interstate", "Operator": "Columbia Gas Trans Co", "Status": "Operating", "Shape_Leng": 0.44605232634199998, "Shape__Length": 51553.236908891384 }, "geometry": { "type": "LineString", "coordinates": [ [ -80.953088, 38.591872000000102 ], [ -80.848699, 38.645448 ], [ -80.728558, 38.669326 ], [ -80.609565, 38.726001 ], [ -80.53579, 38.735824 ] ] } },
{ "type": "Feature", "properties": { "FID": 4821, "TYPEPIPE": "Interstate", "Operator": "Columbia Gas Trans Co", "Status": "Operating", "Shape_Leng": 0.247101571602, "Shape__Length": 29337.854593664444 }, "geometry": { "type": "LineString", "coordinates": [ [ -77.873664, 38.630784 ], [ -77.654656, 38.745216 ] ] } },
{ "type": "Feature", "properties": { "FID": 4823, "TYPEPIPE": "Interstate", "Operator": "Columbia Gas Trans Co", "Status": "Operating", "Shape_Leng": 0.15272052215699999, "Shape__Length": 18357.136820541993 }, "geometry": { "type": "LineString", "coordinates": [ [ -78.004992, 38.552832000000102 ], [ -77.873664, 38.630784 ] ] } },
{ "type": "Feature", "properties": { "FID": 4825, "TYPEPIPE": "Interstate", "Operator": "Columbia Gas Trans Co", "Status": "Operating", "Shape_Leng": 0.085172728411199994, "Shape__Length": 9678.0489136043489 }, "geometry": { "type": "LineString", "coordinates": [ [ -78.087304, 38.530943 ], [ -78.004992, 38.552832000000102 ] ] } },
{ "type": "Feature", "properties": { "FID": 4827, "TYPEPIPE": "Interstate", "Operator": "Columbia Gas Trans Co", "Status": "Operating", "Shape_Leng": 0.098732962849299999, "Shape__Length": 12060.214777192665 }, "geometry": { "type": "LineString", "coordinates": [ [ -78.168576, 38.47488 ], [ -78.087304, 38.530943 ] ] } },
{ "type": "Feature", "properties": { "FID": 4829, "TYPEPIPE": "Interstate", "Operator": "Columbia Gas Trans Co", "Status": "Operating", "Shape_Leng": 0.25688936712900001, "Shape__Length": 32143.399995316628 }, "geometry": { "type": "LineString", "coordinates": [ [ -78.364288, 38.30848 ], [ -78.168576, 38.47488 ] ] } },
{ "type": "Feature", "properties": { "FID": 4831, "TYPEPIPE": "Interstate", "Operator": "Columbia Gas Trans Co", "Status": "Operating", "Shape_Leng": 0.0748634785192, "Shape__Length": 9290.0056783238142 }, "geometry": { "type": "LineString", "coordinates": [ [ -78.422784, 38.26176 ], [ -78.364288, 38.30848 ] ] } },
{ "type": "Feature", "properties": { "FID": 4833, "TYPEPIPE": "Interstate", "Operator": "Columbia Gas Trans Co", "Status": "Operating", "Shape_Leng": 0.0472165611624, "Shape__Length": 6732.9575562522632 }, "geometry": { "type": "LineString", "coordinates": [ [ -78.796416, 38.875136 ], [ -78.802304, 38.921984000000101 ] ] } },
{ "type": "Feature", "properties": { "FID": 4835, "TYPEPIPE": "Interstate", "Operator": "Columbia Gas Trans Co", "Status": "Operating", "Shape_Leng": 0.120439226035, "Shape__Length": 17157.388256485716 }, "geometry": { "type": "LineString", "coordinates": [ [ -78.781824, 38.755584 ], [ -78.796416, 38.875136 ] ] } },
{ "type": "Feature", "properties": { "FID": 4837, "TYPEPIPE": "Interstate", "Operator": "Columbia Gas Trans Co", "Status": "Operating", "Shape_Leng": 0.107280571512, "Shape__Length": 14570.519534421153 }, "geometry": { "type": "LineString", "coordinates": [ [ -78.729344, 38.662016 ], [ -78.781824, 38.755584 ] ] } },
{ "type": "Feature", "properties": { "FID": 4839, "TYPEPIPE": "Interstate", "Operator": "Columbia Gas Trans Co", "Status": "Operating", "Shape_Leng": 0.067862939517799994, "Shape__Length": 9238.6345275613694 }, "geometry": { "type": "LineString", "coordinates": [ [ -78.697216, 38.602240000000101 ], [ -78.729344, 38.662016 ] ] } },
{ "type": "Feature", "properties": { "FID": 4841, "TYPEPIPE": "Interstate", "Operator": "Columbia Gas Trans Co", "Status": "Operating", "Shape_Leng": 0.060982429469499999, "Shape__Length": 7622.6846212292239 }, "geometry": { "type": "LineString", "coordinates": [ [ -78.650368, 38.5632 ], [ -78.697216, 38.602240000000101 ] ] } },
{ "type": "Feature", "properties": { "FID": 4843, "TYPEPIPE": "Interstate", "Operator": "Columbia Gas Trans Co", "Status": "Operating", "Shape_Leng": 0.093744424653300004, "Shape__Length": 11808.405793167527 }, "geometry": { "type": "LineString", "coordinates": [ [ -78.580352, 38.500864 ], [ -78.635920999999897, 38.550337 ], [ -78.650368, 38.5632 ] ] } },
{ "type": "Feature", "properties": { "FID": 4845, "TYPEPIPE": "Interstate", "Operator": "Columbia Gas Trans Co", "Status": "Operating", "Shape_Leng": 0.0416, "Shape__Length": 5915.6168322302401 }, "geometry": { "type": "LineString", "coordinates": [ [ -78.580352, 38.459264 ], [ -78.580352, 38.500864 ] ] } },
{ "type": "Feature", "properties": { "FID": 4847, "TYPEPIPE": "Interstate", "Operator": "Columbia Gas Trans Co", "Status": "Operating", "Shape_Leng": 0.072426965144299998, "Shape__Length": 10174.128682992488 }, "geometry": { "type": "LineString", "coordinates": [ [ -78.562815999999899, 38.388992 ], [ -78.580352, 38.459264 ] ] } },
{ "type": "Feature", "properties": { "FID": 4849, "TYPEPIPE": "Interstate", "Operator": "Columbia Gas Trans Co", "Status": "Operating", "Shape_Leng": 0.041320414325100002, "Shape__Length": 5138.5582298499739 }, "geometry": { "type": "LineString", "coordinates": [ [ -78.530687999999898, 38.363008 ], [ -78.562815999999899, 38.388992 ] ] } },
{ "type": "Feature", "properties": { "FID": 4851, "TYPEPIPE": "Interstate", "Operator": "Columbia Gas Trans Co", "Status": "Operating", "Shape_Leng": 0.14796766782000001, "Shape__Length": 18724.806351864267 }, "geometry": { "type": "LineString", "coordinates": [ [ -78.422784, 38.26176 ], [ -78.530687999999898, 38.363008 ] ] } },
{ "type": "Feature", "properties": { "FID": 4853, "TYPEPIPE": "Interstate", "Operator": "Columbia Gas Trans Co", "Status": "Operating", "Shape_Leng": 0.065178147994500002, "Shape__Length": 8181.0328462999778 }, "geometry": { "type": "LineString", "coordinates": [ [ -77.015807999999893, 39.199744000000102 ], [ -76.965632, 39.241344 ] ] } },
{ "type": "Feature", "properties": { "FID": 4855, "TYPEPIPE": "Interstate", "Operator": "Columbia Gas Trans Co", "Status": "Operating", "Shape_Leng": 0.16066894086899999, "Shape__Length": 20268.812264389617 }, "geometry": { "type": "LineString", "coordinates": [ [ -77.583488, 38.99456 ], [ -77.4624, 39.100164 ] ] } },
{ "type": "Feature", "properties": { "FID": 4857, "TYPEPIPE": "Interstate", "Operator": "Columbia Gas Trans Co", "Status": "Operating", "Shape_Leng": 0.088791967925000007, "Shape__Length": 9909.7320715815167 }, "geometry": { "type": "LineString", "coordinates": [ [ -77.05408, 39.2335360000001 ], [ -76.965632, 39.241344 ] ] } },
{ "type": "Feature", "properties": { "FID": 4859, "TYPEPIPE": "Interstate", "Operator": "Columbia Gas Trans Co", "Status": "Operating", "Shape_Leng": 0.14884176618100001, "Shape__Length": 16652.263030820799 }, "geometry": { "type": "LineString", "coordinates": [ [ -77.201792, 39.2152320000001 ], [ -77.05408, 39.2335360000001 ] ] } },
{ "type": "Feature", "properties": { "FID": 4861, "TYPEPIPE": "Interstate", "Operator": "Columbia Gas Trans Co", "Status": "Operating", "Shape_Leng": 0.28488098267200002, "Shape__Length": 33384.336042634706 }, "geometry": { "type": "LineString", "coordinates": [ [ -77.4624, 39.100164 ], [ -77.201792, 39.2152320000001 ] ] } },
{ "type": "Feature", "properties": { "FID": 4863, "TYPEPIPE": "Interstate", "Operator": "Columbia Gas Trans Co", "Status": "Operating", "Shape_Leng": 0.061650547572600002, "Shape__Length": 6866.5910405286022 }, "geometry": { "type": "LineString", "coordinates": [ [ -77.4112, 38.986496 ], [ -77.3496, 38.984 ] ] } },
{ "type": "Feature", "properties": { "FID": 4865, "TYPEPIPE": "Interstate", "Operator": "Columbia Gas Trans Co", "Status": "Operating", "Shape_Leng": 0.091703698475600004, "Shape__Length": 11251.898009256895 }, "geometry": { "type": "LineString", "coordinates": [ [ -77.3496, 38.984 ], [ -77.336285, 38.987682 ], [ -77.321363, 38.993907 ], [ -77.288996999999895, 39.02572 ], [ -77.275217999999896, 39.034498 ] ] } },
{ "type": "Feature", "properties": { "FID": 4867, "TYPEPIPE": "Interstate", "Operator": "Columbia Gas Trans Co", "Status": "Operating", "Shape_Leng": 0.064916927592099993, "Shape__Length": 8592.6948783992138 }, "geometry": { "type": "LineString", "coordinates": [ [ -77.388928, 38.932352 ], [ -77.3496, 38.984 ] ] } },
{ "type": "Feature", "properties": { "FID": 4869, "TYPEPIPE": "Interstate", "Operator": "Columbia Gas Trans Co", "Status": "Operating", "Shape_Leng": 0.17247699875899999, "Shape__Length": 19213.826321623637 }, "geometry": { "type": "LineString", "coordinates": [ [ -77.583488, 38.99456 ], [ -77.452681, 38.988282 ], [ -77.4112, 38.986496 ] ] } },
{ "type": "Feature", "properties": { "FID": 4873, "TYPEPIPE": "Interstate", "Operator": "Columbia Gas Trans Co", "Status": "Operating", "Shape_Leng": 0.16799379493300001, "Shape__Length": 21220.367566558743 }, "geometry": { "type": "LineString", "coordinates": [ [ -77.514368, 38.820608 ], [ -77.388928, 38.932352 ] ] } },
{ "type": "Feature", "properties": { "FID": 4875, "TYPEPIPE": "Interstate", "Operator": "Columbia Gas Trans Co", "Status": "Operating", "Shape_Leng": 0.15926291661299999, "Shape__Length": 18968.325550775393 }, "geometry": { "type": "LineString", "coordinates": [ [ -77.654656, 38.745216 ], [ -77.514368, 38.820608 ] ] } },
{ "type": "Feature", "properties": { "FID": 4889, "TYPEPIPE": "Interstate", "Operator": "Columbia Gas Trans Co", "Status": "Operating", "Shape_Leng": 0.29194962151699999, "Shape__Length": 36023.512262875098 }, "geometry": { "type": "LineString", "coordinates": [ [ -80.870272, 39.204992 ], [ -81.106432, 39.033344 ] ] } },
{ "type": "Feature", "properties": { "FID": 4891, "TYPEPIPE": "Interstate", "Operator": "Columbia Gas Trans Co", "Status": "Operating", "Shape_Leng": 0.083838827472699995, "Shape__Length": 10918.578001369424 }, "geometry": { "type": "LineString", "coordinates": [ [ -80.814208, 39.267328 ], [ -80.870272, 39.204992 ] ] } },
{ "type": "Feature", "properties": { "FID": 4893, "TYPEPIPE": "Interstate", "Operator": "Columbia Gas Trans Co", "Status": "Operating", "Shape_Leng": 0.080512, "Shape__Length": 11583.176532135345 }, "geometry": { "type": "LineString", "coordinates": [ [ -80.814208, 39.34784 ], [ -80.814208, 39.267328 ] ] } },
{ "type": "Feature", "properties": { "FID": 4895, "TYPEPIPE": "Interstate", "Operator": "Columbia Gas Trans Co", "Status": "Operating", "Shape_Leng": 0.158592, "Shape__Length": 22855.570514448918 }, "geometry": { "type": "LineString", "coordinates": [ [ -80.814208, 39.506432000000103 ], [ -80.814208, 39.34784 ] ] } },
{ "type": "Feature", "properties": { "FID": 4897, "TYPEPIPE": "Interstate", "Operator": "Columbia Gas Trans Co", "Status": "Operating", "Shape_Leng": 0.14662666780600001, "Shape__Length": 18902.826901507407 }, "geometry": { "type": "LineString", "coordinates": [ [ -80.710912, 39.402368 ], [ -80.814208, 39.506432000000103 ] ] } },
{ "type": "Feature", "properties": { "FID": 4899, "TYPEPIPE": "Interstate", "Operator": "Columbia Gas Trans Co", "Status": "Operating", "Shape_Leng": 0.13504576291000001, "Shape__Length": 16530.028803126759 }, "geometry": { "type": "LineString", "coordinates": [ [ -80.598784, 39.327104 ], [ -80.710912, 39.402368 ] ] } },
{ "type": "Feature", "properties": { "FID": 4901, "TYPEPIPE": "Interstate", "Operator": "Columbia Gas Trans Co", "Status": "Operating", "Shape_Leng": 0.0350189379622, "Shape__Length": 4985.284357296181 }, "geometry": { "type": "LineString", "coordinates": [ [ -80.578048, 39.43616 ], [ -80.569344, 39.470080000000102 ] ] } },
{ "type": "Feature", "properties": { "FID": 4903, "TYPEPIPE": "Interstate", "Operator": "Columbia Gas Trans Co", "Status": "Operating", "Shape_Leng": 0.11100987718200001, "Shape__Length": 15875.123265587406 }, "geometry": { "type": "LineString", "coordinates": [ [ -80.598784, 39.327104 ], [ -80.578048, 39.43616 ] ] } },
{ "type": "Feature", "properties": { "FID": 4905, "TYPEPIPE": "Interstate", "Operator": "Columbia Gas Trans Co", "Status": "Operating", "Shape_Leng": 0.266125052109, "Shape__Length": 36190.837755661239 }, "geometry": { "type": "LineString", "coordinates": [ [ -80.734592, 39.09824 ], [ -80.598784, 39.327104 ] ] } },
{ "type": "Feature", "properties": { "FID": 4907, "TYPEPIPE": "Interstate", "Operator": "Columbia Gas Trans Co", "Status": "Operating", "Shape_Leng": 0.33641188316699999, "Shape__Length": 37460.574032076402 }, "geometry": { "type": "LineString", "coordinates": [ [ -77.919744, 39.0048 ], [ -77.583488, 38.99456 ] ] } },
{ "type": "Feature", "properties": { "FID": 4909, "TYPEPIPE": "Interstate", "Operator": "Columbia Gas Trans Co", "Status": "Operating", "Shape_Leng": 0.064768, "Shape__Length": 7209.9407796952873 }, "geometry": { "type": "LineString", "coordinates": [ [ -77.984512, 39.0048 ], [ -77.919744, 39.0048 ] ] } },
{ "type": "Feature", "properties": { "FID": 4911, "TYPEPIPE": "Interstate", "Operator": "Columbia Gas Trans Co", "Status": "Operating", "Shape_Leng": 0.06464, "Shape__Length": 7195.6918848752975 }, "geometry": { "type": "LineString", "coordinates": [ [ -78.049152, 39.0048 ], [ -77.984512, 39.0048 ] ] } },
{ "type": "Feature", "properties": { "FID": 4913, "TYPEPIPE": "Interstate", "Operator": "Columbia Gas Trans Co", "Status": "Operating", "Shape_Leng": 0.26778823681399999, "Shape__Length": 29810.943776684937 }, "geometry": { "type": "LineString", "coordinates": [ [ -78.316928, 39.00736 ], [ -78.049152, 39.0048 ] ] } },
{ "type": "Feature", "properties": { "FID": 4915, "TYPEPIPE": "Interstate", "Operator": "Columbia Gas Trans Co", "Status": "Operating", "Shape_Leng": 0.082304, "Shape__Length": 9162.0393702518195 }, "geometry": { "type": "LineString", "coordinates": [ [ -78.399232, 39.00736 ], [ -78.316928, 39.00736 ] ] } },
{ "type": "Feature", "properties": { "FID": 4917, "TYPEPIPE": "Interstate", "Operator": "Columbia Gas Trans Co", "Status": "Operating", "Shape_Leng": 0.045194876877800001, "Shape__Length": 6288.4378823191164 }, "geometry": { "type": "LineString", "coordinates": [ [ -78.728832, 39.1477760000001 ], [ -78.711168, 39.189376 ] ] } },
{ "type": "Feature", "properties": { "FID": 4919, "TYPEPIPE": "Interstate", "Operator": "Columbia Gas Trans Co", "Status": "Operating", "Shape_Leng": 0.173795767958, "Shape__Length": 23940.052279669344 }, "geometry": { "type": "LineString", "coordinates": [ [ -78.805376, 38.991744 ], [ -78.728832, 39.1477760000001 ] ] } },
{ "type": "Feature", "properties": { "FID": 4921, "TYPEPIPE": "Interstate", "Operator": "Columbia Gas Trans Co", "Status": "Operating", "Shape_Leng": 0.10084296227300001, "Shape__Length": 14327.983507847679 }, "geometry": { "type": "LineString", "coordinates": [ [ -79.437824, 39.072384 ], [ -79.417088, 38.973696000000103 ] ] } },
{ "type": "Feature", "properties": { "FID": 4923, "TYPEPIPE": "Interstate", "Operator": "Columbia Gas Trans Co", "Status": "Operating", "Shape_Leng": 0.171784297862, "Shape__Length": 23229.184241541501 }, "geometry": { "type": "LineString", "coordinates": [ [ -79.529088, 39.21792 ], [ -79.437824, 39.072384 ] ] } },
{ "type": "Feature", "properties": { "FID": 4925, "TYPEPIPE": "Interstate", "Operator": "Columbia Gas Trans Co", "Status": "Operating", "Shape_Leng": 0.082215965359600005, "Shape__Length": 11298.546828426217 }, "geometry": { "type": "LineString", "coordinates": [ [ -79.567232, 39.290752 ], [ -79.529088, 39.21792 ] ] } },
{ "type": "Feature", "properties": { "FID": 4927, "TYPEPIPE": "Interstate", "Operator": "Columbia Gas Trans Co", "Status": "Operating", "Shape_Leng": 0.041189755619500001, "Shape__Length": 5518.4370781011576 }, "geometry": { "type": "LineString", "coordinates": [ [ -79.599616, 39.241344 ], [ -79.623168, 39.207552 ] ] } },
{ "type": "Feature", "properties": { "FID": 4929, "TYPEPIPE": "Interstate", "Operator": "Columbia Gas Trans Co", "Status": "Operating", "Shape_Leng": 0.059075154845300001, "Shape__Length": 7966.3982535970999 }, "geometry": { "type": "LineString", "coordinates": [ [ -79.567232, 39.290752 ], [ -79.599616, 39.241344 ] ] } },
{ "type": "Feature", "properties": { "FID": 4931, "TYPEPIPE": "Interstate", "Operator": "Columbia Gas Trans Co", "Status": "Operating", "Shape_Leng": 0.040415720728499999, "Shape__Length": 5617.4276802120312 }, "geometry": { "type": "LineString", "coordinates": [ [ -79.634816, 39.43864 ], [ -79.618017, 39.401881000000103 ] ] } },
{ "type": "Feature", "properties": { "FID": 4933, "TYPEPIPE": "Interstate", "Operator": "Columbia Gas Trans Co", "Status": "Operating", "Shape_Leng": 0.12218334938100001, "Shape__Length": 16966.449214860866 }, "geometry": { "type": "LineString", "coordinates": [ [ -79.618017, 39.401881000000103 ], [ -79.567232, 39.290752 ] ] } },
{ "type": "Feature", "properties": { "FID": 4935, "TYPEPIPE": "Interstate", "Operator": "Columbia Gas Trans Co", "Status": "Operating", "Shape_Leng": 0.121427306505, "Shape__Length": 17411.551827030533 }, "geometry": { "type": "LineString", "coordinates": [ [ -79.733564999999899, 39.269114000000101 ], [ -79.717248, 39.38944 ] ] } },
{ "type": "Feature", "properties": { "FID": 4937, "TYPEPIPE": "Interstate", "Operator": "Columbia Gas Trans Co", "Status": "Operating", "Shape_Leng": 0.154816448228, "Shape__Length": 21216.773657276201 }, "geometry": { "type": "LineString", "coordinates": [ [ -79.658496, 39.103616 ], [ -79.731657, 39.240055 ] ] } },
{ "type": "Feature", "properties": { "FID": 4939, "TYPEPIPE": "Interstate", "Operator": "Columbia Gas Trans Co", "Status": "Operating", "Shape_Leng": 0.14459723261499999, "Shape__Length": 16342.380719797156 }, "geometry": { "type": "LineString", "coordinates": [ [ -79.79968, 39.072384 ], [ -79.658496, 39.103616 ] ] } },
{ "type": "Feature", "properties": { "FID": 4941, "TYPEPIPE": "Interstate", "Operator": "Columbia Gas Trans Co", "Status": "Operating", "Shape_Leng": 0.0596598099896, "Shape__Length": 6707.0541846131318 }, "geometry": { "type": "LineString", "coordinates": [ [ -79.858431999999894, 39.062016 ], [ -79.79968, 39.072384 ] ] } },
{ "type": "Feature", "properties": { "FID": 4943, "TYPEPIPE": "Interstate", "Operator": "Columbia Gas Trans Co", "Status": "Operating", "Shape_Leng": 0.10446050873399999, "Shape__Length": 12451.446886473088 }, "geometry": { "type": "LineString", "coordinates": [ [ -79.950518, 39.012699 ], [ -79.858431999999894, 39.062016 ] ] } },
{ "type": "Feature", "properties": { "FID": 4945, "TYPEPIPE": "Interstate", "Operator": "Columbia Gas Trans Co", "Status": "Operating", "Shape_Leng": 0.12307722738599999, "Shape__Length": 13915.254698704241 }, "geometry": { "type": "LineString", "coordinates": [ [ -79.909099, 39.00381 ], [ -80.029184, 39.030784 ] ] } },
{ "type": "Feature", "properties": { "FID": 4947, "TYPEPIPE": "Interstate", "Operator": "Columbia Gas Trans Co", "Status": "Operating", "Shape_Leng": 0.034689998616299997, "Shape__Length": 4937.2176108119611 }, "geometry": { "type": "LineString", "coordinates": [ [ -80.052913, 39.036917000000102 ], [ -80.059273, 39.002815 ] ] } },
{ "type": "Feature", "properties": { "FID": 4949, "TYPEPIPE": "Interstate", "Operator": "Columbia Gas Trans Co", "Status": "Operating", "Shape_Leng": 0.042375926750900003, "Shape__Length": 4809.1958786037039 }, "geometry": { "type": "LineString", "coordinates": [ [ -80.070272, 39.041152000000103 ], [ -80.029184, 39.030784 ] ] } },
{ "type": "Feature", "properties": { "FID": 4951, "TYPEPIPE": "Interstate", "Operator": "Columbia Gas Trans Co", "Status": "Operating", "Shape_Leng": 0.11446664352499999, "Shape__Length": 16417.246016343539 }, "geometry": { "type": "LineString", "coordinates": [ [ -80.070272, 39.041152000000103 ], [ -80.067455999999893, 39.155584 ] ] } },
{ "type": "Feature", "properties": { "FID": 4953, "TYPEPIPE": "Interstate", "Operator": "Columbia Gas Trans Co", "Status": "Operating", "Shape_Leng": 0.064768, "Shape__Length": 7209.9407796934247 }, "geometry": { "type": "LineString", "coordinates": [ [ -80.13504, 39.041152000000103 ], [ -80.070272, 39.041152000000103 ] ] } },
{ "type": "Feature", "properties": { "FID": 4955, "TYPEPIPE": "Interstate", "Operator": "Columbia Gas Trans Co", "Status": "Operating", "Shape_Leng": 0.10008523092799999, "Shape__Length": 11141.453849564576 }, "geometry": { "type": "LineString", "coordinates": [ [ -80.235125, 39.040937 ], [ -80.13504, 39.041152000000103 ] ] } },
{ "type": "Feature", "properties": { "FID": 4957, "TYPEPIPE": "Interstate", "Operator": "Columbia Gas Trans Co", "Status": "Operating", "Shape_Leng": 0.054770276975800003, "Shape__Length": 7225.9001957212286 }, "geometry": { "type": "LineString", "coordinates": [ [ -80.392453, 39.047314 ], [ -80.358507, 39.004332 ] ] } },
{ "type": "Feature", "properties": { "FID": 4959, "TYPEPIPE": "Interstate", "Operator": "Columbia Gas Trans Co", "Status": "Operating", "Shape_Leng": 0.068809376105299996, "Shape__Length": 7748.1880227093197 }, "geometry": { "type": "LineString", "coordinates": [ [ -80.31168, 39.041152000000103 ], [ -80.379264, 39.028224000000101 ] ] } },
{ "type": "Feature", "properties": { "FID": 4961, "TYPEPIPE": "Interstate", "Operator": "Columbia Gas Trans Co", "Status": "Operating", "Shape_Leng": 0.077607228680599993, "Shape__Length": 8714.7015342204595 }, "geometry": { "type": "LineString", "coordinates": [ [ -80.235125, 39.040937 ], [ -80.261201, 39.037476 ], [ -80.284415, 39.043162 ], [ -80.287595, 39.043162 ], [ -80.288905999999898, 39.042756 ], [ -80.289979, 39.042478000000102 ], [ -80.31168, 39.041152000000103 ] ] } },
{ "type": "Feature", "properties": { "FID": 4963, "TYPEPIPE": "Interstate", "Operator": "Columbia Gas Trans Co", "Status": "Operating", "Shape_Leng": 0.089381140293399997, "Shape__Length": 12053.399832869436 }, "geometry": { "type": "LineString", "coordinates": [ [ -80.250964, 38.965234000000102 ], [ -80.232581, 38.987877 ], [ -80.230673, 38.988983 ], [ -80.203960999999893, 39.040477000000102 ] ] } },
{ "type": "Feature", "properties": { "FID": 5709, "TYPEPIPE": "Interstate", "Operator": "Equitrans Inc", "Status": "Operating", "Shape_Leng": 0.030081697192799999, "Shape__Length": 3574.5040018450682 }, "geometry": { "type": "LineString", "coordinates": [ [ -80.329824, 39.467296 ], [ -80.303015, 39.453651 ] ] } },
{ "type": "Feature", "properties": { "FID": 5712, "TYPEPIPE": "Interstate", "Operator": "Equitrans Inc", "Status": "Operating", "Shape_Leng": 0.059384352956000003, "Shape__Length": 8268.1166065624075 }, "geometry": { "type": "LineString", "coordinates": [ [ -80.571264, 39.49632 ], [ -80.595584, 39.442144 ] ] } },
{ "type": "Feature", "properties": { "FID": 5713, "TYPEPIPE": "Interstate", "Operator": "Equitrans Inc", "Status": "Operating", "Shape_Leng": 0.090602223372300006, "Shape__Length": 12969.727963344796 }, "geometry": { "type": "LineString", "coordinates": [ [ -80.595584, 39.442144 ], [ -80.579616, 39.352960000000103 ] ] } },
{ "type": "Feature", "properties": { "FID": 5714, "TYPEPIPE": "Interstate", "Operator": "Equitrans Inc", "Status": "Operating", "Shape_Leng": 0.022917652933899999, "Shape__Length": 2753.8114353963256 }, "geometry": { "type": "LineString", "coordinates": [ [ -80.579616, 39.352960000000103 ], [ -80.59952, 39.3416 ] ] } },
{ "type": "Feature", "properties": { "FID": 5715, "TYPEPIPE": "Interstate", "Operator": "Equitrans Inc", "Status": "Operating", "Shape_Leng": 0.21906191271, "Shape__Length": 24527.536221978138 }, "geometry": { "type": "LineString", "coordinates": [ [ -80.59952, 39.3416 ], [ -80.816672, 39.312736 ] ] } },
{ "type": "Feature", "properties": { "FID": 5716, "TYPEPIPE": "Interstate", "Operator": "Equitrans Inc", "Status": "Operating", "Shape_Leng": 0.034127366145100001, "Shape__Length": 4910.5381735018327 }, "geometry": { "type": "LineString", "coordinates": [ [ -80.816672, 39.312736 ], [ -80.815648, 39.346848000000101 ] ] } },
{ "type": "Feature", "properties": { "FID": 5717, "TYPEPIPE": "Interstate", "Operator": "Equitrans Inc", "Status": "Operating", "Shape_Leng": 0.029781841447399999, "Shape__Length": 4266.4216501645305 }, "geometry": { "type": "LineString", "coordinates": [ [ -80.815648, 39.346848000000101 ], [ -80.820352, 39.376256 ] ] } },
{ "type": "Feature", "properties": { "FID": 5725, "TYPEPIPE": "Interstate", "Operator": "Equitrans Inc", "Status": "Operating", "Shape_Leng": 0.023307051507999998, "Shape__Length": 3107.5326613899833 }, "geometry": { "type": "LineString", "coordinates": [ [ -80.303015, 39.453651 ], [ -80.316959999999895, 39.434976 ] ] } },
{ "type": "Feature", "properties": { "FID": 5726, "TYPEPIPE": "Interstate", "Operator": "Equitrans Inc", "Status": "Operating", "Shape_Leng": 0.033441878804900002, "Shape__Length": 4459.9730387425279 }, "geometry": { "type": "LineString", "coordinates": [ [ -80.283007999999896, 39.480448000000102 ], [ -80.303015, 39.453651 ] ] } },
{ "type": "Feature", "properties": { "FID": 5727, "TYPEPIPE": "Interstate", "Operator": "Equitrans Inc", "Status": "Operating", "Shape_Leng": 0.024799504511199999, "Shape__Length": 3555.2695762597632 }, "geometry": { "type": "LineString", "coordinates": [ [ -80.316959999999895, 39.434976 ], [ -80.312992, 39.410496000000101 ] ] } },
{ "type": "Feature", "properties": { "FID": 5728, "TYPEPIPE": "Interstate", "Operator": "Equitrans Inc", "Status": "Operating", "Shape_Leng": 0.0402745775894, "Shape__Length": 5506.6834875768645 }, "geometry": { "type": "LineString", "coordinates": [ [ -80.312992, 39.410496000000101 ], [ -80.33296, 39.375520000000101 ] ] } },
{ "type": "Feature", "properties": { "FID": 5729, "TYPEPIPE": "Interstate", "Operator": "Equitrans Inc", "Status": "Operating", "Shape_Leng": 0.054523267400199998, "Shape__Length": 6111.9500807575305 }, "geometry": { "type": "LineString", "coordinates": [ [ -80.33296, 39.375520000000101 ], [ -80.279008, 39.367648 ] ] } },
{ "type": "Feature", "properties": { "FID": 5730, "TYPEPIPE": "Interstate", "Operator": "Equitrans Inc", "Status": "Operating", "Shape_Leng": 0.122112943393, "Shape__Length": 16760.263544707166 }, "geometry": { "type": "LineString", "coordinates": [ [ -80.33296, 39.375520000000101 ], [ -80.390848, 39.268 ] ] } },
{ "type": "Feature", "properties": { "FID": 5731, "TYPEPIPE": "Interstate", "Operator": "Equitrans Inc", "Status": "Operating", "Shape_Leng": 0.106061343759, "Shape__Length": 12710.397057305148 }, "geometry": { "type": "LineString", "coordinates": [ [ -80.279008, 39.367648 ], [ -80.186336, 39.316064 ] ] } },
{ "type": "Feature", "properties": { "FID": 5732, "TYPEPIPE": "Interstate", "Operator": "Equitrans Inc", "Status": "Operating", "Shape_Leng": 0.0492088005138, "Shape__Length": 5575.4417731018748 }, "geometry": { "type": "LineString", "coordinates": [ [ -80.186336, 39.316064 ], [ -80.138464, 39.304672 ] ] } },
{ "type": "Feature", "properties": { "FID": 5733, "TYPEPIPE": "Interstate", "Operator": "Equitrans Inc", "Status": "Operating", "Shape_Leng": 0.026016575966099999, "Shape__Length": 3170.5203334126113 }, "geometry": { "type": "LineString", "coordinates": [ [ -80.147553, 39.298772 ], [ -80.169376, 39.284608 ] ] } },
{ "type": "Feature", "properties": { "FID": 5734, "TYPEPIPE": "Interstate", "Operator": "Equitrans Inc", "Status": "Operating", "Shape_Leng": 0.010836047296, "Shape__Length": 1320.6401783392394 }, "geometry": { "type": "LineString", "coordinates": [ [ -80.138464, 39.304672 ], [ -80.147553, 39.298772 ] ] } },
{ "type": "Feature", "properties": { "FID": 5735, "TYPEPIPE": "Interstate", "Operator": "Equitrans Inc", "Status": "Operating", "Shape_Leng": 0.014155723648, "Shape__Length": 2027.6675014144134 }, "geometry": { "type": "LineString", "coordinates": [ [ -80.169376, 39.284608 ], [ -80.167392, 39.2705920000001 ] ] } },
{ "type": "Feature", "properties": { "FID": 5736, "TYPEPIPE": "Interstate", "Operator": "Equitrans Inc", "Status": "Operating", "Shape_Leng": 0.15508276644399999, "Shape__Length": 20363.244502145255 }, "geometry": { "type": "LineString", "coordinates": [ [ -80.390848, 39.268 ], [ -80.4904, 39.149088 ] ] } },
{ "type": "Feature", "properties": { "FID": 5737, "TYPEPIPE": "Interstate", "Operator": "Equitrans Inc", "Status": "Operating", "Shape_Leng": 0.064407566263600002, "Shape__Length": 8307.2623291341333 }, "geometry": { "type": "LineString", "coordinates": [ [ -80.4904, 39.149088 ], [ -80.535136, 39.102752000000102 ] ] } },
{ "type": "Feature", "properties": { "FID": 5738, "TYPEPIPE": "Interstate", "Operator": "Equitrans Inc", "Status": "Operating", "Shape_Leng": 0.074443541667500002, "Shape__Length": 10667.179563265672 }, "geometry": { "type": "LineString", "coordinates": [ [ -80.535136, 39.102752000000102 ], [ -80.539136, 39.028416 ] ] } },
{ "type": "Feature", "properties": { "FID": 5739, "TYPEPIPE": "Interstate", "Operator": "Equitrans Inc", "Status": "Operating", "Shape_Leng": 0.058891694490799999, "Shape__Length": 8223.4886196305069 }, "geometry": { "type": "LineString", "coordinates": [ [ -80.539136, 39.028416 ], [ -80.518272, 38.973344 ] ] } },
{ "type": "Feature", "properties": { "FID": 5740, "TYPEPIPE": "Interstate", "Operator": "Equitrans Inc", "Status": "Operating", "Shape_Leng": 0.03107997426, "Shape__Length": 3738.1323083468706 }, "geometry": { "type": "LineString", "coordinates": [ [ -80.518272, 38.973344 ], [ -80.491456, 38.989056 ] ] } },
{ "type": "Feature", "properties": { "FID": 5741, "TYPEPIPE": "Interstate", "Operator": "Equitrans Inc", "Status": "Operating", "Shape_Leng": 0.069331262328000007, "Shape__Length": 7847.0110556598283 }, "geometry": { "type": "LineString", "coordinates": [ [ -80.518272, 38.973344 ], [ -80.585792, 38.9576 ] ] } },
{ "type": "Feature", "properties": { "FID": 5742, "TYPEPIPE": "Interstate", "Operator": "Equitrans Inc", "Status": "Operating", "Shape_Leng": 0.069173549626999994, "Shape__Length": 9798.6992730558413 }, "geometry": { "type": "LineString", "coordinates": [ [ -80.491456, 38.989056 ], [ -80.475584, 38.921728 ] ] } },
{ "type": "Feature", "properties": { "FID": 5743, "TYPEPIPE": "Interstate", "Operator": "Equitrans Inc", "Status": "Operating", "Shape_Leng": 0.079742927761599997, "Shape__Length": 11349.995752558292 }, "geometry": { "type": "LineString", "coordinates": [ [ -80.585792, 38.9576 ], [ -80.59872, 38.878912 ] ] } },
{ "type": "Feature", "properties": { "FID": 5744, "TYPEPIPE": "Interstate", "Operator": "Equitrans Inc", "Status": "Operating", "Shape_Leng": 0.0106903470477, "Shape__Length": 1519.473351326458 }, "geometry": { "type": "LineString", "coordinates": [ [ -80.59872, 38.878912 ], [ -80.600576, 38.868384 ] ] } },
{ "type": "Feature", "properties": { "FID": 5745, "TYPEPIPE": "Interstate", "Operator": "Equitrans Inc", "Status": "Operating", "Shape_Leng": 0.079746317783300005, "Shape__Length": 8905.1369756949225 }, "geometry": { "type": "LineString", "coordinates": [ [ -80.600576, 38.868384 ], [ -80.679936, 38.860544 ] ] } },
{ "type": "Feature", "properties": { "FID": 5753, "TYPEPIPE": "Interstate", "Operator": "Equitrans Inc", "Status": "Operating", "Shape_Leng": 0.106208913524, "Shape__Length": 14248.951010890378 }, "geometry": { "type": "LineString", "coordinates": [ [ -80.232608, 39.520224 ], [ -80.293903999999898, 39.433488 ] ] } },
{ "type": "Feature", "properties": { "FID": 5754, "TYPEPIPE": "Interstate", "Operator": "Equitrans Inc", "Status": "Operating", "Shape_Leng": 0.029882834671399999, "Shape__Length": 3936.0807258499863 }, "geometry": { "type": "LineString", "coordinates": [ [ -80.293903999999898, 39.433488 ], [ -80.312992, 39.410496000000101 ] ] } },
{ "type": "Feature", "properties": { "FID": 7173, "TYPEPIPE": "Interstate", "Operator": "Equitrans Inc", "Status": "Operating", "Shape_Leng": 0.030081697192799999, "Shape__Length": 3574.5040018450682 }, "geometry": { "type": "LineString", "coordinates": [ [ -80.329824, 39.467296 ], [ -80.303015, 39.453651 ] ] } },
{ "type": "Feature", "properties": { "FID": 7184, "TYPEPIPE": "Interstate", "Operator": "Equitrans Inc", "Status": "Operating", "Shape_Leng": 0.059384352956000003, "Shape__Length": 8268.1166065624075 }, "geometry": { "type": "LineString", "coordinates": [ [ -80.571264, 39.49632 ], [ -80.595584, 39.442144 ] ] } },
{ "type": "Feature", "properties": { "FID": 7188, "TYPEPIPE": "Interstate", "Operator": "Equitrans Inc", "Status": "Operating", "Shape_Leng": 0.090602223372300006, "Shape__Length": 12969.727963344796 }, "geometry": { "type": "LineString", "coordinates": [ [ -80.595584, 39.442144 ], [ -80.579616, 39.352960000000103 ] ] } },
{ "type": "Feature", "properties": { "FID": 7192, "TYPEPIPE": "Interstate", "Operator": "Equitrans Inc", "Status": "Operating", "Shape_Leng": 0.022917652933899999, "Shape__Length": 2753.8114353963256 }, "geometry": { "type": "LineString", "coordinates": [ [ -80.579616, 39.352960000000103 ], [ -80.59952, 39.3416 ] ] } },
{ "type": "Feature", "properties": { "FID": 7196, "TYPEPIPE": "Interstate", "Operator": "Equitrans Inc", "Status": "Operating", "Shape_Leng": 0.21906191271, "Shape__Length": 24527.536221978138 }, "geometry": { "type": "LineString", "coordinates": [ [ -80.59952, 39.3416 ], [ -80.816672, 39.312736 ] ] } },
{ "type": "Feature", "properties": { "FID": 7200, "TYPEPIPE": "Interstate", "Operator": "Equitrans Inc", "Status": "Operating", "Shape_Leng": 0.034127366145100001, "Shape__Length": 4910.5381735018327 }, "geometry": { "type": "LineString", "coordinates": [ [ -80.816672, 39.312736 ], [ -80.815648, 39.346848000000101 ] ] } },
{ "type": "Feature", "properties": { "FID": 7205, "TYPEPIPE": "Interstate", "Operator": "Equitrans Inc", "Status": "Operating", "Shape_Leng": 0.029781841447399999, "Shape__Length": 4266.4216501645305 }, "geometry": { "type": "LineString", "coordinates": [ [ -80.815648, 39.346848000000101 ], [ -80.820352, 39.376256 ] ] } },
{ "type": "Feature", "properties": { "FID": 7236, "TYPEPIPE": "Interstate", "Operator": "Equitrans Inc", "Status": "Operating", "Shape_Leng": 0.023307051507999998, "Shape__Length": 3107.5326613899833 }, "geometry": { "type": "LineString", "coordinates": [ [ -80.303015, 39.453651 ], [ -80.316959999999895, 39.434976 ] ] } },
{ "type": "Feature", "properties": { "FID": 7240, "TYPEPIPE": "Interstate", "Operator": "Equitrans Inc", "Status": "Operating", "Shape_Leng": 0.033441878804900002, "Shape__Length": 4459.9730387425279 }, "geometry": { "type": "LineString", "coordinates": [ [ -80.283007999999896, 39.480448000000102 ], [ -80.303015, 39.453651 ] ] } },
{ "type": "Feature", "properties": { "FID": 7244, "TYPEPIPE": "Interstate", "Operator": "Equitrans Inc", "Status": "Operating", "Shape_Leng": 0.024799504511199999, "Shape__Length": 3555.2695762597632 }, "geometry": { "type": "LineString", "coordinates": [ [ -80.316959999999895, 39.434976 ], [ -80.312992, 39.410496000000101 ] ] } },
{ "type": "Feature", "properties": { "FID": 7248, "TYPEPIPE": "Interstate", "Operator": "Equitrans Inc", "Status": "Operating", "Shape_Leng": 0.0402745775894, "Shape__Length": 5506.6834875768645 }, "geometry": { "type": "LineString", "coordinates": [ [ -80.312992, 39.410496000000101 ], [ -80.33296, 39.375520000000101 ] ] } },
{ "type": "Feature", "properties": { "FID": 7251, "TYPEPIPE": "Interstate", "Operator": "Equitrans Inc", "Status": "Operating", "Shape_Leng": 0.054523267400199998, "Shape__Length": 6111.9500807575305 }, "geometry": { "type": "LineString", "coordinates": [ [ -80.33296, 39.375520000000101 ], [ -80.279008, 39.367648 ] ] } },
{ "type": "Feature", "properties": { "FID": 7255, "TYPEPIPE": "Interstate", "Operator": "Equitrans Inc", "Status": "Operating", "Shape_Leng": 0.122112943393, "Shape__Length": 16760.263544707166 }, "geometry": { "type": "LineString", "coordinates": [ [ -80.33296, 39.375520000000101 ], [ -80.390848, 39.268 ] ] } },
{ "type": "Feature", "properties": { "FID": 7259, "TYPEPIPE": "Interstate", "Operator": "Equitrans Inc", "Status": "Operating", "Shape_Leng": 0.106061343759, "Shape__Length": 12710.397057305148 }, "geometry": { "type": "LineString", "coordinates": [ [ -80.279008, 39.367648 ], [ -80.186336, 39.316064 ] ] } },
{ "type": "Feature", "properties": { "FID": 7263, "TYPEPIPE": "Interstate", "Operator": "Equitrans Inc", "Status": "Operating", "Shape_Leng": 0.0492088005138, "Shape__Length": 5575.4417731018748 }, "geometry": { "type": "LineString", "coordinates": [ [ -80.186336, 39.316064 ], [ -80.138464, 39.304672 ] ] } },
{ "type": "Feature", "properties": { "FID": 7267, "TYPEPIPE": "Interstate", "Operator": "Equitrans Inc", "Status": "Operating", "Shape_Leng": 0.026016575966099999, "Shape__Length": 3170.5203334126113 }, "geometry": { "type": "LineString", "coordinates": [ [ -80.147553, 39.298772 ], [ -80.169376, 39.284608 ] ] } },
{ "type": "Feature", "properties": { "FID": 7271, "TYPEPIPE": "Interstate", "Operator": "Equitrans Inc", "Status": "Operating", "Shape_Leng": 0.010836047296, "Shape__Length": 1320.6401783392394 }, "geometry": { "type": "LineString", "coordinates": [ [ -80.138464, 39.304672 ], [ -80.147553, 39.298772 ] ] } },
{ "type": "Feature", "properties": { "FID": 7273, "TYPEPIPE": "Interstate", "Operator": "Equitrans Inc", "Status": "Operating", "Shape_Leng": 0.014155723648, "Shape__Length": 2027.6675014144134 }, "geometry": { "type": "LineString", "coordinates": [ [ -80.169376, 39.284608 ], [ -80.167392, 39.2705920000001 ] ] } },
{ "type": "Feature", "properties": { "FID": 7276, "TYPEPIPE": "Interstate", "Operator": "Equitrans Inc", "Status": "Operating", "Shape_Leng": 0.15508276644399999, "Shape__Length": 20363.244502145255 }, "geometry": { "type": "LineString", "coordinates": [ [ -80.390848, 39.268 ], [ -80.4904, 39.149088 ] ] } },
{ "type": "Feature", "properties": { "FID": 7280, "TYPEPIPE": "Interstate", "Operator": "Equitrans Inc", "Status": "Operating", "Shape_Leng": 0.064407566263600002, "Shape__Length": 8307.2623291341333 }, "geometry": { "type": "LineString", "coordinates": [ [ -80.4904, 39.149088 ], [ -80.535136, 39.102752000000102 ] ] } },
{ "type": "Feature", "properties": { "FID": 7284, "TYPEPIPE": "Interstate", "Operator": "Equitrans Inc", "Status": "Operating", "Shape_Leng": 0.074443541667500002, "Shape__Length": 10667.179563265672 }, "geometry": { "type": "LineString", "coordinates": [ [ -80.535136, 39.102752000000102 ], [ -80.539136, 39.028416 ] ] } },
{ "type": "Feature", "properties": { "FID": 7288, "TYPEPIPE": "Interstate", "Operator": "Equitrans Inc", "Status": "Operating", "Shape_Leng": 0.058891694490799999, "Shape__Length": 8223.4886196305069 }, "geometry": { "type": "LineString", "coordinates": [ [ -80.539136, 39.028416 ], [ -80.518272, 38.973344 ] ] } },
{ "type": "Feature", "properties": { "FID": 7293, "TYPEPIPE": "Interstate", "Operator": "Equitrans Inc", "Status": "Operating", "Shape_Leng": 0.03107997426, "Shape__Length": 3738.1323083468706 }, "geometry": { "type": "LineString", "coordinates": [ [ -80.518272, 38.973344 ], [ -80.491456, 38.989056 ] ] } },
{ "type": "Feature", "properties": { "FID": 7297, "TYPEPIPE": "Interstate", "Operator": "Equitrans Inc", "Status": "Operating", "Shape_Leng": 0.069331262328000007, "Shape__Length": 7847.0110556598283 }, "geometry": { "type": "LineString", "coordinates": [ [ -80.518272, 38.973344 ], [ -80.585792, 38.9576 ] ] } },
{ "type": "Feature", "properties": { "FID": 7302, "TYPEPIPE": "Interstate", "Operator": "Equitrans Inc", "Status": "Operating", "Shape_Leng": 0.069173549626999994, "Shape__Length": 9798.6992730558413 }, "geometry": { "type": "LineString", "coordinates": [ [ -80.491456, 38.989056 ], [ -80.475584, 38.921728 ] ] } },
{ "type": "Feature", "properties": { "FID": 7305, "TYPEPIPE": "Interstate", "Operator": "Equitrans Inc", "Status": "Operating", "Shape_Leng": 0.079742927761599997, "Shape__Length": 11349.995752558292 }, "geometry": { "type": "LineString", "coordinates": [ [ -80.585792, 38.9576 ], [ -80.59872, 38.878912 ] ] } },
{ "type": "Feature", "properties": { "FID": 7309, "TYPEPIPE": "Interstate", "Operator": "Equitrans Inc", "Status": "Operating", "Shape_Leng": 0.0106903470477, "Shape__Length": 1519.473351326458 }, "geometry": { "type": "LineString", "coordinates": [ [ -80.59872, 38.878912 ], [ -80.600576, 38.868384 ] ] } },
{ "type": "Feature", "properties": { "FID": 7313, "TYPEPIPE": "Interstate", "Operator": "Equitrans Inc", "Status": "Operating", "Shape_Leng": 0.079746317783300005, "Shape__Length": 8905.1369756949225 }, "geometry": { "type": "LineString", "coordinates": [ [ -80.600576, 38.868384 ], [ -80.679936, 38.860544 ] ] } },
{ "type": "Feature", "properties": { "FID": 7342, "TYPEPIPE": "Interstate", "Operator": "Equitrans Inc", "Status": "Operating", "Shape_Leng": 0.106208913524, "Shape__Length": 14248.951010890378 }, "geometry": { "type": "LineString", "coordinates": [ [ -80.232608, 39.520224 ], [ -80.293903999999898, 39.433488 ] ] } },
{ "type": "Feature", "properties": { "FID": 7345, "TYPEPIPE": "Interstate", "Operator": "Equitrans Inc", "Status": "Operating", "Shape_Leng": 0.029882834671399999, "Shape__Length": 3936.0807258499863 }, "geometry": { "type": "LineString", "coordinates": [ [ -80.293903999999898, 39.433488 ], [ -80.312992, 39.410496000000101 ] ] } },
{ "type": "Feature", "properties": { "FID": 8220, "TYPEPIPE": "Intrastate", "Operator": "Hope Natural Gas Co", "Status": "Operating", "Shape_Leng": 0.115128941231, "Shape__Length": 16153.452923085926 }, "geometry": { "type": "LineString", "coordinates": [ [ -80.811981, 38.492154 ], [ -80.843059, 38.603009 ] ] } },
{ "type": "Feature", "properties": { "FID": 8224, "TYPEPIPE": "Intrastate", "Operator": "Hope Natural Gas Co", "Status": "Operating", "Shape_Leng": 0.125512309392, "Shape__Length": 17182.109656064891 }, "geometry": { "type": "LineString", "coordinates": [ [ -80.843059, 38.603009 ], [ -80.899119, 38.715306 ] ] } },
{ "type": "Feature", "properties": { "FID": 8228, "TYPEPIPE": "Intrastate", "Operator": "Hope Natural Gas Co", "Status": "Operating", "Shape_Leng": 0.052147040731000002, "Shape__Length": 6032.4612461135093 }, "geometry": { "type": "LineString", "coordinates": [ [ -80.896256, 38.714898 ], [ -80.945055, 38.733282 ] ] } },
{ "type": "Feature", "properties": { "FID": 8232, "TYPEPIPE": "Intrastate", "Operator": "Hope Natural Gas Co", "Status": "Operating", "Shape_Leng": 0.049399062713799999, "Shape__Length": 6594.0477750668051 }, "geometry": { "type": "LineString", "coordinates": [ [ -80.674276, 38.66794 ], [ -80.70201, 38.627061 ] ] } },
{ "type": "Feature", "properties": { "FID": 8236, "TYPEPIPE": "Intrastate", "Operator": "Hope Natural Gas Co", "Status": "Operating", "Shape_Leng": 0.093390264353400004, "Shape__Length": 10554.086034582266 }, "geometry": { "type": "LineString", "coordinates": [ [ -80.70483, 38.629245 ], [ -80.795956, 38.649685 ] ] } },
{ "type": "Feature", "properties": { "FID": 8240, "TYPEPIPE": "Intrastate", "Operator": "Hope Natural Gas Co", "Status": "Operating", "Shape_Leng": 0.073162651571700002, "Shape__Length": 8683.2774410955553 }, "geometry": { "type": "LineString", "coordinates": [ [ -80.945055, 38.733282 ], [ -81.009992, 38.766986 ] ] } },
{ "type": "Feature", "properties": { "FID": 8252, "TYPEPIPE": "Intrastate", "Operator": "Hope Natural Gas Co", "Status": "Operating", "Shape_Leng": 0.237916915604, "Shape__Length": 30880.41526942778 }, "geometry": { "type": "LineString", "coordinates": [ [ -80.355538, 39.436229 ], [ -80.326819, 39.488528 ], [ -80.300772999999893, 39.536720000000102 ], [ -80.275705, 39.537698 ], [ -80.199574, 39.600016 ] ] } },
{ "type": "Feature", "properties": { "FID": 8260, "TYPEPIPE": "Intrastate", "Operator": "Hope Natural Gas Co", "Status": "Operating", "Shape_Leng": 0.434534168502, "Shape__Length": 55474.744986731326 }, "geometry": { "type": "LineString", "coordinates": [ [ -79.730587, 39.1819 ], [ -79.730445, 39.216831 ], [ -79.766707999999895, 39.246539 ], [ -79.770139, 39.3975340000001 ], [ -79.966421, 39.443929 ] ] } },
{ "type": "Feature", "properties": { "FID": 8266, "TYPEPIPE": "Intrastate", "Operator": "Hope Natural Gas Co", "Status": "Operating", "Shape_Leng": 0.054066879048100001, "Shape__Length": 7143.4633119107239 }, "geometry": { "type": "LineString", "coordinates": [ [ -80.665818, 38.299341 ], [ -80.697515, 38.25554 ] ] } },
{ "type": "Feature", "properties": { "FID": 8269, "TYPEPIPE": "Intrastate", "Operator": "Hope Natural Gas Co", "Status": "Operating", "Shape_Leng": 0.075278, "Shape__Length": 8379.9086279403418 }, "geometry": { "type": "LineString", "coordinates": [ [ -80.697515, 38.25554 ], [ -80.772793, 38.25554 ] ] } },
{ "type": "Feature", "properties": { "FID": 8273, "TYPEPIPE": "Intrastate", "Operator": "Hope Natural Gas Co", "Status": "Operating", "Shape_Leng": 0.101236335187, "Shape__Length": 14255.226536504329 }, "geometry": { "type": "LineString", "coordinates": [ [ -80.772793, 38.25554 ], [ -80.752982, 38.354819 ] ] } },
{ "type": "Feature", "properties": { "FID": 8277, "TYPEPIPE": "Intrastate", "Operator": "Hope Natural Gas Co", "Status": "Operating", "Shape_Leng": 0.026488198372100001, "Shape__Length": 3123.127622696149 }, "geometry": { "type": "LineString", "coordinates": [ [ -80.752982, 38.354819 ], [ -80.776755, 38.366501 ] ] } },
{ "type": "Feature", "properties": { "FID": 8281, "TYPEPIPE": "Intrastate", "Operator": "Hope Natural Gas Co", "Status": "Operating", "Shape_Leng": 0.130497308344, "Shape__Length": 18281.115729555826 }, "geometry": { "type": "LineString", "coordinates": [ [ -80.776755, 38.366501 ], [ -80.811981, 38.492154 ] ] } },
{ "type": "Feature", "properties": { "FID": 8285, "TYPEPIPE": "Intrastate", "Operator": "Hope Natural Gas Co", "Status": "Operating", "Shape_Leng": 0.200068735838, "Shape__Length": 24472.726387272593 }, "geometry": { "type": "LineString", "coordinates": [ [ -80.502542, 38.183719 ], [ -80.665818, 38.299341 ] ] } },
{ "type": "Feature", "properties": { "FID": 8290, "TYPEPIPE": "Intrastate", "Operator": "Hope Natural Gas Co", "Status": "Operating", "Shape_Leng": 0.123408896069, "Shape__Length": 15406.960394432901 }, "geometry": { "type": "LineString", "coordinates": [ [ -81.200787, 39.374754 ], [ -81.297663999999898, 39.298304 ] ] } },
{ "type": "Feature", "properties": { "FID": 8306, "TYPEPIPE": "Intrastate", "Operator": "Hope Natural Gas Co", "Status": "Operating", "Shape_Leng": 0.062150297086999998, "Shape__Length": 7039.2608535731679 }, "geometry": { "type": "LineString", "coordinates": [ [ -81.614477, 39.245621 ], [ -81.674965, 39.231343 ] ] } },
{ "type": "Feature", "properties": { "FID": 8310, "TYPEPIPE": "Intrastate", "Operator": "Hope Natural Gas Co", "Status": "Operating", "Shape_Leng": 0.16981155872199999, "Shape__Length": 21191.452961431907 }, "geometry": { "type": "LineString", "coordinates": [ [ -81.481434, 39.140096 ], [ -81.578505, 39.21709 ], [ -81.597267, 39.231971 ], [ -81.614477, 39.245621 ] ] } },
{ "type": "Feature", "properties": { "FID": 8312, "TYPEPIPE": "Intrastate", "Operator": "Hope Natural Gas Co", "Status": "Operating", "Shape_Leng": 0.058981717025999997, "Shape__Length": 8230.8395236930428 }, "geometry": { "type": "LineString", "coordinates": [ [ -80.355538, 39.436229 ], [ -80.339124, 39.39736 ], [ -80.332427999999894, 39.381964 ] ] } },
{ "type": "Feature", "properties": { "FID": 8315, "TYPEPIPE": "Intrastate", "Operator": "Hope Natural Gas Co", "Status": "Operating", "Shape_Leng": 0.065597333338799996, "Shape__Length": 7770.2437817478558 }, "geometry": { "type": "LineString", "coordinates": [ [ -80.798774, 38.649684 ], [ -80.854242999999897, 38.620484 ], [ -80.857155, 38.620477000000101 ] ] } },
{ "type": "Feature", "properties": { "FID": 8319, "TYPEPIPE": "Intrastate", "Operator": "Hope Natural Gas Co", "Status": "Operating", "Shape_Leng": 0.13812062230800001, "Shape__Length": 15979.316487024498 }, "geometry": { "type": "LineString", "coordinates": [ [ -80.056959, 39.44802 ], [ -80.064283, 39.453205 ], [ -80.065396, 39.457114 ], [ -80.092487, 39.459629 ], [ -80.141902, 39.475816000000101 ], [ -80.185342, 39.490568000000103 ] ] } },
{ "type": "Feature", "properties": { "FID": 8326, "TYPEPIPE": "Intrastate", "Operator": "Hope Natural Gas Co", "Status": "Operating", "Shape_Leng": 0.090690499569099997, "Shape__Length": 10107.088595093512 }, "geometry": { "type": "LineString", "coordinates": [ [ -79.966421, 39.443929 ], [ -79.994569999999896, 39.443672 ], [ -80.056959, 39.44802 ] ] } },
{ "type": "Feature", "properties": { "FID": 8330, "TYPEPIPE": "Intrastate", "Operator": "Hope Natural Gas Co", "Status": "Operating", "Shape_Leng": 0.053475822186199999, "Shape__Length": 6768.0252079256024 }, "geometry": { "type": "LineString", "coordinates": [ [ -80.105529, 39.43357 ], [ -80.09585, 39.427852 ], [ -80.065396, 39.457114 ] ] } },
{ "type": "Feature", "properties": { "FID": 10299, "TYPEPIPE": "Intrastate", "Operator": "Kentucky-West Virginia Gas Co", "Status": "Operating", "Shape_Leng": 0.0022340727382600001, "Shape__Length": 251.20102756482112 }, "geometry": { "type": "LineString", "coordinates": [ [ -82.768394999999899, 37.386557 ], [ -82.7662, 37.386141000000102 ] ] } },
{ "type": "Feature", "properties": { "FID": 10300, "TYPEPIPE": "Intrastate", "Operator": "Kentucky-West Virginia Gas Co", "Status": "Operating", "Shape_Leng": 0.015947138458099998, "Shape__Length": 1785.2358674330439 }, "geometry": { "type": "LineString", "coordinates": [ [ -82.7662, 37.386141000000102 ], [ -82.750407999999894, 37.38836 ] ] } },
{ "type": "Feature", "properties": { "FID": 10301, "TYPEPIPE": "Intrastate", "Operator": "Kentucky-West Virginia Gas Co", "Status": "Operating", "Shape_Leng": 0.013944668085, "Shape__Length": 1554.044548552157 }, "geometry": { "type": "LineString", "coordinates": [ [ -82.750407999999894, 37.38836 ], [ -82.73649, 37.3874980000001 ] ] } },
{ "type": "Feature", "properties": { "FID": 10302, "TYPEPIPE": "Intrastate", "Operator": "Kentucky-West Virginia Gas Co", "Status": "Operating", "Shape_Leng": 0.0016975069955299999, "Shape__Length": 219.68212831860117 }, "geometry": { "type": "LineString", "coordinates": [ [ -82.73649, 37.3874980000001 ], [ -82.735419, 37.3861810000001 ] ] } },
{ "type": "Feature", "properties": { "FID": 10303, "TYPEPIPE": "Intrastate", "Operator": "Kentucky-West Virginia Gas Co", "Status": "Operating", "Shape_Leng": 0.0123444149315, "Shape__Length": 1376.2768618565829 }, "geometry": { "type": "LineString", "coordinates": [ [ -82.735419, 37.3861810000001 ], [ -82.723107, 37.387075 ] ] } },
{ "type": "Feature", "properties": { "FID": 10304, "TYPEPIPE": "Intrastate", "Operator": "Kentucky-West Virginia Gas Co", "Status": "Operating", "Shape_Leng": 0.011779344379, "Shape__Length": 1311.4230054417581 }, "geometry": { "type": "LineString", "coordinates": [ [ -82.723107, 37.387075 ], [ -82.71133, 37.38731 ] ] } },
{ "type": "Feature", "properties": { "FID": 10305, "TYPEPIPE": "Intrastate", "Operator": "Kentucky-West Virginia Gas Co", "Status": "Operating", "Shape_Leng": 0.0096360087692000003, "Shape__Length": 1072.6761595665137 }, "geometry": { "type": "LineString", "coordinates": [ [ -82.71133, 37.38731 ], [ -82.701694, 37.387323 ] ] } },
{ "type": "Feature", "properties": { "FID": 10306, "TYPEPIPE": "Intrastate", "Operator": "Kentucky-West Virginia Gas Co", "Status": "Operating", "Shape_Leng": 0.017733836189600002, "Shape__Length": 1978.5833169402927 }, "geometry": { "type": "LineString", "coordinates": [ [ -82.701694, 37.387323 ], [ -82.684029, 37.388884 ] ] } },
{ "type": "Feature", "properties": { "FID": 10307, "TYPEPIPE": "Intrastate", "Operator": "Kentucky-West Virginia Gas Co", "Status": "Operating", "Shape_Leng": 0.022158315752800001, "Shape__Length": 2530.1666938544454 }, "geometry": { "type": "LineString", "coordinates": [ [ -82.684029, 37.388884 ], [ -82.662883, 37.395505 ] ] } },
{ "type": "Feature", "properties": { "FID": 10308, "TYPEPIPE": "Intrastate", "Operator": "Kentucky-West Virginia Gas Co", "Status": "Operating", "Shape_Leng": 0.033170758447699997, "Shape__Length": 3985.5446504609886 }, "geometry": { "type": "LineString", "coordinates": [ [ -82.662883, 37.395505 ], [ -82.634779, 37.413125 ] ] } },
{ "type": "Feature", "properties": { "FID": 10309, "TYPEPIPE": "Intrastate", "Operator": "Kentucky-West Virginia Gas Co", "Status": "Operating", "Shape_Leng": 0.0021527993403699999, "Shape__Length": 260.40542424980617 }, "geometry": { "type": "LineString", "coordinates": [ [ -82.669788, 37.354149 ], [ -82.671576, 37.355348 ] ] } },
{ "type": "Feature", "properties": { "FID": 10310, "TYPEPIPE": "Intrastate", "Operator": "Kentucky-West Virginia Gas Co", "Status": "Operating", "Shape_Leng": 0.0054204414949300004, "Shape__Length": 699.54618828222999 }, "geometry": { "type": "LineString", "coordinates": [ [ -82.671576, 37.355348 ], [ -82.675045, 37.359513 ] ] } },
{ "type": "Feature", "properties": { "FID": 10311, "TYPEPIPE": "Intrastate", "Operator": "Kentucky-West Virginia Gas Co", "Status": "Operating", "Shape_Leng": 0.00142114214634, "Shape__Length": 193.79250288218407 }, "geometry": { "type": "LineString", "coordinates": [ [ -82.675045, 37.359513 ], [ -82.675579, 37.36083 ] ] } },
{ "type": "Feature", "properties": { "FID": 10312, "TYPEPIPE": "Intrastate", "Operator": "Kentucky-West Virginia Gas Co", "Status": "Operating", "Shape_Leng": 0.0080522914129800005, "Shape__Length": 1109.1980971713376 }, "geometry": { "type": "LineString", "coordinates": [ [ -82.675579, 37.36083 ], [ -82.67798, 37.368516 ] ] } },
{ "type": "Feature", "properties": { "FID": 10313, "TYPEPIPE": "Intrastate", "Operator": "Kentucky-West Virginia Gas Co", "Status": "Operating", "Shape_Leng": 0.00154060280409, "Shape__Length": 204.76600568849261 }, "geometry": { "type": "LineString", "coordinates": [ [ -82.67798, 37.368516 ], [ -82.678781, 37.369832 ] ] } },
{ "type": "Feature", "properties": { "FID": 10314, "TYPEPIPE": "Intrastate", "Operator": "Kentucky-West Virginia Gas Co", "Status": "Operating", "Shape_Leng": 0.0098372829582400005, "Shape__Length": 1284.4232444592681 }, "geometry": { "type": "LineString", "coordinates": [ [ -82.678781, 37.369832 ], [ -82.684651, 37.377726 ] ] } },
{ "type": "Feature", "properties": { "FID": 10315, "TYPEPIPE": "Intrastate", "Operator": "Kentucky-West Virginia Gas Co", "Status": "Operating", "Shape_Leng": 0.0069464679514099998, "Shape__Length": 893.40146487253116 }, "geometry": { "type": "LineString", "coordinates": [ [ -82.684651, 37.377726 ], [ -82.689187, 37.382987 ] ] } },
{ "type": "Feature", "properties": { "FID": 10316, "TYPEPIPE": "Intrastate", "Operator": "Kentucky-West Virginia Gas Co", "Status": "Operating", "Shape_Leng": 0.0076794020600599996, "Shape__Length": 884.29839571289165 }, "geometry": { "type": "LineString", "coordinates": [ [ -82.689187, 37.382987 ], [ -82.696391, 37.380327000000101 ] ] } },
{ "type": "Feature", "properties": { "FID": 10317, "TYPEPIPE": "Intrastate", "Operator": "Kentucky-West Virginia Gas Co", "Status": "Operating", "Shape_Leng": 0.0020403612425700002, "Shape__Length": 262.316028790058 }, "geometry": { "type": "LineString", "coordinates": [ [ -82.696391, 37.380327000000101 ], [ -82.697726, 37.378784000000103 ] ] } },
{ "type": "Feature", "properties": { "FID": 10318, "TYPEPIPE": "Intrastate", "Operator": "Kentucky-West Virginia Gas Co", "Status": "Operating", "Shape_Leng": 0.0024422551054499998, "Shape__Length": 274.51705786551202 }, "geometry": { "type": "LineString", "coordinates": [ [ -82.701194, 37.386686 ], [ -82.698793, 37.387133 ] ] } },
{ "type": "Feature", "properties": { "FID": 10319, "TYPEPIPE": "Intrastate", "Operator": "Kentucky-West Virginia Gas Co", "Status": "Operating", "Shape_Leng": 0.0086351751574799997, "Shape__Length": 1206.3412855245922 }, "geometry": { "type": "LineString", "coordinates": [ [ -82.698793, 37.387133 ], [ -82.697726, 37.378564 ] ] } },
{ "type": "Feature", "properties": { "FID": 10320, "TYPEPIPE": "Intrastate", "Operator": "Kentucky-West Virginia Gas Co", "Status": "Operating", "Shape_Leng": 0.0074919941937799999, "Shape__Length": 946.38206729413389 }, "geometry": { "type": "LineString", "coordinates": [ [ -82.697726, 37.379003 ], [ -82.703062, 37.384262 ] ] } },
{ "type": "Feature", "properties": { "FID": 10321, "TYPEPIPE": "Intrastate", "Operator": "Kentucky-West Virginia Gas Co", "Status": "Operating", "Shape_Leng": 0.00135121463875, "Shape__Length": 151.52423798495275 }, "geometry": { "type": "LineString", "coordinates": [ [ -82.703062, 37.384262 ], [ -82.704396, 37.384477000000103 ] ] } },
{ "type": "Feature", "properties": { "FID": 10322, "TYPEPIPE": "Intrastate", "Operator": "Kentucky-West Virginia Gas Co", "Status": "Operating", "Shape_Leng": 0.0096434452867900002, "Shape__Length": 1075.9299170724407 }, "geometry": { "type": "LineString", "coordinates": [ [ -82.704396, 37.384477000000103 ], [ -82.714001999999894, 37.385326 ] ] } },
{ "type": "Feature", "properties": { "FID": 10323, "TYPEPIPE": "Intrastate", "Operator": "Kentucky-West Virginia Gas Co", "Status": "Operating", "Shape_Leng": 0.0011317049084800001, "Shape__Length": 156.93037237902959 }, "geometry": { "type": "LineString", "coordinates": [ [ -82.714001999999894, 37.385326 ], [ -82.713736, 37.386426 ] ] } },
{ "type": "Feature", "properties": { "FID": 10324, "TYPEPIPE": "Intrastate", "Operator": "Kentucky-West Virginia Gas Co", "Status": "Operating", "Shape_Leng": 0.0055161367821999997, "Shape__Length": 618.4590022340202 }, "geometry": { "type": "LineString", "coordinates": [ [ -82.596474999999899, 37.649572 ], [ -82.601923999999897, 37.65043 ] ] } },
{ "type": "Feature", "properties": { "FID": 10325, "TYPEPIPE": "Intrastate", "Operator": "Kentucky-West Virginia Gas Co", "Status": "Operating", "Shape_Leng": 0.012541258509399999, "Shape__Length": 1396.2361369832399 }, "geometry": { "type": "LineString", "coordinates": [ [ -82.601923999999897, 37.65043 ], [ -82.614463, 37.650192 ] ] } },
{ "type": "Feature", "properties": { "FID": 10326, "TYPEPIPE": "Intrastate", "Operator": "Kentucky-West Virginia Gas Co", "Status": "Operating", "Shape_Leng": 0.0235378836135, "Shape__Length": 2624.4491822976847 }, "geometry": { "type": "LineString", "coordinates": [ [ -82.614463, 37.650192 ], [ -82.637937, 37.651925 ] ] } },
{ "type": "Feature", "properties": { "FID": 10327, "TYPEPIPE": "Intrastate", "Operator": "Kentucky-West Virginia Gas Co", "Status": "Operating", "Shape_Leng": 0.026411151584099998, "Shape__Length": 2940.2847749593211 }, "geometry": { "type": "LineString", "coordinates": [ [ -82.637937, 37.651925 ], [ -82.664345, 37.652333 ] ] } },
{ "type": "Feature", "properties": { "FID": 10328, "TYPEPIPE": "Intrastate", "Operator": "Kentucky-West Virginia Gas Co", "Status": "Operating", "Shape_Leng": 0.011577042800300001, "Shape__Length": 1295.64692562457 }, "geometry": { "type": "LineString", "coordinates": [ [ -82.725197, 37.623828 ], [ -82.736669, 37.622272000000102 ] ] } },
{ "type": "Feature", "properties": { "FID": 10329, "TYPEPIPE": "Intrastate", "Operator": "Kentucky-West Virginia Gas Co", "Status": "Operating", "Shape_Leng": 0.0076897540272599998, "Shape__Length": 901.99947270277823 }, "geometry": { "type": "LineString", "coordinates": [ [ -82.736669, 37.622272000000102 ], [ -82.743607999999895, 37.618958 ] ] } },
{ "type": "Feature", "properties": { "FID": 10330, "TYPEPIPE": "Intrastate", "Operator": "Kentucky-West Virginia Gas Co", "Status": "Operating", "Shape_Leng": 0.0085414262275499992, "Shape__Length": 1127.2479903630294 }, "geometry": { "type": "LineString", "coordinates": [ [ -82.743607999999895, 37.618958 ], [ -82.748417, 37.611899 ] ] } },
{ "type": "Feature", "properties": { "FID": 10331, "TYPEPIPE": "Intrastate", "Operator": "Kentucky-West Virginia Gas Co", "Status": "Operating", "Shape_Leng": 0.0071558715052800004, "Shape__Length": 967.15507055473245 }, "geometry": { "type": "LineString", "coordinates": [ [ -82.748417, 37.611899 ], [ -82.751626, 37.605503 ] ] } },
{ "type": "Feature", "properties": { "FID": 10332, "TYPEPIPE": "Intrastate", "Operator": "Kentucky-West Virginia Gas Co", "Status": "Operating", "Shape_Leng": 0.0095438954835000006, "Shape__Length": 1251.7613130432078 }, "geometry": { "type": "LineString", "coordinates": [ [ -82.751626, 37.605503 ], [ -82.757236, 37.597782000000102 ] ] } },
{ "type": "Feature", "properties": { "FID": 10333, "TYPEPIPE": "Intrastate", "Operator": "Kentucky-West Virginia Gas Co", "Status": "Operating", "Shape_Leng": 0.0022934317081800002, "Shape__Length": 256.83107677058791 }, "geometry": { "type": "LineString", "coordinates": [ [ -82.795247, 37.536672000000102 ], [ -82.797517, 37.536345 ] ] } },
{ "type": "Feature", "properties": { "FID": 10334, "TYPEPIPE": "Intrastate", "Operator": "Kentucky-West Virginia Gas Co", "Status": "Operating", "Shape_Leng": 0.0036819056207000002, "Shape__Length": 509.47284975552509 }, "geometry": { "type": "LineString", "coordinates": [ [ -82.796177999999898, 37.65219 ], [ -82.795108, 37.655713 ] ] } },
{ "type": "Feature", "properties": { "FID": 10335, "TYPEPIPE": "Intrastate", "Operator": "Kentucky-West Virginia Gas Co", "Status": "Operating", "Shape_Leng": 0.0054480826902799998, "Shape__Length": 629.25172068589688 }, "geometry": { "type": "LineString", "coordinates": [ [ -82.795108, 37.655713 ], [ -82.790022, 37.65376 ] ] } },
{ "type": "Feature", "properties": { "FID": 10336, "TYPEPIPE": "Intrastate", "Operator": "Kentucky-West Virginia Gas Co", "Status": "Operating", "Shape_Leng": 0.0087236104910599997, "Shape__Length": 1095.4409174601803 }, "geometry": { "type": "LineString", "coordinates": [ [ -82.790022, 37.65376 ], [ -82.783598, 37.647858 ] ] } },
{ "type": "Feature", "properties": { "FID": 10337, "TYPEPIPE": "Intrastate", "Operator": "Kentucky-West Virginia Gas Co", "Status": "Operating", "Shape_Leng": 0.0053718757431700003, "Shape__Length": 616.21315515774938 }, "geometry": { "type": "LineString", "coordinates": [ [ -82.783598, 37.647858 ], [ -82.778513, 37.646126 ] ] } },
{ "type": "Feature", "properties": { "FID": 10338, "TYPEPIPE": "Intrastate", "Operator": "Kentucky-West Virginia Gas Co", "Status": "Operating", "Shape_Leng": 0.0087808570197100005, "Shape__Length": 991.50146394001047 }, "geometry": { "type": "LineString", "coordinates": [ [ -82.778513, 37.646126 ], [ -82.769948, 37.644191 ] ] } },
{ "type": "Feature", "properties": { "FID": 10339, "TYPEPIPE": "Intrastate", "Operator": "Kentucky-West Virginia Gas Co", "Status": "Operating", "Shape_Leng": 0.0097194405188700001, "Shape__Length": 1104.5797673137733 }, "geometry": { "type": "LineString", "coordinates": [ [ -82.769948, 37.644191 ], [ -82.76058, 37.641601 ] ] } },
{ "type": "Feature", "properties": { "FID": 10340, "TYPEPIPE": "Intrastate", "Operator": "Kentucky-West Virginia Gas Co", "Status": "Operating", "Shape_Leng": 0.0076436264299099997, "Shape__Length": 860.57490911986508 }, "geometry": { "type": "LineString", "coordinates": [ [ -82.76058, 37.641601 ], [ -82.753084999999899, 37.640101000000101 ] ] } },
{ "type": "Feature", "properties": { "FID": 10341, "TYPEPIPE": "Intrastate", "Operator": "Kentucky-West Virginia Gas Co", "Status": "Operating", "Shape_Leng": 0.0040655314535600002, "Shape__Length": 455.88561135666191 }, "geometry": { "type": "LineString", "coordinates": [ [ -82.753084999999899, 37.640101000000101 ], [ -82.74907, 37.639462 ] ] } },
{ "type": "Feature", "properties": { "FID": 10342, "TYPEPIPE": "Intrastate", "Operator": "Kentucky-West Virginia Gas Co", "Status": "Operating", "Shape_Leng": 0.0093526961353599999, "Shape__Length": 1119.5503883512258 }, "geometry": { "type": "LineString", "coordinates": [ [ -82.74907, 37.639462 ], [ -82.741039999999899, 37.634667 ] ] } },
{ "type": "Feature", "properties": { "FID": 10343, "TYPEPIPE": "Intrastate", "Operator": "Kentucky-West Virginia Gas Co", "Status": "Operating", "Shape_Leng": 0.0074214123318699999, "Shape__Length": 899.49138448898793 }, "geometry": { "type": "LineString", "coordinates": [ [ -82.741039999999899, 37.634667 ], [ -82.734884, 37.630522 ] ] } },
{ "type": "Feature", "properties": { "FID": 10344, "TYPEPIPE": "Intrastate", "Operator": "Kentucky-West Virginia Gas Co", "Status": "Operating", "Shape_Leng": 0.0107402974353, "Shape__Length": 1305.5175794547426 }, "geometry": { "type": "LineString", "coordinates": [ [ -82.734884, 37.630522 ], [ -82.726051, 37.624412 ] ] } },
{ "type": "Feature", "properties": { "FID": 10345, "TYPEPIPE": "Intrastate", "Operator": "Kentucky-West Virginia Gas Co", "Status": "Operating", "Shape_Leng": 0.015773626152500001, "Shape__Length": 2198.8304194177404 }, "geometry": { "type": "LineString", "coordinates": [ [ -82.795808, 37.408813000000102 ], [ -82.793109, 37.424354 ] ] } },
{ "type": "Feature", "properties": { "FID": 10346, "TYPEPIPE": "Intrastate", "Operator": "Kentucky-West Virginia Gas Co", "Status": "Operating", "Shape_Leng": 0.016045, "Shape__Length": 2249.3210467193276 }, "geometry": { "type": "LineString", "coordinates": [ [ -82.793109, 37.424354 ], [ -82.793109, 37.440399 ] ] } },
{ "type": "Feature", "properties": { "FID": 10347, "TYPEPIPE": "Intrastate", "Operator": "Kentucky-West Virginia Gas Co", "Status": "Operating", "Shape_Leng": 0.0108229229416, "Shape__Length": 1514.7799158304099 }, "geometry": { "type": "LineString", "coordinates": [ [ -82.793109, 37.440399 ], [ -82.794178, 37.451169 ] ] } },
{ "type": "Feature", "properties": { "FID": 10348, "TYPEPIPE": "Intrastate", "Operator": "Kentucky-West Virginia Gas Co", "Status": "Operating", "Shape_Leng": 0.00620318861555, "Shape__Length": 845.34307733528487 }, "geometry": { "type": "LineString", "coordinates": [ [ -82.794178, 37.451169 ], [ -82.791773, 37.456887 ] ] } },
{ "type": "Feature", "properties": { "FID": 10349, "TYPEPIPE": "Intrastate", "Operator": "Kentucky-West Virginia Gas Co", "Status": "Operating", "Shape_Leng": 0.00754808220676, "Shape__Length": 1054.617801932246 }, "geometry": { "type": "LineString", "coordinates": [ [ -82.791773, 37.456887 ], [ -82.792842, 37.464359 ] ] } },
{ "type": "Feature", "properties": { "FID": 10350, "TYPEPIPE": "Intrastate", "Operator": "Kentucky-West Virginia Gas Co", "Status": "Operating", "Shape_Leng": 0.0107673976893, "Shape__Length": 1499.1567425236899 }, "geometry": { "type": "LineString", "coordinates": [ [ -82.792842, 37.464359 ], [ -82.790704, 37.474912000000103 ] ] } },
{ "type": "Feature", "properties": { "FID": 10351, "TYPEPIPE": "Intrastate", "Operator": "Kentucky-West Virginia Gas Co", "Status": "Operating", "Shape_Leng": 0.0118830045443, "Shape__Length": 1666.3147391790333 }, "geometry": { "type": "LineString", "coordinates": [ [ -82.790704, 37.474912000000103 ], [ -82.79017, 37.486783000000102 ] ] } },
{ "type": "Feature", "properties": { "FID": 10352, "TYPEPIPE": "Intrastate", "Operator": "Kentucky-West Virginia Gas Co", "Status": "Operating", "Shape_Leng": 0.0160532203934, "Shape__Length": 2229.5602425829429 }, "geometry": { "type": "LineString", "coordinates": [ [ -82.79017, 37.486783000000102 ], [ -82.786428, 37.502394 ] ] } },
{ "type": "Feature", "properties": { "FID": 10353, "TYPEPIPE": "Intrastate", "Operator": "Kentucky-West Virginia Gas Co", "Status": "Operating", "Shape_Leng": 0.0064302212247999996, "Shape__Length": 888.05175038089419 }, "geometry": { "type": "LineString", "coordinates": [ [ -82.786428, 37.502394 ], [ -82.788298999999895, 37.508546 ] ] } },
{ "type": "Feature", "properties": { "FID": 10354, "TYPEPIPE": "Intrastate", "Operator": "Kentucky-West Virginia Gas Co", "Status": "Operating", "Shape_Leng": 0.00420901187932, "Shape__Length": 588.90705440098941 }, "geometry": { "type": "LineString", "coordinates": [ [ -82.788298999999895, 37.508546 ], [ -82.788833, 37.512721 ] ] } },
{ "type": "Feature", "properties": { "FID": 10355, "TYPEPIPE": "Intrastate", "Operator": "Kentucky-West Virginia Gas Co", "Status": "Operating", "Shape_Leng": 0.0045783120252100001, "Shape__Length": 622.34085196936007 }, "geometry": { "type": "LineString", "coordinates": [ [ -82.788833, 37.512721 ], [ -82.786963, 37.5169 ] ] } },
{ "type": "Feature", "properties": { "FID": 10356, "TYPEPIPE": "Intrastate", "Operator": "Kentucky-West Virginia Gas Co", "Status": "Operating", "Shape_Leng": 0.018465944871599999, "Shape__Length": 2591.8578910917749 }, "geometry": { "type": "LineString", "coordinates": [ [ -82.786963, 37.5169 ], [ -82.786695, 37.535364000000101 ] ] } },
{ "type": "Feature", "properties": { "FID": 10357, "TYPEPIPE": "Intrastate", "Operator": "Kentucky-West Virginia Gas Co", "Status": "Operating", "Shape_Leng": 0.008651448896000001, "Shape__Length": 969.55080592069896 }, "geometry": { "type": "LineString", "coordinates": [ [ -82.786695, 37.535364000000101 ], [ -82.795247, 37.536672000000102 ] ] } },
{ "type": "Feature", "properties": { "FID": 10358, "TYPEPIPE": "Intrastate", "Operator": "Kentucky-West Virginia Gas Co", "Status": "Operating", "Shape_Leng": 0.0121381646883, "Shape__Length": 1701.6880635982045 }, "geometry": { "type": "LineString", "coordinates": [ [ -82.795247, 37.536672000000102 ], [ -82.794178, 37.5487630000001 ] ] } },
{ "type": "Feature", "properties": { "FID": 10359, "TYPEPIPE": "Intrastate", "Operator": "Kentucky-West Virginia Gas Co", "Status": "Operating", "Shape_Leng": 0.010126090064799999, "Shape__Length": 1421.1346045909806 }, "geometry": { "type": "LineString", "coordinates": [ [ -82.794178, 37.5487630000001 ], [ -82.793644, 37.5588750000001 ] ] } },
{ "type": "Feature", "properties": { "FID": 10360, "TYPEPIPE": "Intrastate", "Operator": "Kentucky-West Virginia Gas Co", "Status": "Operating", "Shape_Leng": 0.0089349711247199998, "Shape__Length": 1247.2480376376038 }, "geometry": { "type": "LineString", "coordinates": [ [ -82.793644, 37.5588750000001 ], [ -82.795247, 37.567665 ] ] } },
{ "type": "Feature", "properties": { "FID": 10361, "TYPEPIPE": "Intrastate", "Operator": "Kentucky-West Virginia Gas Co", "Status": "Operating", "Shape_Leng": 0.0046941543434599999, "Shape__Length": 633.34534152883816 }, "geometry": { "type": "LineString", "coordinates": [ [ -82.795247, 37.567665 ], [ -82.793109, 37.571844 ] ] } },
{ "type": "Feature", "properties": { "FID": 10362, "TYPEPIPE": "Intrastate", "Operator": "Kentucky-West Virginia Gas Co", "Status": "Operating", "Shape_Leng": 0.0176184606876, "Shape__Length": 2475.8834202615967 }, "geometry": { "type": "LineString", "coordinates": [ [ -82.796049, 37.655147 ], [ -82.79498, 37.672733 ] ] } },
{ "type": "Feature", "properties": { "FID": 10363, "TYPEPIPE": "Intrastate", "Operator": "Kentucky-West Virginia Gas Co", "Status": "Operating", "Shape_Leng": 0.0025475496069699999, "Shape__Length": 330.74154297124477 }, "geometry": { "type": "LineString", "coordinates": [ [ -82.79498, 37.672733 ], [ -82.793377, 37.674713 ] ] } },
{ "type": "Feature", "properties": { "FID": 10364, "TYPEPIPE": "Intrastate", "Operator": "Kentucky-West Virginia Gas Co", "Status": "Operating", "Shape_Leng": 0.022201, "Shape__Length": 3122.924388458021 }, "geometry": { "type": "LineString", "coordinates": [ [ -82.793377, 37.674713 ], [ -82.793377, 37.696914 ] ] } },
{ "type": "Feature", "properties": { "FID": 10365, "TYPEPIPE": "Intrastate", "Operator": "Kentucky-West Virginia Gas Co", "Status": "Operating", "Shape_Leng": 0.0017340833313300001, "Shape__Length": 234.03106267658856 }, "geometry": { "type": "LineString", "coordinates": [ [ -82.793377, 37.696914 ], [ -82.794178, 37.698452 ] ] } },
{ "type": "Feature", "properties": { "FID": 10366, "TYPEPIPE": "Intrastate", "Operator": "Kentucky-West Virginia Gas Co", "Status": "Operating", "Shape_Leng": 0.0080231845298800002, "Shape__Length": 1122.9639632036867 }, "geometry": { "type": "LineString", "coordinates": [ [ -82.794178, 37.698452 ], [ -82.795515, 37.706363000000103 ] ] } },
{ "type": "Feature", "properties": { "FID": 10367, "TYPEPIPE": "Intrastate", "Operator": "Kentucky-West Virginia Gas Co", "Status": "Operating", "Shape_Leng": 0.0073872850899400003, "Shape__Length": 988.34858504527244 }, "geometry": { "type": "LineString", "coordinates": [ [ -82.795515, 37.706363000000103 ], [ -82.799256, 37.7127330000001 ] ] } },
{ "type": "Feature", "properties": { "FID": 10368, "TYPEPIPE": "Intrastate", "Operator": "Kentucky-West Virginia Gas Co", "Status": "Operating", "Shape_Leng": 0.0150298353949, "Shape__Length": 2110.653537836542 }, "geometry": { "type": "LineString", "coordinates": [ [ -82.799256, 37.7127330000001 ], [ -82.80086, 37.727677 ] ] } },
{ "type": "Feature", "properties": { "FID": 10369, "TYPEPIPE": "Intrastate", "Operator": "Kentucky-West Virginia Gas Co", "Status": "Operating", "Shape_Leng": 0.011923339507100001, "Shape__Length": 1657.2506119057309 }, "geometry": { "type": "LineString", "coordinates": [ [ -82.80086, 37.727677 ], [ -82.803935, 37.739197 ] ] } },
{ "type": "Feature", "properties": { "FID": 10370, "TYPEPIPE": "Intrastate", "Operator": "Kentucky-West Virginia Gas Co", "Status": "Operating", "Shape_Leng": 0.039182768585199999, "Shape__Length": 4644.3216851423613 }, "geometry": { "type": "LineString", "coordinates": [ [ -82.798722, 37.7127330000001 ], [ -82.833249, 37.731258 ] ] } },
{ "type": "Feature", "properties": { "FID": 10371, "TYPEPIPE": "Intrastate", "Operator": "Kentucky-West Virginia Gas Co", "Status": "Operating", "Shape_Leng": 0.0023082309243299998, "Shape__Length": 267.97932309414074 }, "geometry": { "type": "LineString", "coordinates": [ [ -82.693738999999894, 37.617013 ], [ -82.69587, 37.616126000000101 ] ] } },
{ "type": "Feature", "properties": { "FID": 10372, "TYPEPIPE": "Intrastate", "Operator": "Kentucky-West Virginia Gas Co", "Status": "Operating", "Shape_Leng": 0.026238604116799999, "Shape__Length": 2928.3503303369303 }, "geometry": { "type": "LineString", "coordinates": [ [ -82.69587, 37.616126000000101 ], [ -82.721994999999893, 37.613687 ] ] } },
{ "type": "Feature", "properties": { "FID": 10373, "TYPEPIPE": "Intrastate", "Operator": "Kentucky-West Virginia Gas Co", "Status": "Operating", "Shape_Leng": 0.0042348748505700003, "Shape__Length": 515.75040691099969 }, "geometry": { "type": "LineString", "coordinates": [ [ -82.721994999999893, 37.613687 ], [ -82.725457, 37.611248 ] ] } },
{ "type": "Feature", "properties": { "FID": 10374, "TYPEPIPE": "Intrastate", "Operator": "Kentucky-West Virginia Gas Co", "Status": "Operating", "Shape_Leng": 0.0113019301891, "Shape__Length": 1265.1369286900488 }, "geometry": { "type": "LineString", "coordinates": [ [ -82.725457, 37.611248 ], [ -82.736652, 37.609697 ] ] } },
{ "type": "Feature", "properties": { "FID": 10375, "TYPEPIPE": "Intrastate", "Operator": "Kentucky-West Virginia Gas Co", "Status": "Operating", "Shape_Leng": 0.011780484285499999, "Shape__Length": 1535.4354405801796 }, "geometry": { "type": "LineString", "coordinates": [ [ -82.736652, 37.609697 ], [ -82.743869, 37.6190080000001 ] ] } },
{ "type": "Feature", "properties": { "FID": 10376, "TYPEPIPE": "Intrastate", "Operator": "Kentucky-West Virginia Gas Co", "Status": "Operating", "Shape_Leng": 0.0071583029413399999, "Shape__Length": 811.26165156367927 }, "geometry": { "type": "LineString", "coordinates": [ [ -82.743869, 37.6190080000001 ], [ -82.750804, 37.620782 ] ] } },
{ "type": "Feature", "properties": { "FID": 10377, "TYPEPIPE": "Intrastate", "Operator": "Kentucky-West Virginia Gas Co", "Status": "Operating", "Shape_Leng": 0.0044713824484399999, "Shape__Length": 510.66352831521129 }, "geometry": { "type": "LineString", "coordinates": [ [ -82.750804, 37.620782 ], [ -82.755073, 37.622112000000101 ] ] } },
{ "type": "Feature", "properties": { "FID": 10378, "TYPEPIPE": "Intrastate", "Operator": "Kentucky-West Virginia Gas Co", "Status": "Operating", "Shape_Leng": 0.0069865348349099996, "Shape__Length": 781.45172924655958 }, "geometry": { "type": "LineString", "coordinates": [ [ -82.755073, 37.622112000000101 ], [ -82.762002999999893, 37.621225 ] ] } },
{ "type": "Feature", "properties": { "FID": 10379, "TYPEPIPE": "Intrastate", "Operator": "Kentucky-West Virginia Gas Co", "Status": "Operating", "Shape_Leng": 0.0125486328339, "Shape__Length": 1398.0719738633634 }, "geometry": { "type": "LineString", "coordinates": [ [ -82.762002999999893, 37.621225 ], [ -82.774534, 37.62056 ] ] } },
{ "type": "Feature", "properties": { "FID": 10380, "TYPEPIPE": "Intrastate", "Operator": "Kentucky-West Virginia Gas Co", "Status": "Operating", "Shape_Leng": 0.0042899344983600004, "Shape__Length": 479.06327190588092 }, "geometry": { "type": "LineString", "coordinates": [ [ -82.774534, 37.62056 ], [ -82.778801, 37.621003 ] ] } },
{ "type": "Feature", "properties": { "FID": 10381, "TYPEPIPE": "Intrastate", "Operator": "Kentucky-West Virginia Gas Co", "Status": "Operating", "Shape_Leng": 0.0157841339325, "Shape__Length": 1760.7826126921866 }, "geometry": { "type": "LineString", "coordinates": [ [ -82.778801, 37.621003 ], [ -82.794529, 37.619673 ] ] } },
{ "type": "Feature", "properties": { "FID": 10382, "TYPEPIPE": "Intrastate", "Operator": "Kentucky-West Virginia Gas Co", "Status": "Operating", "Shape_Leng": 0.018176723687200001, "Shape__Length": 2026.6327810972075 }, "geometry": { "type": "LineString", "coordinates": [ [ -82.775288, 37.596395 ], [ -82.757159999999899, 37.597725 ] ] } },
{ "type": "Feature", "properties": { "FID": 10383, "TYPEPIPE": "Intrastate", "Operator": "Kentucky-West Virginia Gas Co", "Status": "Operating", "Shape_Leng": 0.0079063056480400008, "Shape__Length": 1091.9063882386156 }, "geometry": { "type": "LineString", "coordinates": [ [ -82.757159999999899, 37.597725 ], [ -82.754774999999896, 37.605263 ] ] } },
{ "type": "Feature", "properties": { "FID": 10384, "TYPEPIPE": "Intrastate", "Operator": "Kentucky-West Virginia Gas Co", "Status": "Operating", "Shape_Leng": 0.016822688994299999, "Shape__Length": 2233.3141270934393 }, "geometry": { "type": "LineString", "coordinates": [ [ -82.754774999999896, 37.605263 ], [ -82.745736, 37.619451 ] ] } },
{ "type": "Feature", "properties": { "FID": 10385, "TYPEPIPE": "Intrastate", "Operator": "Kentucky-West Virginia Gas Co", "Status": "Operating", "Shape_Leng": 0.0084132016497700003, "Shape__Length": 945.95178244975807 }, "geometry": { "type": "LineString", "coordinates": [ [ -82.725457, 37.611248 ], [ -82.717188, 37.609697 ] ] } },
{ "type": "Feature", "properties": { "FID": 10386, "TYPEPIPE": "Intrastate", "Operator": "Kentucky-West Virginia Gas Co", "Status": "Operating", "Shape_Leng": 0.021732592528299999, "Shape__Length": 3053.165627840438 }, "geometry": { "type": "LineString", "coordinates": [ [ -82.717188, 37.609697 ], [ -82.717681, 37.58797 ] ] } },
{ "type": "Feature", "properties": { "FID": 10387, "TYPEPIPE": "Intrastate", "Operator": "Kentucky-West Virginia Gas Co", "Status": "Operating", "Shape_Leng": 0.0188139272083, "Shape__Length": 2480.6818494140803 }, "geometry": { "type": "LineString", "coordinates": [ [ -82.717681, 37.58797 ], [ -82.728317, 37.5724510000001 ] ] } },
{ "type": "Feature", "properties": { "FID": 10388, "TYPEPIPE": "Intrastate", "Operator": "Kentucky-West Virginia Gas Co", "Status": "Operating", "Shape_Leng": 0.0044639696460099998, "Shape__Length": 592.54773013770387 }, "geometry": { "type": "LineString", "coordinates": [ [ -82.728317, 37.5724510000001 ], [ -82.730709, 37.568682 ] ] } },
{ "type": "Feature", "properties": { "FID": 10389, "TYPEPIPE": "Intrastate", "Operator": "Kentucky-West Virginia Gas Co", "Status": "Operating", "Shape_Leng": 0.0075558457500999997, "Shape__Length": 1060.1919389065276 }, "geometry": { "type": "LineString", "coordinates": [ [ -82.730709, 37.568682 ], [ -82.731228, 37.561144 ] ] } },
{ "type": "Feature", "properties": { "FID": 10390, "TYPEPIPE": "Intrastate", "Operator": "Kentucky-West Virginia Gas Co", "Status": "Operating", "Shape_Leng": 0.0069199243493500004, "Shape__Length": 969.22662874691844 }, "geometry": { "type": "LineString", "coordinates": [ [ -82.731228, 37.561144 ], [ -82.730415, 37.554272 ] ] } },
{ "type": "Feature", "properties": { "FID": 10391, "TYPEPIPE": "Intrastate", "Operator": "Kentucky-West Virginia Gas Co", "Status": "Operating", "Shape_Leng": 0.0116825675688, "Shape__Length": 1632.3323640623946 }, "geometry": { "type": "LineString", "coordinates": [ [ -82.730415, 37.554272 ], [ -82.728527, 37.542743 ] ] } },
{ "type": "Feature", "properties": { "FID": 10392, "TYPEPIPE": "Intrastate", "Operator": "Kentucky-West Virginia Gas Co", "Status": "Operating", "Shape_Leng": 0.0049229432253800002, "Shape__Length": 666.43027660568657 }, "geometry": { "type": "LineString", "coordinates": [ [ -82.728527, 37.542743 ], [ -82.726386, 37.53831 ] ] } },
{ "type": "Feature", "properties": { "FID": 10393, "TYPEPIPE": "Intrastate", "Operator": "Kentucky-West Virginia Gas Co", "Status": "Operating", "Shape_Leng": 0.0186306604285, "Shape__Length": 2614.1154787155915 }, "geometry": { "type": "LineString", "coordinates": [ [ -82.675658999999897, 37.502173 ], [ -82.676227, 37.520795 ] ] } },
{ "type": "Feature", "properties": { "FID": 10394, "TYPEPIPE": "Intrastate", "Operator": "Kentucky-West Virginia Gas Co", "Status": "Operating", "Shape_Leng": 0.0166375962506, "Shape__Length": 2334.9177591680332 }, "geometry": { "type": "LineString", "coordinates": [ [ -82.676227, 37.520795 ], [ -82.676792, 37.537423 ] ] } },
{ "type": "Feature", "properties": { "FID": 10395, "TYPEPIPE": "Intrastate", "Operator": "Kentucky-West Virginia Gas Co", "Status": "Operating", "Shape_Leng": 0.016003160469100001, "Shape__Length": 1781.86841858613 }, "geometry": { "type": "LineString", "coordinates": [ [ -82.676792, 37.537423 ], [ -82.692789, 37.536979 ] ] } },
{ "type": "Feature", "properties": { "FID": 10396, "TYPEPIPE": "Intrastate", "Operator": "Kentucky-West Virginia Gas Co", "Status": "Operating", "Shape_Leng": 0.014992199638500001, "Shape__Length": 1672.8025848489758 }, "geometry": { "type": "LineString", "coordinates": [ [ -82.692789, 37.536979 ], [ -82.707722, 37.53831 ] ] } },
{ "type": "Feature", "properties": { "FID": 10397, "TYPEPIPE": "Intrastate", "Operator": "Kentucky-West Virginia Gas Co", "Status": "Operating", "Shape_Leng": 0.012532966328800001, "Shape__Length": 1395.2926508072755 }, "geometry": { "type": "LineString", "coordinates": [ [ -82.707722, 37.53831 ], [ -82.720253, 37.538088000000101 ] ] } },
{ "type": "Feature", "properties": { "FID": 10398, "TYPEPIPE": "Intrastate", "Operator": "Kentucky-West Virginia Gas Co", "Status": "Operating", "Shape_Leng": 0.0061370166204499999, "Shape__Length": 683.43342044448332 }, "geometry": { "type": "LineString", "coordinates": [ [ -82.720253, 37.538088000000101 ], [ -82.726386, 37.53831 ] ] } },
{ "type": "Feature", "properties": { "FID": 10399, "TYPEPIPE": "Intrastate", "Operator": "Kentucky-West Virginia Gas Co", "Status": "Operating", "Shape_Leng": 0.013598, "Shape__Length": 1513.7224358078092 }, "geometry": { "type": "LineString", "coordinates": [ [ -82.726386, 37.53831 ], [ -82.739983999999893, 37.53831 ] ] } },
{ "type": "Feature", "properties": { "FID": 10400, "TYPEPIPE": "Intrastate", "Operator": "Kentucky-West Virginia Gas Co", "Status": "Operating", "Shape_Leng": 0.011516520742, "Shape__Length": 1285.5178021448091 }, "geometry": { "type": "LineString", "coordinates": [ [ -82.739983999999893, 37.53831 ], [ -82.751447, 37.537201 ] ] } },
{ "type": "Feature", "properties": { "FID": 10401, "TYPEPIPE": "Intrastate", "Operator": "Kentucky-West Virginia Gas Co", "Status": "Operating", "Shape_Leng": 0.01146614931, "Shape__Length": 1276.54713370476 }, "geometry": { "type": "LineString", "coordinates": [ [ -82.751447, 37.537201 ], [ -82.762911, 37.536979 ] ] } },
{ "type": "Feature", "properties": { "FID": 10402, "TYPEPIPE": "Intrastate", "Operator": "Kentucky-West Virginia Gas Co", "Status": "Operating", "Shape_Leng": 0.0066817681043199999, "Shape__Length": 744.77988391232577 }, "geometry": { "type": "LineString", "coordinates": [ [ -82.762911, 37.536979 ], [ -82.769578, 37.537423 ] ] } },
{ "type": "Feature", "properties": { "FID": 10403, "TYPEPIPE": "Intrastate", "Operator": "Kentucky-West Virginia Gas Co", "Status": "Operating", "Shape_Leng": 0.010636611208499999, "Shape__Length": 1199.1518558997798 }, "geometry": { "type": "LineString", "coordinates": [ [ -82.769578, 37.537423 ], [ -82.779981, 37.53964 ] ] } },
{ "type": "Feature", "properties": { "FID": 10404, "TYPEPIPE": "Intrastate", "Operator": "Kentucky-West Virginia Gas Co", "Status": "Operating", "Shape_Leng": 0.0079600233667899995, "Shape__Length": 958.62008459523838 }, "geometry": { "type": "LineString", "coordinates": [ [ -82.779981, 37.53964 ], [ -82.786695, 37.535364000000101 ] ] } },
{ "type": "Feature", "properties": { "FID": 10405, "TYPEPIPE": "Intrastate", "Operator": "Kentucky-West Virginia Gas Co", "Status": "Operating", "Shape_Leng": 0.011780484285499999, "Shape__Length": 1533.999624094969 }, "geometry": { "type": "LineString", "coordinates": [ [ -82.786882, 37.523012000000101 ], [ -82.779665, 37.513701 ] ] } },
{ "type": "Feature", "properties": { "FID": 10406, "TYPEPIPE": "Intrastate", "Operator": "Kentucky-West Virginia Gas Co", "Status": "Operating", "Shape_Leng": 0.00739528606608, "Shape__Length": 1033.6989555575233 }, "geometry": { "type": "LineString", "coordinates": [ [ -82.779665, 37.513701 ], [ -82.778585, 37.506385000000101 ] ] } },
{ "type": "Feature", "properties": { "FID": 10407, "TYPEPIPE": "Intrastate", "Operator": "Kentucky-West Virginia Gas Co", "Status": "Operating", "Shape_Leng": 0.0084179245066699996, "Shape__Length": 1137.005952965957 }, "geometry": { "type": "LineString", "coordinates": [ [ -82.778585, 37.506385000000101 ], [ -82.774838, 37.498847 ] ] } },
{ "type": "Feature", "properties": { "FID": 10408, "TYPEPIPE": "Intrastate", "Operator": "Kentucky-West Virginia Gas Co", "Status": "Operating", "Shape_Leng": 0.025372944488199999, "Shape__Length": 3379.1755304850685 }, "geometry": { "type": "LineString", "coordinates": [ [ -82.774838, 37.498847 ], [ -82.761731999999895, 37.477121000000103 ] ] } },
{ "type": "Feature", "properties": { "FID": 10409, "TYPEPIPE": "Intrastate", "Operator": "Kentucky-West Virginia Gas Co", "Status": "Operating", "Shape_Leng": 0.0119446683085, "Shape__Length": 1539.3896270555556 }, "geometry": { "type": "LineString", "coordinates": [ [ -82.761731999999895, 37.477121000000103 ], [ -82.753983, 37.468031 ] ] } },
{ "type": "Feature", "properties": { "FID": 10410, "TYPEPIPE": "Intrastate", "Operator": "Kentucky-West Virginia Gas Co", "Status": "Operating", "Shape_Leng": 0.0087110805874100004, "Shape__Length": 1114.0685951943742 }, "geometry": { "type": "LineString", "coordinates": [ [ -82.753983, 37.468031 ], [ -82.748105, 37.461602 ] ] } },
{ "type": "Feature", "properties": { "FID": 10411, "TYPEPIPE": "Intrastate", "Operator": "Kentucky-West Virginia Gas Co", "Status": "Operating", "Shape_Leng": 0.0039300773529399998, "Shape__Length": 501.82617705472546 }, "geometry": { "type": "LineString", "coordinates": [ [ -82.748105, 37.461602 ], [ -82.745433, 37.45872 ] ] } },
{ "type": "Feature", "properties": { "FID": 10412, "TYPEPIPE": "Intrastate", "Operator": "Kentucky-West Virginia Gas Co", "Status": "Operating", "Shape_Leng": 0.0041177650491300002, "Shape__Length": 495.85421803676496 }, "geometry": { "type": "LineString", "coordinates": [ [ -82.745433, 37.45872 ], [ -82.741962999999899, 37.456503 ] ] } },
{ "type": "Feature", "properties": { "FID": 10413, "TYPEPIPE": "Intrastate", "Operator": "Kentucky-West Virginia Gas Co", "Status": "Operating", "Shape_Leng": 0.000886000564314, "Shape__Length": 124.13037396523973 }, "geometry": { "type": "LineString", "coordinates": [ [ -82.712769, 37.386667 ], [ -82.712768, 37.385781000000101 ] ] } },
{ "type": "Feature", "properties": { "FID": 10414, "TYPEPIPE": "Intrastate", "Operator": "Kentucky-West Virginia Gas Co", "Status": "Operating", "Shape_Leng": 0.00143264126701, "Shape__Length": 195.58393526299136 }, "geometry": { "type": "LineString", "coordinates": [ [ -82.712768, 37.385781000000101 ], [ -82.713298, 37.384450000000101 ] ] } },
{ "type": "Feature", "properties": { "FID": 10415, "TYPEPIPE": "Intrastate", "Operator": "Kentucky-West Virginia Gas Co", "Status": "Operating", "Shape_Leng": 0.0122625017023, "Shape__Length": 1398.2349683643115 }, "geometry": { "type": "LineString", "coordinates": [ [ -82.761731999999895, 37.477121000000103 ], [ -82.749994, 37.473573 ] ] } },
{ "type": "Feature", "properties": { "FID": 10416, "TYPEPIPE": "Intrastate", "Operator": "Kentucky-West Virginia Gas Co", "Status": "Operating", "Shape_Leng": 0.015326089651299999, "Shape__Length": 2114.0134648188946 }, "geometry": { "type": "LineString", "coordinates": [ [ -82.749994, 37.473573 ], [ -82.745434, 37.458941 ] ] } },
{ "type": "Feature", "properties": { "FID": 10417, "TYPEPIPE": "Intrastate", "Operator": "Kentucky-West Virginia Gas Co", "Status": "Operating", "Shape_Leng": 0.0139914032534, "Shape__Length": 1960.6795131659203 }, "geometry": { "type": "LineString", "coordinates": [ [ -82.745434, 37.458941 ], [ -82.744608, 37.444974000000101 ] ] } },
{ "type": "Feature", "properties": { "FID": 10418, "TYPEPIPE": "Intrastate", "Operator": "Kentucky-West Virginia Gas Co", "Status": "Operating", "Shape_Leng": 0.0095193279699800001, "Shape__Length": 1290.7456161570994 }, "geometry": { "type": "LineString", "coordinates": [ [ -82.744608, 37.444974000000101 ], [ -82.748591, 37.436328000000103 ] ] } },
{ "type": "Feature", "properties": { "FID": 10419, "TYPEPIPE": "Intrastate", "Operator": "Kentucky-West Virginia Gas Co", "Status": "Operating", "Shape_Leng": 0.0153003249639, "Shape__Length": 1726.4860753421492 }, "geometry": { "type": "LineString", "coordinates": [ [ -82.750529, 37.474241 ], [ -82.735591, 37.4709310000001 ] ] } },
{ "type": "Feature", "properties": { "FID": 10420, "TYPEPIPE": "Intrastate", "Operator": "Kentucky-West Virginia Gas Co", "Status": "Operating", "Shape_Leng": 0.012658790661, "Shape__Length": 1417.2038163815853 }, "geometry": { "type": "LineString", "coordinates": [ [ -82.735591, 37.4709310000001 ], [ -82.723056, 37.469165 ] ] } },
{ "type": "Feature", "properties": { "FID": 10421, "TYPEPIPE": "Intrastate", "Operator": "Kentucky-West Virginia Gas Co", "Status": "Operating", "Shape_Leng": 0.0085586408383600005, "Shape__Length": 954.41637777154142 }, "geometry": { "type": "LineString", "coordinates": [ [ -82.723056, 37.469165 ], [ -82.714523, 37.468503 ] ] } },
{ "type": "Feature", "properties": { "FID": 10422, "TYPEPIPE": "Intrastate", "Operator": "Kentucky-West Virginia Gas Co", "Status": "Operating", "Shape_Leng": 0.034663818096100002, "Shape__Length": 3858.9428593536368 }, "geometry": { "type": "LineString", "coordinates": [ [ -82.714523, 37.468503 ], [ -82.679862, 37.468945 ] ] } },
{ "type": "Feature", "properties": { "FID": 10423, "TYPEPIPE": "Intrastate", "Operator": "Kentucky-West Virginia Gas Co", "Status": "Operating", "Shape_Leng": 0.0336151338685, "Shape__Length": 3743.2049292422107 }, "geometry": { "type": "LineString", "coordinates": [ [ -82.679862, 37.468945 ], [ -82.646265, 37.467841 ] ] } },
{ "type": "Feature", "properties": { "FID": 10424, "TYPEPIPE": "Intrastate", "Operator": "Kentucky-West Virginia Gas Co", "Status": "Operating", "Shape_Leng": 0.047484799852199999, "Shape__Length": 6005.5376020681633 }, "geometry": { "type": "LineString", "coordinates": [ [ -82.646265, 37.467841 ], [ -82.612541, 37.434412000000101 ] ] } },
{ "type": "Feature", "properties": { "FID": 10425, "TYPEPIPE": "Intrastate", "Operator": "Kentucky-West Virginia Gas Co", "Status": "Operating", "Shape_Leng": 0.0063317432828699999, "Shape__Length": 858.21928965190284 }, "geometry": { "type": "LineString", "coordinates": [ [ -82.712123, 37.468503 ], [ -82.7148, 37.474241 ] ] } },
{ "type": "Feature", "properties": { "FID": 10426, "TYPEPIPE": "Intrastate", "Operator": "Kentucky-West Virginia Gas Co", "Status": "Operating", "Shape_Leng": 0.010444174357, "Shape__Length": 1406.1875943696955 }, "geometry": { "type": "LineString", "coordinates": [ [ -82.7148, 37.474241 ], [ -82.719617, 37.483508 ] ] } },
{ "type": "Feature", "properties": { "FID": 10427, "TYPEPIPE": "Intrastate", "Operator": "Kentucky-West Virginia Gas Co", "Status": "Operating", "Shape_Leng": 0.014089233513600001, "Shape__Length": 1911.6138913031393 }, "geometry": { "type": "LineString", "coordinates": [ [ -82.719617, 37.483508 ], [ -82.725506999999894, 37.496307000000101 ] ] } },
{ "type": "Feature", "properties": { "FID": 10428, "TYPEPIPE": "Intrastate", "Operator": "Kentucky-West Virginia Gas Co", "Status": "Operating", "Shape_Leng": 0.0137002128815, "Shape__Length": 1727.0818518469068 }, "geometry": { "type": "LineString", "coordinates": [ [ -82.725506999999894, 37.496307000000101 ], [ -82.735389999999896, 37.505795 ] ] } },
{ "type": "Feature", "properties": { "FID": 10429, "TYPEPIPE": "Intrastate", "Operator": "Kentucky-West Virginia Gas Co", "Status": "Operating", "Shape_Leng": 0.014829514523400001, "Shape__Length": 1980.2731287271513 }, "geometry": { "type": "LineString", "coordinates": [ [ -82.735389999999896, 37.505795 ], [ -82.74288, 37.5185940000001 ] ] } },
{ "type": "Feature", "properties": { "FID": 10430, "TYPEPIPE": "Intrastate", "Operator": "Kentucky-West Virginia Gas Co", "Status": "Operating", "Shape_Leng": 0.0137918429878, "Shape__Length": 1611.7277923828935 }, "geometry": { "type": "LineString", "coordinates": [ [ -82.74288, 37.5185940000001 ], [ -82.755422, 37.524331000000103 ] ] } },
{ "type": "Feature", "properties": { "FID": 10431, "TYPEPIPE": "Intrastate", "Operator": "Kentucky-West Virginia Gas Co", "Status": "Operating", "Shape_Leng": 0.019281929364, "Shape__Length": 2420.8783521605505 }, "geometry": { "type": "LineString", "coordinates": [ [ -82.755422, 37.524331000000103 ], [ -82.769578, 37.537423 ] ] } },
{ "type": "Feature", "properties": { "FID": 10432, "TYPEPIPE": "Intrastate", "Operator": "Kentucky-West Virginia Gas Co", "Status": "Operating", "Shape_Leng": 0.0155518416916, "Shape__Length": 1749.7383410173741 }, "geometry": { "type": "LineString", "coordinates": [ [ -82.779981, 37.53964 ], [ -82.795247, 37.536672000000102 ] ] } },
{ "type": "Feature", "properties": { "FID": 10433, "TYPEPIPE": "Intrastate", "Operator": "Kentucky-West Virginia Gas Co", "Status": "Operating", "Shape_Leng": 0.0098907981983399999, "Shape__Length": 1221.3198422211869 }, "geometry": { "type": "LineString", "coordinates": [ [ -82.786882, 37.523012000000101 ], [ -82.794601999999898, 37.516829 ] ] } },
{ "type": "Feature", "properties": { "FID": 10434, "TYPEPIPE": "Intrastate", "Operator": "Kentucky-West Virginia Gas Co", "Status": "Operating", "Shape_Leng": 0.00551563051699, "Shape__Length": 730.05478819960661 }, "geometry": { "type": "LineString", "coordinates": [ [ -82.795247, 37.536672000000102 ], [ -82.792231, 37.532054000000102 ] ] } },
{ "type": "Feature", "properties": { "FID": 10435, "TYPEPIPE": "Intrastate", "Operator": "Kentucky-West Virginia Gas Co", "Status": "Operating", "Shape_Leng": 0.0070820785790800004, "Shape__Length": 993.00588044063625 }, "geometry": { "type": "LineString", "coordinates": [ [ -82.792231, 37.532054000000102 ], [ -82.791685, 37.524993000000102 ] ] } },
{ "type": "Feature", "properties": { "FID": 10436, "TYPEPIPE": "Intrastate", "Operator": "Kentucky-West Virginia Gas Co", "Status": "Operating", "Shape_Leng": 0.0090637635670999996, "Shape__Length": 1271.2599009205901 }, "geometry": { "type": "LineString", "coordinates": [ [ -82.791685, 37.524993000000102 ], [ -82.791134, 37.515946 ] ] } },
{ "type": "Feature", "properties": { "FID": 10437, "TYPEPIPE": "Intrastate", "Operator": "Kentucky-West Virginia Gas Co", "Status": "Operating", "Shape_Leng": 0.016116851119199999, "Shape__Length": 2261.2690227957783 }, "geometry": { "type": "LineString", "coordinates": [ [ -82.791134, 37.515946 ], [ -82.791637, 37.499837 ] ] } },
{ "type": "Feature", "properties": { "FID": 10438, "TYPEPIPE": "Intrastate", "Operator": "Kentucky-West Virginia Gas Co", "Status": "Operating", "Shape_Leng": 0.021861182630399999, "Shape__Length": 3066.1590849873396 }, "geometry": { "type": "LineString", "coordinates": [ [ -82.791637, 37.499837 ], [ -82.790796, 37.477992 ] ] } },
{ "type": "Feature", "properties": { "FID": 10439, "TYPEPIPE": "Intrastate", "Operator": "Kentucky-West Virginia Gas Co", "Status": "Operating", "Shape_Leng": 0.0138301408886, "Shape__Length": 1920.8319373761237 }, "geometry": { "type": "LineString", "coordinates": [ [ -82.790796, 37.477992 ], [ -82.79397, 37.4645310000001 ] ] } },
{ "type": "Feature", "properties": { "FID": 10440, "TYPEPIPE": "Intrastate", "Operator": "Kentucky-West Virginia Gas Co", "Status": "Operating", "Shape_Leng": 0.0048676536441799997, "Shape__Length": 562.38339799010021 }, "geometry": { "type": "LineString", "coordinates": [ [ -82.792594, 37.441362 ], [ -82.788058, 37.439596000000101 ] ] } },
{ "type": "Feature", "properties": { "FID": 10441, "TYPEPIPE": "Intrastate", "Operator": "Kentucky-West Virginia Gas Co", "Status": "Operating", "Shape_Leng": 0.0023167980058800002, "Shape__Length": 322.47564804071715 }, "geometry": { "type": "LineString", "coordinates": [ [ -82.895526, 37.478477 ], [ -82.895053, 37.480745 ] ] } },
{ "type": "Feature", "properties": { "FID": 10442, "TYPEPIPE": "Intrastate", "Operator": "Kentucky-West Virginia Gas Co", "Status": "Operating", "Shape_Leng": 0.0134210974216, "Shape__Length": 1673.0552042950296 }, "geometry": { "type": "LineString", "coordinates": [ [ -82.895053, 37.480745 ], [ -82.884937, 37.489565 ] ] } },
{ "type": "Feature", "properties": { "FID": 10443, "TYPEPIPE": "Intrastate", "Operator": "Kentucky-West Virginia Gas Co", "Status": "Operating", "Shape_Leng": 0.0115740762051, "Shape__Length": 1618.3141805878408 }, "geometry": { "type": "LineString", "coordinates": [ [ -82.884937, 37.489565 ], [ -82.883359, 37.501031 ] ] } },
{ "type": "Feature", "properties": { "FID": 10444, "TYPEPIPE": "Intrastate", "Operator": "Kentucky-West Virginia Gas Co", "Status": "Operating", "Shape_Leng": 0.02076675733, "Shape__Length": 2642.9744003882965 }, "geometry": { "type": "LineString", "coordinates": [ [ -82.883359, 37.501031 ], [ -82.868989999999897, 37.516024000000101 ] ] } },
{ "type": "Feature", "properties": { "FID": 10445, "TYPEPIPE": "Intrastate", "Operator": "Kentucky-West Virginia Gas Co", "Status": "Operating", "Shape_Leng": 0.012110037159300001, "Shape__Length": 1404.971875516303 }, "geometry": { "type": "LineString", "coordinates": [ [ -82.868989999999897, 37.516024000000101 ], [ -82.8578, 37.520654 ] ] } },
{ "type": "Feature", "properties": { "FID": 10446, "TYPEPIPE": "Intrastate", "Operator": "Kentucky-West Virginia Gas Co", "Status": "Operating", "Shape_Leng": 0.0088938874514899995, "Shape__Length": 1179.422690105989 }, "geometry": { "type": "LineString", "coordinates": [ [ -82.8578, 37.520654 ], [ -82.853015, 37.528151 ] ] } },
{ "type": "Feature", "properties": { "FID": 10447, "TYPEPIPE": "Intrastate", "Operator": "Kentucky-West Virginia Gas Co", "Status": "Operating", "Shape_Leng": 0.021493320939299999, "Shape__Length": 2532.4079349145459 }, "geometry": { "type": "LineString", "coordinates": [ [ -82.853015, 37.528151 ], [ -82.833836, 37.537853 ] ] } },
{ "type": "Feature", "properties": { "FID": 10448, "TYPEPIPE": "Intrastate", "Operator": "Kentucky-West Virginia Gas Co", "Status": "Operating", "Shape_Leng": 0.011500870097499999, "Shape__Length": 1282.4917865797047 }, "geometry": { "type": "LineString", "coordinates": [ [ -82.833836, 37.537853 ], [ -82.822369, 37.536971000000101 ] ] } },
{ "type": "Feature", "properties": { "FID": 10449, "TYPEPIPE": "Intrastate", "Operator": "Kentucky-West Virginia Gas Co", "Status": "Operating", "Shape_Leng": 0.010586096778300001, "Shape__Length": 1207.6600255568499 }, "geometry": { "type": "LineString", "coordinates": [ [ -82.822369, 37.536971000000101 ], [ -82.812243, 37.540058 ] ] } },
{ "type": "Feature", "properties": { "FID": 10450, "TYPEPIPE": "Intrastate", "Operator": "Kentucky-West Virginia Gas Co", "Status": "Operating", "Shape_Leng": 0.0173300032314, "Shape__Length": 1950.7870858952106 }, "geometry": { "type": "LineString", "coordinates": [ [ -82.812243, 37.540058 ], [ -82.795247, 37.536672000000102 ] ] } },
{ "type": "Feature", "properties": { "FID": 10451, "TYPEPIPE": "Intrastate", "Operator": "Kentucky-West Virginia Gas Co", "Status": "Operating", "Shape_Leng": 0.013961156148399999, "Shape__Length": 1594.9090215803565 }, "geometry": { "type": "LineString", "coordinates": [ [ -82.758992, 37.493122 ], [ -82.772308, 37.497317000000102 ] ] } },
{ "type": "Feature", "properties": { "FID": 10452, "TYPEPIPE": "Intrastate", "Operator": "Kentucky-West Virginia Gas Co", "Status": "Operating", "Shape_Leng": 0.021148931793300001, "Shape__Length": 2913.9066957747782 }, "geometry": { "type": "LineString", "coordinates": [ [ -82.772308, 37.497317000000102 ], [ -82.778898, 37.517413 ] ] } },
{ "type": "Feature", "properties": { "FID": 10453, "TYPEPIPE": "Intrastate", "Operator": "Kentucky-West Virginia Gas Co", "Status": "Operating", "Shape_Leng": 0.0097515668997199996, "Shape__Length": 1186.3645738065607 }, "geometry": { "type": "LineString", "coordinates": [ [ -82.778898, 37.517413 ], [ -82.786882, 37.523012000000101 ] ] } },
{ "type": "Feature", "properties": { "FID": 10454, "TYPEPIPE": "Intrastate", "Operator": "Kentucky-West Virginia Gas Co", "Status": "Operating", "Shape_Leng": 0.026281728044500002, "Shape__Length": 3223.9855314632027 }, "geometry": { "type": "LineString", "coordinates": [ [ -82.634779, 37.413125 ], [ -82.613854, 37.429027 ] ] } },
{ "type": "Feature", "properties": { "FID": 10455, "TYPEPIPE": "Intrastate", "Operator": "Kentucky-West Virginia Gas Co", "Status": "Operating", "Shape_Leng": 0.017801163473199998, "Shape__Length": 2473.8966885045443 }, "geometry": { "type": "LineString", "coordinates": [ [ -82.815291, 37.811625 ], [ -82.820101, 37.828764 ] ] } },
{ "type": "Feature", "properties": { "FID": 10456, "TYPEPIPE": "Intrastate", "Operator": "Kentucky-West Virginia Gas Co", "Status": "Operating", "Shape_Leng": 0.033251919463399997, "Shape__Length": 3795.261408812361 }, "geometry": { "type": "LineString", "coordinates": [ [ -82.746074, 37.775226 ], [ -82.714271999999895, 37.784938000000103 ] ] } },
{ "type": "Feature", "properties": { "FID": 10457, "TYPEPIPE": "Intrastate", "Operator": "Kentucky-West Virginia Gas Co", "Status": "Operating", "Shape_Leng": 0.0059889422271599997, "Shape__Length": 840.1979984746348 }, "geometry": { "type": "LineString", "coordinates": [ [ -82.840412, 37.735101 ], [ -82.839609999999894, 37.741036000000101 ] ] } },
{ "type": "Feature", "properties": { "FID": 10458, "TYPEPIPE": "Intrastate", "Operator": "Kentucky-West Virginia Gas Co", "Status": "Operating", "Shape_Leng": 0.026509475023099999, "Shape__Length": 3418.751588767278 }, "geometry": { "type": "LineString", "coordinates": [ [ -82.839609999999894, 37.741036000000101 ], [ -82.822239, 37.761061 ] ] } },
{ "type": "Feature", "properties": { "FID": 10459, "TYPEPIPE": "Intrastate", "Operator": "Kentucky-West Virginia Gas Co", "Status": "Operating", "Shape_Leng": 0.011826698820900001, "Shape__Length": 1510.1301785874105 }, "geometry": { "type": "LineString", "coordinates": [ [ -82.64336, 37.846087 ], [ -82.635193, 37.8375330000001 ] ] } },
{ "type": "Feature", "properties": { "FID": 10460, "TYPEPIPE": "Intrastate", "Operator": "Kentucky-West Virginia Gas Co", "Status": "Operating", "Shape_Leng": 0.0081287894547700003, "Shape__Length": 963.54393664896588 }, "geometry": { "type": "LineString", "coordinates": [ [ -82.833249, 37.731258 ], [ -82.840412, 37.735101 ] ] } },
{ "type": "Feature", "properties": { "FID": 10461, "TYPEPIPE": "Intrastate", "Operator": "Kentucky-West Virginia Gas Co", "Status": "Operating", "Shape_Leng": 0.011219218734, "Shape__Length": 1269.793563014246 }, "geometry": { "type": "LineString", "coordinates": [ [ -83.125096, 37.237111 ], [ -83.114209, 37.239821 ] ] } },
{ "type": "Feature", "properties": { "FID": 10462, "TYPEPIPE": "Intrastate", "Operator": "Kentucky-West Virginia Gas Co", "Status": "Operating", "Shape_Leng": 0.0085268428506499998, "Shape__Length": 1073.4991894896602 }, "geometry": { "type": "LineString", "coordinates": [ [ -83.114209, 37.239524000000102 ], [ -83.120340999999897, 37.2454490000001 ] ] } },
{ "type": "Feature", "properties": { "FID": 10463, "TYPEPIPE": "Intrastate", "Operator": "Kentucky-West Virginia Gas Co", "Status": "Operating", "Shape_Leng": 0.019711378287700001, "Shape__Length": 2361.6132787114216 }, "geometry": { "type": "LineString", "coordinates": [ [ -83.120340999999897, 37.2454490000001 ], [ -83.103544, 37.255764 ] ] } },
{ "type": "Feature", "properties": { "FID": 10464, "TYPEPIPE": "Intrastate", "Operator": "Kentucky-West Virginia Gas Co", "Status": "Operating", "Shape_Leng": 0.0154892011737, "Shape__Length": 1958.7027767320167 }, "geometry": { "type": "LineString", "coordinates": [ [ -83.103544, 37.255764 ], [ -83.092612, 37.266737 ] ] } },
{ "type": "Feature", "properties": { "FID": 10465, "TYPEPIPE": "Intrastate", "Operator": "Kentucky-West Virginia Gas Co", "Status": "Operating", "Shape_Leng": 0.013850760267899999, "Shape__Length": 1557.9184789512201 }, "geometry": { "type": "LineString", "coordinates": [ [ -83.092612, 37.266737 ], [ -83.079014, 37.269371 ] ] } },
{ "type": "Feature", "properties": { "FID": 10466, "TYPEPIPE": "Intrastate", "Operator": "Kentucky-West Virginia Gas Co", "Status": "Operating", "Shape_Leng": 0.0079432986221600003, "Shape__Length": 982.22746890501435 }, "geometry": { "type": "LineString", "coordinates": [ [ -83.079014, 37.269371 ], [ -83.072880999999896, 37.274419000000101 ] ] } },
{ "type": "Feature", "properties": { "FID": 10467, "TYPEPIPE": "Intrastate", "Operator": "Kentucky-West Virginia Gas Co", "Status": "Operating", "Shape_Leng": 0.0095238140468999997, "Shape__Length": 1206.7679993602608 }, "geometry": { "type": "LineString", "coordinates": [ [ -83.072880999999896, 37.274419000000101 ], [ -83.066216, 37.281222 ] ] } },
{ "type": "Feature", "properties": { "FID": 10468, "TYPEPIPE": "Intrastate", "Operator": "Kentucky-West Virginia Gas Co", "Status": "Operating", "Shape_Leng": 0.00916172238172, "Shape__Length": 1073.4418492103953 }, "geometry": { "type": "LineString", "coordinates": [ [ -83.066216, 37.281222 ], [ -83.05795, 37.285173 ] ] } },
{ "type": "Feature", "properties": { "FID": 10469, "TYPEPIPE": "Intrastate", "Operator": "Kentucky-West Virginia Gas Co", "Status": "Operating", "Shape_Leng": 0.0096706993025399996, "Shape__Length": 1352.3945393107861 }, "geometry": { "type": "LineString", "coordinates": [ [ -83.05795, 37.285173 ], [ -83.057417, 37.294829 ] ] } },
{ "type": "Feature", "properties": { "FID": 10470, "TYPEPIPE": "Intrastate", "Operator": "Kentucky-West Virginia Gas Co", "Status": "Operating", "Shape_Leng": 0.0077038338507400004, "Shape__Length": 1022.6981412131339 }, "geometry": { "type": "LineString", "coordinates": [ [ -83.114209, 37.239524000000102 ], [ -83.110208999999898, 37.246108 ] ] } },
{ "type": "Feature", "properties": { "FID": 10471, "TYPEPIPE": "Intrastate", "Operator": "Kentucky-West Virginia Gas Co", "Status": "Operating", "Shape_Leng": 0.0061012838812700004, "Shape__Length": 783.22024388933073 }, "geometry": { "type": "LineString", "coordinates": [ [ -83.110208999999898, 37.246108 ], [ -83.10621, 37.250716 ] ] } },
{ "type": "Feature", "properties": { "FID": 10472, "TYPEPIPE": "Intrastate", "Operator": "Kentucky-West Virginia Gas Co", "Status": "Operating", "Shape_Leng": 0.003466, "Shape__Length": 385.83335508964956 }, "geometry": { "type": "LineString", "coordinates": [ [ -83.10621, 37.250716 ], [ -83.102744, 37.250716 ] ] } },
{ "type": "Feature", "properties": { "FID": 10473, "TYPEPIPE": "Intrastate", "Operator": "Kentucky-West Virginia Gas Co", "Status": "Operating", "Shape_Leng": 0.0026392963077300001, "Shape__Length": 357.8875576314839 }, "geometry": { "type": "LineString", "coordinates": [ [ -83.102744, 37.250716 ], [ -83.101676999999896, 37.25313 ] ] } },
{ "type": "Feature", "properties": { "FID": 10474, "TYPEPIPE": "Intrastate", "Operator": "Kentucky-West Virginia Gas Co", "Status": "Operating", "Shape_Leng": 0.00340958912482, "Shape__Length": 449.89409655168424 }, "geometry": { "type": "LineString", "coordinates": [ [ -83.101676999999896, 37.25313 ], [ -83.103544, 37.2559830000001 ] ] } },
{ "type": "Feature", "properties": { "FID": 10475, "TYPEPIPE": "Intrastate", "Operator": "Kentucky-West Virginia Gas Co", "Status": "Operating", "Shape_Leng": 0.030669059457299998, "Shape__Length": 3414.5207159603806 }, "geometry": { "type": "LineString", "coordinates": [ [ -83.001692, 37.319629 ], [ -82.97103, 37.3202870000001 ] ] } },
{ "type": "Feature", "properties": { "FID": 10476, "TYPEPIPE": "Intrastate", "Operator": "Kentucky-West Virginia Gas Co", "Status": "Operating", "Shape_Leng": 0.020844185760100001, "Shape__Length": 2788.4543145015869 }, "geometry": { "type": "LineString", "coordinates": [ [ -82.97103, 37.3202870000001 ], [ -82.960898, 37.338503000000102 ] ] } },
{ "type": "Feature", "properties": { "FID": 10477, "TYPEPIPE": "Intrastate", "Operator": "Kentucky-West Virginia Gas Co", "Status": "Operating", "Shape_Leng": 0.026913776862399999, "Shape__Length": 3253.1915759861104 }, "geometry": { "type": "LineString", "coordinates": [ [ -82.960898, 37.338503000000102 ], [ -82.938501, 37.353427000000103 ] ] } },
{ "type": "Feature", "properties": { "FID": 10478, "TYPEPIPE": "Intrastate", "Operator": "Kentucky-West Virginia Gas Co", "Status": "Operating", "Shape_Leng": 0.033237438243600002, "Shape__Length": 4258.3616016459173 }, "geometry": { "type": "LineString", "coordinates": [ [ -82.938501, 37.353427000000103 ], [ -82.916371, 37.378226 ] ] } },
{ "type": "Feature", "properties": { "FID": 10479, "TYPEPIPE": "Intrastate", "Operator": "Kentucky-West Virginia Gas Co", "Status": "Operating", "Shape_Leng": 0.0056216013733099996, "Shape__Length": 710.30538796604253 }, "geometry": { "type": "LineString", "coordinates": [ [ -82.916371, 37.378226 ], [ -82.912372, 37.382177 ] ] } },
{ "type": "Feature", "properties": { "FID": 10480, "TYPEPIPE": "Intrastate", "Operator": "Kentucky-West Virginia Gas Co", "Status": "Operating", "Shape_Leng": 0.0091601699765499998, "Shape__Length": 1025.8400547523952 }, "geometry": { "type": "LineString", "coordinates": [ [ -82.912372, 37.382177 ], [ -82.903307, 37.383494 ] ] } },
{ "type": "Feature", "properties": { "FID": 10481, "TYPEPIPE": "Intrastate", "Operator": "Kentucky-West Virginia Gas Co", "Status": "Operating", "Shape_Leng": 0.020154323109500001, "Shape__Length": 2455.3702485735716 }, "geometry": { "type": "LineString", "coordinates": [ [ -82.903307, 37.383494 ], [ -82.886915, 37.39522 ] ] } },
{ "type": "Feature", "properties": { "FID": 10482, "TYPEPIPE": "Intrastate", "Operator": "Kentucky-West Virginia Gas Co", "Status": "Operating", "Shape_Leng": 0.029496728293199999, "Shape__Length": 3287.1158063229032 }, "geometry": { "type": "LineString", "coordinates": [ [ -82.886915, 37.39522 ], [ -82.857473, 37.3970160000001 ] ] } },
{ "type": "Feature", "properties": { "FID": 10483, "TYPEPIPE": "Intrastate", "Operator": "Kentucky-West Virginia Gas Co", "Status": "Operating", "Shape_Leng": 0.025792582577100001, "Shape__Length": 2877.482494865048 }, "geometry": { "type": "LineString", "coordinates": [ [ -82.857473, 37.3970160000001 ], [ -82.831777, 37.399246 ] ] } },
{ "type": "Feature", "properties": { "FID": 10484, "TYPEPIPE": "Intrastate", "Operator": "Kentucky-West Virginia Gas Co", "Status": "Operating", "Shape_Leng": 0.015354792639500001, "Shape__Length": 1715.6829003286177 }, "geometry": { "type": "LineString", "coordinates": [ [ -82.831777, 37.399246 ], [ -82.816521, 37.397507 ] ] } },
{ "type": "Feature", "properties": { "FID": 10485, "TYPEPIPE": "Intrastate", "Operator": "Kentucky-West Virginia Gas Co", "Status": "Operating", "Shape_Leng": 0.020120006212699999, "Shape__Length": 2242.6719064329186 }, "geometry": { "type": "LineString", "coordinates": [ [ -82.816521, 37.397507 ], [ -82.796446, 37.398852 ] ] } },
{ "type": "Feature", "properties": { "FID": 10486, "TYPEPIPE": "Intrastate", "Operator": "Kentucky-West Virginia Gas Co", "Status": "Operating", "Shape_Leng": 0.0048878540280899996, "Shape__Length": 660.2137662035683 }, "geometry": { "type": "LineString", "coordinates": [ [ -82.796446, 37.398852 ], [ -82.794305, 37.394458 ] ] } },
{ "type": "Feature", "properties": { "FID": 10487, "TYPEPIPE": "Intrastate", "Operator": "Kentucky-West Virginia Gas Co", "Status": "Operating", "Shape_Leng": 0.0048350000000099997, "Shape__Length": 677.44546644482762 }, "geometry": { "type": "LineString", "coordinates": [ [ -82.794305, 37.394458 ], [ -82.794305, 37.389623 ] ] } },
{ "type": "Feature", "properties": { "FID": 10488, "TYPEPIPE": "Intrastate", "Operator": "Kentucky-West Virginia Gas Co", "Status": "Operating", "Shape_Leng": 0.0131317517871, "Shape__Length": 1462.8431514166448 }, "geometry": { "type": "LineString", "coordinates": [ [ -82.794305, 37.389623 ], [ -82.781189, 37.388980000000103 ] ] } },
{ "type": "Feature", "properties": { "FID": 10489, "TYPEPIPE": "Intrastate", "Operator": "Kentucky-West Virginia Gas Co", "Status": "Operating", "Shape_Leng": 0.0104762384948, "Shape__Length": 1281.3113708876554 }, "geometry": { "type": "LineString", "coordinates": [ [ -82.721348, 37.278561 ], [ -82.729746, 37.2848240000001 ] ] } },
{ "type": "Feature", "properties": { "FID": 10490, "TYPEPIPE": "Intrastate", "Operator": "Kentucky-West Virginia Gas Co", "Status": "Operating", "Shape_Leng": 0.027052853916, "Shape__Length": 3286.9521822425017 }, "geometry": { "type": "LineString", "coordinates": [ [ -82.729746, 37.2848240000001 ], [ -82.751892999999896, 37.30036 ] ] } },
{ "type": "Feature", "properties": { "FID": 10491, "TYPEPIPE": "Intrastate", "Operator": "Kentucky-West Virginia Gas Co", "Status": "Operating", "Shape_Leng": 0.0014059487900100001, "Shape__Length": 160.97497582864762 }, "geometry": { "type": "LineString", "coordinates": [ [ -82.751892999999896, 37.30036 ], [ -82.753227, 37.299916 ] ] } },
{ "type": "Feature", "properties": { "FID": 10492, "TYPEPIPE": "Intrastate", "Operator": "Kentucky-West Virginia Gas Co", "Status": "Operating", "Shape_Leng": 0.014230432881700001, "Shape__Length": 1589.8092032889806 }, "geometry": { "type": "LineString", "coordinates": [ [ -82.753227, 37.299916 ], [ -82.767369, 37.298332000000102 ] ] } },
{ "type": "Feature", "properties": { "FID": 10493, "TYPEPIPE": "Intrastate", "Operator": "Kentucky-West Virginia Gas Co", "Status": "Operating", "Shape_Leng": 0.0098814680083200001, "Shape__Length": 1100.5466121820152 }, "geometry": { "type": "LineString", "coordinates": [ [ -82.767369, 37.298332000000102 ], [ -82.777242, 37.298741 ] ] } },
{ "type": "Feature", "properties": { "FID": 10494, "TYPEPIPE": "Intrastate", "Operator": "Kentucky-West Virginia Gas Co", "Status": "Operating", "Shape_Leng": 0.0072207925465199996, "Shape__Length": 821.52817656380319 }, "geometry": { "type": "LineString", "coordinates": [ [ -82.777242, 37.298741 ], [ -82.78418, 37.29674 ] ] } },
{ "type": "Feature", "properties": { "FID": 10495, "TYPEPIPE": "Intrastate", "Operator": "Kentucky-West Virginia Gas Co", "Status": "Operating", "Shape_Leng": 0.00800737472586, "Shape__Length": 891.53021891771812 }, "geometry": { "type": "LineString", "coordinates": [ [ -82.78418, 37.29674 ], [ -82.792185, 37.296935 ] ] } },
{ "type": "Feature", "properties": { "FID": 10496, "TYPEPIPE": "Intrastate", "Operator": "Kentucky-West Virginia Gas Co", "Status": "Operating", "Shape_Leng": 0.00160400124687, "Shape__Length": 178.55668275129236 }, "geometry": { "type": "LineString", "coordinates": [ [ -82.886245, 37.328619000000103 ], [ -82.884641, 37.328621 ] ] } },
{ "type": "Feature", "properties": { "FID": 10497, "TYPEPIPE": "Intrastate", "Operator": "Kentucky-West Virginia Gas Co", "Status": "Operating", "Shape_Leng": 0.0035398340356899999, "Shape__Length": 398.06537039438433 }, "geometry": { "type": "LineString", "coordinates": [ [ -82.795311, 37.33423 ], [ -82.791833999999895, 37.334894 ] ] } },
{ "type": "Feature", "properties": { "FID": 10498, "TYPEPIPE": "Intrastate", "Operator": "Kentucky-West Virginia Gas Co", "Status": "Operating", "Shape_Leng": 0.0088377568420999995, "Shape__Length": 1223.4095628279463 }, "geometry": { "type": "LineString", "coordinates": [ [ -82.793439, 37.296865 ], [ -82.7913, 37.30544 ] ] } },
{ "type": "Feature", "properties": { "FID": 10499, "TYPEPIPE": "Intrastate", "Operator": "Kentucky-West Virginia Gas Co", "Status": "Operating", "Shape_Leng": 0.005388616984, "Shape__Length": 737.26179225650901 }, "geometry": { "type": "LineString", "coordinates": [ [ -82.7913, 37.30544 ], [ -82.793172, 37.3104930000001 ] ] } },
{ "type": "Feature", "properties": { "FID": 10500, "TYPEPIPE": "Intrastate", "Operator": "Kentucky-West Virginia Gas Co", "Status": "Operating", "Shape_Leng": 0.012102830495400001, "Shape__Length": 1693.4484976690539 }, "geometry": { "type": "LineString", "coordinates": [ [ -82.793172, 37.3104930000001 ], [ -82.792637, 37.322584 ] ] } },
{ "type": "Feature", "properties": { "FID": 10501, "TYPEPIPE": "Intrastate", "Operator": "Kentucky-West Virginia Gas Co", "Status": "Operating", "Shape_Leng": 0.00134595133638, "Shape__Length": 187.03417684449141 }, "geometry": { "type": "LineString", "coordinates": [ [ -82.792637, 37.322584 ], [ -82.792369, 37.323903 ] ] } },
{ "type": "Feature", "properties": { "FID": 10502, "TYPEPIPE": "Intrastate", "Operator": "Kentucky-West Virginia Gas Co", "Status": "Operating", "Shape_Leng": 0.00396991347512, "Shape__Length": 544.03400584852784 }, "geometry": { "type": "LineString", "coordinates": [ [ -82.792369, 37.323903 ], [ -82.791032, 37.327641 ] ] } },
{ "type": "Feature", "properties": { "FID": 10503, "TYPEPIPE": "Intrastate", "Operator": "Kentucky-West Virginia Gas Co", "Status": "Operating", "Shape_Leng": 0.0013190000000199999, "Shape__Length": 184.65190836973488 }, "geometry": { "type": "LineString", "coordinates": [ [ -82.791032, 37.327641 ], [ -82.791032, 37.328960000000102 ] ] } },
{ "type": "Feature", "properties": { "FID": 10504, "TYPEPIPE": "Intrastate", "Operator": "Kentucky-West Virginia Gas Co", "Status": "Operating", "Shape_Leng": 0.0013190000000199999, "Shape__Length": 184.65515007730573 }, "geometry": { "type": "LineString", "coordinates": [ [ -82.791032, 37.328960000000102 ], [ -82.791032, 37.330279 ] ] } },
{ "type": "Feature", "properties": { "FID": 10505, "TYPEPIPE": "Intrastate", "Operator": "Kentucky-West Virginia Gas Co", "Status": "Operating", "Shape_Leng": 0.0047364433914, "Shape__Length": 656.85842498456191 }, "geometry": { "type": "LineString", "coordinates": [ [ -82.791032, 37.330279 ], [ -82.792102, 37.3348930000001 ] ] } },
{ "type": "Feature", "properties": { "FID": 10506, "TYPEPIPE": "Intrastate", "Operator": "Kentucky-West Virginia Gas Co", "Status": "Operating", "Shape_Leng": 0.018871407923099999, "Shape__Length": 2632.6626483040741 }, "geometry": { "type": "LineString", "coordinates": [ [ -82.792102, 37.3348930000001 ], [ -82.794776, 37.353574 ] ] } },
{ "type": "Feature", "properties": { "FID": 10507, "TYPEPIPE": "Intrastate", "Operator": "Kentucky-West Virginia Gas Co", "Status": "Operating", "Shape_Leng": 0.00131800000003, "Shape__Length": 184.57563931308687 }, "geometry": { "type": "LineString", "coordinates": [ [ -82.794776, 37.353574 ], [ -82.794776, 37.354892 ] ] } },
{ "type": "Feature", "properties": { "FID": 10508, "TYPEPIPE": "Intrastate", "Operator": "Kentucky-West Virginia Gas Co", "Status": "Operating", "Shape_Leng": 0.010115524356099999, "Shape__Length": 1416.5265710005554 }, "geometry": { "type": "LineString", "coordinates": [ [ -82.794776, 37.354892 ], [ -82.794509, 37.365004 ] ] } },
{ "type": "Feature", "properties": { "FID": 10509, "TYPEPIPE": "Intrastate", "Operator": "Kentucky-West Virginia Gas Co", "Status": "Operating", "Shape_Leng": 0.0013190000000199999, "Shape__Length": 184.74381740111858 }, "geometry": { "type": "LineString", "coordinates": [ [ -82.794509, 37.365004 ], [ -82.794509, 37.366323000000101 ] ] } },
{ "type": "Feature", "properties": { "FID": 10510, "TYPEPIPE": "Intrastate", "Operator": "Kentucky-West Virginia Gas Co", "Status": "Operating", "Shape_Leng": 0.0066978242735900003, "Shape__Length": 759.08806758293031 }, "geometry": { "type": "LineString", "coordinates": [ [ -82.903307, 37.383494 ], [ -82.909792, 37.381819 ] ] } },
{ "type": "Feature", "properties": { "FID": 10511, "TYPEPIPE": "Intrastate", "Operator": "Kentucky-West Virginia Gas Co", "Status": "Operating", "Shape_Leng": 0.0056225376832899996, "Shape__Length": 643.72772491427861 }, "geometry": { "type": "LineString", "coordinates": [ [ -82.909792, 37.381819 ], [ -82.915129, 37.38005 ] ] } },
{ "type": "Feature", "properties": { "FID": 10512, "TYPEPIPE": "Intrastate", "Operator": "Kentucky-West Virginia Gas Co", "Status": "Operating", "Shape_Leng": 0.046533620157900003, "Shape__Length": 5205.0507502821429 }, "geometry": { "type": "LineString", "coordinates": [ [ -82.915129, 37.38005 ], [ -82.961276, 37.374064 ] ] } },
{ "type": "Feature", "properties": { "FID": 10513, "TYPEPIPE": "Intrastate", "Operator": "Kentucky-West Virginia Gas Co", "Status": "Operating", "Shape_Leng": 0.023803791042600001, "Shape__Length": 3334.5476760004658 }, "geometry": { "type": "LineString", "coordinates": [ [ -82.794038, 37.367187000000101 ], [ -82.793745999999899, 37.390989 ] ] } },
{ "type": "Feature", "properties": { "FID": 10514, "TYPEPIPE": "Intrastate", "Operator": "Kentucky-West Virginia Gas Co", "Status": "Operating", "Shape_Leng": 0.0063640711812599999, "Shape__Length": 793.52624604001369 }, "geometry": { "type": "LineString", "coordinates": [ [ -82.900901, 37.471485 ], [ -82.89611, 37.475674 ] ] } },
{ "type": "Feature", "properties": { "FID": 10515, "TYPEPIPE": "Intrastate", "Operator": "Kentucky-West Virginia Gas Co", "Status": "Operating", "Shape_Leng": 0.0130204369359, "Shape__Length": 1464.0124979430709 }, "geometry": { "type": "LineString", "coordinates": [ [ -82.781189, 37.388980000000103 ], [ -82.768395999999896, 37.386557 ] ] } },
{ "type": "Feature", "properties": { "FID": 10516, "TYPEPIPE": "Intrastate", "Operator": "Kentucky-West Virginia Gas Co", "Status": "Operating", "Shape_Leng": 0.010781043966200001, "Shape__Length": 1502.6086529995976 }, "geometry": { "type": "LineString", "coordinates": [ [ -82.797653, 37.398191 ], [ -82.795808, 37.408813000000102 ] ] } },
{ "type": "Feature", "properties": { "FID": 10517, "TYPEPIPE": "Intrastate", "Operator": "Kentucky-West Virginia Gas Co", "Status": "Operating", "Shape_Leng": 0.00286319140125, "Shape__Length": 398.52100736069366 }, "geometry": { "type": "LineString", "coordinates": [ [ -82.89611, 37.475674 ], [ -82.895526, 37.478477 ] ] } },
{ "type": "Feature", "properties": { "FID": 10518, "TYPEPIPE": "Intrastate", "Operator": "Kentucky-West Virginia Gas Co", "Status": "Operating", "Shape_Leng": 0.0087471550232000005, "Shape__Length": 1003.6990708232465 }, "geometry": { "type": "LineString", "coordinates": [ [ -83.069149, 37.36298 ], [ -83.077414, 37.365844 ] ] } },
{ "type": "Feature", "properties": { "FID": 10519, "TYPEPIPE": "Intrastate", "Operator": "Kentucky-West Virginia Gas Co", "Status": "Operating", "Shape_Leng": 0.010158206239299999, "Shape__Length": 1149.4125613289903 }, "geometry": { "type": "LineString", "coordinates": [ [ -83.077414, 37.365844 ], [ -83.087279, 37.368267000000102 ] ] } },
{ "type": "Feature", "properties": { "FID": 10520, "TYPEPIPE": "Intrastate", "Operator": "Kentucky-West Virginia Gas Co", "Status": "Operating", "Shape_Leng": 0.0061685176501099998, "Shape__Length": 688.97160525506558 }, "geometry": { "type": "LineString", "coordinates": [ [ -83.087279, 37.368267000000102 ], [ -83.093412, 37.367606000000102 ] ] } },
{ "type": "Feature", "properties": { "FID": 10521, "TYPEPIPE": "Intrastate", "Operator": "Kentucky-West Virginia Gas Co", "Status": "Operating", "Shape_Leng": 0.0165117310116, "Shape__Length": 1933.2941988526843 }, "geometry": { "type": "LineString", "coordinates": [ [ -83.093412, 37.367606000000102 ], [ -83.108343, 37.360556 ] ] } },
{ "type": "Feature", "properties": { "FID": 10522, "TYPEPIPE": "Intrastate", "Operator": "Kentucky-West Virginia Gas Co", "Status": "Operating", "Shape_Leng": 0.0074028189225500002, "Shape__Length": 864.855200492535 }, "geometry": { "type": "LineString", "coordinates": [ [ -83.108343, 37.360556 ], [ -83.115071, 37.357468 ] ] } },
{ "type": "Feature", "properties": { "FID": 10523, "TYPEPIPE": "Intrastate", "Operator": "Kentucky-West Virginia Gas Co", "Status": "Operating", "Shape_Leng": 0.010140550330199999, "Shape__Length": 1129.4487323509893 }, "geometry": { "type": "LineString", "coordinates": [ [ -83.235626, 37.104062 ], [ -83.225495, 37.104502 ] ] } },
{ "type": "Feature", "properties": { "FID": 10524, "TYPEPIPE": "Intrastate", "Operator": "Kentucky-West Virginia Gas Co", "Status": "Operating", "Shape_Leng": 0.013900875691899999, "Shape__Length": 1583.0153721404511 }, "geometry": { "type": "LineString", "coordinates": [ [ -83.225495, 37.104502 ], [ -83.212171, 37.108465 ] ] } },
{ "type": "Feature", "properties": { "FID": 10525, "TYPEPIPE": "Intrastate", "Operator": "Kentucky-West Virginia Gas Co", "Status": "Operating", "Shape_Leng": 0.0097977030982100005, "Shape__Length": 1122.9765217379565 }, "geometry": { "type": "LineString", "coordinates": [ [ -83.212171, 37.108465 ], [ -83.202902, 37.111640000000101 ] ] } },
{ "type": "Feature", "properties": { "FID": 10526, "TYPEPIPE": "Intrastate", "Operator": "Kentucky-West Virginia Gas Co", "Status": "Operating", "Shape_Leng": 0.0055634838006200001, "Shape__Length": 713.4418195344283 }, "geometry": { "type": "LineString", "coordinates": [ [ -83.057453, 37.120374 ], [ -83.053809, 37.116170000000103 ] ] } },
{ "type": "Feature", "properties": { "FID": 10527, "TYPEPIPE": "Intrastate", "Operator": "Kentucky-West Virginia Gas Co", "Status": "Operating", "Shape_Leng": 0.018041996702100001, "Shape__Length": 2141.0015319405215 }, "geometry": { "type": "LineString", "coordinates": [ [ -83.053809, 37.116170000000103 ], [ -83.038062, 37.107364000000103 ] ] } },
{ "type": "Feature", "properties": { "FID": 10528, "TYPEPIPE": "Intrastate", "Operator": "Kentucky-West Virginia Gas Co", "Status": "Operating", "Shape_Leng": 0.0080511733306599994, "Shape__Length": 1008.9918061944511 }, "geometry": { "type": "LineString", "coordinates": [ [ -83.038062, 37.107364000000103 ], [ -83.032186, 37.101860000000102 ] ] } },
{ "type": "Feature", "properties": { "FID": 10529, "TYPEPIPE": "Intrastate", "Operator": "Kentucky-West Virginia Gas Co", "Status": "Operating", "Shape_Leng": 0.013394581740399999, "Shape__Length": 1775.3826057854819 }, "geometry": { "type": "LineString", "coordinates": [ [ -83.032186, 37.101860000000102 ], [ -83.025232, 37.0904120000001 ] ] } },
{ "type": "Feature", "properties": { "FID": 10530, "TYPEPIPE": "Intrastate", "Operator": "Kentucky-West Virginia Gas Co", "Status": "Operating", "Shape_Leng": 0.0015764834284300001, "Shape__Length": 176.28256662975596 }, "geometry": { "type": "LineString", "coordinates": [ [ -83.053187, 37.087969 ], [ -83.051623, 37.087771 ] ] } },
{ "type": "Feature", "properties": { "FID": 10531, "TYPEPIPE": "Intrastate", "Operator": "Kentucky-West Virginia Gas Co", "Status": "Operating", "Shape_Leng": 0.0014211421462800001, "Shape__Length": 193.48934352143951 }, "geometry": { "type": "LineString", "coordinates": [ [ -82.642758, 37.22949 ], [ -82.643292, 37.230807 ] ] } },
{ "type": "Feature", "properties": { "FID": 10532, "TYPEPIPE": "Intrastate", "Operator": "Kentucky-West Virginia Gas Co", "Status": "Operating", "Shape_Leng": 0.0068140000000200002, "Shape__Length": 952.72644061688334 }, "geometry": { "type": "LineString", "coordinates": [ [ -82.643292, 37.230807 ], [ -82.643292, 37.237621 ] ] } },
{ "type": "Feature", "properties": { "FID": 10533, "TYPEPIPE": "Intrastate", "Operator": "Kentucky-West Virginia Gas Co", "Status": "Operating", "Shape_Leng": 0.0068457943293500001, "Shape__Length": 855.7234448877947 }, "geometry": { "type": "LineString", "coordinates": [ [ -82.643292, 37.237621 ], [ -82.648362, 37.242221 ] ] } },
{ "type": "Feature", "properties": { "FID": 10534, "TYPEPIPE": "Intrastate", "Operator": "Kentucky-West Virginia Gas Co", "Status": "Operating", "Shape_Leng": 0.005275021327, "Shape__Length": 666.48480550434977 }, "geometry": { "type": "LineString", "coordinates": [ [ -82.648362, 37.242221 ], [ -82.652097, 37.245946000000103 ] ] } },
{ "type": "Feature", "properties": { "FID": 10535, "TYPEPIPE": "Intrastate", "Operator": "Kentucky-West Virginia Gas Co", "Status": "Operating", "Shape_Leng": 0.00059148119156, "Shape__Length": 72.096464224620732 }, "geometry": { "type": "LineString", "coordinates": [ [ -82.652097, 37.245946000000103 ], [ -82.652575999999897, 37.246293 ] ] } },
{ "type": "Feature", "properties": { "FID": 10536, "TYPEPIPE": "Intrastate", "Operator": "Kentucky-West Virginia Gas Co", "Status": "Operating", "Shape_Leng": 0.00173490777853, "Shape__Length": 220.29103096032642 }, "geometry": { "type": "LineString", "coordinates": [ [ -82.666106, 37.247369 ], [ -82.667306999999894, 37.246117 ] ] } },
{ "type": "Feature", "properties": { "FID": 10537, "TYPEPIPE": "Intrastate", "Operator": "Kentucky-West Virginia Gas Co", "Status": "Operating", "Shape_Leng": 0.0043157647062599998, "Shape__Length": 483.62861062991385 }, "geometry": { "type": "LineString", "coordinates": [ [ -83.051623, 37.087771 ], [ -83.047358, 37.088431 ] ] } },
{ "type": "Feature", "properties": { "FID": 10538, "TYPEPIPE": "Intrastate", "Operator": "Kentucky-West Virginia Gas Co", "Status": "Operating", "Shape_Leng": 0.0056368896565599999, "Shape__Length": 629.95651326873735 }, "geometry": { "type": "LineString", "coordinates": [ [ -83.047358, 37.088431 ], [ -83.041759999999897, 37.0890920000001 ] ] } },
{ "type": "Feature", "properties": { "FID": 10539, "TYPEPIPE": "Intrastate", "Operator": "Kentucky-West Virginia Gas Co", "Status": "Operating", "Shape_Leng": 0.0083677696550499992, "Shape__Length": 938.09673580563594 }, "geometry": { "type": "LineString", "coordinates": [ [ -83.041759999999897, 37.0890920000001 ], [ -83.033497, 37.0904120000001 ] ] } },
{ "type": "Feature", "properties": { "FID": 10540, "TYPEPIPE": "Intrastate", "Operator": "Kentucky-West Virginia Gas Co", "Status": "Operating", "Shape_Leng": 0.0082679541604900007, "Shape__Length": 920.57236405990227 }, "geometry": { "type": "LineString", "coordinates": [ [ -83.033497, 37.0904120000001 ], [ -83.025232, 37.090633 ] ] } },
{ "type": "Feature", "properties": { "FID": 10541, "TYPEPIPE": "Intrastate", "Operator": "Kentucky-West Virginia Gas Co", "Status": "Operating", "Shape_Leng": 0.0095675357851099999, "Shape__Length": 1076.9335822849723 }, "geometry": { "type": "LineString", "coordinates": [ [ -83.020669999999896, 37.170768000000102 ], [ -83.011291, 37.168878 ] ] } },
{ "type": "Feature", "properties": { "FID": 10542, "TYPEPIPE": "Intrastate", "Operator": "Kentucky-West Virginia Gas Co", "Status": "Operating", "Shape_Leng": 0.013976637435400001, "Shape__Length": 1562.9708286798073 }, "geometry": { "type": "LineString", "coordinates": [ [ -83.011291, 37.168878 ], [ -82.997426, 37.167115 ] ] } },
{ "type": "Feature", "properties": { "FID": 10543, "TYPEPIPE": "Intrastate", "Operator": "Kentucky-West Virginia Gas Co", "Status": "Operating", "Shape_Leng": 0.011806136751699999, "Shape__Length": 1318.9730506660926 }, "geometry": { "type": "LineString", "coordinates": [ [ -82.997426, 37.167115 ], [ -82.985694, 37.165794 ] ] } },
{ "type": "Feature", "properties": { "FID": 10544, "TYPEPIPE": "Intrastate", "Operator": "Kentucky-West Virginia Gas Co", "Status": "Operating", "Shape_Leng": 0.0065341323065799999, "Shape__Length": 735.88212421240451 }, "geometry": { "type": "LineString", "coordinates": [ [ -82.985694, 37.165794 ], [ -82.979295, 37.164472 ] ] } },
{ "type": "Feature", "properties": { "FID": 10545, "TYPEPIPE": "Intrastate", "Operator": "Kentucky-West Virginia Gas Co", "Status": "Operating", "Shape_Leng": 0.0119691490508, "Shape__Length": 1581.7684094929637 }, "geometry": { "type": "LineString", "coordinates": [ [ -83.007654, 37.10098 ], [ -83.014034, 37.090853 ] ] } },
{ "type": "Feature", "properties": { "FID": 10546, "TYPEPIPE": "Intrastate", "Operator": "Kentucky-West Virginia Gas Co", "Status": "Operating", "Shape_Leng": 0.0112066803738, "Shape__Length": 1248.0739431010188 }, "geometry": { "type": "LineString", "coordinates": [ [ -83.025232, 37.0904120000001 ], [ -83.014034, 37.090853 ] ] } },
{ "type": "Feature", "properties": { "FID": 10547, "TYPEPIPE": "Intrastate", "Operator": "Kentucky-West Virginia Gas Co", "Status": "Operating", "Shape_Leng": 0.0282781810766, "Shape__Length": 3161.554659634875 }, "geometry": { "type": "LineString", "coordinates": [ [ -82.928715, 37.576189 ], [ -82.900644999999898, 37.579614 ] ] } },
{ "type": "Feature", "properties": { "FID": 10548, "TYPEPIPE": "Intrastate", "Operator": "Kentucky-West Virginia Gas Co", "Status": "Operating", "Shape_Leng": 0.0046763773372000004, "Shape__Length": 521.18912430387797 }, "geometry": { "type": "LineString", "coordinates": [ [ -82.900644999999898, 37.579614 ], [ -82.895978, 37.5793180000001 ] ] } },
{ "type": "Feature", "properties": { "FID": 10549, "TYPEPIPE": "Intrastate", "Operator": "Kentucky-West Virginia Gas Co", "Status": "Operating", "Shape_Leng": 0.0045881037477299999, "Shape__Length": 594.51466644822926 }, "geometry": { "type": "LineString", "coordinates": [ [ -82.603523999999894, 37.879692 ], [ -82.600574, 37.876178 ] ] } },
{ "type": "Feature", "properties": { "FID": 10550, "TYPEPIPE": "Intrastate", "Operator": "Kentucky-West Virginia Gas Co", "Status": "Operating", "Shape_Leng": 0.00388816306243, "Shape__Length": 540.23694199263241 }, "geometry": { "type": "LineString", "coordinates": [ [ -82.600574, 37.876178 ], [ -82.59949, 37.872444 ] ] } },
{ "type": "Feature", "properties": { "FID": 10551, "TYPEPIPE": "Intrastate", "Operator": "Kentucky-West Virginia Gas Co", "Status": "Operating", "Shape_Leng": 0.0046185028959099999, "Shape__Length": 650.94251673936083 }, "geometry": { "type": "LineString", "coordinates": [ [ -82.59949, 37.872444 ], [ -82.599735, 37.867832 ] ] } },
{ "type": "Feature", "properties": { "FID": 10552, "TYPEPIPE": "Intrastate", "Operator": "Kentucky-West Virginia Gas Co", "Status": "Operating", "Shape_Leng": 0.0075070799249900002, "Shape__Length": 1056.4673136200327 }, "geometry": { "type": "LineString", "coordinates": [ [ -82.599735, 37.867832 ], [ -82.6005, 37.860364 ] ] } },
{ "type": "Feature", "properties": { "FID": 10553, "TYPEPIPE": "Intrastate", "Operator": "Kentucky-West Virginia Gas Co", "Status": "Operating", "Shape_Leng": 0.00685454185198, "Shape__Length": 919.51792045609454 }, "geometry": { "type": "LineString", "coordinates": [ [ -82.6005, 37.860364 ], [ -82.603938, 37.854434 ] ] } },
{ "type": "Feature", "properties": { "FID": 10554, "TYPEPIPE": "Intrastate", "Operator": "Kentucky-West Virginia Gas Co", "Status": "Operating", "Shape_Leng": 0.00575741209221, "Shape__Length": 755.00193437841483 }, "geometry": { "type": "LineString", "coordinates": [ [ -82.603938, 37.854434 ], [ -82.607383, 37.849821 ] ] } },
{ "type": "Feature", "properties": { "FID": 10555, "TYPEPIPE": "Intrastate", "Operator": "Kentucky-West Virginia Gas Co", "Status": "Operating", "Shape_Leng": 0.016980169139399998, "Shape__Length": 2389.9480306765836 }, "geometry": { "type": "LineString", "coordinates": [ [ -82.607383, 37.849821 ], [ -82.608902999999898, 37.832909 ] ] } },
{ "type": "Feature", "properties": { "FID": 10556, "TYPEPIPE": "Intrastate", "Operator": "Kentucky-West Virginia Gas Co", "Status": "Operating", "Shape_Leng": 0.0096148179910099992, "Shape__Length": 1334.7381212229272 }, "geometry": { "type": "LineString", "coordinates": [ [ -82.633713999999898, 37.835984 ], [ -82.631004, 37.826759 ] ] } },
{ "type": "Feature", "properties": { "FID": 10557, "TYPEPIPE": "Intrastate", "Operator": "Kentucky-West Virginia Gas Co", "Status": "Operating", "Shape_Leng": 0.0115149114196, "Shape__Length": 1336.8952082086134 }, "geometry": { "type": "LineString", "coordinates": [ [ -82.631004, 37.826759 ], [ -82.62036, 37.831152 ] ] } },
{ "type": "Feature", "properties": { "FID": 10558, "TYPEPIPE": "Intrastate", "Operator": "Kentucky-West Virginia Gas Co", "Status": "Operating", "Shape_Leng": 0.011625337199399999, "Shape__Length": 1305.3633024348392 }, "geometry": { "type": "LineString", "coordinates": [ [ -82.62036, 37.831152 ], [ -82.608903999999896, 37.833129 ] ] } },
{ "type": "Feature", "properties": { "FID": 10559, "TYPEPIPE": "Intrastate", "Operator": "Kentucky-West Virginia Gas Co", "Status": "Operating", "Shape_Leng": 0.0027696443815, "Shape__Length": 343.6990615157178 }, "geometry": { "type": "LineString", "coordinates": [ [ -82.608903999999896, 37.833129 ], [ -82.606763, 37.831372000000101 ] ] } },
{ "type": "Feature", "properties": { "FID": 10560, "TYPEPIPE": "Intrastate", "Operator": "Kentucky-West Virginia Gas Co", "Status": "Operating", "Shape_Leng": 0.0021416913876900001, "Shape__Length": 273.45514240602972 }, "geometry": { "type": "LineString", "coordinates": [ [ -82.635193, 37.8375330000001 ], [ -82.633713999999898, 37.835984 ] ] } },
{ "type": "Feature", "properties": { "FID": 10561, "TYPEPIPE": "Intrastate", "Operator": "Kentucky-West Virginia Gas Co", "Status": "Operating", "Shape_Leng": 0.0044343590292600004, "Shape__Length": 623.38594369361226 }, "geometry": { "type": "LineString", "coordinates": [ [ -82.604106, 37.884088 ], [ -82.603523999999894, 37.879692 ] ] } },
{ "type": "Feature", "properties": { "FID": 10562, "TYPEPIPE": "Intrastate", "Operator": "Kentucky-West Virginia Gas Co", "Status": "Operating", "Shape_Leng": 0.0029139011651099999, "Shape__Length": 364.83945470938068 }, "geometry": { "type": "LineString", "coordinates": [ [ -83.157274, 37.123435 ], [ -83.155138, 37.121453 ] ] } },
{ "type": "Feature", "properties": { "FID": 10563, "TYPEPIPE": "Intrastate", "Operator": "Kentucky-West Virginia Gas Co", "Status": "Operating", "Shape_Leng": 0.0021444183360699999, "Shape__Length": 239.44069061373565 }, "geometry": { "type": "LineString", "coordinates": [ [ -83.155138, 37.121453 ], [ -83.153005, 37.121674 ] ] } },
{ "type": "Feature", "properties": { "FID": 10564, "TYPEPIPE": "Intrastate", "Operator": "Kentucky-West Virginia Gas Co", "Status": "Operating", "Shape_Leng": 0.0059425995995099996, "Shape__Length": 758.46377186533232 }, "geometry": { "type": "LineString", "coordinates": [ [ -83.153005, 37.121674 ], [ -83.149014, 37.126077000000102 ] ] } },
{ "type": "Feature", "properties": { "FID": 10565, "TYPEPIPE": "Intrastate", "Operator": "Kentucky-West Virginia Gas Co", "Status": "Operating", "Shape_Leng": 0.010934233626600001, "Shape__Length": 1217.3357856066314 }, "geometry": { "type": "LineString", "coordinates": [ [ -83.149014, 37.126077000000102 ], [ -83.138081999999898, 37.125856 ] ] } },
{ "type": "Feature", "properties": { "FID": 10566, "TYPEPIPE": "Intrastate", "Operator": "Kentucky-West Virginia Gas Co", "Status": "Operating", "Shape_Leng": 0.015211368446, "Shape__Length": 1694.2377250175141 }, "geometry": { "type": "LineString", "coordinates": [ [ -83.138081999999898, 37.125856 ], [ -83.122884999999897, 37.126517 ] ] } },
{ "type": "Feature", "properties": { "FID": 10567, "TYPEPIPE": "Intrastate", "Operator": "Kentucky-West Virginia Gas Co", "Status": "Operating", "Shape_Leng": 0.017345129864000001, "Shape__Length": 1981.5224782854889 }, "geometry": { "type": "LineString", "coordinates": [ [ -83.122884999999897, 37.126517 ], [ -83.106364, 37.1318 ] ] } },
{ "type": "Feature", "properties": { "FID": 10568, "TYPEPIPE": "Intrastate", "Operator": "Kentucky-West Virginia Gas Co", "Status": "Operating", "Shape_Leng": 0.017661356601399999, "Shape__Length": 1970.339269455061 }, "geometry": { "type": "LineString", "coordinates": [ [ -83.106364, 37.1318 ], [ -83.08877, 37.133341 ] ] } },
{ "type": "Feature", "properties": { "FID": 10569, "TYPEPIPE": "Intrastate", "Operator": "Kentucky-West Virginia Gas Co", "Status": "Operating", "Shape_Leng": 0.021532446075599999, "Shape__Length": 2503.8013287536833 }, "geometry": { "type": "LineString", "coordinates": [ [ -83.08877, 37.133341 ], [ -83.069023, 37.124756 ] ] } },
{ "type": "Feature", "properties": { "FID": 10570, "TYPEPIPE": "Intrastate", "Operator": "Kentucky-West Virginia Gas Co", "Status": "Operating", "Shape_Leng": 0.011886118163700001, "Shape__Length": 1364.6417842411731 }, "geometry": { "type": "LineString", "coordinates": [ [ -83.069023, 37.124756 ], [ -83.057817, 37.120793 ] ] } },
{ "type": "Feature", "properties": { "FID": 10571, "TYPEPIPE": "Intrastate", "Operator": "Kentucky-West Virginia Gas Co", "Status": "Operating", "Shape_Leng": 0.0031581678232899999, "Shape__Length": 368.97480808141671 }, "geometry": { "type": "LineString", "coordinates": [ [ -83.115071, 37.357468 ], [ -83.117941, 37.35615 ] ] } },
{ "type": "Feature", "properties": { "FID": 10572, "TYPEPIPE": "Intrastate", "Operator": "Kentucky-West Virginia Gas Co", "Status": "Operating", "Shape_Leng": 0.00055361809942900005, "Shape__Length": 70.981440456439827 }, "geometry": { "type": "LineString", "coordinates": [ [ -83.057817, 37.120793 ], [ -83.057454, 37.120375 ] ] } },
{ "type": "Feature", "properties": { "FID": 10573, "TYPEPIPE": "Intrastate", "Operator": "Kentucky-West Virginia Gas Co", "Status": "Operating", "Shape_Leng": 0.00158324761172, "Shape__Length": 178.21546029333561 }, "geometry": { "type": "LineString", "coordinates": [ [ -83.022222, 37.1710810000001 ], [ -83.020669999999896, 37.170768000000102 ] ] } },
{ "type": "Feature", "properties": { "FID": 10574, "TYPEPIPE": "Intrastate", "Operator": "Kentucky-West Virginia Gas Co", "Status": "Operating", "Shape_Leng": 0.0087412599778199998, "Shape__Length": 1018.1265866906092 }, "geometry": { "type": "LineString", "coordinates": [ [ -83.117941, 37.35615 ], [ -83.12594, 37.352625 ] ] } },
{ "type": "Feature", "properties": { "FID": 10575, "TYPEPIPE": "Intrastate", "Operator": "Kentucky-West Virginia Gas Co", "Status": "Operating", "Shape_Leng": 0.018335500674900002, "Shape__Length": 2149.452318834899 }, "geometry": { "type": "LineString", "coordinates": [ [ -83.12594, 37.352625 ], [ -83.142471, 37.344693 ] ] } },
{ "type": "Feature", "properties": { "FID": 10576, "TYPEPIPE": "Intrastate", "Operator": "Kentucky-West Virginia Gas Co", "Status": "Operating", "Shape_Leng": 0.0129149634533, "Shape__Length": 1523.2607598690504 }, "geometry": { "type": "LineString", "coordinates": [ [ -83.194233, 37.073641000000102 ], [ -83.182788, 37.0796250000001 ] ] } },
{ "type": "Feature", "properties": { "FID": 10577, "TYPEPIPE": "Intrastate", "Operator": "Kentucky-West Virginia Gas Co", "Status": "Operating", "Shape_Leng": 0.0198283325824, "Shape__Length": 2379.637600974861 }, "geometry": { "type": "LineString", "coordinates": [ [ -83.182788, 37.0796250000001 ], [ -83.16601, 37.090192000000101 ] ] } },
{ "type": "Feature", "properties": { "FID": 10578, "TYPEPIPE": "Intrastate", "Operator": "Kentucky-West Virginia Gas Co", "Status": "Operating", "Shape_Leng": 0.0068366227042099999, "Shape__Length": 816.77274410393795 }, "geometry": { "type": "LineString", "coordinates": [ [ -83.16601, 37.090192000000101 ], [ -83.160151, 37.093715 ] ] } },
{ "type": "Feature", "properties": { "FID": 10579, "TYPEPIPE": "Intrastate", "Operator": "Kentucky-West Virginia Gas Co", "Status": "Operating", "Shape_Leng": 0.017302254477400001, "Shape__Length": 1957.999379399083 }, "geometry": { "type": "LineString", "coordinates": [ [ -83.160151, 37.093715 ], [ -83.143362, 37.097898 ] ] } },
{ "type": "Feature", "properties": { "FID": 10580, "TYPEPIPE": "Intrastate", "Operator": "Kentucky-West Virginia Gas Co", "Status": "Operating", "Shape_Leng": 0.013297838170099999, "Shape__Length": 1524.1760856248206 }, "geometry": { "type": "LineString", "coordinates": [ [ -83.202902, 37.111640000000101 ], [ -83.190322, 37.11595 ] ] } },
{ "type": "Feature", "properties": { "FID": 10581, "TYPEPIPE": "Intrastate", "Operator": "Kentucky-West Virginia Gas Co", "Status": "Operating", "Shape_Leng": 0.026675519132699999, "Shape__Length": 2970.4303813464448 }, "geometry": { "type": "LineString", "coordinates": [ [ -83.190322, 37.11595 ], [ -83.163661, 37.11683 ] ] } },
{ "type": "Feature", "properties": { "FID": 10582, "TYPEPIPE": "Intrastate", "Operator": "Kentucky-West Virginia Gas Co", "Status": "Operating", "Shape_Leng": 0.0091880244884300008, "Shape__Length": 1164.3907574910254 }, "geometry": { "type": "LineString", "coordinates": [ [ -83.163661, 37.11683 ], [ -83.157274, 37.123435 ] ] } },
{ "type": "Feature", "properties": { "FID": 10583, "TYPEPIPE": "Intrastate", "Operator": "Kentucky-West Virginia Gas Co", "Status": "Operating", "Shape_Leng": 0.0172212701332, "Shape__Length": 2325.7026060762137 }, "geometry": { "type": "LineString", "coordinates": [ [ -83.157274, 37.123435 ], [ -83.150046, 37.107804 ] ] } },
{ "type": "Feature", "properties": { "FID": 10584, "TYPEPIPE": "Intrastate", "Operator": "Kentucky-West Virginia Gas Co", "Status": "Operating", "Shape_Leng": 0.0119500917151, "Shape__Length": 1570.1341098544092 }, "geometry": { "type": "LineString", "coordinates": [ [ -83.150046, 37.107804 ], [ -83.143362, 37.097898 ] ] } },
{ "type": "Feature", "properties": { "FID": 10585, "TYPEPIPE": "Intrastate", "Operator": "Kentucky-West Virginia Gas Co", "Status": "Operating", "Shape_Leng": 0.0132332951678, "Shape__Length": 1588.8532476026978 }, "geometry": { "type": "LineString", "coordinates": [ [ -83.051285, 37.1843000000001 ], [ -83.040086, 37.1772500000001 ] ] } },
{ "type": "Feature", "properties": { "FID": 10586, "TYPEPIPE": "Intrastate", "Operator": "Kentucky-West Virginia Gas Co", "Status": "Operating", "Shape_Leng": 0.0043345701055700001, "Shape__Length": 517.12442815430256 }, "geometry": { "type": "LineString", "coordinates": [ [ -83.040086, 37.1772500000001 ], [ -83.036353, 37.175047 ] ] } },
{ "type": "Feature", "properties": { "FID": 10587, "TYPEPIPE": "Intrastate", "Operator": "Kentucky-West Virginia Gas Co", "Status": "Operating", "Shape_Leng": 0.0065157219860700003, "Shape__Length": 748.78807541519348 }, "geometry": { "type": "LineString", "coordinates": [ [ -83.036353, 37.175047 ], [ -83.030221, 37.172844 ] ] } },
{ "type": "Feature", "properties": { "FID": 10588, "TYPEPIPE": "Intrastate", "Operator": "Kentucky-West Virginia Gas Co", "Status": "Operating", "Shape_Leng": 0.0081909810157599992, "Shape__Length": 923.87992263519573 }, "geometry": { "type": "LineString", "coordinates": [ [ -83.030221, 37.172844 ], [ -83.022222, 37.1710810000001 ] ] } },
{ "type": "Feature", "properties": { "FID": 10589, "TYPEPIPE": "Intrastate", "Operator": "Kentucky-West Virginia Gas Co", "Status": "Operating", "Shape_Leng": 0.011038499173399999, "Shape__Length": 1539.6784071257805 }, "geometry": { "type": "LineString", "coordinates": [ [ -83.063154, 37.122774 ], [ -83.063974, 37.133782000000103 ] ] } },
{ "type": "Feature", "properties": { "FID": 10590, "TYPEPIPE": "Intrastate", "Operator": "Kentucky-West Virginia Gas Co", "Status": "Operating", "Shape_Leng": 0.014200474534299999, "Shape__Length": 1581.7328632260915 }, "geometry": { "type": "LineString", "coordinates": [ [ -82.610154, 37.431840000000101 ], [ -82.595968, 37.431199 ] ] } },
{ "type": "Feature", "properties": { "FID": 10591, "TYPEPIPE": "Intrastate", "Operator": "Kentucky-West Virginia Gas Co", "Status": "Operating", "Shape_Leng": 0.0093903848696400005, "Shape__Length": 1046.7899834133475 }, "geometry": { "type": "LineString", "coordinates": [ [ -82.595968, 37.431199 ], [ -82.5866, 37.430551 ] ] } },
{ "type": "Feature", "properties": { "FID": 10592, "TYPEPIPE": "Intrastate", "Operator": "Kentucky-West Virginia Gas Co", "Status": "Operating", "Shape_Leng": 0.0141879963349, "Shape__Length": 1579.530706162029 }, "geometry": { "type": "LineString", "coordinates": [ [ -82.5866, 37.430551 ], [ -82.572414, 37.430789 ] ] } },
{ "type": "Feature", "properties": { "FID": 10593, "TYPEPIPE": "Intrastate", "Operator": "Kentucky-West Virginia Gas Co", "Status": "Operating", "Shape_Leng": 0.013559551983799999, "Shape__Length": 1520.8376890944537 }, "geometry": { "type": "LineString", "coordinates": [ [ -82.572414, 37.430789 ], [ -82.559031, 37.428608 ] ] } },
{ "type": "Feature", "properties": { "FID": 10594, "TYPEPIPE": "Intrastate", "Operator": "Kentucky-West Virginia Gas Co", "Status": "Operating", "Shape_Leng": 0.028133270428400001, "Shape__Length": 3133.6882968725708 }, "geometry": { "type": "LineString", "coordinates": [ [ -82.559031, 37.428608 ], [ -82.530927, 37.427325000000103 ] ] } },
{ "type": "Feature", "properties": { "FID": 10595, "TYPEPIPE": "Intrastate", "Operator": "Kentucky-West Virginia Gas Co", "Status": "Operating", "Shape_Leng": 0.00140786647091, "Shape__Length": 161.10396622370456 }, "geometry": { "type": "LineString", "coordinates": [ [ -82.530927, 37.427325000000103 ], [ -82.529589, 37.4268870000001 ] ] } },
{ "type": "Feature", "properties": { "FID": 10596, "TYPEPIPE": "Intrastate", "Operator": "Kentucky-West Virginia Gas Co", "Status": "Operating", "Shape_Leng": 0.0074985281889200003, "Shape__Length": 834.96228781259038 }, "geometry": { "type": "LineString", "coordinates": [ [ -82.529589, 37.4268870000001 ], [ -82.522094, 37.427117000000102 ] ] } },
{ "type": "Feature", "properties": { "FID": 10597, "TYPEPIPE": "Intrastate", "Operator": "Kentucky-West Virginia Gas Co", "Status": "Operating", "Shape_Leng": 0.015829907927700001, "Shape__Length": 1781.8222994794398 }, "geometry": { "type": "LineString", "coordinates": [ [ -82.522094, 37.427117000000102 ], [ -82.506569999999897, 37.430214 ] ] } },
{ "type": "Feature", "properties": { "FID": 10598, "TYPEPIPE": "Intrastate", "Operator": "Kentucky-West Virginia Gas Co", "Status": "Operating", "Shape_Leng": 0.022743353930300001, "Shape__Length": 2582.2478164532668 }, "geometry": { "type": "LineString", "coordinates": [ [ -82.506569999999897, 37.430214 ], [ -82.484622, 37.436176 ] ] } },
{ "type": "Feature", "properties": { "FID": 10599, "TYPEPIPE": "Intrastate", "Operator": "Kentucky-West Virginia Gas Co", "Status": "Operating", "Shape_Leng": 0.035344116582500001, "Shape__Length": 3952.6530406210613 }, "geometry": { "type": "LineString", "coordinates": [ [ -82.484622, 37.436176 ], [ -82.449558, 37.440617 ] ] } },
{ "type": "Feature", "properties": { "FID": 10600, "TYPEPIPE": "Intrastate", "Operator": "Kentucky-West Virginia Gas Co", "Status": "Operating", "Shape_Leng": 0.019665051487400002, "Shape__Length": 2197.2890180329387 }, "geometry": { "type": "LineString", "coordinates": [ [ -82.449558, 37.440617 ], [ -82.430019, 37.442840000000103 ] ] } },
{ "type": "Feature", "properties": { "FID": 10601, "TYPEPIPE": "Intrastate", "Operator": "Kentucky-West Virginia Gas Co", "Status": "Operating", "Shape_Leng": 0.01649935226, "Shape__Length": 1866.8206586375723 }, "geometry": { "type": "LineString", "coordinates": [ [ -82.490759, 37.319671 ], [ -82.474735999999893, 37.315735000000103 ] ] } },
{ "type": "Feature", "properties": { "FID": 10602, "TYPEPIPE": "Intrastate", "Operator": "Kentucky-West Virginia Gas Co", "Status": "Operating", "Shape_Leng": 0.0059393609925699996, "Shape__Length": 665.29368850653941 }, "geometry": { "type": "LineString", "coordinates": [ [ -82.474735999999893, 37.315735000000103 ], [ -82.468861, 37.314863000000102 ] ] } },
{ "type": "Feature", "properties": { "FID": 10603, "TYPEPIPE": "Intrastate", "Operator": "Kentucky-West Virginia Gas Co", "Status": "Operating", "Shape_Leng": 0.0054130024939800002, "Shape__Length": 607.24409993046004 }, "geometry": { "type": "LineString", "coordinates": [ [ -82.468861, 37.314863000000102 ], [ -82.463521, 37.315749 ] ] } },
{ "type": "Feature", "properties": { "FID": 10604, "TYPEPIPE": "Intrastate", "Operator": "Kentucky-West Virginia Gas Co", "Status": "Operating", "Shape_Leng": 0.0029652362468599999, "Shape__Length": 409.27011464222954 }, "geometry": { "type": "LineString", "coordinates": [ [ -82.620344, 37.280996000000101 ], [ -82.621145, 37.283851 ] ] } },
{ "type": "Feature", "properties": { "FID": 10605, "TYPEPIPE": "Intrastate", "Operator": "Kentucky-West Virginia Gas Co", "Status": "Operating", "Shape_Leng": 0.0026763305102599998, "Shape__Length": 298.46397619230453 }, "geometry": { "type": "LineString", "coordinates": [ [ -82.621145, 37.283851 ], [ -82.623813, 37.284062 ] ] } },
{ "type": "Feature", "properties": { "FID": 10606, "TYPEPIPE": "Intrastate", "Operator": "Kentucky-West Virginia Gas Co", "Status": "Operating", "Shape_Leng": 0.0093205683303399997, "Shape__Length": 1196.2177297659466 }, "geometry": { "type": "LineString", "coordinates": [ [ -82.636888, 37.316332 ], [ -82.643025, 37.323347 ] ] } },
{ "type": "Feature", "properties": { "FID": 10607, "TYPEPIPE": "Intrastate", "Operator": "Kentucky-West Virginia Gas Co", "Status": "Operating", "Shape_Leng": 0.0045802344917800003, "Shape__Length": 621.26622235278182 }, "geometry": { "type": "LineString", "coordinates": [ [ -82.643025, 37.323347 ], [ -82.641157, 37.327529 ] ] } },
{ "type": "Feature", "properties": { "FID": 10608, "TYPEPIPE": "Intrastate", "Operator": "Kentucky-West Virginia Gas Co", "Status": "Operating", "Shape_Leng": 0.0034026025333699999, "Shape__Length": 430.49645458324636 }, "geometry": { "type": "LineString", "coordinates": [ [ -82.641157, 37.327529 ], [ -82.643559, 37.329939 ] ] } },
{ "type": "Feature", "properties": { "FID": 10609, "TYPEPIPE": "Intrastate", "Operator": "Kentucky-West Virginia Gas Co", "Status": "Operating", "Shape_Leng": 0.010252352169200001, "Shape__Length": 1394.5859121683006 }, "geometry": { "type": "LineString", "coordinates": [ [ -82.643559, 37.329939 ], [ -82.647560999999897, 37.339378000000103 ] ] } },
{ "type": "Feature", "properties": { "FID": 10610, "TYPEPIPE": "Intrastate", "Operator": "Kentucky-West Virginia Gas Co", "Status": "Operating", "Shape_Leng": 0.0066999477610100002, "Shape__Length": 833.45665418468616 }, "geometry": { "type": "LineString", "coordinates": [ [ -82.647560999999897, 37.339378000000103 ], [ -82.652631, 37.343758 ] ] } },
{ "type": "Feature", "properties": { "FID": 10611, "TYPEPIPE": "Intrastate", "Operator": "Kentucky-West Virginia Gas Co", "Status": "Operating", "Shape_Leng": 0.01719756381, "Shape__Length": 2060.3474025776991 }, "geometry": { "type": "LineString", "coordinates": [ [ -82.652631, 37.343758 ], [ -82.667306999999894, 37.352723 ] ] } },
{ "type": "Feature", "properties": { "FID": 10612, "TYPEPIPE": "Intrastate", "Operator": "Kentucky-West Virginia Gas Co", "Status": "Operating", "Shape_Leng": 0.00148657055002, "Shape__Length": 174.61877577129198 }, "geometry": { "type": "LineString", "coordinates": [ [ -82.667306999999894, 37.352723 ], [ -82.668641, 37.353379000000103 ] ] } },
{ "type": "Feature", "properties": { "FID": 10613, "TYPEPIPE": "Intrastate", "Operator": "Kentucky-West Virginia Gas Co", "Status": "Operating", "Shape_Leng": 0.0072478821734200003, "Shape__Length": 841.79769651345339 }, "geometry": { "type": "LineString", "coordinates": [ [ -82.66117, 37.252511 ], [ -82.66784, 37.255347 ] ] } },
{ "type": "Feature", "properties": { "FID": 10614, "TYPEPIPE": "Intrastate", "Operator": "Kentucky-West Virginia Gas Co", "Status": "Operating", "Shape_Leng": 0.0016948392254599999, "Shape__Length": 219.11384884744646 }, "geometry": { "type": "LineString", "coordinates": [ [ -82.66784, 37.255347 ], [ -82.668908, 37.256663000000103 ] ] } },
{ "type": "Feature", "properties": { "FID": 10615, "TYPEPIPE": "Intrastate", "Operator": "Kentucky-West Virginia Gas Co", "Status": "Operating", "Shape_Leng": 0.00057585848953300002, "Shape__Length": 66.708758827814151 }, "geometry": { "type": "LineString", "coordinates": [ [ -82.668908, 37.256663000000103 ], [ -82.669441, 37.256881 ] ] } },
{ "type": "Feature", "properties": { "FID": 10616, "TYPEPIPE": "Intrastate", "Operator": "Kentucky-West Virginia Gas Co", "Status": "Operating", "Shape_Leng": 0.00287998055548, "Shape__Length": 370.44869890090246 }, "geometry": { "type": "LineString", "coordinates": [ [ -82.669441, 37.256881 ], [ -82.671309, 37.2590730000001 ] ] } },
{ "type": "Feature", "properties": { "FID": 10617, "TYPEPIPE": "Intrastate", "Operator": "Kentucky-West Virginia Gas Co", "Status": "Operating", "Shape_Leng": 0.0067163717139699999, "Shape__Length": 921.8620566040164 }, "geometry": { "type": "LineString", "coordinates": [ [ -82.671309, 37.2590730000001 ], [ -82.673444, 37.265441000000102 ] ] } },
{ "type": "Feature", "properties": { "FID": 10618, "TYPEPIPE": "Intrastate", "Operator": "Kentucky-West Virginia Gas Co", "Status": "Operating", "Shape_Leng": 0.0051159367665900004, "Shape__Length": 712.40997861630751 }, "geometry": { "type": "LineString", "coordinates": [ [ -82.673444, 37.265441000000102 ], [ -82.674244, 37.270494 ] ] } },
{ "type": "Feature", "properties": { "FID": 10619, "TYPEPIPE": "Intrastate", "Operator": "Kentucky-West Virginia Gas Co", "Status": "Operating", "Shape_Leng": 0.0081352803270900009, "Shape__Length": 1115.9584723053274 }, "geometry": { "type": "LineString", "coordinates": [ [ -82.563509, 37.320083000000103 ], [ -82.56084, 37.312398 ] ] } },
{ "type": "Feature", "properties": { "FID": 10620, "TYPEPIPE": "Intrastate", "Operator": "Kentucky-West Virginia Gas Co", "Status": "Operating", "Shape_Leng": 0.0083882358097000006, "Shape__Length": 1172.0248803283976 }, "geometry": { "type": "LineString", "coordinates": [ [ -82.56084, 37.312398 ], [ -82.56004, 37.304048000000101 ] ] } },
{ "type": "Feature", "properties": { "FID": 10621, "TYPEPIPE": "Intrastate", "Operator": "Kentucky-West Virginia Gas Co", "Status": "Operating", "Shape_Leng": 0.0134392268379, "Shape__Length": 1648.5843837899793 }, "geometry": { "type": "LineString", "coordinates": [ [ -82.56004, 37.304048000000101 ], [ -82.570713, 37.295881000000101 ] ] } },
{ "type": "Feature", "properties": { "FID": 10622, "TYPEPIPE": "Intrastate", "Operator": "Kentucky-West Virginia Gas Co", "Status": "Operating", "Shape_Leng": 0.0016590437004400001, "Shape__Length": 188.33101320902881 }, "geometry": { "type": "LineString", "coordinates": [ [ -82.570713, 37.295881000000101 ], [ -82.572314, 37.296316 ] ] } },
{ "type": "Feature", "properties": { "FID": 10623, "TYPEPIPE": "Intrastate", "Operator": "Kentucky-West Virginia Gas Co", "Status": "Operating", "Shape_Leng": 0.0096147031675599993, "Shape__Length": 1070.8655625049753 }, "geometry": { "type": "LineString", "coordinates": [ [ -82.572314, 37.296316 ], [ -82.58192, 37.296725 ] ] } },
{ "type": "Feature", "properties": { "FID": 10624, "TYPEPIPE": "Intrastate", "Operator": "Kentucky-West Virginia Gas Co", "Status": "Operating", "Shape_Leng": 0.013084533923700001, "Shape__Length": 1691.2323774810179 }, "geometry": { "type": "LineString", "coordinates": [ [ -82.58192, 37.296725 ], [ -82.590192, 37.286587 ] ] } },
{ "type": "Feature", "properties": { "FID": 10625, "TYPEPIPE": "Intrastate", "Operator": "Kentucky-West Virginia Gas Co", "Status": "Operating", "Shape_Leng": 0.0123777882516, "Shape__Length": 1417.370060080314 }, "geometry": { "type": "LineString", "coordinates": [ [ -82.590192, 37.286587 ], [ -82.601933, 37.290506 ] ] } },
{ "type": "Feature", "properties": { "FID": 10626, "TYPEPIPE": "Intrastate", "Operator": "Kentucky-West Virginia Gas Co", "Status": "Operating", "Shape_Leng": 0.0067413741180900001, "Shape__Length": 801.33322913100108 }, "geometry": { "type": "LineString", "coordinates": [ [ -82.601933, 37.290506 ], [ -82.607803, 37.287191 ] ] } },
{ "type": "Feature", "properties": { "FID": 10627, "TYPEPIPE": "Intrastate", "Operator": "Kentucky-West Virginia Gas Co", "Status": "Operating", "Shape_Leng": 0.0051913732287300002, "Shape__Length": 585.59169037434697 }, "geometry": { "type": "LineString", "coordinates": [ [ -82.607803, 37.287191 ], [ -82.612873, 37.286075 ] ] } },
{ "type": "Feature", "properties": { "FID": 10628, "TYPEPIPE": "Intrastate", "Operator": "Kentucky-West Virginia Gas Co", "Status": "Operating", "Shape_Leng": 0.0087281256865200003, "Shape__Length": 1070.3109912020973 }, "geometry": { "type": "LineString", "coordinates": [ [ -82.612873, 37.286075 ], [ -82.61981, 37.280778 ] ] } },
{ "type": "Feature", "properties": { "FID": 10629, "TYPEPIPE": "Intrastate", "Operator": "Kentucky-West Virginia Gas Co", "Status": "Operating", "Shape_Leng": 0.0168782143605, "Shape__Length": 2216.4435515673531 }, "geometry": { "type": "LineString", "coordinates": [ [ -82.61981, 37.280778 ], [ -82.629416, 37.2669 ] ] } },
{ "type": "Feature", "properties": { "FID": 10630, "TYPEPIPE": "Intrastate", "Operator": "Kentucky-West Virginia Gas Co", "Status": "Operating", "Shape_Leng": 0.0047206763286799999, "Shape__Length": 536.98560948222269 }, "geometry": { "type": "LineString", "coordinates": [ [ -82.629416, 37.2669 ], [ -82.633953, 37.268204 ] ] } },
{ "type": "Feature", "properties": { "FID": 10631, "TYPEPIPE": "Intrastate", "Operator": "Kentucky-West Virginia Gas Co", "Status": "Operating", "Shape_Leng": 0.00140313256679, "Shape__Length": 160.48331587425534 }, "geometry": { "type": "LineString", "coordinates": [ [ -82.633953, 37.268204 ], [ -82.635287, 37.2686390000001 ] ] } },
{ "type": "Feature", "properties": { "FID": 10632, "TYPEPIPE": "Intrastate", "Operator": "Kentucky-West Virginia Gas Co", "Status": "Operating", "Shape_Leng": 0.0090185600846099997, "Shape__Length": 1017.4537517745497 }, "geometry": { "type": "LineString", "coordinates": [ [ -82.635287, 37.2686390000001 ], [ -82.644092, 37.27059 ] ] } },
{ "type": "Feature", "properties": { "FID": 10633, "TYPEPIPE": "Intrastate", "Operator": "Kentucky-West Virginia Gas Co", "Status": "Operating", "Shape_Leng": 0.0011914382065499999, "Shape__Length": 152.22731592342595 }, "geometry": { "type": "LineString", "coordinates": [ [ -82.644092, 37.27059 ], [ -82.644893, 37.269708 ] ] } },
{ "type": "Feature", "properties": { "FID": 10634, "TYPEPIPE": "Intrastate", "Operator": "Kentucky-West Virginia Gas Co", "Status": "Operating", "Shape_Leng": 0.00186800963595, "Shape__Length": 207.94650260888625 }, "geometry": { "type": "LineString", "coordinates": [ [ -82.644893, 37.269708 ], [ -82.646761, 37.269702 ] ] } },
{ "type": "Feature", "properties": { "FID": 10635, "TYPEPIPE": "Intrastate", "Operator": "Kentucky-West Virginia Gas Co", "Status": "Operating", "Shape_Leng": 0.00186941541663, "Shape__Length": 245.3878441973894 }, "geometry": { "type": "LineString", "coordinates": [ [ -82.646761, 37.269702 ], [ -82.647828, 37.271237 ] ] } },
{ "type": "Feature", "properties": { "FID": 10636, "TYPEPIPE": "Intrastate", "Operator": "Kentucky-West Virginia Gas Co", "Status": "Operating", "Shape_Leng": 0.0079299054219000003, "Shape__Length": 894.89237915201443 }, "geometry": { "type": "LineString", "coordinates": [ [ -82.647828, 37.271237 ], [ -82.655566, 37.272971 ] ] } },
{ "type": "Feature", "properties": { "FID": 10637, "TYPEPIPE": "Intrastate", "Operator": "Kentucky-West Virginia Gas Co", "Status": "Operating", "Shape_Leng": 0.0069422192416999998, "Shape__Length": 773.07621802789447 }, "geometry": { "type": "LineString", "coordinates": [ [ -82.655566, 37.272971 ], [ -82.662504, 37.272729 ] ] } },
{ "type": "Feature", "properties": { "FID": 10638, "TYPEPIPE": "Intrastate", "Operator": "Kentucky-West Virginia Gas Co", "Status": "Operating", "Shape_Leng": 0.0116135567765, "Shape__Length": 1301.7277706255334 }, "geometry": { "type": "LineString", "coordinates": [ [ -82.662504, 37.272729 ], [ -82.673978, 37.270934000000103 ] ] } },
{ "type": "Feature", "properties": { "FID": 10639, "TYPEPIPE": "Intrastate", "Operator": "Kentucky-West Virginia Gas Co", "Status": "Operating", "Shape_Leng": 0.0059382913367000004, "Shape__Length": 665.4102194075441 }, "geometry": { "type": "LineString", "coordinates": [ [ -82.673978, 37.270934000000103 ], [ -82.679847999999893, 37.270036 ] ] } },
{ "type": "Feature", "properties": { "FID": 10640, "TYPEPIPE": "Intrastate", "Operator": "Kentucky-West Virginia Gas Co", "Status": "Operating", "Shape_Leng": 0.014166570509499999, "Shape__Length": 1578.5971685636428 }, "geometry": { "type": "LineString", "coordinates": [ [ -82.679847999999893, 37.270036 ], [ -82.69399, 37.270870000000102 ] ] } },
{ "type": "Feature", "properties": { "FID": 10641, "TYPEPIPE": "Intrastate", "Operator": "Kentucky-West Virginia Gas Co", "Status": "Operating", "Shape_Leng": 0.018163609470600001, "Shape__Length": 2023.1625052130405 }, "geometry": { "type": "LineString", "coordinates": [ [ -82.69399, 37.270870000000102 ], [ -82.712135, 37.271692 ] ] } },
{ "type": "Feature", "properties": { "FID": 10642, "TYPEPIPE": "Intrastate", "Operator": "Kentucky-West Virginia Gas Co", "Status": "Operating", "Shape_Leng": 0.0073184971135100002, "Shape__Length": 881.51228496897977 }, "geometry": { "type": "LineString", "coordinates": [ [ -82.641257999999894, 37.343438 ], [ -82.64741, 37.339474000000102 ] ] } },
{ "type": "Feature", "properties": { "FID": 10643, "TYPEPIPE": "Intrastate", "Operator": "Kentucky-West Virginia Gas Co", "Status": "Operating", "Shape_Leng": 0.0082156685059799998, "Shape__Length": 1148.2430647001286 }, "geometry": { "type": "LineString", "coordinates": [ [ -82.508218999999897, 37.431578000000101 ], [ -82.509279, 37.439725000000102 ] ] } },
{ "type": "Feature", "properties": { "FID": 10644, "TYPEPIPE": "Intrastate", "Operator": "Kentucky-West Virginia Gas Co", "Status": "Operating", "Shape_Leng": 0.0053115087310100003, "Shape__Length": 743.33911039422878 }, "geometry": { "type": "LineString", "coordinates": [ [ -82.509279, 37.439725000000102 ], [ -82.509809, 37.44501 ] ] } },
{ "type": "Feature", "properties": { "FID": 10645, "TYPEPIPE": "Intrastate", "Operator": "Kentucky-West Virginia Gas Co", "Status": "Operating", "Shape_Leng": 0.0087483004635400003, "Shape__Length": 1196.0535391713397 }, "geometry": { "type": "LineString", "coordinates": [ [ -82.509809, 37.44501 ], [ -82.513004, 37.453154 ] ] } },
{ "type": "Feature", "properties": { "FID": 10646, "TYPEPIPE": "Intrastate", "Operator": "Kentucky-West Virginia Gas Co", "Status": "Operating", "Shape_Leng": 0.00495728000017, "Shape__Length": 656.96403044382305 }, "geometry": { "type": "LineString", "coordinates": [ [ -82.513004, 37.453154 ], [ -82.515669, 37.457334000000102 ] ] } },
{ "type": "Feature", "properties": { "FID": 10647, "TYPEPIPE": "Intrastate", "Operator": "Kentucky-West Virginia Gas Co", "Status": "Operating", "Shape_Leng": 0.0127229723728, "Shape__Length": 1698.6169558434899 }, "geometry": { "type": "LineString", "coordinates": [ [ -82.451907, 37.442041000000103 ], [ -82.458302, 37.45304 ] ] } },
{ "type": "Feature", "properties": { "FID": 10648, "TYPEPIPE": "Intrastate", "Operator": "Kentucky-West Virginia Gas Co", "Status": "Operating", "Shape_Leng": 0.023025644247200001, "Shape__Length": 3222.9065056214927 }, "geometry": { "type": "LineString", "coordinates": [ [ -82.458302, 37.45304 ], [ -82.460685, 37.475942 ] ] } },
{ "type": "Feature", "properties": { "FID": 10649, "TYPEPIPE": "Intrastate", "Operator": "Kentucky-West Virginia Gas Co", "Status": "Operating", "Shape_Leng": 0.0092168351401200003, "Shape__Length": 1283.1277046289968 }, "geometry": { "type": "LineString", "coordinates": [ [ -82.460685, 37.475942 ], [ -82.462546, 37.484969 ] ] } },
{ "type": "Feature", "properties": { "FID": 10650, "TYPEPIPE": "Intrastate", "Operator": "Kentucky-West Virginia Gas Co", "Status": "Operating", "Shape_Leng": 0.0056117937417500003, "Shape__Length": 770.87652382054682 }, "geometry": { "type": "LineString", "coordinates": [ [ -82.462546, 37.484969 ], [ -82.460673, 37.490259 ] ] } },
{ "type": "Feature", "properties": { "FID": 10651, "TYPEPIPE": "Intrastate", "Operator": "Kentucky-West Virginia Gas Co", "Status": "Operating", "Shape_Leng": 0.0027623584126799999, "Shape__Length": 370.48980186269597 }, "geometry": { "type": "LineString", "coordinates": [ [ -82.460673, 37.490259 ], [ -82.462005, 37.492679000000102 ] ] } },
{ "type": "Feature", "properties": { "FID": 10652, "TYPEPIPE": "Intrastate", "Operator": "Kentucky-West Virginia Gas Co", "Status": "Operating", "Shape_Leng": 0.0076038643464700004, "Shape__Length": 1060.8401877070269 }, "geometry": { "type": "LineString", "coordinates": [ [ -82.462005, 37.492679000000102 ], [ -82.463333, 37.500166 ] ] } },
{ "type": "Feature", "properties": { "FID": 10653, "TYPEPIPE": "Intrastate", "Operator": "Kentucky-West Virginia Gas Co", "Status": "Operating", "Shape_Leng": 0.011765801460200001, "Shape__Length": 1624.0884360239825 }, "geometry": { "type": "LineString", "coordinates": [ [ -82.463333, 37.500166 ], [ -82.459855, 37.5114060000001 ] ] } },
{ "type": "Feature", "properties": { "FID": 10654, "TYPEPIPE": "Intrastate", "Operator": "Kentucky-West Virginia Gas Co", "Status": "Operating", "Shape_Leng": 0.020932336252799999, "Shape__Length": 2937.6546902227415 }, "geometry": { "type": "LineString", "coordinates": [ [ -82.459855, 37.5114060000001 ], [ -82.46037, 37.532332 ] ] } },
{ "type": "Feature", "properties": { "FID": 10655, "TYPEPIPE": "Intrastate", "Operator": "Kentucky-West Virginia Gas Co", "Status": "Operating", "Shape_Leng": 0.0048470016504899996, "Shape__Length": 680.42449980475749 }, "geometry": { "type": "LineString", "coordinates": [ [ -82.46037, 37.532332 ], [ -82.460366, 37.537179 ] ] } },
{ "type": "Feature", "properties": { "FID": 10656, "TYPEPIPE": "Intrastate", "Operator": "Kentucky-West Virginia Gas Co", "Status": "Operating", "Shape_Leng": 0.0097875775348400008, "Shape__Length": 1369.3076539257943 }, "geometry": { "type": "LineString", "coordinates": [ [ -82.460366, 37.537179 ], [ -82.459023, 37.546874000000102 ] ] } },
{ "type": "Feature", "properties": { "FID": 10657, "TYPEPIPE": "Intrastate", "Operator": "Kentucky-West Virginia Gas Co", "Status": "Operating", "Shape_Leng": 0.0072252497534700004, "Shape__Length": 1005.2734234479518 }, "geometry": { "type": "LineString", "coordinates": [ [ -82.459023, 37.546874000000102 ], [ -82.460618, 37.553921 ] ] } },
{ "type": "Feature", "properties": { "FID": 10658, "TYPEPIPE": "Intrastate", "Operator": "Kentucky-West Virginia Gas Co", "Status": "Operating", "Shape_Leng": 0.0055280660271199997, "Shape__Length": 685.06087352756026 }, "geometry": { "type": "LineString", "coordinates": [ [ -82.460618, 37.553921 ], [ -82.464883, 37.557438 ] ] } },
{ "type": "Feature", "properties": { "FID": 10659, "TYPEPIPE": "Intrastate", "Operator": "Kentucky-West Virginia Gas Co", "Status": "Operating", "Shape_Leng": 0.00399940708105, "Shape__Length": 559.78218077781287 }, "geometry": { "type": "LineString", "coordinates": [ [ -82.464883, 37.557438 ], [ -82.465414, 37.561402000000101 ] ] } },
{ "type": "Feature", "properties": { "FID": 10660, "TYPEPIPE": "Intrastate", "Operator": "Kentucky-West Virginia Gas Co", "Status": "Operating", "Shape_Leng": 0.0097216266128800008, "Shape__Length": 1229.6068148894137 }, "geometry": { "type": "LineString", "coordinates": [ [ -82.465414, 37.561402000000101 ], [ -82.472344, 37.56822 ] ] } },
{ "type": "Feature", "properties": { "FID": 10661, "TYPEPIPE": "Intrastate", "Operator": "Kentucky-West Virginia Gas Co", "Status": "Operating", "Shape_Leng": 0.00533477084791, "Shape__Length": 713.68131687876291 }, "geometry": { "type": "LineString", "coordinates": [ [ -82.472344, 37.56822 ], [ -82.475008, 37.572842 ] ] } },
{ "type": "Feature", "properties": { "FID": 10662, "TYPEPIPE": "Intrastate", "Operator": "Kentucky-West Virginia Gas Co", "Status": "Operating", "Shape_Leng": 0.0031312171754799998, "Shape__Length": 437.39312978669528 }, "geometry": { "type": "LineString", "coordinates": [ [ -82.475008, 37.572842 ], [ -82.474472, 37.575927 ] ] } },
{ "type": "Feature", "properties": { "FID": 10663, "TYPEPIPE": "Intrastate", "Operator": "Kentucky-West Virginia Gas Co", "Status": "Operating", "Shape_Leng": 0.0069576117310999998, "Shape__Length": 896.90870698692333 }, "geometry": { "type": "LineString", "coordinates": [ [ -82.474472, 37.575927 ], [ -82.479003, 37.581207 ] ] } },
{ "type": "Feature", "properties": { "FID": 10664, "TYPEPIPE": "Intrastate", "Operator": "Kentucky-West Virginia Gas Co", "Status": "Operating", "Shape_Leng": 0.017033191891099999, "Shape__Length": 2007.2033287227603 }, "geometry": { "type": "LineString", "coordinates": [ [ -82.479003, 37.581207 ], [ -82.494204, 37.588892 ] ] } },
{ "type": "Feature", "properties": { "FID": 10665, "TYPEPIPE": "Intrastate", "Operator": "Kentucky-West Virginia Gas Co", "Status": "Operating", "Shape_Leng": 0.0132741038869, "Shape__Length": 1507.8867758035074 }, "geometry": { "type": "LineString", "coordinates": [ [ -82.494204, 37.588892 ], [ -82.507007, 37.592397 ] ] } },
{ "type": "Feature", "properties": { "FID": 10666, "TYPEPIPE": "Intrastate", "Operator": "Kentucky-West Virginia Gas Co", "Status": "Operating", "Shape_Leng": 0.0059132076743600003, "Shape__Length": 810.40981761431624 }, "geometry": { "type": "LineString", "coordinates": [ [ -82.587829999999897, 37.608357 ], [ -82.585689, 37.613869000000101 ] ] } },
{ "type": "Feature", "properties": { "FID": 10667, "TYPEPIPE": "Intrastate", "Operator": "Kentucky-West Virginia Gas Co", "Status": "Operating", "Shape_Leng": 0.0039793307225899997, "Shape__Length": 547.34285002512718 }, "geometry": { "type": "LineString", "coordinates": [ [ -82.585689, 37.613869000000101 ], [ -82.584352, 37.617617000000102 ] ] } },
{ "type": "Feature", "properties": { "FID": 10668, "TYPEPIPE": "Intrastate", "Operator": "Kentucky-West Virginia Gas Co", "Status": "Operating", "Shape_Leng": 0.0053987044742299997, "Shape__Length": 753.13895155107184 }, "geometry": { "type": "LineString", "coordinates": [ [ -82.584352, 37.617617000000102 ], [ -82.583279, 37.622908 ] ] } },
{ "type": "Feature", "properties": { "FID": 10669, "TYPEPIPE": "Intrastate", "Operator": "Kentucky-West Virginia Gas Co", "Status": "Operating", "Shape_Leng": 0.0070954527691900002, "Shape__Length": 994.96640164667065 }, "geometry": { "type": "LineString", "coordinates": [ [ -82.583279, 37.622908 ], [ -82.584072, 37.629959 ] ] } },
{ "type": "Feature", "properties": { "FID": 10670, "TYPEPIPE": "Intrastate", "Operator": "Kentucky-West Virginia Gas Co", "Status": "Operating", "Shape_Leng": 0.0055342447542800002, "Shape__Length": 776.6019927118399 }, "geometry": { "type": "LineString", "coordinates": [ [ -82.584072, 37.629959 ], [ -82.5846, 37.635468000000103 ] ] } },
{ "type": "Feature", "properties": { "FID": 10671, "TYPEPIPE": "Intrastate", "Operator": "Kentucky-West Virginia Gas Co", "Status": "Operating", "Shape_Leng": 0.0028650015706699998, "Shape__Length": 402.74258206353164 }, "geometry": { "type": "LineString", "coordinates": [ [ -82.5846, 37.635468000000103 ], [ -82.584597, 37.638333 ] ] } },
{ "type": "Feature", "properties": { "FID": 10672, "TYPEPIPE": "Intrastate", "Operator": "Kentucky-West Virginia Gas Co", "Status": "Operating", "Shape_Leng": 0.0092753614485000004, "Shape__Length": 1269.335117841953 }, "geometry": { "type": "LineString", "coordinates": [ [ -82.584597, 37.638333 ], [ -82.581119999999899, 37.646932 ] ] } },
{ "type": "Feature", "properties": { "FID": 10673, "TYPEPIPE": "Intrastate", "Operator": "Kentucky-West Virginia Gas Co", "Status": "Operating", "Shape_Leng": 0.019448258019700002, "Shape__Length": 2559.0374804155895 }, "geometry": { "type": "LineString", "coordinates": [ [ -82.581119999999899, 37.646932 ], [ -82.569898, 37.662816 ] ] } },
{ "type": "Feature", "properties": { "FID": 10674, "TYPEPIPE": "Intrastate", "Operator": "Kentucky-West Virginia Gas Co", "Status": "Operating", "Shape_Leng": 0.0020411175859899999, "Shape__Length": 263.11185305275319 }, "geometry": { "type": "LineString", "coordinates": [ [ -82.569898, 37.662816 ], [ -82.568563, 37.66436 ] ] } },
{ "type": "Feature", "properties": { "FID": 10675, "TYPEPIPE": "Intrastate", "Operator": "Kentucky-West Virginia Gas Co", "Status": "Operating", "Shape_Leng": 0.0063962865007800001, "Shape__Length": 899.24067207476151 }, "geometry": { "type": "LineString", "coordinates": [ [ -82.568563, 37.66436 ], [ -82.568823, 37.670751000000102 ] ] } },
{ "type": "Feature", "properties": { "FID": 10676, "TYPEPIPE": "Intrastate", "Operator": "Kentucky-West Virginia Gas Co", "Status": "Operating", "Shape_Leng": 0.0126174286208, "Shape__Length": 1543.9256544252717 }, "geometry": { "type": "LineString", "coordinates": [ [ -82.472681, 37.568076 ], [ -82.482837, 37.5605890000001 ] ] } },
{ "type": "Feature", "properties": { "FID": 10677, "TYPEPIPE": "Intrastate", "Operator": "Kentucky-West Virginia Gas Co", "Status": "Operating", "Shape_Leng": 0.0100307569505, "Shape__Length": 1287.2329056791209 }, "geometry": { "type": "LineString", "coordinates": [ [ -82.482837, 37.5605890000001 ], [ -82.489518, 37.553107 ] ] } },
{ "type": "Feature", "properties": { "FID": 10678, "TYPEPIPE": "Intrastate", "Operator": "Kentucky-West Virginia Gas Co", "Status": "Operating", "Shape_Leng": 0.0072152706117, "Shape__Length": 879.35730109501333 }, "geometry": { "type": "LineString", "coordinates": [ [ -82.489518, 37.553107 ], [ -82.495397, 37.548924 ] ] } },
{ "type": "Feature", "properties": { "FID": 10679, "TYPEPIPE": "Intrastate", "Operator": "Kentucky-West Virginia Gas Co", "Status": "Operating", "Shape_Leng": 0.0047625927812199997, "Shape__Length": 609.79011939860902 }, "geometry": { "type": "LineString", "coordinates": [ [ -82.495397, 37.548924 ], [ -82.498604, 37.5454030000001 ] ] } },
{ "type": "Feature", "properties": { "FID": 10680, "TYPEPIPE": "Intrastate", "Operator": "Kentucky-West Virginia Gas Co", "Status": "Operating", "Shape_Leng": 0.0069791571124399997, "Shape__Length": 826.77019790455245 }, "geometry": { "type": "LineString", "coordinates": [ [ -82.498604, 37.5454030000001 ], [ -82.504750999999899, 37.542098000000102 ] ] } },
{ "type": "Feature", "properties": { "FID": 10681, "TYPEPIPE": "Intrastate", "Operator": "Kentucky-West Virginia Gas Co", "Status": "Operating", "Shape_Leng": 0.0076852348045200001, "Shape__Length": 884.97548414094979 }, "geometry": { "type": "LineString", "coordinates": [ [ -82.504750999999899, 37.542098000000102 ], [ -82.511966, 37.539451 ] ] } },
{ "type": "Feature", "properties": { "FID": 10682, "TYPEPIPE": "Intrastate", "Operator": "Kentucky-West Virginia Gas Co", "Status": "Operating", "Shape_Leng": 0.016488161965500001, "Shape__Length": 2317.6560906567329 }, "geometry": { "type": "LineString", "coordinates": [ [ -82.492992, 37.627837 ], [ -82.492725, 37.644323 ] ] } },
{ "type": "Feature", "properties": { "FID": 10683, "TYPEPIPE": "Intrastate", "Operator": "Kentucky-West Virginia Gas Co", "Status": "Operating", "Shape_Leng": 0.038222557737500003, "Shape__Length": 4255.3468841993063 }, "geometry": { "type": "LineString", "coordinates": [ [ -82.421103, 37.547260000000101 ], [ -82.459318999999894, 37.546552 ] ] } },
{ "type": "Feature", "properties": { "FID": 10684, "TYPEPIPE": "Intrastate", "Operator": "Kentucky-West Virginia Gas Co", "Status": "Operating", "Shape_Leng": 0.015273971749399999, "Shape__Length": 1702.9689700090753 }, "geometry": { "type": "LineString", "coordinates": [ [ -82.462259, 37.492695 ], [ -82.477492, 37.491577 ] ] } },
{ "type": "Feature", "properties": { "FID": 10685, "TYPEPIPE": "Intrastate", "Operator": "Kentucky-West Virginia Gas Co", "Status": "Operating", "Shape_Leng": 0.0046464981437500004, "Shape__Length": 570.04229642448422 }, "geometry": { "type": "LineString", "coordinates": [ [ -82.613853, 37.429028000000102 ], [ -82.610154, 37.431840000000101 ] ] } },
{ "type": "Feature", "properties": { "FID": 10686, "TYPEPIPE": "Intrastate", "Operator": "Kentucky-West Virginia Gas Co", "Status": "Operating", "Shape_Leng": 0.0013814879659200001, "Shape__Length": 167.12500969559778 }, "geometry": { "type": "LineString", "coordinates": [ [ -82.668641, 37.353379000000103 ], [ -82.669788, 37.354149 ] ] } },
{ "type": "Feature", "properties": { "FID": 10687, "TYPEPIPE": "Intrastate", "Operator": "Kentucky-West Virginia Gas Co", "Status": "Operating", "Shape_Leng": 0.015545362556099999, "Shape__Length": 1742.9261047268653 }, "geometry": { "type": "LineString", "coordinates": [ [ -82.581119, 37.647153000000102 ], [ -82.596474999999899, 37.649572 ] ] } },
{ "type": "Feature", "properties": { "FID": 10688, "TYPEPIPE": "Intrastate", "Operator": "Kentucky-West Virginia Gas Co", "Status": "Operating", "Shape_Leng": 0.0032923195470799999, "Shape__Length": 416.33762521963467 }, "geometry": { "type": "LineString", "coordinates": [ [ -82.612541, 37.434412000000101 ], [ -82.610203, 37.432094 ] ] } },
{ "type": "Feature", "properties": { "FID": 10689, "TYPEPIPE": "Intrastate", "Operator": "Kentucky-West Virginia Gas Co", "Status": "Operating", "Shape_Leng": 0.011491846239799999, "Shape__Length": 1405.4287012459654 }, "geometry": { "type": "LineString", "coordinates": [ [ -82.712135, 37.271692 ], [ -82.721348, 37.278561 ] ] } },
{ "type": "Feature", "properties": { "FID": 10690, "TYPEPIPE": "Intrastate", "Operator": "Kentucky-West Virginia Gas Co", "Status": "Operating", "Shape_Leng": 0.010607561454000001, "Shape__Length": 1292.8214313919573 }, "geometry": { "type": "LineString", "coordinates": [ [ -82.652575999999897, 37.246293 ], [ -82.66117, 37.252511 ] ] } },
{ "type": "Feature", "properties": { "FID": 10691, "TYPEPIPE": "Intrastate", "Operator": "Kentucky-West Virginia Gas Co", "Status": "Operating", "Shape_Leng": 0.0071277107124, "Shape__Length": 904.9995456317655 }, "geometry": { "type": "LineString", "coordinates": [ [ -82.66117, 37.252511 ], [ -82.666106, 37.247369 ] ] } },
{ "type": "Feature", "properties": { "FID": 10692, "TYPEPIPE": "Intrastate", "Operator": "Kentucky-West Virginia Gas Co", "Status": "Operating", "Shape_Leng": 0.26266545412300002, "Shape__Length": 33880.572120522935 }, "geometry": { "type": "LineString", "coordinates": [ [ -82.713751, 38.073192 ], [ -82.719056, 38.067262 ], [ -82.724092, 38.060892 ], [ -82.727784, 38.052326 ], [ -82.729628, 38.047494 ], [ -82.730405, 38.042662 ], [ -82.731181, 38.037611 ], [ -82.734096, 38.033657 ], [ -82.734338, 38.028606 ], [ -82.734313, 38.023115 ], [ -82.731887, 38.017624 ], [ -82.725733, 38.013011 ], [ -82.724108, 38.00774 ], [ -82.719557, 38.003787000000102 ], [ -82.717141, 38.000272 ], [ -82.71471, 37.993683 ], [ -82.709357, 37.989291 ], [ -82.705614, 37.987094 ], [ -82.701070999999899, 37.984898 ], [ -82.69839, 37.981823 ], [ -82.696777999999895, 37.979187 ], [ -82.695704, 37.97765 ], [ -82.693563, 37.975893 ], [ -82.691955, 37.974136 ], [ -82.686882, 37.972598 ], [ -82.685009, 37.97128 ], [ -82.683655, 37.966668 ], [ -82.678838, 37.962934 ], [ -82.674828, 37.960738 ], [ -82.669759999999897, 37.960299 ], [ -82.66494, 37.955906 ], [ -82.655862, 37.95327 ], [ -82.645964, 37.946242 ], [ -82.648083, 37.943167000000102 ], [ -82.646992999999895, 37.938335 ], [ -82.644581, 37.935699 ], [ -82.641627, 37.931087 ], [ -82.640803, 37.926035 ], [ -82.63893, 37.924717 ], [ -82.637312, 37.920764 ], [ -82.635163, 37.91725 ], [ -82.631151, 37.914614 ], [ -82.626079, 37.913296000000102 ], [ -82.624206, 37.911978 ], [ -82.621528, 37.909562000000101 ], [ -82.616722, 37.908025000000102 ], [ -82.60628, 37.898800000000101 ], [ -82.60463, 37.888038 ], [ -82.604106, 37.884088 ] ] } },
{ "type": "Feature", "properties": { "FID": 10693, "TYPEPIPE": "Intrastate", "Operator": "Kentucky-West Virginia Gas Co", "Status": "Operating", "Shape_Leng": 0.097078446115700004, "Shape__Length": 11656.106845731676 }, "geometry": { "type": "LineString", "coordinates": [ [ -82.606763, 37.831372000000101 ], [ -82.603286, 37.829175 ], [ -82.585122, 37.822147 ], [ -82.580055, 37.821927000000102 ], [ -82.572257, 37.807871 ], [ -82.564514, 37.805455000000102 ], [ -82.547669, 37.795351 ], [ -82.53056, 37.785907000000101 ], [ -82.525753, 37.78437 ] ] } },
{ "type": "Feature", "properties": { "FID": 10694, "TYPEPIPE": "Intrastate", "Operator": "Kentucky-West Virginia Gas Co", "Status": "Operating", "Shape_Leng": 0.030173561579600001, "Shape__Length": 3414.5155368697674 }, "geometry": { "type": "LineString", "coordinates": [ [ -82.672672, 37.842573000000101 ], [ -82.657467999999895, 37.841255000000103 ], [ -82.64336, 37.846087 ] ] } },
{ "type": "Feature", "properties": { "FID": 10695, "TYPEPIPE": "Intrastate", "Operator": "Kentucky-West Virginia Gas Co", "Status": "Operating", "Shape_Leng": 0.071186532534700003, "Shape__Length": 9796.960825930033 }, "geometry": { "type": "LineString", "coordinates": [ [ -82.820101, 37.828764 ], [ -82.823575, 37.840629 ], [ -82.822774, 37.845026 ], [ -82.82705, 37.859528 ], [ -82.832662, 37.864137 ], [ -82.832127, 37.881942 ], [ -82.831058, 37.892934 ], [ -82.828653, 37.894915 ] ] } },
{ "type": "Feature", "properties": { "FID": 10696, "TYPEPIPE": "Intrastate", "Operator": "Kentucky-West Virginia Gas Co", "Status": "Operating", "Shape_Leng": 0.073878660914299996, "Shape__Length": 10328.794464334807 }, "geometry": { "type": "LineString", "coordinates": [ [ -82.803935, 37.739197 ], [ -82.808075, 37.754705000000101 ], [ -82.809144, 37.759759 ], [ -82.808342, 37.7661340000001 ], [ -82.810748, 37.776902 ], [ -82.811014999999898, 37.792727 ], [ -82.815291, 37.811625 ] ] } },
{ "type": "Feature", "properties": { "FID": 10697, "TYPEPIPE": "Intrastate", "Operator": "Kentucky-West Virginia Gas Co", "Status": "Operating", "Shape_Leng": 0.16005811057700001, "Shape__Length": 18684.624161273303 }, "geometry": { "type": "LineString", "coordinates": [ [ -82.939644, 37.676078000000103 ], [ -82.917696, 37.672233 ], [ -82.914217, 37.672691 ], [ -82.902172, 37.671433 ], [ -82.898692, 37.667934 ], [ -82.888521, 37.666667000000103 ], [ -82.885577, 37.665583 ], [ -82.882632999999899, 37.6634 ], [ -82.880223999999899, 37.657917 ], [ -82.876477, 37.652661000000101 ], [ -82.871659, 37.650267 ], [ -82.86122, 37.65054 ], [ -82.844893, 37.644249 ], [ -82.842216, 37.642944 ], [ -82.840342, 37.640536 ], [ -82.813040999999899, 37.639576 ], [ -82.796177999999898, 37.65219 ] ] } },
{ "type": "Feature", "properties": { "FID": 10698, "TYPEPIPE": "Intrastate", "Operator": "Kentucky-West Virginia Gas Co", "Status": "Operating", "Shape_Leng": 0.105502440758, "Shape__Length": 11911.28820686058 }, "geometry": { "type": "LineString", "coordinates": [ [ -82.895978, 37.5793180000001 ], [ -82.882650999999896, 37.578472 ], [ -82.864658, 37.574477000000101 ], [ -82.8589, 37.5773310000001 ], [ -82.839467, 37.579043 ], [ -82.83011, 37.576189 ], [ -82.822913, 37.5739060000001 ], [ -82.807798, 37.569911 ], [ -82.793109, 37.571844 ] ] } },
{ "type": "Feature", "properties": { "FID": 10699, "TYPEPIPE": "Intrastate", "Operator": "Kentucky-West Virginia Gas Co", "Status": "Operating", "Shape_Leng": 0.065142271807799995, "Shape__Length": 8401.877477737733 }, "geometry": { "type": "LineString", "coordinates": [ [ -82.433396, 37.625276 ], [ -82.436603, 37.616259 ], [ -82.439543, 37.613398000000103 ], [ -82.445957, 37.607235000000102 ], [ -82.458517, 37.59491 ], [ -82.474819, 37.5759860000001 ] ] } },
{ "type": "Feature", "properties": { "FID": 10700, "TYPEPIPE": "Intrastate", "Operator": "Kentucky-West Virginia Gas Co", "Status": "Operating", "Shape_Leng": 0.039282442520400002, "Shape__Length": 5320.7654250241576 }, "geometry": { "type": "LineString", "coordinates": [ [ -82.509027, 37.592648000000104 ], [ -82.506354, 37.59463 ], [ -82.502346, 37.601229 ], [ -82.497535, 37.6168410000001 ], [ -82.492992, 37.627837 ] ] } },
{ "type": "Feature", "properties": { "FID": 10701, "TYPEPIPE": "Intrastate", "Operator": "Kentucky-West Virginia Gas Co", "Status": "Operating", "Shape_Leng": 0.12384954297799999, "Shape__Length": 15039.673115548629 }, "geometry": { "type": "LineString", "coordinates": [ [ -82.792185, 37.296935 ], [ -82.803125, 37.2969000000001 ], [ -82.815399, 37.295542 ], [ -82.826072, 37.29353 ], [ -82.842349, 37.280509 ], [ -82.857559, 37.272108000000102 ], [ -82.873835, 37.264143 ], [ -82.873302, 37.252275 ], [ -82.879172, 37.246542 ], [ -82.882908, 37.241914000000101 ], [ -82.885576, 37.235091 ] ] } },
{ "type": "Feature", "properties": { "FID": 10702, "TYPEPIPE": "Intrastate", "Operator": "Kentucky-West Virginia Gas Co", "Status": "Operating", "Shape_Leng": 0.034707547462900001, "Shape__Length": 4706.0404053599714 }, "geometry": { "type": "LineString", "coordinates": [ [ -82.885576, 37.235091 ], [ -82.886034999999893, 37.2337190000001 ], [ -82.887711, 37.22871 ], [ -82.89198, 37.220564 ], [ -82.890913, 37.204521 ], [ -82.888244, 37.2040900000001 ] ] } },
{ "type": "Feature", "properties": { "FID": 10703, "TYPEPIPE": "Intrastate", "Operator": "Kentucky-West Virginia Gas Co", "Status": "Operating", "Shape_Leng": 0.059194971652200001, "Shape__Length": 7703.029246177075 }, "geometry": { "type": "LineString", "coordinates": [ [ -82.905769, 37.285732 ], [ -82.904432, 37.292547 ], [ -82.904432, 37.296284 ], [ -82.904967, 37.297602 ], [ -82.906572, 37.302436 ], [ -82.907374, 37.321338 ], [ -82.90363, 37.32508 ], [ -82.895874, 37.327288000000102 ], [ -82.886245, 37.328619000000103 ] ] } },
{ "type": "Feature", "properties": { "FID": 10704, "TYPEPIPE": "Intrastate", "Operator": "Kentucky-West Virginia Gas Co", "Status": "Operating", "Shape_Leng": 0.090428483667000001, "Shape__Length": 10134.928094065172 }, "geometry": { "type": "LineString", "coordinates": [ [ -82.884641, 37.328621 ], [ -82.883303, 37.328403 ], [ -82.880360999999894, 37.328407 ], [ -82.875547, 37.330171 ], [ -82.865919, 37.329744 ], [ -82.854953, 37.333495 ], [ -82.839709, 37.332635 ], [ -82.821254, 37.334417 ], [ -82.808951, 37.3337730000001 ], [ -82.795311, 37.33423 ] ] } },
{ "type": "Feature", "properties": { "FID": 10705, "TYPEPIPE": "Intrastate", "Operator": "Kentucky-West Virginia Gas Co", "Status": "Operating", "Shape_Leng": 0.13037582715900001, "Shape__Length": 16356.106707319377 }, "geometry": { "type": "LineString", "coordinates": [ [ -82.753494, 37.166712000000103 ], [ -82.730012, 37.167227 ], [ -82.721474, 37.175606000000101 ], [ -82.72014, 37.17583 ], [ -82.718805, 37.175835 ], [ -82.717471, 37.175839 ], [ -82.707598, 37.185322 ], [ -82.703328999999897, 37.187534 ], [ -82.702795, 37.188854 ], [ -82.701995, 37.189956 ], [ -82.701995, 37.1901760000001 ], [ -82.69986, 37.193699 ], [ -82.694256999999894, 37.199212 ], [ -82.694256999999894, 37.200531 ], [ -82.69399, 37.201851 ], [ -82.693723, 37.203171 ], [ -82.693456, 37.20449 ], [ -82.692656, 37.208669 ], [ -82.692389, 37.2099890000001 ], [ -82.692122, 37.211309 ], [ -82.691589, 37.212629 ], [ -82.686519, 37.220558 ], [ -82.680115, 37.226294 ], [ -82.679314, 37.2276150000001 ], [ -82.675312, 37.232683000000101 ], [ -82.668908, 37.2362210000001 ], [ -82.66704, 37.239963 ], [ -82.667306999999894, 37.2412810000001 ], [ -82.667306999999894, 37.246117 ] ] } },
{ "type": "Feature", "properties": { "FID": 10706, "TYPEPIPE": "Intrastate", "Operator": "Kentucky-West Virginia Gas Co", "Status": "Operating", "Shape_Leng": 0.029195802444, "Shape__Length": 3512.5118098829653 }, "geometry": { "type": "LineString", "coordinates": [ [ -82.560755, 37.245726 ], [ -82.558883, 37.24485 ], [ -82.558883, 37.2424320000001 ], [ -82.56022, 37.241331000000102 ], [ -82.56022, 37.241111 ], [ -82.569313, 37.234725 ], [ -82.573058, 37.236039 ], [ -82.575197, 37.236037000000103 ], [ -82.580279, 37.233832 ] ] } },
{ "type": "Feature", "properties": { "FID": 10707, "TYPEPIPE": "Intrastate", "Operator": "Kentucky-West Virginia Gas Co", "Status": "Operating", "Shape_Leng": 0.040312229336699999, "Shape__Length": 5363.0030169910087 }, "geometry": { "type": "LineString", "coordinates": [ [ -82.562708, 37.198752 ], [ -82.568045, 37.20423 ], [ -82.568578, 37.205547 ], [ -82.57098, 37.211694000000101 ], [ -82.571247, 37.213012 ], [ -82.571514, 37.214330000000103 ], [ -82.572581, 37.220042 ], [ -82.572848, 37.22136 ], [ -82.572848, 37.222679 ], [ -82.572848, 37.225976000000102 ], [ -82.573115, 37.227294 ], [ -82.574716, 37.229926 ], [ -82.57605, 37.230801 ], [ -82.576317, 37.23124 ], [ -82.579519, 37.232988 ] ] } },
{ "type": "Feature", "properties": { "FID": 10708, "TYPEPIPE": "Intrastate", "Operator": "Kentucky-West Virginia Gas Co", "Status": "Operating", "Shape_Leng": 0.065076949929600003, "Shape__Length": 8342.1246743554948 }, "geometry": { "type": "LineString", "coordinates": [ [ -82.579519, 37.232988 ], [ -82.584855, 37.236049 ], [ -82.586189, 37.236704 ], [ -82.591259, 37.239985 ], [ -82.592593, 37.241079 ], [ -82.59286, 37.241298 ], [ -82.596062, 37.250520000000101 ], [ -82.596596, 37.251837000000101 ], [ -82.598731, 37.2571060000001 ], [ -82.60887, 37.269163 ], [ -82.610204, 37.270258 ], [ -82.610471, 37.270477 ], [ -82.611538999999894, 37.271133 ], [ -82.614474, 37.2759590000001 ], [ -82.620344, 37.280996000000101 ] ] } },
{ "type": "Feature", "properties": { "FID": 10709, "TYPEPIPE": "Intrastate", "Operator": "Kentucky-West Virginia Gas Co", "Status": "Operating", "Shape_Leng": 0.061186487458899999, "Shape__Length": 8139.0650209661781 }, "geometry": { "type": "LineString", "coordinates": [ [ -82.452506, 37.265924 ], [ -82.454908, 37.270752000000101 ], [ -82.466915, 37.272912 ], [ -82.467182, 37.283462 ], [ -82.465314, 37.289622000000101 ], [ -82.466648, 37.295773 ], [ -82.466115, 37.301709000000102 ], [ -82.465847999999895, 37.3054470000001 ], [ -82.463446, 37.309411 ], [ -82.463713, 37.310729 ], [ -82.46398, 37.315344 ] ] } },
{ "type": "Feature", "properties": { "FID": 10710, "TYPEPIPE": "Intrastate", "Operator": "Kentucky-West Virginia Gas Co", "Status": "Operating", "Shape_Leng": 0.0290560882533, "Shape__Length": 3325.2346239209683 }, "geometry": { "type": "LineString", "coordinates": [ [ -82.425022, 37.260077 ], [ -82.441833, 37.260023 ], [ -82.447703, 37.262642 ], [ -82.452506, 37.265924 ] ] } },
{ "type": "Feature", "properties": { "FID": 10711, "TYPEPIPE": "Intrastate", "Operator": "Kentucky-West Virginia Gas Co", "Status": "Operating", "Shape_Leng": 0.065822372350800004, "Shape__Length": 7564.6776073301698 }, "geometry": { "type": "LineString", "coordinates": [ [ -82.463521, 37.315749 ], [ -82.460583, 37.317071 ], [ -82.453373, 37.317081 ], [ -82.45097, 37.314886000000101 ], [ -82.442691, 37.315336000000102 ], [ -82.438419, 37.311824000000101 ], [ -82.437084, 37.312046000000102 ], [ -82.4248, 37.311402 ], [ -82.401834, 37.302419 ] ] } },
{ "type": "Feature", "properties": { "FID": 10712, "TYPEPIPE": "Intrastate", "Operator": "Kentucky-West Virginia Gas Co", "Status": "Operating", "Shape_Leng": 0.026789322283800002, "Shape__Length": 3456.4458435640454 }, "geometry": { "type": "LineString", "coordinates": [ [ -82.478914, 37.339688 ], [ -82.48774, 37.334621 ], [ -82.490681999999893, 37.332859 ], [ -82.491484999999898, 37.327363 ], [ -82.490949999999899, 37.3260450000001 ], [ -82.490147, 37.319891 ] ] } },
{ "type": "Feature", "properties": { "FID": 10713, "TYPEPIPE": "Intrastate", "Operator": "Kentucky-West Virginia Gas Co", "Status": "Operating", "Shape_Leng": 0.072917191941099996, "Shape__Length": 8135.3370054219313 }, "geometry": { "type": "LineString", "coordinates": [ [ -82.563393, 37.320677 ], [ -82.531082, 37.317641 ], [ -82.517195, 37.317439 ], [ -82.508383, 37.3174500000001 ], [ -82.490759, 37.319671 ] ] } },
{ "type": "Feature", "properties": { "FID": 10714, "TYPEPIPE": "Intrastate", "Operator": "Kentucky-West Virginia Gas Co", "Status": "Operating", "Shape_Leng": 0.0358479417136, "Shape__Length": 4921.0469049833773 }, "geometry": { "type": "LineString", "coordinates": [ [ -82.565797, 37.354525 ], [ -82.564194, 37.346833000000103 ], [ -82.56366, 37.345515 ], [ -82.561791, 37.34288 ], [ -82.561791, 37.332989 ], [ -82.564996, 37.328149 ], [ -82.564728, 37.32683 ], [ -82.563393, 37.320677 ] ] } },
{ "type": "Feature", "properties": { "FID": 10715, "TYPEPIPE": "Intrastate", "Operator": "Kentucky-West Virginia Gas Co", "Status": "Operating", "Shape_Leng": 0.083795576989000004, "Shape__Length": 11243.788163980118 }, "geometry": { "type": "LineString", "coordinates": [ [ -82.530547, 37.427545000000102 ], [ -82.535087, 37.414131 ], [ -82.538559, 37.396982 ], [ -82.543098, 37.388404 ], [ -82.549507, 37.377185 ], [ -82.552712, 37.368169000000101 ], [ -82.55378, 37.363552 ], [ -82.556717, 37.360031 ], [ -82.565797, 37.354525 ] ] } },
{ "type": "Feature", "properties": { "FID": 10716, "TYPEPIPE": "Intrastate", "Operator": "Kentucky-West Virginia Gas Co", "Status": "Operating", "Shape_Leng": 0.087037347811199997, "Shape__Length": 10547.789929724937 }, "geometry": { "type": "LineString", "coordinates": [ [ -82.636621, 37.3158940000001 ], [ -82.625147, 37.324283 ], [ -82.616608, 37.3315640000001 ], [ -82.611005, 37.330922 ], [ -82.588057, 37.355174 ], [ -82.581119999999899, 37.355196 ], [ -82.579519, 37.354761000000103 ], [ -82.570446, 37.355669 ], [ -82.56591, 37.353925 ] ] } },
{ "type": "Feature", "properties": { "FID": 10717, "TYPEPIPE": "Intrastate", "Operator": "Kentucky-West Virginia Gas Co", "Status": "Operating", "Shape_Leng": 0.040484496522700003, "Shape__Length": 5486.2617703377673 }, "geometry": { "type": "LineString", "coordinates": [ [ -82.620932, 37.283896 ], [ -82.61906, 37.288734 ], [ -82.620664, 37.290051 ], [ -82.620664, 37.29137 ], [ -82.620664, 37.292689 ], [ -82.620664, 37.295986 ], [ -82.620397, 37.300602 ], [ -82.621734, 37.30148 ], [ -82.622002, 37.302798 ], [ -82.622269, 37.304117 ], [ -82.622804, 37.305435000000102 ], [ -82.623605999999896, 37.308072 ], [ -82.630292999999895, 37.320592 ] ] } },
{ "type": "Feature", "properties": { "FID": 10718, "TYPEPIPE": "Intrastate", "Operator": "Kentucky-West Virginia Gas Co", "Status": "Operating", "Shape_Leng": 0.035799310315100002, "Shape__Length": 4839.0219590438719 }, "geometry": { "type": "LineString", "coordinates": [ [ -82.623813, 37.284062 ], [ -82.627282, 37.295261 ], [ -82.627814999999899, 37.304052 ], [ -82.636888, 37.316332 ] ] } },
{ "type": "Feature", "properties": { "FID": 10719, "TYPEPIPE": "Intrastate", "Operator": "Kentucky-West Virginia Gas Co", "Status": "Operating", "Shape_Leng": 0.071245776105800004, "Shape__Length": 8920.4392101510239 }, "geometry": { "type": "LineString", "coordinates": [ [ -82.674244, 37.270494 ], [ -82.673978, 37.2803860000001 ], [ -82.677713, 37.283012 ], [ -82.678514, 37.284108000000103 ], [ -82.678246999999899, 37.288065000000103 ], [ -82.664372, 37.302177 ], [ -82.663037, 37.30328 ], [ -82.663037, 37.3035 ], [ -82.652364, 37.305513 ], [ -82.636621, 37.3158940000001 ] ] } },
{ "type": "Feature", "properties": { "FID": 10720, "TYPEPIPE": "Intrastate", "Operator": "Kentucky-West Virginia Gas Co", "Status": "Operating", "Shape_Leng": 0.029673115998500001, "Shape__Length": 4111.1447303505574 }, "geometry": { "type": "LineString", "coordinates": [ [ -82.697726, 37.378784000000103 ], [ -82.696391, 37.375051 ], [ -82.696925, 37.368895000000101 ], [ -82.697459, 37.364277000000101 ], [ -82.695591, 37.360546 ], [ -82.693723, 37.350002000000103 ] ] } },
{ "type": "Feature", "properties": { "FID": 10721, "TYPEPIPE": "Intrastate", "Operator": "Kentucky-West Virginia Gas Co", "Status": "Operating", "Shape_Leng": 0.0243381940485, "Shape__Length": 3342.6933507181466 }, "geometry": { "type": "LineString", "coordinates": [ [ -82.739838, 37.4107500000001 ], [ -82.736677, 37.400592000000103 ], [ -82.739357, 37.396838000000102 ], [ -82.738592, 37.387783 ] ] } },
{ "type": "Feature", "properties": { "FID": 10722, "TYPEPIPE": "Intrastate", "Operator": "Kentucky-West Virginia Gas Co", "Status": "Operating", "Shape_Leng": 0.034416045535600001, "Shape__Length": 4595.4694986691411 }, "geometry": { "type": "LineString", "coordinates": [ [ -82.738592, 37.387783 ], [ -82.741014, 37.381821 ], [ -82.737574999999893, 37.374533 ], [ -82.741361, 37.3604 ], [ -82.746421, 37.361946 ] ] } },
{ "type": "Feature", "properties": { "FID": 10723, "TYPEPIPE": "Intrastate", "Operator": "Kentucky-West Virginia Gas Co", "Status": "Operating", "Shape_Leng": 0.055845216357600001, "Shape__Length": 7491.7385853906471 }, "geometry": { "type": "LineString", "coordinates": [ [ -82.738191, 37.435663 ], [ -82.730441, 37.4261300000001 ], [ -82.725085, 37.413936 ], [ -82.721327, 37.4004130000001 ], [ -82.718117, 37.394649000000101 ], [ -82.712769, 37.386667 ] ] } },
{ "type": "Feature", "properties": { "FID": 10724, "TYPEPIPE": "Intrastate", "Operator": "Kentucky-West Virginia Gas Co", "Status": "Operating", "Shape_Leng": 0.021617838168399999, "Shape__Length": 2991.8906261513048 }, "geometry": { "type": "LineString", "coordinates": [ [ -82.741962999999899, 37.456503 ], [ -82.74194, 37.444309 ], [ -82.738191, 37.435663 ] ] } },
{ "type": "Feature", "properties": { "FID": 10725, "TYPEPIPE": "Intrastate", "Operator": "Kentucky-West Virginia Gas Co", "Status": "Operating", "Shape_Leng": 0.034638374922200003, "Shape__Length": 4259.5932402491817 }, "geometry": { "type": "LineString", "coordinates": [ [ -82.863749, 37.564973000000101 ], [ -82.859744, 37.561666000000102 ], [ -82.859471, 37.5587990000001 ], [ -82.8592, 37.556153000000101 ], [ -82.856796, 37.554169 ], [ -82.849594, 37.5524050000001 ], [ -82.843187, 37.5479950000001 ], [ -82.838382, 37.545129 ] ] } },
{ "type": "Feature", "properties": { "FID": 10726, "TYPEPIPE": "Intrastate", "Operator": "Kentucky-West Virginia Gas Co", "Status": "Operating", "Shape_Leng": 0.020402298689299998, "Shape__Length": 2834.6824732275413 }, "geometry": { "type": "LineString", "coordinates": [ [ -82.934826, 37.615656000000101 ], [ -82.935629, 37.611695 ], [ -82.935897, 37.606858 ], [ -82.935094, 37.604005 ], [ -82.934826, 37.59983 ], [ -82.932952999999898, 37.5958830000001 ] ] } },
{ "type": "Feature", "properties": { "FID": 10727, "TYPEPIPE": "Intrastate", "Operator": "Kentucky-West Virginia Gas Co", "Status": "Operating", "Shape_Leng": 0.051325848765699997, "Shape__Length": 6250.1186697509156 }, "geometry": { "type": "LineString", "coordinates": [ [ -82.7177, 37.648745 ], [ -82.731643, 37.653251 ], [ -82.739927, 37.656977 ], [ -82.744738, 37.658070000000102 ], [ -82.751686, 37.657622000000103 ], [ -82.751152, 37.6624580000001 ], [ -82.750083, 37.665317000000101 ], [ -82.747945, 37.672793 ] ] } },
{ "type": "Feature", "properties": { "FID": 10728, "TYPEPIPE": "Intrastate", "Operator": "Kentucky-West Virginia Gas Co", "Status": "Operating", "Shape_Leng": 0.054926583510099998, "Shape__Length": 6210.5390373298433 }, "geometry": { "type": "LineString", "coordinates": [ [ -82.664345, 37.652333 ], [ -82.679817, 37.6525350000001 ], [ -82.697691, 37.651192 ], [ -82.707029, 37.649418 ], [ -82.712361, 37.651836000000102 ], [ -82.7177, 37.648745 ] ] } },
{ "type": "Feature", "properties": { "FID": 10729, "TYPEPIPE": "Intrastate", "Operator": "Kentucky-West Virginia Gas Co", "Status": "Operating", "Shape_Leng": 0.027166293099699999, "Shape__Length": 3710.6970654943643 }, "geometry": { "type": "LineString", "coordinates": [ [ -82.7177, 37.648745 ], [ -82.719571, 37.644775 ], [ -82.720108, 37.642129 ], [ -82.72038, 37.637720000000101 ], [ -82.724385, 37.633748 ], [ -82.725459999999899, 37.627354 ], [ -82.725197, 37.623828 ] ] } },
{ "type": "Feature", "properties": { "FID": 10730, "TYPEPIPE": "Intrastate", "Operator": "Kentucky-West Virginia Gas Co", "Status": "Operating", "Shape_Leng": 0.124350747516, "Shape__Length": 13974.380066189773 }, "geometry": { "type": "LineString", "coordinates": [ [ -82.726051, 37.624412 ], [ -82.717219, 37.618303 ], [ -82.690988, 37.616898 ], [ -82.664757, 37.617031 ], [ -82.639329, 37.616721 ], [ -82.606763, 37.616043 ], [ -82.603961, 37.614696 ] ] } },
{ "type": "Feature", "properties": { "FID": 10731, "TYPEPIPE": "Intrastate", "Operator": "Kentucky-West Virginia Gas Co", "Status": "Operating", "Shape_Leng": 0.0173459182194, "Shape__Length": 2006.7097954074859 }, "geometry": { "type": "LineString", "coordinates": [ [ -82.587829999999897, 37.608357 ], [ -82.600363, 37.612966 ], [ -82.603961, 37.614696 ] ] } },
{ "type": "Feature", "properties": { "FID": 10732, "TYPEPIPE": "Intrastate", "Operator": "Kentucky-West Virginia Gas Co", "Status": "Operating", "Shape_Leng": 0.082958442383900002, "Shape__Length": 9368.1088232534821 }, "geometry": { "type": "LineString", "coordinates": [ [ -82.507007, 37.592397 ], [ -82.525411, 37.5972140000001 ], [ -82.539283, 37.599175000000102 ], [ -82.546752, 37.600045000000101 ], [ -82.552886, 37.602239 ], [ -82.557152, 37.604877 ], [ -82.587829999999897, 37.608357 ] ] } },
{ "type": "Feature", "properties": { "FID": 10733, "TYPEPIPE": "Intrastate", "Operator": "Kentucky-West Virginia Gas Co", "Status": "Operating", "Shape_Leng": 0.11753978824400001, "Shape__Length": 14136.727423232509 }, "geometry": { "type": "LineString", "coordinates": [ [ -83.260114, 37.081607 ], [ -83.2705, 37.075002 ], [ -83.274747, 37.065095 ], [ -83.269929, 37.055189 ], [ -83.2662, 37.05717 ], [ -83.237127, 37.051446 ], [ -83.221668, 37.054088 ], [ -83.209157, 37.065316000000102 ], [ -83.19584, 37.072801 ], [ -83.194233, 37.073641000000102 ] ] } },
{ "type": "Feature", "properties": { "FID": 10734, "TYPEPIPE": "Intrastate", "Operator": "Kentucky-West Virginia Gas Co", "Status": "Operating", "Shape_Leng": 0.067046287383299999, "Shape__Length": 8956.3789172429751 }, "geometry": { "type": "LineString", "coordinates": [ [ -83.297115, 37.2882910000001 ], [ -83.30618, 37.290054 ], [ -83.311513, 37.282122000000101 ], [ -83.315245, 37.274191 ], [ -83.317645, 37.268903000000101 ], [ -83.318711, 37.263395000000102 ], [ -83.316845, 37.255684 ], [ -83.316312, 37.246651 ], [ -83.314786, 37.235668 ] ] } },
{ "type": "Feature", "properties": { "FID": 10735, "TYPEPIPE": "Intrastate", "Operator": "Kentucky-West Virginia Gas Co", "Status": "Operating", "Shape_Leng": 0.072040515684399994, "Shape__Length": 8654.36358871634 }, "geometry": { "type": "LineString", "coordinates": [ [ -83.314786, 37.235668 ], [ -83.314445, 37.233211 ], [ -83.311513, 37.227924 ], [ -83.305913, 37.221755 ], [ -83.296847999999898, 37.216026 ], [ -83.289648999999898, 37.213603 ], [ -83.285116, 37.211179000000101 ], [ -83.274718, 37.205451 ], [ -83.26272, 37.200824 ], [ -83.255739, 37.200427 ] ] } },
{ "type": "Feature", "properties": { "FID": 10736, "TYPEPIPE": "Intrastate", "Operator": "Kentucky-West Virginia Gas Co", "Status": "Operating", "Shape_Leng": 0.0143438803961, "Shape__Length": 1613.2392100457023 }, "geometry": { "type": "LineString", "coordinates": [ [ -83.255739, 37.200427 ], [ -83.254988, 37.200384 ], [ -83.241656, 37.203028000000103 ] ] } },
{ "type": "Feature", "properties": { "FID": 10737, "TYPEPIPE": "Intrastate", "Operator": "Kentucky-West Virginia Gas Co", "Status": "Operating", "Shape_Leng": 0.064210410864199999, "Shape__Length": 8426.731625654751 }, "geometry": { "type": "LineString", "coordinates": [ [ -83.270858, 37.255136 ], [ -83.271434, 37.247345000000102 ], [ -83.261645, 37.24093 ], [ -83.262220999999897, 37.230848 ], [ -83.253008, 37.218475 ], [ -83.241656, 37.203028000000103 ] ] } },
{ "type": "Feature", "properties": { "FID": 10738, "TYPEPIPE": "Intrastate", "Operator": "Kentucky-West Virginia Gas Co", "Status": "Operating", "Shape_Leng": 0.021962453400900001, "Shape__Length": 2790.4809481617681 }, "geometry": { "type": "LineString", "coordinates": [ [ -83.241656, 37.203028000000103 ], [ -83.229975, 37.1937280000001 ], [ -83.227096, 37.187313000000103 ] ] } },
{ "type": "Feature", "properties": { "FID": 10739, "TYPEPIPE": "Intrastate", "Operator": "Kentucky-West Virginia Gas Co", "Status": "Operating", "Shape_Leng": 0.070912015116600002, "Shape__Length": 7995.4788730946648 }, "geometry": { "type": "LineString", "coordinates": [ [ -83.241656, 37.203028000000103 ], [ -83.232858, 37.205231 ], [ -83.21766, 37.209857 ], [ -83.206995, 37.21162 ], [ -83.195263, 37.210959000000102 ], [ -83.184865, 37.210518 ], [ -83.173132999999893, 37.209637 ], [ -83.1726, 37.208536 ] ] } },
{ "type": "Feature", "properties": { "FID": 10740, "TYPEPIPE": "Intrastate", "Operator": "Kentucky-West Virginia Gas Co", "Status": "Operating", "Shape_Leng": 0.10183198145, "Shape__Length": 13512.071973992441 }, "geometry": { "type": "LineString", "coordinates": [ [ -83.1726, 37.208536 ], [ -83.173428, 37.206431000000102 ], [ -83.177945, 37.197845 ], [ -83.173671, 37.193882 ], [ -83.173669, 37.192561 ], [ -83.174448, 37.181554 ], [ -83.172845999999893, 37.180233000000101 ], [ -83.17203, 37.1716470000001 ], [ -83.156818, 37.164382 ], [ -83.154141, 37.158659 ], [ -83.154139, 37.157338 ], [ -83.154133, 37.154256 ], [ -83.15786, 37.151173 ], [ -83.160759, 37.133341 ], [ -83.157274, 37.123435 ] ] } },
{ "type": "Feature", "properties": { "FID": 10741, "TYPEPIPE": "Intrastate", "Operator": "Kentucky-West Virginia Gas Co", "Status": "Operating", "Shape_Leng": 0.060633581230399997, "Shape__Length": 7311.8257608588629 }, "geometry": { "type": "LineString", "coordinates": [ [ -83.1726, 37.208536 ], [ -83.165933999999893, 37.212501 ], [ -83.157668999999899, 37.212061 ], [ -83.139538, 37.224399 ], [ -83.137139, 37.226381000000103 ], [ -83.136339, 37.234313 ], [ -83.125096, 37.237111 ] ] } },
{ "type": "Feature", "properties": { "FID": 10742, "TYPEPIPE": "Intrastate", "Operator": "Kentucky-West Virginia Gas Co", "Status": "Operating", "Shape_Leng": 0.0151953594573, "Shape__Length": 1927.3601162813486 }, "geometry": { "type": "LineString", "coordinates": [ [ -83.114209, 37.239821 ], [ -83.10701, 37.232771 ], [ -83.103652, 37.228907 ] ] } },
{ "type": "Feature", "properties": { "FID": 10743, "TYPEPIPE": "Intrastate", "Operator": "Kentucky-West Virginia Gas Co", "Status": "Operating", "Shape_Leng": 0.071648265701600003, "Shape__Length": 8921.4024728968579 }, "geometry": { "type": "LineString", "coordinates": [ [ -83.103652, 37.228906000000102 ], [ -83.099544, 37.224178000000101 ], [ -83.099011, 37.222856 ], [ -83.098211, 37.221975 ], [ -83.090745, 37.214925 ], [ -83.083813, 37.210739 ], [ -83.08088, 37.206553 ], [ -83.075814, 37.206553 ], [ -83.068882, 37.204129000000101 ], [ -83.06195, 37.199282 ], [ -83.056884, 37.193113 ], [ -83.051285, 37.1843000000001 ] ] } },
{ "type": "Feature", "properties": { "FID": 10744, "TYPEPIPE": "Intrastate", "Operator": "Kentucky-West Virginia Gas Co", "Status": "Operating", "Shape_Leng": 0.070855217713199997, "Shape__Length": 9107.973278344256 }, "geometry": { "type": "LineString", "coordinates": [ [ -83.063974, 37.133782000000103 ], [ -83.068793, 37.1439090000001 ], [ -83.077592, 37.144349 ], [ -83.078666999999896, 37.148532 ], [ -83.078402, 37.1498530000001 ], [ -83.077877999999899, 37.154696000000101 ], [ -83.074424, 37.16086 ], [ -83.064846, 37.171867 ], [ -83.051272, 37.184636 ] ] } },
{ "type": "Feature", "properties": { "FID": 10745, "TYPEPIPE": "Intrastate", "Operator": "Kentucky-West Virginia Gas Co", "Status": "Operating", "Shape_Leng": 0.023117634619800001, "Shape__Length": 2664.6425140076171 }, "geometry": { "type": "LineString", "coordinates": [ [ -82.979295, 37.164472 ], [ -82.969963, 37.159845 ], [ -82.957699, 37.15654 ] ] } },
{ "type": "Feature", "properties": { "FID": 10746, "TYPEPIPE": "Intrastate", "Operator": "Kentucky-West Virginia Gas Co", "Status": "Operating", "Shape_Leng": 0.073723337404299996, "Shape__Length": 9832.9132325881837 }, "geometry": { "type": "LineString", "coordinates": [ [ -82.979029, 37.164472 ], [ -82.980628, 37.162048 ], [ -82.981626, 37.154476 ], [ -82.990658999999894, 37.137304 ], [ -82.990919, 37.134002000000102 ], [ -82.990916, 37.132681 ], [ -82.993031, 37.122994 ], [ -82.992219, 37.116170000000103 ], [ -82.993015, 37.114189000000103 ], [ -83.005796, 37.105162 ], [ -83.007654, 37.10098 ] ] } },
{ "type": "Feature", "properties": { "FID": 10747, "TYPEPIPE": "Intrastate", "Operator": "Kentucky-West Virginia Gas Co", "Status": "Operating", "Shape_Leng": 0.028592496131000001, "Shape__Length": 3575.3328417047828 }, "geometry": { "type": "LineString", "coordinates": [ [ -83.007655, 37.1012 ], [ -82.997781, 37.096577 ], [ -82.996712, 37.095256 ], [ -82.993238, 37.0912930000001 ], [ -82.993491, 37.083808 ], [ -82.99029, 37.0833680000001 ] ] } },
{ "type": "Feature", "properties": { "FID": 10748, "TYPEPIPE": "Intrastate", "Operator": "Kentucky-West Virginia Gas Co", "Status": "Operating", "Shape_Leng": 0.093111168642999995, "Shape__Length": 10519.668195960623 }, "geometry": { "type": "LineString", "coordinates": [ [ -83.143362, 37.097898 ], [ -83.137753, 37.092614 ], [ -83.136418, 37.091733 ], [ -83.13615, 37.0912930000001 ], [ -83.134816999999899, 37.091073 ], [ -83.129480999999899, 37.089532 ], [ -83.115881, 37.088431 ], [ -83.094817, 37.088211000000101 ], [ -83.058557, 37.088651 ], [ -83.053187, 37.087969 ] ] } },
{ "type": "Feature", "properties": { "FID": 10749, "TYPEPIPE": "Intrastate", "Operator": "Kentucky-West Virginia Gas Co", "Status": "Operating", "Shape_Leng": 0.057297816920400001, "Shape__Length": 6753.9387577785956 }, "geometry": { "type": "LineString", "coordinates": [ [ -83.079014, 37.2695900000001 ], [ -83.075814, 37.264104 ], [ -83.072082, 37.261031000000102 ], [ -83.065416, 37.2586170000001 ], [ -83.048085, 37.252033 ], [ -83.037419999999898, 37.249838000000103 ], [ -83.028888, 37.2454490000001 ] ] } },
{ "type": "Feature", "properties": { "FID": 10750, "TYPEPIPE": "Intrastate", "Operator": "Kentucky-West Virginia Gas Co", "Status": "Operating", "Shape_Leng": 0.054480304161700001, "Shape__Length": 6390.8846084270499 }, "geometry": { "type": "LineString", "coordinates": [ [ -83.105943, 37.313484000000102 ], [ -83.096345, 37.314581 ], [ -83.086746, 37.305583 ], [ -83.073681, 37.300974 ], [ -83.069415, 37.297463 ], [ -83.057417, 37.294829 ] ] } },
{ "type": "Feature", "properties": { "FID": 10751, "TYPEPIPE": "Intrastate", "Operator": "Kentucky-West Virginia Gas Co", "Status": "Operating", "Shape_Leng": 0.063156692878599999, "Shape__Length": 7446.8691107425639 }, "geometry": { "type": "LineString", "coordinates": [ [ -83.057417, 37.294829 ], [ -83.041686, 37.294829 ], [ -83.029954, 37.305363 ], [ -83.001692, 37.319629 ] ] } },
{ "type": "Feature", "properties": { "FID": 10752, "TYPEPIPE": "Intrastate", "Operator": "Kentucky-West Virginia Gas Co", "Status": "Operating", "Shape_Leng": 0.085752606931099998, "Shape__Length": 11199.058614244997 }, "geometry": { "type": "LineString", "coordinates": [ [ -83.058484, 37.4301770000001 ], [ -83.077946999999895, 37.428194 ], [ -83.078214, 37.420483 ], [ -83.08168, 37.416517 ], [ -83.088517, 37.41369 ], [ -83.086478999999898, 37.4083660000001 ], [ -83.087279, 37.368267000000102 ] ] } },
{ "type": "Feature", "properties": { "FID": 10753, "TYPEPIPE": "Intrastate", "Operator": "Kentucky-West Virginia Gas Co", "Status": "Operating", "Shape_Leng": 0.066922725827600005, "Shape__Length": 9058.9594342211331 }, "geometry": { "type": "LineString", "coordinates": [ [ -82.886915, 37.39522 ], [ -82.883698, 37.397620000000103 ], [ -82.885341, 37.420551 ], [ -82.885617, 37.425623 ], [ -82.88963, 37.432899 ], [ -82.894184999999894, 37.444805 ], [ -82.894993999999897, 37.449656 ], [ -82.901937, 37.4551680000001 ] ] } },
{ "type": "Feature", "properties": { "FID": 10754, "TYPEPIPE": "Intrastate", "Operator": "Kentucky-West Virginia Gas Co", "Status": "Operating", "Shape_Leng": 0.0151177859768, "Shape__Length": 1888.0742880499165 }, "geometry": { "type": "LineString", "coordinates": [ [ -82.912317, 37.4454670000001 ], [ -82.911524, 37.449215 ], [ -82.908861, 37.450979000000103 ], [ -82.901937, 37.4551680000001 ] ] } },
{ "type": "Feature", "properties": { "FID": 10755, "TYPEPIPE": "Intrastate", "Operator": "Kentucky-West Virginia Gas Co", "Status": "Operating", "Shape_Leng": 0.017618879584400001, "Shape__Length": 2405.4971692367844 }, "geometry": { "type": "LineString", "coordinates": [ [ -82.901937, 37.4551680000001 ], [ -82.899811, 37.459137 ], [ -82.902495, 37.468398 ], [ -82.900901, 37.471485 ] ] } },
{ "type": "Feature", "properties": { "FID": 10756, "TYPEPIPE": "Intrastate", "Operator": "Kentucky-West Virginia Gas Co", "Status": "Operating", "Shape_Leng": 0.023919161794299999, "Shape__Length": 2780.3808421432341 }, "geometry": { "type": "LineString", "coordinates": [ [ -82.922776999999897, 37.47832 ], [ -82.911312, 37.47832 ], [ -82.900901, 37.471485 ] ] } },
{ "type": "Feature", "properties": { "FID": 10757, "TYPEPIPE": "Intrastate", "Operator": "Kentucky-West Virginia Gas Co", "Status": "Operating", "Shape_Leng": 0.059093018350100002, "Shape__Length": 7374.8973341353185 }, "geometry": { "type": "LineString", "coordinates": [ [ -82.830171, 37.502768000000103 ], [ -82.832044999999894, 37.4913290000001 ], [ -82.837666, 37.481409 ], [ -82.850246, 37.478707 ], [ -82.852655, 37.476936000000102 ], [ -82.856402, 37.472301000000101 ], [ -82.858276, 37.470753000000101 ], [ -82.861487999999895, 37.470957 ], [ -82.865235, 37.470938 ], [ -82.869785, 37.469156 ] ] } },
{ "type": "Feature", "properties": { "FID": 10758, "TYPEPIPE": "Intrastate", "Operator": "Kentucky-West Virginia Gas Co", "Status": "Operating", "Shape_Leng": 0.051879300971799998, "Shape__Length": 6572.1987876804014 }, "geometry": { "type": "LineString", "coordinates": [ [ -82.797517, 37.536345 ], [ -82.797517, 37.529311 ], [ -82.803673, 37.526862 ], [ -82.809294, 37.527053000000102 ], [ -82.819465, 37.519748 ], [ -82.830171, 37.502768000000103 ] ] } },
{ "type": "Feature", "properties": { "FID": 10759, "TYPEPIPE": "Intrastate", "Operator": "Kentucky-West Virginia Gas Co", "Status": "Operating", "Shape_Leng": 0.072835906739599998, "Shape__Length": 9655.8901599189758 }, "geometry": { "type": "LineString", "coordinates": [ [ -82.757236, 37.597782000000102 ], [ -82.76365, 37.586974 ], [ -82.774604, 37.571753000000101 ], [ -82.777174, 37.560188 ], [ -82.784133999999895, 37.550921000000102 ], [ -82.788951999999895, 37.544302000000101 ], [ -82.795247, 37.536672000000102 ] ] } },
{ "type": "Feature", "properties": { "FID": 10760, "TYPEPIPE": "Intrastate", "Operator": "Kentucky-West Virginia Gas Co", "Status": "Operating", "Shape_Leng": 0.047040889851099998, "Shape__Length": 6563.4235971671642 }, "geometry": { "type": "LineString", "coordinates": [ [ -82.793109, 37.571844 ], [ -82.795782, 37.580853 ], [ -82.796583999999896, 37.585248 ], [ -82.797385, 37.589423000000103 ], [ -82.795515, 37.594701 ], [ -82.794445999999894, 37.618002 ] ] } },
{ "type": "Feature", "properties": { "FID": 10761, "TYPEPIPE": "Intrastate", "Operator": "Kentucky-West Virginia Gas Co", "Status": "Operating", "Shape_Leng": 0.037180507622600001, "Shape__Length": 5224.7025949859217 }, "geometry": { "type": "LineString", "coordinates": [ [ -82.794445999999894, 37.618002 ], [ -82.795515, 37.6397610000001 ], [ -82.796049, 37.655147 ] ] } },
{ "type": "Feature", "properties": { "FID": 15632, "TYPEPIPE": "Interstate", "Operator": "Nora Transmission Co", "Status": "Operating", "Shape_Leng": 0.31052495480199999, "Shape__Length": 38050.520614656249 }, "geometry": { "type": "LineString", "coordinates": [ [ -82.333854, 37.02401 ], [ -82.393663, 37.058193000000102 ], [ -82.407627, 37.069339 ], [ -82.44604, 37.090207 ], [ -82.449687, 37.096924000000101 ], [ -82.453337, 37.103645 ], [ -82.467918999999895, 37.132761000000102 ], [ -82.471569, 37.139482 ], [ -82.471569, 37.146206 ], [ -82.471569, 37.163014 ], [ -82.475216, 37.169731 ], [ -82.497099, 37.183148000000102 ], [ -82.515331, 37.187608 ], [ -82.518976999999893, 37.189848 ], [ -82.562738, 37.198758 ] ] } },
{ "type": "Feature", "properties": { "FID": 21059, "TYPEPIPE": "Intrastate", "Operator": "Tengasco Gas Co", "Status": "Operating", "Shape_Leng": 0.46246900267800001, "Shape__Length": 53560.226389325129 }, "geometry": { "type": "LineString", "coordinates": [ [ -83.002484, 36.416149 ], [ -82.982491, 36.416636 ], [ -82.951447, 36.4277990000001 ], [ -82.924054, 36.43765 ], [ -82.891562, 36.4493340000001 ], [ -82.861486, 36.470186 ], [ -82.839628, 36.492914 ], [ -82.816869999999895, 36.504187000000101 ], [ -82.789734999999894, 36.516164000000103 ], [ -82.766566, 36.517785000000103 ], [ -82.739069, 36.521113 ], [ -82.716303, 36.530385 ], [ -82.696789, 36.5410830000001 ], [ -82.657466, 36.547264 ], [ -82.652439, 36.544649 ], [ -82.623424, 36.545755 ], [ -82.614299, 36.548215 ], [ -82.595672, 36.551543 ], [ -82.578822, 36.537379 ] ] } },
{ "type": "Feature", "properties": { "FID": 21061, "TYPEPIPE": "Interstate", "Operator": "Tennessee Gas Pipeline", "Status": "Operating", "Shape_Leng": 0.33385632756700001, "Shape__Length": 43157.620189492387 }, "geometry": { "type": "LineString", "coordinates": [ [ -82.6502, 38.849 ], [ -82.615113, 38.875226 ], [ -82.5923, 38.89138 ], [ -82.423296, 39.091712 ] ] } },
{ "type": "Feature", "properties": { "FID": 21062, "TYPEPIPE": "Interstate", "Operator": "Tennessee Gas Pipeline", "Status": "Operating", "Shape_Leng": 0.031414283534700001, "Shape__Length": 4010.852914113947 }, "geometry": { "type": "LineString", "coordinates": [ [ -82.932952999999898, 38.582974 ], [ -82.910634, 38.605081 ] ] } },
{ "type": "Feature", "properties": { "FID": 21063, "TYPEPIPE": "Interstate", "Operator": "Tennessee Gas Pipeline", "Status": "Operating", "Shape_Leng": 0.25411248705, "Shape__Length": 32489.767196945566 }, "geometry": { "type": "LineString", "coordinates": [ [ -82.85739, 38.651999 ], [ -82.855638999999897, 38.653766 ], [ -82.67695, 38.830925 ] ] } },
{ "type": "Feature", "properties": { "FID": 21064, "TYPEPIPE": "Interstate", "Operator": "Tennessee Gas Pipeline", "Status": "Operating", "Shape_Leng": 0.101626827782, "Shape__Length": 12190.959087037738 }, "geometry": { "type": "LineString", "coordinates": [ [ -83.020743, 38.531779 ], [ -82.932952999999898, 38.582974 ] ] } },
{ "type": "Feature", "properties": { "FID": 21065, "TYPEPIPE": "Interstate", "Operator": "Tennessee Gas Pipeline", "Status": "Operating", "Shape_Leng": 0.32594189224300002, "Shape__Length": 39173.234951826176 }, "geometry": { "type": "LineString", "coordinates": [ [ -83.300477999999899, 38.365111 ], [ -83.104068, 38.474363 ], [ -83.020743, 38.531779 ] ] } },
{ "type": "Feature", "properties": { "FID": 21066, "TYPEPIPE": "Interstate", "Operator": "Tennessee Gas Pipeline", "Status": "Operating", "Shape_Leng": 0.174074799064, "Shape__Length": 23877.805309204577 }, "geometry": { "type": "LineString", "coordinates": [ [ -83.37184, 38.2063360000001 ], [ -83.300477999999899, 38.365111 ] ] } },
{ "type": "Feature", "properties": { "FID": 21067, "TYPEPIPE": "Interstate", "Operator": "Tennessee Gas Pipeline", "Status": "Operating", "Shape_Leng": 0.19489541745300001, "Shape__Length": 21868.608051327399 }, "geometry": { "type": "LineString", "coordinates": [ [ -81.268368, 38.404496 ], [ -81.075968, 38.435584 ] ] } },
{ "type": "Feature", "properties": { "FID": 21068, "TYPEPIPE": "Interstate", "Operator": "Tennessee Gas Pipeline", "Status": "Operating", "Shape_Leng": 0.065480192088900005, "Shape__Length": 7359.2529898942348 }, "geometry": { "type": "LineString", "coordinates": [ [ -81.332834, 38.393016 ], [ -81.268368, 38.404496 ] ] } },
{ "type": "Feature", "properties": { "FID": 21069, "TYPEPIPE": "Interstate", "Operator": "Tennessee Gas Pipeline", "Status": "Operating", "Shape_Leng": 0.138531544422, "Shape__Length": 16324.57495273152 }, "geometry": { "type": "LineString", "coordinates": [ [ -83.496127999999899, 38.145152 ], [ -83.37184, 38.2063360000001 ] ] } },
{ "type": "Feature", "properties": { "FID": 21070, "TYPEPIPE": "Interstate", "Operator": "Tennessee Gas Pipeline", "Status": "Operating", "Shape_Leng": 0.301660264324, "Shape__Length": 33710.557916487938 }, "geometry": { "type": "LineString", "coordinates": [ [ -83.08992, 38.253696 ], [ -82.790143999999898, 38.28736 ] ] } },
{ "type": "Feature", "properties": { "FID": 21071, "TYPEPIPE": "Interstate", "Operator": "Tennessee Gas Pipeline", "Status": "Operating", "Shape_Leng": 0.0148521897712, "Shape__Length": 1660.1178600241103 }, "geometry": { "type": "LineString", "coordinates": [ [ -82.583392, 38.296448 ], [ -82.568638, 38.298153 ] ] } },
{ "type": "Feature", "properties": { "FID": 21072, "TYPEPIPE": "Interstate", "Operator": "Tennessee Gas Pipeline", "Status": "Operating", "Shape_Leng": 0.14988354706900001, "Shape__Length": 16694.981601260039 }, "geometry": { "type": "LineString", "coordinates": [ [ -82.790143999999898, 38.28736 ], [ -82.640405, 38.293941000000103 ] ] } },
{ "type": "Feature", "properties": { "FID": 21073, "TYPEPIPE": "Interstate", "Operator": "Tennessee Gas Pipeline", "Status": "Operating", "Shape_Leng": 0.228583846428, "Shape__Length": 25488.631737506865 }, "geometry": { "type": "LineString", "coordinates": [ [ -82.264704, 38.333696 ], [ -82.036736, 38.350464 ] ] } },
{ "type": "Feature", "properties": { "FID": 21074, "TYPEPIPE": "Interstate", "Operator": "Tennessee Gas Pipeline", "Status": "Operating", "Shape_Leng": 0.129566162496, "Shape__Length": 14434.252038119985 }, "geometry": { "type": "LineString", "coordinates": [ [ -82.036736, 38.350464 ], [ -81.907327999999893, 38.356864 ] ] } },
{ "type": "Feature", "properties": { "FID": 21075, "TYPEPIPE": "Interstate", "Operator": "Tennessee Gas Pipeline", "Status": "Operating", "Shape_Leng": 0.34920654472700002, "Shape__Length": 38875.066135865454 }, "geometry": { "type": "LineString", "coordinates": [ [ -81.907327999999893, 38.356864 ], [ -81.558144, 38.352896 ] ] } },
{ "type": "Feature", "properties": { "FID": 21076, "TYPEPIPE": "Interstate", "Operator": "Tennessee Gas Pipeline", "Status": "Operating", "Shape_Leng": 0.28587034823500002, "Shape__Length": 32092.813738386871 }, "geometry": { "type": "LineString", "coordinates": [ [ -83.37184, 38.2063360000001 ], [ -83.08992, 38.253696 ] ] } },
{ "type": "Feature", "properties": { "FID": 21077, "TYPEPIPE": "Interstate", "Operator": "Tennessee Gas Pipeline", "Status": "Operating", "Shape_Leng": 0.055898715262500002, "Shape__Length": 6588.3039089977074 }, "geometry": { "type": "LineString", "coordinates": [ [ -83.546239999999898, 38.120384000000101 ], [ -83.496127999999899, 38.145152 ] ] } },
{ "type": "Feature", "properties": { "FID": 21078, "TYPEPIPE": "Interstate", "Operator": "Tennessee Gas Pipeline", "Status": "Operating", "Shape_Leng": 0.24673016840299999, "Shape__Length": 28882.276598881632 }, "geometry": { "type": "LineString", "coordinates": [ [ -83.770688, 38.017920000000103 ], [ -83.546239999999898, 38.120384000000101 ] ] } },
{ "type": "Feature", "properties": { "FID": 21164, "TYPEPIPE": "Interstate", "Operator": "Tennessee Gas Pipeline", "Status": "Operating", "Shape_Leng": 0.13408853815300001, "Shape__Length": 18711.276600222995 }, "geometry": { "type": "LineString", "coordinates": [ [ -81.979647999999898, 39.338752 ], [ -81.927167999999895, 39.462144000000102 ] ] } },
{ "type": "Feature", "properties": { "FID": 21165, "TYPEPIPE": "Interstate", "Operator": "Tennessee Gas Pipeline", "Status": "Operating", "Shape_Leng": 0.301159818834, "Shape__Length": 34682.032731053725 }, "geometry": { "type": "LineString", "coordinates": [ [ -82.264576, 39.241216000000101 ], [ -81.979647999999898, 39.338752 ] ] } },
{ "type": "Feature", "properties": { "FID": 21166, "TYPEPIPE": "Interstate", "Operator": "Tennessee Gas Pipeline", "Status": "Operating", "Shape_Leng": 0.059700714903600002, "Shape__Length": 7538.7298488707875 }, "geometry": { "type": "LineString", "coordinates": [ [ -82.309632, 39.202048 ], [ -82.264576, 39.241216000000101 ] ] } },
{ "type": "Feature", "properties": { "FID": 21167, "TYPEPIPE": "Interstate", "Operator": "Tennessee Gas Pipeline", "Status": "Operating", "Shape_Leng": 0.15840939931699999, "Shape__Length": 20271.386300225695 }, "geometry": { "type": "LineString", "coordinates": [ [ -82.423296, 39.091712 ], [ -82.309632, 39.202048 ] ] } },
{ "type": "Feature", "properties": { "FID": 21234, "TYPEPIPE": "Interstate", "Operator": "Tennessee Gas Pipeline", "Status": "Operating", "Shape_Leng": 0.029860234459899999, "Shape__Length": 3326.0534737182397 }, "geometry": { "type": "LineString", "coordinates": [ [ -82.640405, 38.293941000000103 ], [ -82.610574, 38.295262 ] ] } },
{ "type": "Feature", "properties": { "FID": 21275, "TYPEPIPE": "Interstate", "Operator": "Tennessee Gas Pipeline", "Status": "Operating", "Shape_Leng": 0.027207861364, "Shape__Length": 3030.5589335031873 }, "geometry": { "type": "LineString", "coordinates": [ [ -82.610574, 38.295262 ], [ -82.583392, 38.296448 ] ] } },
{ "type": "Feature", "properties": { "FID": 21276, "TYPEPIPE": "Interstate", "Operator": "Tennessee Gas Pipeline", "Status": "Operating", "Shape_Leng": 0.070512094310200002, "Shape__Length": 7924.7169347671434 }, "geometry": { "type": "LineString", "coordinates": [ [ -81.402254, 38.380654 ], [ -81.332834, 38.393016 ] ] } },
{ "type": "Feature", "properties": { "FID": 21277, "TYPEPIPE": "Interstate", "Operator": "Tennessee Gas Pipeline", "Status": "Operating", "Shape_Leng": 0.15834203063, "Shape__Length": 17795.48463593741 }, "geometry": { "type": "LineString", "coordinates": [ [ -81.558144, 38.352896 ], [ -81.402254, 38.380654 ] ] } },
{ "type": "Feature", "properties": { "FID": 21278, "TYPEPIPE": "Interstate", "Operator": "Tennessee Gas Pipeline", "Status": "Operating", "Shape_Leng": 0.070966345967700004, "Shape__Length": 8934.6668028554905 }, "geometry": { "type": "LineString", "coordinates": [ [ -82.910634, 38.605081 ], [ -82.85739, 38.651999 ] ] } },
{ "type": "Feature", "properties": { "FID": 21297, "TYPEPIPE": "Interstate", "Operator": "Tennessee Gas Pipeline", "Status": "Operating", "Shape_Leng": 0.032284177626199999, "Shape__Length": 3942.1417597120285 }, "geometry": { "type": "LineString", "coordinates": [ [ -82.67695, 38.830925 ], [ -82.6502, 38.849 ] ] } },
{ "type": "Feature", "properties": { "FID": 21657, "TYPEPIPE": "Interstate", "Operator": "Tennessee Gas Pipeline", "Status": "Operating", "Shape_Leng": 0.30600519800300002, "Shape__Length": 34207.524388523336 }, "geometry": { "type": "LineString", "coordinates": [ [ -82.568638, 38.298153 ], [ -82.264704, 38.333696 ] ] } },
{ "type": "Feature", "properties": { "FID": 21949, "TYPEPIPE": "Interstate", "Operator": "Tennessee Gas Pipeline", "Status": "Operating", "Shape_Leng": 0.41051481266000001, "Shape__Length": 52353.140699161748 }, "geometry": { "type": "LineString", "coordinates": [ [ -82.932952999999898, 38.582974 ], [ -82.64152, 38.293856 ] ] } },
{ "type": "Feature", "properties": { "FID": 25059, "TYPEPIPE": "Interstate", "Operator": "Texas Eastern Trans Co", "Status": "Operating", "Shape_Leng": 0.17887892437799999, "Shape__Length": 22440.601291417061 }, "geometry": { "type": "LineString", "coordinates": [ [ -82.864963, 38.670928000000103 ], [ -82.864377, 38.671226 ], [ -82.859392, 38.675474000000101 ], [ -82.829052, 38.701325 ], [ -82.728721, 38.786813000000102 ] ] } },
{ "type": "Feature", "properties": { "FID": 25060, "TYPEPIPE": "Interstate", "Operator": "Texas Eastern Trans Co", "Status": "Operating", "Shape_Leng": 0.068015476069800004, "Shape__Length": 8539.5968240585917 }, "geometry": { "type": "LineString", "coordinates": [ [ -82.728721, 38.786813000000102 ], [ -82.67695, 38.830925 ] ] } },
{ "type": "Feature", "properties": { "FID": 25061, "TYPEPIPE": "Interstate", "Operator": "Texas Eastern Trans Co", "Status": "Operating", "Shape_Leng": 0.082595544480300001, "Shape__Length": 10056.334098325851 }, "geometry": { "type": "LineString", "coordinates": [ [ -82.15424, 39.200256 ], [ -82.084868, 39.245084 ] ] } },
{ "type": "Feature", "properties": { "FID": 25062, "TYPEPIPE": "Interstate", "Operator": "Texas Eastern Trans Co", "Status": "Operating", "Shape_Leng": 0.29369282927700002, "Shape__Length": 37640.746670138709 }, "geometry": { "type": "LineString", "coordinates": [ [ -82.084868, 39.245084 ], [ -81.873955, 39.449464 ] ] } },
{ "type": "Feature", "properties": { "FID": 25106, "TYPEPIPE": "Interstate", "Operator": "Texas Eastern Trans Co", "Status": "Operating", "Shape_Leng": 0.27615791609899998, "Shape__Length": 32527.091244026982 }, "geometry": { "type": "LineString", "coordinates": [ [ -83.70816, 38.2530560000001 ], [ -83.45984, 38.3738880000001 ] ] } },
{ "type": "Feature", "properties": { "FID": 25132, "TYPEPIPE": "Interstate", "Operator": "Texas Eastern Trans Co", "Status": "Operating", "Shape_Leng": 0.448802276497, "Shape__Length": 54917.146435905168 }, "geometry": { "type": "LineString", "coordinates": [ [ -81.873955, 39.449464 ], [ -81.803742, 39.493366 ], [ -81.722442999999899, 39.547182 ], [ -81.681794, 39.588252 ], [ -81.583865, 39.643485 ], [ -81.500718, 39.695884 ] ] } },
{ "type": "Feature", "properties": { "FID": 25133, "TYPEPIPE": "Interstate", "Operator": "Texas Eastern Trans Co", "Status": "Operating", "Shape_Leng": 0.176674315507, "Shape__Length": 20855.847455911025 }, "geometry": { "type": "LineString", "coordinates": [ [ -82.313472, 39.123712 ], [ -82.15424, 39.200256 ] ] } },
{ "type": "Feature", "properties": { "FID": 25134, "TYPEPIPE": "Interstate", "Operator": "Texas Eastern Trans Co", "Status": "Operating", "Shape_Leng": 0.154392621585, "Shape__Length": 19487.493378711068 }, "geometry": { "type": "LineString", "coordinates": [ [ -82.429696, 39.022080000000102 ], [ -82.313472, 39.123712 ] ] } },
{ "type": "Feature", "properties": { "FID": 25135, "TYPEPIPE": "Interstate", "Operator": "Texas Eastern Trans Co", "Status": "Operating", "Shape_Leng": 0.28268822458699999, "Shape__Length": 35056.625698959899 }, "geometry": { "type": "LineString", "coordinates": [ [ -82.654208, 38.850304 ], [ -82.429696, 39.022080000000102 ] ] } },
{ "type": "Feature", "properties": { "FID": 25136, "TYPEPIPE": "Interstate", "Operator": "Texas Eastern Trans Co", "Status": "Operating", "Shape_Leng": 0.360798377841, "Shape__Length": 42918.197109893605 }, "geometry": { "type": "LineString", "coordinates": [ [ -83.182848, 38.5011200000001 ], [ -82.878542, 38.659522 ], [ -82.864963, 38.670928000000103 ] ] } },
{ "type": "Feature", "properties": { "FID": 25137, "TYPEPIPE": "Interstate", "Operator": "Texas Eastern Trans Co", "Status": "Operating", "Shape_Leng": 0.30481559981099998, "Shape__Length": 35745.386013617295 }, "geometry": { "type": "LineString", "coordinates": [ [ -83.45984, 38.3738880000001 ], [ -83.182848, 38.5011200000001 ] ] } },
{ "type": "Feature", "properties": { "FID": 25401, "TYPEPIPE": "Interstate", "Operator": "Texas Eastern Trans Co", "Status": "Operating", "Shape_Leng": 0.029878825361800001, "Shape__Length": 3752.343932972155 }, "geometry": { "type": "LineString", "coordinates": [ [ -82.67695, 38.830925 ], [ -82.654208, 38.850304 ] ] } },
{ "type": "Feature", "properties": { "FID": 25484, "TYPEPIPE": "Interstate", "Operator": "Texas Eastern Trans Co", "Status": "Operating", "Shape_Leng": 0.16530549698700001, "Shape__Length": 21214.580526007328 }, "geometry": { "type": "LineString", "coordinates": [ [ -82.859392, 38.675474000000101 ], [ -82.858340999999896, 38.669452 ], [ -82.858636, 38.666787 ], [ -82.857835, 38.66614 ], [ -82.855638999999897, 38.653766 ], [ -82.855479, 38.652183 ], [ -82.856481, 38.650667 ], [ -82.855354, 38.647097 ], [ -82.854415, 38.647195000000103 ], [ -82.852242, 38.634749 ], [ -82.855848, 38.63428 ], [ -82.854805999999897, 38.628584 ], [ -82.853845, 38.628021 ], [ -82.848957, 38.628209 ], [ -82.839742, 38.598165000000101 ], [ -82.821473, 38.582894000000103 ], [ -82.797755, 38.5728790000001 ], [ -82.772188, 38.569655 ] ] } },
{ "type": "Feature", "properties": { "FID": 26442, "TYPEPIPE": "Interstate", "Operator": "Transcontinental Gas PL", "Status": "Operating", "Shape_Leng": 0.18507063499400001, "Shape__Length": 21060.42151189474 }, "geometry": { "type": "LineString", "coordinates": [ [ -79.339167, 36.833849 ], [ -79.327969999999894, 36.828056000000103 ], [ -79.267115, 36.8116360000001 ], [ -79.214266999999893, 36.796755 ], [ -79.201455, 36.792906000000102 ], [ -79.161739, 36.782131 ] ] } },
{ "type": "Feature", "properties": { "FID": 26447, "TYPEPIPE": "Interstate", "Operator": "Transcontinental Gas PL", "Status": "Operating", "Shape_Leng": 0.18076695045499999, "Shape__Length": 23142.281737881243 }, "geometry": { "type": "LineString", "coordinates": [ [ -78.850779, 37.375855000000101 ], [ -78.849107, 37.379675 ], [ -78.800243, 37.431287 ], [ -78.775187, 37.462911 ], [ -78.75521, 37.48281 ], [ -78.746578999999898, 37.491407 ], [ -78.729955, 37.509807000000102 ] ] } },
{ "type": "Feature", "properties": { "FID": 26454, "TYPEPIPE": "Interstate", "Operator": "Transcontinental Gas PL", "Status": "Operating", "Shape_Leng": 0.235747180738, "Shape__Length": 30085.772490014937 }, "geometry": { "type": "LineString", "coordinates": [ [ -78.642759, 37.606601 ], [ -78.619215999999895, 37.633282000000101 ], [ -78.60355, 37.652926 ], [ -78.535051, 37.723348 ], [ -78.493693, 37.765251 ], [ -78.485032, 37.775596 ], [ -78.481578999999897, 37.776554 ], [ -78.480953999999898, 37.7771240000001 ] ] } },
{ "type": "Feature", "properties": { "FID": 26459, "TYPEPIPE": "Interstate", "Operator": "Transcontinental Gas PL", "Status": "Operating", "Shape_Leng": 0.130641065349, "Shape__Length": 16747.464333326207 }, "geometry": { "type": "LineString", "coordinates": [ [ -78.730193, 37.509568000000101 ], [ -78.717130999999895, 37.522163 ], [ -78.642763, 37.606571 ] ] } },
{ "type": "Feature", "properties": { "FID": 26477, "TYPEPIPE": "Interstate", "Operator": "Transcontinental Gas PL", "Status": "Operating", "Shape_Leng": 0.068582803323200006, "Shape__Length": 8114.1474954121159 }, "geometry": { "type": "LineString", "coordinates": [ [ -77.563314, 36.545121 ], [ -77.564266, 36.530723000000101 ], [ -77.557831, 36.528884 ], [ -77.544278, 36.525756000000101 ], [ -77.527703, 36.521923000000101 ], [ -77.521117, 36.520416 ], [ -77.511588, 36.518202 ] ] } },
{ "type": "Feature", "properties": { "FID": 26483, "TYPEPIPE": "Interstate", "Operator": "Transcontinental Gas PL", "Status": "Operating", "Shape_Leng": 0.14080992522399999, "Shape__Length": 15840.405793312739 }, "geometry": { "type": "LineString", "coordinates": [ [ -77.703506, 36.6609470000001 ], [ -77.699302, 36.660401 ], [ -77.692536, 36.659519 ], [ -77.67833, 36.65262 ], [ -77.664081, 36.648674 ], [ -77.640497, 36.645911 ], [ -77.583503, 36.638809 ], [ -77.565518, 36.638412000000102 ] ] } },
{ "type": "Feature", "properties": { "FID": 26489, "TYPEPIPE": "Interstate", "Operator": "Transcontinental Gas PL", "Status": "Operating", "Shape_Leng": 0.095018796819799994, "Shape__Length": 13093.273936251117 }, "geometry": { "type": "LineString", "coordinates": [ [ -77.565518, 36.638412000000102 ], [ -77.565697999999898, 36.633296 ], [ -77.565838, 36.625357000000101 ], [ -77.565999, 36.614178 ], [ -77.564317, 36.61004 ], [ -77.560173, 36.604138 ], [ -77.560754, 36.593055 ], [ -77.561234, 36.585196000000103 ], [ -77.561574, 36.578059 ], [ -77.562074999999894, 36.568901 ], [ -77.562635, 36.5582670000001 ], [ -77.562995999999899, 36.551226 ], [ -77.563314, 36.545121 ] ] } },
{ "type": "Feature", "properties": { "FID": 26495, "TYPEPIPE": "Interstate", "Operator": "Transcontinental Gas PL", "Status": "Operating", "Shape_Leng": 0.34149928925900003, "Shape__Length": 38954.237702595812 }, "geometry": { "type": "LineString", "coordinates": [ [ -78.025725, 36.737243 ], [ -78.016536, 36.7374510000001 ], [ -78.002083, 36.737612 ], [ -78.000521, 36.737227 ], [ -77.995677, 36.736136 ], [ -77.976959, 36.731822000000101 ], [ -77.975238, 36.731437 ], [ -77.969793, 36.731324 ], [ -77.955279, 36.731212 ], [ -77.94495, 36.729721 ], [ -77.925131, 36.7269140000001 ], [ -77.922348999999898, 36.726802 ], [ -77.921308, 36.724524 ], [ -77.920526999999893, 36.72284 ], [ -77.905093, 36.723097000000102 ], [ -77.883673, 36.723562000000101 ], [ -77.866477, 36.719712000000101 ], [ -77.859611, 36.716713 ], [ -77.858589999999893, 36.716328 ], [ -77.851683, 36.717194 ], [ -77.843316, 36.713137000000103 ], [ -77.837871, 36.71041 ], [ -77.833546999999896, 36.708325000000102 ], [ -77.829543, 36.706978 ], [ -77.808403, 36.699873 ], [ -77.799395, 36.696825 ], [ -77.787204, 36.694083 ], [ -77.777314, 36.691853 ], [ -77.763261, 36.684475 ], [ -77.759438, 36.682471 ], [ -77.746666, 36.677114000000103 ], [ -77.744444, 36.676183 ], [ -77.737437, 36.674355 ], [ -77.730030999999897, 36.672462000000102 ], [ -77.727208, 36.671725 ], [ -77.721703, 36.670297 ], [ -77.71844, 36.669014 ], [ -77.717939, 36.666336000000101 ], [ -77.717119, 36.662631 ], [ -77.703326, 36.660915 ] ] } },
{ "type": "Feature", "properties": { "FID": 26506, "TYPEPIPE": "Interstate", "Operator": "Transcontinental Gas PL", "Status": "Operating", "Shape_Leng": 0.235715880751, "Shape__Length": 26665.547412886845 }, "geometry": { "type": "LineString", "coordinates": [ [ -78.2517, 36.764200000000102 ], [ -78.225009, 36.76252 ], [ -78.222627, 36.760788 ], [ -78.2014, 36.7623 ], [ -78.1888, 36.7594 ], [ -78.186474, 36.760002 ], [ -78.1745, 36.758 ], [ -78.1607, 36.759700000000102 ], [ -78.1279, 36.760100000000101 ], [ -78.116229, 36.760098 ], [ -78.099013, 36.758269 ], [ -78.094028, 36.757724 ], [ -78.088563, 36.760611 ], [ -78.081476, 36.757548 ], [ -78.081316, 36.752816 ], [ -78.069325, 36.749031000000102 ], [ -78.057574, 36.745262 ], [ -78.025565, 36.737163000000102 ] ] } },
{ "type": "Feature", "properties": { "FID": 26513, "TYPEPIPE": "Interstate", "Operator": "Transcontinental Gas PL", "Status": "Operating", "Shape_Leng": 0.23161796854, "Shape__Length": 31632.500114510945 }, "geometry": { "type": "LineString", "coordinates": [ [ -78.251713999999893, 36.764220000000101 ], [ -78.250153, 36.758253 ], [ -78.249787, 36.757042 ], [ -78.248892, 36.753314 ], [ -78.247791, 36.749047 ], [ -78.245849, 36.741589 ], [ -78.24828, 36.728588000000101 ], [ -78.248988999999895, 36.715055 ], [ -78.24968, 36.703088 ], [ -78.245608, 36.693714 ], [ -78.243966999999898, 36.6897680000001 ], [ -78.242966, 36.683465 ], [ -78.240703999999894, 36.668629000000102 ], [ -78.239343, 36.660209000000101 ], [ -78.237921, 36.651323 ], [ -78.237621, 36.649367 ], [ -78.2365, 36.642358000000101 ], [ -78.233656999999894, 36.633168 ], [ -78.229293, 36.624154 ], [ -78.224448999999893, 36.614001 ], [ -78.220664999999897, 36.606207 ], [ -78.215741, 36.595894 ], [ -78.21466, 36.5936 ], [ -78.197464, 36.545179 ], [ -78.197398, 36.544034000000103 ], [ -78.197344, 36.543094 ] ] } },
{ "type": "Feature", "properties": { "FID": 26519, "TYPEPIPE": "Interstate", "Operator": "Transcontinental Gas PL", "Status": "Operating", "Shape_Leng": 0.38567742989300002, "Shape__Length": 43353.718313299803 }, "geometry": { "type": "LineString", "coordinates": [ [ -78.630056, 36.751856 ], [ -78.616283, 36.760579 ], [ -78.603151, 36.760322 ], [ -78.590019, 36.760836 ], [ -78.580411, 36.766993 ], [ -78.560873, 36.765967 ], [ -78.557094, 36.766471 ], [ -78.531726, 36.766737 ], [ -78.518915, 36.770842000000101 ], [ -78.507065, 36.767506 ], [ -78.492011, 36.772125000000102 ], [ -78.475995, 36.7728940000001 ], [ -78.460943, 36.777512000000101 ], [ -78.273377, 36.765596000000102 ], [ -78.251713999999893, 36.764220000000101 ] ] } },
{ "type": "Feature", "properties": { "FID": 26525, "TYPEPIPE": "Interstate", "Operator": "Transcontinental Gas PL", "Status": "Operating", "Shape_Leng": 0.049884776459200003, "Shape__Length": 5661.92030944422 }, "geometry": { "type": "LineString", "coordinates": [ [ -78.6783, 36.7449 ], [ -78.644469, 36.751856 ], [ -78.640946, 36.754421 ], [ -78.6303, 36.7517 ] ] } },
{ "type": "Feature", "properties": { "FID": 26531, "TYPEPIPE": "Interstate", "Operator": "Transcontinental Gas PL", "Status": "Operating", "Shape_Leng": 0.28389987706100001, "Shape__Length": 31689.324179092164 }, "geometry": { "type": "LineString", "coordinates": [ [ -78.9606, 36.7288 ], [ -78.86611, 36.73133 ], [ -78.85, 36.7316000000001 ], [ -78.795326, 36.74185 ], [ -78.772906, 36.741593000000101 ], [ -78.68931, 36.746981 ], [ -78.678099, 36.744672 ] ] } },
{ "type": "Feature", "properties": { "FID": 26538, "TYPEPIPE": "Interstate", "Operator": "Transcontinental Gas PL", "Status": "Operating", "Shape_Leng": 0.20926230187700001, "Shape__Length": 23744.055184492048 }, "geometry": { "type": "LineString", "coordinates": [ [ -79.161739, 36.782131 ], [ -79.0288, 36.7457 ], [ -78.996789, 36.742619 ], [ -78.959956, 36.729021 ] ] } },
{ "type": "Feature", "properties": { "FID": 26543, "TYPEPIPE": "Interstate", "Operator": "Transcontinental Gas PL", "Status": "Operating", "Shape_Leng": 0.041205949400600003, "Shape__Length": 5139.398722873726 }, "geometry": { "type": "LineString", "coordinates": [ [ -79.308738, 36.861634 ], [ -79.339167, 36.833849 ] ] } },
{ "type": "Feature", "properties": { "FID": 26548, "TYPEPIPE": "Interstate", "Operator": "Transcontinental Gas PL", "Status": "Operating", "Shape_Leng": 0.049722490269899999, "Shape__Length": 6530.4361647175892 }, "geometry": { "type": "LineString", "coordinates": [ [ -78.850779, 37.375855000000101 ], [ -78.866643, 37.355175 ], [ -78.875211, 37.339883 ], [ -78.879051, 37.335105 ] ] } },
{ "type": "Feature", "properties": { "FID": 26554, "TYPEPIPE": "Interstate", "Operator": "Transcontinental Gas PL", "Status": "Operating", "Shape_Leng": 0.21498207007, "Shape__Length": 27515.196512230643 }, "geometry": { "type": "LineString", "coordinates": [ [ -79.021803, 37.174983 ], [ -78.966675, 37.236667 ], [ -78.939242, 37.266582 ], [ -78.926163, 37.2804590000001 ], [ -78.901314999999897, 37.312603 ], [ -78.896507, 37.316775 ], [ -78.890867, 37.324767000000101 ], [ -78.878971, 37.335195 ] ] } },
{ "type": "Feature", "properties": { "FID": 26561, "TYPEPIPE": "Interstate", "Operator": "Transcontinental Gas PL", "Status": "Operating", "Shape_Leng": 0.14085249346000001, "Shape__Length": 18018.54236073406 }, "geometry": { "type": "LineString", "coordinates": [ [ -79.115147, 37.0696790000001 ], [ -79.066282999999899, 37.128587 ], [ -79.046859, 37.147179000000101 ], [ -79.021803, 37.174983 ] ] } },
{ "type": "Feature", "properties": { "FID": 26565, "TYPEPIPE": "Interstate", "Operator": "Transcontinental Gas PL", "Status": "Operating", "Shape_Leng": 0.28543639089299999, "Shape__Length": 36269.82490946271 }, "geometry": { "type": "LineString", "coordinates": [ [ -79.308871, 36.861521 ], [ -79.277395, 36.8917450000001 ], [ -79.221632999999898, 36.951465 ], [ -79.201179, 36.9718510000001 ], [ -79.193659, 36.983147 ], [ -79.169227, 37.012859 ], [ -79.156491, 37.028671 ], [ -79.136026999999899, 37.043791 ], [ -79.115016, 37.069793 ] ] } },
{ "type": "Feature", "properties": { "FID": 26569, "TYPEPIPE": "Interstate", "Operator": "Transcontinental Gas PL", "Status": "Operating", "Shape_Leng": 0.41953927781099998, "Shape__Length": 52665.130094528839 }, "geometry": { "type": "LineString", "coordinates": [ [ -79.638081, 36.541526 ], [ -79.590627, 36.590091 ], [ -79.563691, 36.615981 ], [ -79.550065, 36.629986 ], [ -79.526444, 36.651538000000102 ], [ -79.502486, 36.678766 ], [ -79.470263, 36.707726 ], [ -79.436938999999896, 36.742481 ], [ -79.426707, 36.753429 ], [ -79.405611, 36.776887 ], [ -79.400179, 36.779147000000101 ], [ -79.395231, 36.785979 ], [ -79.391707999999895, 36.786749 ], [ -79.367974, 36.808025 ], [ -79.339167, 36.833849 ] ] } },
{ "type": "Feature", "properties": { "FID": 26597, "TYPEPIPE": "Interstate", "Operator": "Transcontinental Gas PL", "Status": "Operating", "Shape_Leng": 0.124792285367, "Shape__Length": 15365.196069328134 }, "geometry": { "type": "LineString", "coordinates": [ [ -76.858707, 39.349842000000102 ], [ -76.8471, 39.3614 ], [ -76.816299999999899, 39.3792 ], [ -76.808111999999895, 39.388182 ], [ -76.801757999999893, 39.390146000000101 ], [ -76.782909, 39.408475000000102 ], [ -76.764860999999897, 39.411851 ], [ -76.757925, 39.418168 ] ] } },
{ "type": "Feature", "properties": { "FID": 26603, "TYPEPIPE": "Interstate", "Operator": "Transcontinental Gas PL", "Status": "Operating", "Shape_Leng": 0.122572079991, "Shape__Length": 15541.819915083184 }, "geometry": { "type": "LineString", "coordinates": [ [ -76.758079, 39.418001000000103 ], [ -76.681555, 39.486227 ], [ -76.671229, 39.495365 ], [ -76.66628, 39.499201 ] ] } },
{ "type": "Feature", "properties": { "FID": 26609, "TYPEPIPE": "Interstate", "Operator": "Transcontinental Gas PL", "Status": "Operating", "Shape_Leng": 0.10435601437600001, "Shape__Length": 13433.249835923107 }, "geometry": { "type": "LineString", "coordinates": [ [ -76.932289, 39.275843000000101 ], [ -76.871578999999898, 39.336963 ], [ -76.858707, 39.349842000000102 ] ] } },
{ "type": "Feature", "properties": { "FID": 26889, "TYPEPIPE": "Interstate", "Operator": "Transcontinental Gas PL", "Status": "Operating", "Shape_Leng": 0.0043964250692600003, "Shape__Length": 596.50530620762868 }, "geometry": { "type": "LineString", "coordinates": [ [ -77.265903, 39.032181 ], [ -77.26595, 39.0323250000001 ], [ -77.263756, 39.035959 ] ] } },
{ "type": "Feature", "properties": { "FID": 26894, "TYPEPIPE": "Interstate", "Operator": "Transcontinental Gas PL", "Status": "Operating", "Shape_Leng": 0.117855159271, "Shape__Length": 15063.612727168686 }, "geometry": { "type": "LineString", "coordinates": [ [ -77.014427999999896, 39.196787 ], [ -77.003574, 39.203773 ], [ -76.999588, 39.206371 ], [ -76.995756, 39.20928 ], [ -76.98294, 39.21524 ], [ -76.973771999999897, 39.219388 ], [ -76.970369, 39.221415 ], [ -76.9509, 39.254005 ], [ -76.945964, 39.262277 ], [ -76.935891, 39.272323 ], [ -76.932036, 39.276103 ] ] } },
{ "type": "Feature", "properties": { "FID": 26900, "TYPEPIPE": "Interstate", "Operator": "Transcontinental Gas PL", "Status": "Operating", "Shape_Leng": 0.17099633735200001, "Shape__Length": 20610.700576373973 }, "geometry": { "type": "LineString", "coordinates": [ [ -77.160587, 39.111591 ], [ -77.118705, 39.130503 ], [ -77.065363, 39.155031000000101 ], [ -77.044899, 39.1711910000001 ], [ -77.025496, 39.189707 ], [ -77.014213, 39.197002 ] ] } },
{ "type": "Feature", "properties": { "FID": 26906, "TYPEPIPE": "Interstate", "Operator": "Transcontinental Gas PL", "Status": "Operating", "Shape_Leng": 0.0795399485686, "Shape__Length": 10192.752308786839 }, "geometry": { "type": "LineString", "coordinates": [ [ -77.380807, 38.918593 ], [ -77.373313999999894, 38.923862 ], [ -77.360011, 38.939043 ], [ -77.350819, 38.946859000000103 ], [ -77.348731, 38.950163 ], [ -77.345663, 38.953276000000102 ], [ -77.324712, 38.974538000000102 ] ] } },
{ "type": "Feature", "properties": { "FID": 26911, "TYPEPIPE": "Interstate", "Operator": "Transcontinental Gas PL", "Status": "Operating", "Shape_Leng": 0.127242664734, "Shape__Length": 16159.05488042933 }, "geometry": { "type": "LineString", "coordinates": [ [ -77.473146, 38.832393 ], [ -77.471939, 38.833043 ], [ -77.471099, 38.835651 ], [ -77.452307, 38.852855 ], [ -77.427251, 38.874227 ], [ -77.408035, 38.8912550000001 ], [ -77.393003, 38.906723 ], [ -77.386435, 38.915208 ], [ -77.380655, 38.918689 ] ] } },
{ "type": "Feature", "properties": { "FID": 26917, "TYPEPIPE": "Interstate", "Operator": "Transcontinental Gas PL", "Status": "Operating", "Shape_Leng": 0.073782016035700004, "Shape__Length": 9298.2876056199857 }, "geometry": { "type": "LineString", "coordinates": [ [ -77.527691, 38.784739000000101 ], [ -77.5205, 38.791600000000102 ], [ -77.517043, 38.793599 ], [ -77.514965, 38.796915 ], [ -77.496371, 38.815495 ], [ -77.488643, 38.821403 ], [ -77.4849, 38.8223 ], [ -77.4816, 38.8279 ], [ -77.473146, 38.832393 ] ] } },
{ "type": "Feature", "properties": { "FID": 26922, "TYPEPIPE": "Interstate", "Operator": "Transcontinental Gas PL", "Status": "Operating", "Shape_Leng": 0.15495327992800001, "Shape__Length": 19827.783357152428 }, "geometry": { "type": "LineString", "coordinates": [ [ -77.636, 38.676 ], [ -77.630899999999897, 38.6834 ], [ -77.613931, 38.698551000000101 ], [ -77.608199999999897, 38.7012 ], [ -77.605371, 38.707415 ], [ -77.597851, 38.714363 ], [ -77.563179, 38.749142 ], [ -77.559435, 38.7510270000001 ], [ -77.557973, 38.754364000000102 ], [ -77.548898, 38.763703 ], [ -77.527691, 38.784739000000101 ] ] } },
{ "type": "Feature", "properties": { "FID": 26924, "TYPEPIPE": "Interstate", "Operator": "Transcontinental Gas PL", "Status": "Operating", "Shape_Leng": 0.082902554718700006, "Shape__Length": 10608.32758994198 }, "geometry": { "type": "LineString", "coordinates": [ [ -77.324712, 38.974538000000102 ], [ -77.308426999999895, 38.991691000000102 ], [ -77.304675, 38.9969070000001 ], [ -77.292844, 39.010005 ], [ -77.283787, 39.016367000000102 ], [ -77.275851, 39.024707 ], [ -77.265903, 39.032181 ], [ -77.26595, 39.0323250000001 ] ] } },
{ "type": "Feature", "properties": { "FID": 26928, "TYPEPIPE": "Interstate", "Operator": "Transcontinental Gas PL", "Status": "Operating", "Shape_Leng": 0.25070763013199998, "Shape__Length": 32524.011369327345 }, "geometry": { "type": "LineString", "coordinates": [ [ -77.794771, 38.489859 ], [ -77.7899, 38.4961 ], [ -77.7756, 38.505200000000102 ], [ -77.770547, 38.512275000000102 ], [ -77.770131, 38.514011 ], [ -77.7686, 38.519300000000101 ], [ -77.733795, 38.557975 ], [ -77.728787, 38.559191 ], [ -77.727947, 38.560407 ], [ -77.702267, 38.586647 ], [ -77.696419, 38.593599 ], [ -77.694746999999893, 38.599159 ], [ -77.690779, 38.605067 ], [ -77.676608, 38.620676000000103 ], [ -77.655907, 38.643987 ], [ -77.655491, 38.646075 ], [ -77.656531, 38.649027 ], [ -77.642123, 38.666231 ], [ -77.636966, 38.669878 ], [ -77.636, 38.676 ] ] } },
{ "type": "Feature", "properties": { "FID": 26935, "TYPEPIPE": "Interstate", "Operator": "Transcontinental Gas PL", "Status": "Operating", "Shape_Leng": 0.25047382787400002, "Shape__Length": 32100.285832794179 }, "geometry": { "type": "LineString", "coordinates": [ [ -77.967258999999899, 38.310354000000103 ], [ -77.966378, 38.311524 ], [ -77.965, 38.3137 ], [ -77.964547, 38.314879 ], [ -77.962667, 38.320267000000101 ], [ -77.958491, 38.322003000000102 ], [ -77.939691, 38.343203000000102 ], [ -77.932595, 38.352063 ], [ -77.919019, 38.361447 ], [ -77.880178999999899, 38.399851 ], [ -77.865770999999896, 38.414447 ], [ -77.843219, 38.436339 ], [ -77.794771, 38.489859 ] ] } },
{ "type": "Feature", "properties": { "FID": 26941, "TYPEPIPE": "Interstate", "Operator": "Transcontinental Gas PL", "Status": "Operating", "Shape_Leng": 0.100825629241, "Shape__Length": 12692.348652724968 }, "geometry": { "type": "LineString", "coordinates": [ [ -78.039356999999896, 38.244591 ], [ -78.030530999999897, 38.253191000000101 ], [ -78.021971, 38.258751000000103 ], [ -78.018211, 38.258927 ], [ -78.018627, 38.263271 ], [ -77.997539, 38.284991 ], [ -77.979511, 38.300493000000102 ], [ -77.9738, 38.305900000000101 ], [ -77.971181, 38.307942 ], [ -77.9684, 38.3093000000001 ], [ -77.967046, 38.310542 ] ] } },
{ "type": "Feature", "properties": { "FID": 26947, "TYPEPIPE": "Interstate", "Operator": "Transcontinental Gas PL", "Status": "Operating", "Shape_Leng": 0.081380329836999998, "Shape__Length": 10361.08202641541 }, "geometry": { "type": "LineString", "coordinates": [ [ -78.4815, 37.7766 ], [ -78.478872, 37.779297 ], [ -78.460699, 37.799319 ], [ -78.451723, 37.809919 ], [ -78.445667, 37.814087 ], [ -78.427476, 37.832223 ], [ -78.4248, 37.8347 ] ] } },
{ "type": "Feature", "properties": { "FID": 26953, "TYPEPIPE": "Interstate", "Operator": "Transcontinental Gas PL", "Status": "Operating", "Shape_Leng": 0.226993718421, "Shape__Length": 29135.695546802068 }, "geometry": { "type": "LineString", "coordinates": [ [ -78.424969, 37.834563000000102 ], [ -78.375970999999893, 37.884928000000102 ], [ -78.37409, 37.888233 ], [ -78.347974, 37.913265 ], [ -78.345045, 37.915526 ], [ -78.33857, 37.921437 ], [ -78.312037, 37.955513 ], [ -78.300552, 37.964205 ], [ -78.29679, 37.970288 ], [ -78.290523, 37.97898 ], [ -78.286969, 37.981762000000103 ], [ -78.285089, 37.983675 ], [ -78.284256, 37.986284 ], [ -78.278022, 37.993245 ], [ -78.272852, 38.001267 ] ] } },
{ "type": "Feature", "properties": { "FID": 26959, "TYPEPIPE": "Interstate", "Operator": "Transcontinental Gas PL", "Status": "Operating", "Shape_Leng": 0.091477659636800004, "Shape__Length": 11838.865497212655 }, "geometry": { "type": "LineString", "coordinates": [ [ -78.272913, 38.001244 ], [ -78.266655, 38.010818 ], [ -78.255219, 38.025735 ], [ -78.229331, 38.055275 ], [ -78.216172, 38.0682130000001 ], [ -78.213496, 38.070486000000102 ] ] } },
{ "type": "Feature", "properties": { "FID": 26965, "TYPEPIPE": "Interstate", "Operator": "Transcontinental Gas PL", "Status": "Operating", "Shape_Leng": 0.091168021403499999, "Shape__Length": 11606.36321711997 }, "geometry": { "type": "LineString", "coordinates": [ [ -78.213496, 38.070486000000102 ], [ -78.210115, 38.072823 ], [ -78.210531, 38.0756030000001 ], [ -78.186098999999899, 38.101843 ], [ -78.172323, 38.115051000000101 ], [ -78.168355, 38.119915 ], [ -78.157282999999893, 38.128431 ], [ -78.150773, 38.134737 ] ] } },
{ "type": "Feature", "properties": { "FID": 26971, "TYPEPIPE": "Interstate", "Operator": "Transcontinental Gas PL", "Status": "Operating", "Shape_Leng": 0.15722719488, "Shape__Length": 19991.640198699992 }, "geometry": { "type": "LineString", "coordinates": [ [ -78.151019, 38.134511 ], [ -78.138491, 38.1461550000001 ], [ -78.115731, 38.168395 ], [ -78.107025, 38.180345 ], [ -78.039206, 38.244734000000101 ] ] } },
{ "type": "Feature", "properties": { "FID": 26977, "TYPEPIPE": "Interstate", "Operator": "Transcontinental Gas PL", "Status": "Operating", "Shape_Leng": 0.12897528035899999, "Shape__Length": 15930.631678794445 }, "geometry": { "type": "LineString", "coordinates": [ [ -77.263847999999896, 39.0358400000001 ], [ -77.2629, 39.0381 ], [ -77.259299999999897, 39.0423 ], [ -77.242066, 39.058851 ], [ -77.184817, 39.09741 ], [ -77.160587, 39.111591 ] ] } },
{ "type": "Feature", "properties": { "FID": 27509, "TYPEPIPE": "Intrastate", "Operator": "Virginia Natural Gas Co", "Status": "Operating", "Shape_Leng": 0.0064371380286699998, "Shape__Length": 802.2786681522548 }, "geometry": { "type": "LineString", "coordinates": [ [ -76.880833999999894, 37.2593350000001 ], [ -76.876009, 37.255074 ] ] } },
{ "type": "Feature", "properties": { "FID": 27511, "TYPEPIPE": "Intrastate", "Operator": "Virginia Natural Gas Co", "Status": "Operating", "Shape_Leng": 0.0324382257529, "Shape__Length": 4610.5651569046013 }, "geometry": { "type": "LineString", "coordinates": [ [ -77.59478, 38.527952 ], [ -77.597016999999894, 38.495591 ] ] } },
{ "type": "Feature", "properties": { "FID": 27514, "TYPEPIPE": "Intrastate", "Operator": "Virginia Natural Gas Co", "Status": "Operating", "Shape_Leng": 0.021198603397400002, "Shape__Length": 2967.4637157353245 }, "geometry": { "type": "LineString", "coordinates": [ [ -77.415012, 37.600411000000101 ], [ -77.417943, 37.579416 ] ] } },
{ "type": "Feature", "properties": { "FID": 27517, "TYPEPIPE": "Intrastate", "Operator": "Virginia Natural Gas Co", "Status": "Operating", "Shape_Leng": 0.026703260175499999, "Shape__Length": 2972.9299223749026 }, "geometry": { "type": "LineString", "coordinates": [ [ -76.639581, 37.170900000000103 ], [ -76.612883, 37.17037 ] ] } },
{ "type": "Feature", "properties": { "FID": 27519, "TYPEPIPE": "Intrastate", "Operator": "Virginia Natural Gas Co", "Status": "Operating", "Shape_Leng": 0.050125055182, "Shape__Length": 6628.7099890855816 }, "geometry": { "type": "LineString", "coordinates": [ [ -76.782448, 37.301561 ], [ -76.755439, 37.2593350000001 ] ] } },
{ "type": "Feature", "properties": { "FID": 27521, "TYPEPIPE": "Intrastate", "Operator": "Virginia Natural Gas Co", "Status": "Operating", "Shape_Leng": 0.040090052955800003, "Shape__Length": 5552.5216672500201 }, "geometry": { "type": "LineString", "coordinates": [ [ -76.781055, 37.206487 ], [ -76.79008, 37.245548 ] ] } },
{ "type": "Feature", "properties": { "FID": 27523, "TYPEPIPE": "Intrastate", "Operator": "Virginia Natural Gas Co", "Status": "Operating", "Shape_Leng": 0.0120249833263, "Shape__Length": 1563.9333485678148 }, "geometry": { "type": "LineString", "coordinates": [ [ -76.531592, 37.178481 ], [ -76.53886, 37.168901 ] ] } },
{ "type": "Feature", "properties": { "FID": 27526, "TYPEPIPE": "Intrastate", "Operator": "Virginia Natural Gas Co", "Status": "Operating", "Shape_Leng": 0.02974130752, "Shape__Length": 3960.7392045537549 }, "geometry": { "type": "LineString", "coordinates": [ [ -76.425067, 37.065052 ], [ -76.439745, 37.039185 ] ] } },
{ "type": "Feature", "properties": { "FID": 27528, "TYPEPIPE": "Intrastate", "Operator": "Virginia Natural Gas Co", "Status": "Operating", "Shape_Leng": 0.025543875215000001, "Shape__Length": 2968.6665189514301 }, "geometry": { "type": "LineString", "coordinates": [ [ -76.207626, 36.914744 ], [ -76.184207, 36.904544 ] ] } },
{ "type": "Feature", "properties": { "FID": 27530, "TYPEPIPE": "Intrastate", "Operator": "Virginia Natural Gas Co", "Status": "Operating", "Shape_Leng": 0.018492495694200001, "Shape__Length": 2067.139980536137 }, "geometry": { "type": "LineString", "coordinates": [ [ -76.180610999999899, 36.777554000000102 ], [ -76.162257, 36.779813 ] ] } },
{ "type": "Feature", "properties": { "FID": 27532, "TYPEPIPE": "Intrastate", "Operator": "Virginia Natural Gas Co", "Status": "Operating", "Shape_Leng": 0.012035680703699999, "Shape__Length": 1650.9585756280553 }, "geometry": { "type": "LineString", "coordinates": [ [ -76.024520999999893, 36.821836 ], [ -76.027812, 36.810259 ] ] } },
{ "type": "Feature", "properties": { "FID": 27534, "TYPEPIPE": "Intrastate", "Operator": "Virginia Natural Gas Co", "Status": "Operating", "Shape_Leng": 0.0116242054352, "Shape__Length": 1403.3109394541452 }, "geometry": { "type": "LineString", "coordinates": [ [ -76.009609, 36.745616 ], [ -75.999995, 36.739082 ] ] } },
{ "type": "Feature", "properties": { "FID": 27536, "TYPEPIPE": "Intrastate", "Operator": "Virginia Natural Gas Co", "Status": "Operating", "Shape_Leng": 0.025793009382399999, "Shape__Length": 2871.2652579294399 }, "geometry": { "type": "LineString", "coordinates": [ [ -76.220843, 36.869015 ], [ -76.19505, 36.868993 ] ] } },
{ "type": "Feature", "properties": { "FID": 27538, "TYPEPIPE": "Intrastate", "Operator": "Virginia Natural Gas Co", "Status": "Operating", "Shape_Leng": 0.026152009253599999, "Shape__Length": 2911.2289327291755 }, "geometry": { "type": "LineString", "coordinates": [ [ -76.195049, 36.868993 ], [ -76.168897, 36.868971 ] ] } },
{ "type": "Feature", "properties": { "FID": 27540, "TYPEPIPE": "Intrastate", "Operator": "Virginia Natural Gas Co", "Status": "Operating", "Shape_Leng": 0.0069251342947099998, "Shape__Length": 951.0939241790544 }, "geometry": { "type": "LineString", "coordinates": [ [ -76.733256, 37.259644 ], [ -76.731094, 37.253065 ] ] } },
{ "type": "Feature", "properties": { "FID": 27542, "TYPEPIPE": "Intrastate", "Operator": "Virginia Natural Gas Co", "Status": "Operating", "Shape_Leng": 0.00343128022754, "Shape__Length": 478.73636721221953 }, "geometry": { "type": "LineString", "coordinates": [ [ -76.423987, 37.101096 ], [ -76.423837, 37.097668 ] ] } },
{ "type": "Feature", "properties": { "FID": 27544, "TYPEPIPE": "Intrastate", "Operator": "Virginia Natural Gas Co", "Status": "Operating", "Shape_Leng": 0.14929756566, "Shape__Length": 21017.799759815829 }, "geometry": { "type": "LineString", "coordinates": [ [ -77.597016999999894, 38.495591 ], [ -77.600129, 38.450567 ], [ -77.582093, 38.356965000000102 ], [ -77.587552, 38.350009 ] ] } },
{ "type": "Feature", "properties": { "FID": 27546, "TYPEPIPE": "Intrastate", "Operator": "Virginia Natural Gas Co", "Status": "Operating", "Shape_Leng": 0.32294841576299999, "Shape__Length": 41931.543523066357 }, "geometry": { "type": "LineString", "coordinates": [ [ -77.587552, 38.350009 ], [ -77.601179, 38.332646000000103 ], [ -77.58966, 38.304638 ], [ -77.64185, 38.26484 ], [ -77.630007, 38.214723 ], [ -77.521358, 38.106344 ] ] } },
{ "type": "Feature", "properties": { "FID": 27548, "TYPEPIPE": "Intrastate", "Operator": "Virginia Natural Gas Co", "Status": "Operating", "Shape_Leng": 0.29875407835599999, "Shape__Length": 39266.923859717943 }, "geometry": { "type": "LineString", "coordinates": [ [ -77.521358, 38.106344 ], [ -77.391356, 37.976665 ], [ -77.429152, 37.867914 ] ] } },
{ "type": "Feature", "properties": { "FID": 27550, "TYPEPIPE": "Intrastate", "Operator": "Virginia Natural Gas Co", "Status": "Operating", "Shape_Leng": 0.185868822697, "Shape__Length": 25613.978125805312 }, "geometry": { "type": "LineString", "coordinates": [ [ -77.429152, 37.867914 ], [ -77.46154, 37.774724 ], [ -77.490961, 37.697340000000104 ], [ -77.490502, 37.692941 ] ] } },
{ "type": "Feature", "properties": { "FID": 27552, "TYPEPIPE": "Intrastate", "Operator": "Virginia Natural Gas Co", "Status": "Operating", "Shape_Leng": 0.34637215958399997, "Shape__Length": 40447.147957524154 }, "geometry": { "type": "LineString", "coordinates": [ [ -77.189684, 37.474564 ], [ -77.171837, 37.46444 ], [ -77.074837, 37.415798000000102 ], [ -76.986578, 37.395163 ], [ -76.890407, 37.339888 ], [ -76.875007, 37.3364580000001 ] ] } },
{ "type": "Feature", "properties": { "FID": 27554, "TYPEPIPE": "Intrastate", "Operator": "Virginia Natural Gas Co", "Status": "Operating", "Shape_Leng": 0.17449197980799999, "Shape__Length": 20845.512345701321 }, "geometry": { "type": "LineString", "coordinates": [ [ -76.875007, 37.3364580000001 ], [ -76.784515999999897, 37.316303 ], [ -76.74437, 37.293456 ], [ -76.733256, 37.259644 ] ] } },
{ "type": "Feature", "properties": { "FID": 27556, "TYPEPIPE": "Intrastate", "Operator": "Virginia Natural Gas Co", "Status": "Operating", "Shape_Leng": 0.26378611696900001, "Shape__Length": 32059.297541295415 }, "geometry": { "type": "LineString", "coordinates": [ [ -76.625578, 37.160269 ], [ -76.533074, 37.09004 ], [ -76.471969999999899, 37.09004 ], [ -76.439745, 37.039185 ], [ -76.423866, 37.029604 ], [ -76.416165, 37.028439 ] ] } },
{ "type": "Feature", "properties": { "FID": 27559, "TYPEPIPE": "Intrastate", "Operator": "Virginia Natural Gas Co", "Status": "Operating", "Shape_Leng": 0.033294858294200001, "Shape__Length": 4612.8603421093803 }, "geometry": { "type": "LineString", "coordinates": [ [ -76.423837, 37.097668 ], [ -76.422597999999894, 37.069403000000101 ], [ -76.425067, 37.065052 ] ] } },
{ "type": "Feature", "properties": { "FID": 27561, "TYPEPIPE": "Intrastate", "Operator": "Virginia Natural Gas Co", "Status": "Operating", "Shape_Leng": 0.10325345221, "Shape__Length": 12244.47468720195 }, "geometry": { "type": "LineString", "coordinates": [ [ -76.416165, 37.028439 ], [ -76.384895, 37.023707000000101 ], [ -76.346096, 37.029604 ], [ -76.32984, 37.057611000000101 ] ] } },
{ "type": "Feature", "properties": { "FID": 27563, "TYPEPIPE": "Intrastate", "Operator": "Virginia Natural Gas Co", "Status": "Operating", "Shape_Leng": 0.15554423056200001, "Shape__Length": 19489.955982177871 }, "geometry": { "type": "LineString", "coordinates": [ [ -76.612883, 37.17037 ], [ -76.53886, 37.168901 ], [ -76.518261999999893, 37.09004 ] ] } },
{ "type": "Feature", "properties": { "FID": 27565, "TYPEPIPE": "Intrastate", "Operator": "Virginia Natural Gas Co", "Status": "Operating", "Shape_Leng": 0.15754423155399999, "Shape__Length": 18126.707283577383 }, "geometry": { "type": "LineString", "coordinates": [ [ -76.876009, 37.255074 ], [ -76.868828, 37.248733000000101 ], [ -76.79008, 37.245548 ], [ -76.755439, 37.2593350000001 ], [ -76.740224, 37.249873 ], [ -76.728801, 37.241864 ] ] } },
{ "type": "Feature", "properties": { "FID": 27567, "TYPEPIPE": "Intrastate", "Operator": "Virginia Natural Gas Co", "Status": "Operating", "Shape_Leng": 0.37940647500699998, "Shape__Length": 46872.486302718877 }, "geometry": { "type": "LineString", "coordinates": [ [ -76.184207, 36.904544 ], [ -76.1693, 36.898051000000102 ], [ -76.168897, 36.868971 ], [ -76.168109999999899, 36.812397 ], [ -76.139807, 36.811965 ], [ -76.110793, 36.811524 ], [ -76.027812, 36.810259 ], [ -75.997532, 36.809796 ], [ -75.977597, 36.809492 ], [ -76.006443, 36.8915170000001 ] ] } },
{ "type": "Feature", "properties": { "FID": 27569, "TYPEPIPE": "Intrastate", "Operator": "Virginia Natural Gas Co", "Status": "Operating", "Shape_Leng": 0.081404811558199994, "Shape__Length": 10964.877530629859 }, "geometry": { "type": "LineString", "coordinates": [ [ -76.091179, 36.883535000000101 ], [ -76.10495, 36.877725 ], [ -76.110793, 36.811524 ] ] } },
{ "type": "Feature", "properties": { "FID": 27571, "TYPEPIPE": "Intrastate", "Operator": "Virginia Natural Gas Co", "Status": "Operating", "Shape_Leng": 0.096423452238599994, "Shape__Length": 12490.12907319789 }, "geometry": { "type": "LineString", "coordinates": [ [ -76.037212, 36.738359 ], [ -76.009609, 36.745616 ], [ -75.994448, 36.776104 ], [ -75.997532, 36.809796 ] ] } },
{ "type": "Feature", "properties": { "FID": 27573, "TYPEPIPE": "Intrastate", "Operator": "Virginia Natural Gas Co", "Status": "Operating", "Shape_Leng": 0.067543200964500005, "Shape__Length": 8851.4382135974247 }, "geometry": { "type": "LineString", "coordinates": [ [ -76.168207999999893, 36.760926 ], [ -76.162257, 36.779813 ], [ -76.145174999999895, 36.78191 ], [ -76.139807, 36.811965 ] ] } },
{ "type": "Feature", "properties": { "FID": 27575, "TYPEPIPE": "Intrastate", "Operator": "Virginia Natural Gas Co", "Status": "Operating", "Shape_Leng": 0.249619565352, "Shape__Length": 30050.443929732024 }, "geometry": { "type": "LineString", "coordinates": [ [ -76.364938999999893, 36.6468980000001 ], [ -76.277644999999893, 36.657787 ], [ -76.237098, 36.730374 ], [ -76.170745, 36.7528760000001 ], [ -76.168207999999893, 36.760926 ] ] } },
{ "type": "Feature", "properties": { "FID": 27577, "TYPEPIPE": "Intrastate", "Operator": "Virginia Natural Gas Co", "Status": "Operating", "Shape_Leng": 0.15873286763, "Shape__Length": 18895.301770656173 }, "geometry": { "type": "LineString", "coordinates": [ [ -77.327749, 37.552885000000103 ], [ -77.189684, 37.474564 ] ] } },
{ "type": "Feature", "properties": { "FID": 27579, "TYPEPIPE": "Intrastate", "Operator": "Virginia Natural Gas Co", "Status": "Operating", "Shape_Leng": 0.22891870804200001, "Shape__Length": 28388.972308340741 }, "geometry": { "type": "LineString", "coordinates": [ [ -77.490502, 37.6929400000001 ], [ -77.486653, 37.6560640000001 ], [ -77.463076, 37.626584 ], [ -77.415012, 37.600411000000101 ], [ -77.327749, 37.552885000000103 ] ] } },
{ "type": "Feature", "properties": { "FID": 27581, "TYPEPIPE": "Intrastate", "Operator": "Virginia Natural Gas Co", "Status": "Operating", "Shape_Leng": 0.011440054161600001, "Shape__Length": 1587.6669401162594 }, "geometry": { "type": "LineString", "coordinates": [ [ -76.731094, 37.253065 ], [ -76.730804, 37.252183000000102 ], [ -76.728801, 37.241864 ] ] } },
{ "type": "Feature", "properties": { "FID": 27583, "TYPEPIPE": "Intrastate", "Operator": "Virginia Natural Gas Co", "Status": "Operating", "Shape_Leng": 0.131756369417, "Shape__Length": 16211.459831277964 }, "geometry": { "type": "LineString", "coordinates": [ [ -76.728801, 37.241864 ], [ -76.717518, 37.230071000000102 ], [ -76.639581, 37.170900000000103 ], [ -76.625578, 37.160269 ] ] } },
{ "type": "Feature", "properties": { "FID": 31742, "TYPEPIPE": "Interstate", "Operator": "Rover Pipeline", "Status": "Operating", "Shape_Leng": 0.74378773363600004, "Shape__Length": 96837.919885735537 }, "geometry": { "type": "LineString", "coordinates": [ [ -81.03320787, 39.822296922000099 ], [ -81.021172548, 39.725396735000103 ], [ -80.924003351, 39.624490261000098 ], [ -80.91279152, 39.594592047 ], [ -80.968850673, 39.546007448000097 ], [ -80.976325226, 39.501160126 ], [ -80.901579689999906, 39.4376264200001 ], [ -80.696029465, 39.284398071000098 ] ] } },
{ "type": "Feature", "properties": { "FID": 31756, "TYPEPIPE": "Interstate", "Operator": "Eastern Shore Nat Gas Co", "Status": "Operating", "Shape_Leng": 0.65562440532400001, "Shape__Length": 86248.535107269592 }, "geometry": { "type": "LineString", "coordinates": [ [ -75.51393, 38.919839 ], [ -75.454861401999906, 38.930786813000097 ], [ -75.423484926, 38.9289092550001 ], [ -75.346250521999906, 38.844367697000102 ], [ -75.331769072, 38.733371954000098 ], [ -75.365559123, 38.661791703000098 ], [ -75.312460471, 38.590139836 ], [ -75.244880367999897, 38.527857774 ], [ -75.227985342999901, 38.452292034 ] ] } },
{ "type": "Feature", "properties": { "FID": 31757, "TYPEPIPE": "Interstate", "Operator": "Eastern Shore Nat Gas Co", "Status": "Operating", "Shape_Leng": 0.20154996028899999, "Shape__Length": 23136.239360232914 }, "geometry": { "type": "LineString", "coordinates": [ [ -75.56384, 38.641211 ], [ -75.531637196, 38.626121707 ], [ -75.498311633, 38.624118976 ], [ -75.411152468, 38.592067688 ], [ -75.372699896, 38.602085253 ] ] } },
{ "type": "Feature", "properties": { "FID": 31812, "TYPEPIPE": "Interstate", "Operator": "Gulf Xpress", "Status": "Operating", "Shape_Leng": 8.6958551022500004, "Shape__Length": 1040740.6308462196 }, "geometry": { "type": "LineString", "coordinates": [ [ -89.930239975999896, 33.783828749000101 ], [ -88.955249035, 34.487988873000099 ], [ -88.115673503, 35.165065916000103 ], [ -87.140682561999895, 35.747352171 ], [ -86.206316243999893, 36.35672151 ], [ -85.014660649999897, 37.358795532 ], [ -83.714672729, 37.954623330000103 ], [ -83.403217289, 38.238995687000099 ], [ -82.658432542, 38.3608695550001 ] ] } }
]
}
