{
"type": "FeatureCollection",
"name": "Texas_Power_Plant",
"crs": { "type": "name", "properties": { "name": "urn:ogc:def:crs:OGC:1.3:CRS84" } },
"features": [
{ "type": "Feature", "properties": { "OBJECTID": 23582, "Plant_Code": 9, "Plant_Name": "Copper", "Utility_ID": 5701, "Utility_Name": "El Paso Electric Co", "sector_name": "Electric Utility", "Street_Address": "651 Hawkins Blvd.", "City": "El Paso", "County": "El Paso", "State": "Texas", "Zip": 79915, "PrimSource": "natural gas", "source_desc": "Natural Gas = 63 MW", "tech_desc": "Natural Gas Fired Combustion Turbine", "Install_MW": 86.9, "Total_MW": 63.0, "Bat_MW": null, "Bio_MW": null, "Coal_MW": null, "Geo_MW": null, "Hydro_MW": null, "HydroPS_MW": null, "NG_MW": 63.0, "Nuclear_MW": null, "Crude_MW": null, "Solar_MW": null, "Wind_MW": null, "Other_MW": null, "Source": "EIA-860, EIA-860M and EIA-923", "Period": "202311", "Longitude": -106.375, "Latitude": 31.7569 }, "geometry": { "type": "Point", "coordinates": [ -106.374999999690004, 31.756899999934699 ] } },
{ "type": "Feature", "properties": { "OBJECTID": 23747, "Plant_Code": 298, "Plant_Name": "Limestone", "Utility_ID": 54888, "Utility_Name": "NRG Texas Power LLC", "sector_name": "IPP Non-CHP", "Street_Address": "Route1, Box 85", "City": "Jewett", "County": "Limestone", "State": "Texas", "Zip": 75846, "PrimSource": "coal", "source_desc": "Coal = 1689 MW", "tech_desc": "Conventional Steam Coal", "Install_MW": 1849.8, "Total_MW": 1689.0, "Bat_MW": null, "Bio_MW": null, "Coal_MW": 1689.0, "Geo_MW": null, "Hydro_MW": null, "HydroPS_MW": null, "NG_MW": null, "Nuclear_MW": null, "Crude_MW": null, "Solar_MW": null, "Wind_MW": null, "Other_MW": null, "Source": "EIA-860, EIA-860M and EIA-923", "Period": "202311", "Longitude": -96.2525, "Latitude": 31.4219 }, "geometry": { "type": "Point", "coordinates": [ -96.252500000183602, 31.421899999747801 ] } },
{ "type": "Feature", "properties": { "OBJECTID": 24013, "Plant_Code": 791, "Plant_Name": "Canyon", "Utility_ID": 7751, "Utility_Name": "Guadalupe Blanco River Authority", "sector_name": "Electric Utility", "Street_Address": "16930 South Access Road", "City": "Canyon Lake", "County": "Comal", "State": "Texas", "Zip": 78155, "PrimSource": "hydroelectric", "source_desc": "Hydroelectric = 6 MW", "tech_desc": "Conventional Hydroelectric", "Install_MW": 6.0, "Total_MW": 6.0, "Bat_MW": null, "Bio_MW": null, "Coal_MW": null, "Geo_MW": null, "Hydro_MW": 6.0, "HydroPS_MW": null, "NG_MW": null, "Nuclear_MW": null, "Crude_MW": null, "Solar_MW": null, "Wind_MW": null, "Other_MW": null, "Source": "EIA-860, EIA-860M and EIA-923", "Period": "202311", "Longitude": -98.194733, "Latitude": 29.87056 }, "geometry": { "type": "Point", "coordinates": [ -98.194732999627604, 29.870559999864302 ] } },
{ "type": "Feature", "properties": { "OBJECTID": 24015, "Plant_Code": 794, "Plant_Name": "Lewisville", "Utility_ID": 6958, "Utility_Name": "City of Garland - (TX)", "sector_name": "Electric Utility", "Street_Address": "1500 N Mill St", "City": "Lewisville", "County": "Denton", "State": "Texas", "Zip": 75067, "PrimSource": "hydroelectric", "source_desc": "Hydroelectric = 2 MW", "tech_desc": "Conventional Hydroelectric", "Install_MW": 2.8, "Total_MW": 2.0, "Bat_MW": null, "Bio_MW": null, "Coal_MW": null, "Geo_MW": null, "Hydro_MW": 2.0, "HydroPS_MW": null, "NG_MW": null, "Nuclear_MW": null, "Crude_MW": null, "Solar_MW": null, "Wind_MW": null, "Other_MW": null, "Source": "EIA-860, EIA-860M and EIA-923", "Period": "202311", "Longitude": -96.963806, "Latitude": 33.068473 }, "geometry": { "type": "Point", "coordinates": [ -96.963806000020099, 33.068472999875503 ] } },
{ "type": "Feature", "properties": { "OBJECTID": 24969, "Plant_Code": 3437, "Plant_Name": "Eagle Pass", "Utility_ID": 54683, "Utility_Name": "Maverick Cty Water Control & Improvement", "sector_name": "IPP Non-CHP", "Street_Address": "264 Power Plant Road FM 1904", "City": "Eagle Pass", "County": "Maverick", "State": "Texas", "Zip": 78852, "PrimSource": "hydroelectric", "source_desc": "Hydroelectric = 6 MW", "tech_desc": "Conventional Hydroelectric", "Install_MW": 9.6, "Total_MW": 6.0, "Bat_MW": null, "Bio_MW": null, "Coal_MW": null, "Geo_MW": null, "Hydro_MW": 6.0, "HydroPS_MW": null, "NG_MW": null, "Nuclear_MW": null, "Crude_MW": null, "Solar_MW": null, "Wind_MW": null, "Other_MW": null, "Source": "EIA-860, EIA-860M and EIA-923", "Period": "202311", "Longitude": -100.552234, "Latitude": 28.829535 }, "geometry": { "type": "Point", "coordinates": [ -100.552233999945003, 28.8295350002109 ] } },
{ "type": "Feature", "properties": { "OBJECTID": 24970, "Plant_Code": 3439, "Plant_Name": "Laredo", "Utility_ID": 49979, "Utility_Name": "Talen Texas, LLC", "sector_name": "IPP Non-CHP", "Street_Address": "7300 CPL Rd", "City": "Laredo", "County": "Webb", "State": "Texas", "Zip": 78041, "PrimSource": "natural gas", "source_desc": "Natural Gas = 177.4 MW", "tech_desc": "Natural Gas Fired Combustion Turbine", "Install_MW": 263.6, "Total_MW": 177.4, "Bat_MW": null, "Bio_MW": null, "Coal_MW": null, "Geo_MW": null, "Hydro_MW": null, "HydroPS_MW": null, "NG_MW": 177.4, "Nuclear_MW": null, "Crude_MW": null, "Solar_MW": null, "Wind_MW": null, "Other_MW": null, "Source": "EIA-860, EIA-860M and EIA-923", "Period": "202311", "Longitude": -99.5089, "Latitude": 27.5667 }, "geometry": { "type": "Point", "coordinates": [ -99.508900000010996, 27.566700000369199 ] } },
{ "type": "Feature", "properties": { "OBJECTID": 24971, "Plant_Code": 3441, "Plant_Name": "Nueces Bay", "Utility_ID": 49979, "Utility_Name": "Talen Texas, LLC", "sector_name": "IPP Non-CHP", "Street_Address": "2002 Navigation", "City": "Corpus Christi", "County": "Nueces", "State": "Texas", "Zip": 78403, "PrimSource": "natural gas", "source_desc": "Natural Gas = 633 MW", "tech_desc": "Natural Gas Fired Combined Cycle", "Install_MW": 730.2, "Total_MW": 633.0, "Bat_MW": null, "Bio_MW": null, "Coal_MW": null, "Geo_MW": null, "Hydro_MW": null, "HydroPS_MW": null, "NG_MW": 633.0, "Nuclear_MW": null, "Crude_MW": null, "Solar_MW": null, "Wind_MW": null, "Other_MW": null, "Source": "EIA-860, EIA-860M and EIA-923", "Period": "202311", "Longitude": -97.419203, "Latitude": 27.819412 }, "geometry": { "type": "Point", "coordinates": [ -97.419202999581799, 27.819412000100399 ] } },
{ "type": "Feature", "properties": { "OBJECTID": 24972, "Plant_Code": 3443, "Plant_Name": "Victoria", "Utility_ID": 60638, "Utility_Name": "Victoria WLE, LP", "sector_name": "IPP Non-CHP", "Street_Address": "1205 S Bottom St", "City": "Victoria", "County": "Victoria", "State": "Texas", "Zip": 77901, "PrimSource": "natural gas", "source_desc": "Natural Gas = 288 MW", "tech_desc": "Natural Gas Fired Combined Cycle", "Install_MW": 376.9, "Total_MW": 288.0, "Bat_MW": null, "Bio_MW": null, "Coal_MW": null, "Geo_MW": null, "Hydro_MW": null, "HydroPS_MW": null, "NG_MW": 288.0, "Nuclear_MW": null, "Crude_MW": null, "Solar_MW": null, "Wind_MW": null, "Other_MW": null, "Source": "EIA-860, EIA-860M and EIA-923", "Period": "202311", "Longitude": -97.01, "Latitude": 28.7883 }, "geometry": { "type": "Point", "coordinates": [ -97.010000000399998, 28.7882999998839 ] } },
{ "type": "Feature", "properties": { "OBJECTID": 24973, "Plant_Code": 3452, "Plant_Name": "Lake Hubbard", "Utility_ID": 55983, "Utility_Name": "Luminant Generation Company LLC", "sector_name": "IPP Non-CHP", "Street_Address": "555 Barnes Rd", "City": "Sunnyvale", "County": "Dallas", "State": "Texas", "Zip": 75182, "PrimSource": "natural gas", "source_desc": "Natural Gas = 915 MW", "tech_desc": "Natural Gas Steam Turbine", "Install_MW": 927.5, "Total_MW": 915.0, "Bat_MW": null, "Bio_MW": null, "Coal_MW": null, "Geo_MW": null, "Hydro_MW": null, "HydroPS_MW": null, "NG_MW": 915.0, "Nuclear_MW": null, "Crude_MW": null, "Solar_MW": null, "Wind_MW": null, "Other_MW": null, "Source": "EIA-860, EIA-860M and EIA-923", "Period": "202311", "Longitude": -96.5458, "Latitude": 32.8358 }, "geometry": { "type": "Point", "coordinates": [ -96.545799999737397, 32.835800000139002 ] } },
{ "type": "Feature", "properties": { "OBJECTID": 24974, "Plant_Code": 3453, "Plant_Name": "Mountain Creek", "Utility_ID": 62026, "Utility_Name": "Mountain Creek Power, LLC", "sector_name": "IPP Non-CHP", "Street_Address": "2233A Mt. Creek Pkwy.", "City": "Dallas", "County": "Dallas", "State": "Texas", "Zip": 75211, "PrimSource": "natural gas", "source_desc": "Natural Gas = 826 MW", "tech_desc": "Natural Gas Steam Turbine", "Install_MW": 852.2, "Total_MW": 826.0, "Bat_MW": null, "Bio_MW": null, "Coal_MW": null, "Geo_MW": null, "Hydro_MW": null, "HydroPS_MW": null, "NG_MW": 826.0, "Nuclear_MW": null, "Crude_MW": null, "Solar_MW": null, "Wind_MW": null, "Other_MW": null, "Source": "EIA-860, EIA-860M and EIA-923", "Period": "202311", "Longitude": -96.9358, "Latitude": 32.7231 }, "geometry": { "type": "Point", "coordinates": [ -96.935799999653199, 32.723099999759398 ] } },
{ "type": "Feature", "properties": { "OBJECTID": 24975, "Plant_Code": 3456, "Plant_Name": "Newman", "Utility_ID": 5701, "Utility_Name": "El Paso Electric Co", "sector_name": "Electric Utility", "Street_Address": "4900 Stan Roberts St.", "City": "El Paso", "County": "El Paso", "State": "Texas", "Zip": 79934, "PrimSource": "natural gas", "source_desc": "Natural Gas = 703 MW", "tech_desc": "Natural Gas Fired Combined Cycle; Natural Gas Steam Turbine;", "Install_MW": 882.0, "Total_MW": 703.0, "Bat_MW": null, "Bio_MW": null, "Coal_MW": null, "Geo_MW": null, "Hydro_MW": null, "HydroPS_MW": null, "NG_MW": 703.0, "Nuclear_MW": null, "Crude_MW": null, "Solar_MW": null, "Wind_MW": null, "Other_MW": null, "Source": "EIA-860, EIA-860M and EIA-923", "Period": "202311", "Longitude": -106.431777, "Latitude": 31.983587 }, "geometry": { "type": "Point", "coordinates": [ -106.431777000330001, 31.983586999857501 ] } },
{ "type": "Feature", "properties": { "OBJECTID": 24976, "Plant_Code": 3457, "Plant_Name": "Lewis Creek", "Utility_ID": 55937, "Utility_Name": "Entergy Texas Inc.", "sector_name": "Electric Utility", "Street_Address": "11191 Longstreet Road", "City": "Willis", "County": "Montgomery", "State": "Texas", "Zip": 77318, "PrimSource": "natural gas", "source_desc": "Natural Gas = 500 MW", "tech_desc": "Natural Gas Steam Turbine", "Install_MW": 542.8, "Total_MW": 500.0, "Bat_MW": null, "Bio_MW": null, "Coal_MW": null, "Geo_MW": null, "Hydro_MW": null, "HydroPS_MW": null, "NG_MW": 500.0, "Nuclear_MW": null, "Crude_MW": null, "Solar_MW": null, "Wind_MW": null, "Other_MW": null, "Source": "EIA-860, EIA-860M and EIA-923", "Period": "202311", "Longitude": -95.5214, "Latitude": 30.4356 }, "geometry": { "type": "Point", "coordinates": [ -95.521400000353907, 30.4356000000144 ] } },
{ "type": "Feature", "properties": { "OBJECTID": 24977, "Plant_Code": 3459, "Plant_Name": "Sabine", "Utility_ID": 55937, "Utility_Name": "Entergy Texas Inc.", "sector_name": "Electric Utility", "Street_Address": "1000 Powerhouse Road", "City": "Orange", "County": "Orange", "State": "Texas", "Zip": 77630, "PrimSource": "natural gas", "source_desc": "Natural Gas = 1470.4 MW", "tech_desc": "Natural Gas Steam Turbine", "Install_MW": 1811.8, "Total_MW": 1470.4, "Bat_MW": null, "Bio_MW": null, "Coal_MW": null, "Geo_MW": null, "Hydro_MW": null, "HydroPS_MW": null, "NG_MW": 1470.4, "Nuclear_MW": null, "Crude_MW": null, "Solar_MW": null, "Wind_MW": null, "Other_MW": null, "Source": "EIA-860, EIA-860M and EIA-923", "Period": "202311", "Longitude": -93.878, "Latitude": 30.0242 }, "geometry": { "type": "Point", "coordinates": [ -93.8780000000814, 30.0242000000394 ] } },
{ "type": "Feature", "properties": { "OBJECTID": 24978, "Plant_Code": 3460, "Plant_Name": "Cedar Bayou", "Utility_ID": 54888, "Utility_Name": "NRG Texas Power LLC", "sector_name": "IPP Non-CHP", "Street_Address": "7705 West Bay Road", "City": "Baytown", "County": "Chambers", "State": "Texas", "Zip": 77523, "PrimSource": "natural gas", "source_desc": "Natural Gas = 1495 MW", "tech_desc": "Natural Gas Steam Turbine", "Install_MW": 1530.0, "Total_MW": 1495.0, "Bat_MW": null, "Bio_MW": null, "Coal_MW": null, "Geo_MW": null, "Hydro_MW": null, "HydroPS_MW": null, "NG_MW": 1495.0, "Nuclear_MW": null, "Crude_MW": null, "Solar_MW": null, "Wind_MW": null, "Other_MW": null, "Source": "EIA-860, EIA-860M and EIA-923", "Period": "202311", "Longitude": -94.9256, "Latitude": 29.75 }, "geometry": { "type": "Point", "coordinates": [ -94.925599999587007, 29.749999999790699 ] } },
{ "type": "Feature", "properties": { "OBJECTID": 24979, "Plant_Code": 3464, "Plant_Name": "Greens Bayou", "Utility_ID": 54888, "Utility_Name": "NRG Texas Power LLC", "sector_name": "IPP Non-CHP", "Street_Address": "12070 Old Beaumont Highway", "City": "Houston", "County": "Harris", "State": "Texas", "Zip": 77049, "PrimSource": "natural gas", "source_desc": "Natural Gas = 328 MW", "tech_desc": "Natural Gas Fired Combustion Turbine", "Install_MW": 432.0, "Total_MW": 328.0, "Bat_MW": null, "Bio_MW": null, "Coal_MW": null, "Geo_MW": null, "Hydro_MW": null, "HydroPS_MW": null, "NG_MW": 328.0, "Nuclear_MW": null, "Crude_MW": null, "Solar_MW": null, "Wind_MW": null, "Other_MW": null, "Source": "EIA-860, EIA-860M and EIA-923", "Period": "202311", "Longitude": -95.219429, "Latitude": 29.822201 }, "geometry": { "type": "Point", "coordinates": [ -95.219428999943702, 29.822201000370601 ] } },
{ "type": "Feature", "properties": { "OBJECTID": 24980, "Plant_Code": 3469, "Plant_Name": "T H Wharton", "Utility_ID": 54888, "Utility_Name": "NRG Texas Power LLC", "sector_name": "IPP Non-CHP", "Street_Address": "16301 Highway 249", "City": "Houston", "County": "Harris", "State": "Texas", "Zip": 77064, "PrimSource": "natural gas", "source_desc": "Natural Gas = 1005 MW", "tech_desc": "Natural Gas Fired Combined Cycle; Natural Gas Fired Combustion Turbine;", "Install_MW": 1189.9, "Total_MW": 1005.0, "Bat_MW": null, "Bio_MW": null, "Coal_MW": null, "Geo_MW": null, "Hydro_MW": null, "HydroPS_MW": null, "NG_MW": 1005.0, "Nuclear_MW": null, "Crude_MW": null, "Solar_MW": null, "Wind_MW": null, "Other_MW": null, "Source": "EIA-860, EIA-860M and EIA-923", "Period": "202311", "Longitude": -95.5306, "Latitude": 29.9417 }, "geometry": { "type": "Point", "coordinates": [ -95.530600000216495, 29.9417000002531 ] } },
{ "type": "Feature", "properties": { "OBJECTID": 24981, "Plant_Code": 3470, "Plant_Name": "W A Parish", "Utility_ID": 54888, "Utility_Name": "NRG Texas Power LLC", "sector_name": "IPP Non-CHP", "Street_Address": "2500 Y. U. Jones Road", "City": "Thompsons", "County": "Fort Bend", "State": "Texas", "Zip": 77481, "PrimSource": "coal", "source_desc": "Coal = 2514 MW, Natural Gas = 1176 MW", "tech_desc": "Conventional Steam Coal; Natural Gas Fired Combustion Turbine; Natural Gas Steam Turbine", "Install_MW": 4008.4, "Total_MW": 3690.0, "Bat_MW": null, "Bio_MW": null, "Coal_MW": 2514.0, "Geo_MW": null, "Hydro_MW": null, "HydroPS_MW": null, "NG_MW": 1176.0, "Nuclear_MW": null, "Crude_MW": null, "Solar_MW": null, "Wind_MW": null, "Other_MW": null, "Source": "EIA-860, EIA-860M and EIA-923", "Period": "202311", "Longitude": -95.6311, "Latitude": 29.4828 }, "geometry": { "type": "Point", "coordinates": [ -95.631099999994404, 29.482800000096901 ] } },
{ "type": "Feature", "properties": { "OBJECTID": 24982, "Plant_Code": 3476, "Plant_Name": "Knox Lee", "Utility_ID": 17698, "Utility_Name": "Southwestern Electric Power Co", "sector_name": "Electric Utility", "Street_Address": "306 Knox Lee", "City": "Longview", "County": "Gregg", "State": "Texas", "Zip": 75603, "PrimSource": "natural gas", "source_desc": "Natural Gas = 342 MW", "tech_desc": "Natural Gas Steam Turbine", "Install_MW": 351.0, "Total_MW": 342.0, "Bat_MW": null, "Bio_MW": null, "Coal_MW": null, "Geo_MW": null, "Hydro_MW": null, "HydroPS_MW": null, "NG_MW": 342.0, "Nuclear_MW": null, "Crude_MW": null, "Solar_MW": null, "Wind_MW": null, "Other_MW": null, "Source": "EIA-860, EIA-860M and EIA-923", "Period": "202311", "Longitude": -94.6415, "Latitude": 32.3766 }, "geometry": { "type": "Point", "coordinates": [ -94.6414999998958, 32.376600000285102 ] } },
{ "type": "Feature", "properties": { "OBJECTID": 24983, "Plant_Code": 3478, "Plant_Name": "Wilkes", "Utility_ID": 17698, "Utility_Name": "Southwestern Electric Power Co", "sector_name": "Electric Utility", "Street_Address": "Highway 49", "City": "Avinger", "County": "Marion", "State": "Texas", "Zip": 75630, "PrimSource": "natural gas", "source_desc": "Natural Gas = 883 MW", "tech_desc": "Natural Gas Steam Turbine", "Install_MW": 882.0, "Total_MW": 883.0, "Bat_MW": null, "Bio_MW": null, "Coal_MW": null, "Geo_MW": null, "Hydro_MW": null, "HydroPS_MW": null, "NG_MW": 883.0, "Nuclear_MW": null, "Crude_MW": null, "Solar_MW": null, "Wind_MW": null, "Other_MW": null, "Source": "EIA-860, EIA-860M and EIA-923", "Period": "202311", "Longitude": -94.547986, "Latitude": 32.848163 }, "geometry": { "type": "Point", "coordinates": [ -94.547985999554797, 32.848163000057703 ] } },
{ "type": "Feature", "properties": { "OBJECTID": 24984, "Plant_Code": 3482, "Plant_Name": "Jones", "Utility_ID": 17718, "Utility_Name": "Southwestern Public Service Co", "sector_name": "Electric Utility", "Street_Address": "5721 E FM 3020", "City": "Lubbock", "County": "Lubbock", "State": "Texas", "Zip": 79408, "PrimSource": "natural gas", "source_desc": "Natural Gas = 820 MW", "tech_desc": "Natural Gas Fired Combustion Turbine; Natural Gas Steam Turbine;", "Install_MW": 860.4, "Total_MW": 820.0, "Bat_MW": null, "Bio_MW": null, "Coal_MW": null, "Geo_MW": null, "Hydro_MW": null, "HydroPS_MW": null, "NG_MW": 820.0, "Nuclear_MW": null, "Crude_MW": null, "Solar_MW": null, "Wind_MW": null, "Other_MW": null, "Source": "EIA-860, EIA-860M and EIA-923", "Period": "202311", "Longitude": -101.7392, "Latitude": 33.5239 }, "geometry": { "type": "Point", "coordinates": [ -101.739199999864994, 33.523900000130297 ] } },
{ "type": "Feature", "properties": { "OBJECTID": 24985, "Plant_Code": 3484, "Plant_Name": "Nichols", "Utility_ID": 17718, "Utility_Name": "Southwestern Public Service Co", "sector_name": "Electric Utility", "Street_Address": "7201 N. Lakeside Drive", "City": "Amarillo", "County": "Potter", "State": "Texas", "Zip": 79108, "PrimSource": "natural gas", "source_desc": "Natural Gas = 457 MW", "tech_desc": "Natural Gas Steam Turbine", "Install_MW": 474.7, "Total_MW": 457.0, "Bat_MW": null, "Bio_MW": null, "Coal_MW": null, "Geo_MW": null, "Hydro_MW": null, "HydroPS_MW": null, "NG_MW": 457.0, "Nuclear_MW": null, "Crude_MW": null, "Solar_MW": null, "Wind_MW": null, "Other_MW": null, "Source": "EIA-860, EIA-860M and EIA-923", "Period": "202311", "Longitude": -101.746423, "Latitude": 35.283357 }, "geometry": { "type": "Point", "coordinates": [ -101.746423000026994, 35.283356999996201 ] } },
{ "type": "Feature", "properties": { "OBJECTID": 24986, "Plant_Code": 3485, "Plant_Name": "Plant X", "Utility_ID": 17718, "Utility_Name": "Southwestern Public Service Co", "sector_name": "Electric Utility", "Street_Address": "5m  S. on Earth on FM Rd 1055", "City": "Earth", "County": "Lamb", "State": "Texas", "Zip": 79031, "PrimSource": "natural gas", "source_desc": "Natural Gas = 318 MW", "tech_desc": "Natural Gas Steam Turbine", "Install_MW": 336.4, "Total_MW": 318.0, "Bat_MW": null, "Bio_MW": null, "Coal_MW": null, "Geo_MW": null, "Hydro_MW": null, "HydroPS_MW": null, "NG_MW": 318.0, "Nuclear_MW": null, "Crude_MW": null, "Solar_MW": null, "Wind_MW": null, "Other_MW": null, "Source": "EIA-860, EIA-860M and EIA-923", "Period": "202311", "Longitude": -102.4114, "Latitude": 34.1661 }, "geometry": { "type": "Point", "coordinates": [ -102.411399999764001, 34.1661000001153 ] } },
{ "type": "Feature", "properties": { "OBJECTID": 24987, "Plant_Code": 3490, "Plant_Name": "Graham", "Utility_ID": 55983, "Utility_Name": "Luminant Generation Company LLC", "sector_name": "IPP Non-CHP", "Street_Address": "PO Box 248", "City": "Graham", "County": "Young", "State": "Texas", "Zip": 76450, "PrimSource": "natural gas", "source_desc": "Natural Gas = 629 MW", "tech_desc": "Natural Gas Steam Turbine", "Install_MW": 634.7, "Total_MW": 629.0, "Bat_MW": null, "Bio_MW": null, "Coal_MW": null, "Geo_MW": null, "Hydro_MW": null, "HydroPS_MW": null, "NG_MW": 629.0, "Nuclear_MW": null, "Crude_MW": null, "Solar_MW": null, "Wind_MW": null, "Other_MW": null, "Source": "EIA-860, EIA-860M and EIA-923", "Period": "202311", "Longitude": -98.6117, "Latitude": 33.1344 }, "geometry": { "type": "Point", "coordinates": [ -98.611700000367804, 33.134399999878802 ] } },
{ "type": "Feature", "properties": { "OBJECTID": 24988, "Plant_Code": 3491, "Plant_Name": "Handley", "Utility_ID": 6035, "Utility_Name": "Constellation Power, Inc", "sector_name": "IPP Non-CHP", "Street_Address": "6604 East Rosedale St.", "City": "Fort Worth", "County": "Tarrant", "State": "Texas", "Zip": 76112, "PrimSource": "natural gas", "source_desc": "Natural Gas = 1265 MW", "tech_desc": "Natural Gas Steam Turbine", "Install_MW": 1314.8, "Total_MW": 1265.0, "Bat_MW": null, "Bio_MW": null, "Coal_MW": null, "Geo_MW": null, "Hydro_MW": null, "HydroPS_MW": null, "NG_MW": 1265.0, "Nuclear_MW": null, "Crude_MW": null, "Solar_MW": null, "Wind_MW": null, "Other_MW": null, "Source": "EIA-860, EIA-860M and EIA-923", "Period": "202311", "Longitude": -97.2192, "Latitude": 32.7283 }, "geometry": { "type": "Point", "coordinates": [ -97.219199999735693, 32.728299999935103 ] } },
{ "type": "Feature", "properties": { "OBJECTID": 24989, "Plant_Code": 3492, "Plant_Name": "Morgan Creek", "Utility_ID": 55983, "Utility_Name": "Luminant Generation Company LLC", "sector_name": "IPP Non-CHP", "Street_Address": "3177 Hwy 163 South", "City": "Colorado City", "County": "Mitchell", "State": "Texas", "Zip": 79512, "PrimSource": "petroleum", "source_desc": "Petroleum = 397 MW", "tech_desc": "Petroleum Liquids", "Install_MW": 536.4, "Total_MW": 397.0, "Bat_MW": null, "Bio_MW": null, "Coal_MW": null, "Geo_MW": null, "Hydro_MW": null, "HydroPS_MW": null, "NG_MW": null, "Nuclear_MW": null, "Crude_MW": 397.0, "Solar_MW": null, "Wind_MW": null, "Other_MW": null, "Source": "EIA-860, EIA-860M and EIA-923", "Period": "202311", "Longitude": -100.9156, "Latitude": 32.3358 }, "geometry": { "type": "Point", "coordinates": [ -100.915600000021001, 32.335800000271597 ] } },
{ "type": "Feature", "properties": { "OBJECTID": 24990, "Plant_Code": 3494, "Plant_Name": "Permian Basin", "Utility_ID": 55983, "Utility_Name": "Luminant Generation Company LLC", "sector_name": "IPP Non-CHP", "Street_Address": "600 North Yucca Dr.", "City": "Monahans", "County": "Ward", "State": "Texas", "Zip": 79756, "PrimSource": "natural gas", "source_desc": "Natural Gas = 320 MW", "tech_desc": "Natural Gas Fired Combustion Turbine", "Install_MW": 447.0, "Total_MW": 320.0, "Bat_MW": null, "Bio_MW": null, "Coal_MW": null, "Geo_MW": null, "Hydro_MW": null, "HydroPS_MW": null, "NG_MW": 320.0, "Nuclear_MW": null, "Crude_MW": null, "Solar_MW": null, "Wind_MW": null, "Other_MW": null, "Source": "EIA-860, EIA-860M and EIA-923", "Period": "202311", "Longitude": -102.9633, "Latitude": 31.5839 }, "geometry": { "type": "Point", "coordinates": [ -102.963300000044001, 31.5838999998814 ] } },
{ "type": "Feature", "properties": { "OBJECTID": 24991, "Plant_Code": 3504, "Plant_Name": "Stryker Creek", "Utility_ID": 55983, "Utility_Name": "Luminant Generation Company LLC", "sector_name": "IPP Non-CHP", "Street_Address": "1895 FM 2420 E", "City": "Jacksonville", "County": "Cherokee", "State": "Texas", "Zip": 75785, "PrimSource": "natural gas", "source_desc": "Natural Gas = 669 MW, Petroleum = 10 MW", "tech_desc": "Natural Gas Steam Turbine; Petroleum Liquids;", "Install_MW": 713.4, "Total_MW": 679.0, "Bat_MW": null, "Bio_MW": null, "Coal_MW": null, "Geo_MW": null, "Hydro_MW": null, "HydroPS_MW": null, "NG_MW": 669.0, "Nuclear_MW": null, "Crude_MW": 10.0, "Solar_MW": null, "Wind_MW": null, "Other_MW": null, "Source": "EIA-860, EIA-860M and EIA-923", "Period": "202311", "Longitude": -94.989834, "Latitude": 31.93985 }, "geometry": { "type": "Point", "coordinates": [ -94.989833999842006, 31.939849999831999 ] } },
{ "type": "Feature", "properties": { "OBJECTID": 24992, "Plant_Code": 3507, "Plant_Name": "Trinidad (TX)", "Utility_ID": 55983, "Utility_Name": "Luminant Generation Company LLC", "sector_name": "IPP Non-CHP", "Street_Address": "1320 McEntire", "City": "Trinidad", "County": "Henderson", "State": "Texas", "Zip": 75163, "PrimSource": "natural gas", "source_desc": "Natural Gas = 235 MW, Petroleum = 4 MW", "tech_desc": "Natural Gas Steam Turbine; Petroleum Liquids;", "Install_MW": 243.3, "Total_MW": 239.0, "Bat_MW": null, "Bio_MW": null, "Coal_MW": null, "Geo_MW": null, "Hydro_MW": null, "HydroPS_MW": null, "NG_MW": 235.0, "Nuclear_MW": null, "Crude_MW": 4.0, "Solar_MW": null, "Wind_MW": null, "Other_MW": null, "Source": "EIA-860, EIA-860M and EIA-923", "Period": "202311", "Longitude": -96.101277, "Latitude": 32.124519 }, "geometry": { "type": "Point", "coordinates": [ -96.1012769997904, 32.124518999637303 ] } },
{ "type": "Feature", "properties": { "OBJECTID": 24993, "Plant_Code": 3548, "Plant_Name": "Decker Creek", "Utility_ID": 1015, "Utility_Name": "Austin Energy", "sector_name": "Electric Utility", "Street_Address": "8003 Decker Ln", "City": "Austin", "County": "Travis", "State": "Texas", "Zip": 78724, "PrimSource": "natural gas", "source_desc": "Natural Gas = 208 MW", "tech_desc": "Natural Gas Fired Combustion Turbine", "Install_MW": 206.0, "Total_MW": 208.0, "Bat_MW": null, "Bio_MW": null, "Coal_MW": null, "Geo_MW": null, "Hydro_MW": null, "HydroPS_MW": null, "NG_MW": 208.0, "Nuclear_MW": null, "Crude_MW": null, "Solar_MW": null, "Wind_MW": null, "Other_MW": null, "Source": "EIA-860, EIA-860M and EIA-923", "Period": "202311", "Longitude": -97.6128, "Latitude": 30.3033 }, "geometry": { "type": "Point", "coordinates": [ -97.612799999949203, 30.303300000195499 ] } },
{ "type": "Feature", "properties": { "OBJECTID": 24994, "Plant_Code": 3559, "Plant_Name": "Silas Ray", "Utility_ID": 2409, "Utility_Name": "Brownsville Public Utilities Board", "sector_name": "Electric Utility", "Street_Address": "94 West 13th St Power Plant Dr", "City": "Brownsville", "County": "Cameron", "State": "Texas", "Zip": 78520, "PrimSource": "natural gas", "source_desc": "Natural Gas = 107 MW, Petroleum = 5 MW", "tech_desc": "Natural Gas Fired Combined Cycle; Natural Gas Fired Combustion Turbine; Petroleum Liquids", "Install_MW": 142.5, "Total_MW": 112.0, "Bat_MW": null, "Bio_MW": null, "Coal_MW": null, "Geo_MW": null, "Hydro_MW": null, "HydroPS_MW": null, "NG_MW": 107.0, "Nuclear_MW": null, "Crude_MW": 5.0, "Solar_MW": null, "Wind_MW": null, "Other_MW": null, "Source": "EIA-860, EIA-860M and EIA-923", "Period": "202311", "Longitude": -97.5214, "Latitude": 25.9131 }, "geometry": { "type": "Point", "coordinates": [ -97.521399999576502, 25.913099999902499 ] } },
{ "type": "Feature", "properties": { "OBJECTID": 24995, "Plant_Code": 3561, "Plant_Name": "Bryan (TX)", "Utility_ID": 2442, "Utility_Name": "City of Bryan - (TX)", "sector_name": "Electric Utility", "Street_Address": "601 Atkins Street", "City": "Bryan", "County": "Brazos", "State": "Texas", "Zip": 77801, "PrimSource": "natural gas", "source_desc": "Natural Gas = 21 MW", "tech_desc": "Natural Gas Fired Combustion Turbine", "Install_MW": 22.0, "Total_MW": 21.0, "Bat_MW": null, "Bio_MW": null, "Coal_MW": null, "Geo_MW": null, "Hydro_MW": null, "HydroPS_MW": null, "NG_MW": 21.0, "Nuclear_MW": null, "Crude_MW": null, "Solar_MW": null, "Wind_MW": null, "Other_MW": null, "Source": "EIA-860, EIA-860M and EIA-923", "Period": "202311", "Longitude": -96.372316, "Latitude": 30.64741 }, "geometry": { "type": "Point", "coordinates": [ -96.372316000103694, 30.647409999764299 ] } },
{ "type": "Feature", "properties": { "OBJECTID": 24996, "Plant_Code": 3576, "Plant_Name": "Ray Olinger", "Utility_ID": 6958, "Utility_Name": "City of Garland - (TX)", "sector_name": "Electric Utility", "Street_Address": "13835 Cr 489", "City": "Navada", "County": "Collin", "State": "Texas", "Zip": 75173, "PrimSource": "natural gas", "source_desc": "Natural Gas = 395 MW", "tech_desc": "Natural Gas Fired Combustion Turbine; Natural Gas Steam Turbine;", "Install_MW": 427.7, "Total_MW": 395.0, "Bat_MW": null, "Bio_MW": null, "Coal_MW": null, "Geo_MW": null, "Hydro_MW": null, "HydroPS_MW": null, "NG_MW": 395.0, "Nuclear_MW": null, "Crude_MW": null, "Solar_MW": null, "Wind_MW": null, "Other_MW": null, "Source": "EIA-860, EIA-860M and EIA-923", "Period": "202311", "Longitude": -96.452481, "Latitude": 33.068055 }, "geometry": { "type": "Point", "coordinates": [ -96.452481000288401, 33.068054999948103 ] } },
{ "type": "Feature", "properties": { "OBJECTID": 24997, "Plant_Code": 3581, "Plant_Name": "Abbott TP 3", "Utility_ID": 7751, "Utility_Name": "Guadalupe Blanco River Authority", "sector_name": "Electric Utility", "Street_Address": "8860 F M 725", "City": "McQueeney", "County": "Guadalupe", "State": "Texas", "Zip": 78155, "PrimSource": "hydroelectric", "source_desc": "Hydroelectric = 2.8 MW", "tech_desc": "Conventional Hydroelectric", "Install_MW": 2.8, "Total_MW": 2.8, "Bat_MW": null, "Bio_MW": null, "Coal_MW": null, "Geo_MW": null, "Hydro_MW": 2.8, "HydroPS_MW": null, "NG_MW": null, "Nuclear_MW": null, "Crude_MW": null, "Solar_MW": null, "Wind_MW": null, "Other_MW": null, "Source": "EIA-860, EIA-860M and EIA-923", "Period": "202311", "Longitude": -98.040734, "Latitude": 29.593951 }, "geometry": { "type": "Point", "coordinates": [ -98.040734000190596, 29.593950999838299 ] } },
{ "type": "Feature", "properties": { "OBJECTID": 24998, "Plant_Code": 3582, "Plant_Name": "Dunlap TP 1", "Utility_ID": 7751, "Utility_Name": "Guadalupe Blanco River Authority", "sector_name": "Electric Utility", "Street_Address": "394 Canal Lane", "City": "New Brannfels", "County": "Guadalupe", "State": "Texas", "Zip": 78155, "PrimSource": "hydroelectric", "source_desc": "Hydroelectric = 3.6 MW", "tech_desc": "Conventional Hydroelectric", "Install_MW": 3.6, "Total_MW": 3.6, "Bat_MW": null, "Bio_MW": null, "Coal_MW": null, "Geo_MW": null, "Hydro_MW": 3.6, "HydroPS_MW": null, "NG_MW": null, "Nuclear_MW": null, "Crude_MW": null, "Solar_MW": null, "Wind_MW": null, "Other_MW": null, "Source": "EIA-860, EIA-860M and EIA-923", "Period": "202311", "Longitude": -98.045934, "Latitude": 29.640187 }, "geometry": { "type": "Point", "coordinates": [ -98.045933999722394, 29.6401870002842 ] } },
{ "type": "Feature", "properties": { "OBJECTID": 24999, "Plant_Code": 3583, "Plant_Name": "H 4", "Utility_ID": 7751, "Utility_Name": "Guadalupe Blanco River Authority", "sector_name": "Electric Utility", "Street_Address": "7182 FM 466", "City": "Cost", "County": "Gonzales", "State": "Texas", "Zip": 78155, "PrimSource": "hydroelectric", "source_desc": "Hydroelectric = 2.4 MW", "tech_desc": "Conventional Hydroelectric", "Install_MW": 2.4, "Total_MW": 2.4, "Bat_MW": null, "Bio_MW": null, "Coal_MW": null, "Geo_MW": null, "Hydro_MW": 2.4, "HydroPS_MW": null, "NG_MW": null, "Nuclear_MW": null, "Crude_MW": null, "Solar_MW": null, "Wind_MW": null, "Other_MW": null, "Source": "EIA-860, EIA-860M and EIA-923", "Period": "202311", "Longitude": -97.624948, "Latitude": 29.495193 }, "geometry": { "type": "Point", "coordinates": [ -97.624948000181405, 29.495192999890801 ] } },
{ "type": "Feature", "properties": { "OBJECTID": 25000, "Plant_Code": 3584, "Plant_Name": "H 5", "Utility_ID": 7751, "Utility_Name": "Guadalupe Blanco River Authority", "sector_name": "Electric Utility", "Street_Address": "1625 PR 2002", "City": "Gonzales", "County": "Gonzales", "State": "Texas", "Zip": 78155, "PrimSource": "hydroelectric", "source_desc": "Hydroelectric = 2.4 MW", "tech_desc": "Conventional Hydroelectric", "Install_MW": 2.4, "Total_MW": 2.4, "Bat_MW": null, "Bio_MW": null, "Coal_MW": null, "Geo_MW": null, "Hydro_MW": 2.4, "HydroPS_MW": null, "NG_MW": null, "Nuclear_MW": null, "Crude_MW": null, "Solar_MW": null, "Wind_MW": null, "Other_MW": null, "Source": "EIA-860, EIA-860M and EIA-923", "Period": "202311", "Longitude": -97.4919, "Latitude": 29.4681 }, "geometry": { "type": "Point", "coordinates": [ -97.491900000280793, 29.468099999685499 ] } },
{ "type": "Feature", "properties": { "OBJECTID": 25001, "Plant_Code": 3585, "Plant_Name": "Nolte", "Utility_ID": 7751, "Utility_Name": "Guadalupe Blanco River Authority", "sector_name": "Electric Utility", "Street_Address": "2220 FM 466", "City": "Seguin", "County": "Guadalupe", "State": "Texas", "Zip": 78155, "PrimSource": "hydroelectric", "source_desc": "Hydroelectric = 2.4 MW", "tech_desc": "Conventional Hydroelectric", "Install_MW": 2.4, "Total_MW": 2.4, "Bat_MW": null, "Bio_MW": null, "Coal_MW": null, "Geo_MW": null, "Hydro_MW": 2.4, "HydroPS_MW": null, "NG_MW": null, "Nuclear_MW": null, "Crude_MW": null, "Solar_MW": null, "Wind_MW": null, "Other_MW": null, "Source": "EIA-860, EIA-860M and EIA-923", "Period": "202311", "Longitude": -97.932106, "Latitude": 29.537565 }, "geometry": { "type": "Point", "coordinates": [ -97.932105999704504, 29.537564999625602 ] } },
{ "type": "Feature", "properties": { "OBJECTID": 25002, "Plant_Code": 3586, "Plant_Name": "TP 4", "Utility_ID": 7751, "Utility_Name": "Guadalupe Blanco River Authority", "sector_name": "Electric Utility", "Street_Address": "16007 FM 725", "City": "Seguin", "County": "Guadalupe", "State": "Texas", "Zip": 78155, "PrimSource": "hydroelectric", "source_desc": "Hydroelectric = 2.4 MW", "tech_desc": "Conventional Hydroelectric", "Install_MW": 2.4, "Total_MW": 2.4, "Bat_MW": null, "Bio_MW": null, "Coal_MW": null, "Geo_MW": null, "Hydro_MW": 2.4, "HydroPS_MW": null, "NG_MW": null, "Nuclear_MW": null, "Crude_MW": null, "Solar_MW": null, "Wind_MW": null, "Other_MW": null, "Source": "EIA-860, EIA-860M and EIA-923", "Period": "202311", "Longitude": -97.999587, "Latitude": 29.548136 }, "geometry": { "type": "Point", "coordinates": [ -97.999587000079799, 29.548136000186499 ] } },
{ "type": "Feature", "properties": { "OBJECTID": 25003, "Plant_Code": 3594, "Plant_Name": "Austin", "Utility_ID": 11269, "Utility_Name": "Lower Colorado River Authority", "sector_name": "Electric Utility", "Street_Address": "3629 Lake Austin Blvd", "City": "Austin", "County": "Travis", "State": "Texas", "Zip": 78703, "PrimSource": "hydroelectric", "source_desc": "Hydroelectric = 17 MW", "tech_desc": "Conventional Hydroelectric", "Install_MW": 18.0, "Total_MW": 17.0, "Bat_MW": null, "Bio_MW": null, "Coal_MW": null, "Geo_MW": null, "Hydro_MW": 17.0, "HydroPS_MW": null, "NG_MW": null, "Nuclear_MW": null, "Crude_MW": null, "Solar_MW": null, "Wind_MW": null, "Other_MW": null, "Source": "EIA-860, EIA-860M and EIA-923", "Period": "202311", "Longitude": -97.784408, "Latitude": 30.293424 }, "geometry": { "type": "Point", "coordinates": [ -97.784408000164305, 30.2934239999847 ] } },
{ "type": "Feature", "properties": { "OBJECTID": 25004, "Plant_Code": 3595, "Plant_Name": "Buchanan Dam (TX)", "Utility_ID": 11269, "Utility_Name": "Lower Colorado River Authority", "sector_name": "Electric Utility", "Street_Address": "815 Buchanan Plant Rd", "City": "Buchanan Dam", "County": "Llano", "State": "Texas", "Zip": 78609, "PrimSource": "hydroelectric", "source_desc": "Hydroelectric = 54.9 MW", "tech_desc": "Conventional Hydroelectric", "Install_MW": 54.9, "Total_MW": 54.9, "Bat_MW": null, "Bio_MW": null, "Coal_MW": null, "Geo_MW": null, "Hydro_MW": 54.9, "HydroPS_MW": null, "NG_MW": null, "Nuclear_MW": null, "Crude_MW": null, "Solar_MW": null, "Wind_MW": null, "Other_MW": null, "Source": "EIA-860, EIA-860M and EIA-923", "Period": "202311", "Longitude": -98.4176, "Latitude": 30.7507 }, "geometry": { "type": "Point", "coordinates": [ -98.417600000035193, 30.750699999776302 ] } },
{ "type": "Feature", "properties": { "OBJECTID": 25005, "Plant_Code": 3597, "Plant_Name": "Granite Shoals", "Utility_ID": 11269, "Utility_Name": "Lower Colorado River Authority", "sector_name": "Electric Utility", "Street_Address": "3138 North Wirtz Dam Rd", "City": "Marble Falls", "County": "Burnet", "State": "Texas", "Zip": 78654, "PrimSource": "hydroelectric", "source_desc": "Hydroelectric = 54 MW", "tech_desc": "Conventional Hydroelectric", "Install_MW": 54.0, "Total_MW": 54.0, "Bat_MW": null, "Bio_MW": null, "Coal_MW": null, "Geo_MW": null, "Hydro_MW": 54.0, "HydroPS_MW": null, "NG_MW": null, "Nuclear_MW": null, "Crude_MW": null, "Solar_MW": null, "Wind_MW": null, "Other_MW": null, "Source": "EIA-860, EIA-860M and EIA-923", "Period": "202311", "Longitude": -98.3384, "Latitude": 30.556 }, "geometry": { "type": "Point", "coordinates": [ -98.338399999773102, 30.555999999985701 ] } },
{ "type": "Feature", "properties": { "OBJECTID": 25006, "Plant_Code": 3598, "Plant_Name": "Inks", "Utility_ID": 11269, "Utility_Name": "Lower Colorado River Authority", "sector_name": "Electric Utility", "Street_Address": "422 Inks Dam Rd.", "City": "Buchanan Dam", "County": "Burnet", "State": "Texas", "Zip": 78609, "PrimSource": "hydroelectric", "source_desc": "Hydroelectric = 13.8 MW", "tech_desc": "Conventional Hydroelectric", "Install_MW": 15.0, "Total_MW": 13.8, "Bat_MW": null, "Bio_MW": null, "Coal_MW": null, "Geo_MW": null, "Hydro_MW": 13.8, "HydroPS_MW": null, "NG_MW": null, "Nuclear_MW": null, "Crude_MW": null, "Solar_MW": null, "Wind_MW": null, "Other_MW": null, "Source": "EIA-860, EIA-860M and EIA-923", "Period": "202311", "Longitude": -98.385422, "Latitude": 30.731599 }, "geometry": { "type": "Point", "coordinates": [ -98.385421999808401, 30.731599000371499 ] } },
{ "type": "Feature", "properties": { "OBJECTID": 25007, "Plant_Code": 3599, "Plant_Name": "Marble Falls", "Utility_ID": 11269, "Utility_Name": "Lower Colorado River Authority", "sector_name": "Electric Utility", "Street_Address": "1395 Starke Dam Rd.", "City": "Marble Falls", "County": "Burnet", "State": "Texas", "Zip": 78654, "PrimSource": "hydroelectric", "source_desc": "Hydroelectric = 39.6 MW", "tech_desc": "Conventional Hydroelectric", "Install_MW": 39.6, "Total_MW": 39.6, "Bat_MW": null, "Bio_MW": null, "Coal_MW": null, "Geo_MW": null, "Hydro_MW": 39.6, "HydroPS_MW": null, "NG_MW": null, "Nuclear_MW": null, "Crude_MW": null, "Solar_MW": null, "Wind_MW": null, "Other_MW": null, "Source": "EIA-860, EIA-860M and EIA-923", "Period": "202311", "Longitude": -98.257593, "Latitude": 30.555288 }, "geometry": { "type": "Point", "coordinates": [ -98.257592999706105, 30.555288000141498 ] } },
{ "type": "Feature", "properties": { "OBJECTID": 25008, "Plant_Code": 3600, "Plant_Name": "Marshall Ford", "Utility_ID": 11269, "Utility_Name": "Lower Colorado River Authority", "sector_name": "Electric Utility", "Street_Address": "4400 Ranch Road", "City": "Austin", "County": "Travis", "State": "Texas", "Zip": 78732, "PrimSource": "hydroelectric", "source_desc": "Hydroelectric = 108 MW", "tech_desc": "Conventional Hydroelectric", "Install_MW": 108.0, "Total_MW": 108.0, "Bat_MW": null, "Bio_MW": null, "Coal_MW": null, "Geo_MW": null, "Hydro_MW": 108.0, "HydroPS_MW": null, "NG_MW": null, "Nuclear_MW": null, "Crude_MW": null, "Solar_MW": null, "Wind_MW": null, "Other_MW": null, "Source": "EIA-860, EIA-860M and EIA-923", "Period": "202311", "Longitude": -97.9073, "Latitude": 30.3899 }, "geometry": { "type": "Point", "coordinates": [ -97.907299999602301, 30.389899999828099 ] } },
{ "type": "Feature", "properties": { "OBJECTID": 25009, "Plant_Code": 3601, "Plant_Name": "Sim Gideon", "Utility_ID": 11269, "Utility_Name": "Lower Colorado River Authority", "sector_name": "Electric Utility", "Street_Address": "257 Power Plant Rd.", "City": "Bastrop", "County": "Bastrop", "State": "Texas", "Zip": 78602, "PrimSource": "natural gas", "source_desc": "Natural Gas = 607 MW", "tech_desc": "Natural Gas Steam Turbine", "Install_MW": 623.0, "Total_MW": 607.0, "Bat_MW": null, "Bio_MW": null, "Coal_MW": null, "Geo_MW": null, "Hydro_MW": null, "HydroPS_MW": null, "NG_MW": 607.0, "Nuclear_MW": null, "Crude_MW": null, "Solar_MW": null, "Wind_MW": null, "Other_MW": null, "Source": "EIA-860, EIA-860M and EIA-923", "Period": "202311", "Longitude": -97.2708, "Latitude": 30.1456 }, "geometry": { "type": "Point", "coordinates": [ -97.270800000410006, 30.145600000001998 ] } },
{ "type": "Feature", "properties": { "OBJECTID": 25010, "Plant_Code": 3602, "Plant_Name": "Ty Cooke", "Utility_ID": 11292, "Utility_Name": "City of Lubbock - (TX)", "sector_name": "Electric Utility", "Street_Address": "3500 E. Slaton Hwy", "City": "Lubbock", "County": "Lubbock", "State": "Texas", "Zip": 79404, "PrimSource": "natural gas", "source_desc": "Natural Gas = 120 MW", "tech_desc": "Natural Gas Fired Combustion Turbine; Natural Gas Steam Turbine;", "Install_MW": 138.1, "Total_MW": 120.0, "Bat_MW": null, "Bio_MW": null, "Coal_MW": null, "Geo_MW": null, "Hydro_MW": null, "HydroPS_MW": null, "NG_MW": 120.0, "Nuclear_MW": null, "Crude_MW": null, "Solar_MW": null, "Wind_MW": null, "Other_MW": null, "Source": "EIA-860, EIA-860M and EIA-923", "Period": "202311", "Longitude": -101.7906, "Latitude": 33.5211 }, "geometry": { "type": "Point", "coordinates": [ -101.790599999625002, 33.5211000000063 ] } },
{ "type": "Feature", "properties": { "OBJECTID": 25011, "Plant_Code": 3604, "Plant_Name": "J Robert Massengale", "Utility_ID": 11292, "Utility_Name": "City of Lubbock - (TX)", "sector_name": "Electric Utility", "Street_Address": "230 Massengale Drive", "City": "Lubock", "County": "Lubbock", "State": "Texas", "Zip": 79401, "PrimSource": "natural gas", "source_desc": "Natural Gas = 74 MW", "tech_desc": "Natural Gas Fired Combined Cycle", "Install_MW": 84.0, "Total_MW": 74.0, "Bat_MW": null, "Bio_MW": null, "Coal_MW": null, "Geo_MW": null, "Hydro_MW": null, "HydroPS_MW": null, "NG_MW": 74.0, "Nuclear_MW": null, "Crude_MW": null, "Solar_MW": null, "Wind_MW": null, "Other_MW": null, "Source": "EIA-860, EIA-860M and EIA-923", "Period": "202311", "Longitude": -101.8408, "Latitude": 33.6039 }, "geometry": { "type": "Point", "coordinates": [ -101.840800000182995, 33.603899999849197 ] } },
{ "type": "Feature", "properties": { "OBJECTID": 25012, "Plant_Code": 3609, "Plant_Name": "Leon Creek", "Utility_ID": 16604, "Utility_Name": "City of San Antonio - (TX)", "sector_name": "Electric Utility", "Street_Address": "7718 Quintana Rd.", "City": "San Antonio", "County": "Bexar", "State": "Texas", "Zip": 78211, "PrimSource": "natural gas", "source_desc": "Natural Gas = 184 MW", "tech_desc": "Natural Gas Fired Combustion Turbine", "Install_MW": 229.6, "Total_MW": 184.0, "Bat_MW": null, "Bio_MW": null, "Coal_MW": null, "Geo_MW": null, "Hydro_MW": null, "HydroPS_MW": null, "NG_MW": 184.0, "Nuclear_MW": null, "Crude_MW": null, "Solar_MW": null, "Wind_MW": null, "Other_MW": null, "Source": "EIA-860, EIA-860M and EIA-923", "Period": "202311", "Longitude": -98.5761, "Latitude": 29.3525 }, "geometry": { "type": "Point", "coordinates": [ -98.576100000118402, 29.352500000263799 ] } },
{ "type": "Feature", "properties": { "OBJECTID": 25013, "Plant_Code": 3611, "Plant_Name": "O W Sommers", "Utility_ID": 16604, "Utility_Name": "City of San Antonio - (TX)", "sector_name": "Electric Utility", "Street_Address": "12940 US Hwy 181 South", "City": "San Antonio", "County": "Bexar", "State": "Texas", "Zip": 78263, "PrimSource": "natural gas", "source_desc": "Natural Gas = 830 MW", "tech_desc": "Natural Gas Steam Turbine", "Install_MW": 892.0, "Total_MW": 830.0, "Bat_MW": null, "Bio_MW": null, "Coal_MW": null, "Geo_MW": null, "Hydro_MW": null, "HydroPS_MW": null, "NG_MW": 830.0, "Nuclear_MW": null, "Crude_MW": null, "Solar_MW": null, "Wind_MW": null, "Other_MW": null, "Source": "EIA-860, EIA-860M and EIA-923", "Period": "202311", "Longitude": -98.3242, "Latitude": 29.308056 }, "geometry": { "type": "Point", "coordinates": [ -98.324200000395393, 29.3080560003364 ] } },
{ "type": "Feature", "properties": { "OBJECTID": 25014, "Plant_Code": 3612, "Plant_Name": "V H Braunig", "Utility_ID": 16604, "Utility_Name": "City of San Antonio - (TX)", "sector_name": "Electric Utility", "Street_Address": "15290 Streich Rd.", "City": "Elmendorf", "County": "Bexar", "State": "Texas", "Zip": 78112, "PrimSource": "natural gas", "source_desc": "Natural Gas = 1050 MW", "tech_desc": "Natural Gas Fired Combustion Turbine; Natural Gas Steam Turbine;", "Install_MW": 1138.0, "Total_MW": 1050.0, "Bat_MW": null, "Bio_MW": null, "Coal_MW": null, "Geo_MW": null, "Hydro_MW": null, "HydroPS_MW": null, "NG_MW": 1050.0, "Nuclear_MW": null, "Crude_MW": null, "Solar_MW": null, "Wind_MW": null, "Other_MW": null, "Source": "EIA-860, EIA-860M and EIA-923", "Period": "202311", "Longitude": -98.3825, "Latitude": 29.2567 }, "geometry": { "type": "Point", "coordinates": [ -98.382500000276295, 29.2566999999882 ] } },
{ "type": "Feature", "properties": { "OBJECTID": 25015, "Plant_Code": 3628, "Plant_Name": "R W Miller", "Utility_ID": 2172, "Utility_Name": "Brazos Electric Power Coop Inc", "sector_name": "Electric Utility", "Street_Address": "2217 F.M.Road 3137", "City": "Palo Pinto", "County": "Palo Pinto", "State": "Texas", "Zip": 76484, "PrimSource": "natural gas", "source_desc": "Natural Gas = 574 MW", "tech_desc": "Natural Gas Fired Combustion Turbine; Natural Gas Steam Turbine;", "Install_MW": 603.6, "Total_MW": 574.0, "Bat_MW": null, "Bio_MW": null, "Coal_MW": null, "Geo_MW": null, "Hydro_MW": null, "HydroPS_MW": null, "NG_MW": 574.0, "Nuclear_MW": null, "Crude_MW": null, "Solar_MW": null, "Wind_MW": null, "Other_MW": null, "Source": "EIA-860, EIA-860M and EIA-923", "Period": "202311", "Longitude": -98.3103, "Latitude": 32.6581 }, "geometry": { "type": "Point", "coordinates": [ -98.310299999694905, 32.658099999870799 ] } },
{ "type": "Feature", "properties": { "OBJECTID": 25016, "Plant_Code": 3630, "Plant_Name": "Pearsall", "Utility_ID": 17583, "Utility_Name": "South Texas Electric Coop, Inc", "sector_name": "Electric Utility", "Street_Address": "2393 County Road 1005", "City": "Pearsall", "County": "Frio", "State": "Texas", "Zip": 78061, "PrimSource": "natural gas", "source_desc": "Natural Gas = 201.6 MW", "tech_desc": "Natural Gas Internal Combustion Engine", "Install_MW": 201.6, "Total_MW": 201.6, "Bat_MW": null, "Bio_MW": null, "Coal_MW": null, "Geo_MW": null, "Hydro_MW": null, "HydroPS_MW": null, "NG_MW": 201.6, "Nuclear_MW": null, "Crude_MW": null, "Solar_MW": null, "Wind_MW": null, "Other_MW": null, "Source": "EIA-860, EIA-860M and EIA-923", "Period": "202311", "Longitude": -99.0919, "Latitude": 28.9275 }, "geometry": { "type": "Point", "coordinates": [ -99.091899999658807, 28.927499999836499 ] } },
{ "type": "Feature", "properties": { "OBJECTID": 25017, "Plant_Code": 3631, "Plant_Name": "Sam Rayburn", "Utility_ID": 17583, "Utility_Name": "South Texas Electric Coop, Inc", "sector_name": "Electric Utility", "Street_Address": "2849 FM 447", "City": "Nursery", "County": "Victoria", "State": "Texas", "Zip": 77976, "PrimSource": "natural gas", "source_desc": "Natural Gas = 183 MW, Petroleum = 1.8 MW", "tech_desc": "Natural Gas Fired Combined Cycle; Petroleum Liquids;", "Install_MW": 192.8, "Total_MW": 184.8, "Bat_MW": null, "Bio_MW": null, "Coal_MW": null, "Geo_MW": null, "Hydro_MW": null, "HydroPS_MW": null, "NG_MW": 183.0, "Nuclear_MW": null, "Crude_MW": 1.8, "Solar_MW": null, "Wind_MW": null, "Other_MW": null, "Source": "EIA-860, EIA-860M and EIA-923", "Period": "202311", "Longitude": -97.135, "Latitude": 28.8947 }, "geometry": { "type": "Point", "coordinates": [ -97.134999999958396, 28.894699999972001 ] } },
{ "type": "Feature", "properties": { "OBJECTID": 25208, "Plant_Code": 4195, "Plant_Name": "Powerlane Plant", "Utility_ID": 7634, "Utility_Name": "City of Greenville - (TX)", "sector_name": "Electric Utility", "Street_Address": "4201 Powerlane", "City": "Greenville", "County": "Hunt", "State": "Texas", "Zip": 75401, "PrimSource": "natural gas", "source_desc": "Natural Gas = 106.6 MW", "tech_desc": "Natural Gas Internal Combustion Engine; Natural Gas Steam Turbine;", "Install_MW": 112.2, "Total_MW": 106.6, "Bat_MW": null, "Bio_MW": null, "Coal_MW": null, "Geo_MW": null, "Hydro_MW": null, "HydroPS_MW": null, "NG_MW": 106.6, "Nuclear_MW": null, "Crude_MW": null, "Solar_MW": null, "Wind_MW": null, "Other_MW": null, "Source": "EIA-860, EIA-860M and EIA-923", "Period": "202311", "Longitude": -96.1264, "Latitude": 33.1707 }, "geometry": { "type": "Point", "coordinates": [ -96.126400000084999, 33.170699999861498 ] } },
{ "type": "Feature", "properties": { "OBJECTID": 25218, "Plant_Code": 4266, "Plant_Name": "Spencer", "Utility_ID": 6958, "Utility_Name": "City of Garland - (TX)", "sector_name": "Electric Utility", "Street_Address": "1701 A Spencer Road", "City": "Denton", "County": "Denton", "State": "Texas", "Zip": 76205, "PrimSource": "natural gas", "source_desc": "Natural Gas = 122 MW", "tech_desc": "Natural Gas Steam Turbine", "Install_MW": 126.5, "Total_MW": 122.0, "Bat_MW": null, "Bio_MW": null, "Coal_MW": null, "Geo_MW": null, "Hydro_MW": null, "HydroPS_MW": null, "NG_MW": 122.0, "Nuclear_MW": null, "Crude_MW": null, "Solar_MW": null, "Wind_MW": null, "Other_MW": null, "Source": "EIA-860, EIA-860M and EIA-923", "Period": "202311", "Longitude": -97.1061, "Latitude": 33.1975 }, "geometry": { "type": "Point", "coordinates": [ -97.106099999814006, 33.197499999947901 ] } },
{ "type": "Feature", "properties": { "OBJECTID": 25221, "Plant_Code": 4937, "Plant_Name": "Thomas C Ferguson", "Utility_ID": 11269, "Utility_Name": "Lower Colorado River Authority", "sector_name": "Electric Utility", "Street_Address": "2001 Ferguson Rd.", "City": "Horseshoe Bay", "County": "Llano", "State": "Texas", "Zip": 78654, "PrimSource": "natural gas", "source_desc": "Natural Gas = 516 MW", "tech_desc": "Natural Gas Fired Combined Cycle", "Install_MW": 574.6, "Total_MW": 516.0, "Bat_MW": null, "Bio_MW": null, "Coal_MW": null, "Geo_MW": null, "Hydro_MW": null, "HydroPS_MW": null, "NG_MW": 516.0, "Nuclear_MW": null, "Crude_MW": null, "Solar_MW": null, "Wind_MW": null, "Other_MW": null, "Source": "EIA-860, EIA-860M and EIA-923", "Period": "202311", "Longitude": -98.3721, "Latitude": 30.558 }, "geometry": { "type": "Point", "coordinates": [ -98.372100000314504, 30.558000000138598 ] } },
{ "type": "Feature", "properties": { "OBJECTID": 25222, "Plant_Code": 4939, "Plant_Name": "Barney M Davis", "Utility_ID": 49979, "Utility_Name": "Talen Texas, LLC", "sector_name": "IPP Non-CHP", "Street_Address": "4301 Waldron Rd", "City": "Corpus Christi", "County": "Nueces", "State": "Texas", "Zip": 78418, "PrimSource": "natural gas", "source_desc": "Natural Gas = 925 MW", "tech_desc": "Natural Gas Fired Combined Cycle; Natural Gas Steam Turbine;", "Install_MW": 1082.2, "Total_MW": 925.0, "Bat_MW": null, "Bio_MW": null, "Coal_MW": null, "Geo_MW": null, "Hydro_MW": null, "HydroPS_MW": null, "NG_MW": 925.0, "Nuclear_MW": null, "Crude_MW": null, "Solar_MW": null, "Wind_MW": null, "Other_MW": null, "Source": "EIA-860, EIA-860M and EIA-923", "Period": "202311", "Longitude": -97.3117, "Latitude": 27.6064 }, "geometry": { "type": "Point", "coordinates": [ -97.311699999750303, 27.606400000134599 ] } },
{ "type": "Feature", "properties": { "OBJECTID": 25302, "Plant_Code": 6128, "Plant_Name": "Amistad Dam & Power", "Utility_ID": 9339, "Utility_Name": "International Bound & Wtr Comm", "sector_name": "Electric Utility", "Street_Address": "670 Texas Spur 349", "City": "Del Rio", "County": "Val Verde", "State": "Texas", "Zip": 78840, "PrimSource": "hydroelectric", "source_desc": "Hydroelectric = 58 MW", "tech_desc": "Conventional Hydroelectric", "Install_MW": 66.0, "Total_MW": 58.0, "Bat_MW": null, "Bio_MW": null, "Coal_MW": null, "Geo_MW": null, "Hydro_MW": 58.0, "HydroPS_MW": null, "NG_MW": null, "Nuclear_MW": null, "Crude_MW": null, "Solar_MW": null, "Wind_MW": null, "Other_MW": null, "Source": "EIA-860, EIA-860M and EIA-923", "Period": "202311", "Longitude": -101.06011, "Latitude": 29.449827 }, "geometry": { "type": "Point", "coordinates": [ -101.060109999890003, 29.449827000344602 ] } },
{ "type": "Feature", "properties": { "OBJECTID": 25309, "Plant_Code": 6139, "Plant_Name": "Welsh", "Utility_ID": 17698, "Utility_Name": "Southwestern Electric Power Co", "sector_name": "Electric Utility", "Street_Address": "FM Rd 1735", "City": "Pittsburg", "County": "Titus", "State": "Texas", "Zip": 75686, "PrimSource": "coal", "source_desc": "Coal = 1000 MW", "tech_desc": "Conventional Steam Coal", "Install_MW": 1116.0, "Total_MW": 1000.0, "Bat_MW": null, "Bio_MW": null, "Coal_MW": 1000.0, "Geo_MW": null, "Hydro_MW": null, "HydroPS_MW": null, "NG_MW": null, "Nuclear_MW": null, "Crude_MW": null, "Solar_MW": null, "Wind_MW": null, "Other_MW": null, "Source": "EIA-860, EIA-860M and EIA-923", "Period": "202311", "Longitude": -94.839993, "Latitude": 33.05522 }, "geometry": { "type": "Point", "coordinates": [ -94.839993000021295, 33.055219999893097 ] } },
{ "type": "Feature", "properties": { "OBJECTID": 25313, "Plant_Code": 6145, "Plant_Name": "Comanche Peak", "Utility_ID": 55983, "Utility_Name": "Luminant Generation Company LLC", "sector_name": "IPP Non-CHP", "Street_Address": "Farm to Market Road 56", "City": "Glen Rose", "County": "Somervell", "State": "Texas", "Zip": 76043, "PrimSource": "nuclear", "source_desc": "Nuclear = 2400 MW", "tech_desc": "Nuclear", "Install_MW": 2430.0, "Total_MW": 2400.0, "Bat_MW": null, "Bio_MW": null, "Coal_MW": null, "Geo_MW": null, "Hydro_MW": null, "HydroPS_MW": null, "NG_MW": null, "Nuclear_MW": 2400.0, "Crude_MW": null, "Solar_MW": null, "Wind_MW": null, "Other_MW": null, "Source": "EIA-860, EIA-860M and EIA-923", "Period": "202311", "Longitude": -97.785515, "Latitude": 32.298365 }, "geometry": { "type": "Point", "coordinates": [ -97.785515000377202, 32.298365000087102 ] } },
{ "type": "Feature", "properties": { "OBJECTID": 25314, "Plant_Code": 6146, "Plant_Name": "Martin Lake", "Utility_ID": 55983, "Utility_Name": "Luminant Generation Company LLC", "sector_name": "IPP Non-CHP", "Street_Address": "PO Box 651", "City": "Tatum", "County": "Rusk", "State": "Texas", "Zip": 75691, "PrimSource": "coal", "source_desc": "Coal = 2410 MW", "tech_desc": "Conventional Steam Coal", "Install_MW": 2379.6, "Total_MW": 2410.0, "Bat_MW": null, "Bio_MW": null, "Coal_MW": 2410.0, "Geo_MW": null, "Hydro_MW": null, "HydroPS_MW": null, "NG_MW": null, "Nuclear_MW": null, "Crude_MW": null, "Solar_MW": null, "Wind_MW": null, "Other_MW": null, "Source": "EIA-860, EIA-860M and EIA-923", "Period": "202311", "Longitude": -94.5706, "Latitude": 32.2606 }, "geometry": { "type": "Point", "coordinates": [ -94.570599999871007, 32.260600000284803 ] } },
{ "type": "Feature", "properties": { "OBJECTID": 25334, "Plant_Code": 6178, "Plant_Name": "Coleto Creek", "Utility_ID": 56570, "Utility_Name": "Coleto Creek Power LP", "sector_name": "IPP Non-CHP", "Street_Address": "FM 2987 off Hwy 59", "City": "Fannin", "County": "Goliad", "State": "Texas", "Zip": 77960, "PrimSource": "coal", "source_desc": "Coal = 655 MW", "tech_desc": "Conventional Steam Coal", "Install_MW": 622.4, "Total_MW": 655.0, "Bat_MW": null, "Bio_MW": null, "Coal_MW": 655.0, "Geo_MW": null, "Hydro_MW": null, "HydroPS_MW": null, "NG_MW": null, "Nuclear_MW": null, "Crude_MW": null, "Solar_MW": null, "Wind_MW": null, "Other_MW": null, "Source": "EIA-860, EIA-860M and EIA-923", "Period": "202311", "Longitude": -97.214167, "Latitude": 28.7128 }, "geometry": { "type": "Point", "coordinates": [ -97.214166999710201, 28.712799999943101 ] } },
{ "type": "Feature", "properties": { "OBJECTID": 25335, "Plant_Code": 6179, "Plant_Name": "Fayette Power Project", "Utility_ID": 11269, "Utility_Name": "Lower Colorado River Authority", "sector_name": "Electric Utility", "Street_Address": "6549 Power Plant Rd.", "City": "La Grange", "County": "Fayette", "State": "Texas", "Zip": 78945, "PrimSource": "coal", "source_desc": "Coal = 1615 MW", "tech_desc": "Conventional Steam Coal", "Install_MW": 1690.0, "Total_MW": 1615.0, "Bat_MW": null, "Bio_MW": null, "Coal_MW": 1615.0, "Geo_MW": null, "Hydro_MW": null, "HydroPS_MW": null, "NG_MW": null, "Nuclear_MW": null, "Crude_MW": null, "Solar_MW": null, "Wind_MW": null, "Other_MW": null, "Source": "EIA-860, EIA-860M and EIA-923", "Period": "202311", "Longitude": -96.7506, "Latitude": 29.9172 }, "geometry": { "type": "Point", "coordinates": [ -96.750599999607502, 29.917199999858401 ] } },
{ "type": "Feature", "properties": { "OBJECTID": 25336, "Plant_Code": 6180, "Plant_Name": "Oak Grove (TX)", "Utility_ID": 55983, "Utility_Name": "Luminant Generation Company LLC", "sector_name": "IPP Non-CHP", "Street_Address": "P.O. Box 558", "City": "Franklin", "County": "Robertson", "State": "Texas", "Zip": 77856, "PrimSource": "coal", "source_desc": "Coal = 1710 MW", "tech_desc": "Conventional Steam Coal", "Install_MW": 1795.4, "Total_MW": 1710.0, "Bat_MW": null, "Bio_MW": null, "Coal_MW": 1710.0, "Geo_MW": null, "Hydro_MW": null, "HydroPS_MW": null, "NG_MW": null, "Nuclear_MW": null, "Crude_MW": null, "Solar_MW": null, "Wind_MW": null, "Other_MW": null, "Source": "EIA-860, EIA-860M and EIA-923", "Period": "202311", "Longitude": -96.4866, "Latitude": 31.1803 }, "geometry": { "type": "Point", "coordinates": [ -96.486600000231107, 31.180300000183699 ] } },
{ "type": "Feature", "properties": { "OBJECTID": 25337, "Plant_Code": 6183, "Plant_Name": "San Miguel", "Utility_ID": 16624, "Utility_Name": "San Miguel Electric Coop, Inc", "sector_name": "Electric Utility", "Street_Address": "6200 FM 3387", "City": "Christine", "County": "Atascosa", "State": "Texas", "Zip": 78012, "PrimSource": "coal", "source_desc": "Coal = 391 MW", "tech_desc": "Conventional Steam Coal", "Install_MW": 410.0, "Total_MW": 391.0, "Bat_MW": null, "Bio_MW": null, "Coal_MW": 391.0, "Geo_MW": null, "Hydro_MW": null, "HydroPS_MW": null, "NG_MW": null, "Nuclear_MW": null, "Crude_MW": null, "Solar_MW": null, "Wind_MW": null, "Other_MW": null, "Source": "EIA-860, EIA-860M and EIA-923", "Period": "202311", "Longitude": -98.4775, "Latitude": 28.7044 }, "geometry": { "type": "Point", "coordinates": [ -98.477500000048494, 28.704399999688999 ] } },
{ "type": "Feature", "properties": { "OBJECTID": 25341, "Plant_Code": 6193, "Plant_Name": "Harrington", "Utility_ID": 17718, "Utility_Name": "Southwestern Public Service Co", "sector_name": "Electric Utility", "Street_Address": "8400 N.Lakeside Dr.", "City": "Amarillo", "County": "Potter", "State": "Texas", "Zip": 79108, "PrimSource": "coal", "source_desc": "Coal = 1018 MW", "tech_desc": "Conventional Steam Coal", "Install_MW": 1080.0, "Total_MW": 1018.0, "Bat_MW": null, "Bio_MW": null, "Coal_MW": 1018.0, "Geo_MW": null, "Hydro_MW": null, "HydroPS_MW": null, "NG_MW": null, "Nuclear_MW": null, "Crude_MW": null, "Solar_MW": null, "Wind_MW": null, "Other_MW": null, "Source": "EIA-860, EIA-860M and EIA-923", "Period": "202311", "Longitude": -101.747187, "Latitude": 35.29816 }, "geometry": { "type": "Point", "coordinates": [ -101.747187000107999, 35.298160000225202 ] } },
{ "type": "Feature", "properties": { "OBJECTID": 25342, "Plant_Code": 6194, "Plant_Name": "Tolk", "Utility_ID": 17718, "Utility_Name": "Southwestern Public Service Co", "sector_name": "Electric Utility", "Street_Address": "9m E. of Muleshoe on Hwy 70", "City": "Muleshoe", "County": "Lamb", "State": "Texas", "Zip": 79371, "PrimSource": "coal", "source_desc": "Coal = 1067 MW", "tech_desc": "Conventional Steam Coal", "Install_MW": 1135.8, "Total_MW": 1067.0, "Bat_MW": null, "Bio_MW": null, "Coal_MW": 1067.0, "Geo_MW": null, "Hydro_MW": null, "HydroPS_MW": null, "NG_MW": null, "Nuclear_MW": null, "Crude_MW": null, "Solar_MW": null, "Wind_MW": null, "Other_MW": null, "Source": "EIA-860, EIA-860M and EIA-923", "Period": "202311", "Longitude": -102.56999, "Latitude": 34.186494 }, "geometry": { "type": "Point", "coordinates": [ -102.569990000258997, 34.186494000128697 ] } },
{ "type": "Feature", "properties": { "OBJECTID": 25359, "Plant_Code": 6243, "Plant_Name": "Dansby", "Utility_ID": 2442, "Utility_Name": "City of Bryan - (TX)", "sector_name": "Electric Utility", "Street_Address": "8181 Mumford Road", "City": "Bryan", "County": "Brazos", "State": "Texas", "Zip": 77807, "PrimSource": "natural gas", "source_desc": "Natural Gas = 204.2 MW", "tech_desc": "Natural Gas Fired Combustion Turbine; Natural Gas Steam Turbine;", "Install_MW": 203.2, "Total_MW": 204.2, "Bat_MW": null, "Bio_MW": null, "Coal_MW": null, "Geo_MW": null, "Hydro_MW": null, "HydroPS_MW": null, "NG_MW": 204.2, "Nuclear_MW": null, "Crude_MW": null, "Solar_MW": null, "Wind_MW": null, "Other_MW": null, "Source": "EIA-860, EIA-860M and EIA-923", "Period": "202311", "Longitude": -96.4608, "Latitude": 30.7217 }, "geometry": { "type": "Point", "coordinates": [ -96.460799999893993, 30.721699999786701 ] } },
{ "type": "Feature", "properties": { "OBJECTID": 25363, "Plant_Code": 6251, "Plant_Name": "South Texas Project", "Utility_ID": 21535, "Utility_Name": "STP Nuclear Operating Co", "sector_name": "IPP Non-CHP", "Street_Address": "8 mi. W. of Wadsworth on FM521", "City": "Wadsworth", "County": "Matagorda", "State": "Texas", "Zip": 77483, "PrimSource": "nuclear", "source_desc": "Nuclear = 2580 MW", "tech_desc": "Nuclear", "Install_MW": 2708.6, "Total_MW": 2580.0, "Bat_MW": null, "Bio_MW": null, "Coal_MW": null, "Geo_MW": null, "Hydro_MW": null, "HydroPS_MW": null, "NG_MW": null, "Nuclear_MW": 2580.0, "Crude_MW": null, "Solar_MW": null, "Wind_MW": null, "Other_MW": null, "Source": "EIA-860, EIA-860M and EIA-923", "Period": "202311", "Longitude": -96.0481, "Latitude": 28.795 }, "geometry": { "type": "Point", "coordinates": [ -96.048100000346594, 28.795000000257598 ] } },
{ "type": "Feature", "properties": { "OBJECTID": 25422, "Plant_Code": 6410, "Plant_Name": "Falcon Dam & Power", "Utility_ID": 9339, "Utility_Name": "International Bound & Wtr Comm", "sector_name": "Electric Utility", "Street_Address": "PO Bx 1, FM 2098 Reservoir Rd", "City": "Falcon Heights", "County": "Starr", "State": "Texas", "Zip": 78545, "PrimSource": "hydroelectric", "source_desc": "Hydroelectric = 30.5 MW", "tech_desc": "Conventional Hydroelectric", "Install_MW": 31.5, "Total_MW": 30.5, "Bat_MW": null, "Bio_MW": null, "Coal_MW": null, "Geo_MW": null, "Hydro_MW": 30.5, "HydroPS_MW": null, "NG_MW": null, "Nuclear_MW": null, "Crude_MW": null, "Solar_MW": null, "Wind_MW": null, "Other_MW": null, "Source": "EIA-860, EIA-860M and EIA-923", "Period": "202311", "Longitude": -99.1642, "Latitude": 26.5575 }, "geometry": { "type": "Point", "coordinates": [ -99.164199999799294, 26.557500000343801 ] } },
{ "type": "Feature", "properties": { "OBJECTID": 25423, "Plant_Code": 6413, "Plant_Name": "Sam Rayburn Dam", "Utility_ID": 19449, "Utility_Name": "USACE-Fort Worth District", "sector_name": "Electric Utility", "Street_Address": "7696 RR 255 West", "City": "Jasper", "County": "Jasper", "State": "Texas", "Zip": 75951, "PrimSource": "hydroelectric", "source_desc": "Hydroelectric = 52 MW", "tech_desc": "Conventional Hydroelectric", "Install_MW": 52.0, "Total_MW": 52.0, "Bat_MW": null, "Bio_MW": null, "Coal_MW": null, "Geo_MW": null, "Hydro_MW": 52.0, "HydroPS_MW": null, "NG_MW": null, "Nuclear_MW": null, "Crude_MW": null, "Solar_MW": null, "Wind_MW": null, "Other_MW": null, "Source": "EIA-860, EIA-860M and EIA-923", "Period": "202311", "Longitude": -94.1062, "Latitude": 31.060893 }, "geometry": { "type": "Point", "coordinates": [ -94.106200000090197, 31.060892999673499 ] } },
{ "type": "Feature", "properties": { "OBJECTID": 25424, "Plant_Code": 6414, "Plant_Name": "Whitney", "Utility_ID": 19449, "Utility_Name": "USACE-Fort Worth District", "sector_name": "Electric Utility", "Street_Address": "285 County Road 3602", "City": "Clifton", "County": "Bosque", "State": "Texas", "Zip": 76634, "PrimSource": "hydroelectric", "source_desc": "Hydroelectric = 42 MW", "tech_desc": "Conventional Hydroelectric", "Install_MW": 41.8, "Total_MW": 42.0, "Bat_MW": null, "Bio_MW": null, "Coal_MW": null, "Geo_MW": null, "Hydro_MW": 42.0, "HydroPS_MW": null, "NG_MW": null, "Nuclear_MW": null, "Crude_MW": null, "Solar_MW": null, "Wind_MW": null, "Other_MW": null, "Source": "EIA-860, EIA-860M and EIA-923", "Period": "202311", "Longitude": -97.3667, "Latitude": 31.8694 }, "geometry": { "type": "Point", "coordinates": [ -97.366699999807494, 31.869399999869 ] } },
{ "type": "Feature", "properties": { "OBJECTID": 25426, "Plant_Code": 6416, "Plant_Name": "Denison", "Utility_ID": 27470, "Utility_Name": "USCE-Tulsa District", "sector_name": "Electric Utility", "Street_Address": "351 Corps Rd", "City": "Denison", "County": "Grayson", "State": "Texas", "Zip": 75020, "PrimSource": "hydroelectric", "source_desc": "Hydroelectric = 100 MW", "tech_desc": "Conventional Hydroelectric", "Install_MW": 104.3, "Total_MW": 100.0, "Bat_MW": null, "Bio_MW": null, "Coal_MW": null, "Geo_MW": null, "Hydro_MW": 100.0, "HydroPS_MW": null, "NG_MW": null, "Nuclear_MW": null, "Crude_MW": null, "Solar_MW": null, "Wind_MW": null, "Other_MW": null, "Source": "EIA-860, EIA-860M and EIA-923", "Period": "202311", "Longitude": -96.5692, "Latitude": 33.8181 }, "geometry": { "type": "Point", "coordinates": [ -96.569199999876105, 33.8181000000666 ] } },
{ "type": "Feature", "properties": { "OBJECTID": 25496, "Plant_Code": 6595, "Plant_Name": "Toledo Bend", "Utility_ID": 55937, "Utility_Name": "Entergy Texas Inc.", "sector_name": "Electric Utility", "Street_Address": "209 Private Road 6055", "City": "Burkville", "County": "Newton", "State": "Texas", "Zip": 75932, "PrimSource": "hydroelectric", "source_desc": "Hydroelectric = 80 MW", "tech_desc": "Conventional Hydroelectric", "Install_MW": 81.0, "Total_MW": 80.0, "Bat_MW": null, "Bio_MW": null, "Coal_MW": null, "Geo_MW": null, "Hydro_MW": 80.0, "HydroPS_MW": null, "NG_MW": null, "Nuclear_MW": null, "Crude_MW": null, "Solar_MW": null, "Wind_MW": null, "Other_MW": null, "Source": "EIA-860, EIA-860M and EIA-923", "Period": "202311", "Longitude": -93.565877, "Latitude": 31.173484 }, "geometry": { "type": "Point", "coordinates": [ -93.565877000304795, 31.173484000281199 ] } },
{ "type": "Feature", "properties": { "OBJECTID": 25533, "Plant_Code": 7030, "Plant_Name": "Major Oak Power", "Utility_ID": 56598, "Utility_Name": "Major Oak Power, LLC", "sector_name": "IPP Non-CHP", "Street_Address": "13065 Plant Rd.", "City": "Bremond", "County": "Robertson", "State": "Texas", "Zip": 76629, "PrimSource": "coal", "source_desc": "Coal = 305 MW", "tech_desc": "Conventional Steam Coal", "Install_MW": 349.2, "Total_MW": 305.0, "Bat_MW": null, "Bio_MW": null, "Coal_MW": 305.0, "Geo_MW": null, "Hydro_MW": null, "HydroPS_MW": null, "NG_MW": null, "Nuclear_MW": null, "Crude_MW": null, "Solar_MW": null, "Wind_MW": null, "Other_MW": null, "Source": "EIA-860, EIA-860M and EIA-923", "Period": "202311", "Longitude": -96.69503, "Latitude": 31.091925 }, "geometry": { "type": "Point", "coordinates": [ -96.695029999637896, 31.091924999679499 ] } },
{ "type": "Feature", "properties": { "OBJECTID": 25549, "Plant_Code": 7097, "Plant_Name": "J K Spruce", "Utility_ID": 16604, "Utility_Name": "City of San Antonio - (TX)", "sector_name": "Electric Utility", "Street_Address": "12940 US Hwy 181 South", "City": "San Antonio", "County": "Bexar", "State": "Texas", "Zip": 78263, "PrimSource": "coal", "source_desc": "Coal = 1345 MW", "tech_desc": "Conventional Steam Coal", "Install_MW": 1488.5, "Total_MW": 1345.0, "Bat_MW": null, "Bio_MW": null, "Coal_MW": 1345.0, "Geo_MW": null, "Hydro_MW": null, "HydroPS_MW": null, "NG_MW": null, "Nuclear_MW": null, "Crude_MW": null, "Solar_MW": null, "Wind_MW": null, "Other_MW": null, "Source": "EIA-860, EIA-860M and EIA-923", "Period": "202311", "Longitude": -98.3203, "Latitude": 29.309722 }, "geometry": { "type": "Point", "coordinates": [ -98.3202999996236, 29.3097220001086 ] } },
{ "type": "Feature", "properties": { "OBJECTID": 25562, "Plant_Code": 7131, "Plant_Name": "Brandon Station", "Utility_ID": 11292, "Utility_Name": "City of Lubbock - (TX)", "sector_name": "Electric Utility", "Street_Address": "1201 Hartford Ave", "City": "Lubbock", "County": "Lubbock", "State": "Texas", "Zip": 79409, "PrimSource": "natural gas", "source_desc": "Natural Gas = 20 MW", "tech_desc": "Natural Gas Fired Combustion Turbine", "Install_MW": 21.0, "Total_MW": 20.0, "Bat_MW": null, "Bio_MW": null, "Coal_MW": null, "Geo_MW": null, "Hydro_MW": null, "HydroPS_MW": null, "NG_MW": 20.0, "Nuclear_MW": null, "Crude_MW": null, "Solar_MW": null, "Wind_MW": null, "Other_MW": null, "Source": "EIA-860, EIA-860M and EIA-923", "Period": "202311", "Longitude": -101.886093, "Latitude": 33.585257 }, "geometry": { "type": "Point", "coordinates": [ -101.886093000214998, 33.585257000277799 ] } },
{ "type": "Feature", "properties": { "OBJECTID": 25586, "Plant_Code": 7200, "Plant_Name": "Robert D Willis", "Utility_ID": 19449, "Utility_Name": "USACE-Fort Worth District", "sector_name": "Electric Utility", "Street_Address": "1494 CR 154", "City": "Jasper", "County": "Jasper", "State": "Texas", "Zip": 75951, "PrimSource": "hydroelectric", "source_desc": "Hydroelectric = 8 MW", "tech_desc": "Conventional Hydroelectric", "Install_MW": 8.0, "Total_MW": 8.0, "Bat_MW": null, "Bio_MW": null, "Coal_MW": null, "Geo_MW": null, "Hydro_MW": 8.0, "HydroPS_MW": null, "NG_MW": null, "Nuclear_MW": null, "Crude_MW": null, "Solar_MW": null, "Wind_MW": null, "Other_MW": null, "Source": "EIA-860, EIA-860M and EIA-923", "Period": "202311", "Longitude": -94.1756, "Latitude": 30.7975 }, "geometry": { "type": "Point", "coordinates": [ -94.175600000439999, 30.797499999836599 ] } },
{ "type": "Feature", "properties": { "OBJECTID": 25619, "Plant_Code": 7325, "Plant_Name": "San Jacinto Steam Electric Station", "Utility_ID": 54888, "Utility_Name": "NRG Texas Power LLC", "sector_name": "IPP Non-CHP", "Street_Address": "845 Sens Road", "City": "La Porte", "County": "Harris", "State": "Texas", "Zip": 77571, "PrimSource": "natural gas", "source_desc": "Natural Gas = 160 MW", "tech_desc": "Natural Gas Fired Combustion Turbine", "Install_MW": 176.4, "Total_MW": 160.0, "Bat_MW": null, "Bio_MW": null, "Coal_MW": null, "Geo_MW": null, "Hydro_MW": null, "HydroPS_MW": null, "NG_MW": 160.0, "Nuclear_MW": null, "Crude_MW": null, "Solar_MW": null, "Wind_MW": null, "Other_MW": null, "Source": "EIA-860, EIA-860M and EIA-923", "Period": "202311", "Longitude": -95.040622, "Latitude": 29.694838 }, "geometry": { "type": "Point", "coordinates": [ -95.040621999856299, 29.6948379999907 ] } },
{ "type": "Feature", "properties": { "OBJECTID": 25691, "Plant_Code": 7512, "Plant_Name": "Arthur Von Rosenberg", "Utility_ID": 16604, "Utility_Name": "City of San Antonio - (TX)", "sector_name": "Electric Utility", "Street_Address": "15290 Streich Rd.", "City": "Elmendorf", "County": "Bexar", "State": "Texas", "Zip": 78112, "PrimSource": "natural gas", "source_desc": "Natural Gas = 518 MW", "tech_desc": "Natural Gas Fired Combined Cycle", "Install_MW": 575.0, "Total_MW": 518.0, "Bat_MW": null, "Bio_MW": null, "Coal_MW": null, "Geo_MW": null, "Hydro_MW": null, "HydroPS_MW": null, "NG_MW": 518.0, "Nuclear_MW": null, "Crude_MW": null, "Solar_MW": null, "Wind_MW": null, "Other_MW": null, "Source": "EIA-860, EIA-860M and EIA-923", "Period": "202311", "Longitude": -98.384045, "Latitude": 29.257046 }, "geometry": { "type": "Point", "coordinates": [ -98.384045000157101, 29.257045999956301 ] } },
{ "type": "Feature", "properties": { "OBJECTID": 25814, "Plant_Code": 7900, "Plant_Name": "Sand Hill", "Utility_ID": 1015, "Utility_Name": "Austin Energy", "sector_name": "Electric Utility", "Street_Address": "13005 Fallwell Ln.", "City": "Austin", "County": "Travis", "State": "Texas", "Zip": 78617, "PrimSource": "natural gas", "source_desc": "Natural Gas = 595.8 MW", "tech_desc": "Natural Gas Fired Combined Cycle; Natural Gas Fired Combustion Turbine;", "Install_MW": 696.4, "Total_MW": 595.8, "Bat_MW": null, "Bio_MW": null, "Coal_MW": null, "Geo_MW": null, "Hydro_MW": null, "HydroPS_MW": null, "NG_MW": 595.8, "Nuclear_MW": null, "Crude_MW": null, "Solar_MW": null, "Wind_MW": null, "Other_MW": null, "Source": "EIA-860, EIA-860M and EIA-923", "Period": "202311", "Longitude": -97.6129, "Latitude": 30.2098 }, "geometry": { "type": "Point", "coordinates": [ -97.612900000406597, 30.209799999882499 ] } },
{ "type": "Feature", "properties": { "OBJECTID": 25911, "Plant_Code": 8063, "Plant_Name": "DeCordova Steam Electric Station", "Utility_ID": 55983, "Utility_Name": "Luminant Generation Company LLC", "sector_name": "IPP Non-CHP", "Street_Address": "4950 Power Plant Court", "City": "Granbury", "County": "Hood", "State": "Texas", "Zip": 76048, "PrimSource": "natural gas", "source_desc": "Battery = 260 MW, Natural Gas = 274 MW", "tech_desc": "Batteries; Natural Gas Fired Combustion Turbine;", "Install_MW": 626.7, "Total_MW": 534.0, "Bat_MW": 260.0, "Bio_MW": null, "Coal_MW": null, "Geo_MW": null, "Hydro_MW": null, "HydroPS_MW": null, "NG_MW": 274.0, "Nuclear_MW": null, "Crude_MW": null, "Solar_MW": null, "Wind_MW": null, "Other_MW": null, "Source": "EIA-860, EIA-860M and EIA-923", "Period": "202311", "Longitude": -97.700556, "Latitude": 32.403056 }, "geometry": { "type": "Point", "coordinates": [ -97.700555999643299, 32.403056000164398 ] } },
{ "type": "Feature", "properties": { "OBJECTID": 25964, "Plant_Code": 10072, "Plant_Name": "Engineered Carbons Borger Cogen", "Utility_ID": 55727, "Utility_Name": "Orion Engineered Carbons", "sector_name": "Industrial Non-CHP", "Street_Address": "Hwy 1559", "City": "Borger", "County": "Hutchinson", "State": "Texas", "Zip": 79007, "PrimSource": "other", "source_desc": "Other = 18.8 MW", "tech_desc": "Other Gases", "Install_MW": 20.0, "Total_MW": 18.8, "Bat_MW": null, "Bio_MW": null, "Coal_MW": null, "Geo_MW": null, "Hydro_MW": null, "HydroPS_MW": null, "NG_MW": null, "Nuclear_MW": null, "Crude_MW": null, "Solar_MW": null, "Wind_MW": null, "Other_MW": 18.8, "Source": "EIA-860, EIA-860M and EIA-923", "Period": "202311", "Longitude": -101.432004, "Latitude": 35.66704 }, "geometry": { "type": "Point", "coordinates": [ -101.432003999808998, 35.667040000263697 ] } },
{ "type": "Feature", "properties": { "OBJECTID": 25990, "Plant_Code": 10154, "Plant_Name": "Power Island", "Utility_ID": 54769, "Utility_Name": "INEOS USA LLC", "sector_name": "Industrial CHP", "Street_Address": "2.5 mi S of FM 2917 on FM 2004", "City": "Alvin", "County": "Brazoria", "State": "Texas", "Zip": 77512, "PrimSource": "natural gas", "source_desc": "Natural Gas = 110 MW", "tech_desc": "Natural Gas Fired Combustion Turbine", "Install_MW": 141.0, "Total_MW": 110.0, "Bat_MW": null, "Bio_MW": null, "Coal_MW": null, "Geo_MW": null, "Hydro_MW": null, "HydroPS_MW": null, "NG_MW": 110.0, "Nuclear_MW": null, "Crude_MW": null, "Solar_MW": null, "Wind_MW": null, "Other_MW": null, "Source": "EIA-860, EIA-860M and EIA-923", "Period": "202311", "Longitude": -95.1952, "Latitude": 29.2293 }, "geometry": { "type": "Point", "coordinates": [ -95.195200000324903, 29.229299999755199 ] } },
{ "type": "Feature", "properties": { "OBJECTID": 25994, "Plant_Code": 10167, "Plant_Name": "Seadrift Coke LP", "Utility_ID": 54705, "Utility_Name": "Seadrift Coke L P", "sector_name": "Industrial CHP", "Street_Address": "8618 Hwy. 185 North", "City": "Port Lavaca", "County": "Calhoun", "State": "Texas", "Zip": 77979, "PrimSource": "petroleum", "source_desc": "Petroleum = 7.6 MW", "tech_desc": "Petroleum Coke", "Install_MW": 7.6, "Total_MW": 7.6, "Bat_MW": null, "Bio_MW": null, "Coal_MW": null, "Geo_MW": null, "Hydro_MW": null, "HydroPS_MW": null, "NG_MW": null, "Nuclear_MW": null, "Crude_MW": 7.6, "Solar_MW": null, "Wind_MW": null, "Other_MW": null, "Source": "EIA-860, EIA-860M and EIA-923", "Period": "202311", "Longitude": -96.794154, "Latitude": 28.513929 }, "geometry": { "type": "Point", "coordinates": [ -96.794153999589398, 28.5139290000226 ] } },
{ "type": "Feature", "properties": { "OBJECTID": 26002, "Plant_Code": 10184, "Plant_Name": "Central Utility Plant", "Utility_ID": 62903, "Utility_Name": "Silicon Hills Campus, LLC", "sector_name": "Commercial CHP", "Street_Address": "6801 River Place Boulevard", "City": "Austin", "County": "Travis", "State": "Texas", "Zip": 78726, "PrimSource": "natural gas", "source_desc": "Natural Gas = 8.3 MW", "tech_desc": "Natural Gas Internal Combustion Engine; Natural Gas Steam Turbine;", "Install_MW": 14.3, "Total_MW": 8.3, "Bat_MW": null, "Bio_MW": null, "Coal_MW": null, "Geo_MW": null, "Hydro_MW": null, "HydroPS_MW": null, "NG_MW": 8.3, "Nuclear_MW": null, "Crude_MW": null, "Solar_MW": null, "Wind_MW": null, "Other_MW": null, "Source": "EIA-860, EIA-860M and EIA-923", "Period": "202311", "Longitude": -97.842586, "Latitude": 30.397351 }, "geometry": { "type": "Point", "coordinates": [ -97.842585999846605, 30.3973510003378 ] } },
{ "type": "Feature", "properties": { "OBJECTID": 26030, "Plant_Code": 10243, "Plant_Name": "Ticona Polymers Inc", "Utility_ID": 3432, "Utility_Name": "Ticona Polymers Inc", "sector_name": "Industrial CHP", "Street_Address": "US Route 77 South", "City": "Bishop", "County": "Nueces", "State": "Texas", "Zip": 78343, "PrimSource": "natural gas", "source_desc": "Natural Gas = 32.5 MW", "tech_desc": "Natural Gas Fired Combustion Turbine", "Install_MW": 44.2, "Total_MW": 32.5, "Bat_MW": null, "Bio_MW": null, "Coal_MW": null, "Geo_MW": null, "Hydro_MW": null, "HydroPS_MW": null, "NG_MW": 32.5, "Nuclear_MW": null, "Crude_MW": null, "Solar_MW": null, "Wind_MW": null, "Other_MW": null, "Source": "EIA-860, EIA-860M and EIA-923", "Period": "202311", "Longitude": -97.8228, "Latitude": 27.5697 }, "geometry": { "type": "Point", "coordinates": [ -97.822800000249401, 27.569699999910501 ] } },
{ "type": "Feature", "properties": { "OBJECTID": 26037, "Plant_Code": 10261, "Plant_Name": "Enterprise Products Operating", "Utility_ID": 29925, "Utility_Name": "Enterprise Products Optg LP", "sector_name": "Industrial CHP", "Street_Address": "10207 FM 1942", "City": "Mont Belvieu", "County": "Chambers", "State": "Texas", "Zip": 77580, "PrimSource": "natural gas", "source_desc": "Natural Gas = 18 MW", "tech_desc": "Natural Gas Fired Combustion Turbine", "Install_MW": 20.7, "Total_MW": 18.0, "Bat_MW": null, "Bio_MW": null, "Coal_MW": null, "Geo_MW": null, "Hydro_MW": null, "HydroPS_MW": null, "NG_MW": 18.0, "Nuclear_MW": null, "Crude_MW": null, "Solar_MW": null, "Wind_MW": null, "Other_MW": null, "Source": "EIA-860, EIA-860M and EIA-923", "Period": "202311", "Longitude": -94.9197, "Latitude": 29.8247 }, "geometry": { "type": "Point", "coordinates": [ -94.919700000446596, 29.824700000222499 ] } },
{ "type": "Feature", "properties": { "OBJECTID": 26051, "Plant_Code": 10298, "Plant_Name": "Bayou Cogen Plant", "Utility_ID": 327, "Utility_Name": "Air Liquide Large Industries U S LP", "sector_name": "Industrial CHP", "Street_Address": "11777 Bay Area Blvd", "City": "Pasadena", "County": "Harris", "State": "Texas", "Zip": 77507, "PrimSource": "natural gas", "source_desc": "Natural Gas = 300 MW", "tech_desc": "Natural Gas Fired Combustion Turbine", "Install_MW": 318.4, "Total_MW": 300.0, "Bat_MW": null, "Bio_MW": null, "Coal_MW": null, "Geo_MW": null, "Hydro_MW": null, "HydroPS_MW": null, "NG_MW": 300.0, "Nuclear_MW": null, "Crude_MW": null, "Solar_MW": null, "Wind_MW": null, "Other_MW": null, "Source": "EIA-860, EIA-860M and EIA-923", "Period": "202311", "Longitude": -95.0458, "Latitude": 29.6225 }, "geometry": { "type": "Point", "coordinates": [ -95.045799999646803, 29.622499999694799 ] } },
{ "type": "Feature", "properties": { "OBJECTID": 26083, "Plant_Code": 10418, "Plant_Name": "Ascend Performance Materials Texas Inc.", "Utility_ID": 56488, "Utility_Name": "Ascend Performance Materials", "sector_name": "Industrial CHP", "Street_Address": "FM RD 2917", "City": "Alvin", "County": "Brazoria", "State": "Texas", "Zip": 77512, "PrimSource": "natural gas", "source_desc": "Natural Gas = 47.7 MW", "tech_desc": "Natural Gas Steam Turbine", "Install_MW": 52.1, "Total_MW": 47.7, "Bat_MW": null, "Bio_MW": null, "Coal_MW": null, "Geo_MW": null, "Hydro_MW": null, "HydroPS_MW": null, "NG_MW": 47.7, "Nuclear_MW": null, "Crude_MW": null, "Solar_MW": null, "Wind_MW": null, "Other_MW": null, "Source": "EIA-860, EIA-860M and EIA-923", "Period": "202311", "Longitude": -95.2103, "Latitude": 29.2558 }, "geometry": { "type": "Point", "coordinates": [ -95.210300000226198, 29.255799999748898 ] } },
{ "type": "Feature", "properties": { "OBJECTID": 26088, "Plant_Code": 10425, "Plant_Name": "International Paper - Orange", "Utility_ID": 54745, "Utility_Name": "International Paper - Orange", "sector_name": "Industrial CHP", "Street_Address": "1750 Inland Rd", "City": "Orange", "County": "Orange", "State": "Texas", "Zip": 77632, "PrimSource": "biomass", "source_desc": "Biomass = 33.2 MW", "tech_desc": "Wood/Wood Waste Biomass", "Install_MW": 48.0, "Total_MW": 33.2, "Bat_MW": null, "Bio_MW": 33.2, "Coal_MW": null, "Geo_MW": null, "Hydro_MW": null, "HydroPS_MW": null, "NG_MW": null, "Nuclear_MW": null, "Crude_MW": null, "Solar_MW": null, "Wind_MW": null, "Other_MW": null, "Source": "EIA-860, EIA-860M and EIA-923", "Period": "202311", "Longitude": -93.7422, "Latitude": 30.2178 }, "geometry": { "type": "Point", "coordinates": [ -93.742199999629804, 30.217799999945498 ] } },
{ "type": "Feature", "properties": { "OBJECTID": 26095, "Plant_Code": 10436, "Plant_Name": "ExxonMobil Baytown Refinery", "Utility_ID": 6091, "Utility_Name": "Exxon Mobil Refining and Supply Co.", "sector_name": "Industrial CHP", "Street_Address": "Decker Drive", "City": "Baytown", "County": "Harris", "State": "Texas", "Zip": 77520, "PrimSource": "natural gas", "source_desc": "Natural Gas = 134 MW, Other = 7.5 MW", "tech_desc": "Natural Gas Fired Combustion Turbine; All Other;", "Install_MW": 209.3, "Total_MW": 141.5, "Bat_MW": null, "Bio_MW": null, "Coal_MW": null, "Geo_MW": null, "Hydro_MW": null, "HydroPS_MW": null, "NG_MW": 134.0, "Nuclear_MW": null, "Crude_MW": null, "Solar_MW": null, "Wind_MW": null, "Other_MW": 7.5, "Source": "EIA-860, EIA-860M and EIA-923", "Period": "202311", "Longitude": -94.997277, "Latitude": 29.753517 }, "geometry": { "type": "Point", "coordinates": [ -94.997277000111794, 29.753517000125399 ] } },
{ "type": "Feature", "properties": { "OBJECTID": 26140, "Plant_Code": 10554, "Plant_Name": "Formosa Utility Venture Ltd", "Utility_ID": 6541, "Utility_Name": "Formosa Plastics Corp", "sector_name": "Industrial CHP", "Street_Address": "201 Formosa Drive", "City": "Point Comfort", "County": "Calhoun", "State": "Texas", "Zip": 77978, "PrimSource": "natural gas", "source_desc": "Natural Gas = 829.8 MW", "tech_desc": "Natural Gas Fired Combined Cycle", "Install_MW": 933.4, "Total_MW": 829.8, "Bat_MW": null, "Bio_MW": null, "Coal_MW": null, "Geo_MW": null, "Hydro_MW": null, "HydroPS_MW": null, "NG_MW": 829.8, "Nuclear_MW": null, "Crude_MW": null, "Solar_MW": null, "Wind_MW": null, "Other_MW": null, "Source": "EIA-860, EIA-860M and EIA-923", "Period": "202311", "Longitude": -96.5417, "Latitude": 28.6917 }, "geometry": { "type": "Point", "coordinates": [ -96.541699999847495, 28.691700000381701 ] } },
{ "type": "Feature", "properties": { "OBJECTID": 26146, "Plant_Code": 10568, "Plant_Name": "Port Arthur Texas Refinery", "Utility_ID": 914, "Utility_Name": "Total Petrochemicals USA Inc", "sector_name": "Industrial CHP", "Street_Address": "Hwy 366 and 32nd St.", "City": "Port Arthur", "County": "Jefferson", "State": "Texas", "Zip": 77642, "PrimSource": "natural gas", "source_desc": "Natural Gas = 30.3 MW", "tech_desc": "Natural Gas Fired Combustion Turbine", "Install_MW": 38.4, "Total_MW": 30.3, "Bat_MW": null, "Bio_MW": null, "Coal_MW": null, "Geo_MW": null, "Hydro_MW": null, "HydroPS_MW": null, "NG_MW": 30.3, "Nuclear_MW": null, "Crude_MW": null, "Solar_MW": null, "Wind_MW": null, "Other_MW": null, "Source": "EIA-860, EIA-860M and EIA-923", "Period": "202311", "Longitude": -93.891283, "Latitude": 29.964938 }, "geometry": { "type": "Point", "coordinates": [ -93.891283000115493, 29.964937999874198 ] } },
{ "type": "Feature", "properties": { "OBJECTID": 26185, "Plant_Code": 10692, "Plant_Name": "ExxonMobil Baytown Turbine", "Utility_ID": 6091, "Utility_Name": "Exxon Mobil Refining and Supply Co.", "sector_name": "Industrial CHP", "Street_Address": "3525 Decker Drive", "City": "Baytown", "County": "Harris", "State": "Texas", "Zip": 77522, "PrimSource": "natural gas", "source_desc": "Natural Gas = 305 MW", "tech_desc": "Natural Gas Fired Combustion Turbine", "Install_MW": 381.8, "Total_MW": 305.0, "Bat_MW": null, "Bio_MW": null, "Coal_MW": null, "Geo_MW": null, "Hydro_MW": null, "HydroPS_MW": null, "NG_MW": 305.0, "Nuclear_MW": null, "Crude_MW": null, "Solar_MW": null, "Wind_MW": null, "Other_MW": null, "Source": "EIA-860, EIA-860M and EIA-923", "Period": "202311", "Longitude": -95.009648, "Latitude": 29.759124 }, "geometry": { "type": "Point", "coordinates": [ -95.009647999926699, 29.7591240003769 ] } },
{ "type": "Feature", "properties": { "OBJECTID": 26226, "Plant_Code": 10789, "Plant_Name": "Sabine River Operations", "Utility_ID": 57160, "Utility_Name": "The Dow Chemical Company", "sector_name": "Industrial CHP", "Street_Address": "2735 FM 1006", "City": "Orange", "County": "Orange", "State": "Texas", "Zip": 77631, "PrimSource": "natural gas", "source_desc": "Natural Gas = 507 MW", "tech_desc": "Natural Gas Fired Combined Cycle", "Install_MW": 601.1, "Total_MW": 507.0, "Bat_MW": null, "Bio_MW": null, "Coal_MW": null, "Geo_MW": null, "Hydro_MW": null, "HydroPS_MW": null, "NG_MW": 507.0, "Nuclear_MW": null, "Crude_MW": null, "Solar_MW": null, "Wind_MW": null, "Other_MW": null, "Source": "EIA-860, EIA-860M and EIA-923", "Period": "202311", "Longitude": -93.7579, "Latitude": 30.0552 }, "geometry": { "type": "Point", "coordinates": [ -93.7578999995808, 30.055199999972501 ] } },
{ "type": "Feature", "properties": { "OBJECTID": 26227, "Plant_Code": 10790, "Plant_Name": "Victoria Texas Plant", "Utility_ID": 50006, "Utility_Name": "Invista", "sector_name": "Industrial CHP", "Street_Address": "2695 Old Bloomington Rd North", "City": "Victoria", "County": "Victoria", "State": "Texas", "Zip": 77905, "PrimSource": "natural gas", "source_desc": "Natural Gas = 75 MW", "tech_desc": "Natural Gas Fired Combustion Turbine", "Install_MW": 102.4, "Total_MW": 75.0, "Bat_MW": null, "Bio_MW": null, "Coal_MW": null, "Geo_MW": null, "Hydro_MW": null, "HydroPS_MW": null, "NG_MW": 75.0, "Nuclear_MW": null, "Crude_MW": null, "Solar_MW": null, "Wind_MW": null, "Other_MW": null, "Source": "EIA-860, EIA-860M and EIA-923", "Period": "202311", "Longitude": -96.956014, "Latitude": 28.675088 }, "geometry": { "type": "Point", "coordinates": [ -96.956013999770903, 28.675087999924902 ] } },
{ "type": "Feature", "properties": { "OBJECTID": 26282, "Plant_Code": 50026, "Plant_Name": "Corpus Refinery", "Utility_ID": 6426, "Utility_Name": "Flint Hills Resources Corpus Christi LLC", "sector_name": "Industrial CHP", "Street_Address": "2825 Suntide Road 78409", "City": "Corpus Christi", "County": "Nueces", "State": "Texas", "Zip": 78409, "PrimSource": "natural gas", "source_desc": "Natural Gas = 32 MW", "tech_desc": "Natural Gas Fired Combustion Turbine", "Install_MW": 47.0, "Total_MW": 32.0, "Bat_MW": null, "Bio_MW": null, "Coal_MW": null, "Geo_MW": null, "Hydro_MW": null, "HydroPS_MW": null, "NG_MW": 32.0, "Nuclear_MW": null, "Crude_MW": null, "Solar_MW": null, "Wind_MW": null, "Other_MW": null, "Source": "EIA-860, EIA-860M and EIA-923", "Period": "202311", "Longitude": -97.5281, "Latitude": 27.8322 }, "geometry": { "type": "Point", "coordinates": [ -97.528099999681402, 27.832200000308301 ] } },
{ "type": "Feature", "properties": { "OBJECTID": 26290, "Plant_Code": 50043, "Plant_Name": "Houston Chemical Complex Battleground", "Utility_ID": 14254, "Utility_Name": "Oxy Vinyls LP", "sector_name": "Industrial CHP", "Street_Address": "2800 Battleground Rd", "City": "Houston", "County": "Harris", "State": "Texas", "Zip": 77046, "PrimSource": "natural gas", "source_desc": "Natural Gas = 263 MW", "tech_desc": "Natural Gas Fired Combined Cycle", "Install_MW": 380.7, "Total_MW": 263.0, "Bat_MW": null, "Bio_MW": null, "Coal_MW": null, "Geo_MW": null, "Hydro_MW": null, "HydroPS_MW": null, "NG_MW": 263.0, "Nuclear_MW": null, "Crude_MW": null, "Solar_MW": null, "Wind_MW": null, "Other_MW": null, "Source": "EIA-860, EIA-860M and EIA-923", "Period": "202311", "Longitude": -95.0839, "Latitude": 29.7314 }, "geometry": { "type": "Point", "coordinates": [ -95.083899999653795, 29.731400000023601 ] } },
{ "type": "Feature", "properties": { "OBJECTID": 26294, "Plant_Code": 50054, "Plant_Name": "Rice University", "Utility_ID": 15941, "Utility_Name": "Rice University", "sector_name": "Commercial CHP", "Street_Address": "6100 Main Street", "City": "Houston", "County": "Harris", "State": "Texas", "Zip": 77005, "PrimSource": "natural gas", "source_desc": "Natural Gas = 6.9 MW", "tech_desc": "Natural Gas Fired Combustion Turbine", "Install_MW": 6.9, "Total_MW": 6.9, "Bat_MW": null, "Bio_MW": null, "Coal_MW": null, "Geo_MW": null, "Hydro_MW": null, "HydroPS_MW": null, "NG_MW": 6.9, "Nuclear_MW": null, "Crude_MW": null, "Solar_MW": null, "Wind_MW": null, "Other_MW": null, "Source": "EIA-860, EIA-860M and EIA-923", "Period": "202311", "Longitude": -95.39536, "Latitude": 29.721048 }, "geometry": { "type": "Point", "coordinates": [ -95.395359999631495, 29.721047999741899 ] } },
{ "type": "Feature", "properties": { "OBJECTID": 26299, "Plant_Code": 50067, "Plant_Name": "Borger Plant", "Utility_ID": 17145, "Utility_Name": "Sid Richardson Carbon Ltd", "sector_name": "Industrial CHP", "Street_Address": "9455 FM 1559", "City": "Borger", "County": "Hutchinson", "State": "Texas", "Zip": 79007, "PrimSource": "natural gas", "source_desc": "Natural Gas = 20 MW", "tech_desc": "Natural Gas Steam Turbine", "Install_MW": 30.0, "Total_MW": 20.0, "Bat_MW": null, "Bio_MW": null, "Coal_MW": null, "Geo_MW": null, "Hydro_MW": null, "HydroPS_MW": null, "NG_MW": 20.0, "Nuclear_MW": null, "Crude_MW": null, "Solar_MW": null, "Wind_MW": null, "Other_MW": null, "Source": "EIA-860, EIA-860M and EIA-923", "Period": "202311", "Longitude": -101.4354, "Latitude": 35.6647 }, "geometry": { "type": "Point", "coordinates": [ -101.435399999891999, 35.664700000024901 ] } },
{ "type": "Feature", "properties": { "OBJECTID": 26313, "Plant_Code": 50101, "Plant_Name": "WestRock (TX)", "Utility_ID": 12307, "Utility_Name": "WestRock (TX)", "sector_name": "Industrial CHP", "Street_Address": "1913 FM 105", "City": "Evadale", "County": "Jasper", "State": "Texas", "Zip": 77615, "PrimSource": "biomass", "source_desc": "Biomass = 59.5 MW", "tech_desc": "Wood/Wood Waste Biomass", "Install_MW": 57.7, "Total_MW": 59.5, "Bat_MW": null, "Bio_MW": 59.5, "Coal_MW": null, "Geo_MW": null, "Hydro_MW": null, "HydroPS_MW": null, "NG_MW": null, "Nuclear_MW": null, "Crude_MW": null, "Solar_MW": null, "Wind_MW": null, "Other_MW": null, "Source": "EIA-860, EIA-860M and EIA-923", "Period": "202311", "Longitude": -94.0656, "Latitude": 30.3419 }, "geometry": { "type": "Point", "coordinates": [ -94.065600000325603, 30.341900000305198 ] } },
{ "type": "Feature", "properties": { "OBJECTID": 26315, "Plant_Code": 50109, "Plant_Name": "Paris Energy Center", "Utility_ID": 54700, "Utility_Name": "Paris Generation LP", "sector_name": "IPP Non-CHP", "Street_Address": "301 Lake Crook Road", "City": "Paris", "County": "Lamar", "State": "Texas", "Zip": 75460, "PrimSource": "natural gas", "source_desc": "Natural Gas = 236 MW", "tech_desc": "Natural Gas Fired Combined Cycle", "Install_MW": 265.6, "Total_MW": 236.0, "Bat_MW": null, "Bio_MW": null, "Coal_MW": null, "Geo_MW": null, "Hydro_MW": null, "HydroPS_MW": null, "NG_MW": 236.0, "Nuclear_MW": null, "Crude_MW": null, "Solar_MW": null, "Wind_MW": null, "Other_MW": null, "Source": "EIA-860, EIA-860M and EIA-923", "Period": "202311", "Longitude": -95.5577, "Latitude": 33.6968 }, "geometry": { "type": "Point", "coordinates": [ -95.557700000211995, 33.696800000036397 ] } },
{ "type": "Feature", "properties": { "OBJECTID": 26319, "Plant_Code": 50118, "Plant_Name": "Hal C Weaver Power Plant", "Utility_ID": 19537, "Utility_Name": "University of Texas at Austin", "sector_name": "Commercial CHP", "Street_Address": "215 E 24th", "City": "Austin", "County": "Travis", "State": "Texas", "Zip": 78712, "PrimSource": "natural gas", "source_desc": "Natural Gas = 146.8 MW", "tech_desc": "Natural Gas Fired Combined Cycle", "Install_MW": 152.5, "Total_MW": 146.8, "Bat_MW": null, "Bio_MW": null, "Coal_MW": null, "Geo_MW": null, "Hydro_MW": null, "HydroPS_MW": null, "NG_MW": 146.8, "Nuclear_MW": null, "Crude_MW": null, "Solar_MW": null, "Wind_MW": null, "Other_MW": null, "Source": "EIA-860, EIA-860M and EIA-923", "Period": "202311", "Longitude": -97.7356, "Latitude": 30.2867 }, "geometry": { "type": "Point", "coordinates": [ -97.735600000223997, 30.286699999898001 ] } },
{ "type": "Feature", "properties": { "OBJECTID": 26321, "Plant_Code": 50121, "Plant_Name": "Valero Refinery Corpus Christi West", "Utility_ID": 19685, "Utility_Name": "Valero Refining Co", "sector_name": "Industrial Non-CHP", "Street_Address": "5900 Up River Rd", "City": "Corpus Christi", "County": "Nueces", "State": "Texas", "Zip": 78469, "PrimSource": "petroleum", "source_desc": "Other = 12 MW,Petroleum = 53.2 MW", "tech_desc": "All Other; Petroleum Coke;", "Install_MW": 69.2, "Total_MW": 65.2, "Bat_MW": null, "Bio_MW": null, "Coal_MW": null, "Geo_MW": null, "Hydro_MW": null, "HydroPS_MW": null, "NG_MW": null, "Nuclear_MW": null, "Crude_MW": 53.2, "Solar_MW": null, "Wind_MW": null, "Other_MW": 12.0, "Source": "EIA-860, EIA-860M and EIA-923", "Period": "202311", "Longitude": -97.4814, "Latitude": 27.8175 }, "geometry": { "type": "Point", "coordinates": [ -97.481399999861495, 27.817500000279502 ] } },
{ "type": "Feature", "properties": { "OBJECTID": 26324, "Plant_Code": 50127, "Plant_Name": "Signal Hill Generating LLC", "Utility_ID": 54777, "Utility_Name": "Signal Hill Generating LLC", "sector_name": "IPP Non-CHP", "Street_Address": "4511 Alendale Road", "City": "Wichita Falls", "County": "Wichita", "State": "Texas", "Zip": 76310, "PrimSource": "natural gas", "source_desc": "Natural Gas = 76.1 MW", "tech_desc": "Natural Gas Fired Combined Cycle", "Install_MW": 80.0, "Total_MW": 76.1, "Bat_MW": null, "Bio_MW": null, "Coal_MW": null, "Geo_MW": null, "Hydro_MW": null, "HydroPS_MW": null, "NG_MW": 76.1, "Nuclear_MW": null, "Crude_MW": null, "Solar_MW": null, "Wind_MW": null, "Other_MW": null, "Source": "EIA-860, EIA-860M and EIA-923", "Period": "202311", "Longitude": -98.5894, "Latitude": 33.8625 }, "geometry": { "type": "Point", "coordinates": [ -98.589399999871006, 33.862499999644299 ] } },
{ "type": "Feature", "properties": { "OBJECTID": 26330, "Plant_Code": 50137, "Plant_Name": "Newgulf Cogen", "Utility_ID": 65401, "Utility_Name": "Wharton County Generation LLC", "sector_name": "IPP Non-CHP", "Street_Address": "206 Vat Road #A", "City": "NewGulf", "County": "Wharton", "State": "Texas", "Zip": 77420, "PrimSource": "natural gas", "source_desc": "Natural Gas = 69 MW", "tech_desc": "Natural Gas Fired Combustion Turbine", "Install_MW": 101.9, "Total_MW": 69.0, "Bat_MW": null, "Bio_MW": null, "Coal_MW": null, "Geo_MW": null, "Hydro_MW": null, "HydroPS_MW": null, "NG_MW": 69.0, "Nuclear_MW": null, "Crude_MW": null, "Solar_MW": null, "Wind_MW": null, "Other_MW": null, "Source": "EIA-860, EIA-860M and EIA-923", "Period": "202311", "Longitude": -95.8997, "Latitude": 29.2639 }, "geometry": { "type": "Point", "coordinates": [ -95.899699999751206, 29.263899999699099 ] } },
{ "type": "Feature", "properties": { "OBJECTID": 26331, "Plant_Code": 50141, "Plant_Name": "Snider Industries", "Utility_ID": 27211, "Utility_Name": "Snider Industries Inc", "sector_name": "Industrial CHP", "Street_Address": "3311 Sue Belle Lake Road", "City": "Marshall", "County": "Harrison", "State": "Texas", "Zip": 75671, "PrimSource": "biomass", "source_desc": "Biomass = 5 MW", "tech_desc": "Wood/Wood Waste Biomass", "Install_MW": 5.0, "Total_MW": 5.0, "Bat_MW": null, "Bio_MW": 5.0, "Coal_MW": null, "Geo_MW": null, "Hydro_MW": null, "HydroPS_MW": null, "NG_MW": null, "Nuclear_MW": null, "Crude_MW": null, "Solar_MW": null, "Wind_MW": null, "Other_MW": null, "Source": "EIA-860, EIA-860M and EIA-923", "Period": "202311", "Longitude": -94.373889, "Latitude": 32.574722 }, "geometry": { "type": "Point", "coordinates": [ -94.373889000350999, 32.574721999681799 ] } },
{ "type": "Feature", "properties": { "OBJECTID": 26335, "Plant_Code": 50150, "Plant_Name": "Union Carbide Seadrift Cogen", "Utility_ID": 19450, "Utility_Name": "Union Carbide Corp-Seadrift", "sector_name": "Industrial CHP", "Street_Address": "Highway 185", "City": "Seadrift", "County": "Calhoun", "State": "Texas", "Zip": 77983, "PrimSource": "natural gas", "source_desc": "Natural Gas = 153 MW", "tech_desc": "Natural Gas Fired Combustion Turbine; Natural Gas Steam Turbine;", "Install_MW": 168.0, "Total_MW": 153.0, "Bat_MW": null, "Bio_MW": null, "Coal_MW": null, "Geo_MW": null, "Hydro_MW": null, "HydroPS_MW": null, "NG_MW": 153.0, "Nuclear_MW": null, "Crude_MW": null, "Solar_MW": null, "Wind_MW": null, "Other_MW": null, "Source": "EIA-860, EIA-860M and EIA-923", "Period": "202311", "Longitude": -96.7706, "Latitude": 28.5105 }, "geometry": { "type": "Point", "coordinates": [ -96.770600000363302, 28.510499999681201 ] } },
{ "type": "Feature", "properties": { "OBJECTID": 26337, "Plant_Code": 50153, "Plant_Name": "Texas City Plant Union Carbide", "Utility_ID": 39066, "Utility_Name": "Union Carbide Corp-Texas City", "sector_name": "Industrial CHP", "Street_Address": "3301 Fifth Avenue South", "City": "Texas City", "County": "Galveston", "State": "Texas", "Zip": 77592, "PrimSource": "other", "source_desc": "Other = 38 MW", "tech_desc": "All Other", "Install_MW": 45.0, "Total_MW": 38.0, "Bat_MW": null, "Bio_MW": null, "Coal_MW": null, "Geo_MW": null, "Hydro_MW": null, "HydroPS_MW": null, "NG_MW": null, "Nuclear_MW": null, "Crude_MW": null, "Solar_MW": null, "Wind_MW": null, "Other_MW": 38.0, "Source": "EIA-860, EIA-860M and EIA-923", "Period": "202311", "Longitude": -94.946477, "Latitude": 29.37612 }, "geometry": { "type": "Point", "coordinates": [ -94.946477000401899, 29.376119999910902 ] } },
{ "type": "Feature", "properties": { "OBJECTID": 26371, "Plant_Code": 50229, "Plant_Name": "Texas Petrochemicals", "Utility_ID": 18760, "Utility_Name": "TPC Group, LLC", "sector_name": "Industrial CHP", "Street_Address": "8600 Park Place Blvd.", "City": "Houston", "County": "Harris", "State": "Texas", "Zip": 77017, "PrimSource": "natural gas", "source_desc": "Natural Gas = 35 MW", "tech_desc": "Natural Gas Steam Turbine", "Install_MW": 35.0, "Total_MW": 35.0, "Bat_MW": null, "Bio_MW": null, "Coal_MW": null, "Geo_MW": null, "Hydro_MW": null, "HydroPS_MW": null, "NG_MW": 35.0, "Nuclear_MW": null, "Crude_MW": null, "Solar_MW": null, "Wind_MW": null, "Other_MW": null, "Source": "EIA-860, EIA-860M and EIA-923", "Period": "202311", "Longitude": -95.2547, "Latitude": 29.6981 }, "geometry": { "type": "Point", "coordinates": [ -95.254700000305107, 29.698100000083599 ] } },
{ "type": "Feature", "properties": { "OBJECTID": 26376, "Plant_Code": 50241, "Plant_Name": "Tenet Hospital", "Utility_ID": 27378, "Utility_Name": "Tenet Hospital Ltd", "sector_name": "Commercial CHP", "Street_Address": "2001 North Oregon St", "City": "El Paso", "County": "El Paso", "State": "Texas", "Zip": 79902, "PrimSource": "natural gas", "source_desc": "Natural Gas = 4.2 MW", "tech_desc": "Natural Gas Internal Combustion Engine", "Install_MW": 4.2, "Total_MW": 4.2, "Bat_MW": null, "Bio_MW": null, "Coal_MW": null, "Geo_MW": null, "Hydro_MW": null, "HydroPS_MW": null, "NG_MW": 4.2, "Nuclear_MW": null, "Crude_MW": null, "Solar_MW": null, "Wind_MW": null, "Other_MW": null, "Source": "EIA-860, EIA-860M and EIA-923", "Period": "202311", "Longitude": -106.5014, "Latitude": 31.7697 }, "geometry": { "type": "Point", "coordinates": [ -106.501400000263004, 31.769699999978901 ] } },
{ "type": "Feature", "properties": { "OBJECTID": 26401, "Plant_Code": 50304, "Plant_Name": "Shell Deer Park", "Utility_ID": 64497, "Utility_Name": "Deer Park Refinery Limited Partnership (DPRLP)", "sector_name": "Industrial CHP", "Street_Address": "PO Box 100", "City": "Deer Park", "County": "Harris", "State": "Texas", "Zip": 77536, "PrimSource": "natural gas", "source_desc": "Natural Gas = 153 MW, Other = 90 MW", "tech_desc": "Natural Gas Fired Combustion Turbine; All Other;", "Install_MW": 274.0, "Total_MW": 243.0, "Bat_MW": null, "Bio_MW": null, "Coal_MW": null, "Geo_MW": null, "Hydro_MW": null, "HydroPS_MW": null, "NG_MW": 153.0, "Nuclear_MW": null, "Crude_MW": null, "Solar_MW": null, "Wind_MW": null, "Other_MW": 90.0, "Source": "EIA-860, EIA-860M and EIA-923", "Period": "202311", "Longitude": -95.128856, "Latitude": 29.723185 }, "geometry": { "type": "Point", "coordinates": [ -95.128856000299606, 29.7231849996327 ] } },
{ "type": "Feature", "properties": { "OBJECTID": 26444, "Plant_Code": 50404, "Plant_Name": "BP Chemicals Green Lake Plant", "Utility_ID": 54837, "Utility_Name": "INEOS Nitriles Greenlake", "sector_name": "Industrial Non-CHP", "Street_Address": "13050 State HWY 185", "City": "Port Lavaca", "County": "Calhoun", "State": "Texas", "Zip": 77979, "PrimSource": "other", "source_desc": "Other = 38.8 MW", "tech_desc": "All Other", "Install_MW": 38.8, "Total_MW": 38.8, "Bat_MW": null, "Bio_MW": null, "Coal_MW": null, "Geo_MW": null, "Hydro_MW": null, "HydroPS_MW": null, "NG_MW": null, "Nuclear_MW": null, "Crude_MW": null, "Solar_MW": null, "Wind_MW": null, "Other_MW": 38.8, "Source": "EIA-860, EIA-860M and EIA-923", "Period": "202311", "Longitude": -96.8333, "Latitude": 28.5707 }, "geometry": { "type": "Point", "coordinates": [ -96.833299999709894, 28.570700000032801 ] } },
{ "type": "Feature", "properties": { "OBJECTID": 26476, "Plant_Code": 50475, "Plant_Name": "Corpus Christi", "Utility_ID": 5065, "Utility_Name": "Equistar Chemicals LP", "sector_name": "Industrial CHP", "Street_Address": "1501 McKenzie Road", "City": "Corpus Christi", "County": "Nueces", "State": "Texas", "Zip": 78410, "PrimSource": "natural gas", "source_desc": "Natural Gas = 33 MW", "tech_desc": "Natural Gas Fired Combustion Turbine", "Install_MW": 41.0, "Total_MW": 33.0, "Bat_MW": null, "Bio_MW": null, "Coal_MW": null, "Geo_MW": null, "Hydro_MW": null, "HydroPS_MW": null, "NG_MW": 33.0, "Nuclear_MW": null, "Crude_MW": null, "Solar_MW": null, "Wind_MW": null, "Other_MW": null, "Source": "EIA-860, EIA-860M and EIA-923", "Period": "202311", "Longitude": -97.595813, "Latitude": 27.811083 }, "geometry": { "type": "Point", "coordinates": [ -97.5958129998603, 27.8110829997918 ] } },
{ "type": "Feature", "properties": { "OBJECTID": 26528, "Plant_Code": 50625, "Plant_Name": "ExxonMobil Beaumont Refinery", "Utility_ID": 6090, "Utility_Name": "ExxonMobil Oil Corp", "sector_name": "Industrial CHP", "Street_Address": "1795 Burt St.", "City": "Beaumont", "County": "Jefferson", "State": "Texas", "Zip": 77701, "PrimSource": "natural gas", "source_desc": "Natural Gas = 605.6 MW, Other = 5 MW", "tech_desc": "Natural Gas Fired Combustion Turbine; Natural Gas Steam Turbine; Other Gases", "Install_MW": 677.8, "Total_MW": 610.6, "Bat_MW": null, "Bio_MW": null, "Coal_MW": null, "Geo_MW": null, "Hydro_MW": null, "HydroPS_MW": null, "NG_MW": 605.6, "Nuclear_MW": null, "Crude_MW": null, "Solar_MW": null, "Wind_MW": null, "Other_MW": 5.0, "Source": "EIA-860, EIA-860M and EIA-923", "Period": "202311", "Longitude": -94.0753, "Latitude": 30.0636 }, "geometry": { "type": "Point", "coordinates": [ -94.075299999780398, 30.0635999997317 ] } },
{ "type": "Feature", "properties": { "OBJECTID": 26595, "Plant_Code": 50815, "Plant_Name": "Odyssey Energy Altura Cogen, LLC", "Utility_ID": 55879, "Utility_Name": "Odyssey Operating Services", "sector_name": "IPP CHP", "Street_Address": "2330 Sheldon Road", "City": "Channelview", "County": "Harris", "State": "Texas", "Zip": 77530, "PrimSource": "natural gas", "source_desc": "Natural Gas = 607 MW", "tech_desc": "Natural Gas Fired Combined Cycle", "Install_MW": 643.6, "Total_MW": 607.0, "Bat_MW": null, "Bio_MW": null, "Coal_MW": null, "Geo_MW": null, "Hydro_MW": null, "HydroPS_MW": null, "NG_MW": 607.0, "Nuclear_MW": null, "Crude_MW": null, "Solar_MW": null, "Wind_MW": null, "Other_MW": null, "Source": "EIA-860, EIA-860M and EIA-923", "Period": "202311", "Longitude": -95.10773, "Latitude": 29.8161 }, "geometry": { "type": "Point", "coordinates": [ -95.1077299999627, 29.8160999997171 ] } },
{ "type": "Feature", "properties": { "OBJECTID": 26659, "Plant_Code": 50973, "Plant_Name": "Motiva Enterprises Port Arthur Refinery", "Utility_ID": 12981, "Utility_Name": "Motiva Enterprises LLC", "sector_name": "Industrial CHP", "Street_Address": "2555 Savannah Avenue", "City": "Port Arthur", "County": "Jefferson", "State": "Texas", "Zip": 77640, "PrimSource": "natural gas", "source_desc": "Natural Gas = 239.4 MW", "tech_desc": "Natural Gas Fired Combined Cycle; Natural Gas Fired Combustion Turbine;", "Install_MW": 276.8, "Total_MW": 239.4, "Bat_MW": null, "Bio_MW": null, "Coal_MW": null, "Geo_MW": null, "Hydro_MW": null, "HydroPS_MW": null, "NG_MW": 239.4, "Nuclear_MW": null, "Crude_MW": null, "Solar_MW": null, "Wind_MW": null, "Other_MW": null, "Source": "EIA-860, EIA-860M and EIA-923", "Period": "202311", "Longitude": -93.950984, "Latitude": 29.888462 }, "geometry": { "type": "Point", "coordinates": [ -93.950983999937193, 29.8884619999282 ] } },
{ "type": "Feature", "properties": { "OBJECTID": 26692, "Plant_Code": 52065, "Plant_Name": "Houston Plant", "Utility_ID": 59409, "Utility_Name": "Eco Services Corp.", "sector_name": "Industrial CHP", "Street_Address": "8615 Manchester Blvd", "City": "Houston", "County": "Harris", "State": "Texas", "Zip": 77012, "PrimSource": "other", "source_desc": "Other = 7 MW", "tech_desc": "All Other", "Install_MW": 7.5, "Total_MW": 7.0, "Bat_MW": null, "Bio_MW": null, "Coal_MW": null, "Geo_MW": null, "Hydro_MW": null, "HydroPS_MW": null, "NG_MW": null, "Nuclear_MW": null, "Crude_MW": null, "Solar_MW": null, "Wind_MW": null, "Other_MW": 7.0, "Source": "EIA-860, EIA-860M and EIA-923", "Period": "202311", "Longitude": -95.270562, "Latitude": 29.71977 }, "geometry": { "type": "Point", "coordinates": [ -95.270561999739499, 29.719769999833101 ] } },
{ "type": "Feature", "properties": { "OBJECTID": 26705, "Plant_Code": 52088, "Plant_Name": "Texas City Power Plant", "Utility_ID": 22652, "Utility_Name": "Texas City Cogeneration LLC", "sector_name": "IPP CHP", "Street_Address": "3221 5th Avenue South", "City": "Texas City", "County": "Galveston", "State": "Texas", "Zip": 77590, "PrimSource": "natural gas", "source_desc": "Natural Gas = 451 MW", "tech_desc": "Natural Gas Fired Combined Cycle", "Install_MW": 450.0, "Total_MW": 451.0, "Bat_MW": null, "Bio_MW": null, "Coal_MW": null, "Geo_MW": null, "Hydro_MW": null, "HydroPS_MW": null, "NG_MW": 451.0, "Nuclear_MW": null, "Crude_MW": null, "Solar_MW": null, "Wind_MW": null, "Other_MW": null, "Source": "EIA-860, EIA-860M and EIA-923", "Period": "202311", "Longitude": -94.943829, "Latitude": 29.378697 }, "geometry": { "type": "Point", "coordinates": [ -94.943828999608002, 29.378696999972501 ] } },
{ "type": "Feature", "properties": { "OBJECTID": 26713, "Plant_Code": 52120, "Plant_Name": "Freeport Energy", "Utility_ID": 59875, "Utility_Name": "Olin Blue Cube Operations", "sector_name": "Industrial CHP", "Street_Address": "2301 Brazosport Boulevard", "City": "Freeport", "County": "Brazoria", "State": "Texas", "Zip": 77541, "PrimSource": "natural gas", "source_desc": "Natural Gas = 482.2 MW", "tech_desc": "Natural Gas Fired Combined Cycle; Natural Gas Fired Combustion Turbine;", "Install_MW": 613.3, "Total_MW": 482.2, "Bat_MW": null, "Bio_MW": null, "Coal_MW": null, "Geo_MW": null, "Hydro_MW": null, "HydroPS_MW": null, "NG_MW": 482.2, "Nuclear_MW": null, "Crude_MW": null, "Solar_MW": null, "Wind_MW": null, "Other_MW": null, "Source": "EIA-860, EIA-860M and EIA-923", "Period": "202311", "Longitude": -95.407481, "Latitude": 28.991289 }, "geometry": { "type": "Point", "coordinates": [ -95.407481000099494, 28.991288999832399 ] } },
{ "type": "Feature", "properties": { "OBJECTID": 26714, "Plant_Code": 52122, "Plant_Name": "Wasson CO2 Removal Plant", "Utility_ID": 429, "Utility_Name": "Occidental Permian Ltd", "sector_name": "Industrial CHP", "Street_Address": "2582 County Road 355", "City": "Denver City", "County": "Yoakum", "State": "Texas", "Zip": 79323, "PrimSource": "natural gas", "source_desc": "Natural Gas = 16.9 MW", "tech_desc": "Natural Gas Fired Combustion Turbine", "Install_MW": 23.4, "Total_MW": 16.9, "Bat_MW": null, "Bio_MW": null, "Coal_MW": null, "Geo_MW": null, "Hydro_MW": null, "HydroPS_MW": null, "NG_MW": 16.9, "Nuclear_MW": null, "Crude_MW": null, "Solar_MW": null, "Wind_MW": null, "Other_MW": null, "Source": "EIA-860, EIA-860M and EIA-923", "Period": "202311", "Longitude": -102.756945, "Latitude": 33.009944 }, "geometry": { "type": "Point", "coordinates": [ -102.756945000247995, 33.0099440002219 ] } },
{ "type": "Feature", "properties": { "OBJECTID": 26717, "Plant_Code": 52132, "Plant_Name": "Power Station 4", "Utility_ID": 17566, "Utility_Name": "South Houston Green Power LLC", "sector_name": "Industrial CHP", "Street_Address": "2023 5th Ave South", "City": "Texas City", "County": "Galveston", "State": "Texas", "Zip": 77590, "PrimSource": "natural gas", "source_desc": "Natural Gas = 172 MW", "tech_desc": "Natural Gas Fired Combined Cycle", "Install_MW": 191.1, "Total_MW": 172.0, "Bat_MW": null, "Bio_MW": null, "Coal_MW": null, "Geo_MW": null, "Hydro_MW": null, "HydroPS_MW": null, "NG_MW": 172.0, "Nuclear_MW": null, "Crude_MW": null, "Solar_MW": null, "Wind_MW": null, "Other_MW": null, "Source": "EIA-860, EIA-860M and EIA-923", "Period": "202311", "Longitude": -94.92195, "Latitude": 29.378164 }, "geometry": { "type": "Point", "coordinates": [ -94.921949999958898, 29.378164000174099 ] } },
{ "type": "Feature", "properties": { "OBJECTID": 26736, "Plant_Code": 52176, "Plant_Name": "C R Wing Cogen Plant", "Utility_ID": 15300, "Utility_Name": "BHER Power Resources, Inc", "sector_name": "IPP CHP", "Street_Address": "500 Refinery Road", "City": "Big Spring", "County": "Howard", "State": "Texas", "Zip": 79720, "PrimSource": "natural gas", "source_desc": "Natural Gas = 212 MW", "tech_desc": "Natural Gas Fired Combined Cycle", "Install_MW": 230.0, "Total_MW": 212.0, "Bat_MW": null, "Bio_MW": null, "Coal_MW": null, "Geo_MW": null, "Hydro_MW": null, "HydroPS_MW": null, "NG_MW": 212.0, "Nuclear_MW": null, "Crude_MW": null, "Solar_MW": null, "Wind_MW": null, "Other_MW": null, "Source": "EIA-860, EIA-860M and EIA-923", "Period": "202311", "Longitude": -101.422386, "Latitude": 32.273178 }, "geometry": { "type": "Point", "coordinates": [ -101.422386000369997, 32.273178000120502 ] } },
{ "type": "Feature", "properties": { "OBJECTID": 26755, "Plant_Code": 54097, "Plant_Name": "International Paper Texarkana Mill", "Utility_ID": 61963, "Utility_Name": "Graphic Packaging International - Texarkana", "sector_name": "Industrial CHP", "Street_Address": "9978 FM 3129", "City": "Queen City", "County": "Cass", "State": "Texas", "Zip": 75572, "PrimSource": "biomass", "source_desc": "Biomass = 65 MW", "tech_desc": "Wood/Wood Waste Biomass", "Install_MW": 65.0, "Total_MW": 65.0, "Bat_MW": null, "Bio_MW": 65.0, "Coal_MW": null, "Geo_MW": null, "Hydro_MW": null, "HydroPS_MW": null, "NG_MW": null, "Nuclear_MW": null, "Crude_MW": null, "Solar_MW": null, "Wind_MW": null, "Other_MW": null, "Source": "EIA-860, EIA-860M and EIA-923", "Period": "202311", "Longitude": -94.0696, "Latitude": 33.2553 }, "geometry": { "type": "Point", "coordinates": [ -94.069599999758097, 33.255300000365601 ] } },
{ "type": "Feature", "properties": { "OBJECTID": 26812, "Plant_Code": 54321, "Plant_Name": "Goodyear Beaumont Chemical Plant", "Utility_ID": 7375, "Utility_Name": "Goodyear Tire & Rubber Co", "sector_name": "Industrial CHP", "Street_Address": "11357 Interstate 10", "City": "Beaumont", "County": "Jefferson", "State": "Texas", "Zip": 77705, "PrimSource": "natural gas", "source_desc": "Natural Gas = 29 MW", "tech_desc": "Natural Gas Fired Combustion Turbine; Natural Gas Steam Turbine;", "Install_MW": 34.8, "Total_MW": 29.0, "Bat_MW": null, "Bio_MW": null, "Coal_MW": null, "Geo_MW": null, "Hydro_MW": null, "HydroPS_MW": null, "NG_MW": 29.0, "Nuclear_MW": null, "Crude_MW": null, "Solar_MW": null, "Wind_MW": null, "Other_MW": null, "Source": "EIA-860, EIA-860M and EIA-923", "Period": "202311", "Longitude": -94.2142, "Latitude": 29.9728 }, "geometry": { "type": "Point", "coordinates": [ -94.214200000039199, 29.972799999667899 ] } },
{ "type": "Feature", "properties": { "OBJECTID": 26817, "Plant_Code": 54330, "Plant_Name": "Westhollow Technology Center", "Utility_ID": 17052, "Utility_Name": "Shell Chemical LP", "sector_name": "Industrial CHP", "Street_Address": "3333  Hwy 6 South", "City": "Houston", "County": "Harris", "State": "Texas", "Zip": 77082, "PrimSource": "natural gas", "source_desc": "Natural Gas = 3.7 MW", "tech_desc": "Natural Gas Fired Combustion Turbine", "Install_MW": 3.7, "Total_MW": 3.7, "Bat_MW": null, "Bio_MW": null, "Coal_MW": null, "Geo_MW": null, "Hydro_MW": null, "HydroPS_MW": null, "NG_MW": 3.7, "Nuclear_MW": null, "Crude_MW": null, "Solar_MW": null, "Wind_MW": null, "Other_MW": null, "Source": "EIA-860, EIA-860M and EIA-923", "Period": "202311", "Longitude": -95.638249, "Latitude": 29.726017 }, "geometry": { "type": "Point", "coordinates": [ -95.638248999637895, 29.7260169999218 ] } },
{ "type": "Feature", "properties": { "OBJECTID": 26820, "Plant_Code": 54338, "Plant_Name": "Rio Grande Valley Sugar Growers", "Utility_ID": 16098, "Utility_Name": "Rio Grande Valley Sugar Growers, Inc.", "sector_name": "Industrial CHP", "Street_Address": "2 1/2mi.W. Hwy 107", "City": "Santa Rosa", "County": "Hidalgo", "State": "Texas", "Zip": 78593, "PrimSource": "biomass", "source_desc": "Biomass = 17.5 MW, Petroleum = 1.4 MW", "tech_desc": "Other Waste Biomass; Petroleum Liquids;", "Install_MW": 24.9, "Total_MW": 18.9, "Bat_MW": null, "Bio_MW": 17.5, "Coal_MW": null, "Geo_MW": null, "Hydro_MW": null, "HydroPS_MW": null, "NG_MW": null, "Nuclear_MW": null, "Crude_MW": 1.4, "Solar_MW": null, "Wind_MW": null, "Other_MW": null, "Source": "EIA-860, EIA-860M and EIA-923", "Period": "202311", "Longitude": -97.867012, "Latitude": 26.269683 }, "geometry": { "type": "Point", "coordinates": [ -97.867012000007193, 26.269682999980901 ] } },
{ "type": "Feature", "properties": { "OBJECTID": 26832, "Plant_Code": 54364, "Plant_Name": "Works 4", "Utility_ID": 60538, "Utility_Name": "Vitro Architectural Glass", "sector_name": "Industrial Non-CHP", "Street_Address": "7400 Central Freeway North", "City": "Wichita Falls", "County": "Wichita", "State": "Texas", "Zip": 76305, "PrimSource": "petroleum", "source_desc": "Petroleum = 4.9 MW", "tech_desc": "Petroleum Liquids", "Install_MW": 4.9, "Total_MW": 4.9, "Bat_MW": null, "Bio_MW": null, "Coal_MW": null, "Geo_MW": null, "Hydro_MW": null, "HydroPS_MW": null, "NG_MW": null, "Nuclear_MW": null, "Crude_MW": 4.9, "Solar_MW": null, "Wind_MW": null, "Other_MW": null, "Source": "EIA-860, EIA-860M and EIA-923", "Period": "202311", "Longitude": -98.553539, "Latitude": 34.003489 }, "geometry": { "type": "Point", "coordinates": [ -98.553539000404001, 34.003488999907901 ] } },
{ "type": "Feature", "properties": { "OBJECTID": 26875, "Plant_Code": 54520, "Plant_Name": "Village Creek Water Reclamation Facility", "Utility_ID": 6831, "Utility_Name": "Ft Worth City of", "sector_name": "Commercial CHP", "Street_Address": "4500 Wilma Lane", "City": "Arlington", "County": "Tarrant", "State": "Texas", "Zip": 76012, "PrimSource": "natural gas", "source_desc": "Natural Gas = 10.2 MW", "tech_desc": "Natural Gas Fired Combustion Turbine; Natural Gas Internal Combustion Engine;", "Install_MW": 12.4, "Total_MW": 10.2, "Bat_MW": null, "Bio_MW": null, "Coal_MW": null, "Geo_MW": null, "Hydro_MW": null, "HydroPS_MW": null, "NG_MW": 10.2, "Nuclear_MW": null, "Crude_MW": null, "Solar_MW": null, "Wind_MW": null, "Other_MW": null, "Source": "EIA-860, EIA-860M and EIA-923", "Period": "202311", "Longitude": -97.14209, "Latitude": 32.775093 }, "geometry": { "type": "Point", "coordinates": [ -97.1420900000507, 32.7750930001705 ] } },
{ "type": "Feature", "properties": { "OBJECTID": 26913, "Plant_Code": 54628, "Plant_Name": "Phelps Dodge Refining", "Utility_ID": 14925, "Utility_Name": "Phelps Dodge Refining Corp", "sector_name": "Industrial CHP", "Street_Address": "850 HAWKINS", "City": "El Paso", "County": "El Paso", "State": "Texas", "Zip": 79915, "PrimSource": "natural gas", "source_desc": "Natural Gas = 14.8 MW", "tech_desc": "Natural Gas Fired Combustion Turbine", "Install_MW": 19.6, "Total_MW": 14.8, "Bat_MW": null, "Bio_MW": null, "Coal_MW": null, "Geo_MW": null, "Hydro_MW": null, "HydroPS_MW": null, "NG_MW": 14.8, "Nuclear_MW": null, "Crude_MW": null, "Solar_MW": null, "Wind_MW": null, "Other_MW": null, "Source": "EIA-860, EIA-860M and EIA-923", "Period": "202311", "Longitude": -106.391314, "Latitude": 31.764458 }, "geometry": { "type": "Point", "coordinates": [ -106.391313999934994, 31.7644580001548 ] } },
{ "type": "Feature", "properties": { "OBJECTID": 26916, "Plant_Code": 54637, "Plant_Name": "JCO Oxides Olefins Plant", "Utility_ID": 30052, "Utility_Name": "Indorama Ventures", "sector_name": "Industrial CHP", "Street_Address": "6001 Hwy 366", "City": "Port Neeches", "County": "Jefferson", "State": "Texas", "Zip": 77651, "PrimSource": "natural gas", "source_desc": "Natural Gas = 61 MW", "tech_desc": "Natural Gas Fired Combustion Turbine", "Install_MW": 73.8, "Total_MW": 61.0, "Bat_MW": null, "Bio_MW": null, "Coal_MW": null, "Geo_MW": null, "Hydro_MW": null, "HydroPS_MW": null, "NG_MW": 61.0, "Nuclear_MW": null, "Crude_MW": null, "Solar_MW": null, "Wind_MW": null, "Other_MW": null, "Source": "EIA-860, EIA-860M and EIA-923", "Period": "202311", "Longitude": -93.929737, "Latitude": 29.963502 }, "geometry": { "type": "Point", "coordinates": [ -93.929737000124803, 29.963502000030001 ] } },
{ "type": "Feature", "properties": { "OBJECTID": 26934, "Plant_Code": 54676, "Plant_Name": "Oyster Creek Unit VIII", "Utility_ID": 5374, "Utility_Name": "Dow Chemical Company-Oyster Creek VIII", "sector_name": "IPP CHP", "Street_Address": "2301 Brazosport Blvd., OC-801", "City": "Freeport", "County": "Brazoria", "State": "Texas", "Zip": 77547, "PrimSource": "natural gas", "source_desc": "Natural Gas = 379 MW", "tech_desc": "Natural Gas Fired Combined Cycle", "Install_MW": 497.9, "Total_MW": 379.0, "Bat_MW": null, "Bio_MW": null, "Coal_MW": null, "Geo_MW": null, "Hydro_MW": null, "HydroPS_MW": null, "NG_MW": 379.0, "Nuclear_MW": null, "Crude_MW": null, "Solar_MW": null, "Wind_MW": null, "Other_MW": null, "Source": "EIA-860, EIA-860M and EIA-923", "Period": "202311", "Longitude": -95.342, "Latitude": 28.9802 }, "geometry": { "type": "Point", "coordinates": [ -95.341999999889595, 28.980200000209599 ] } },
{ "type": "Feature", "properties": { "OBJECTID": 26963, "Plant_Code": 54748, "Plant_Name": "Port Neches Plant", "Utility_ID": 327, "Utility_Name": "Air Liquide Large Industries U S LP", "sector_name": "Industrial CHP", "Street_Address": "2121 Park Street", "City": "Port Neches", "County": "Jefferson", "State": "Texas", "Zip": 77651, "PrimSource": "natural gas", "source_desc": "Natural Gas = 32 MW", "tech_desc": "Natural Gas Fired Combustion Turbine", "Install_MW": 38.0, "Total_MW": 32.0, "Bat_MW": null, "Bio_MW": null, "Coal_MW": null, "Geo_MW": null, "Hydro_MW": null, "HydroPS_MW": null, "NG_MW": 32.0, "Nuclear_MW": null, "Crude_MW": null, "Solar_MW": null, "Wind_MW": null, "Other_MW": null, "Source": "EIA-860, EIA-860M and EIA-923", "Period": "202311", "Longitude": -93.952294, "Latitude": 29.97876 }, "geometry": { "type": "Point", "coordinates": [ -93.952293999641299, 29.9787599998952 ] } },
{ "type": "Feature", "properties": { "OBJECTID": 26997, "Plant_Code": 54817, "Plant_Name": "Johnson County", "Utility_ID": 2172, "Utility_Name": "Brazos Electric Power Coop Inc", "sector_name": "Electric Utility", "Street_Address": "831 Sparks Dr.", "City": "Cleburne", "County": "Johnson", "State": "Texas", "Zip": 76033, "PrimSource": "natural gas", "source_desc": "Natural Gas = 267 MW", "tech_desc": "Natural Gas Fired Combined Cycle", "Install_MW": 282.6, "Total_MW": 267.0, "Bat_MW": null, "Bio_MW": null, "Coal_MW": null, "Geo_MW": null, "Hydro_MW": null, "HydroPS_MW": null, "NG_MW": 267.0, "Nuclear_MW": null, "Crude_MW": null, "Solar_MW": null, "Wind_MW": null, "Other_MW": null, "Source": "EIA-860, EIA-860M and EIA-923", "Period": "202311", "Longitude": -97.4078, "Latitude": 32.3994 }, "geometry": { "type": "Point", "coordinates": [ -97.407800000062593, 32.399399999961503 ] } },
{ "type": "Feature", "properties": { "OBJECTID": 27060, "Plant_Code": 54979, "Plant_Name": "Big Spring Wind Power Facility", "Utility_ID": 2770, "Utility_Name": "Terra-Gen Operating Co-Wind", "sector_name": "IPP Non-CHP", "Street_Address": "3300 South Moss Lake Rd", "City": "Big Spring", "County": "Howard", "State": "Texas", "Zip": 79720, "PrimSource": "wind", "source_desc": "Wind = 34.3 MW", "tech_desc": "Onshore Wind Turbine", "Install_MW": 34.3, "Total_MW": 34.3, "Bat_MW": null, "Bio_MW": null, "Coal_MW": null, "Geo_MW": null, "Hydro_MW": null, "HydroPS_MW": null, "NG_MW": null, "Nuclear_MW": null, "Crude_MW": null, "Solar_MW": null, "Wind_MW": 34.3, "Other_MW": null, "Source": "EIA-860, EIA-860M and EIA-923", "Period": "202311", "Longitude": -101.388333, "Latitude": 32.2075 }, "geometry": { "type": "Point", "coordinates": [ -101.388332999650999, 32.207499999912997 ] } },
{ "type": "Feature", "properties": { "OBJECTID": 27076, "Plant_Code": 55015, "Plant_Name": "Sweeny Cogen Facility", "Utility_ID": 22214, "Utility_Name": "Sweeny Cogeneration LP", "sector_name": "IPP CHP", "Street_Address": "7190 Old FM 524, Gate 13", "City": "Old Ocean", "County": "Brazoria", "State": "Texas", "Zip": 77463, "PrimSource": "natural gas", "source_desc": "Natural Gas = 436 MW", "tech_desc": "Natural Gas Fired Combustion Turbine", "Install_MW": 572.0, "Total_MW": 436.0, "Bat_MW": null, "Bio_MW": null, "Coal_MW": null, "Geo_MW": null, "Hydro_MW": null, "HydroPS_MW": null, "NG_MW": 436.0, "Nuclear_MW": null, "Crude_MW": null, "Solar_MW": null, "Wind_MW": null, "Other_MW": null, "Source": "EIA-860, EIA-860M and EIA-923", "Period": "202311", "Longitude": -95.745, "Latitude": 29.0728 }, "geometry": { "type": "Point", "coordinates": [ -95.744999999982198, 29.072800000247401 ] } },
{ "type": "Feature", "properties": { "OBJECTID": 27090, "Plant_Code": 55047, "Plant_Name": "Pasadena Cogeneration", "Utility_ID": 11059, "Utility_Name": "Pasadena Cogeneration LP", "sector_name": "IPP CHP", "Street_Address": "955 Phillips Road", "City": "Pasadena", "County": "Harris", "State": "Texas", "Zip": 77506, "PrimSource": "natural gas", "source_desc": "Natural Gas = 720 MW", "tech_desc": "Natural Gas Fired Combined Cycle", "Install_MW": 815.0, "Total_MW": 720.0, "Bat_MW": null, "Bio_MW": null, "Coal_MW": null, "Geo_MW": null, "Hydro_MW": null, "HydroPS_MW": null, "NG_MW": 720.0, "Nuclear_MW": null, "Crude_MW": null, "Solar_MW": null, "Wind_MW": null, "Other_MW": null, "Source": "EIA-860, EIA-860M and EIA-923", "Period": "202311", "Longitude": -95.176479, "Latitude": 29.72475 }, "geometry": { "type": "Point", "coordinates": [ -95.176479000209298, 29.724749999689401 ] } },
{ "type": "Feature", "properties": { "OBJECTID": 27093, "Plant_Code": 55052, "Plant_Name": "Jameson Gas Processing Plant", "Utility_ID": 50114, "Utility_Name": "WTG Jameson, L.P.", "sector_name": "Industrial Non-CHP", "Street_Address": "1000 Gas Plant Road", "City": "Silver", "County": "Coke", "State": "Texas", "Zip": 76949, "PrimSource": "natural gas", "source_desc": "Natural Gas = 1.8 MW", "tech_desc": "Natural Gas Internal Combustion Engine", "Install_MW": 1.8, "Total_MW": 1.8, "Bat_MW": null, "Bio_MW": null, "Coal_MW": null, "Geo_MW": null, "Hydro_MW": null, "HydroPS_MW": null, "NG_MW": 1.8, "Nuclear_MW": null, "Crude_MW": null, "Solar_MW": null, "Wind_MW": null, "Other_MW": null, "Source": "EIA-860, EIA-860M and EIA-923", "Period": "202311", "Longitude": -100.6917, "Latitude": 32.05 }, "geometry": { "type": "Point", "coordinates": [ -100.691699999918995, 32.050000000137899 ] } },
{ "type": "Feature", "properties": { "OBJECTID": 27094, "Plant_Code": 55053, "Plant_Name": "Bridgeport Gas Processing Plant", "Utility_ID": 59366, "Utility_Name": "EnLink Midstream Services, LLC", "sector_name": "Industrial Non-CHP", "Street_Address": "415 Private Rd, 3502", "City": "Bridgeport", "County": "Wise", "State": "Texas", "Zip": 76426, "PrimSource": "natural gas", "source_desc": "Natural Gas = 10.4 MW", "tech_desc": "Natural Gas Internal Combustion Engine", "Install_MW": 10.4, "Total_MW": 10.4, "Bat_MW": null, "Bio_MW": null, "Coal_MW": null, "Geo_MW": null, "Hydro_MW": null, "HydroPS_MW": null, "NG_MW": 10.4, "Nuclear_MW": null, "Crude_MW": null, "Solar_MW": null, "Wind_MW": null, "Other_MW": null, "Source": "EIA-860, EIA-860M and EIA-923", "Period": "202311", "Longitude": -97.802547, "Latitude": 33.195763 }, "geometry": { "type": "Point", "coordinates": [ -97.802546999773597, 33.195763000308503 ] } },
{ "type": "Feature", "properties": { "OBJECTID": 27097, "Plant_Code": 55062, "Plant_Name": "Tenaska Frontier Generation Station", "Utility_ID": 18611, "Utility_Name": "Tenaska Frontier Partners Ltd", "sector_name": "IPP Non-CHP", "Street_Address": "17500 Hwy 30", "City": "Shiro", "County": "Grimes", "State": "Texas", "Zip": 77876, "PrimSource": "natural gas", "source_desc": "Natural Gas = 860 MW", "tech_desc": "Natural Gas Fired Combined Cycle", "Install_MW": 939.7, "Total_MW": 860.0, "Bat_MW": null, "Bio_MW": null, "Coal_MW": null, "Geo_MW": null, "Hydro_MW": null, "HydroPS_MW": null, "NG_MW": 860.0, "Nuclear_MW": null, "Crude_MW": null, "Solar_MW": null, "Wind_MW": null, "Other_MW": null, "Source": "EIA-860, EIA-860M and EIA-923", "Period": "202311", "Longitude": -95.9178, "Latitude": 30.5924 }, "geometry": { "type": "Point", "coordinates": [ -95.917799999900694, 30.5923999996707 ] } },
{ "type": "Feature", "properties": { "OBJECTID": 27099, "Plant_Code": 55064, "Plant_Name": "Black Hawk Station", "Utility_ID": 23913, "Utility_Name": "Borger Energy Associates LP", "sector_name": "IPP CHP", "Street_Address": "Spur 119 N. Cogen Place", "City": "Borger", "County": "Hutchinson", "State": "Texas", "Zip": 79007, "PrimSource": "natural gas", "source_desc": "Natural Gas = 220.2 MW", "tech_desc": "Natural Gas Fired Combustion Turbine", "Install_MW": 243.9, "Total_MW": 220.2, "Bat_MW": null, "Bio_MW": null, "Coal_MW": null, "Geo_MW": null, "Hydro_MW": null, "HydroPS_MW": null, "NG_MW": 220.2, "Nuclear_MW": null, "Crude_MW": null, "Solar_MW": null, "Wind_MW": null, "Other_MW": null, "Source": "EIA-860, EIA-860M and EIA-923", "Period": "202311", "Longitude": -101.36, "Latitude": 35.6957 }, "geometry": { "type": "Point", "coordinates": [ -101.359999999943994, 35.695699999948701 ] } },
{ "type": "Feature", "properties": { "OBJECTID": 27100, "Plant_Code": 55065, "Plant_Name": "Mustang Station", "Utility_ID": 7349, "Utility_Name": "Golden Spread Electric Cooperative, Inc", "sector_name": "Electric Utility", "Street_Address": "1937 County Road 390", "City": "Denver City", "County": "Yoakum", "State": "Texas", "Zip": 79323, "PrimSource": "natural gas", "source_desc": "Natural Gas = 463.1 MW", "tech_desc": "Natural Gas Fired Combined Cycle", "Install_MW": 521.0, "Total_MW": 463.1, "Bat_MW": null, "Bio_MW": null, "Coal_MW": null, "Geo_MW": null, "Hydro_MW": null, "HydroPS_MW": null, "NG_MW": 463.1, "Nuclear_MW": null, "Crude_MW": null, "Solar_MW": null, "Wind_MW": null, "Other_MW": null, "Source": "EIA-860, EIA-860M and EIA-923", "Period": "202311", "Longitude": -102.7417, "Latitude": 32.9728 }, "geometry": { "type": "Point", "coordinates": [ -102.741699999682993, 32.972800000023298 ] } },
{ "type": "Feature", "properties": { "OBJECTID": 27111, "Plant_Code": 55086, "Plant_Name": "Gregory Power Plant", "Utility_ID": 7667, "Utility_Name": "Gregory Power Partners LLC", "sector_name": "IPP Non-CHP", "Street_Address": "4633A TX HWY 361", "City": "Gregory", "County": "San Patricio", "State": "Texas", "Zip": 78359, "PrimSource": "natural gas", "source_desc": "Natural Gas = 366 MW", "tech_desc": "Natural Gas Fired Combined Cycle", "Install_MW": 432.0, "Total_MW": 366.0, "Bat_MW": null, "Bio_MW": null, "Coal_MW": null, "Geo_MW": null, "Hydro_MW": null, "HydroPS_MW": null, "NG_MW": 366.0, "Nuclear_MW": null, "Crude_MW": null, "Solar_MW": null, "Wind_MW": null, "Other_MW": null, "Source": "EIA-860, EIA-860M and EIA-923", "Period": "202311", "Longitude": -97.258417, "Latitude": 27.88929 }, "geometry": { "type": "Point", "coordinates": [ -97.258417000001202, 27.8892900002052 ] } },
{ "type": "Feature", "properties": { "OBJECTID": 27116, "Plant_Code": 55091, "Plant_Name": "Midlothian Energy Facility", "Utility_ID": 12501, "Utility_Name": "Midlothian Energy LLC", "sector_name": "IPP Non-CHP", "Street_Address": "4601 Brookhollow Drive", "City": "Midlothian", "County": "Ellis", "State": "Texas", "Zip": 76065, "PrimSource": "natural gas", "source_desc": "Natural Gas = 1605 MW", "tech_desc": "Natural Gas Fired Combined Cycle", "Install_MW": 1734.0, "Total_MW": 1605.0, "Bat_MW": null, "Bio_MW": null, "Coal_MW": null, "Geo_MW": null, "Hydro_MW": null, "HydroPS_MW": null, "NG_MW": 1605.0, "Nuclear_MW": null, "Crude_MW": null, "Solar_MW": null, "Wind_MW": null, "Other_MW": null, "Source": "EIA-860, EIA-860M and EIA-923", "Period": "202311", "Longitude": -97.0537, "Latitude": 32.4302 }, "geometry": { "type": "Point", "coordinates": [ -97.053699999971798, 32.4302000000894 ] } },
{ "type": "Feature", "properties": { "OBJECTID": 27120, "Plant_Code": 55097, "Plant_Name": "Lamar Power Project", "Utility_ID": 60477, "Utility_Name": "LaFrontera Holdings LLC", "sector_name": "IPP Non-CHP", "Street_Address": "3205 FM 137", "City": "Paris", "County": "Lamar", "State": "Texas", "Zip": 75462, "PrimSource": "natural gas", "source_desc": "Natural Gas = 1004 MW", "tech_desc": "Natural Gas Fired Combined Cycle", "Install_MW": 1112.6, "Total_MW": 1004.0, "Bat_MW": null, "Bio_MW": null, "Coal_MW": null, "Geo_MW": null, "Hydro_MW": null, "HydroPS_MW": null, "NG_MW": 1004.0, "Nuclear_MW": null, "Crude_MW": null, "Solar_MW": null, "Wind_MW": null, "Other_MW": null, "Source": "EIA-860, EIA-860M and EIA-923", "Period": "202311", "Longitude": -95.59, "Latitude": 33.6308 }, "geometry": { "type": "Point", "coordinates": [ -95.589999999739305, 33.630799999860599 ] } },
{ "type": "Feature", "properties": { "OBJECTID": 27132, "Plant_Code": 55122, "Plant_Name": "NAFTA Region Olefins Complex Cogen Fac", "Utility_ID": 1357, "Utility_Name": "BASF Corp", "sector_name": "Industrial CHP", "Street_Address": "Hwy 366 Gate 99", "City": "Port Arthur", "County": "Jefferson", "State": "Texas", "Zip": 77643, "PrimSource": "natural gas", "source_desc": "Natural Gas = 70 MW", "tech_desc": "Natural Gas Fired Combustion Turbine", "Install_MW": 83.2, "Total_MW": 70.0, "Bat_MW": null, "Bio_MW": null, "Coal_MW": null, "Geo_MW": null, "Hydro_MW": null, "HydroPS_MW": null, "NG_MW": 70.0, "Nuclear_MW": null, "Crude_MW": null, "Solar_MW": null, "Wind_MW": null, "Other_MW": null, "Source": "EIA-860, EIA-860M and EIA-923", "Period": "202311", "Longitude": -93.883592, "Latitude": 29.954321 }, "geometry": { "type": "Point", "coordinates": [ -93.883592000148695, 29.954321000322398 ] } },
{ "type": "Feature", "properties": { "OBJECTID": 27133, "Plant_Code": 55123, "Plant_Name": "Magic Valley Generating Station", "Utility_ID": 2877, "Utility_Name": "Calpine Corp-Magic Valley", "sector_name": "IPP Non-CHP", "Street_Address": "3333 N. McColl Rd.", "City": "Edinburg", "County": "Hidalgo", "State": "Texas", "Zip": 78539, "PrimSource": "natural gas", "source_desc": "Natural Gas = 682 MW", "tech_desc": "Natural Gas Fired Combined Cycle", "Install_MW": 801.0, "Total_MW": 682.0, "Bat_MW": null, "Bio_MW": null, "Coal_MW": null, "Geo_MW": null, "Hydro_MW": null, "HydroPS_MW": null, "NG_MW": 682.0, "Nuclear_MW": null, "Crude_MW": null, "Solar_MW": null, "Wind_MW": null, "Other_MW": null, "Source": "EIA-860, EIA-860M and EIA-923", "Period": "202311", "Longitude": -98.19, "Latitude": 26.3403 }, "geometry": { "type": "Point", "coordinates": [ -98.190000000076097, 26.340300000228499 ] } },
{ "type": "Feature", "properties": { "OBJECTID": 27141, "Plant_Code": 55132, "Plant_Name": "Tenaska Gateway Generating Station", "Utility_ID": 18518, "Utility_Name": "Tenaska Gateway Partners Ltd", "sector_name": "IPP Non-CHP", "Street_Address": "State Hwy 315 PO Box 697", "City": "Mt. Enterprise", "County": "Rusk", "State": "Texas", "Zip": 75681, "PrimSource": "natural gas", "source_desc": "Natural Gas = 845 MW", "tech_desc": "Natural Gas Fired Combined Cycle", "Install_MW": 939.6, "Total_MW": 845.0, "Bat_MW": null, "Bio_MW": null, "Coal_MW": null, "Geo_MW": null, "Hydro_MW": null, "HydroPS_MW": null, "NG_MW": 845.0, "Nuclear_MW": null, "Crude_MW": null, "Solar_MW": null, "Wind_MW": null, "Other_MW": null, "Source": "EIA-860, EIA-860M and EIA-923", "Period": "202311", "Longitude": -94.619743, "Latitude": 32.017826 }, "geometry": { "type": "Point", "coordinates": [ -94.619743000445496, 32.017826000210597 ] } },
{ "type": "Feature", "properties": { "OBJECTID": 27144, "Plant_Code": 55137, "Plant_Name": "Rio Nogales Power Project", "Utility_ID": 16604, "Utility_Name": "City of San Antonio - (TX)", "sector_name": "Electric Utility", "Street_Address": "711 Rio Nogales Drive", "City": "Seguin", "County": "Guadalupe", "State": "Texas", "Zip": 78155, "PrimSource": "natural gas", "source_desc": "Natural Gas = 784.5 MW", "tech_desc": "Natural Gas Fired Combined Cycle", "Install_MW": 940.2, "Total_MW": 784.5, "Bat_MW": null, "Bio_MW": null, "Coal_MW": null, "Geo_MW": null, "Hydro_MW": null, "HydroPS_MW": null, "NG_MW": 784.5, "Nuclear_MW": null, "Crude_MW": null, "Solar_MW": null, "Wind_MW": null, "Other_MW": null, "Source": "EIA-860, EIA-860M and EIA-923", "Period": "202311", "Longitude": -97.973215, "Latitude": 29.593056 }, "geometry": { "type": "Point", "coordinates": [ -97.973215000180502, 29.593056000373402 ] } },
{ "type": "Feature", "properties": { "OBJECTID": 27146, "Plant_Code": 55139, "Plant_Name": "Wolf Hollow I LP", "Utility_ID": 313, "Utility_Name": "Wolf Hollow I Power, LLC", "sector_name": "IPP Non-CHP", "Street_Address": "9201 Wolf Hollow Court", "City": "Granbury", "County": "Hood", "State": "Texas", "Zip": 76048, "PrimSource": "natural gas", "source_desc": "Natural Gas = 750.5 MW", "tech_desc": "Natural Gas Fired Combined Cycle", "Install_MW": 788.4, "Total_MW": 750.5, "Bat_MW": null, "Bio_MW": null, "Coal_MW": null, "Geo_MW": null, "Hydro_MW": null, "HydroPS_MW": null, "NG_MW": 750.5, "Nuclear_MW": null, "Crude_MW": null, "Solar_MW": null, "Wind_MW": null, "Other_MW": null, "Source": "EIA-860, EIA-860M and EIA-923", "Period": "202311", "Longitude": -97.731686, "Latitude": 32.33422 }, "geometry": { "type": "Point", "coordinates": [ -97.731686000106905, 32.3342199999597 ] } },
{ "type": "Feature", "properties": { "OBJECTID": 27148, "Plant_Code": 55144, "Plant_Name": "Hays Energy Project", "Utility_ID": 1074, "Utility_Name": "Hays Energy, LLC", "sector_name": "IPP Non-CHP", "Street_Address": "1601 Francis Harris Ln", "City": "San Marcos", "County": "Hays", "State": "Texas", "Zip": 78666, "PrimSource": "natural gas", "source_desc": "Natural Gas = 896 MW", "tech_desc": "Natural Gas Fired Combined Cycle", "Install_MW": 989.0, "Total_MW": 896.0, "Bat_MW": null, "Bio_MW": null, "Coal_MW": null, "Geo_MW": null, "Hydro_MW": null, "HydroPS_MW": null, "NG_MW": 896.0, "Nuclear_MW": null, "Crude_MW": null, "Solar_MW": null, "Wind_MW": null, "Other_MW": null, "Source": "EIA-860, EIA-860M and EIA-923", "Period": "202311", "Longitude": -97.9894, "Latitude": 29.7806 }, "geometry": { "type": "Point", "coordinates": [ -97.989399999655006, 29.7806000001979 ] } },
{ "type": "Feature", "properties": { "OBJECTID": 27154, "Plant_Code": 55153, "Plant_Name": "Guadalupe Generating Station", "Utility_ID": 57045, "Utility_Name": "Guadalupe Power Partners LP", "sector_name": "IPP Non-CHP", "Street_Address": "5740 Weil Road", "City": "Marion", "County": "Guadalupe", "State": "Texas", "Zip": 78124, "PrimSource": "natural gas", "source_desc": "Natural Gas = 1011.6 MW", "tech_desc": "Natural Gas Fired Combined Cycle", "Install_MW": 1088.2, "Total_MW": 1011.6, "Bat_MW": null, "Bio_MW": null, "Coal_MW": null, "Geo_MW": null, "Hydro_MW": null, "HydroPS_MW": null, "NG_MW": 1011.6, "Nuclear_MW": null, "Crude_MW": null, "Solar_MW": null, "Wind_MW": null, "Other_MW": null, "Source": "EIA-860, EIA-860M and EIA-923", "Period": "202311", "Longitude": -98.1419, "Latitude": 29.6244 }, "geometry": { "type": "Point", "coordinates": [ -98.141900000140396, 29.624400000160399 ] } },
{ "type": "Feature", "properties": { "OBJECTID": 27155, "Plant_Code": 55154, "Plant_Name": "Lost Pines 1 Power Project", "Utility_ID": 11269, "Utility_Name": "Lower Colorado River Authority", "sector_name": "Electric Utility", "Street_Address": "256 Power Plant Road", "City": "Bastrop", "County": "Bastrop", "State": "Texas", "Zip": 78602, "PrimSource": "natural gas", "source_desc": "Natural Gas = 510 MW", "tech_desc": "Natural Gas Fired Combined Cycle", "Install_MW": 609.0, "Total_MW": 510.0, "Bat_MW": null, "Bio_MW": null, "Coal_MW": null, "Geo_MW": null, "Hydro_MW": null, "HydroPS_MW": null, "NG_MW": 510.0, "Nuclear_MW": null, "Crude_MW": null, "Solar_MW": null, "Wind_MW": null, "Other_MW": null, "Source": "EIA-860, EIA-860M and EIA-923", "Period": "202311", "Longitude": -97.2714, "Latitude": 30.1478 }, "geometry": { "type": "Point", "coordinates": [ -97.271399999561396, 30.1478000002523 ] } },
{ "type": "Feature", "properties": { "OBJECTID": 27163, "Plant_Code": 55168, "Plant_Name": "Bastrop Energy Center", "Utility_ID": 49768, "Utility_Name": "Bastrop Energy Partners, LP", "sector_name": "IPP Non-CHP", "Street_Address": "125 Old Bastrop Road", "City": "Cedar Creek", "County": "Bastrop", "State": "Texas", "Zip": 78602, "PrimSource": "natural gas", "source_desc": "Natural Gas = 575 MW", "tech_desc": "Natural Gas Fired Combined Cycle", "Install_MW": 618.7, "Total_MW": 575.0, "Bat_MW": null, "Bio_MW": null, "Coal_MW": null, "Geo_MW": null, "Hydro_MW": null, "HydroPS_MW": null, "NG_MW": 575.0, "Nuclear_MW": null, "Crude_MW": null, "Solar_MW": null, "Wind_MW": null, "Other_MW": null, "Source": "EIA-860, EIA-860M and EIA-923", "Period": "202311", "Longitude": -97.55, "Latitude": 30.1458 }, "geometry": { "type": "Point", "coordinates": [ -97.550000000145204, 30.145799999862799 ] } },
{ "type": "Feature", "properties": { "OBJECTID": 27165, "Plant_Code": 55172, "Plant_Name": "Bosque County Peaking", "Utility_ID": 55899, "Utility_Name": "Calpine Bosque Energy Center LLC", "sector_name": "IPP Non-CHP", "Street_Address": "PO Box 5436", "City": "Laquna Park", "County": "Bosque", "State": "Texas", "Zip": 76644, "PrimSource": "natural gas", "source_desc": "Natural Gas = 763 MW", "tech_desc": "Natural Gas Fired Combined Cycle", "Install_MW": 807.0, "Total_MW": 763.0, "Bat_MW": null, "Bio_MW": null, "Coal_MW": null, "Geo_MW": null, "Hydro_MW": null, "HydroPS_MW": null, "NG_MW": 763.0, "Nuclear_MW": null, "Crude_MW": null, "Solar_MW": null, "Wind_MW": null, "Other_MW": null, "Source": "EIA-860, EIA-860M and EIA-923", "Period": "202311", "Longitude": -97.3586, "Latitude": 31.8594 }, "geometry": { "type": "Point", "coordinates": [ -97.358599999586701, 31.859399999874601 ] } },
{ "type": "Feature", "properties": { "OBJECTID": 27167, "Plant_Code": 55176, "Plant_Name": "Eastman Cogeneration Facility", "Utility_ID": 49791, "Utility_Name": "Eastman Cogeneration LP", "sector_name": "IPP CHP", "Street_Address": "Bldg 121, 2290 Callahan Road", "City": "Longview", "County": "Harrison", "State": "Texas", "Zip": 75602, "PrimSource": "natural gas", "source_desc": "Natural Gas = 417.2 MW", "tech_desc": "Natural Gas Fired Combined Cycle", "Install_MW": 467.7, "Total_MW": 417.2, "Bat_MW": null, "Bio_MW": null, "Coal_MW": null, "Geo_MW": null, "Hydro_MW": null, "HydroPS_MW": null, "NG_MW": 417.2, "Nuclear_MW": null, "Crude_MW": null, "Solar_MW": null, "Wind_MW": null, "Other_MW": null, "Source": "EIA-860, EIA-860M and EIA-923", "Period": "202311", "Longitude": -94.6903, "Latitude": 32.4481 }, "geometry": { "type": "Point", "coordinates": [ -94.690300000338596, 32.448100000175202 ] } },
{ "type": "Feature", "properties": { "OBJECTID": 27174, "Plant_Code": 55187, "Plant_Name": "Channelview Cogeneration Plant", "Utility_ID": 56380, "Utility_Name": "EIF Channelview Cogeneration LLC", "sector_name": "IPP CHP", "Street_Address": "8580 Sheldon Road", "City": "Channelview", "County": "Harris", "State": "Texas", "Zip": 77049, "PrimSource": "natural gas", "source_desc": "Natural Gas = 775 MW", "tech_desc": "Natural Gas Fired Combined Cycle", "Install_MW": 918.3, "Total_MW": 775.0, "Bat_MW": null, "Bio_MW": null, "Coal_MW": null, "Geo_MW": null, "Hydro_MW": null, "HydroPS_MW": null, "NG_MW": 775.0, "Nuclear_MW": null, "Crude_MW": null, "Solar_MW": null, "Wind_MW": null, "Other_MW": null, "Source": "EIA-860, EIA-860M and EIA-923", "Period": "202311", "Longitude": -95.121744, "Latitude": 29.836952 }, "geometry": { "type": "Point", "coordinates": [ -95.121743999567698, 29.8369519996943 ] } },
{ "type": "Feature", "properties": { "OBJECTID": 27186, "Plant_Code": 55206, "Plant_Name": "Corpus Christi Energy Center", "Utility_ID": 4383, "Utility_Name": "Corpus Christi Cogeneration LLC", "sector_name": "IPP CHP", "Street_Address": "3952 Buddy Lawrence Drive", "City": "Corpus Christi", "County": "Nueces", "State": "Texas", "Zip": 78407, "PrimSource": "natural gas", "source_desc": "Natural Gas = 477 MW", "tech_desc": "Natural Gas Fired Combined Cycle", "Install_MW": 593.3, "Total_MW": 477.0, "Bat_MW": null, "Bio_MW": null, "Coal_MW": null, "Geo_MW": null, "Hydro_MW": null, "HydroPS_MW": null, "NG_MW": 477.0, "Nuclear_MW": null, "Crude_MW": null, "Solar_MW": null, "Wind_MW": null, "Other_MW": null, "Source": "EIA-860, EIA-860M and EIA-923", "Period": "202311", "Longitude": -97.4283, "Latitude": 27.8139 }, "geometry": { "type": "Point", "coordinates": [ -97.428300000410601, 27.8138999997098 ] } },
{ "type": "Feature", "properties": { "OBJECTID": 27192, "Plant_Code": 55215, "Plant_Name": "Odessa-Ector Power Plant", "Utility_ID": 60477, "Utility_Name": "LaFrontera Holdings LLC", "sector_name": "IPP Non-CHP", "Street_Address": "2200 I-20 East", "City": "Odessa", "County": "Ector", "State": "Texas", "Zip": 79766, "PrimSource": "natural gas", "source_desc": "Natural Gas = 1061.8 MW", "tech_desc": "Natural Gas Fired Combined Cycle", "Install_MW": 1152.8, "Total_MW": 1061.8, "Bat_MW": null, "Bio_MW": null, "Coal_MW": null, "Geo_MW": null, "Hydro_MW": null, "HydroPS_MW": null, "NG_MW": 1061.8, "Nuclear_MW": null, "Crude_MW": null, "Solar_MW": null, "Wind_MW": null, "Other_MW": null, "Source": "EIA-860, EIA-860M and EIA-923", "Period": "202311", "Longitude": -102.3264, "Latitude": 31.8403 }, "geometry": { "type": "Point", "coordinates": [ -102.326399999920994, 31.840300000080401 ] } },
{ "type": "Feature", "properties": { "OBJECTID": 27199, "Plant_Code": 55223, "Plant_Name": "Ennis Power Company LLC", "Utility_ID": 5761, "Utility_Name": "Ennis Power Company LLC", "sector_name": "IPP Non-CHP", "Street_Address": "4001 West Ennis Avenue", "City": "Ennis", "County": "Ellis", "State": "Texas", "Zip": 75119, "PrimSource": "natural gas", "source_desc": "Natural Gas = 359.5 MW", "tech_desc": "Natural Gas Fired Combined Cycle", "Install_MW": 418.0, "Total_MW": 359.5, "Bat_MW": null, "Bio_MW": null, "Coal_MW": null, "Geo_MW": null, "Hydro_MW": null, "HydroPS_MW": null, "NG_MW": 359.5, "Nuclear_MW": null, "Crude_MW": null, "Solar_MW": null, "Wind_MW": null, "Other_MW": null, "Source": "EIA-860, EIA-860M and EIA-923", "Period": "202311", "Longitude": -96.675, "Latitude": 32.32 }, "geometry": { "type": "Point", "coordinates": [ -96.674999999643205, 32.320000000331198 ] } },
{ "type": "Feature", "properties": { "OBJECTID": 27202, "Plant_Code": 55226, "Plant_Name": "Freestone Energy Center", "Utility_ID": 6763, "Utility_Name": "Freestone Power Generation LLC", "sector_name": "IPP Non-CHP", "Street_Address": "1366 FM 488", "City": "Fairfield", "County": "Freestone", "State": "Texas", "Zip": 75840, "PrimSource": "natural gas", "source_desc": "Natural Gas = 1032 MW", "tech_desc": "Natural Gas Fired Combined Cycle", "Install_MW": 1036.0, "Total_MW": 1032.0, "Bat_MW": null, "Bio_MW": null, "Coal_MW": null, "Geo_MW": null, "Hydro_MW": null, "HydroPS_MW": null, "NG_MW": 1032.0, "Nuclear_MW": null, "Crude_MW": null, "Solar_MW": null, "Wind_MW": null, "Other_MW": null, "Source": "EIA-860, EIA-860M and EIA-923", "Period": "202311", "Longitude": -96.1131, "Latitude": 31.8907 }, "geometry": { "type": "Point", "coordinates": [ -96.113100000332494, 31.890699999851499 ] } },
{ "type": "Feature", "properties": { "OBJECTID": 27205, "Plant_Code": 55230, "Plant_Name": "Jack County", "Utility_ID": 2172, "Utility_Name": "Brazos Electric Power Coop Inc", "sector_name": "Electric Utility", "Street_Address": "3844 Henderson Ranch rd.", "City": "Bridgeport", "County": "Wise", "State": "Texas", "Zip": 76426, "PrimSource": "natural gas", "source_desc": "Natural Gas = 1241 MW", "tech_desc": "Natural Gas Fired Combined Cycle", "Install_MW": 1280.0, "Total_MW": 1241.0, "Bat_MW": null, "Bio_MW": null, "Coal_MW": null, "Geo_MW": null, "Hydro_MW": null, "HydroPS_MW": null, "NG_MW": 1241.0, "Nuclear_MW": null, "Crude_MW": null, "Solar_MW": null, "Wind_MW": null, "Other_MW": null, "Source": "EIA-860, EIA-860M and EIA-923", "Period": "202311", "Longitude": -97.9574, "Latitude": 33.101 }, "geometry": { "type": "Point", "coordinates": [ -97.957399999703398, 33.100999999752602 ] } },
{ "type": "Feature", "properties": { "OBJECTID": 27249, "Plant_Code": 55299, "Plant_Name": "Channel Energy Center LLC", "Utility_ID": 3370, "Utility_Name": "Channel Energy Center LLC", "sector_name": "IPP CHP", "Street_Address": "451 Light Company Road", "City": "Pasadena", "County": "Harris", "State": "Texas", "Zip": 77506, "PrimSource": "natural gas", "source_desc": "Natural Gas = 768 MW", "tech_desc": "Natural Gas Fired Combined Cycle", "Install_MW": 923.8, "Total_MW": 768.0, "Bat_MW": null, "Bio_MW": null, "Coal_MW": null, "Geo_MW": null, "Hydro_MW": null, "HydroPS_MW": null, "NG_MW": 768.0, "Nuclear_MW": null, "Crude_MW": null, "Solar_MW": null, "Wind_MW": null, "Other_MW": null, "Source": "EIA-860, EIA-860M and EIA-923", "Period": "202311", "Longitude": -95.2319, "Latitude": 29.7189 }, "geometry": { "type": "Point", "coordinates": [ -95.231900000216001, 29.718900000148999 ] } },
{ "type": "Feature", "properties": { "OBJECTID": 27253, "Plant_Code": 55309, "Plant_Name": "Air Products Port Arthur", "Utility_ID": 56304, "Utility_Name": "Air Products LLC", "sector_name": "Industrial CHP", "Street_Address": "1801 S Gulfway Drive", "City": "Port Arthur", "County": "Jefferson", "State": "Texas", "Zip": 77640, "PrimSource": "natural gas", "source_desc": "Natural Gas = 158.9 MW", "tech_desc": "Natural Gas Fired Combustion Turbine; Natural Gas Steam Turbine;", "Install_MW": 169.1, "Total_MW": 158.9, "Bat_MW": null, "Bio_MW": null, "Coal_MW": null, "Geo_MW": null, "Hydro_MW": null, "HydroPS_MW": null, "NG_MW": 158.9, "Nuclear_MW": null, "Crude_MW": null, "Solar_MW": null, "Wind_MW": null, "Other_MW": null, "Source": "EIA-860, EIA-860M and EIA-923", "Period": "202311", "Longitude": -93.96515, "Latitude": 29.866497 }, "geometry": { "type": "Point", "coordinates": [ -93.965149999878093, 29.866497000377802 ] } },
{ "type": "Feature", "properties": { "OBJECTID": 27254, "Plant_Code": 55311, "Plant_Name": "BASF Freeport Works", "Utility_ID": 1182, "Utility_Name": "BASF Corporation", "sector_name": "Industrial CHP", "Street_Address": "602 Copper Rd", "City": "Feeeport", "County": "Brazoria", "State": "Texas", "Zip": 77541, "PrimSource": "natural gas", "source_desc": "Natural Gas = 75 MW, Other = 11.7 MW", "tech_desc": "Natural Gas Fired Combustion Turbine; All Other;", "Install_MW": 92.7, "Total_MW": 86.7, "Bat_MW": null, "Bio_MW": null, "Coal_MW": null, "Geo_MW": null, "Hydro_MW": null, "HydroPS_MW": null, "NG_MW": 75.0, "Nuclear_MW": null, "Crude_MW": null, "Solar_MW": null, "Wind_MW": null, "Other_MW": 11.7, "Source": "EIA-860, EIA-860M and EIA-923", "Period": "202311", "Longitude": -95.394, "Latitude": 29.002 }, "geometry": { "type": "Point", "coordinates": [ -95.393999999698707, 29.002000000256501 ] } },
{ "type": "Feature", "properties": { "OBJECTID": 27255, "Plant_Code": 55313, "Plant_Name": "Ingleside Cogeneration", "Utility_ID": 26469, "Utility_Name": "Ingleside Cogeneration LP", "sector_name": "Industrial CHP", "Street_Address": "St. Hwy 361", "City": "Houston", "County": "San Patricio", "State": "Texas", "Zip": 77046, "PrimSource": "natural gas", "source_desc": "Natural Gas = 460 MW", "tech_desc": "Natural Gas Fired Combined Cycle", "Install_MW": 517.0, "Total_MW": 460.0, "Bat_MW": null, "Bio_MW": null, "Coal_MW": null, "Geo_MW": null, "Hydro_MW": null, "HydroPS_MW": null, "NG_MW": 460.0, "Nuclear_MW": null, "Crude_MW": null, "Solar_MW": null, "Wind_MW": null, "Other_MW": null, "Source": "EIA-860, EIA-860M and EIA-923", "Period": "202311", "Longitude": -97.242778, "Latitude": 27.882778 }, "geometry": { "type": "Point", "coordinates": [ -97.242778000149599, 27.8827779997101 ] } },
{ "type": "Feature", "properties": { "OBJECTID": 27259, "Plant_Code": 55320, "Plant_Name": "Wise County Power LLC", "Utility_ID": 21668, "Utility_Name": "Wise County Power Company LLC", "sector_name": "IPP Non-CHP", "Street_Address": "800 Boons Creek Lane", "City": "Poolville", "County": "Wise", "State": "Texas", "Zip": 76487, "PrimSource": "natural gas", "source_desc": "Natural Gas = 735 MW", "tech_desc": "Natural Gas Fired Combined Cycle", "Install_MW": 821.7, "Total_MW": 735.0, "Bat_MW": null, "Bio_MW": null, "Coal_MW": null, "Geo_MW": null, "Hydro_MW": null, "HydroPS_MW": null, "NG_MW": 735.0, "Nuclear_MW": null, "Crude_MW": null, "Solar_MW": null, "Wind_MW": null, "Other_MW": null, "Source": "EIA-860, EIA-860M and EIA-923", "Period": "202311", "Longitude": -97.9103, "Latitude": 33.0583 }, "geometry": { "type": "Point", "coordinates": [ -97.910299999850395, 33.058300000170298 ] } },
{ "type": "Feature", "properties": { "OBJECTID": 27261, "Plant_Code": 55327, "Plant_Name": "Baytown Energy Center", "Utility_ID": 2838, "Utility_Name": "Baytown Energy Center LLC", "sector_name": "IPP CHP", "Street_Address": "8605 FM 1405", "City": "Baytown", "County": "Chambers", "State": "Texas", "Zip": 77520, "PrimSource": "natural gas", "source_desc": "Natural Gas = 800 MW", "tech_desc": "Natural Gas Fired Combined Cycle", "Install_MW": 932.9, "Total_MW": 800.0, "Bat_MW": null, "Bio_MW": null, "Coal_MW": null, "Geo_MW": null, "Hydro_MW": null, "HydroPS_MW": null, "NG_MW": 800.0, "Nuclear_MW": null, "Crude_MW": null, "Solar_MW": null, "Wind_MW": null, "Other_MW": null, "Source": "EIA-860, EIA-860M and EIA-923", "Period": "202311", "Longitude": -94.9019, "Latitude": 29.7731 }, "geometry": { "type": "Point", "coordinates": [ -94.901899999872697, 29.773099999710102 ] } },
{ "type": "Feature", "properties": { "OBJECTID": 27277, "Plant_Code": 55357, "Plant_Name": "Jack Fusco Energy Center", "Utility_ID": 2171, "Utility_Name": "Brazos Valley Energy", "sector_name": "IPP Non-CHP", "Street_Address": "3440 Lockwood Rd.", "City": "Thompsons", "County": "Fort Bend", "State": "Texas", "Zip": 77481, "PrimSource": "natural gas", "source_desc": "Natural Gas = 525 MW", "tech_desc": "Natural Gas Fired Combined Cycle", "Install_MW": 675.6, "Total_MW": 525.0, "Bat_MW": null, "Bio_MW": null, "Coal_MW": null, "Geo_MW": null, "Hydro_MW": null, "HydroPS_MW": null, "NG_MW": 525.0, "Nuclear_MW": null, "Crude_MW": null, "Solar_MW": null, "Wind_MW": null, "Other_MW": null, "Source": "EIA-860, EIA-860M and EIA-923", "Period": "202311", "Longitude": -95.6244, "Latitude": 29.4731 }, "geometry": { "type": "Point", "coordinates": [ -95.624399999889405, 29.473100000384701 ] } },
{ "type": "Feature", "properties": { "OBJECTID": 27278, "Plant_Code": 55358, "Plant_Name": "Cottonwood Energy Project", "Utility_ID": 4405, "Utility_Name": "NRG Cottonwood Tenant LLC", "sector_name": "IPP Non-CHP", "Street_Address": "976 County Road 4213", "City": "Deweyville", "County": "Newton", "State": "Texas", "Zip": 77614, "PrimSource": "natural gas", "source_desc": "Natural Gas = 1145.2 MW", "tech_desc": "Natural Gas Fired Combined Cycle", "Install_MW": 1433.6, "Total_MW": 1145.2, "Bat_MW": null, "Bio_MW": null, "Coal_MW": null, "Geo_MW": null, "Hydro_MW": null, "HydroPS_MW": null, "NG_MW": 1145.2, "Nuclear_MW": null, "Crude_MW": null, "Solar_MW": null, "Wind_MW": null, "Other_MW": null, "Source": "EIA-860, EIA-860M and EIA-923", "Period": "202311", "Longitude": -93.7353, "Latitude": 30.2588 }, "geometry": { "type": "Point", "coordinates": [ -93.735300000406596, 30.258799999790799 ] } },
{ "type": "Feature", "properties": { "OBJECTID": 27280, "Plant_Code": 55365, "Plant_Name": "Exelon LaPorte Generating Station", "Utility_ID": 62027, "Utility_Name": "LaPorte Power, LLC", "sector_name": "IPP Non-CHP", "Street_Address": "10202 Strang Rd.", "City": "LaPorte", "County": "Harris", "State": "Texas", "Zip": 77571, "PrimSource": "natural gas", "source_desc": "Natural Gas = 144 MW", "tech_desc": "Natural Gas Fired Combustion Turbine", "Install_MW": 236.0, "Total_MW": 144.0, "Bat_MW": null, "Bio_MW": null, "Coal_MW": null, "Geo_MW": null, "Hydro_MW": null, "HydroPS_MW": null, "NG_MW": 144.0, "Nuclear_MW": null, "Crude_MW": null, "Solar_MW": null, "Wind_MW": null, "Other_MW": null, "Source": "EIA-860, EIA-860M and EIA-923", "Period": "202311", "Longitude": -95.0718, "Latitude": 29.7028 }, "geometry": { "type": "Point", "coordinates": [ -95.071800000000493, 29.7028000000698 ] } },
{ "type": "Feature", "properties": { "OBJECTID": 27291, "Plant_Code": 55390, "Plant_Name": "State Farm Insur Support Center Central", "Utility_ID": 18050, "Utility_Name": "State Farm Mutual Auto Ins Co", "sector_name": "Commercial Non-CHP", "Street_Address": "8225 Brent Branch Drive", "City": "Irving", "County": "Dallas", "State": "Texas", "Zip": 75063, "PrimSource": "petroleum", "source_desc": "Petroleum = 10.8 MW", "tech_desc": "Petroleum Liquids", "Install_MW": 10.8, "Total_MW": 10.8, "Bat_MW": null, "Bio_MW": null, "Coal_MW": null, "Geo_MW": null, "Hydro_MW": null, "HydroPS_MW": null, "NG_MW": null, "Nuclear_MW": null, "Crude_MW": 10.8, "Solar_MW": null, "Wind_MW": null, "Other_MW": null, "Source": "EIA-860, EIA-860M and EIA-923", "Period": "202311", "Longitude": -96.9894, "Latitude": 32.9192 }, "geometry": { "type": "Point", "coordinates": [ -96.989399999594596, 32.919199999780901 ] } },
{ "type": "Feature", "properties": { "OBJECTID": 27324, "Plant_Code": 55464, "Plant_Name": "Deer Park Energy Center", "Utility_ID": 4994, "Utility_Name": "Deer Park Energy Center", "sector_name": "IPP CHP", "Street_Address": "5665 Highway 225", "City": "Deer Park", "County": "Harris", "State": "Texas", "Zip": 77536, "PrimSource": "natural gas", "source_desc": "Natural Gas = 1216 MW", "tech_desc": "Natural Gas Fired Combined Cycle", "Install_MW": 1176.0, "Total_MW": 1216.0, "Bat_MW": null, "Bio_MW": null, "Coal_MW": null, "Geo_MW": null, "Hydro_MW": null, "HydroPS_MW": null, "NG_MW": 1216.0, "Nuclear_MW": null, "Crude_MW": null, "Solar_MW": null, "Wind_MW": null, "Other_MW": null, "Source": "EIA-860, EIA-860M and EIA-923", "Period": "202311", "Longitude": -95.134508, "Latitude": 29.713414 }, "geometry": { "type": "Point", "coordinates": [ -95.134507999742993, 29.713414000000999 ] } },
{ "type": "Feature", "properties": { "OBJECTID": 27326, "Plant_Code": 55470, "Plant_Name": "Green Power 2", "Utility_ID": 17566, "Utility_Name": "South Houston Green Power LLC", "sector_name": "Industrial CHP", "Street_Address": "2501 5th Ave South", "City": "Texas City", "County": "Galveston", "State": "Texas", "Zip": 77590, "PrimSource": "natural gas", "source_desc": "Natural Gas = 624 MW", "tech_desc": "Natural Gas Fired Combined Cycle", "Install_MW": 861.0, "Total_MW": 624.0, "Bat_MW": null, "Bio_MW": null, "Coal_MW": null, "Geo_MW": null, "Hydro_MW": null, "HydroPS_MW": null, "NG_MW": 624.0, "Nuclear_MW": null, "Crude_MW": null, "Solar_MW": null, "Wind_MW": null, "Other_MW": null, "Source": "EIA-860, EIA-860M and EIA-923", "Period": "202311", "Longitude": -94.932773, "Latitude": 29.378097 }, "geometry": { "type": "Point", "coordinates": [ -94.932773000418294, 29.378097000142901 ] } },
{ "type": "Feature", "properties": { "OBJECTID": 27330, "Plant_Code": 55480, "Plant_Name": "Forney Energy Center", "Utility_ID": 60477, "Utility_Name": "LaFrontera Holdings LLC", "sector_name": "IPP Non-CHP", "Street_Address": "13770 W US Hwy 80", "City": "Forney", "County": "Kaufman", "State": "Texas", "Zip": 75126, "PrimSource": "natural gas", "source_desc": "Natural Gas = 1770 MW", "tech_desc": "Natural Gas Fired Combined Cycle", "Install_MW": 1894.2, "Total_MW": 1770.0, "Bat_MW": null, "Bio_MW": null, "Coal_MW": null, "Geo_MW": null, "Hydro_MW": null, "HydroPS_MW": null, "NG_MW": 1770.0, "Nuclear_MW": null, "Crude_MW": null, "Solar_MW": null, "Wind_MW": null, "Other_MW": null, "Source": "EIA-860, EIA-860M and EIA-923", "Period": "202311", "Longitude": -96.4916, "Latitude": 32.7563 }, "geometry": { "type": "Point", "coordinates": [ -96.491599999746398, 32.756300000300499 ] } },
{ "type": "Feature", "properties": { "OBJECTID": 27359, "Plant_Code": 55545, "Plant_Name": "Hidalgo Energy Center", "Utility_ID": 2934, "Utility_Name": "Calpine Corp - Hidalgo", "sector_name": "IPP Non-CHP", "Street_Address": "4005 N. Seminary Rd", "City": "Edinburg", "County": "Hidalgo", "State": "Texas", "Zip": 78539, "PrimSource": "natural gas", "source_desc": "Natural Gas = 495 MW", "tech_desc": "Natural Gas Fired Combined Cycle", "Install_MW": 551.3, "Total_MW": 495.0, "Bat_MW": null, "Bio_MW": null, "Coal_MW": null, "Geo_MW": null, "Hydro_MW": null, "HydroPS_MW": null, "NG_MW": 495.0, "Nuclear_MW": null, "Crude_MW": null, "Solar_MW": null, "Wind_MW": null, "Other_MW": null, "Source": "EIA-860, EIA-860M and EIA-923", "Period": "202311", "Longitude": -98.175759, "Latitude": 26.34172 }, "geometry": { "type": "Point", "coordinates": [ -98.175758999792095, 26.341719999976299 ] } },
{ "type": "Feature", "properties": { "OBJECTID": 27360, "Plant_Code": 55556, "Plant_Name": "Security", "Utility_ID": 56772, "Utility_Name": "TX LFG Energy, LP", "sector_name": "IPP Non-CHP", "Street_Address": "19248 Highway 105", "City": "Cleveland", "County": "Montgomery", "State": "Texas", "Zip": 77327, "PrimSource": "biomass", "source_desc": "Biomass = 3.4 MW", "tech_desc": "Landfill Gas", "Install_MW": 3.4, "Total_MW": 3.4, "Bat_MW": null, "Bio_MW": 3.4, "Coal_MW": null, "Geo_MW": null, "Hydro_MW": null, "HydroPS_MW": null, "NG_MW": null, "Nuclear_MW": null, "Crude_MW": null, "Solar_MW": null, "Wind_MW": null, "Other_MW": null, "Source": "EIA-860, EIA-860M and EIA-923", "Period": "202311", "Longitude": -95.2681, "Latitude": 30.3225 }, "geometry": { "type": "Point", "coordinates": [ -95.268099999616695, 30.322500000026501 ] } },
{ "type": "Feature", "properties": { "OBJECTID": 27379, "Plant_Code": 55579, "Plant_Name": "Llano Estacado Wind Ranch", "Utility_ID": 62136, "Utility_Name": "Llano Estacado Wind Ranch", "sector_name": "IPP Non-CHP", "Street_Address": "Unnammed road", "City": "White Deer", "County": "Carson", "State": "Texas", "Zip": 79097, "PrimSource": "wind", "source_desc": "Wind = 80 MW", "tech_desc": "Onshore Wind Turbine", "Install_MW": 80.0, "Total_MW": 80.0, "Bat_MW": null, "Bio_MW": null, "Coal_MW": null, "Geo_MW": null, "Hydro_MW": null, "HydroPS_MW": null, "NG_MW": null, "Nuclear_MW": null, "Crude_MW": null, "Solar_MW": null, "Wind_MW": 80.0, "Other_MW": null, "Source": "EIA-860, EIA-860M and EIA-923", "Period": "202311", "Longitude": -101.2533, "Latitude": 35.4677 }, "geometry": { "type": "Point", "coordinates": [ -101.253299999654004, 35.467700000342496 ] } },
{ "type": "Feature", "properties": { "OBJECTID": 27380, "Plant_Code": 55581, "Plant_Name": "King Mountain Wind Ranch 1", "Utility_ID": 6354, "Utility_Name": "FPL Energy Upton Wind LP", "sector_name": "IPP Non-CHP", "Street_Address": "120 E. 5th Street", "City": "McCamey", "County": "Upton", "State": "Texas", "Zip": 79752, "PrimSource": "wind", "source_desc": "Wind = 278 MW", "tech_desc": "Onshore Wind Turbine", "Install_MW": 278.0, "Total_MW": 278.0, "Bat_MW": null, "Bio_MW": null, "Coal_MW": null, "Geo_MW": null, "Hydro_MW": null, "HydroPS_MW": null, "NG_MW": null, "Nuclear_MW": null, "Crude_MW": null, "Solar_MW": null, "Wind_MW": 278.0, "Other_MW": null, "Source": "EIA-860, EIA-860M and EIA-923", "Period": "202311", "Longitude": -102.2417, "Latitude": 31.2092 }, "geometry": { "type": "Point", "coordinates": [ -102.241699999652994, 31.209200000223401 ] } },
{ "type": "Feature", "properties": { "OBJECTID": 27403, "Plant_Code": 55664, "Plant_Name": "Harrison County Power Project", "Utility_ID": 13670, "Utility_Name": "Northeast Texas Elec Coop, Inc", "sector_name": "Electric Utility", "Street_Address": "12039 SH 43 South", "City": "Marshall", "County": "Harrison", "State": "Texas", "Zip": 75670, "PrimSource": "natural gas", "source_desc": "Natural Gas = 514.4 MW", "tech_desc": "Natural Gas Fired Combined Cycle", "Install_MW": 570.0, "Total_MW": 514.4, "Bat_MW": null, "Bio_MW": null, "Coal_MW": null, "Geo_MW": null, "Hydro_MW": null, "HydroPS_MW": null, "NG_MW": 514.4, "Nuclear_MW": null, "Crude_MW": null, "Solar_MW": null, "Wind_MW": null, "Other_MW": null, "Source": "EIA-860, EIA-860M and EIA-923", "Period": "202311", "Longitude": -94.4367, "Latitude": 32.3958 }, "geometry": { "type": "Point", "coordinates": [ -94.436700000025695, 32.395800000277298 ] } },
{ "type": "Feature", "properties": { "OBJECTID": 27416, "Plant_Code": 55708, "Plant_Name": "Nacogdoches Power", "Utility_ID": 1015, "Utility_Name": "Austin Energy", "sector_name": "Electric Utility", "Street_Address": "499 County Road 988", "City": "Cushing", "County": "Nacogdoches", "State": "Texas", "Zip": 75760, "PrimSource": "biomass", "source_desc": "Biomass = 100 MW", "tech_desc": "Wood/Wood Waste Biomass", "Install_MW": 114.0, "Total_MW": 100.0, "Bat_MW": null, "Bio_MW": 100.0, "Coal_MW": null, "Geo_MW": null, "Hydro_MW": null, "HydroPS_MW": null, "NG_MW": null, "Nuclear_MW": null, "Crude_MW": null, "Solar_MW": null, "Wind_MW": null, "Other_MW": null, "Source": "EIA-860, EIA-860M and EIA-923", "Period": "202311", "Longitude": -94.90064, "Latitude": 31.832132 }, "geometry": { "type": "Point", "coordinates": [ -94.900640000397303, 31.832131999716999 ] } },
{ "type": "Feature", "properties": { "OBJECTID": 27428, "Plant_Code": 55747, "Plant_Name": "NWP Indian Mesa Wind Farm", "Utility_ID": 13866, "Utility_Name": "NWP Indian Mesa Wind Farm LP", "sector_name": "IPP Non-CHP", "Street_Address": "Bar M Ranch", "City": "Iraan", "County": "Pecos", "State": "Texas", "Zip": 79744, "PrimSource": "wind", "source_desc": "Wind = 82.5 MW", "tech_desc": "Onshore Wind Turbine", "Install_MW": 82.5, "Total_MW": 82.5, "Bat_MW": null, "Bio_MW": null, "Coal_MW": null, "Geo_MW": null, "Hydro_MW": null, "HydroPS_MW": null, "NG_MW": null, "Nuclear_MW": null, "Crude_MW": null, "Solar_MW": null, "Wind_MW": 82.5, "Other_MW": null, "Source": "EIA-860, EIA-860M and EIA-923", "Period": "202311", "Longitude": -102.201433, "Latitude": 30.931467 }, "geometry": { "type": "Point", "coordinates": [ -102.201432999974003, 30.9314670003156 ] } },
{ "type": "Feature", "properties": { "OBJECTID": 27441, "Plant_Code": 55795, "Plant_Name": "Woodward Mountain II", "Utility_ID": 14629, "Utility_Name": "Pecos Wind II LP", "sector_name": "IPP Non-CHP", "Street_Address": "6.5 miles South Hwy", "City": "Girvin", "County": "Pecos", "State": "Texas", "Zip": 79740, "PrimSource": "wind", "source_desc": "Wind = 78 MW", "tech_desc": "Onshore Wind Turbine", "Install_MW": 78.0, "Total_MW": 78.0, "Bat_MW": null, "Bio_MW": null, "Coal_MW": null, "Geo_MW": null, "Hydro_MW": null, "HydroPS_MW": null, "NG_MW": null, "Nuclear_MW": null, "Crude_MW": null, "Solar_MW": null, "Wind_MW": 78.0, "Other_MW": null, "Source": "EIA-860, EIA-860M and EIA-923", "Period": "202311", "Longitude": -102.414067, "Latitude": 30.9514 }, "geometry": { "type": "Point", "coordinates": [ -102.414066999926007, 30.951400000269601 ] } },
{ "type": "Feature", "properties": { "OBJECTID": 27442, "Plant_Code": 55796, "Plant_Name": "Woodward Mountain I", "Utility_ID": 14628, "Utility_Name": "Pecos Wind I LP", "sector_name": "IPP Non-CHP", "Street_Address": "6.5 miles South Hwy", "City": "Girvin", "County": "Pecos", "State": "Texas", "Zip": 79740, "PrimSource": "wind", "source_desc": "Wind = 82 MW", "tech_desc": "Onshore Wind Turbine", "Install_MW": 82.0, "Total_MW": 82.0, "Bat_MW": null, "Bio_MW": null, "Coal_MW": null, "Geo_MW": null, "Hydro_MW": null, "HydroPS_MW": null, "NG_MW": null, "Nuclear_MW": null, "Crude_MW": null, "Solar_MW": null, "Wind_MW": 82.0, "Other_MW": null, "Source": "EIA-860, EIA-860M and EIA-923", "Period": "202311", "Longitude": -102.414067, "Latitude": 30.9514 }, "geometry": { "type": "Point", "coordinates": [ -102.414066999926007, 30.951400000269601 ] } },
{ "type": "Feature", "properties": { "OBJECTID": 27493, "Plant_Code": 55968, "Plant_Name": "Trent Wind Farm LP", "Utility_ID": 19171, "Utility_Name": "Trent Wind Farm LP", "sector_name": "IPP Non-CHP", "Street_Address": "1423 CR 131", "City": "Trent", "County": "Nolan", "State": "Texas", "Zip": 79561, "PrimSource": "wind", "source_desc": "Wind = 152 MW", "tech_desc": "Onshore Wind Turbine", "Install_MW": 152.0, "Total_MW": 152.0, "Bat_MW": null, "Bio_MW": null, "Coal_MW": null, "Geo_MW": null, "Hydro_MW": null, "HydroPS_MW": null, "NG_MW": null, "Nuclear_MW": null, "Crude_MW": null, "Solar_MW": null, "Wind_MW": 152.0, "Other_MW": null, "Source": "EIA-860, EIA-860M and EIA-923", "Period": "202311", "Longitude": -100.235652, "Latitude": 32.4301 }, "geometry": { "type": "Point", "coordinates": [ -100.235652000254007, 32.4301000000643 ] } },
{ "type": "Feature", "properties": { "OBJECTID": 27506, "Plant_Code": 55992, "Plant_Name": "Desert Sky", "Utility_ID": 49796, "Utility_Name": "Desert Sky Wind Farm LP", "sector_name": "IPP Non-CHP", "Street_Address": "8135 E Hwy 190", "City": "Iraan", "County": "Pecos", "State": "Texas", "Zip": 79744, "PrimSource": "wind", "source_desc": "Wind = 167.7 MW", "tech_desc": "Onshore Wind Turbine", "Install_MW": 167.7, "Total_MW": 167.7, "Bat_MW": null, "Bio_MW": null, "Coal_MW": null, "Geo_MW": null, "Hydro_MW": null, "HydroPS_MW": null, "NG_MW": null, "Nuclear_MW": null, "Crude_MW": null, "Solar_MW": null, "Wind_MW": 167.7, "Other_MW": null, "Source": "EIA-860, EIA-860M and EIA-923", "Period": "202311", "Longitude": -102.0867, "Latitude": 30.9178 }, "geometry": { "type": "Point", "coordinates": [ -102.086700000307999, 30.917799999694498 ] } },
{ "type": "Feature", "properties": { "OBJECTID": 27566, "Plant_Code": 56111, "Plant_Name": "Brazos Wind Farm", "Utility_ID": 17058, "Utility_Name": "Shell Wind Energy Inc.", "sector_name": "IPP Non-CHP", "Street_Address": "968 Main Street", "City": "Fluvanna", "County": "Scurry", "State": "Texas", "Zip": 79517, "PrimSource": "wind", "source_desc": "Wind = 160 MW", "tech_desc": "Onshore Wind Turbine", "Install_MW": 160.0, "Total_MW": 160.0, "Bat_MW": null, "Bio_MW": null, "Coal_MW": null, "Geo_MW": null, "Hydro_MW": null, "HydroPS_MW": null, "NG_MW": null, "Nuclear_MW": null, "Crude_MW": null, "Solar_MW": null, "Wind_MW": 160.0, "Other_MW": null, "Source": "EIA-860, EIA-860M and EIA-923", "Period": "202311", "Longitude": -101.147784, "Latitude": 32.94793 }, "geometry": { "type": "Point", "coordinates": [ -101.147783999569, 32.947929999894903 ] } },
{ "type": "Feature", "properties": { "OBJECTID": 27595, "Plant_Code": 56152, "Plant_Name": "Freeport Energy Center", "Utility_ID": 5338, "Utility_Name": "Dow Chemical Co", "sector_name": "Industrial CHP", "Street_Address": "2301 N Brazosport Blvd", "City": "Freeport", "County": "Brazoria", "State": "Texas", "Zip": 77541, "PrimSource": "natural gas", "source_desc": "Natural Gas = 219.4 MW", "tech_desc": "Natural Gas Fired Combined Cycle", "Install_MW": 260.0, "Total_MW": 219.4, "Bat_MW": null, "Bio_MW": null, "Coal_MW": null, "Geo_MW": null, "Hydro_MW": null, "HydroPS_MW": null, "NG_MW": 219.4, "Nuclear_MW": null, "Crude_MW": null, "Solar_MW": null, "Wind_MW": null, "Other_MW": null, "Source": "EIA-860, EIA-860M and EIA-923", "Period": "202311", "Longitude": -95.395417, "Latitude": 28.988761 }, "geometry": { "type": "Point", "coordinates": [ -95.395417000431294, 28.988760999921901 ] } },
{ "type": "Feature", "properties": { "OBJECTID": 27628, "Plant_Code": 56211, "Plant_Name": "Sweetwater Wind 1 LLC", "Utility_ID": 50123, "Utility_Name": "Leeward Asset Management, LLC", "sector_name": "IPP Non-CHP", "Street_Address": "7051 Hwy 70", "City": "Sweetwater", "County": "Nolan", "State": "Texas", "Zip": 79556, "PrimSource": "wind", "source_desc": "Wind = 37.5 MW", "tech_desc": "Onshore Wind Turbine", "Install_MW": 37.5, "Total_MW": 37.5, "Bat_MW": null, "Bio_MW": null, "Coal_MW": null, "Geo_MW": null, "Hydro_MW": null, "HydroPS_MW": null, "NG_MW": null, "Nuclear_MW": null, "Crude_MW": null, "Solar_MW": null, "Wind_MW": 37.5, "Other_MW": null, "Source": "EIA-860, EIA-860M and EIA-923", "Period": "202311", "Longitude": -100.3389, "Latitude": 32.3606 }, "geometry": { "type": "Point", "coordinates": [ -100.338900000384001, 32.360600000244702 ] } },
{ "type": "Feature", "properties": { "OBJECTID": 27629, "Plant_Code": 56212, "Plant_Name": "Sweetwater Wind 2 LLC", "Utility_ID": 50123, "Utility_Name": "Leeward Asset Management, LLC", "sector_name": "IPP Non-CHP", "Street_Address": "Nolan", "City": "Sweetwater", "County": "Nolan", "State": "Texas", "Zip": 79556, "PrimSource": "wind", "source_desc": "Wind = 98.8 MW", "tech_desc": "Onshore Wind Turbine", "Install_MW": 98.8, "Total_MW": 98.8, "Bat_MW": null, "Bio_MW": null, "Coal_MW": null, "Geo_MW": null, "Hydro_MW": null, "HydroPS_MW": null, "NG_MW": null, "Nuclear_MW": null, "Crude_MW": null, "Solar_MW": null, "Wind_MW": 98.8, "Other_MW": null, "Source": "EIA-860, EIA-860M and EIA-923", "Period": "202311", "Longitude": -100.3703, "Latitude": 32.3472 }, "geometry": { "type": "Point", "coordinates": [ -100.370300000285994, 32.347199999958697 ] } },
{ "type": "Feature", "properties": { "OBJECTID": 27632, "Plant_Code": 56225, "Plant_Name": "Aeolus Wind Facility", "Utility_ID": 49903, "Utility_Name": "Aeolus Wind LLC", "sector_name": "IPP Non-CHP", "Street_Address": "14899 County Rd 17", "City": "Spearman", "County": "Hansford", "State": "Texas", "Zip": 79081, "PrimSource": "wind", "source_desc": "Wind = 3 MW", "tech_desc": "Onshore Wind Turbine", "Install_MW": 3.0, "Total_MW": 3.0, "Bat_MW": null, "Bio_MW": null, "Coal_MW": null, "Geo_MW": null, "Hydro_MW": null, "HydroPS_MW": null, "NG_MW": null, "Nuclear_MW": null, "Crude_MW": null, "Solar_MW": null, "Wind_MW": 3.0, "Other_MW": null, "Source": "EIA-860, EIA-860M and EIA-923", "Period": "202311", "Longitude": -101.3278, "Latitude": 36.4725 }, "geometry": { "type": "Point", "coordinates": [ -101.327799999975994, 36.472500000298403 ] } },
{ "type": "Feature", "properties": { "OBJECTID": 27639, "Plant_Code": 56233, "Plant_Name": "EG178 Facility", "Utility_ID": 49949, "Utility_Name": "Kinder Morgan Production Company LP", "sector_name": "Industrial Non-CHP", "Street_Address": "3693 CR 226", "City": "Snyder", "County": "Scurry", "State": "Texas", "Zip": 79549, "PrimSource": "natural gas", "source_desc": "Natural Gas = 100 MW", "tech_desc": "Natural Gas Fired Combined Cycle", "Install_MW": 153.9, "Total_MW": 100.0, "Bat_MW": null, "Bio_MW": null, "Coal_MW": null, "Geo_MW": null, "Hydro_MW": null, "HydroPS_MW": null, "NG_MW": 100.0, "Nuclear_MW": null, "Crude_MW": null, "Solar_MW": null, "Wind_MW": null, "Other_MW": null, "Source": "EIA-860, EIA-860M and EIA-923", "Period": "202311", "Longitude": -100.954661, "Latitude": 32.747058 }, "geometry": { "type": "Point", "coordinates": [ -100.954660999751994, 32.747057999718798 ] } },
{ "type": "Feature", "properties": { "OBJECTID": 27644, "Plant_Code": 56240, "Plant_Name": "Buffalo Gap Wind Farm", "Utility_ID": 61012, "Utility_Name": "AES Distributed Energy", "sector_name": "IPP Non-CHP", "Street_Address": "10718 FM89", "City": "Merkel", "County": "Taylor", "State": "Texas", "Zip": 79536, "PrimSource": "wind", "source_desc": "Wind = 120.6 MW", "tech_desc": "Onshore Wind Turbine", "Install_MW": 120.6, "Total_MW": 120.6, "Bat_MW": null, "Bio_MW": null, "Coal_MW": null, "Geo_MW": null, "Hydro_MW": null, "HydroPS_MW": null, "NG_MW": null, "Nuclear_MW": null, "Crude_MW": null, "Solar_MW": null, "Wind_MW": 120.6, "Other_MW": null, "Source": "EIA-860, EIA-860M and EIA-923", "Period": "202311", "Longitude": -100.061589, "Latitude": 32.311556 }, "geometry": { "type": "Point", "coordinates": [ -100.061588999587997, 32.311556000038301 ] } },
{ "type": "Feature", "properties": { "OBJECTID": 27665, "Plant_Code": 56270, "Plant_Name": "Callahan Divide Wind Energy Center", "Utility_ID": 50012, "Utility_Name": "FPL Energy Callahan Wind, LLC", "sector_name": "IPP Non-CHP", "Street_Address": "1209 F CR 618", "City": "Tusocola", "County": "Taylor", "State": "Texas", "Zip": 79562, "PrimSource": "wind", "source_desc": "Wind = 114 MW", "tech_desc": "Onshore Wind Turbine", "Install_MW": 114.0, "Total_MW": 114.0, "Bat_MW": null, "Bio_MW": null, "Coal_MW": null, "Geo_MW": null, "Hydro_MW": null, "HydroPS_MW": null, "NG_MW": null, "Nuclear_MW": null, "Crude_MW": null, "Solar_MW": null, "Wind_MW": 114.0, "Other_MW": null, "Source": "EIA-860, EIA-860M and EIA-923", "Period": "202311", "Longitude": -100.021667, "Latitude": 32.303889 }, "geometry": { "type": "Point", "coordinates": [ -100.021666999691007, 32.303889000145801 ] } },
{ "type": "Feature", "properties": { "OBJECTID": 27679, "Plant_Code": 56291, "Plant_Name": "Horse Hollow Wind Energy Center", "Utility_ID": 50063, "Utility_Name": "FPL Energy Horse Hollow LLC", "sector_name": "IPP Non-CHP", "Street_Address": "14064 B Hwy 277 S", "City": "Wingate", "County": "Taylor", "State": "Texas", "Zip": 79566, "PrimSource": "wind", "source_desc": "Wind = 735.5 MW", "tech_desc": "Onshore Wind Turbine", "Install_MW": 735.5, "Total_MW": 735.5, "Bat_MW": null, "Bio_MW": null, "Coal_MW": null, "Geo_MW": null, "Hydro_MW": null, "HydroPS_MW": null, "NG_MW": null, "Nuclear_MW": null, "Crude_MW": null, "Solar_MW": null, "Wind_MW": 735.5, "Other_MW": null, "Source": "EIA-860, EIA-860M and EIA-923", "Period": "202311", "Longitude": -100.05712, "Latitude": 32.214024 }, "geometry": { "type": "Point", "coordinates": [ -100.057119999627005, 32.2140240000831 ] } },
{ "type": "Feature", "properties": { "OBJECTID": 27696, "Plant_Code": 56311, "Plant_Name": "Sweetwater Wind 3 LLC", "Utility_ID": 50123, "Utility_Name": "Leeward Asset Management, LLC", "sector_name": "IPP Non-CHP", "Street_Address": "10 miles South Hwy 70", "City": "Sweetwater", "County": "Nolan", "State": "Texas", "Zip": 79556, "PrimSource": "wind", "source_desc": "Wind = 144 MW", "tech_desc": "Onshore Wind Turbine", "Install_MW": 135.0, "Total_MW": 144.0, "Bat_MW": null, "Bio_MW": null, "Coal_MW": null, "Geo_MW": null, "Hydro_MW": null, "HydroPS_MW": null, "NG_MW": null, "Nuclear_MW": null, "Crude_MW": null, "Solar_MW": null, "Wind_MW": 144.0, "Other_MW": null, "Source": "EIA-860, EIA-860M and EIA-923", "Period": "202311", "Longitude": -100.4219, "Latitude": 32.290833 }, "geometry": { "type": "Point", "coordinates": [ -100.421900000063005, 32.290833000057901 ] } },
{ "type": "Feature", "properties": { "OBJECTID": 27708, "Plant_Code": 56326, "Plant_Name": "Mustang Station Unit 4", "Utility_ID": 7349, "Utility_Name": "Golden Spread Electric Cooperative, Inc", "sector_name": "Electric Utility", "Street_Address": "1937 County Road 390", "City": "Denver City", "County": "Yoakum", "State": "Texas", "Zip": 79323, "PrimSource": "natural gas", "source_desc": "Natural Gas = 459.3 MW", "tech_desc": "Natural Gas Fired Combustion Turbine", "Install_MW": 472.1, "Total_MW": 459.3, "Bat_MW": null, "Bio_MW": null, "Coal_MW": null, "Geo_MW": null, "Hydro_MW": null, "HydroPS_MW": null, "NG_MW": 459.3, "Nuclear_MW": null, "Crude_MW": null, "Solar_MW": null, "Wind_MW": null, "Other_MW": null, "Source": "EIA-860, EIA-860M and EIA-923", "Period": "202311", "Longitude": -102.743607, "Latitude": 32.974554 }, "geometry": { "type": "Point", "coordinates": [ -102.743606999961997, 32.974553999660202 ] } },
{ "type": "Feature", "properties": { "OBJECTID": 27715, "Plant_Code": 56337, "Plant_Name": "Sweetwater Wind 4 LLC", "Utility_ID": 50123, "Utility_Name": "Leeward Asset Management, LLC", "sector_name": "IPP Non-CHP", "Street_Address": "7900 FM 608", "City": "Roscoe", "County": "Nolan", "State": "Texas", "Zip": 79545, "PrimSource": "wind", "source_desc": "Wind = 241 MW", "tech_desc": "Onshore Wind Turbine", "Install_MW": 241.0, "Total_MW": 241.0, "Bat_MW": null, "Bio_MW": null, "Coal_MW": null, "Geo_MW": null, "Hydro_MW": null, "HydroPS_MW": null, "NG_MW": null, "Nuclear_MW": null, "Crude_MW": null, "Solar_MW": null, "Wind_MW": 241.0, "Other_MW": null, "Source": "EIA-860, EIA-860M and EIA-923", "Period": "202311", "Longitude": -100.5303, "Latitude": 32.3122 }, "geometry": { "type": "Point", "coordinates": [ -100.530300000045003, 32.312200000179601 ] } },
{ "type": "Feature", "properties": { "OBJECTID": 27727, "Plant_Code": 56349, "Plant_Name": "Quail Run Energy Center", "Utility_ID": 56766, "Utility_Name": "CER Quail Run Energy Partners LP", "sector_name": "IPP Non-CHP", "Street_Address": "2950 East Interstate 20", "City": "Odessa", "County": "Ector", "State": "Texas", "Zip": 79766, "PrimSource": "natural gas", "source_desc": "Natural Gas = 472.2 MW", "tech_desc": "Natural Gas Fired Combined Cycle", "Install_MW": 550.4, "Total_MW": 472.2, "Bat_MW": null, "Bio_MW": null, "Coal_MW": null, "Geo_MW": null, "Hydro_MW": null, "HydroPS_MW": null, "NG_MW": 472.2, "Nuclear_MW": null, "Crude_MW": null, "Solar_MW": null, "Wind_MW": null, "Other_MW": null, "Source": "EIA-860, EIA-860M and EIA-923", "Period": "202311", "Longitude": -102.315, "Latitude": 31.8414 }, "geometry": { "type": "Point", "coordinates": [ -102.314999999875994, 31.841400000366502 ] } },
{ "type": "Feature", "properties": { "OBJECTID": 27728, "Plant_Code": 56350, "Plant_Name": "Colorado Bend Energy Center", "Utility_ID": 56765, "Utility_Name": "CER Colorado Bend Energy Partners LP", "sector_name": "IPP Non-CHP", "Street_Address": "3821 South State Highway 60", "City": "Wharton", "County": "Wharton", "State": "Texas", "Zip": 77488, "PrimSource": "natural gas", "source_desc": "Natural Gas = 608 MW", "tech_desc": "Natural Gas Fired Combined Cycle; Natural Gas Fired Combustion Turbine;", "Install_MW": 654.1, "Total_MW": 608.0, "Bat_MW": null, "Bio_MW": null, "Coal_MW": null, "Geo_MW": null, "Hydro_MW": null, "HydroPS_MW": null, "NG_MW": 608.0, "Nuclear_MW": null, "Crude_MW": null, "Solar_MW": null, "Wind_MW": null, "Other_MW": null, "Source": "EIA-860, EIA-860M and EIA-923", "Period": "202311", "Longitude": -96.0683, "Latitude": 29.2878 }, "geometry": { "type": "Point", "coordinates": [ -96.068300000220603, 29.2877999997465 ] } },
{ "type": "Feature", "properties": { "OBJECTID": 27744, "Plant_Code": 56372, "Plant_Name": "Sweetwater Wind 5", "Utility_ID": 50123, "Utility_Name": "Leeward Asset Management, LLC", "sector_name": "IPP Non-CHP", "Street_Address": "7900 FM 608", "City": "Roscoe", "County": "Nolan", "State": "Texas", "Zip": 79545, "PrimSource": "wind", "source_desc": "Wind = 80.5 MW", "tech_desc": "Onshore Wind Turbine", "Install_MW": 80.5, "Total_MW": 80.5, "Bat_MW": null, "Bio_MW": null, "Coal_MW": null, "Geo_MW": null, "Hydro_MW": null, "HydroPS_MW": null, "NG_MW": null, "Nuclear_MW": null, "Crude_MW": null, "Solar_MW": null, "Wind_MW": 80.5, "Other_MW": null, "Source": "EIA-860, EIA-860M and EIA-923", "Period": "202311", "Longitude": -100.4833, "Latitude": 32.236944 }, "geometry": { "type": "Point", "coordinates": [ -100.483299999750997, 32.236944000079603 ] } },
{ "type": "Feature", "properties": { "OBJECTID": 27745, "Plant_Code": 56374, "Plant_Name": "Robert Mueller Energy Center", "Utility_ID": 1015, "Utility_Name": "Austin Energy", "sector_name": "Electric Utility", "Street_Address": "4901 Lancaster Drive", "City": "Austin", "County": "Travis", "State": "Texas", "Zip": 78723, "PrimSource": "natural gas", "source_desc": "Natural Gas = 3.7 MW, Petroleum = 1.5 MW", "tech_desc": "Natural Gas Fired Combustion Turbine; Petroleum Liquids;", "Install_MW": 6.1, "Total_MW": 5.2, "Bat_MW": null, "Bio_MW": null, "Coal_MW": null, "Geo_MW": null, "Hydro_MW": null, "HydroPS_MW": null, "NG_MW": 3.7, "Nuclear_MW": null, "Crude_MW": 1.5, "Solar_MW": null, "Wind_MW": null, "Other_MW": null, "Source": "EIA-860, EIA-860M and EIA-923", "Period": "202311", "Longitude": -97.707675, "Latitude": 30.304994 }, "geometry": { "type": "Point", "coordinates": [ -97.7076750000479, 30.3049940002631 ] } },
{ "type": "Feature", "properties": { "OBJECTID": 27755, "Plant_Code": 56394, "Plant_Name": "Forest Creek Wind Farm LLC", "Utility_ID": 56215, "Utility_Name": "RWE Renewables Americas, LLC", "sector_name": "IPP Non-CHP", "Street_Address": "893 McDonald Road North", "City": "Big Springs", "County": "Glasscock", "State": "Texas", "Zip": 79720, "PrimSource": "wind", "source_desc": "Wind = 124.2 MW", "tech_desc": "Onshore Wind Turbine", "Install_MW": 124.2, "Total_MW": 124.2, "Bat_MW": null, "Bio_MW": null, "Coal_MW": null, "Geo_MW": null, "Hydro_MW": null, "HydroPS_MW": null, "NG_MW": null, "Nuclear_MW": null, "Crude_MW": null, "Solar_MW": null, "Wind_MW": 124.2, "Other_MW": null, "Source": "EIA-860, EIA-860M and EIA-923", "Period": "202311", "Longitude": -101.22, "Latitude": 32.039 }, "geometry": { "type": "Point", "coordinates": [ -101.220000000043996, 32.038999999946 ] } },
{ "type": "Feature", "properties": { "OBJECTID": 27756, "Plant_Code": 56395, "Plant_Name": "Mesquite Wind Power LLC", "Utility_ID": 54759, "Utility_Name": "Mesquite Wind LLC", "sector_name": "IPP Non-CHP", "Street_Address": "299 FM 604", "City": "Abilene", "County": "Shackelford", "State": "Texas", "Zip": 79601, "PrimSource": "wind", "source_desc": "Wind = 200 MW", "tech_desc": "Onshore Wind Turbine", "Install_MW": 200.0, "Total_MW": 200.0, "Bat_MW": null, "Bio_MW": null, "Coal_MW": null, "Geo_MW": null, "Hydro_MW": null, "HydroPS_MW": null, "NG_MW": null, "Nuclear_MW": null, "Crude_MW": null, "Solar_MW": null, "Wind_MW": 200.0, "Other_MW": null, "Source": "EIA-860, EIA-860M and EIA-923", "Period": "202311", "Longitude": -99.4928, "Latitude": 32.6256 }, "geometry": { "type": "Point", "coordinates": [ -99.492800000026904, 32.625600000329698 ] } },
{ "type": "Feature", "properties": { "OBJECTID": 27784, "Plant_Code": 56432, "Plant_Name": "Wildorado Wind LLC", "Utility_ID": 64668, "Utility_Name": "Wildorado Wind, LLC", "sector_name": "IPP Non-CHP", "Street_Address": "6798 CO RD 42", "City": "Vega", "County": "Oldham", "State": "Texas", "Zip": 79092, "PrimSource": "wind", "source_desc": "Wind = 161 MW", "tech_desc": "Onshore Wind Turbine", "Install_MW": 161.0, "Total_MW": 161.0, "Bat_MW": null, "Bio_MW": null, "Coal_MW": null, "Geo_MW": null, "Hydro_MW": null, "HydroPS_MW": null, "NG_MW": null, "Nuclear_MW": null, "Crude_MW": null, "Solar_MW": null, "Wind_MW": 161.0, "Other_MW": null, "Source": "EIA-860, EIA-860M and EIA-923", "Period": "202311", "Longitude": -102.303056, "Latitude": 35.291944 }, "geometry": { "type": "Point", "coordinates": [ -102.303055999858998, 35.291944000197198 ] } },
{ "type": "Feature", "properties": { "OBJECTID": 27802, "Plant_Code": 56457, "Plant_Name": "Post Wind Farm LP", "Utility_ID": 54870, "Utility_Name": "FPL Energy Red Canyon LLC", "sector_name": "IPP Non-CHP", "Street_Address": "423 Country Road", "City": "Fluvanna", "County": "Borden", "State": "Texas", "Zip": 79517, "PrimSource": "wind", "source_desc": "Wind = 84 MW", "tech_desc": "Onshore Wind Turbine", "Install_MW": 84.0, "Total_MW": 84.0, "Bat_MW": null, "Bio_MW": null, "Coal_MW": null, "Geo_MW": null, "Hydro_MW": null, "HydroPS_MW": null, "NG_MW": null, "Nuclear_MW": null, "Crude_MW": null, "Solar_MW": null, "Wind_MW": 84.0, "Other_MW": null, "Source": "EIA-860, EIA-860M and EIA-923", "Period": "202311", "Longitude": -101.219397, "Latitude": 32.92544 }, "geometry": { "type": "Point", "coordinates": [ -101.219396999620997, 32.925439999785198 ] } },
{ "type": "Feature", "properties": { "OBJECTID": 27823, "Plant_Code": 56479, "Plant_Name": "Sand Bluff Wind Farm", "Utility_ID": 56215, "Utility_Name": "RWE Renewables Americas, LLC", "sector_name": "IPP Non-CHP", "Street_Address": "893 N. McDonald Rd", "City": "Big Spring", "County": "Glasscock", "State": "Texas", "Zip": 79720, "PrimSource": "wind", "source_desc": "Wind = 89.5 MW", "tech_desc": "Onshore Wind Turbine", "Install_MW": 89.5, "Total_MW": 89.5, "Bat_MW": null, "Bio_MW": null, "Coal_MW": null, "Geo_MW": null, "Hydro_MW": null, "HydroPS_MW": null, "NG_MW": null, "Nuclear_MW": null, "Crude_MW": null, "Solar_MW": null, "Wind_MW": 89.5, "Other_MW": null, "Source": "EIA-860, EIA-860M and EIA-923", "Period": "202311", "Longitude": -101.302637, "Latitude": 31.991442 }, "geometry": { "type": "Point", "coordinates": [ -101.302637000396999, 31.9914420001897 ] } },
{ "type": "Feature", "properties": { "OBJECTID": 27827, "Plant_Code": 56483, "Plant_Name": "Post Oak Wind LLC", "Utility_ID": 54759, "Utility_Name": "Mesquite Wind LLC", "sector_name": "IPP Non-CHP", "Street_Address": "299 FM 604", "City": "Abilene", "County": "Shackelford", "State": "Texas", "Zip": 79601, "PrimSource": "wind", "source_desc": "Wind = 200 MW", "tech_desc": "Onshore Wind Turbine", "Install_MW": 200.0, "Total_MW": 200.0, "Bat_MW": null, "Bio_MW": null, "Coal_MW": null, "Geo_MW": null, "Hydro_MW": null, "HydroPS_MW": null, "NG_MW": null, "Nuclear_MW": null, "Crude_MW": null, "Solar_MW": null, "Wind_MW": 200.0, "Other_MW": null, "Source": "EIA-860, EIA-860M and EIA-923", "Period": "202311", "Longitude": -99.6564, "Latitude": 32.5144 }, "geometry": { "type": "Point", "coordinates": [ -99.656400000082698, 32.514400000306701 ] } },
{ "type": "Feature", "properties": { "OBJECTID": 27828, "Plant_Code": 56484, "Plant_Name": "Buffalo Gap 2 Wind Farm", "Utility_ID": 61012, "Utility_Name": "AES Distributed Energy", "sector_name": "IPP Non-CHP", "Street_Address": "10718 FM 89", "City": "Merkel", "County": "Nolan", "State": "Texas", "Zip": 79536, "PrimSource": "wind", "source_desc": "Wind = 232.5 MW", "tech_desc": "Onshore Wind Turbine", "Install_MW": 232.5, "Total_MW": 232.5, "Bat_MW": null, "Bio_MW": null, "Coal_MW": null, "Geo_MW": null, "Hydro_MW": null, "HydroPS_MW": null, "NG_MW": null, "Nuclear_MW": null, "Crude_MW": null, "Solar_MW": null, "Wind_MW": 232.5, "Other_MW": null, "Source": "EIA-860, EIA-860M and EIA-923", "Period": "202311", "Longitude": -100.176986, "Latitude": 32.318221 }, "geometry": { "type": "Point", "coordinates": [ -100.176985999775994, 32.318221000206997 ] } },
{ "type": "Feature", "properties": { "OBJECTID": 27846, "Plant_Code": 56506, "Plant_Name": "Scurry County Wind LP", "Utility_ID": 49893, "Utility_Name": "Invenergy Services LLC", "sector_name": "IPP Non-CHP", "Street_Address": "6543 E Hwy 180", "City": "Snyder", "County": "Scurry", "State": "Texas", "Zip": 79549, "PrimSource": "wind", "source_desc": "Wind = 130.5 MW", "tech_desc": "Onshore Wind Turbine", "Install_MW": 130.5, "Total_MW": 130.5, "Bat_MW": null, "Bio_MW": null, "Coal_MW": null, "Geo_MW": null, "Hydro_MW": null, "HydroPS_MW": null, "NG_MW": null, "Nuclear_MW": null, "Crude_MW": null, "Solar_MW": null, "Wind_MW": 130.5, "Other_MW": null, "Source": "EIA-860, EIA-860M and EIA-923", "Period": "202311", "Longitude": -100.9952, "Latitude": 32.7204 }, "geometry": { "type": "Point", "coordinates": [ -100.995200000316004, 32.720400000148899 ] } },
{ "type": "Feature", "properties": { "OBJECTID": 27860, "Plant_Code": 56524, "Plant_Name": "Austin Gas Recovery", "Utility_ID": 54842, "Utility_Name": "WM Renewable Energy LLC", "sector_name": "IPP Non-CHP", "Street_Address": "9900 Giles Rd", "City": "Austin", "County": "Travis", "State": "Texas", "Zip": 78754, "PrimSource": "biomass", "source_desc": "Biomass = 4.8 MW", "tech_desc": "Landfill Gas", "Install_MW": 4.8, "Total_MW": 4.8, "Bat_MW": null, "Bio_MW": 4.8, "Coal_MW": null, "Geo_MW": null, "Hydro_MW": null, "HydroPS_MW": null, "NG_MW": null, "Nuclear_MW": null, "Crude_MW": null, "Solar_MW": null, "Wind_MW": null, "Other_MW": null, "Source": "EIA-860, EIA-860M and EIA-923", "Period": "202311", "Longitude": -97.6217, "Latitude": 30.3344 }, "geometry": { "type": "Point", "coordinates": [ -97.621700000236103, 30.334399999779102 ] } },
{ "type": "Feature", "properties": { "OBJECTID": 27888, "Plant_Code": 56560, "Plant_Name": "Porterhouse Wind (4) LLC", "Utility_ID": 64408, "Utility_Name": "Stockyard Wind", "sector_name": "IPP Non-CHP", "Street_Address": "9489 County Rd. H", "City": "Gruver", "County": "Hansford", "State": "Texas", "Zip": 79040, "PrimSource": "wind", "source_desc": "Wind = 79.8 MW", "tech_desc": "Onshore Wind Turbine", "Install_MW": 79.8, "Total_MW": 79.8, "Bat_MW": null, "Bio_MW": null, "Coal_MW": null, "Geo_MW": null, "Hydro_MW": null, "HydroPS_MW": null, "NG_MW": null, "Nuclear_MW": null, "Crude_MW": null, "Solar_MW": null, "Wind_MW": 79.8, "Other_MW": null, "Source": "EIA-860, EIA-860M and EIA-923", "Period": "202311", "Longitude": -101.3864, "Latitude": 36.4144 }, "geometry": { "type": "Point", "coordinates": [ -101.386400000330994, 36.414400000354298 ] } },
{ "type": "Feature", "properties": { "OBJECTID": 27889, "Plant_Code": 56561, "Plant_Name": "Filet Wind (5) LLC", "Utility_ID": 64408, "Utility_Name": "Stockyard Wind", "sector_name": "IPP Non-CHP", "Street_Address": "6700 US Hwy 54", "City": "Stratford", "County": "Sherman", "State": "Texas", "Zip": 79084, "PrimSource": "wind", "source_desc": "Wind = 10 MW", "tech_desc": "Onshore Wind Turbine", "Install_MW": 10.0, "Total_MW": 10.0, "Bat_MW": null, "Bio_MW": null, "Coal_MW": null, "Geo_MW": null, "Hydro_MW": null, "HydroPS_MW": null, "NG_MW": null, "Nuclear_MW": null, "Crude_MW": null, "Solar_MW": null, "Wind_MW": 10.0, "Other_MW": null, "Source": "EIA-860, EIA-860M and EIA-923", "Period": "202311", "Longitude": -101.8761, "Latitude": 36.4453 }, "geometry": { "type": "Point", "coordinates": [ -101.876099999958996, 36.445300000123403 ] } },
{ "type": "Feature", "properties": { "OBJECTID": 27890, "Plant_Code": 56562, "Plant_Name": "Tenderloin Wind (6) LLC", "Utility_ID": 64408, "Utility_Name": "Stockyard Wind", "sector_name": "IPP Non-CHP", "Street_Address": "15090 FM 119", "City": "Texhoma", "County": "Sherman", "State": "Texas", "Zip": 73960, "PrimSource": "wind", "source_desc": "Wind = 10 MW", "tech_desc": "Onshore Wind Turbine", "Install_MW": 10.0, "Total_MW": 10.0, "Bat_MW": null, "Bio_MW": null, "Coal_MW": null, "Geo_MW": null, "Hydro_MW": null, "HydroPS_MW": null, "NG_MW": null, "Nuclear_MW": null, "Crude_MW": null, "Solar_MW": null, "Wind_MW": 10.0, "Other_MW": null, "Source": "EIA-860, EIA-860M and EIA-923", "Period": "202311", "Longitude": -101.8222, "Latitude": 36.4669 }, "geometry": { "type": "Point", "coordinates": [ -101.822200000441001, 36.466900000042202 ] } },
{ "type": "Feature", "properties": { "OBJECTID": 27909, "Plant_Code": 56592, "Plant_Name": "Champion Wind Farm LLC", "Utility_ID": 56215, "Utility_Name": "RWE Renewables Americas, LLC", "sector_name": "IPP Non-CHP", "Street_Address": "1100 County Rd. 140", "City": "Roscoe", "County": "Nolan", "State": "Texas", "Zip": 79545, "PrimSource": "wind", "source_desc": "Wind = 126.5 MW", "tech_desc": "Onshore Wind Turbine", "Install_MW": 126.5, "Total_MW": 126.5, "Bat_MW": null, "Bio_MW": null, "Coal_MW": null, "Geo_MW": null, "Hydro_MW": null, "HydroPS_MW": null, "NG_MW": null, "Nuclear_MW": null, "Crude_MW": null, "Solar_MW": null, "Wind_MW": 126.5, "Other_MW": null, "Source": "EIA-860, EIA-860M and EIA-923", "Period": "202311", "Longitude": -100.6481, "Latitude": 32.3983 }, "geometry": { "type": "Point", "coordinates": [ -100.648099999905995, 32.398300000327403 ] } },
{ "type": "Feature", "properties": { "OBJECTID": 27910, "Plant_Code": 56593, "Plant_Name": "Roscoe Wind Farm LLC", "Utility_ID": 56215, "Utility_Name": "RWE Renewables Americas, LLC", "sector_name": "IPP Non-CHP", "Street_Address": "5722 County Rd. 466", "City": "Roscoe", "County": "Nolan", "State": "Texas", "Zip": 79545, "PrimSource": "wind", "source_desc": "Wind = 209 MW", "tech_desc": "Onshore Wind Turbine", "Install_MW": 209.0, "Total_MW": 209.0, "Bat_MW": null, "Bio_MW": null, "Coal_MW": null, "Geo_MW": null, "Hydro_MW": null, "HydroPS_MW": null, "NG_MW": null, "Nuclear_MW": null, "Crude_MW": null, "Solar_MW": null, "Wind_MW": 209.0, "Other_MW": null, "Source": "EIA-860, EIA-860M and EIA-923", "Period": "202311", "Longitude": -100.6664, "Latitude": 32.4694 }, "geometry": { "type": "Point", "coordinates": [ -100.666400000072002, 32.469400000230898 ] } },
{ "type": "Feature", "properties": { "OBJECTID": 27916, "Plant_Code": 56603, "Plant_Name": "San Jacinto County Peaking Facility", "Utility_ID": 39347, "Utility_Name": "East Texas Electric Coop, Inc", "sector_name": "Electric Utility", "Street_Address": "2101 Pelican Road", "City": "Shepherd", "County": "San Jacinto", "State": "Texas", "Zip": 77371, "PrimSource": "natural gas", "source_desc": "Natural Gas = 146 MW", "tech_desc": "Natural Gas Fired Combustion Turbine", "Install_MW": 170.0, "Total_MW": 146.0, "Bat_MW": null, "Bio_MW": null, "Coal_MW": null, "Geo_MW": null, "Hydro_MW": null, "HydroPS_MW": null, "NG_MW": 146.0, "Nuclear_MW": null, "Crude_MW": null, "Solar_MW": null, "Wind_MW": null, "Other_MW": null, "Source": "EIA-860, EIA-860M and EIA-923", "Period": "202311", "Longitude": -95.0118, "Latitude": 30.4193 }, "geometry": { "type": "Point", "coordinates": [ -95.011800000428096, 30.419300000379 ] } },
{ "type": "Feature", "properties": { "OBJECTID": 27917, "Plant_Code": 56604, "Plant_Name": "Hardin County Peaking Facility", "Utility_ID": 55937, "Utility_Name": "Entergy Texas Inc.", "sector_name": "Electric Utility", "Street_Address": "8908 U.S. Highway 69", "City": "Kountze", "County": "Hardin", "State": "Texas", "Zip": 77625, "PrimSource": "natural gas", "source_desc": "Natural Gas = 142.2 MW", "tech_desc": "Natural Gas Fired Combustion Turbine", "Install_MW": 173.0, "Total_MW": 142.2, "Bat_MW": null, "Bio_MW": null, "Coal_MW": null, "Geo_MW": null, "Hydro_MW": null, "HydroPS_MW": null, "NG_MW": 142.2, "Nuclear_MW": null, "Crude_MW": null, "Solar_MW": null, "Wind_MW": null, "Other_MW": null, "Source": "EIA-860, EIA-860M and EIA-923", "Period": "202311", "Longitude": -94.2526, "Latitude": 30.3038 }, "geometry": { "type": "Point", "coordinates": [ -94.252599999621793, 30.303799999916201 ] } },
{ "type": "Feature", "properties": { "OBJECTID": 27924, "Plant_Code": 56611, "Plant_Name": "Sandy Creek Energy Station", "Utility_ID": 55861, "Utility_Name": "Sandy Creek Energy Associates LP", "sector_name": "IPP Non-CHP", "Street_Address": "2161 Rattlesnake Rd", "City": "Riesel", "County": "McLennan", "State": "Texas", "Zip": 76682, "PrimSource": "coal", "source_desc": "Coal = 932.6 MW", "tech_desc": "Conventional Steam Coal", "Install_MW": 1008.0, "Total_MW": 932.6, "Bat_MW": null, "Bio_MW": null, "Coal_MW": 932.6, "Geo_MW": null, "Hydro_MW": null, "HydroPS_MW": null, "NG_MW": null, "Nuclear_MW": null, "Crude_MW": null, "Solar_MW": null, "Wind_MW": null, "Other_MW": null, "Source": "EIA-860, EIA-860M and EIA-923", "Period": "202311", "Longitude": -96.957149, "Latitude": 31.474378 }, "geometry": { "type": "Point", "coordinates": [ -96.957148999572794, 31.4743779999529 ] } },
{ "type": "Feature", "properties": { "OBJECTID": 27943, "Plant_Code": 56638, "Plant_Name": "Buffalo Gap 3 Wind Farm", "Utility_ID": 61012, "Utility_Name": "AES Distributed Energy", "sector_name": "IPP Non-CHP", "Street_Address": "4220-A FM 126", "City": "Nolan", "County": "Nolan", "State": "Texas", "Zip": 79537, "PrimSource": "wind", "source_desc": "Wind = 170.2 MW", "tech_desc": "Onshore Wind Turbine", "Install_MW": 170.2, "Total_MW": 170.2, "Bat_MW": null, "Bio_MW": null, "Coal_MW": null, "Geo_MW": null, "Hydro_MW": null, "HydroPS_MW": null, "NG_MW": null, "Nuclear_MW": null, "Crude_MW": null, "Solar_MW": null, "Wind_MW": 170.2, "Other_MW": null, "Source": "EIA-860, EIA-860M and EIA-923", "Period": "202311", "Longitude": -100.1, "Latitude": 32.2878 }, "geometry": { "type": "Point", "coordinates": [ -100.099999999939996, 32.287799999844701 ] } },
{ "type": "Feature", "properties": { "OBJECTID": 27947, "Plant_Code": 56644, "Plant_Name": "Stanton Wind Energy LLC", "Utility_ID": 49893, "Utility_Name": "Invenergy Services LLC", "sector_name": "IPP Non-CHP", "Street_Address": "2646 State Highway 137", "City": "Lenorah", "County": "Martin", "State": "Texas", "Zip": 79749, "PrimSource": "wind", "source_desc": "Wind = 120 MW", "tech_desc": "Onshore Wind Turbine", "Install_MW": 120.0, "Total_MW": 120.0, "Bat_MW": null, "Bio_MW": null, "Coal_MW": null, "Geo_MW": null, "Hydro_MW": null, "HydroPS_MW": null, "NG_MW": null, "Nuclear_MW": null, "Crude_MW": null, "Solar_MW": null, "Wind_MW": 120.0, "Other_MW": null, "Source": "EIA-860, EIA-860M and EIA-923", "Period": "202311", "Longitude": -101.8367, "Latitude": 32.2353 }, "geometry": { "type": "Point", "coordinates": [ -101.836700000293007, 32.235299999634599 ] } },
{ "type": "Feature", "properties": { "OBJECTID": 27950, "Plant_Code": 56648, "Plant_Name": "Majestic 1 Wind Farm", "Utility_ID": 58353, "Utility_Name": "NextEra Energy Majestic Wind", "sector_name": "IPP Non-CHP", "Street_Address": "580 FM 1342", "City": "Panhandle", "County": "Carson", "State": "Texas", "Zip": 79068, "PrimSource": "wind", "source_desc": "Wind = 79.5 MW", "tech_desc": "Onshore Wind Turbine", "Install_MW": 79.5, "Total_MW": 79.5, "Bat_MW": null, "Bio_MW": null, "Coal_MW": null, "Geo_MW": null, "Hydro_MW": null, "HydroPS_MW": null, "NG_MW": null, "Nuclear_MW": null, "Crude_MW": null, "Solar_MW": null, "Wind_MW": 79.5, "Other_MW": null, "Source": "EIA-860, EIA-860M and EIA-923", "Period": "202311", "Longitude": -101.53, "Latitude": 35.3919 }, "geometry": { "type": "Point", "coordinates": [ -101.529999999631002, 35.391900000008199 ] } },
{ "type": "Feature", "properties": { "OBJECTID": 27951, "Plant_Code": 56649, "Plant_Name": "South Trent Wind Farm", "Utility_ID": 55397, "Utility_Name": "NRG Energy Inc", "sector_name": "IPP Non-CHP", "Street_Address": "1101 CR 190", "City": "Sweetwater", "County": "Nolan", "State": "Texas", "Zip": 79556, "PrimSource": "wind", "source_desc": "Wind = 101.2 MW", "tech_desc": "Onshore Wind Turbine", "Install_MW": 101.2, "Total_MW": 101.2, "Bat_MW": null, "Bio_MW": null, "Coal_MW": null, "Geo_MW": null, "Hydro_MW": null, "HydroPS_MW": null, "NG_MW": null, "Nuclear_MW": null, "Crude_MW": null, "Solar_MW": null, "Wind_MW": 101.2, "Other_MW": null, "Source": "EIA-860, EIA-860M and EIA-923", "Period": "202311", "Longitude": -100.1286, "Latitude": 32.4081 }, "geometry": { "type": "Point", "coordinates": [ -100.128599999610003, 32.408099999786401 ] } },
{ "type": "Feature", "properties": { "OBJECTID": 27956, "Plant_Code": 56661, "Plant_Name": "Pattern Gulf Wind", "Utility_ID": 56545, "Utility_Name": "Pattern Operators LP", "sector_name": "IPP Non-CHP", "Street_Address": "803 Gulf Wind Road", "City": "Armstrong", "County": "Kenedy", "State": "Texas", "Zip": 78338, "PrimSource": "wind", "source_desc": "Wind = 283.2 MW", "tech_desc": "Onshore Wind Turbine", "Install_MW": 283.2, "Total_MW": 283.2, "Bat_MW": null, "Bio_MW": null, "Coal_MW": null, "Geo_MW": null, "Hydro_MW": null, "HydroPS_MW": null, "NG_MW": null, "Nuclear_MW": null, "Crude_MW": null, "Solar_MW": null, "Wind_MW": 283.2, "Other_MW": null, "Source": "EIA-860, EIA-860M and EIA-923", "Period": "202311", "Longitude": -97.5994, "Latitude": 27.0011 }, "geometry": { "type": "Point", "coordinates": [ -97.599399999739305, 27.001099999675201 ] } },
{ "type": "Feature", "properties": { "OBJECTID": 27964, "Plant_Code": 56673, "Plant_Name": "Whirlwind Energy Center", "Utility_ID": 55922, "Utility_Name": "Whirlwind Energy LLC", "sector_name": "IPP Non-CHP", "Street_Address": "1683 County Rd 271", "City": "Floydada", "County": "Floyd", "State": "Texas", "Zip": 79235, "PrimSource": "wind", "source_desc": "Wind = 57 MW", "tech_desc": "Onshore Wind Turbine", "Install_MW": 59.8, "Total_MW": 57.0, "Bat_MW": null, "Bio_MW": null, "Coal_MW": null, "Geo_MW": null, "Hydro_MW": null, "HydroPS_MW": null, "NG_MW": null, "Nuclear_MW": null, "Crude_MW": null, "Solar_MW": null, "Wind_MW": 57.0, "Other_MW": null, "Source": "EIA-860, EIA-860M and EIA-923", "Period": "202311", "Longitude": -101.0986, "Latitude": 34.105 }, "geometry": { "type": "Point", "coordinates": [ -101.098599999884996, 34.104999999980102 ] } },
{ "type": "Feature", "properties": { "OBJECTID": 27965, "Plant_Code": 56674, "Plant_Name": "Winchester Power Park", "Utility_ID": 11269, "Utility_Name": "Lower Colorado River Authority", "sector_name": "Electric Utility", "Street_Address": "1260 Farm to Market Road 448", "City": "Winchester", "County": "Fayette", "State": "Texas", "Zip": 78945, "PrimSource": "natural gas", "source_desc": "Natural Gas = 176 MW", "tech_desc": "Natural Gas Fired Combustion Turbine", "Install_MW": 242.0, "Total_MW": 176.0, "Bat_MW": null, "Bio_MW": null, "Coal_MW": null, "Geo_MW": null, "Hydro_MW": null, "HydroPS_MW": null, "NG_MW": 176.0, "Nuclear_MW": null, "Crude_MW": null, "Solar_MW": null, "Wind_MW": null, "Other_MW": null, "Source": "EIA-860, EIA-860M and EIA-923", "Period": "202311", "Longitude": -96.9945, "Latitude": 30.02547 }, "geometry": { "type": "Point", "coordinates": [ -96.994499999567296, 30.025469999750399 ] } },
{ "type": "Feature", "properties": { "OBJECTID": 27993, "Plant_Code": 56708, "Plant_Name": "CFB Power Plant", "Utility_ID": 6541, "Utility_Name": "Formosa Plastics Corp", "sector_name": "Industrial Non-CHP", "Street_Address": "201 Formosa Drive", "City": "Point Comfort", "County": "Calhoun", "State": "Texas", "Zip": 77978, "PrimSource": "natural gas", "source_desc": "Natural Gas = 286.2 MW", "tech_desc": "Natural Gas Steam Turbine", "Install_MW": 310.0, "Total_MW": 286.2, "Bat_MW": null, "Bio_MW": null, "Coal_MW": null, "Geo_MW": null, "Hydro_MW": null, "HydroPS_MW": null, "NG_MW": 286.2, "Nuclear_MW": null, "Crude_MW": null, "Solar_MW": null, "Wind_MW": null, "Other_MW": null, "Source": "EIA-860, EIA-860M and EIA-923", "Period": "202311", "Longitude": -96.539722, "Latitude": 28.650278 }, "geometry": { "type": "Point", "coordinates": [ -96.539722000321703, 28.650277999936598 ] } },
{ "type": "Feature", "properties": { "OBJECTID": 27998, "Plant_Code": 56754, "Plant_Name": "Goat Wind LP", "Utility_ID": 64644, "Utility_Name": "Goat Wind LP", "sector_name": "IPP Non-CHP", "Street_Address": "240 & 241 Texas Hwy 158E", "City": "Sterling City", "County": "Sterling", "State": "Texas", "Zip": 76951, "PrimSource": "wind", "source_desc": "Wind = 149.6 MW", "tech_desc": "Onshore Wind Turbine", "Install_MW": 149.6, "Total_MW": 149.6, "Bat_MW": null, "Bio_MW": null, "Coal_MW": null, "Geo_MW": null, "Hydro_MW": null, "HydroPS_MW": null, "NG_MW": null, "Nuclear_MW": null, "Crude_MW": null, "Solar_MW": null, "Wind_MW": 149.6, "Other_MW": null, "Source": "EIA-860, EIA-860M and EIA-923", "Period": "202311", "Longitude": -100.791389, "Latitude": 31.951944 }, "geometry": { "type": "Point", "coordinates": [ -100.791388999760002, 31.951943999977601 ] } },
{ "type": "Feature", "properties": { "OBJECTID": 28000, "Plant_Code": 56763, "Plant_Name": "Capricorn Ridge Wind LLC", "Utility_ID": 55958, "Utility_Name": "Capricorn Ridge Wind LLC", "sector_name": "IPP Non-CHP", "Street_Address": "Unnammed Road", "City": "Sterling City", "County": "Sterling", "State": "Texas", "Zip": 76951, "PrimSource": "wind", "source_desc": "Wind = 662.5 MW", "tech_desc": "Onshore Wind Turbine", "Install_MW": 662.5, "Total_MW": 662.5, "Bat_MW": null, "Bio_MW": null, "Coal_MW": null, "Geo_MW": null, "Hydro_MW": null, "HydroPS_MW": null, "NG_MW": null, "Nuclear_MW": null, "Crude_MW": null, "Solar_MW": null, "Wind_MW": 662.5, "Other_MW": null, "Source": "EIA-860, EIA-860M and EIA-923", "Period": "202311", "Longitude": -101.018936, "Latitude": 31.951958 }, "geometry": { "type": "Point", "coordinates": [ -101.018936000015003, 31.951958000315301 ] } },
{ "type": "Feature", "properties": { "OBJECTID": 28006, "Plant_Code": 56771, "Plant_Name": "Silver Star I Wind Power Project", "Utility_ID": 62076, "Utility_Name": "Silver Star I Power Partners LLC", "sector_name": "IPP Non-CHP", "Street_Address": "10893 CR397", "City": "Dublin", "County": "Erath", "State": "Texas", "Zip": 76446, "PrimSource": "wind", "source_desc": "Wind = 52.8 MW", "tech_desc": "Onshore Wind Turbine", "Install_MW": 52.8, "Total_MW": 52.8, "Bat_MW": null, "Bio_MW": null, "Coal_MW": null, "Geo_MW": null, "Hydro_MW": null, "HydroPS_MW": null, "NG_MW": null, "Nuclear_MW": null, "Crude_MW": null, "Solar_MW": null, "Wind_MW": 52.8, "Other_MW": null, "Source": "EIA-860, EIA-860M and EIA-923", "Period": "202311", "Longitude": -98.476051, "Latitude": 32.338659 }, "geometry": { "type": "Point", "coordinates": [ -98.476051000427205, 32.338658999811798 ] } },
{ "type": "Feature", "properties": { "OBJECTID": 28007, "Plant_Code": 56773, "Plant_Name": "McAdoo Wind Energy LLC", "Utility_ID": 49893, "Utility_Name": "Invenergy Services LLC", "sector_name": "IPP Non-CHP", "Street_Address": "401 W FM 193", "City": "McAdoo", "County": "Dickens", "State": "Texas", "Zip": 79243, "PrimSource": "wind", "source_desc": "Wind = 150 MW", "tech_desc": "Onshore Wind Turbine", "Install_MW": 150.0, "Total_MW": 150.0, "Bat_MW": null, "Bio_MW": null, "Coal_MW": null, "Geo_MW": null, "Hydro_MW": null, "HydroPS_MW": null, "NG_MW": null, "Nuclear_MW": null, "Crude_MW": null, "Solar_MW": null, "Wind_MW": 150.0, "Other_MW": null, "Source": "EIA-860, EIA-860M and EIA-923", "Period": "202311", "Longitude": -100.967402, "Latitude": 33.752201 }, "geometry": { "type": "Point", "coordinates": [ -100.967402000362, 33.752201000163502 ] } },
{ "type": "Feature", "properties": { "OBJECTID": 28008, "Plant_Code": 56774, "Plant_Name": "Turkey Track Wind Energy LLC", "Utility_ID": 49893, "Utility_Name": "Invenergy Services LLC", "sector_name": "IPP Non-CHP", "Street_Address": "4310 A Hwy 153", "City": "Blackwell", "County": "Nolan", "State": "Texas", "Zip": 79537, "PrimSource": "wind", "source_desc": "Wind = 169.5 MW", "tech_desc": "Onshore Wind Turbine", "Install_MW": 169.5, "Total_MW": 169.5, "Bat_MW": null, "Bio_MW": null, "Coal_MW": null, "Geo_MW": null, "Hydro_MW": null, "HydroPS_MW": null, "NG_MW": null, "Nuclear_MW": null, "Crude_MW": null, "Solar_MW": null, "Wind_MW": 169.5, "Other_MW": null, "Source": "EIA-860, EIA-860M and EIA-923", "Period": "202311", "Longitude": -100.2686, "Latitude": 32.1981 }, "geometry": { "type": "Point", "coordinates": [ -100.268600000408995, 32.198100000220997 ] } },
{ "type": "Feature", "properties": { "OBJECTID": 28009, "Plant_Code": 56775, "Plant_Name": "Scurry County Wind II", "Utility_ID": 49893, "Utility_Name": "Invenergy Services LLC", "sector_name": "IPP Non-CHP", "Street_Address": "6543 E Hwy", "City": "Snyder", "County": "Scurry", "State": "Texas", "Zip": 79549, "PrimSource": "wind", "source_desc": "Wind = 120 MW", "tech_desc": "Onshore Wind Turbine", "Install_MW": 120.0, "Total_MW": 120.0, "Bat_MW": null, "Bio_MW": null, "Coal_MW": null, "Geo_MW": null, "Hydro_MW": null, "HydroPS_MW": null, "NG_MW": null, "Nuclear_MW": null, "Crude_MW": null, "Solar_MW": null, "Wind_MW": 120.0, "Other_MW": null, "Source": "EIA-860, EIA-860M and EIA-923", "Period": "202311", "Longitude": -100.793333, "Latitude": 32.718056 }, "geometry": { "type": "Point", "coordinates": [ -100.793332999849, 32.718055999672103 ] } },
{ "type": "Feature", "properties": { "OBJECTID": 28010, "Plant_Code": 56776, "Plant_Name": "Gunsight Mountain Wind Energy LLC", "Utility_ID": 49893, "Utility_Name": "Invenergy Services LLC", "sector_name": "IPP Non-CHP", "Street_Address": "17012 North County Road 33", "City": "Big Spring", "County": "Howard", "State": "Texas", "Zip": 79720, "PrimSource": "wind", "source_desc": "Wind = 120 MW", "tech_desc": "Onshore Wind Turbine", "Install_MW": 120.0, "Total_MW": 120.0, "Bat_MW": null, "Bio_MW": null, "Coal_MW": null, "Geo_MW": null, "Hydro_MW": null, "HydroPS_MW": null, "NG_MW": null, "Nuclear_MW": null, "Crude_MW": null, "Solar_MW": null, "Wind_MW": 120.0, "Other_MW": null, "Source": "EIA-860, EIA-860M and EIA-923", "Period": "202311", "Longitude": -101.473611, "Latitude": 32.240278 }, "geometry": { "type": "Point", "coordinates": [ -101.473611000226995, 32.240277999627203 ] } },
{ "type": "Feature", "properties": { "OBJECTID": 28014, "Plant_Code": 56783, "Plant_Name": "Elbow Creek Wind Project LLC", "Utility_ID": 55981, "Utility_Name": "Elbow Creek Wind Project LLC", "sector_name": "IPP Non-CHP", "Street_Address": "9919 Kay", "City": "Forsan", "County": "Howard", "State": "Texas", "Zip": 79733, "PrimSource": "wind", "source_desc": "Wind = 121.9 MW", "tech_desc": "Onshore Wind Turbine", "Install_MW": 121.9, "Total_MW": 121.9, "Bat_MW": null, "Bio_MW": null, "Coal_MW": null, "Geo_MW": null, "Hydro_MW": null, "HydroPS_MW": null, "NG_MW": null, "Nuclear_MW": null, "Crude_MW": null, "Solar_MW": null, "Wind_MW": 121.9, "Other_MW": null, "Source": "EIA-860, EIA-860M and EIA-923", "Period": "202311", "Longitude": -101.3986, "Latitude": 32.1408 }, "geometry": { "type": "Point", "coordinates": [ -101.398600000442002, 32.140799999919999 ] } },
{ "type": "Feature", "properties": { "OBJECTID": 28025, "Plant_Code": 56795, "Plant_Name": "Penascal Wind Power LLC", "Utility_ID": 15399, "Utility_Name": "Avangrid Renewables LLC", "sector_name": "IPP Non-CHP", "Street_Address": "581 South Highway 77", "City": "Sarita", "County": "Kenedy", "State": "Texas", "Zip": 78385, "PrimSource": "wind", "source_desc": "Wind = 201.6 MW", "tech_desc": "Onshore Wind Turbine", "Install_MW": 201.6, "Total_MW": 201.6, "Bat_MW": null, "Bio_MW": null, "Coal_MW": null, "Geo_MW": null, "Hydro_MW": null, "HydroPS_MW": null, "NG_MW": null, "Nuclear_MW": null, "Crude_MW": null, "Solar_MW": null, "Wind_MW": 201.6, "Other_MW": null, "Source": "EIA-860, EIA-860M and EIA-923", "Period": "202311", "Longitude": -97.498478, "Latitude": 27.022112 }, "geometry": { "type": "Point", "coordinates": [ -97.498478000187006, 27.022111999811798 ] } },
{ "type": "Feature", "properties": { "OBJECTID": 28034, "Plant_Code": 56806, "Plant_Name": "Cedar Bayou 4", "Utility_ID": 56020, "Utility_Name": "NRG Cedar Bayou Development Company LLC", "sector_name": "IPP Non-CHP", "Street_Address": "7705 West Bay Road", "City": "Eldon", "County": "Chambers", "State": "Texas", "Zip": 77523, "PrimSource": "natural gas", "source_desc": "Natural Gas = 502 MW", "tech_desc": "Natural Gas Fired Combined Cycle", "Install_MW": 535.5, "Total_MW": 502.0, "Bat_MW": null, "Bio_MW": null, "Coal_MW": null, "Geo_MW": null, "Hydro_MW": null, "HydroPS_MW": null, "NG_MW": 502.0, "Nuclear_MW": null, "Crude_MW": null, "Solar_MW": null, "Wind_MW": null, "Other_MW": null, "Source": "EIA-860, EIA-860M and EIA-923", "Period": "202311", "Longitude": -94.92312, "Latitude": 29.751645 }, "geometry": { "type": "Point", "coordinates": [ -94.9231199999209, 29.751644999717598 ] } },
{ "type": "Feature", "properties": { "OBJECTID": 28046, "Plant_Code": 56823, "Plant_Name": "Hackberry Wind Farm", "Utility_ID": 56033, "Utility_Name": "Hackberry Wind LLC", "sector_name": "IPP Non-CHP", "Street_Address": "177 Private Road", "City": "Albany", "County": "Shackelford", "State": "Texas", "Zip": 76430, "PrimSource": "wind", "source_desc": "Wind = 162.3 MW", "tech_desc": "Onshore Wind Turbine", "Install_MW": 165.6, "Total_MW": 162.3, "Bat_MW": null, "Bio_MW": null, "Coal_MW": null, "Geo_MW": null, "Hydro_MW": null, "HydroPS_MW": null, "NG_MW": null, "Nuclear_MW": null, "Crude_MW": null, "Solar_MW": null, "Wind_MW": 162.3, "Other_MW": null, "Source": "EIA-860, EIA-860M and EIA-923", "Period": "202311", "Longitude": -99.4228, "Latitude": 32.7683 }, "geometry": { "type": "Point", "coordinates": [ -99.422799999627401, 32.7683000001851 ] } },
{ "type": "Feature", "properties": { "OBJECTID": 28056, "Plant_Code": 56835, "Plant_Name": "Ribeye Wind (11) LLC", "Utility_ID": 64408, "Utility_Name": "Stockyard Wind", "sector_name": "IPP Non-CHP", "Street_Address": "10655 US Highway 287", "City": "Dumas", "County": "Moore", "State": "Texas", "Zip": 79029, "PrimSource": "wind", "source_desc": "Wind = 10 MW", "tech_desc": "Onshore Wind Turbine", "Install_MW": 10.0, "Total_MW": 10.0, "Bat_MW": null, "Bio_MW": null, "Coal_MW": null, "Geo_MW": null, "Hydro_MW": null, "HydroPS_MW": null, "NG_MW": null, "Nuclear_MW": null, "Crude_MW": null, "Solar_MW": null, "Wind_MW": 10.0, "Other_MW": null, "Source": "EIA-860, EIA-860M and EIA-923", "Period": "202311", "Longitude": -101.9789, "Latitude": 35.8119 }, "geometry": { "type": "Point", "coordinates": [ -101.978900000376001, 35.8118999997088 ] } },
{ "type": "Feature", "properties": { "OBJECTID": 28057, "Plant_Code": 56836, "Plant_Name": "T-Bone Wind (10) LLC", "Utility_ID": 64408, "Utility_Name": "Stockyard Wind", "sector_name": "IPP Non-CHP", "Street_Address": "6000 Stallwitz Road", "City": "Dumas", "County": "Moore", "State": "Texas", "Zip": 79029, "PrimSource": "wind", "source_desc": "Wind = 8.8 MW", "tech_desc": "Onshore Wind Turbine", "Install_MW": 8.8, "Total_MW": 8.8, "Bat_MW": null, "Bio_MW": null, "Coal_MW": null, "Geo_MW": null, "Hydro_MW": null, "HydroPS_MW": null, "NG_MW": null, "Nuclear_MW": null, "Crude_MW": null, "Solar_MW": null, "Wind_MW": 8.8, "Other_MW": null, "Source": "EIA-860, EIA-860M and EIA-923", "Period": "202311", "Longitude": -101.9986, "Latitude": 35.8081 }, "geometry": { "type": "Point", "coordinates": [ -101.998599999758994, 35.808100000199602 ] } },
{ "type": "Feature", "properties": { "OBJECTID": 28058, "Plant_Code": 56837, "Plant_Name": "Tri-Tip Wind (9) LLC", "Utility_ID": 64408, "Utility_Name": "Stockyard Wind", "sector_name": "IPP Non-CHP", "Street_Address": "11572 Texas Beef Road", "City": "Sunray", "County": "Moore", "State": "Texas", "Zip": 79086, "PrimSource": "wind", "source_desc": "Wind = 10 MW", "tech_desc": "Onshore Wind Turbine", "Install_MW": 10.0, "Total_MW": 10.0, "Bat_MW": null, "Bio_MW": null, "Coal_MW": null, "Geo_MW": null, "Hydro_MW": null, "HydroPS_MW": null, "NG_MW": null, "Nuclear_MW": null, "Crude_MW": null, "Solar_MW": null, "Wind_MW": 10.0, "Other_MW": null, "Source": "EIA-860, EIA-860M and EIA-923", "Period": "202311", "Longitude": -101.8033, "Latitude": 35.9614 }, "geometry": { "type": "Point", "coordinates": [ -101.803300000226002, 35.961399999955702 ] } },
{ "type": "Feature", "properties": { "OBJECTID": 28059, "Plant_Code": 56838, "Plant_Name": "Brisket Wind (8) LLC", "Utility_ID": 64408, "Utility_Name": "Stockyard Wind", "sector_name": "IPP Non-CHP", "Street_Address": "11896 Light Plant Road", "City": "Sunray", "County": "Moore", "State": "Texas", "Zip": 79086, "PrimSource": "wind", "source_desc": "Wind = 10 MW", "tech_desc": "Onshore Wind Turbine", "Install_MW": 10.0, "Total_MW": 10.0, "Bat_MW": null, "Bio_MW": null, "Coal_MW": null, "Geo_MW": null, "Hydro_MW": null, "HydroPS_MW": null, "NG_MW": null, "Nuclear_MW": null, "Crude_MW": null, "Solar_MW": null, "Wind_MW": 10.0, "Other_MW": null, "Source": "EIA-860, EIA-860M and EIA-923", "Period": "202311", "Longitude": -101.8614, "Latitude": 36.0075 }, "geometry": { "type": "Point", "coordinates": [ -101.861400000090001, 36.007500000309903 ] } },
{ "type": "Feature", "properties": { "OBJECTID": 28060, "Plant_Code": 56839, "Plant_Name": "Flat Iron Wind (7) LLC", "Utility_ID": 64408, "Utility_Name": "Stockyard Wind", "sector_name": "IPP Non-CHP", "Street_Address": "6603 FM 281", "City": "Sunray", "County": "Moore", "State": "Texas", "Zip": 79086, "PrimSource": "wind", "source_desc": "Wind = 10 MW", "tech_desc": "Onshore Wind Turbine", "Install_MW": 10.0, "Total_MW": 10.0, "Bat_MW": null, "Bio_MW": null, "Coal_MW": null, "Geo_MW": null, "Hydro_MW": null, "HydroPS_MW": null, "NG_MW": null, "Nuclear_MW": null, "Crude_MW": null, "Solar_MW": null, "Wind_MW": 10.0, "Other_MW": null, "Source": "EIA-860, EIA-860M and EIA-923", "Period": "202311", "Longitude": -101.9, "Latitude": 36.0264 }, "geometry": { "type": "Point", "coordinates": [ -101.899999999689001, 36.026399999764898 ] } },
{ "type": "Feature", "properties": { "OBJECTID": 28080, "Plant_Code": 56864, "Plant_Name": "Covel Gardens Gas Recovery", "Utility_ID": 55858, "Utility_Name": "EDL Inc", "sector_name": "IPP Non-CHP", "Street_Address": "8611 Covel Road", "City": "San Antonio", "County": "Bexar", "State": "Texas", "Zip": 78252, "PrimSource": "biomass", "source_desc": "Biomass = 9.6 MW", "tech_desc": "Landfill Gas", "Install_MW": 9.6, "Total_MW": 9.6, "Bat_MW": null, "Bio_MW": 9.6, "Coal_MW": null, "Geo_MW": null, "Hydro_MW": null, "HydroPS_MW": null, "NG_MW": null, "Nuclear_MW": null, "Crude_MW": null, "Solar_MW": null, "Wind_MW": null, "Other_MW": null, "Source": "EIA-860, EIA-860M and EIA-923", "Period": "202311", "Longitude": -98.6536, "Latitude": 29.3467 }, "geometry": { "type": "Point", "coordinates": [ -98.6535999997907, 29.3467000003698 ] } },
{ "type": "Feature", "properties": { "OBJECTID": 28108, "Plant_Code": 56905, "Plant_Name": "Great Plains Windpark LLC", "Utility_ID": 61671, "Utility_Name": "Great Plains Windpark Legacy LLC", "sector_name": "IPP Non-CHP", "Street_Address": "15001 Highway 207", "City": "Spearman", "County": "Hansford", "State": "Texas", "Zip": 79081, "PrimSource": "wind", "source_desc": "Wind = 114 MW", "tech_desc": "Onshore Wind Turbine", "Install_MW": 114.0, "Total_MW": 114.0, "Bat_MW": null, "Bio_MW": null, "Coal_MW": null, "Geo_MW": null, "Hydro_MW": null, "HydroPS_MW": null, "NG_MW": null, "Nuclear_MW": null, "Crude_MW": null, "Solar_MW": null, "Wind_MW": 114.0, "Other_MW": null, "Source": "EIA-860, EIA-860M and EIA-923", "Period": "202311", "Longitude": -101.3917, "Latitude": 36.4964 }, "geometry": { "type": "Point", "coordinates": [ -101.39170000032, 36.496399999991901 ] } },
{ "type": "Feature", "properties": { "OBJECTID": 28118, "Plant_Code": 56920, "Plant_Name": "Panther Creek Wind Farm I", "Utility_ID": 56215, "Utility_Name": "RWE Renewables Americas, LLC", "sector_name": "IPP Non-CHP", "Street_Address": "1081 Longshore Road", "City": "Big Spring", "County": "Howard", "State": "Texas", "Zip": 79720, "PrimSource": "wind", "source_desc": "Wind = 142.5 MW", "tech_desc": "Onshore Wind Turbine", "Install_MW": 142.5, "Total_MW": 142.5, "Bat_MW": null, "Bio_MW": null, "Coal_MW": null, "Geo_MW": null, "Hydro_MW": null, "HydroPS_MW": null, "NG_MW": null, "Nuclear_MW": null, "Crude_MW": null, "Solar_MW": null, "Wind_MW": 142.5, "Other_MW": null, "Source": "EIA-860, EIA-860M and EIA-923", "Period": "202311", "Longitude": -101.451385, "Latitude": 32.100823 }, "geometry": { "type": "Point", "coordinates": [ -101.451385000247996, 32.100822999730497 ] } },
{ "type": "Feature", "properties": { "OBJECTID": 28119, "Plant_Code": 56921, "Plant_Name": "Panther Creek Wind Farm II", "Utility_ID": 56215, "Utility_Name": "RWE Renewables Americas, LLC", "sector_name": "IPP Non-CHP", "Street_Address": "904 N. McDonald Rd", "City": "Big Spring", "County": "Glasscock", "State": "Texas", "Zip": 79720, "PrimSource": "wind", "source_desc": "Wind = 115.5 MW", "tech_desc": "Onshore Wind Turbine", "Install_MW": 115.5, "Total_MW": 115.5, "Bat_MW": null, "Bio_MW": null, "Coal_MW": null, "Geo_MW": null, "Hydro_MW": null, "HydroPS_MW": null, "NG_MW": null, "Nuclear_MW": null, "Crude_MW": null, "Solar_MW": null, "Wind_MW": 115.5, "Other_MW": null, "Source": "EIA-860, EIA-860M and EIA-923", "Period": "202311", "Longitude": -101.2983, "Latitude": 31.9361 }, "geometry": { "type": "Point", "coordinates": [ -101.298299999782003, 31.936099999895301 ] } },
{ "type": "Feature", "properties": { "OBJECTID": 28146, "Plant_Code": 56956, "Plant_Name": "Bull Creek Wind", "Utility_ID": 56222, "Utility_Name": "Bull Creek Wind LLC", "sector_name": "IPP Non-CHP", "Street_Address": "1016d County Road", "City": "O'Donnell", "County": "Borden", "State": "Texas", "Zip": 79351, "PrimSource": "wind", "source_desc": "Wind = 180 MW", "tech_desc": "Onshore Wind Turbine", "Install_MW": 180.0, "Total_MW": 180.0, "Bat_MW": null, "Bio_MW": null, "Coal_MW": null, "Geo_MW": null, "Hydro_MW": null, "HydroPS_MW": null, "NG_MW": null, "Nuclear_MW": null, "Crude_MW": null, "Solar_MW": null, "Wind_MW": 180.0, "Other_MW": null, "Source": "EIA-860, EIA-860M and EIA-923", "Period": "202311", "Longitude": -101.578617, "Latitude": 32.929014 }, "geometry": { "type": "Point", "coordinates": [ -101.578616999776003, 32.929014000255599 ] } },
{ "type": "Feature", "properties": { "OBJECTID": 28149, "Plant_Code": 56959, "Plant_Name": "Ocotillo Windpower", "Utility_ID": 65411, "Utility_Name": "Duke Energy Renewables Services", "sector_name": "IPP Non-CHP", "Street_Address": "2803 FM 461", "City": "Forsan", "County": "Howard", "State": "Texas", "Zip": 79733, "PrimSource": "wind", "source_desc": "Wind = 58.8 MW", "tech_desc": "Onshore Wind Turbine", "Install_MW": 58.8, "Total_MW": 58.8, "Bat_MW": null, "Bio_MW": null, "Coal_MW": null, "Geo_MW": null, "Hydro_MW": null, "HydroPS_MW": null, "NG_MW": null, "Nuclear_MW": null, "Crude_MW": null, "Solar_MW": null, "Wind_MW": 58.8, "Other_MW": null, "Source": "EIA-860, EIA-860M and EIA-923", "Period": "202311", "Longitude": -101.3853, "Latitude": 32.1217 }, "geometry": { "type": "Point", "coordinates": [ -101.385299999791002, 32.121699999677901 ] } },
{ "type": "Feature", "properties": { "OBJECTID": 28151, "Plant_Code": 56961, "Plant_Name": "Notrees Windpower Hybrid", "Utility_ID": 65411, "Utility_Name": "Duke Energy Renewables Services", "sector_name": "IPP Non-CHP", "Street_Address": "19991 Sheep Pasture Rd.", "City": "Goldsmith", "County": "Ector", "State": "Texas", "Zip": 79741, "PrimSource": "wind", "source_desc": "Battery = 36 MW, Wind = 152.5 MW", "tech_desc": "Batteries; Onshore Wind Turbine;", "Install_MW": 188.5, "Total_MW": 188.5, "Bat_MW": 36.0, "Bio_MW": null, "Coal_MW": null, "Geo_MW": null, "Hydro_MW": null, "HydroPS_MW": null, "NG_MW": null, "Nuclear_MW": null, "Crude_MW": null, "Solar_MW": null, "Wind_MW": 152.5, "Other_MW": null, "Source": "EIA-860, EIA-860M and EIA-923", "Period": "202311", "Longitude": -102.828333, "Latitude": 31.995 }, "geometry": { "type": "Point", "coordinates": [ -102.828333000168996, 31.9949999996883 ] } },
{ "type": "Feature", "properties": { "OBJECTID": 28165, "Plant_Code": 56979, "Plant_Name": "Panther Creek Wind Farm Three", "Utility_ID": 56215, "Utility_Name": "RWE Renewables Americas, LLC", "sector_name": "IPP Non-CHP", "Street_Address": "904 North McDonald Rd", "City": "Big Spring", "County": "Sterling", "State": "Texas", "Zip": 79720, "PrimSource": "wind", "source_desc": "Wind = 231.5 MW", "tech_desc": "Onshore Wind Turbine", "Install_MW": 215.5, "Total_MW": 231.5, "Bat_MW": null, "Bio_MW": null, "Coal_MW": null, "Geo_MW": null, "Hydro_MW": null, "HydroPS_MW": null, "NG_MW": null, "Nuclear_MW": null, "Crude_MW": null, "Solar_MW": null, "Wind_MW": 231.5, "Other_MW": null, "Source": "EIA-860, EIA-860M and EIA-923", "Period": "202311", "Longitude": -101.1167, "Latitude": 31.9925 }, "geometry": { "type": "Point", "coordinates": [ -101.116700000034001, 31.992500000324799 ] } },
{ "type": "Feature", "properties": { "OBJECTID": 28167, "Plant_Code": 56981, "Plant_Name": "Pyron Wind Farm LLC Hybrid", "Utility_ID": 56215, "Utility_Name": "RWE Renewables Americas, LLC", "sector_name": "IPP Non-CHP", "Street_Address": "9871 County Rd. 4146", "City": "Hermleigh", "County": "Fisher", "State": "Texas", "Zip": 79545, "PrimSource": "wind", "source_desc": "Battery = 9.9 MW, Wind = 249 MW", "tech_desc": "Batteries; Onshore Wind Turbine;", "Install_MW": 258.9, "Total_MW": 258.9, "Bat_MW": 9.9, "Bio_MW": null, "Coal_MW": null, "Geo_MW": null, "Hydro_MW": null, "HydroPS_MW": null, "NG_MW": null, "Nuclear_MW": null, "Crude_MW": null, "Solar_MW": null, "Wind_MW": 249.0, "Other_MW": null, "Source": "EIA-860, EIA-860M and EIA-923", "Period": "202311", "Longitude": -100.6728, "Latitude": 32.5886 }, "geometry": { "type": "Point", "coordinates": [ -100.672799999703003, 32.5885999997206 ] } },
{ "type": "Feature", "properties": { "OBJECTID": 28169, "Plant_Code": 56983, "Plant_Name": "Papalote Creek I LLC", "Utility_ID": 56215, "Utility_Name": "RWE Renewables Americas, LLC", "sector_name": "IPP Non-CHP", "Street_Address": "5399 C.R. 3161", "City": "Taft", "County": "San Patricio", "State": "Texas", "Zip": 78390, "PrimSource": "wind", "source_desc": "Wind = 180 MW", "tech_desc": "Onshore Wind Turbine", "Install_MW": 180.0, "Total_MW": 180.0, "Bat_MW": null, "Bio_MW": null, "Coal_MW": null, "Geo_MW": null, "Hydro_MW": null, "HydroPS_MW": null, "NG_MW": null, "Nuclear_MW": null, "Crude_MW": null, "Solar_MW": null, "Wind_MW": 180.0, "Other_MW": null, "Source": "EIA-860, EIA-860M and EIA-923", "Period": "202311", "Longitude": -97.4586, "Latitude": 27.9386 }, "geometry": { "type": "Point", "coordinates": [ -97.458599999772503, 27.9385999998348 ] } },
{ "type": "Feature", "properties": { "OBJECTID": 28170, "Plant_Code": 56984, "Plant_Name": "Inadale Wind Farm LLC Hybrid", "Utility_ID": 56215, "Utility_Name": "RWE Renewables Americas, LLC", "sector_name": "IPP Non-CHP", "Street_Address": "130 C.R. 170", "City": "Roscoe", "County": "Nolan", "State": "Texas", "Zip": 79545, "PrimSource": "wind", "source_desc": "Battery = 9.9 MW, Wind = 197 MW", "tech_desc": "Batteries; Onshore Wind Turbine;", "Install_MW": 206.9, "Total_MW": 206.9, "Bat_MW": 9.9, "Bio_MW": null, "Coal_MW": null, "Geo_MW": null, "Hydro_MW": null, "HydroPS_MW": null, "NG_MW": null, "Nuclear_MW": null, "Crude_MW": null, "Solar_MW": null, "Wind_MW": 197.0, "Other_MW": null, "Source": "EIA-860, EIA-860M and EIA-923", "Period": "202311", "Longitude": -100.5797, "Latitude": 32.4969 }, "geometry": { "type": "Point", "coordinates": [ -100.579699999639004, 32.4968999996455 ] } },
{ "type": "Feature", "properties": { "OBJECTID": 28201, "Plant_Code": 57020, "Plant_Name": "Westside Landfill Gas Recovery", "Utility_ID": 54842, "Utility_Name": "WM Renewable Energy LLC", "sector_name": "IPP Non-CHP", "Street_Address": "12880 Camp Bowie W", "City": "Aledo", "County": "Parker", "State": "Texas", "Zip": 76008, "PrimSource": "biomass", "source_desc": "Biomass = 3.2 MW", "tech_desc": "Landfill Gas", "Install_MW": 3.2, "Total_MW": 3.2, "Bat_MW": null, "Bio_MW": 3.2, "Coal_MW": null, "Geo_MW": null, "Hydro_MW": null, "HydroPS_MW": null, "NG_MW": null, "Nuclear_MW": null, "Crude_MW": null, "Solar_MW": null, "Wind_MW": null, "Other_MW": null, "Source": "EIA-860, EIA-860M and EIA-923", "Period": "202311", "Longitude": -97.537118, "Latitude": 32.724553 }, "geometry": { "type": "Point", "coordinates": [ -97.537117999969098, 32.724553000067097 ] } },
{ "type": "Feature", "properties": { "OBJECTID": 28266, "Plant_Code": 57095, "Plant_Name": "Penascal II Wind Project LLC", "Utility_ID": 15399, "Utility_Name": "Avangrid Renewables LLC", "sector_name": "IPP Non-CHP", "Street_Address": "881 South Highway 77", "City": "Sarita", "County": "Kenedy", "State": "Texas", "Zip": 78385, "PrimSource": "wind", "source_desc": "Wind = 201.6 MW", "tech_desc": "Onshore Wind Turbine", "Install_MW": 201.6, "Total_MW": 201.6, "Bat_MW": null, "Bio_MW": null, "Coal_MW": null, "Geo_MW": null, "Hydro_MW": null, "HydroPS_MW": null, "NG_MW": null, "Nuclear_MW": null, "Crude_MW": null, "Solar_MW": null, "Wind_MW": 201.6, "Other_MW": null, "Source": "EIA-860, EIA-860M and EIA-923", "Period": "202311", "Longitude": -97.557372, "Latitude": 27.122529 }, "geometry": { "type": "Point", "coordinates": [ -97.557372000269794, 27.1225289999228 ] } },
{ "type": "Feature", "properties": { "OBJECTID": 28306, "Plant_Code": 57153, "Plant_Name": "Langford Wind Power", "Utility_ID": 56506, "Utility_Name": "Langford Wind Power LLC", "sector_name": "IPP Non-CHP", "Street_Address": "9636 Duff Road", "City": "Christoval", "County": "Tom Green", "State": "Texas", "Zip": 76935, "PrimSource": "wind", "source_desc": "Wind = 150 MW", "tech_desc": "Onshore Wind Turbine", "Install_MW": 150.0, "Total_MW": 150.0, "Bat_MW": null, "Bio_MW": null, "Coal_MW": null, "Geo_MW": null, "Hydro_MW": null, "HydroPS_MW": null, "NG_MW": null, "Nuclear_MW": null, "Crude_MW": null, "Solar_MW": null, "Wind_MW": 150.0, "Other_MW": null, "Source": "EIA-860, EIA-860M and EIA-923", "Period": "202311", "Longitude": -100.67882, "Latitude": 31.085435 }, "geometry": { "type": "Point", "coordinates": [ -100.678820000290997, 31.085434999854801 ] } },
{ "type": "Feature", "properties": { "OBJECTID": 28307, "Plant_Code": 57156, "Plant_Name": "Barton Chapel Wind Farm", "Utility_ID": 15399, "Utility_Name": "Avangrid Renewables LLC", "sector_name": "IPP Non-CHP", "Street_Address": "6868 Rock Creek Rd", "City": "Jacksboro", "County": "Jack", "State": "Texas", "Zip": 76458, "PrimSource": "wind", "source_desc": "Wind = 120 MW", "tech_desc": "Onshore Wind Turbine", "Install_MW": 120.0, "Total_MW": 120.0, "Bat_MW": null, "Bio_MW": null, "Coal_MW": null, "Geo_MW": null, "Hydro_MW": null, "HydroPS_MW": null, "NG_MW": null, "Nuclear_MW": null, "Crude_MW": null, "Solar_MW": null, "Wind_MW": 120.0, "Other_MW": null, "Source": "EIA-860, EIA-860M and EIA-923", "Period": "202311", "Longitude": -98.328415, "Latitude": 33.052226 }, "geometry": { "type": "Point", "coordinates": [ -98.328414999912994, 33.052226000122801 ] } },
{ "type": "Feature", "properties": { "OBJECTID": 28313, "Plant_Code": 57165, "Plant_Name": "Farmers Branch Renewable Energy Facility", "Utility_ID": 54842, "Utility_Name": "WM Renewable Energy LLC", "sector_name": "IPP Non-CHP", "Street_Address": "580 Huffines Blvd", "City": "Lewisville", "County": "Denton", "State": "Texas", "Zip": 75067, "PrimSource": "biomass", "source_desc": "Biomass = 3.2 MW", "tech_desc": "Landfill Gas", "Install_MW": 3.2, "Total_MW": 3.2, "Bat_MW": null, "Bio_MW": 3.2, "Coal_MW": null, "Geo_MW": null, "Hydro_MW": null, "HydroPS_MW": null, "NG_MW": null, "Nuclear_MW": null, "Crude_MW": null, "Solar_MW": null, "Wind_MW": null, "Other_MW": null, "Source": "EIA-860, EIA-860M and EIA-923", "Period": "202311", "Longitude": -96.957222, "Latitude": 33.031111 }, "geometry": { "type": "Point", "coordinates": [ -96.9572220002661, 33.031110999675697 ] } },
{ "type": "Feature", "properties": { "OBJECTID": 28315, "Plant_Code": 57167, "Plant_Name": "Mesquite Creek LFGTE Project", "Utility_ID": 54842, "Utility_Name": "WM Renewable Energy LLC", "sector_name": "IPP Non-CHP", "Street_Address": "1000 Kohlenberg", "City": "New Braunfels", "County": "Comal", "State": "Texas", "Zip": 78130, "PrimSource": "biomass", "source_desc": "Biomass = 3.2 MW", "tech_desc": "Landfill Gas", "Install_MW": 3.2, "Total_MW": 3.2, "Bat_MW": null, "Bio_MW": 3.2, "Coal_MW": null, "Geo_MW": null, "Hydro_MW": null, "HydroPS_MW": null, "NG_MW": null, "Nuclear_MW": null, "Crude_MW": null, "Solar_MW": null, "Wind_MW": null, "Other_MW": null, "Source": "EIA-860, EIA-860M and EIA-923", "Period": "202311", "Longitude": -98.0228, "Latitude": 29.7372 }, "geometry": { "type": "Point", "coordinates": [ -98.022799999722494, 29.737200000361199 ] } },
{ "type": "Feature", "properties": { "OBJECTID": 28338, "Plant_Code": 57197, "Plant_Name": "Blue Wing Solar Energy Generation", "Utility_ID": 65411, "Utility_Name": "Duke Energy Renewables Services", "sector_name": "IPP Non-CHP", "Street_Address": "10810 S Blue Wind Rd.", "City": "San Antonio", "County": "Bexar", "State": "Texas", "Zip": 78223, "PrimSource": "solar", "source_desc": "Solar = 13.5 MW", "tech_desc": "Solar Photovoltaic", "Install_MW": 13.9, "Total_MW": 13.5, "Bat_MW": null, "Bio_MW": null, "Coal_MW": null, "Geo_MW": null, "Hydro_MW": null, "HydroPS_MW": null, "NG_MW": null, "Nuclear_MW": null, "Crude_MW": null, "Solar_MW": 13.5, "Wind_MW": null, "Other_MW": null, "Source": "EIA-860, EIA-860M and EIA-923", "Period": "202311", "Longitude": -98.400339, "Latitude": 29.304177 }, "geometry": { "type": "Point", "coordinates": [ -98.400339000309899, 29.3041769998866 ] } },
{ "type": "Feature", "properties": { "OBJECTID": 28352, "Plant_Code": 57212, "Plant_Name": "Papalote Creek II LLC", "Utility_ID": 56215, "Utility_Name": "RWE Renewables Americas, LLC", "sector_name": "IPP Non-CHP", "Street_Address": "546 FM 631", "City": "Taft", "County": "San Patricio", "State": "Texas", "Zip": 78390, "PrimSource": "wind", "source_desc": "Wind = 200.1 MW", "tech_desc": "Onshore Wind Turbine", "Install_MW": 200.1, "Total_MW": 200.1, "Bat_MW": null, "Bio_MW": null, "Coal_MW": null, "Geo_MW": null, "Hydro_MW": null, "HydroPS_MW": null, "NG_MW": null, "Nuclear_MW": null, "Crude_MW": null, "Solar_MW": null, "Wind_MW": 200.1, "Other_MW": null, "Source": "EIA-860, EIA-860M and EIA-923", "Period": "202311", "Longitude": -97.2967, "Latitude": 27.9958 }, "geometry": { "type": "Point", "coordinates": [ -97.296700000306302, 27.9958000003165 ] } },
{ "type": "Feature", "properties": { "OBJECTID": 28390, "Plant_Code": 57260, "Plant_Name": "Cedro Hill Wind LLC", "Utility_ID": 64634, "Utility_Name": "Cedro Hill Wind, LLC", "sector_name": "IPP Non-CHP", "Street_Address": "7476 FM 2050", "City": "Bruni", "County": "Webb", "State": "Texas", "Zip": 78344, "PrimSource": "wind", "source_desc": "Wind = 300 MW", "tech_desc": "Onshore Wind Turbine", "Install_MW": 300.0, "Total_MW": 300.0, "Bat_MW": null, "Bio_MW": null, "Coal_MW": null, "Geo_MW": null, "Hydro_MW": null, "HydroPS_MW": null, "NG_MW": null, "Nuclear_MW": null, "Crude_MW": null, "Solar_MW": null, "Wind_MW": 300.0, "Other_MW": null, "Source": "EIA-860, EIA-860M and EIA-923", "Period": "202311", "Longitude": -98.905278, "Latitude": 27.576111 }, "geometry": { "type": "Point", "coordinates": [ -98.905277999755995, 27.576111000024799 ] } },
{ "type": "Feature", "properties": { "OBJECTID": 28393, "Plant_Code": 57263, "Plant_Name": "Little Pringle I Wind Farm", "Utility_ID": 65609, "Utility_Name": "Everpoint Services Inc", "sector_name": "IPP Non-CHP", "Street_Address": "8570 Co Rd H", "City": "Morse", "County": "Hutchinson", "State": "Texas", "Zip": 79062, "PrimSource": "wind", "source_desc": "Wind = 10 MW", "tech_desc": "Onshore Wind Turbine", "Install_MW": 10.0, "Total_MW": 10.0, "Bat_MW": null, "Bio_MW": null, "Coal_MW": null, "Geo_MW": null, "Hydro_MW": null, "HydroPS_MW": null, "NG_MW": null, "Nuclear_MW": null, "Crude_MW": null, "Solar_MW": null, "Wind_MW": 10.0, "Other_MW": null, "Source": "EIA-860, EIA-860M and EIA-923", "Period": "202311", "Longitude": -101.540238, "Latitude": 35.964272 }, "geometry": { "type": "Point", "coordinates": [ -101.540238000109994, 35.9642719998986 ] } },
{ "type": "Feature", "properties": { "OBJECTID": 28394, "Plant_Code": 57264, "Plant_Name": "Little Pringle II Wind Farm", "Utility_ID": 65609, "Utility_Name": "Everpoint Services Inc", "sector_name": "IPP Non-CHP", "Street_Address": "8571 Co Rd H", "City": "Morse", "County": "Hutchinson", "State": "Texas", "Zip": 79062, "PrimSource": "wind", "source_desc": "Wind = 10 MW", "tech_desc": "Onshore Wind Turbine", "Install_MW": 10.0, "Total_MW": 10.0, "Bat_MW": null, "Bio_MW": null, "Coal_MW": null, "Geo_MW": null, "Hydro_MW": null, "HydroPS_MW": null, "NG_MW": null, "Nuclear_MW": null, "Crude_MW": null, "Solar_MW": null, "Wind_MW": 10.0, "Other_MW": null, "Source": "EIA-860, EIA-860M and EIA-923", "Period": "202311", "Longitude": -101.541363, "Latitude": 35.924858 }, "geometry": { "type": "Point", "coordinates": [ -101.541362999865996, 35.9248580002957 ] } },
{ "type": "Feature", "properties": { "OBJECTID": 28423, "Plant_Code": 57303, "Plant_Name": "Loraine Windpark Project LLC", "Utility_ID": 56667, "Utility_Name": "Loraine Windpower Project", "sector_name": "IPP Non-CHP", "Street_Address": "4274 CR 446", "City": "Loraine", "County": "Mitchell", "State": "Texas", "Zip": 79532, "PrimSource": "wind", "source_desc": "Wind = 148.5 MW", "tech_desc": "Onshore Wind Turbine", "Install_MW": 150.0, "Total_MW": 148.5, "Bat_MW": null, "Bio_MW": null, "Coal_MW": null, "Geo_MW": null, "Hydro_MW": null, "HydroPS_MW": null, "NG_MW": null, "Nuclear_MW": null, "Crude_MW": null, "Solar_MW": null, "Wind_MW": 148.5, "Other_MW": null, "Source": "EIA-860, EIA-860M and EIA-923", "Period": "202311", "Longitude": -100.7444, "Latitude": 32.4375 }, "geometry": { "type": "Point", "coordinates": [ -100.744400000235004, 32.4375000003499 ] } },
{ "type": "Feature", "properties": { "OBJECTID": 28437, "Plant_Code": 57322, "Plant_Name": "Mont Belvieu Cogeneration Unit", "Utility_ID": 56672, "Utility_Name": "Targa Co-Generation LLC", "sector_name": "Industrial CHP", "Street_Address": "10319 Highway 146 North", "City": "Mont Belvieu", "County": "Chambers", "State": "Texas", "Zip": 77580, "PrimSource": "natural gas", "source_desc": "Natural Gas = 12.3 MW", "tech_desc": "Natural Gas Fired Combustion Turbine", "Install_MW": 15.0, "Total_MW": 12.3, "Bat_MW": null, "Bio_MW": null, "Coal_MW": null, "Geo_MW": null, "Hydro_MW": null, "HydroPS_MW": null, "NG_MW": 12.3, "Nuclear_MW": null, "Crude_MW": null, "Solar_MW": null, "Wind_MW": null, "Other_MW": null, "Source": "EIA-860, EIA-860M and EIA-923", "Period": "202311", "Longitude": -94.900661, "Latitude": 29.838138 }, "geometry": { "type": "Point", "coordinates": [ -94.900661000313704, 29.8381379996896 ] } },
{ "type": "Feature", "properties": { "OBJECTID": 28440, "Plant_Code": 57326, "Plant_Name": "Sunray Wind I", "Utility_ID": 56680, "Utility_Name": "Diamond Shamrock Refining Company LP", "sector_name": "IPP Non-CHP", "Street_Address": "6701 FM119", "City": "Sunray", "County": "Moore", "State": "Texas", "Zip": 79086, "PrimSource": "wind", "source_desc": "Wind = 49.5 MW", "tech_desc": "Onshore Wind Turbine", "Install_MW": 49.5, "Total_MW": 49.5, "Bat_MW": null, "Bio_MW": null, "Coal_MW": null, "Geo_MW": null, "Hydro_MW": null, "HydroPS_MW": null, "NG_MW": null, "Nuclear_MW": null, "Crude_MW": null, "Solar_MW": null, "Wind_MW": 49.5, "Other_MW": null, "Source": "EIA-860, EIA-860M and EIA-923", "Period": "202311", "Longitude": -101.9005, "Latitude": 35.9454 }, "geometry": { "type": "Point", "coordinates": [ -101.900500000180003, 35.945399999912397 ] } },
{ "type": "Feature", "properties": { "OBJECTID": 28513, "Plant_Code": 57415, "Plant_Name": "Sherbino II", "Utility_ID": 62077, "Utility_Name": "Sherbino II Wind Farm LLC", "sector_name": "IPP Non-CHP", "Street_Address": "5697 Tran Pecos Road", "City": "Ft. Stockton", "County": "Pecos", "State": "Texas", "Zip": 79735, "PrimSource": "wind", "source_desc": "Wind = 132 MW", "tech_desc": "Onshore Wind Turbine", "Install_MW": 132.0, "Total_MW": 132.0, "Bat_MW": null, "Bio_MW": null, "Coal_MW": null, "Geo_MW": null, "Hydro_MW": null, "HydroPS_MW": null, "NG_MW": null, "Nuclear_MW": null, "Crude_MW": null, "Solar_MW": null, "Wind_MW": 132.0, "Other_MW": null, "Source": "EIA-860, EIA-860M and EIA-923", "Period": "202311", "Longitude": -102.505808, "Latitude": 30.772575 }, "geometry": { "type": "Point", "coordinates": [ -102.505807999883004, 30.772574999809699 ] } },
{ "type": "Feature", "properties": { "OBJECTID": 28555, "Plant_Code": 57474, "Plant_Name": "Ralls Wind Farm", "Utility_ID": 56790, "Utility_Name": "Ralls Wind Farm LLC", "sector_name": "IPP Non-CHP", "Street_Address": "1247 State Highway #207", "City": "Ralls", "County": "Crosby", "State": "Texas", "Zip": 79357, "PrimSource": "wind", "source_desc": "Wind = 10 MW", "tech_desc": "Onshore Wind Turbine", "Install_MW": 10.0, "Total_MW": 10.0, "Bat_MW": null, "Bio_MW": null, "Coal_MW": null, "Geo_MW": null, "Hydro_MW": null, "HydroPS_MW": null, "NG_MW": null, "Nuclear_MW": null, "Crude_MW": null, "Solar_MW": null, "Wind_MW": 10.0, "Other_MW": null, "Source": "EIA-860, EIA-860M and EIA-923", "Period": "202311", "Longitude": -101.39, "Latitude": 33.661111 }, "geometry": { "type": "Point", "coordinates": [ -101.389999999729994, 33.6611109996444 ] } },
{ "type": "Feature", "properties": { "OBJECTID": 28577, "Plant_Code": 57504, "Plant_Name": "TECO CHP-1", "Utility_ID": 56826, "Utility_Name": "Texas Medical Center Central", "sector_name": "Commercial CHP", "Street_Address": "1615 Braeswood", "City": "Houston", "County": "Harris", "State": "Texas", "Zip": 77030, "PrimSource": "natural gas", "source_desc": "Natural Gas = 47 MW", "tech_desc": "Natural Gas Fired Combustion Turbine", "Install_MW": 48.0, "Total_MW": 47.0, "Bat_MW": null, "Bio_MW": null, "Coal_MW": null, "Geo_MW": null, "Hydro_MW": null, "HydroPS_MW": null, "NG_MW": 47.0, "Nuclear_MW": null, "Crude_MW": null, "Solar_MW": null, "Wind_MW": null, "Other_MW": null, "Source": "EIA-860, EIA-860M and EIA-923", "Period": "202311", "Longitude": -95.398317, "Latitude": 29.703454 }, "geometry": { "type": "Point", "coordinates": [ -95.398317000221894, 29.703454000119301 ] } },
{ "type": "Feature", "properties": { "OBJECTID": 28584, "Plant_Code": 57517, "Plant_Name": "DeWind Frisco", "Utility_ID": 56627, "Utility_Name": "DeWind Co.", "sector_name": "IPP Non-CHP", "Street_Address": "15150 County Road 2", "City": "Gruver", "County": "Hansford", "State": "Texas", "Zip": 79040, "PrimSource": "wind", "source_desc": "Wind = 20 MW", "tech_desc": "Onshore Wind Turbine", "Install_MW": 20.0, "Total_MW": 20.0, "Bat_MW": null, "Bio_MW": null, "Coal_MW": null, "Geo_MW": null, "Hydro_MW": null, "HydroPS_MW": null, "NG_MW": null, "Nuclear_MW": null, "Crude_MW": null, "Solar_MW": null, "Wind_MW": 20.0, "Other_MW": null, "Source": "EIA-860, EIA-860M and EIA-923", "Period": "202311", "Longitude": -101.605278, "Latitude": 36.498514 }, "geometry": { "type": "Point", "coordinates": [ -101.605278000278005, 36.498514000217902 ] } },
{ "type": "Feature", "properties": { "OBJECTID": 28586, "Plant_Code": 57520, "Plant_Name": "Trinity Hills", "Utility_ID": 62075, "Utility_Name": "Trinity Hills Wind Farm LLC", "sector_name": "IPP Non-CHP", "Street_Address": "116 Hilton Ranch Road", "City": "Olney", "County": "Young", "State": "Texas", "Zip": 76374, "PrimSource": "wind", "source_desc": "Wind = 198 MW", "tech_desc": "Onshore Wind Turbine", "Install_MW": 198.0, "Total_MW": 198.0, "Bat_MW": null, "Bio_MW": null, "Coal_MW": null, "Geo_MW": null, "Hydro_MW": null, "HydroPS_MW": null, "NG_MW": null, "Nuclear_MW": null, "Crude_MW": null, "Solar_MW": null, "Wind_MW": 198.0, "Other_MW": null, "Source": "EIA-860, EIA-860M and EIA-923", "Period": "202311", "Longitude": -98.711944, "Latitude": 33.383611 }, "geometry": { "type": "Point", "coordinates": [ -98.711944000052696, 33.383611000298998 ] } },
{ "type": "Feature", "properties": { "OBJECTID": 28656, "Plant_Code": 57617, "Plant_Name": "Hidalgo Wind Farm LLC", "Utility_ID": 56946, "Utility_Name": "Hidalgo Wind Farm LLC", "sector_name": "IPP Non-CHP", "Street_Address": "41420 FM 490", "City": "McCook", "County": "Hidalgo", "State": "Texas", "Zip": 78541, "PrimSource": "wind", "source_desc": "Wind = 250 MW", "tech_desc": "Onshore Wind Turbine", "Install_MW": 250.0, "Total_MW": 250.0, "Bat_MW": null, "Bio_MW": null, "Coal_MW": null, "Geo_MW": null, "Hydro_MW": null, "HydroPS_MW": null, "NG_MW": null, "Nuclear_MW": null, "Crude_MW": null, "Solar_MW": null, "Wind_MW": 250.0, "Other_MW": null, "Source": "EIA-860, EIA-860M and EIA-923", "Period": "202311", "Longitude": -98.411111, "Latitude": 26.465556 }, "geometry": { "type": "Point", "coordinates": [ -98.411110999817396, 26.465556000069501 ] } },
{ "type": "Feature", "properties": { "OBJECTID": 28688, "Plant_Code": 57659, "Plant_Name": "East Blackland Solar Project 1", "Utility_ID": 65411, "Utility_Name": "Duke Energy Renewables Services", "sector_name": "IPP Non-CHP", "Street_Address": "17414 Manda Carlson Rd", "City": "Manor", "County": "Travis", "State": "Texas", "Zip": 78653, "PrimSource": "solar", "source_desc": "Solar = 144 MW", "tech_desc": "Solar Photovoltaic", "Install_MW": 144.0, "Total_MW": 144.0, "Bat_MW": null, "Bio_MW": null, "Coal_MW": null, "Geo_MW": null, "Hydro_MW": null, "HydroPS_MW": null, "NG_MW": null, "Nuclear_MW": null, "Crude_MW": null, "Solar_MW": 144.0, "Wind_MW": null, "Other_MW": null, "Source": "EIA-860, EIA-860M and EIA-923", "Period": "202311", "Longitude": -97.4614, "Latitude": 30.4214 }, "geometry": { "type": "Point", "coordinates": [ -97.461400000004005, 30.4213999998235 ] } },
{ "type": "Feature", "properties": { "OBJECTID": 28720, "Plant_Code": 57699, "Plant_Name": "Webberville Solar Project", "Utility_ID": 57021, "Utility_Name": "FRV AE Solar LLC", "sector_name": "IPP Non-CHP", "Street_Address": "18580 FM 969", "City": "Manor", "County": "Travis", "State": "Texas", "Zip": 78653, "PrimSource": "solar", "source_desc": "Solar = 30 MW", "tech_desc": "Solar Photovoltaic", "Install_MW": 30.0, "Total_MW": 30.0, "Bat_MW": null, "Bio_MW": null, "Coal_MW": null, "Geo_MW": null, "Hydro_MW": null, "HydroPS_MW": null, "NG_MW": null, "Nuclear_MW": null, "Crude_MW": null, "Solar_MW": 30.0, "Wind_MW": null, "Other_MW": null, "Source": "EIA-860, EIA-860M and EIA-923", "Period": "202311", "Longitude": -97.508812, "Latitude": 30.238492 }, "geometry": { "type": "Point", "coordinates": [ -97.508812000026595, 30.238491999847099 ] } },
{ "type": "Feature", "properties": { "OBJECTID": 28758, "Plant_Code": 57751, "Plant_Name": "Los Vientos Wind 1A", "Utility_ID": 65411, "Utility_Name": "Duke Energy Renewables Services", "sector_name": "IPP Non-CHP", "Street_Address": "4545 FM 507", "City": "Sebastian", "County": "Cameron", "State": "Texas", "Zip": 78594, "PrimSource": "wind", "source_desc": "Wind = 200 MW", "tech_desc": "Onshore Wind Turbine", "Install_MW": 200.0, "Total_MW": 200.0, "Bat_MW": null, "Bio_MW": null, "Coal_MW": null, "Geo_MW": null, "Hydro_MW": null, "HydroPS_MW": null, "NG_MW": null, "Nuclear_MW": null, "Crude_MW": null, "Solar_MW": null, "Wind_MW": 200.0, "Other_MW": null, "Source": "EIA-860, EIA-860M and EIA-923", "Period": "202311", "Longitude": -97.5857, "Latitude": 26.33072 }, "geometry": { "type": "Point", "coordinates": [ -97.585699999953704, 26.330719999646298 ] } },
{ "type": "Feature", "properties": { "OBJECTID": 28759, "Plant_Code": 57752, "Plant_Name": "Los Vientos Wind 1B", "Utility_ID": 65411, "Utility_Name": "Duke Energy Renewables Services", "sector_name": "IPP Non-CHP", "Street_Address": "4545 FM 507", "City": "Sebastian", "County": "Cameron", "State": "Texas", "Zip": 78594, "PrimSource": "wind", "source_desc": "Wind = 201.6 MW", "tech_desc": "Onshore Wind Turbine", "Install_MW": 201.6, "Total_MW": 201.6, "Bat_MW": null, "Bio_MW": null, "Coal_MW": null, "Geo_MW": null, "Hydro_MW": null, "HydroPS_MW": null, "NG_MW": null, "Nuclear_MW": null, "Crude_MW": null, "Solar_MW": null, "Wind_MW": 201.6, "Other_MW": null, "Source": "EIA-860, EIA-860M and EIA-923", "Period": "202311", "Longitude": -97.6668, "Latitude": 26.34892 }, "geometry": { "type": "Point", "coordinates": [ -97.666799999923697, 26.3489200001525 ] } },
{ "type": "Feature", "properties": { "OBJECTID": 28805, "Plant_Code": 57802, "Plant_Name": "Magic Valley Wind Farm I LLC", "Utility_ID": 56215, "Utility_Name": "RWE Renewables Americas, LLC", "sector_name": "IPP Non-CHP", "Street_Address": "12550 Pennington Road", "City": "San Perlita", "County": "Willacy", "State": "Texas", "Zip": 78590, "PrimSource": "wind", "source_desc": "Wind = 203 MW", "tech_desc": "Onshore Wind Turbine", "Install_MW": 203.0, "Total_MW": 203.0, "Bat_MW": null, "Bio_MW": null, "Coal_MW": null, "Geo_MW": null, "Hydro_MW": null, "HydroPS_MW": null, "NG_MW": null, "Nuclear_MW": null, "Crude_MW": null, "Solar_MW": null, "Wind_MW": 203.0, "Other_MW": null, "Source": "EIA-860, EIA-860M and EIA-923", "Period": "202311", "Longitude": -97.691111, "Latitude": 26.475278 }, "geometry": { "type": "Point", "coordinates": [ -97.691110999558305, 26.4752780003415 ] } },
{ "type": "Feature", "properties": { "OBJECTID": 28855, "Plant_Code": 57865, "Plant_Name": "Antelope Station", "Utility_ID": 7349, "Utility_Name": "Golden Spread Electric Cooperative, Inc", "sector_name": "Electric Utility", "Street_Address": "1454 CR 315", "City": "Abernathy", "County": "Hale", "State": "Texas", "Zip": 79311, "PrimSource": "natural gas", "source_desc": "Natural Gas = 158.9 MW", "tech_desc": "Natural Gas Internal Combustion Engine", "Install_MW": 167.4, "Total_MW": 158.9, "Bat_MW": null, "Bio_MW": null, "Coal_MW": null, "Geo_MW": null, "Hydro_MW": null, "HydroPS_MW": null, "NG_MW": 158.9, "Nuclear_MW": null, "Crude_MW": null, "Solar_MW": null, "Wind_MW": null, "Other_MW": null, "Source": "EIA-860, EIA-860M and EIA-923", "Period": "202311", "Longitude": -101.843333, "Latitude": 33.865 }, "geometry": { "type": "Point", "coordinates": [ -101.843332999552999, 33.864999999739602 ] } },
{ "type": "Feature", "properties": { "OBJECTID": 28856, "Plant_Code": 57866, "Plant_Name": "Golden Spread Panhandle Wnd Rch", "Utility_ID": 7349, "Utility_Name": "Golden Spread Electric Cooperative, Inc", "sector_name": "Electric Utility", "Street_Address": "6514 CR 50", "City": "Wilderado", "County": "Oldham", "State": "Texas", "Zip": 79098, "PrimSource": "wind", "source_desc": "Wind = 78.2 MW", "tech_desc": "Onshore Wind Turbine", "Install_MW": 78.2, "Total_MW": 78.2, "Bat_MW": null, "Bio_MW": null, "Coal_MW": null, "Geo_MW": null, "Hydro_MW": null, "HydroPS_MW": null, "NG_MW": null, "Nuclear_MW": null, "Crude_MW": null, "Solar_MW": null, "Wind_MW": 78.2, "Other_MW": null, "Source": "EIA-860, EIA-860M and EIA-923", "Period": "202311", "Longitude": -102.21, "Latitude": 35.243611 }, "geometry": { "type": "Point", "coordinates": [ -102.210000000175, 35.243611000154097 ] } },
{ "type": "Feature", "properties": { "OBJECTID": 28901, "Plant_Code": 57927, "Plant_Name": "Baffin Wind", "Utility_ID": 15399, "Utility_Name": "Avangrid Renewables LLC", "sector_name": "IPP Non-CHP", "Street_Address": "581 S Highway 77", "City": "Sarita", "County": "Kenedy", "State": "Texas", "Zip": 78385, "PrimSource": "wind", "source_desc": "Wind = 188 MW", "tech_desc": "Onshore Wind Turbine", "Install_MW": 188.0, "Total_MW": 188.0, "Bat_MW": null, "Bio_MW": null, "Coal_MW": null, "Geo_MW": null, "Hydro_MW": null, "HydroPS_MW": null, "NG_MW": null, "Nuclear_MW": null, "Crude_MW": null, "Solar_MW": null, "Wind_MW": 188.0, "Other_MW": null, "Source": "EIA-860, EIA-860M and EIA-923", "Period": "202311", "Longitude": -97.59818, "Latitude": 27.184652 }, "geometry": { "type": "Point", "coordinates": [ -97.598180000446803, 27.184651999696101 ] } },
{ "type": "Feature", "properties": { "OBJECTID": 28934, "Plant_Code": 57973, "Plant_Name": "Spinning Spur Wind LLC", "Utility_ID": 57170, "Utility_Name": "EDF Renewable Asset Holdings, Inc.", "sector_name": "IPP Non-CHP", "Street_Address": "111 County Road F", "City": "Vegas", "County": "Oldham", "State": "Texas", "Zip": 79092, "PrimSource": "wind", "source_desc": "Wind = 161 MW", "tech_desc": "Onshore Wind Turbine", "Install_MW": 161.0, "Total_MW": 161.0, "Bat_MW": null, "Bio_MW": null, "Coal_MW": null, "Geo_MW": null, "Hydro_MW": null, "HydroPS_MW": null, "NG_MW": null, "Nuclear_MW": null, "Crude_MW": null, "Solar_MW": null, "Wind_MW": 161.0, "Other_MW": null, "Source": "EIA-860, EIA-860M and EIA-923", "Period": "202311", "Longitude": -102.203056, "Latitude": 35.2375 }, "geometry": { "type": "Point", "coordinates": [ -102.203055999672998, 35.237499999727703 ] } },
{ "type": "Feature", "properties": { "OBJECTID": 28935, "Plant_Code": 57974, "Plant_Name": "Bobcat Bluff Wind Project LLC", "Utility_ID": 57170, "Utility_Name": "EDF Renewable Asset Holdings, Inc.", "sector_name": "IPP Non-CHP", "Street_Address": "1354 Cowan Rd", "City": "Archer", "County": "Archer", "State": "Texas", "Zip": 76351, "PrimSource": "wind", "source_desc": "Wind = 161 MW", "tech_desc": "Onshore Wind Turbine", "Install_MW": 161.0, "Total_MW": 161.0, "Bat_MW": null, "Bio_MW": null, "Coal_MW": null, "Geo_MW": null, "Hydro_MW": null, "HydroPS_MW": null, "NG_MW": null, "Nuclear_MW": null, "Crude_MW": null, "Solar_MW": null, "Wind_MW": 161.0, "Other_MW": null, "Source": "EIA-860, EIA-860M and EIA-923", "Period": "202311", "Longitude": -98.581944, "Latitude": 33.493056 }, "geometry": { "type": "Point", "coordinates": [ -98.581944000080796, 33.493055999626499 ] } },
{ "type": "Feature", "properties": { "OBJECTID": 28942, "Plant_Code": 57981, "Plant_Name": "Senate Wind LLC", "Utility_ID": 59050, "Utility_Name": "Algonquin Power Co", "sector_name": "IPP Non-CHP", "Street_Address": "1065 FM 1191 North", "City": "Bryson", "County": "Jack", "State": "Texas", "Zip": 76427, "PrimSource": "wind", "source_desc": "Wind = 150 MW", "tech_desc": "Onshore Wind Turbine", "Install_MW": 150.0, "Total_MW": 150.0, "Bat_MW": null, "Bio_MW": null, "Coal_MW": null, "Geo_MW": null, "Hydro_MW": null, "HydroPS_MW": null, "NG_MW": null, "Nuclear_MW": null, "Crude_MW": null, "Solar_MW": null, "Wind_MW": 150.0, "Other_MW": null, "Source": "EIA-860, EIA-860M and EIA-923", "Period": "202311", "Longitude": -98.365069, "Latitude": 33.205801 }, "geometry": { "type": "Point", "coordinates": [ -98.365068999773399, 33.205800999838601 ] } },
{ "type": "Feature", "properties": { "OBJECTID": 28944, "Plant_Code": 57983, "Plant_Name": "Stephens Ranch Wind Energy LLC", "Utility_ID": 57355, "Utility_Name": "Stephens Ranch Wind Energy LLC", "sector_name": "IPP Non-CHP", "Street_Address": "2186 County Road 131", "City": "O'Donnell", "County": "Borden", "State": "Texas", "Zip": 79351, "PrimSource": "wind", "source_desc": "Wind = 376 MW", "tech_desc": "Onshore Wind Turbine", "Install_MW": 376.0, "Total_MW": 376.0, "Bat_MW": null, "Bio_MW": null, "Coal_MW": null, "Geo_MW": null, "Hydro_MW": null, "HydroPS_MW": null, "NG_MW": null, "Nuclear_MW": null, "Crude_MW": null, "Solar_MW": null, "Wind_MW": 376.0, "Other_MW": null, "Source": "EIA-860, EIA-860M and EIA-923", "Period": "202311", "Longitude": -101.647778, "Latitude": 32.926389 }, "geometry": { "type": "Point", "coordinates": [ -101.647777999751, 32.926388999795002 ] } },
{ "type": "Feature", "properties": { "OBJECTID": 28961, "Plant_Code": 58000, "Plant_Name": "Anacacho Wind Farm, LLC", "Utility_ID": 56215, "Utility_Name": "RWE Renewables Americas, LLC", "sector_name": "IPP Non-CHP", "Street_Address": "15542 Ranch Road 1572", "City": "Brackettville", "County": "Kinney", "State": "Texas", "Zip": 78832, "PrimSource": "wind", "source_desc": "Wind = 99.8 MW", "tech_desc": "Onshore Wind Turbine", "Install_MW": 99.8, "Total_MW": 99.8, "Bat_MW": null, "Bio_MW": null, "Coal_MW": null, "Geo_MW": null, "Hydro_MW": null, "HydroPS_MW": null, "NG_MW": null, "Nuclear_MW": null, "Crude_MW": null, "Solar_MW": null, "Wind_MW": 99.8, "Other_MW": null, "Source": "EIA-860, EIA-860M and EIA-923", "Period": "202311", "Longitude": -100.209167, "Latitude": 29.234722 }, "geometry": { "type": "Point", "coordinates": [ -100.209167000375999, 29.2347220000356 ] } },
{ "type": "Feature", "properties": { "OBJECTID": 28962, "Plant_Code": 58001, "Plant_Name": "Panda Temple Power Station", "Utility_ID": 57377, "Utility_Name": "PPG - O&M Panda Temple Power LLC", "sector_name": "IPP Non-CHP", "Street_Address": "2892 Panda Drive", "City": "Temple", "County": "Bell", "State": "Texas", "Zip": 76501, "PrimSource": "natural gas", "source_desc": "Natural Gas = 1556 MW", "tech_desc": "Natural Gas Fired Combined Cycle", "Install_MW": 1606.4, "Total_MW": 1556.0, "Bat_MW": null, "Bio_MW": null, "Coal_MW": null, "Geo_MW": null, "Hydro_MW": null, "HydroPS_MW": null, "NG_MW": 1556.0, "Nuclear_MW": null, "Crude_MW": null, "Solar_MW": null, "Wind_MW": null, "Other_MW": null, "Source": "EIA-860, EIA-860M and EIA-923", "Period": "202311", "Longitude": -97.317222, "Latitude": 31.055833 }, "geometry": { "type": "Point", "coordinates": [ -97.317222000395603, 31.055832999760302 ] } },
{ "type": "Feature", "properties": { "OBJECTID": 28966, "Plant_Code": 58005, "Plant_Name": "Rayburn Energy Station LLC", "Utility_ID": 65856, "Utility_Name": null, "sector_name": "IPP Non-CHP", "Street_Address": "510 Progress Drive", "City": "Sherman", "County": "Grayson", "State": "Texas", "Zip": 75092, "PrimSource": "natural gas", "source_desc": "Natural Gas = 685 MW", "tech_desc": "Natural Gas Fired Combined Cycle", "Install_MW": 803.2, "Total_MW": 685.0, "Bat_MW": null, "Bio_MW": null, "Coal_MW": null, "Geo_MW": null, "Hydro_MW": null, "HydroPS_MW": null, "NG_MW": 685.0, "Nuclear_MW": null, "Crude_MW": null, "Solar_MW": null, "Wind_MW": null, "Other_MW": null, "Source": "EIA-860, EIA-860M and EIA-923", "Period": "202311", "Longitude": -96.617893, "Latitude": 33.582573 }, "geometry": { "type": "Point", "coordinates": [ -96.617893000188701, 33.5825729997051 ] } },
{ "type": "Feature", "properties": { "OBJECTID": 28970, "Plant_Code": 58009, "Plant_Name": "SunE CPS3 LLC", "Utility_ID": 57386, "Utility_Name": "SunE CPS3 LLC", "sector_name": "IPP Non-CHP", "Street_Address": "8719 S FM 2790", "City": "Somerset", "County": "Bexar", "State": "Texas", "Zip": 78069, "PrimSource": "solar", "source_desc": "Solar = 10.6 MW", "tech_desc": "Solar Photovoltaic", "Install_MW": 10.6, "Total_MW": 10.6, "Bat_MW": null, "Bio_MW": null, "Coal_MW": null, "Geo_MW": null, "Hydro_MW": null, "HydroPS_MW": null, "NG_MW": null, "Nuclear_MW": null, "Crude_MW": null, "Solar_MW": 10.6, "Wind_MW": null, "Other_MW": null, "Source": "EIA-860, EIA-860M and EIA-923", "Period": "202311", "Longitude": -98.669167, "Latitude": 29.221944 }, "geometry": { "type": "Point", "coordinates": [ -98.669166999672399, 29.221944000295601 ] } },
{ "type": "Feature", "properties": { "OBJECTID": 28974, "Plant_Code": 58013, "Plant_Name": "IKEA Round Rock 027", "Utility_ID": 57389, "Utility_Name": "IKEA Property Inc", "sector_name": "Commercial Non-CHP", "Street_Address": "1 IKEA Way", "City": "Round Rock", "County": "Williamson", "State": "Texas", "Zip": 78664, "PrimSource": "solar", "source_desc": "Solar = 1.3 MW", "tech_desc": "Solar Photovoltaic", "Install_MW": 1.4, "Total_MW": 1.3, "Bat_MW": null, "Bio_MW": null, "Coal_MW": null, "Geo_MW": null, "Hydro_MW": null, "HydroPS_MW": null, "NG_MW": null, "Nuclear_MW": null, "Crude_MW": null, "Solar_MW": 1.3, "Wind_MW": null, "Other_MW": null, "Source": "EIA-860, EIA-860M and EIA-923", "Period": "202311", "Longitude": -97.690286, "Latitude": 30.557044 }, "geometry": { "type": "Point", "coordinates": [ -97.690286000276103, 30.557044000307901 ] } },
{ "type": "Feature", "properties": { "OBJECTID": 28982, "Plant_Code": 58021, "Plant_Name": "Whitetail", "Utility_ID": 57398, "Utility_Name": "Whitetail Wind Energy, LLC", "sector_name": "IPP Non-CHP", "Street_Address": "1462 Wellhausen Rd", "City": "Oilton", "County": "Webb", "State": "Texas", "Zip": 78731, "PrimSource": "wind", "source_desc": "Wind = 91.2 MW", "tech_desc": "Onshore Wind Turbine", "Install_MW": 92.0, "Total_MW": 91.2, "Bat_MW": null, "Bio_MW": null, "Coal_MW": null, "Geo_MW": null, "Hydro_MW": null, "HydroPS_MW": null, "NG_MW": null, "Nuclear_MW": null, "Crude_MW": null, "Solar_MW": null, "Wind_MW": 91.2, "Other_MW": null, "Source": "EIA-860, EIA-860M and EIA-923", "Period": "202311", "Longitude": -99.005278, "Latitude": 27.488056 }, "geometry": { "type": "Point", "coordinates": [ -99.005277999941697, 27.488055999627299 ] } },
{ "type": "Feature", "properties": { "OBJECTID": 28987, "Plant_Code": 58027, "Plant_Name": "SunE CPS2 LLC", "Utility_ID": 57403, "Utility_Name": "SunE CPS2 LLC", "sector_name": "IPP Non-CHP", "Street_Address": "3580 Valley Rd", "City": "San Antonio", "County": "Bexar", "State": "Texas", "Zip": 78221, "PrimSource": "solar", "source_desc": "Solar = 9.9 MW", "tech_desc": "Solar Photovoltaic", "Install_MW": 10.0, "Total_MW": 9.9, "Bat_MW": null, "Bio_MW": null, "Coal_MW": null, "Geo_MW": null, "Hydro_MW": null, "HydroPS_MW": null, "NG_MW": null, "Nuclear_MW": null, "Crude_MW": null, "Solar_MW": 9.9, "Wind_MW": null, "Other_MW": null, "Source": "EIA-860, EIA-860M and EIA-923", "Period": "202311", "Longitude": -98.418333, "Latitude": 29.245 }, "geometry": { "type": "Point", "coordinates": [ -98.418333000154206, 29.2450000000097 ] } },
{ "type": "Feature", "properties": { "OBJECTID": 29006, "Plant_Code": 58048, "Plant_Name": "BayWa r.e Mozart LLC", "Utility_ID": 57421, "Utility_Name": "Chopin Wind, LLC", "sector_name": "IPP Non-CHP", "Street_Address": "17839 Hwy 70", "City": "Jayton", "County": "Kent", "State": "Texas", "Zip": 79528, "PrimSource": "wind", "source_desc": "Wind = 30 MW", "tech_desc": "Onshore Wind Turbine", "Install_MW": 30.0, "Total_MW": 30.0, "Bat_MW": null, "Bio_MW": null, "Coal_MW": null, "Geo_MW": null, "Hydro_MW": null, "HydroPS_MW": null, "NG_MW": null, "Nuclear_MW": null, "Crude_MW": null, "Solar_MW": null, "Wind_MW": 30.0, "Other_MW": null, "Source": "EIA-860, EIA-860M and EIA-923", "Period": "202311", "Longitude": -100.524167, "Latitude": 32.969722 }, "geometry": { "type": "Point", "coordinates": [ -100.524167000377005, 32.969722000274999 ] } },
{ "type": "Feature", "properties": { "OBJECTID": 29021, "Plant_Code": 58068, "Plant_Name": "SunE CPS1 LLC", "Utility_ID": 57419, "Utility_Name": "SunE CPS1 LLC", "sector_name": "IPP Non-CHP", "Street_Address": "4000 Rabel Road", "City": "San Antonio", "County": "Bexar", "State": "Texas", "Zip": 78221, "PrimSource": "solar", "source_desc": "Solar = 9.9 MW", "tech_desc": "Solar Photovoltaic", "Install_MW": 10.0, "Total_MW": 9.9, "Bat_MW": null, "Bio_MW": null, "Coal_MW": null, "Geo_MW": null, "Hydro_MW": null, "HydroPS_MW": null, "NG_MW": null, "Nuclear_MW": null, "Crude_MW": null, "Solar_MW": 9.9, "Wind_MW": null, "Other_MW": null, "Source": "EIA-860, EIA-860M and EIA-923", "Period": "202311", "Longitude": -98.418333, "Latitude": 29.245 }, "geometry": { "type": "Point", "coordinates": [ -98.418333000154206, 29.2450000000097 ] } },
{ "type": "Feature", "properties": { "OBJECTID": 29022, "Plant_Code": 58069, "Plant_Name": "PRSI FCC Generator", "Utility_ID": 57445, "Utility_Name": "Pasadena Refining System Inc", "sector_name": "Industrial CHP", "Street_Address": "111 Red Bluff Road", "City": "Pasadena", "County": "Harris", "State": "Texas", "Zip": 77506, "PrimSource": "petroleum", "source_desc": "Petroleum = 3 MW", "tech_desc": "Petroleum Coke", "Install_MW": 4.7, "Total_MW": 3.0, "Bat_MW": null, "Bio_MW": null, "Coal_MW": null, "Geo_MW": null, "Hydro_MW": null, "HydroPS_MW": null, "NG_MW": null, "Nuclear_MW": null, "Crude_MW": 3.0, "Solar_MW": null, "Wind_MW": null, "Other_MW": null, "Source": "EIA-860, EIA-860M and EIA-923", "Period": "202311", "Longitude": -95.210278, "Latitude": 29.723333 }, "geometry": { "type": "Point", "coordinates": [ -95.210277999586594, 29.723333000119599 ] } },
{ "type": "Feature", "properties": { "OBJECTID": 29031, "Plant_Code": 58080, "Plant_Name": "Wolf Ridge Wind", "Utility_ID": 57460, "Utility_Name": "NextEra Wolf Ridge LLC", "sector_name": "IPP Non-CHP", "Street_Address": "1923 CR 431", "City": "Muenster", "County": "Cooke", "State": "Texas", "Zip": 76252, "PrimSource": "wind", "source_desc": "Wind = 112.5 MW", "tech_desc": "Onshore Wind Turbine", "Install_MW": 112.5, "Total_MW": 112.5, "Bat_MW": null, "Bio_MW": null, "Coal_MW": null, "Geo_MW": null, "Hydro_MW": null, "HydroPS_MW": null, "NG_MW": null, "Nuclear_MW": null, "Crude_MW": null, "Solar_MW": null, "Wind_MW": 112.5, "Other_MW": null, "Source": "EIA-860, EIA-860M and EIA-923", "Period": "202311", "Longitude": -97.428406, "Latitude": 33.733006 }, "geometry": { "type": "Point", "coordinates": [ -97.4284059998175, 33.733006000101398 ] } },
{ "type": "Feature", "properties": { "OBJECTID": 29092, "Plant_Code": 58151, "Plant_Name": "Central Utility Plant - Texas A&M", "Utility_ID": 58113, "Utility_Name": "Texas A&M, Utilities & Energy Services", "sector_name": "Commercial CHP", "Street_Address": "496 Asbury", "City": "College Station", "County": "Brazos", "State": "Texas", "Zip": 77843, "PrimSource": "natural gas", "source_desc": "Natural Gas = 43.4 MW", "tech_desc": "Natural Gas Fired Combined Cycle", "Install_MW": 45.1, "Total_MW": 43.4, "Bat_MW": null, "Bio_MW": null, "Coal_MW": null, "Geo_MW": null, "Hydro_MW": null, "HydroPS_MW": null, "NG_MW": 43.4, "Nuclear_MW": null, "Crude_MW": null, "Solar_MW": null, "Wind_MW": null, "Other_MW": null, "Source": "EIA-860, EIA-860M and EIA-923", "Period": "202311", "Longitude": -96.343333, "Latitude": 30.617778 }, "geometry": { "type": "Point", "coordinates": [ -96.343333000118704, 30.617777999776401 ] } },
{ "type": "Feature", "properties": { "OBJECTID": 29103, "Plant_Code": 58162, "Plant_Name": "Cirrus Wind 1 LLC", "Utility_ID": 58134, "Utility_Name": "Cirrus Wind 1 LLC", "sector_name": "IPP Non-CHP", "Street_Address": "2609 County Road BB", "City": "Tahoka", "County": "Lynn", "State": "Texas", "Zip": 79373, "PrimSource": "wind", "source_desc": "Wind = 61.2 MW", "tech_desc": "Onshore Wind Turbine", "Install_MW": 61.2, "Total_MW": 61.2, "Bat_MW": null, "Bio_MW": null, "Coal_MW": null, "Geo_MW": null, "Hydro_MW": null, "HydroPS_MW": null, "NG_MW": null, "Nuclear_MW": null, "Crude_MW": null, "Solar_MW": null, "Wind_MW": 61.2, "Other_MW": null, "Source": "EIA-860, EIA-860M and EIA-923", "Period": "202311", "Longitude": -101.6875, "Latitude": 33.033056 }, "geometry": { "type": "Point", "coordinates": [ -101.687499999631996, 33.033055999868701 ] } },
{ "type": "Feature", "properties": { "OBJECTID": 29170, "Plant_Code": 58242, "Plant_Name": "Pattern Panhandle Wind LLC", "Utility_ID": 56545, "Utility_Name": "Pattern Operators LP", "sector_name": "IPP Non-CHP", "Street_Address": "1797 FM 2385", "City": "Panhandle", "County": "Carson", "State": "Texas", "Zip": 79068, "PrimSource": "wind", "source_desc": "Wind = 218 MW", "tech_desc": "Onshore Wind Turbine", "Install_MW": 218.0, "Total_MW": 218.0, "Bat_MW": null, "Bio_MW": null, "Coal_MW": null, "Geo_MW": null, "Hydro_MW": null, "HydroPS_MW": null, "NG_MW": null, "Nuclear_MW": null, "Crude_MW": null, "Solar_MW": null, "Wind_MW": 218.0, "Other_MW": null, "Source": "EIA-860, EIA-860M and EIA-923", "Period": "202311", "Longitude": -101.253056, "Latitude": 35.4275 }, "geometry": { "type": "Point", "coordinates": [ -101.253056000154004, 35.427499999919497 ] } },
{ "type": "Feature", "properties": { "OBJECTID": 29238, "Plant_Code": 58321, "Plant_Name": "Goldthwaite Wind Energy Facility", "Utility_ID": 49893, "Utility_Name": "Invenergy Services LLC", "sector_name": "IPP Non-CHP", "Street_Address": "418 East Farm to Market Rd 572", "City": "Goldthwaite", "County": "Mills", "State": "Texas", "Zip": 76844, "PrimSource": "wind", "source_desc": "Wind = 150 MW", "tech_desc": "Onshore Wind Turbine", "Install_MW": 150.0, "Total_MW": 150.0, "Bat_MW": null, "Bio_MW": null, "Coal_MW": null, "Geo_MW": null, "Hydro_MW": null, "HydroPS_MW": null, "NG_MW": null, "Nuclear_MW": null, "Crude_MW": null, "Solar_MW": null, "Wind_MW": 150.0, "Other_MW": null, "Source": "EIA-860, EIA-860M and EIA-923", "Period": "202311", "Longitude": -98.466667, "Latitude": 31.383333 }, "geometry": { "type": "Point", "coordinates": [ -98.466667000441703, 31.383332999923901 ] } },
{ "type": "Feature", "properties": { "OBJECTID": 29279, "Plant_Code": 58363, "Plant_Name": "Majestic II Wind", "Utility_ID": 58353, "Utility_Name": "NextEra Energy Majestic Wind", "sector_name": "IPP Non-CHP", "Street_Address": "580 FM 1342", "City": "Panhandle", "County": "Carson", "State": "Texas", "Zip": 79068, "PrimSource": "wind", "source_desc": "Wind = 79.6 MW", "tech_desc": "Onshore Wind Turbine", "Install_MW": 79.6, "Total_MW": 79.6, "Bat_MW": null, "Bio_MW": null, "Coal_MW": null, "Geo_MW": null, "Hydro_MW": null, "HydroPS_MW": null, "NG_MW": null, "Nuclear_MW": null, "Crude_MW": null, "Solar_MW": null, "Wind_MW": 79.6, "Other_MW": null, "Source": "EIA-860, EIA-860M and EIA-923", "Period": "202311", "Longitude": -101.578572, "Latitude": 35.386038 }, "geometry": { "type": "Point", "coordinates": [ -101.578571999570002, 35.386037999787902 ] } },
{ "type": "Feature", "properties": { "OBJECTID": 29285, "Plant_Code": 58372, "Plant_Name": "Blue Summit Wind LLC", "Utility_ID": 58360, "Utility_Name": "Blue Summit Wind LLC", "sector_name": "IPP Non-CHP", "Street_Address": "17301 CR 97N", "City": "Vernon", "County": "Wilbarger", "State": "Texas", "Zip": 76384, "PrimSource": "wind", "source_desc": "Wind = 135.4 MW", "tech_desc": "Onshore Wind Turbine", "Install_MW": 135.4, "Total_MW": 135.4, "Bat_MW": null, "Bio_MW": null, "Coal_MW": null, "Geo_MW": null, "Hydro_MW": null, "HydroPS_MW": null, "NG_MW": null, "Nuclear_MW": null, "Crude_MW": null, "Solar_MW": null, "Wind_MW": 135.4, "Other_MW": null, "Source": "EIA-860, EIA-860M and EIA-923", "Period": "202311", "Longitude": -99.367734, "Latitude": 34.292913 }, "geometry": { "type": "Point", "coordinates": [ -99.367734000346204, 34.292913000087701 ] } },
{ "type": "Feature", "properties": { "OBJECTID": 29291, "Plant_Code": 58378, "Plant_Name": "W.A. Parish Carbon Capture Plant", "Utility_ID": 58365, "Utility_Name": "Petra Nova Power I LLC", "sector_name": "IPP CHP", "Street_Address": "2500 Y.U. Jones Road", "City": "Thompsons", "County": "Fort Bend", "State": "Texas", "Zip": 77481, "PrimSource": "natural gas", "source_desc": "Natural Gas = 74 MW", "tech_desc": "Natural Gas Fired Combustion Turbine", "Install_MW": 82.2, "Total_MW": 74.0, "Bat_MW": null, "Bio_MW": null, "Coal_MW": null, "Geo_MW": null, "Hydro_MW": null, "HydroPS_MW": null, "NG_MW": 74.0, "Nuclear_MW": null, "Crude_MW": null, "Solar_MW": null, "Wind_MW": null, "Other_MW": null, "Source": "EIA-860, EIA-860M and EIA-923", "Period": "202311", "Longitude": -95.634167, "Latitude": 29.475278 }, "geometry": { "type": "Point", "coordinates": [ -95.634167000189706, 29.475278000054001 ] } },
{ "type": "Feature", "properties": { "OBJECTID": 29315, "Plant_Code": 58404, "Plant_Name": "Pantex", "Utility_ID": 58388, "Utility_Name": "Pantex (NNSA)", "sector_name": "Commercial Non-CHP", "Street_Address": "FM 2373 and Highway 60", "City": "Amarillo", "County": "Carson", "State": "Texas", "Zip": 79120, "PrimSource": "wind", "source_desc": "Wind = 11.5 MW", "tech_desc": "Onshore Wind Turbine", "Install_MW": 11.5, "Total_MW": 11.5, "Bat_MW": null, "Bio_MW": null, "Coal_MW": null, "Geo_MW": null, "Hydro_MW": null, "HydroPS_MW": null, "NG_MW": null, "Nuclear_MW": null, "Crude_MW": null, "Solar_MW": null, "Wind_MW": 11.5, "Other_MW": null, "Source": "EIA-860, EIA-860M and EIA-923", "Period": "202311", "Longitude": -101.5325, "Latitude": 35.322778 }, "geometry": { "type": "Point", "coordinates": [ -101.532500000287001, 35.322778000188201 ] } },
{ "type": "Feature", "properties": { "OBJECTID": 29373, "Plant_Code": 58471, "Plant_Name": "Ector County Energy Center", "Utility_ID": 65431, "Utility_Name": "Ector County Generation, LLC", "sector_name": "IPP Non-CHP", "Street_Address": "SW 3601 1 MW NW of Holt Road", "City": "Goldsmith", "County": "Ector", "State": "Texas", "Zip": 79741, "PrimSource": "natural gas", "source_desc": "Natural Gas = 300 MW", "tech_desc": "Natural Gas Fired Combustion Turbine", "Install_MW": 358.8, "Total_MW": 300.0, "Bat_MW": null, "Bio_MW": null, "Coal_MW": null, "Geo_MW": null, "Hydro_MW": null, "HydroPS_MW": null, "NG_MW": 300.0, "Nuclear_MW": null, "Crude_MW": null, "Solar_MW": null, "Wind_MW": null, "Other_MW": null, "Source": "EIA-860, EIA-860M and EIA-923", "Period": "202311", "Longitude": -102.585556, "Latitude": 32.069167 }, "geometry": { "type": "Point", "coordinates": [ -102.585556000316004, 32.069166999653703 ] } },
{ "type": "Feature", "properties": { "OBJECTID": 29389, "Plant_Code": 58488, "Plant_Name": "Bryan Solar, LLC", "Utility_ID": 61944, "Utility_Name": "MN8 Energy LLC", "sector_name": "IPP Non-CHP", "Street_Address": "3400 Rancho Rd", "City": "Presidio", "County": "Presidio", "State": "Texas", "Zip": 79845, "PrimSource": "solar", "source_desc": "Solar = 10 MW", "tech_desc": "Solar Photovoltaic", "Install_MW": 10.0, "Total_MW": 10.0, "Bat_MW": null, "Bio_MW": null, "Coal_MW": null, "Geo_MW": null, "Hydro_MW": null, "HydroPS_MW": null, "NG_MW": null, "Nuclear_MW": null, "Crude_MW": null, "Solar_MW": 10.0, "Wind_MW": null, "Other_MW": null, "Source": "EIA-860, EIA-860M and EIA-923", "Period": "202311", "Longitude": -104.3, "Latitude": 29.6 }, "geometry": { "type": "Point", "coordinates": [ -104.299999999655, 29.5999999997019 ] } },
{ "type": "Feature", "properties": { "OBJECTID": 29435, "Plant_Code": 58537, "Plant_Name": "OCI Alamo Solar I Hybrid", "Utility_ID": 58489, "Utility_Name": "OCI Solar Power", "sector_name": "IPP Non-CHP", "Street_Address": "14984 South Blue Wing Road", "City": "San Antonio", "County": "Bexar", "State": "Texas", "Zip": 78204, "PrimSource": "solar", "source_desc": "Solar = 40.7 MW", "tech_desc": "Solar Photovoltaic", "Install_MW": 40.7, "Total_MW": 40.7, "Bat_MW": null, "Bio_MW": null, "Coal_MW": null, "Geo_MW": null, "Hydro_MW": null, "HydroPS_MW": null, "NG_MW": null, "Nuclear_MW": null, "Crude_MW": null, "Solar_MW": 40.7, "Wind_MW": null, "Other_MW": null, "Source": "EIA-860, EIA-860M and EIA-923", "Period": "202311", "Longitude": -98.444722, "Latitude": 29.271667 }, "geometry": { "type": "Point", "coordinates": [ -98.444721999772, 29.271666999611998 ] } },
{ "type": "Feature", "properties": { "OBJECTID": 29459, "Plant_Code": 58562, "Plant_Name": "Montana Power Station", "Utility_ID": 5701, "Utility_Name": "El Paso Electric Co", "sector_name": "Electric Utility", "Street_Address": "13511 B Montana Ave", "City": "El Paso", "County": "El Paso", "State": "Texas", "Zip": 79938, "PrimSource": "natural gas", "source_desc": "Natural Gas = 352 MW", "tech_desc": "Natural Gas Fired Combustion Turbine", "Install_MW": 527.2, "Total_MW": 352.0, "Bat_MW": null, "Bio_MW": null, "Coal_MW": null, "Geo_MW": null, "Hydro_MW": null, "HydroPS_MW": null, "NG_MW": 352.0, "Nuclear_MW": null, "Crude_MW": null, "Solar_MW": null, "Wind_MW": null, "Other_MW": null, "Source": "EIA-860, EIA-860M and EIA-923", "Period": "202311", "Longitude": -106.211944, "Latitude": 31.823889 }, "geometry": { "type": "Point", "coordinates": [ -106.211943999607996, 31.823888999946899 ] } },
{ "type": "Feature", "properties": { "OBJECTID": 29488, "Plant_Code": 58596, "Plant_Name": "Grandview Wind Farm, LLC", "Utility_ID": 56215, "Utility_Name": "RWE Renewables Americas, LLC", "sector_name": "IPP Non-CHP", "Street_Address": "408 County Road R", "City": "Panhandle", "County": "Carson", "State": "Texas", "Zip": 79068, "PrimSource": "wind", "source_desc": "Wind = 211.2 MW", "tech_desc": "Onshore Wind Turbine", "Install_MW": 211.2, "Total_MW": 211.2, "Bat_MW": null, "Bio_MW": null, "Coal_MW": null, "Geo_MW": null, "Hydro_MW": null, "HydroPS_MW": null, "NG_MW": null, "Nuclear_MW": null, "Crude_MW": null, "Solar_MW": null, "Wind_MW": 211.2, "Other_MW": null, "Source": "EIA-860, EIA-860M and EIA-923", "Period": "202311", "Longitude": -101.310833, "Latitude": 35.238333 }, "geometry": { "type": "Point", "coordinates": [ -101.310832999978999, 35.238333000072899 ] } },
{ "type": "Feature", "properties": { "OBJECTID": 29504, "Plant_Code": 58614, "Plant_Name": "Patriot Wind Farm", "Utility_ID": 15399, "Utility_Name": "Avangrid Renewables LLC", "sector_name": "IPP Non-CHP", "Street_Address": "1338 CR 67", "City": "Bishop", "County": "Nueces", "State": "Texas", "Zip": 78343, "PrimSource": "wind", "source_desc": "Wind = 226.1 MW", "tech_desc": "Onshore Wind Turbine", "Install_MW": 226.1, "Total_MW": 226.1, "Bat_MW": null, "Bio_MW": null, "Coal_MW": null, "Geo_MW": null, "Hydro_MW": null, "HydroPS_MW": null, "NG_MW": null, "Nuclear_MW": null, "Crude_MW": null, "Solar_MW": null, "Wind_MW": 226.1, "Other_MW": null, "Source": "EIA-860, EIA-860M and EIA-923", "Period": "202311", "Longitude": -97.640077, "Latitude": 27.580489 }, "geometry": { "type": "Point", "coordinates": [ -97.640077000395095, 27.580488999679599 ] } },
{ "type": "Feature", "properties": { "OBJECTID": 29533, "Plant_Code": 58645, "Plant_Name": "RC Thomas Hydroelectric Project", "Utility_ID": 39347, "Utility_Name": "East Texas Electric Coop, Inc", "sector_name": "Electric Utility", "Street_Address": "NA", "City": "Livingston", "County": "Polk", "State": "Texas", "Zip": 77351, "PrimSource": "hydroelectric", "source_desc": "Hydroelectric = 26.1 MW", "tech_desc": "Conventional Hydroelectric", "Install_MW": 26.7, "Total_MW": 26.1, "Bat_MW": null, "Bio_MW": null, "Coal_MW": null, "Geo_MW": null, "Hydro_MW": 26.1, "HydroPS_MW": null, "NG_MW": null, "Nuclear_MW": null, "Crude_MW": null, "Solar_MW": null, "Wind_MW": null, "Other_MW": null, "Source": "EIA-860, EIA-860M and EIA-923", "Period": "202311", "Longitude": -95.01, "Latitude": 30.632222 }, "geometry": { "type": "Point", "coordinates": [ -95.010000000279206, 30.6322220001883 ] } },
{ "type": "Feature", "properties": { "OBJECTID": 29564, "Plant_Code": 58681, "Plant_Name": "Route 66 Wind Plant", "Utility_ID": 60453, "Utility_Name": "Onward Energy", "sector_name": "IPP Non-CHP", "Street_Address": "Farm To Market Road 2161", "City": "Panhandle", "County": "Carson", "State": "Texas", "Zip": 79068, "PrimSource": "wind", "source_desc": "Wind = 150 MW", "tech_desc": "Onshore Wind Turbine", "Install_MW": 150.0, "Total_MW": 150.0, "Bat_MW": null, "Bio_MW": null, "Coal_MW": null, "Geo_MW": null, "Hydro_MW": null, "HydroPS_MW": null, "NG_MW": null, "Nuclear_MW": null, "Crude_MW": null, "Solar_MW": null, "Wind_MW": 150.0, "Other_MW": null, "Source": "EIA-860, EIA-860M and EIA-923", "Period": "202311", "Longitude": -101.434167, "Latitude": 35.205278 }, "geometry": { "type": "Point", "coordinates": [ -101.434167000181006, 35.2052780003511 ] } },
{ "type": "Feature", "properties": { "OBJECTID": 29591, "Plant_Code": 58710, "Plant_Name": "Barilla Solar", "Utility_ID": 50123, "Utility_Name": "Leeward Asset Management, LLC", "sector_name": "IPP Non-CHP", "Street_Address": "Hovey Road", "City": "Fort Stockton", "County": "Pecos", "State": "Texas", "Zip": 79735, "PrimSource": "solar", "source_desc": "Solar = 30.2 MW", "tech_desc": "Solar Photovoltaic", "Install_MW": 30.2, "Total_MW": 30.2, "Bat_MW": null, "Bio_MW": null, "Coal_MW": null, "Geo_MW": null, "Hydro_MW": null, "HydroPS_MW": null, "NG_MW": null, "Nuclear_MW": null, "Crude_MW": null, "Solar_MW": 30.2, "Wind_MW": null, "Other_MW": null, "Source": "EIA-860, EIA-860M and EIA-923", "Period": "202311", "Longitude": -103.35, "Latitude": 30.96 }, "geometry": { "type": "Point", "coordinates": [ -103.350000000136006, 30.960000000168598 ] } },
{ "type": "Feature", "properties": { "OBJECTID": 29596, "Plant_Code": 58716, "Plant_Name": "OCI Alamo 2, LLC", "Utility_ID": 58489, "Utility_Name": "OCI Solar Power", "sector_name": "IPP Non-CHP", "Street_Address": "8203 Binz Engelman Road", "City": "Converse", "County": "Bexar", "State": "Texas", "Zip": 78109, "PrimSource": "solar", "source_desc": "Solar = 4.4 MW", "tech_desc": "Solar Photovoltaic", "Install_MW": 4.4, "Total_MW": 4.4, "Bat_MW": null, "Bio_MW": null, "Coal_MW": null, "Geo_MW": null, "Hydro_MW": null, "HydroPS_MW": null, "NG_MW": null, "Nuclear_MW": null, "Crude_MW": null, "Solar_MW": 4.4, "Wind_MW": null, "Other_MW": null, "Source": "EIA-860, EIA-860M and EIA-923", "Period": "202311", "Longitude": -98.331944, "Latitude": 29.469444 }, "geometry": { "type": "Point", "coordinates": [ -98.331944000065604, 29.4694439998859 ] } },
{ "type": "Feature", "properties": { "OBJECTID": 29597, "Plant_Code": 58717, "Plant_Name": "OCI Alamo 4, LLC", "Utility_ID": 56769, "Utility_Name": "Consolidated Edison Development Inc.", "sector_name": "IPP Non-CHP", "Street_Address": "Ranch to Market Road 334", "City": "Brackettville", "County": "Kinney", "State": "Texas", "Zip": 78837, "PrimSource": "solar", "source_desc": "Solar = 39.6 MW", "tech_desc": "Solar Photovoltaic", "Install_MW": 39.6, "Total_MW": 39.6, "Bat_MW": null, "Bio_MW": null, "Coal_MW": null, "Geo_MW": null, "Hydro_MW": null, "HydroPS_MW": null, "NG_MW": null, "Nuclear_MW": null, "Crude_MW": null, "Solar_MW": 39.6, "Wind_MW": null, "Other_MW": null, "Source": "EIA-860, EIA-860M and EIA-923", "Period": "202311", "Longitude": -98.29926, "Latitude": 29.47982 }, "geometry": { "type": "Point", "coordinates": [ -98.299260000398803, 29.479820000137 ] } },
{ "type": "Feature", "properties": { "OBJECTID": 29600, "Plant_Code": 58720, "Plant_Name": "Pattern Panhandle Wind 2 LLC", "Utility_ID": 56545, "Utility_Name": "Pattern Operators LP", "sector_name": "IPP Non-CHP", "Street_Address": "1797 FM 2385", "City": "Panhandle", "County": "Carson", "State": "Texas", "Zip": 79068, "PrimSource": "wind", "source_desc": "Wind = 181.7 MW", "tech_desc": "Onshore Wind Turbine", "Install_MW": 181.7, "Total_MW": 181.7, "Bat_MW": null, "Bio_MW": null, "Coal_MW": null, "Geo_MW": null, "Hydro_MW": null, "HydroPS_MW": null, "NG_MW": null, "Nuclear_MW": null, "Crude_MW": null, "Solar_MW": null, "Wind_MW": 181.7, "Other_MW": null, "Source": "EIA-860, EIA-860M and EIA-923", "Period": "202311", "Longitude": -101.372778, "Latitude": 35.442778 }, "geometry": { "type": "Point", "coordinates": [ -101.372778000362999, 35.442778000300798 ] } },
{ "type": "Feature", "properties": { "OBJECTID": 29629, "Plant_Code": 58765, "Plant_Name": "Miami Wind Energy Center", "Utility_ID": 49893, "Utility_Name": "Invenergy Services LLC", "sector_name": "IPP Non-CHP", "Street_Address": "3096 FM 1268", "City": "Miami", "County": "Roberts", "State": "Texas", "Zip": 79059, "PrimSource": "wind", "source_desc": "Wind = 288.6 MW", "tech_desc": "Onshore Wind Turbine", "Install_MW": 288.6, "Total_MW": 288.6, "Bat_MW": null, "Bio_MW": null, "Coal_MW": null, "Geo_MW": null, "Hydro_MW": null, "HydroPS_MW": null, "NG_MW": null, "Nuclear_MW": null, "Crude_MW": null, "Solar_MW": null, "Wind_MW": 288.6, "Other_MW": null, "Source": "EIA-860, EIA-860M and EIA-923", "Period": "202311", "Longitude": -100.538611, "Latitude": 35.653889 }, "geometry": { "type": "Point", "coordinates": [ -100.538611000152997, 35.653888999724103 ] } },
{ "type": "Feature", "properties": { "OBJECTID": 29630, "Plant_Code": 58766, "Plant_Name": "Wake Wind Energy Center", "Utility_ID": 17650, "Utility_Name": "Southern Power Co", "sector_name": "IPP Non-CHP", "Street_Address": "2895 FM 193", "City": "Floydada", "County": "Crosby", "State": "Texas", "Zip": 79235, "PrimSource": "wind", "source_desc": "Wind = 257 MW", "tech_desc": "Onshore Wind Turbine", "Install_MW": 257.3, "Total_MW": 257.0, "Bat_MW": null, "Bio_MW": null, "Coal_MW": null, "Geo_MW": null, "Hydro_MW": null, "HydroPS_MW": null, "NG_MW": null, "Nuclear_MW": null, "Crude_MW": null, "Solar_MW": null, "Wind_MW": 257.0, "Other_MW": null, "Source": "EIA-860, EIA-860M and EIA-923", "Period": "202311", "Longitude": -101.099722, "Latitude": 33.825 }, "geometry": { "type": "Point", "coordinates": [ -101.099722000165997, 33.825000000080003 ] } },
{ "type": "Feature", "properties": { "OBJECTID": 29636, "Plant_Code": 58772, "Plant_Name": "Longhorn Wind", "Utility_ID": 57170, "Utility_Name": "EDF Renewable Asset Holdings, Inc.", "sector_name": "IPP Non-CHP", "Street_Address": "120 CR 17", "City": "Silverton", "County": "Briscoe", "State": "Texas", "Zip": 79201, "PrimSource": "wind", "source_desc": "Wind = 200 MW", "tech_desc": "Onshore Wind Turbine", "Install_MW": 200.0, "Total_MW": 200.0, "Bat_MW": null, "Bio_MW": null, "Coal_MW": null, "Geo_MW": null, "Hydro_MW": null, "HydroPS_MW": null, "NG_MW": null, "Nuclear_MW": null, "Crude_MW": null, "Solar_MW": null, "Wind_MW": 200.0, "Other_MW": null, "Source": "EIA-860, EIA-860M and EIA-923", "Period": "202311", "Longitude": -101.251111, "Latitude": 34.311111 }, "geometry": { "type": "Point", "coordinates": [ -101.251111000240996, 34.311110999733401 ] } },
{ "type": "Feature", "properties": { "OBJECTID": 29637, "Plant_Code": 58773, "Plant_Name": "TX Hereford Wind", "Utility_ID": 57170, "Utility_Name": "EDF Renewable Asset Holdings, Inc.", "sector_name": "IPP Non-CHP", "Street_Address": "4501 FM 1259", "City": "Hereford", "County": "Deaf Smith", "State": "Texas", "Zip": 88116, "PrimSource": "wind", "source_desc": "Wind = 200 MW", "tech_desc": "Onshore Wind Turbine", "Install_MW": 200.0, "Total_MW": 200.0, "Bat_MW": null, "Bio_MW": null, "Coal_MW": null, "Geo_MW": null, "Hydro_MW": null, "HydroPS_MW": null, "NG_MW": null, "Nuclear_MW": null, "Crude_MW": null, "Solar_MW": null, "Wind_MW": 200.0, "Other_MW": null, "Source": "EIA-860, EIA-860M and EIA-923", "Period": "202311", "Longitude": -102.174444, "Latitude": 34.748056 }, "geometry": { "type": "Point", "coordinates": [ -102.174444000307005, 34.748056000224899 ] } },
{ "type": "Feature", "properties": { "OBJECTID": 29638, "Plant_Code": 58774, "Plant_Name": "Spinning Spur Wind II", "Utility_ID": 57170, "Utility_Name": "EDF Renewable Asset Holdings, Inc.", "sector_name": "IPP Non-CHP", "Street_Address": "6899 Windy Way Road", "City": "Adrian", "County": "Oldham", "State": "Texas", "Zip": 79001, "PrimSource": "wind", "source_desc": "Wind = 161 MW", "tech_desc": "Onshore Wind Turbine", "Install_MW": 161.0, "Total_MW": 161.0, "Bat_MW": null, "Bio_MW": null, "Coal_MW": null, "Geo_MW": null, "Hydro_MW": null, "HydroPS_MW": null, "NG_MW": null, "Nuclear_MW": null, "Crude_MW": null, "Solar_MW": null, "Wind_MW": 161.0, "Other_MW": null, "Source": "EIA-860, EIA-860M and EIA-923", "Period": "202311", "Longitude": -102.682778, "Latitude": 35.276944 }, "geometry": { "type": "Point", "coordinates": [ -102.682778000010998, 35.276943999777799 ] } },
{ "type": "Feature", "properties": { "OBJECTID": 29639, "Plant_Code": 58775, "Plant_Name": "Spinning Spur Wind III", "Utility_ID": 57170, "Utility_Name": "EDF Renewable Asset Holdings, Inc.", "sector_name": "IPP Non-CHP", "Street_Address": "6899 Windy Way Road", "City": "Adrian", "County": "Oldham", "State": "Texas", "Zip": 79001, "PrimSource": "wind", "source_desc": "Wind = 194 MW", "tech_desc": "Onshore Wind Turbine", "Install_MW": 194.0, "Total_MW": 194.0, "Bat_MW": null, "Bio_MW": null, "Coal_MW": null, "Geo_MW": null, "Hydro_MW": null, "HydroPS_MW": null, "NG_MW": null, "Nuclear_MW": null, "Crude_MW": null, "Solar_MW": null, "Wind_MW": 194.0, "Other_MW": null, "Source": "EIA-860, EIA-860M and EIA-923", "Period": "202311", "Longitude": -102.721111, "Latitude": 35.295 }, "geometry": { "type": "Point", "coordinates": [ -102.721110999646996, 35.295000000183499 ] } },
{ "type": "Feature", "properties": { "OBJECTID": 29685, "Plant_Code": 58835, "Plant_Name": "Elk Station", "Utility_ID": 7349, "Utility_Name": "Golden Spread Electric Cooperative, Inc", "sector_name": "Electric Utility", "Street_Address": "1454 CR 315", "City": "Abernathy", "County": "Hale", "State": "Texas", "Zip": 79311, "PrimSource": "natural gas", "source_desc": "Natural Gas = 581.1 MW", "tech_desc": "Natural Gas Fired Combustion Turbine", "Install_MW": 599.4, "Total_MW": 581.1, "Bat_MW": null, "Bio_MW": null, "Coal_MW": null, "Geo_MW": null, "Hydro_MW": null, "HydroPS_MW": null, "NG_MW": 581.1, "Nuclear_MW": null, "Crude_MW": null, "Solar_MW": null, "Wind_MW": null, "Other_MW": null, "Source": "EIA-860, EIA-860M and EIA-923", "Period": "202311", "Longitude": -101.843333, "Latitude": 33.865 }, "geometry": { "type": "Point", "coordinates": [ -101.843332999552999, 33.864999999739602 ] } },
{ "type": "Feature", "properties": { "OBJECTID": 29688, "Plant_Code": 58838, "Plant_Name": "Keechi Wind", "Utility_ID": 62969, "Utility_Name": "Keechi Wind, LLC", "sector_name": "IPP Non-CHP", "Street_Address": "3601 FM 4", "City": "Jacksboro", "County": "Jack", "State": "Texas", "Zip": 76458, "PrimSource": "wind", "source_desc": "Wind = 110 MW", "tech_desc": "Onshore Wind Turbine", "Install_MW": 110.0, "Total_MW": 110.0, "Bat_MW": null, "Bio_MW": null, "Coal_MW": null, "Geo_MW": null, "Hydro_MW": null, "HydroPS_MW": null, "NG_MW": null, "Nuclear_MW": null, "Crude_MW": null, "Solar_MW": null, "Wind_MW": 110.0, "Other_MW": null, "Source": "EIA-860, EIA-860M and EIA-923", "Period": "202311", "Longitude": -98.161111, "Latitude": 33.143056 }, "geometry": { "type": "Point", "coordinates": [ -98.161110999802304, 33.143055999702803 ] } },
{ "type": "Feature", "properties": { "OBJECTID": 29713, "Plant_Code": 58870, "Plant_Name": "Rentech Nitrogen Pasadena Cogeneration", "Utility_ID": 58749, "Utility_Name": "PCI Nitrogen LLC", "sector_name": "IPP CHP", "Street_Address": "2001 Jackson Road", "City": "Pasadena", "County": "Harris", "State": "Texas", "Zip": 77506, "PrimSource": "other", "source_desc": "Other = 14 MW", "tech_desc": "All Other", "Install_MW": 15.4, "Total_MW": 14.0, "Bat_MW": null, "Bio_MW": null, "Coal_MW": null, "Geo_MW": null, "Hydro_MW": null, "HydroPS_MW": null, "NG_MW": null, "Nuclear_MW": null, "Crude_MW": null, "Solar_MW": null, "Wind_MW": null, "Other_MW": 14.0, "Source": "EIA-860, EIA-860M and EIA-923", "Period": "202311", "Longitude": -95.194722, "Latitude": 29.739444 }, "geometry": { "type": "Point", "coordinates": [ -95.194721999575705, 29.739443999675199 ] } },
{ "type": "Feature", "properties": { "OBJECTID": 29771, "Plant_Code": 58944, "Plant_Name": "Woodville Renewable Power Project", "Utility_ID": 39347, "Utility_Name": "East Texas Electric Coop, Inc", "sector_name": "Electric Utility", "Street_Address": "1580 CR 1020", "City": "Woodville", "County": "Tyler", "State": "Texas", "Zip": 75979, "PrimSource": "biomass", "source_desc": "Biomass = 46.5 MW", "tech_desc": "Wood/Wood Waste Biomass", "Install_MW": 49.9, "Total_MW": 46.5, "Bat_MW": null, "Bio_MW": 46.5, "Coal_MW": null, "Geo_MW": null, "Hydro_MW": null, "HydroPS_MW": null, "NG_MW": null, "Nuclear_MW": null, "Crude_MW": null, "Solar_MW": null, "Wind_MW": null, "Other_MW": null, "Source": "EIA-860, EIA-860M and EIA-923", "Period": "202311", "Longitude": -94.4375, "Latitude": 30.748333 }, "geometry": { "type": "Point", "coordinates": [ -94.437500000091902, 30.748333000267099 ] } },
{ "type": "Feature", "properties": { "OBJECTID": 29772, "Plant_Code": 58946, "Plant_Name": "Ameresco Dallas LLC", "Utility_ID": 58811, "Utility_Name": "Ameresco Dallas LLC", "sector_name": "IPP Non-CHP", "Street_Address": "10011 Log Cabin Road", "City": "Dallas", "County": "Dallas", "State": "Texas", "Zip": 75253, "PrimSource": "biomass", "source_desc": "Biomass = 4.2 MW", "tech_desc": "Landfill Gas", "Install_MW": 4.2, "Total_MW": 4.2, "Bat_MW": null, "Bio_MW": 4.2, "Coal_MW": null, "Geo_MW": null, "Hydro_MW": null, "HydroPS_MW": null, "NG_MW": null, "Nuclear_MW": null, "Crude_MW": null, "Solar_MW": null, "Wind_MW": null, "Other_MW": null, "Source": "EIA-860, EIA-860M and EIA-923", "Period": "202311", "Longitude": -96.644444, "Latitude": 32.648611 }, "geometry": { "type": "Point", "coordinates": [ -96.644444000188301, 32.648611000235199 ] } },
{ "type": "Feature", "properties": { "OBJECTID": 29817, "Plant_Code": 59005, "Plant_Name": "Mariah del Norte", "Utility_ID": 59359, "Utility_Name": "BHE Renewables, LLC", "sector_name": "IPP Non-CHP", "Street_Address": "2145 County Rd E", "City": "Friona", "County": "Parmer", "State": "Texas", "Zip": 79035, "PrimSource": "wind", "source_desc": "Wind = 230.4 MW", "tech_desc": "Onshore Wind Turbine", "Install_MW": 230.4, "Total_MW": 230.4, "Bat_MW": null, "Bio_MW": null, "Coal_MW": null, "Geo_MW": null, "Hydro_MW": null, "HydroPS_MW": null, "NG_MW": null, "Nuclear_MW": null, "Crude_MW": null, "Solar_MW": null, "Wind_MW": 230.4, "Other_MW": null, "Source": "EIA-860, EIA-860M and EIA-923", "Period": "202311", "Longitude": -102.577778, "Latitude": 34.6675 }, "geometry": { "type": "Point", "coordinates": [ -102.577778000310005, 34.667500000295 ] } },
{ "type": "Feature", "properties": { "OBJECTID": 29839, "Plant_Code": 59034, "Plant_Name": "Shannon Wind", "Utility_ID": 58872, "Utility_Name": "Shannon Wind LLC", "sector_name": "IPP Non-CHP", "Street_Address": "4130 Cobb Road", "City": "Windhorst", "County": "Clay", "State": "Texas", "Zip": 76389, "PrimSource": "wind", "source_desc": "Wind = 204 MW", "tech_desc": "Onshore Wind Turbine", "Install_MW": 204.0, "Total_MW": 204.0, "Bat_MW": null, "Bio_MW": null, "Coal_MW": null, "Geo_MW": null, "Hydro_MW": null, "HydroPS_MW": null, "NG_MW": null, "Nuclear_MW": null, "Crude_MW": null, "Solar_MW": null, "Wind_MW": 204.0, "Other_MW": null, "Source": "EIA-860, EIA-860M and EIA-923", "Period": "202311", "Longitude": -98.360833, "Latitude": 33.509722 }, "geometry": { "type": "Point", "coordinates": [ -98.360833000339397, 33.509722000030798 ] } },
{ "type": "Feature", "properties": { "OBJECTID": 29862, "Plant_Code": 59063, "Plant_Name": "Stella Wind Farm", "Utility_ID": 56215, "Utility_Name": "RWE Renewables Americas, LLC", "sector_name": "IPP Non-CHP", "Street_Address": "1238 E. Turcotte Rd.", "City": "Armstrong", "County": "Kenedy", "State": "Texas", "Zip": 78338, "PrimSource": "wind", "source_desc": "Wind = 201 MW", "tech_desc": "Onshore Wind Turbine", "Install_MW": 201.0, "Total_MW": 201.0, "Bat_MW": null, "Bio_MW": null, "Coal_MW": null, "Geo_MW": null, "Hydro_MW": null, "HydroPS_MW": null, "NG_MW": null, "Nuclear_MW": null, "Crude_MW": null, "Solar_MW": null, "Wind_MW": 201.0, "Other_MW": null, "Source": "EIA-860, EIA-860M and EIA-923", "Period": "202311", "Longitude": -97.6425, "Latitude": 26.941667 }, "geometry": { "type": "Point", "coordinates": [ -97.642500000159799, 26.941666999970401 ] } },
{ "type": "Feature", "properties": { "OBJECTID": 29864, "Plant_Code": 59066, "Plant_Name": "Bruennings Breeze Wind Farm", "Utility_ID": 56215, "Utility_Name": "RWE Renewables Americas, LLC", "sector_name": "IPP Non-CHP", "Street_Address": "382 W. Main St", "City": "Raymondville", "County": "Willacy", "State": "Texas", "Zip": 78580, "PrimSource": "wind", "source_desc": "Wind = 228 MW", "tech_desc": "Onshore Wind Turbine", "Install_MW": 228.0, "Total_MW": 228.0, "Bat_MW": null, "Bio_MW": null, "Coal_MW": null, "Geo_MW": null, "Hydro_MW": null, "HydroPS_MW": null, "NG_MW": null, "Nuclear_MW": null, "Crude_MW": null, "Solar_MW": null, "Wind_MW": 228.0, "Other_MW": null, "Source": "EIA-860, EIA-860M and EIA-923", "Period": "202311", "Longitude": -97.691111, "Latitude": 26.522222 }, "geometry": { "type": "Point", "coordinates": [ -97.691110999558305, 26.522221999983799 ] } },
{ "type": "Feature", "properties": { "OBJECTID": 29865, "Plant_Code": 59068, "Plant_Name": "Colbeck's Corner, LLC", "Utility_ID": 56215, "Utility_Name": "RWE Renewables Americas, LLC", "sector_name": "IPP Non-CHP", "Street_Address": "2506 County Road 5", "City": "Groom", "County": "Carson", "State": "Texas", "Zip": 79068, "PrimSource": "wind", "source_desc": "Wind = 200 MW", "tech_desc": "Onshore Wind Turbine", "Install_MW": 200.0, "Total_MW": 200.0, "Bat_MW": null, "Bio_MW": null, "Coal_MW": null, "Geo_MW": null, "Hydro_MW": null, "HydroPS_MW": null, "NG_MW": null, "Nuclear_MW": null, "Crude_MW": null, "Solar_MW": null, "Wind_MW": 200.0, "Other_MW": null, "Source": "EIA-860, EIA-860M and EIA-923", "Period": "202311", "Longitude": -101.186622, "Latitude": 35.254184 }, "geometry": { "type": "Point", "coordinates": [ -101.186621999717005, 35.254184000030499 ] } },
{ "type": "Feature", "properties": { "OBJECTID": 29906, "Plant_Code": 59118, "Plant_Name": "Cameron Wind 1 LLC", "Utility_ID": 58939, "Utility_Name": "Cameron Wind 1 LLC", "sector_name": "IPP Non-CHP", "Street_Address": "25005 FM 1847 B", "City": "Rio Hondo", "County": "Cameron", "State": "Texas", "Zip": 78583, "PrimSource": "wind", "source_desc": "Wind = 165 MW", "tech_desc": "Onshore Wind Turbine", "Install_MW": 165.0, "Total_MW": 165.0, "Bat_MW": null, "Bio_MW": null, "Coal_MW": null, "Geo_MW": null, "Hydro_MW": null, "HydroPS_MW": null, "NG_MW": null, "Nuclear_MW": null, "Crude_MW": null, "Solar_MW": null, "Wind_MW": 165.0, "Other_MW": null, "Source": "EIA-860, EIA-860M and EIA-923", "Period": "202311", "Longitude": -97.466111, "Latitude": 26.195278 }, "geometry": { "type": "Point", "coordinates": [ -97.466110999814205, 26.1952779998065 ] } },
{ "type": "Feature", "properties": { "OBJECTID": 29932, "Plant_Code": 59145, "Plant_Name": "Freeport LP Pretreatment Facility", "Utility_ID": 58959, "Utility_Name": "Freeport LNG Development L.P", "sector_name": "Industrial CHP", "Street_Address": "CR 690 and CR 891", "City": "Freeport", "County": "Brazoria", "State": "Texas", "Zip": 77541, "PrimSource": "natural gas", "source_desc": "Natural Gas = 70 MW", "tech_desc": "Natural Gas Fired Combustion Turbine", "Install_MW": 87.0, "Total_MW": 70.0, "Bat_MW": null, "Bio_MW": null, "Coal_MW": null, "Geo_MW": null, "Hydro_MW": null, "HydroPS_MW": null, "NG_MW": 70.0, "Nuclear_MW": null, "Crude_MW": null, "Solar_MW": null, "Wind_MW": null, "Other_MW": null, "Source": "EIA-860, EIA-860M and EIA-923", "Period": "202311", "Longitude": -95.306944, "Latitude": 28.979167 }, "geometry": { "type": "Point", "coordinates": [ -95.306943999613395, 28.979166999614499 ] } },
{ "type": "Feature", "properties": { "OBJECTID": 29975, "Plant_Code": 59193, "Plant_Name": "Chapman Ranch Wind I", "Utility_ID": 58998, "Utility_Name": "Chapman Ranch Wind LLC", "sector_name": "IPP Non-CHP", "Street_Address": "1070 County Road 55", "City": "Corpus Christi", "County": "Nueces", "State": "Texas", "Zip": 78415, "PrimSource": "wind", "source_desc": "Wind = 249 MW", "tech_desc": "Onshore Wind Turbine", "Install_MW": 236.0, "Total_MW": 249.0, "Bat_MW": null, "Bio_MW": null, "Coal_MW": null, "Geo_MW": null, "Hydro_MW": null, "HydroPS_MW": null, "NG_MW": null, "Nuclear_MW": null, "Crude_MW": null, "Solar_MW": null, "Wind_MW": 249.0, "Other_MW": null, "Source": "EIA-860, EIA-860M and EIA-923", "Period": "202311", "Longitude": -97.500833, "Latitude": 27.5925 }, "geometry": { "type": "Point", "coordinates": [ -97.500833000179597, 27.592500000148199 ] } },
{ "type": "Feature", "properties": { "OBJECTID": 29982, "Plant_Code": 59204, "Plant_Name": "OCI Alamo 3 LLC", "Utility_ID": 56769, "Utility_Name": "Consolidated Edison Development Inc.", "sector_name": "IPP Non-CHP", "Street_Address": "12065 E Loop 1604", "City": "San Antonio", "County": "Bexar", "State": "Texas", "Zip": 78109, "PrimSource": "solar", "source_desc": "Solar = 5.5 MW", "tech_desc": "Solar Photovoltaic", "Install_MW": 5.5, "Total_MW": 5.5, "Bat_MW": null, "Bio_MW": null, "Coal_MW": null, "Geo_MW": null, "Hydro_MW": null, "HydroPS_MW": null, "NG_MW": null, "Nuclear_MW": null, "Crude_MW": null, "Solar_MW": 5.5, "Wind_MW": null, "Other_MW": null, "Source": "EIA-860, EIA-860M and EIA-923", "Period": "202311", "Longitude": -98.297222, "Latitude": 29.479167 }, "geometry": { "type": "Point", "coordinates": [ -98.297221999700298, 29.4791669997058 ] } },
{ "type": "Feature", "properties": { "OBJECTID": 29983, "Plant_Code": 59205, "Plant_Name": "OCI Alamo 5 LLC", "Utility_ID": 56769, "Utility_Name": "Consolidated Edison Development Inc.", "sector_name": "IPP Non-CHP", "Street_Address": "5061 Farm to Market 1023", "City": "Uvalde", "County": "Uvalde", "State": "Texas", "Zip": 78801, "PrimSource": "solar", "source_desc": "Solar = 100 MW", "tech_desc": "Solar Photovoltaic", "Install_MW": 100.0, "Total_MW": 100.0, "Bat_MW": null, "Bio_MW": null, "Coal_MW": null, "Geo_MW": null, "Hydro_MW": null, "HydroPS_MW": null, "NG_MW": null, "Nuclear_MW": null, "Crude_MW": null, "Solar_MW": 100.0, "Wind_MW": null, "Other_MW": null, "Source": "EIA-860, EIA-860M and EIA-923", "Period": "202311", "Longitude": -99.716111, "Latitude": 29.216667 }, "geometry": { "type": "Point", "coordinates": [ -99.716110999950203, 29.216666999777999 ] } },
{ "type": "Feature", "properties": { "OBJECTID": 29984, "Plant_Code": 59206, "Plant_Name": "Alamo 6", "Utility_ID": 59359, "Utility_Name": "BHE Renewables, LLC", "sector_name": "IPP Non-CHP", "Street_Address": "1401 Nevill Cutoff Road", "City": "Fort Stockton", "County": "Pecos", "State": "Texas", "Zip": 79735, "PrimSource": "solar", "source_desc": "Solar = 116 MW", "tech_desc": "Solar Photovoltaic", "Install_MW": 105.0, "Total_MW": 116.0, "Bat_MW": null, "Bio_MW": null, "Coal_MW": null, "Geo_MW": null, "Hydro_MW": null, "HydroPS_MW": null, "NG_MW": null, "Nuclear_MW": null, "Crude_MW": null, "Solar_MW": 116.0, "Wind_MW": null, "Other_MW": null, "Source": "EIA-860, EIA-860M and EIA-923", "Period": "202311", "Longitude": -102.270833, "Latitude": 30.993056 }, "geometry": { "type": "Point", "coordinates": [ -102.270833000324004, 30.993055999751402 ] } },
{ "type": "Feature", "properties": { "OBJECTID": 29985, "Plant_Code": 59207, "Plant_Name": "OCI Alamo 7 LLC", "Utility_ID": 56769, "Utility_Name": "Consolidated Edison Development Inc.", "sector_name": "IPP Non-CHP", "Street_Address": "11180 Loop Rd", "City": "Haskell", "County": "Haskell", "State": "Texas", "Zip": 79521, "PrimSource": "solar", "source_desc": "Solar = 100 MW", "tech_desc": "Solar Photovoltaic", "Install_MW": 100.0, "Total_MW": 100.0, "Bat_MW": null, "Bio_MW": null, "Coal_MW": null, "Geo_MW": null, "Hydro_MW": null, "HydroPS_MW": null, "NG_MW": null, "Nuclear_MW": null, "Crude_MW": null, "Solar_MW": 100.0, "Wind_MW": null, "Other_MW": null, "Source": "EIA-860, EIA-860M and EIA-923", "Period": "202311", "Longitude": -99.5525, "Latitude": 33.04 }, "geometry": { "type": "Point", "coordinates": [ -99.552500000023699, 33.039999999816601 ] } },
{ "type": "Feature", "properties": { "OBJECTID": 30006, "Plant_Code": 59238, "Plant_Name": "Windthorst-2", "Utility_ID": 57170, "Utility_Name": "EDF Renewable Asset Holdings, Inc.", "sector_name": "IPP Non-CHP", "Street_Address": "3885 Loftin Road", "City": "Archer", "County": "Archer", "State": "Texas", "Zip": 76389, "PrimSource": "wind", "source_desc": "Wind = 67.6 MW", "tech_desc": "Onshore Wind Turbine", "Install_MW": 67.6, "Total_MW": 67.6, "Bat_MW": null, "Bio_MW": null, "Coal_MW": null, "Geo_MW": null, "Hydro_MW": null, "HydroPS_MW": null, "NG_MW": null, "Nuclear_MW": null, "Crude_MW": null, "Solar_MW": null, "Wind_MW": 67.6, "Other_MW": null, "Source": "EIA-860, EIA-860M and EIA-923", "Period": "202311", "Longitude": -98.5, "Latitude": 33.495278 }, "geometry": { "type": "Point", "coordinates": [ -98.499999999663601, 33.495278000025202 ] } },
{ "type": "Feature", "properties": { "OBJECTID": 30011, "Plant_Code": 59244, "Plant_Name": "Lorenzo Wind", "Utility_ID": 61133, "Utility_Name": "Lorenzo Wind, LLC", "sector_name": "IPP Non-CHP", "Street_Address": "608 County Road 125", "City": "Lorenzo", "County": "Crosby", "State": "Texas", "Zip": 79343, "PrimSource": "wind", "source_desc": "Wind = 80 MW", "tech_desc": "Onshore Wind Turbine", "Install_MW": 80.0, "Total_MW": 80.0, "Bat_MW": null, "Bio_MW": null, "Coal_MW": null, "Geo_MW": null, "Hydro_MW": null, "HydroPS_MW": null, "NG_MW": null, "Nuclear_MW": null, "Crude_MW": null, "Solar_MW": null, "Wind_MW": 80.0, "Other_MW": null, "Source": "EIA-860, EIA-860M and EIA-923", "Period": "202311", "Longitude": -101.524722, "Latitude": 33.699167 }, "geometry": { "type": "Point", "coordinates": [ -101.524722000281997, 33.699166999810998 ] } },
{ "type": "Feature", "properties": { "OBJECTID": 30012, "Plant_Code": 59245, "Plant_Name": "Fluvanna", "Utility_ID": 60042, "Utility_Name": "Fluvanna Wind Energy LLC", "sector_name": "IPP Non-CHP", "Street_Address": "14925 County Road 2224", "City": "Fluvanna", "County": "Scurry", "State": "Texas", "Zip": 79517, "PrimSource": "wind", "source_desc": "Wind = 155.4 MW", "tech_desc": "Onshore Wind Turbine", "Install_MW": 155.4, "Total_MW": 155.4, "Bat_MW": null, "Bio_MW": null, "Coal_MW": null, "Geo_MW": null, "Hydro_MW": null, "HydroPS_MW": null, "NG_MW": null, "Nuclear_MW": null, "Crude_MW": null, "Solar_MW": null, "Wind_MW": 155.4, "Other_MW": null, "Source": "EIA-860, EIA-860M and EIA-923", "Period": "202311", "Longitude": -101.143611, "Latitude": 32.931944 }, "geometry": { "type": "Point", "coordinates": [ -101.143610999884004, 32.9319439997061 ] } },
{ "type": "Feature", "properties": { "OBJECTID": 30013, "Plant_Code": 59247, "Plant_Name": "Hale Community Wind Farm", "Utility_ID": 17718, "Utility_Name": "Southwestern Public Service Co", "sector_name": "IPP Non-CHP", "Street_Address": "TBD", "City": "Plainview", "County": "Hale", "State": "Texas", "Zip": 79072, "PrimSource": "wind", "source_desc": "Wind = 478 MW", "tech_desc": "Onshore Wind Turbine", "Install_MW": 478.0, "Total_MW": 478.0, "Bat_MW": null, "Bio_MW": null, "Coal_MW": null, "Geo_MW": null, "Hydro_MW": null, "HydroPS_MW": null, "NG_MW": null, "Nuclear_MW": null, "Crude_MW": null, "Solar_MW": null, "Wind_MW": 478.0, "Other_MW": null, "Source": "EIA-860, EIA-860M and EIA-923", "Period": "202311", "Longitude": -101.742222, "Latitude": 33.927778 }, "geometry": { "type": "Point", "coordinates": [ -101.742221999855005, 33.927778000211198 ] } },
{ "type": "Feature", "properties": { "OBJECTID": 30063, "Plant_Code": 59320, "Plant_Name": "Los Vientos Windpower III", "Utility_ID": 65411, "Utility_Name": "Duke Energy Renewables Services", "sector_name": "IPP Non-CHP", "Street_Address": "200 FM 490", "City": "Rio Grande City", "County": "Starr", "State": "Texas", "Zip": 78582, "PrimSource": "wind", "source_desc": "Wind = 200 MW", "tech_desc": "Onshore Wind Turbine", "Install_MW": 200.0, "Total_MW": 200.0, "Bat_MW": null, "Bio_MW": null, "Coal_MW": null, "Geo_MW": null, "Hydro_MW": null, "HydroPS_MW": null, "NG_MW": null, "Nuclear_MW": null, "Crude_MW": null, "Solar_MW": null, "Wind_MW": 200.0, "Other_MW": null, "Source": "EIA-860, EIA-860M and EIA-923", "Period": "202311", "Longitude": -98.806111, "Latitude": 26.388611 }, "geometry": { "type": "Point", "coordinates": [ -98.8061110001467, 26.388610999849899 ] } },
{ "type": "Feature", "properties": { "OBJECTID": 30064, "Plant_Code": 59321, "Plant_Name": "Los Vientos Windpower IV", "Utility_ID": 65411, "Utility_Name": "Duke Energy Renewables Services", "sector_name": "IPP Non-CHP", "Street_Address": "200 FM 490", "City": "Rio Grande City", "County": "Starr", "State": "Texas", "Zip": 78582, "PrimSource": "wind", "source_desc": "Wind = 200 MW", "tech_desc": "Onshore Wind Turbine", "Install_MW": 200.0, "Total_MW": 200.0, "Bat_MW": null, "Bio_MW": null, "Coal_MW": null, "Geo_MW": null, "Hydro_MW": null, "HydroPS_MW": null, "NG_MW": null, "Nuclear_MW": null, "Crude_MW": null, "Solar_MW": null, "Wind_MW": 200.0, "Other_MW": null, "Source": "EIA-860, EIA-860M and EIA-923", "Period": "202311", "Longitude": -98.818333, "Latitude": 26.380556 }, "geometry": { "type": "Point", "coordinates": [ -98.818332999998702, 26.380556000174099 ] } },
{ "type": "Feature", "properties": { "OBJECTID": 30075, "Plant_Code": 59332, "Plant_Name": "Mesquite Creek Wind", "Utility_ID": 65411, "Utility_Name": "Duke Energy Renewables Services", "sector_name": "IPP Non-CHP", "Street_Address": "2412 County Road W", "City": "Lamesa", "County": "Dawson", "State": "Texas", "Zip": 79331, "PrimSource": "wind", "source_desc": "Wind = 211.2 MW", "tech_desc": "Onshore Wind Turbine", "Install_MW": 211.2, "Total_MW": 211.2, "Bat_MW": null, "Bio_MW": null, "Coal_MW": null, "Geo_MW": null, "Hydro_MW": null, "HydroPS_MW": null, "NG_MW": null, "Nuclear_MW": null, "Crude_MW": null, "Solar_MW": null, "Wind_MW": 211.2, "Other_MW": null, "Source": "EIA-860, EIA-860M and EIA-923", "Period": "202311", "Longitude": -101.741111, "Latitude": 32.7 }, "geometry": { "type": "Point", "coordinates": [ -101.741111000342002, 32.699999999939998 ] } },
{ "type": "Feature", "properties": { "OBJECTID": 30103, "Plant_Code": 59381, "Plant_Name": "The Methodist Hospital, Gas Turbine", "Utility_ID": 59157, "Utility_Name": "The Methodist Hospital", "sector_name": "Commercial CHP", "Street_Address": "6565 Fannin Street", "City": "Houston", "County": "Harris", "State": "Texas", "Zip": 77030, "PrimSource": "natural gas", "source_desc": "Natural Gas = 3 MW", "tech_desc": "Natural Gas Fired Combustion Turbine", "Install_MW": 5.0, "Total_MW": 3.0, "Bat_MW": null, "Bio_MW": null, "Coal_MW": null, "Geo_MW": null, "Hydro_MW": null, "HydroPS_MW": null, "NG_MW": 3.0, "Nuclear_MW": null, "Crude_MW": null, "Solar_MW": null, "Wind_MW": null, "Other_MW": null, "Source": "EIA-860, EIA-860M and EIA-923", "Period": "202311", "Longitude": -95.400278, "Latitude": 29.709444 }, "geometry": { "type": "Point", "coordinates": [ -95.400278000029303, 29.709444000323501 ] } },
{ "type": "Feature", "properties": { "OBJECTID": 30106, "Plant_Code": 59384, "Plant_Name": "South Plains Wind Phase I", "Utility_ID": 59155, "Utility_Name": "Evergreen Wind, LLC", "sector_name": "IPP Non-CHP", "Street_Address": "1700 State Highway 207", "City": "Floydada", "County": "Floyd", "State": "Texas", "Zip": 79241, "PrimSource": "wind", "source_desc": "Wind = 200 MW", "tech_desc": "Onshore Wind Turbine", "Install_MW": 200.0, "Total_MW": 200.0, "Bat_MW": null, "Bio_MW": null, "Coal_MW": null, "Geo_MW": null, "Hydro_MW": null, "HydroPS_MW": null, "NG_MW": null, "Nuclear_MW": null, "Crude_MW": null, "Solar_MW": null, "Wind_MW": 200.0, "Other_MW": null, "Source": "EIA-860, EIA-860M and EIA-923", "Period": "202311", "Longitude": -101.323611, "Latitude": 34.080556 }, "geometry": { "type": "Point", "coordinates": [ -101.323611000398003, 34.080555999793901 ] } },
{ "type": "Feature", "properties": { "OBJECTID": 30112, "Plant_Code": 59391, "Plant_Name": "Red Gate Power Plant", "Utility_ID": 17583, "Utility_Name": "South Texas Electric Coop, Inc", "sector_name": "Electric Utility", "Street_Address": "23601 W FM490", "City": "Edinburg", "County": "Hidalgo", "State": "Texas", "Zip": 78541, "PrimSource": "natural gas", "source_desc": "Natural Gas = 219.6 MW", "tech_desc": "Natural Gas Internal Combustion Engine", "Install_MW": 224.4, "Total_MW": 219.6, "Bat_MW": null, "Bio_MW": null, "Coal_MW": null, "Geo_MW": null, "Hydro_MW": null, "HydroPS_MW": null, "NG_MW": 219.6, "Nuclear_MW": null, "Crude_MW": null, "Solar_MW": null, "Wind_MW": null, "Other_MW": null, "Source": "EIA-860, EIA-860M and EIA-923", "Period": "202311", "Longitude": -98.1775, "Latitude": 26.451111 }, "geometry": { "type": "Point", "coordinates": [ -98.177500000389699, 26.451110999947399 ] } },
{ "type": "Feature", "properties": { "OBJECTID": 30121, "Plant_Code": 59407, "Plant_Name": "Newman Solar", "Utility_ID": 59180, "Utility_Name": "Newman Solar LLC", "sector_name": "IPP Non-CHP", "Street_Address": "4920 Stan Roberts Senior Ave", "City": "El Paso", "County": "El Paso", "State": "Texas", "Zip": 79934, "PrimSource": "solar", "source_desc": "Solar = 10.3 MW", "tech_desc": "Solar Photovoltaic", "Install_MW": 10.5, "Total_MW": 10.3, "Bat_MW": null, "Bio_MW": null, "Coal_MW": null, "Geo_MW": null, "Hydro_MW": null, "HydroPS_MW": null, "NG_MW": null, "Nuclear_MW": null, "Crude_MW": null, "Solar_MW": 10.3, "Wind_MW": null, "Other_MW": null, "Source": "EIA-860, EIA-860M and EIA-923", "Period": "202311", "Longitude": -106.4275, "Latitude": 31.978333 }, "geometry": { "type": "Point", "coordinates": [ -106.427499999990005, 31.978332999872698 ] } },
{ "type": "Feature", "properties": { "OBJECTID": 30131, "Plant_Code": 59417, "Plant_Name": "Pleasant Hill Wind Energy Project", "Utility_ID": 59188, "Utility_Name": "Pleasant Hill Wind Energy LLC", "sector_name": "IPP Non-CHP", "Street_Address": "597 FM 1471", "City": "Lorenzo", "County": "Crosby", "State": "Texas", "Zip": 79343, "PrimSource": "wind", "source_desc": "Wind = 20 MW", "tech_desc": "Onshore Wind Turbine", "Install_MW": 20.0, "Total_MW": 20.0, "Bat_MW": null, "Bio_MW": null, "Coal_MW": null, "Geo_MW": null, "Hydro_MW": null, "HydroPS_MW": null, "NG_MW": null, "Nuclear_MW": null, "Crude_MW": null, "Solar_MW": null, "Wind_MW": 20.0, "Other_MW": null, "Source": "EIA-860, EIA-860M and EIA-923", "Period": "202311", "Longitude": -101.485, "Latitude": 33.738889 }, "geometry": { "type": "Point", "coordinates": [ -101.485000000401001, 33.738888999660098 ] } },
{ "type": "Feature", "properties": { "OBJECTID": 30153, "Plant_Code": 59442, "Plant_Name": "Logans Gap Wind LLC", "Utility_ID": 56545, "Utility_Name": "Pattern Operators LP", "sector_name": "IPP Non-CHP", "Street_Address": "2011 CR 207", "City": "Comanche", "County": "Comanche", "State": "Texas", "Zip": 76442, "PrimSource": "wind", "source_desc": "Wind = 200.1 MW", "tech_desc": "Onshore Wind Turbine", "Install_MW": 200.1, "Total_MW": 200.1, "Bat_MW": null, "Bio_MW": null, "Coal_MW": null, "Geo_MW": null, "Hydro_MW": null, "HydroPS_MW": null, "NG_MW": null, "Nuclear_MW": null, "Crude_MW": null, "Solar_MW": null, "Wind_MW": 200.1, "Other_MW": null, "Source": "EIA-860, EIA-860M and EIA-923", "Period": "202311", "Longitude": -98.690556, "Latitude": 31.8225 }, "geometry": { "type": "Point", "coordinates": [ -98.690555999775, 31.822499999972401 ] } },
{ "type": "Feature", "properties": { "OBJECTID": 30184, "Plant_Code": 59475, "Plant_Name": "Palo Duro Wind", "Utility_ID": 59238, "Utility_Name": "Palo Duro Wind", "sector_name": "IPP Non-CHP", "Street_Address": "14535 FM 1267", "City": "Perryton", "County": "Ochiltree", "State": "Texas", "Zip": 79070, "PrimSource": "wind", "source_desc": "Wind = 249.9 MW", "tech_desc": "Onshore Wind Turbine", "Install_MW": 249.9, "Total_MW": 249.9, "Bat_MW": null, "Bio_MW": null, "Coal_MW": null, "Geo_MW": null, "Hydro_MW": null, "HydroPS_MW": null, "NG_MW": null, "Nuclear_MW": null, "Crude_MW": null, "Solar_MW": null, "Wind_MW": 249.9, "Other_MW": null, "Source": "EIA-860, EIA-860M and EIA-923", "Period": "202311", "Longitude": -101.001389, "Latitude": 36.243889 }, "geometry": { "type": "Point", "coordinates": [ -101.001389000060001, 36.243888999847201 ] } },
{ "type": "Feature", "properties": { "OBJECTID": 30311, "Plant_Code": 59621, "Plant_Name": "TX Jumbo Road Wind", "Utility_ID": 59871, "Utility_Name": "TX Jumbo Road Wind, LLC", "sector_name": "IPP Non-CHP", "Street_Address": "1600 County Road 603", "City": "Hereford", "County": "Deaf Smith", "State": "Texas", "Zip": 79045, "PrimSource": "wind", "source_desc": "Wind = 299.7 MW", "tech_desc": "Onshore Wind Turbine", "Install_MW": 299.7, "Total_MW": 299.7, "Bat_MW": null, "Bio_MW": null, "Coal_MW": null, "Geo_MW": null, "Hydro_MW": null, "HydroPS_MW": null, "NG_MW": null, "Nuclear_MW": null, "Crude_MW": null, "Solar_MW": null, "Wind_MW": 299.7, "Other_MW": null, "Source": "EIA-860, EIA-860M and EIA-923", "Period": "202311", "Longitude": -102.253333, "Latitude": 34.72 }, "geometry": { "type": "Point", "coordinates": [ -102.253333000224004, 34.719999999708797 ] } },
{ "type": "Feature", "properties": { "OBJECTID": 30337, "Plant_Code": 59649, "Plant_Name": "Nelson Gardens Landfill Gas to Energy", "Utility_ID": 59414, "Utility_Name": "Nelson Gardens Energy, LLC", "sector_name": "IPP Non-CHP", "Street_Address": "8963 Nelson Road, Building #5", "City": "San Antonio", "County": "Bexar", "State": "Texas", "Zip": 78252, "PrimSource": "biomass", "source_desc": "Biomass = 4.4 MW", "tech_desc": "Landfill Gas", "Install_MW": 4.4, "Total_MW": 4.4, "Bat_MW": null, "Bio_MW": 4.4, "Coal_MW": null, "Geo_MW": null, "Hydro_MW": null, "HydroPS_MW": null, "NG_MW": null, "Nuclear_MW": null, "Crude_MW": null, "Solar_MW": null, "Wind_MW": null, "Other_MW": null, "Source": "EIA-860, EIA-860M and EIA-923", "Period": "202311", "Longitude": -98.66, "Latitude": 29.33 }, "geometry": { "type": "Point", "coordinates": [ -98.660000000320096, 29.3300000003414 ] } },
{ "type": "Feature", "properties": { "OBJECTID": 30342, "Plant_Code": 59654, "Plant_Name": "Sendero", "Utility_ID": 59428, "Utility_Name": "Sendero Wind Energy, LLC", "sector_name": "IPP Non-CHP", "Street_Address": "565 FM 649", "City": "Hebbronville", "County": "Jim Hogg", "State": "Texas", "Zip": 78361, "PrimSource": "wind", "source_desc": "Wind = 78 MW", "tech_desc": "Onshore Wind Turbine", "Install_MW": 78.0, "Total_MW": 78.0, "Bat_MW": null, "Bio_MW": null, "Coal_MW": null, "Geo_MW": null, "Hydro_MW": null, "HydroPS_MW": null, "NG_MW": null, "Nuclear_MW": null, "Crude_MW": null, "Solar_MW": null, "Wind_MW": 78.0, "Other_MW": null, "Source": "EIA-860, EIA-860M and EIA-923", "Period": "202311", "Longitude": -98.916667, "Latitude": 27.18 }, "geometry": { "type": "Point", "coordinates": [ -98.916666999929902, 27.180000000315101 ] } },
{ "type": "Feature", "properties": { "OBJECTID": 30384, "Plant_Code": 59712, "Plant_Name": "San Roman Wind I, LLC", "Utility_ID": 57416, "Utility_Name": "Acciona Energy USA Global, LLC", "sector_name": "IPP Non-CHP", "Street_Address": "31304 - 31664 San Ramon Rd", "City": "Los Fresnos", "County": "Cameron", "State": "Texas", "Zip": 78566, "PrimSource": "wind", "source_desc": "Wind = 95.3 MW", "tech_desc": "Onshore Wind Turbine", "Install_MW": 95.3, "Total_MW": 95.3, "Bat_MW": null, "Bio_MW": null, "Coal_MW": null, "Geo_MW": null, "Hydro_MW": null, "HydroPS_MW": null, "NG_MW": null, "Nuclear_MW": null, "Crude_MW": null, "Solar_MW": null, "Wind_MW": 95.3, "Other_MW": null, "Source": "EIA-860, EIA-860M and EIA-923", "Period": "202311", "Longitude": -97.377599, "Latitude": 26.125979 }, "geometry": { "type": "Point", "coordinates": [ -97.377599000434898, 26.125978999759202 ] } },
{ "type": "Feature", "properties": { "OBJECTID": 30400, "Plant_Code": 59732, "Plant_Name": "Green Pastures Wind I", "Utility_ID": 59501, "Utility_Name": "Green Pastures Wind I, LLC", "sector_name": "IPP Non-CHP", "Street_Address": "4278 CR 140", "City": "Seymour", "County": "Baylor", "State": "Texas", "Zip": 76380, "PrimSource": "wind", "source_desc": "Wind = 150 MW", "tech_desc": "Onshore Wind Turbine", "Install_MW": 150.0, "Total_MW": 150.0, "Bat_MW": null, "Bio_MW": null, "Coal_MW": null, "Geo_MW": null, "Hydro_MW": null, "HydroPS_MW": null, "NG_MW": null, "Nuclear_MW": null, "Crude_MW": null, "Solar_MW": null, "Wind_MW": 150.0, "Other_MW": null, "Source": "EIA-860, EIA-860M and EIA-923", "Period": "202311", "Longitude": -99.411169, "Latitude": 33.628222 }, "geometry": { "type": "Point", "coordinates": [ -99.4111689996042, 33.628222000257097 ] } },
{ "type": "Feature", "properties": { "OBJECTID": 30401, "Plant_Code": 59733, "Plant_Name": "Green Pastures Wind II", "Utility_ID": 59502, "Utility_Name": "Green Pastures Wind II, LLC", "sector_name": "IPP Non-CHP", "Street_Address": "4278 CR 140", "City": "Seymour", "County": "Knox", "State": "Texas", "Zip": 76380, "PrimSource": "wind", "source_desc": "Wind = 150 MW", "tech_desc": "Onshore Wind Turbine", "Install_MW": 150.0, "Total_MW": 150.0, "Bat_MW": null, "Bio_MW": null, "Coal_MW": null, "Geo_MW": null, "Hydro_MW": null, "HydroPS_MW": null, "NG_MW": null, "Nuclear_MW": null, "Crude_MW": null, "Solar_MW": null, "Wind_MW": 150.0, "Other_MW": null, "Source": "EIA-860, EIA-860M and EIA-923", "Period": "202311", "Longitude": -99.532944, "Latitude": 33.645964 }, "geometry": { "type": "Point", "coordinates": [ -99.532943999681905, 33.645963999853102 ] } },
{ "type": "Feature", "properties": { "OBJECTID": 30402, "Plant_Code": 59734, "Plant_Name": "Briscoe Wind Farm", "Utility_ID": 65757, "Utility_Name": "Briscoe Wind Farm, LLC", "sector_name": "IPP Non-CHP", "Street_Address": "9947 County Road F", "City": "Silverton", "County": "Briscoe", "State": "Texas", "Zip": 79257, "PrimSource": "wind", "source_desc": "Wind = 150 MW", "tech_desc": "Onshore Wind Turbine", "Install_MW": 150.0, "Total_MW": 150.0, "Bat_MW": null, "Bio_MW": null, "Coal_MW": null, "Geo_MW": null, "Hydro_MW": null, "HydroPS_MW": null, "NG_MW": null, "Nuclear_MW": null, "Crude_MW": null, "Solar_MW": null, "Wind_MW": 150.0, "Other_MW": null, "Source": "EIA-860, EIA-860M and EIA-923", "Period": "202311", "Longitude": -101.237233, "Latitude": 34.432267 }, "geometry": { "type": "Point", "coordinates": [ -101.237233000179998, 34.432267000229999 ] } },
{ "type": "Feature", "properties": { "OBJECTID": 30473, "Plant_Code": 59812, "Plant_Name": "Wolf Hollow II", "Utility_ID": 6035, "Utility_Name": "Constellation Power, Inc", "sector_name": "IPP Non-CHP", "Street_Address": "8787 Wolf Hollow Court", "City": "Granbury", "County": "Hood", "State": "Texas", "Zip": 76048, "PrimSource": "natural gas", "source_desc": "Natural Gas = 1115.4 MW", "tech_desc": "Natural Gas Fired Combined Cycle", "Install_MW": 1231.2, "Total_MW": 1115.4, "Bat_MW": null, "Bio_MW": null, "Coal_MW": null, "Geo_MW": null, "Hydro_MW": null, "HydroPS_MW": null, "NG_MW": 1115.4, "Nuclear_MW": null, "Crude_MW": null, "Solar_MW": null, "Wind_MW": null, "Other_MW": null, "Source": "EIA-860, EIA-860M and EIA-923", "Period": "202311", "Longitude": -97.734612, "Latitude": 32.337679 }, "geometry": { "type": "Point", "coordinates": [ -97.734611999836801, 32.337678999621097 ] } },
{ "type": "Feature", "properties": { "OBJECTID": 30575, "Plant_Code": 59938, "Plant_Name": "Sky Global Power One", "Utility_ID": 59698, "Utility_Name": "Sky Global Power One Pledgor, LLC", "sector_name": "IPP Non-CHP", "Street_Address": "3217 US 90A Hwy", "City": "Rock Island", "County": "Colorado", "State": "Texas", "Zip": 77470, "PrimSource": "natural gas", "source_desc": "Natural Gas = 49.8 MW", "tech_desc": "Natural Gas Internal Combustion Engine", "Install_MW": 51.0, "Total_MW": 49.8, "Bat_MW": null, "Bio_MW": null, "Coal_MW": null, "Geo_MW": null, "Hydro_MW": null, "HydroPS_MW": null, "NG_MW": 49.8, "Nuclear_MW": null, "Crude_MW": null, "Solar_MW": null, "Wind_MW": null, "Other_MW": null, "Source": "EIA-860, EIA-860M and EIA-923", "Period": "202311", "Longitude": -96.537778, "Latitude": 29.550278 }, "geometry": { "type": "Point", "coordinates": [ -96.537778000232805, 29.550277999879501 ] } },
{ "type": "Feature", "properties": { "OBJECTID": 30580, "Plant_Code": 59943, "Plant_Name": "Rattlesnake Den", "Utility_ID": 59139, "Utility_Name": "SunEdison LLC", "sector_name": "IPP Non-CHP", "Street_Address": "151 CR170", "City": "Garden City", "County": "Glasscock", "State": "Texas", "Zip": 79739, "PrimSource": "wind", "source_desc": "Wind = 207.2 MW", "tech_desc": "Onshore Wind Turbine", "Install_MW": 207.2, "Total_MW": 207.2, "Bat_MW": null, "Bio_MW": null, "Coal_MW": null, "Geo_MW": null, "Hydro_MW": null, "HydroPS_MW": null, "NG_MW": null, "Nuclear_MW": null, "Crude_MW": null, "Solar_MW": null, "Wind_MW": 207.2, "Other_MW": null, "Source": "EIA-860, EIA-860M and EIA-923", "Period": "202311", "Longitude": -101.493407, "Latitude": 31.74325 }, "geometry": { "type": "Point", "coordinates": [ -101.493406999870004, 31.743250000278699 ] } },
{ "type": "Feature", "properties": { "OBJECTID": 30604, "Plant_Code": 59972, "Plant_Name": "Bearkat", "Utility_ID": 63428, "Utility_Name": "Bearkat Wind Energy 1, LLC", "sector_name": "IPP Non-CHP", "Street_Address": "11045 State Hwy 137", "City": "St. Lawrence", "County": "Glasscock", "State": "Texas", "Zip": 79739, "PrimSource": "wind", "source_desc": "Wind = 196.7 MW", "tech_desc": "Onshore Wind Turbine", "Install_MW": 196.7, "Total_MW": 196.7, "Bat_MW": null, "Bio_MW": null, "Coal_MW": null, "Geo_MW": null, "Hydro_MW": null, "HydroPS_MW": null, "NG_MW": null, "Nuclear_MW": null, "Crude_MW": null, "Solar_MW": null, "Wind_MW": 196.7, "Other_MW": null, "Source": "EIA-860, EIA-860M and EIA-923", "Period": "202311", "Longitude": -101.582, "Latitude": 31.727237 }, "geometry": { "type": "Point", "coordinates": [ -101.582000000338994, 31.727236999742299 ] } },
{ "type": "Feature", "properties": { "OBJECTID": 30624, "Plant_Code": 59994, "Plant_Name": "RE Roserock", "Utility_ID": 17650, "Utility_Name": "Southern Power Co", "sector_name": "IPP Non-CHP", "Street_Address": "293 Mendal Road", "City": "Fort Stockton", "County": "Pecos", "State": "Texas", "Zip": 79735, "PrimSource": "solar", "source_desc": "Solar = 157.5 MW", "tech_desc": "Solar Photovoltaic", "Install_MW": 160.0, "Total_MW": 157.5, "Bat_MW": null, "Bio_MW": null, "Coal_MW": null, "Geo_MW": null, "Hydro_MW": null, "HydroPS_MW": null, "NG_MW": null, "Nuclear_MW": null, "Crude_MW": null, "Solar_MW": 157.5, "Wind_MW": null, "Other_MW": null, "Source": "EIA-860, EIA-860M and EIA-923", "Period": "202311", "Longitude": -103.306662, "Latitude": 30.960209 }, "geometry": { "type": "Point", "coordinates": [ -103.306662000063994, 30.960209000293801 ] } },
{ "type": "Feature", "properties": { "OBJECTID": 30664, "Plant_Code": 60044, "Plant_Name": "Buckthorn Westex", "Utility_ID": 59777, "Utility_Name": "Buckthorn Westex, LLC", "sector_name": "IPP Non-CHP", "Street_Address": "Texas rt. 18", "City": "Ft. Stockton", "County": "Pecos", "State": "Texas", "Zip": 79735, "PrimSource": "solar", "source_desc": "Solar = 154 MW", "tech_desc": "Solar Photovoltaic", "Install_MW": 154.0, "Total_MW": 154.0, "Bat_MW": null, "Bio_MW": null, "Coal_MW": null, "Geo_MW": null, "Hydro_MW": null, "HydroPS_MW": null, "NG_MW": null, "Nuclear_MW": null, "Crude_MW": null, "Solar_MW": 154.0, "Wind_MW": null, "Other_MW": null, "Source": "EIA-860, EIA-860M and EIA-923", "Period": "202311", "Longitude": -102.551292, "Latitude": 30.57552 }, "geometry": { "type": "Point", "coordinates": [ -102.551291999710003, 30.5755199998089 ] } },
{ "type": "Feature", "properties": { "OBJECTID": 30679, "Plant_Code": 60059, "Plant_Name": "Los Vientos V Wind Power", "Utility_ID": 65411, "Utility_Name": "Duke Energy Renewables Services", "sector_name": "IPP Non-CHP", "Street_Address": "222 FM 490", "City": "Rio Grande City", "County": "Starr", "State": "Texas", "Zip": 78582, "PrimSource": "wind", "source_desc": "Wind = 110 MW", "tech_desc": "Onshore Wind Turbine", "Install_MW": 110.0, "Total_MW": 110.0, "Bat_MW": null, "Bio_MW": null, "Coal_MW": null, "Geo_MW": null, "Hydro_MW": null, "HydroPS_MW": null, "NG_MW": null, "Nuclear_MW": null, "Crude_MW": null, "Solar_MW": null, "Wind_MW": 110.0, "Other_MW": null, "Source": "EIA-860, EIA-860M and EIA-923", "Period": "202311", "Longitude": -98.571554, "Latitude": 26.411689 }, "geometry": { "type": "Point", "coordinates": [ -98.571554000164696, 26.4116890001835 ] } },
{ "type": "Feature", "properties": { "OBJECTID": 30705, "Plant_Code": 60087, "Plant_Name": "South Plains II", "Utility_ID": 60453, "Utility_Name": "Onward Energy", "sector_name": "IPP Non-CHP", "Street_Address": "County Rd. 129", "City": "Lockney", "County": "Floyd", "State": "Texas", "Zip": 79241, "PrimSource": "wind", "source_desc": "Wind = 300 MW", "tech_desc": "Onshore Wind Turbine", "Install_MW": 300.0, "Total_MW": 300.0, "Bat_MW": null, "Bio_MW": null, "Coal_MW": null, "Geo_MW": null, "Hydro_MW": null, "HydroPS_MW": null, "NG_MW": null, "Nuclear_MW": null, "Crude_MW": null, "Solar_MW": null, "Wind_MW": 300.0, "Other_MW": null, "Source": "EIA-860, EIA-860M and EIA-923", "Period": "202311", "Longitude": -101.381494, "Latitude": 34.196962 }, "geometry": { "type": "Point", "coordinates": [ -101.381493999629001, 34.196962000181301 ] } },
{ "type": "Feature", "properties": { "OBJECTID": 30720, "Plant_Code": 60104, "Plant_Name": "Javelina Wind Energy, LLC", "Utility_ID": 59882, "Utility_Name": "Javelina Wind Energy, LLC", "sector_name": "IPP Non-CHP", "Street_Address": "5429 Vaquillas Road", "City": "Mirando City", "County": "Webb", "State": "Texas", "Zip": 78369, "PrimSource": "wind", "source_desc": "Wind = 249.7 MW", "tech_desc": "Onshore Wind Turbine", "Install_MW": 249.7, "Total_MW": 249.7, "Bat_MW": null, "Bio_MW": null, "Coal_MW": null, "Geo_MW": null, "Hydro_MW": null, "HydroPS_MW": null, "NG_MW": null, "Nuclear_MW": null, "Crude_MW": null, "Solar_MW": null, "Wind_MW": 249.7, "Other_MW": null, "Source": "EIA-860, EIA-860M and EIA-923", "Period": "202311", "Longitude": -99.0, "Latitude": 27.32 }, "geometry": { "type": "Point", "coordinates": [ -98.999999999693799, 27.320000000066099 ] } },
{ "type": "Feature", "properties": { "OBJECTID": 30737, "Plant_Code": 60122, "Plant_Name": "Colorado Bend II", "Utility_ID": 6035, "Utility_Name": "Constellation Power, Inc", "sector_name": "IPP Non-CHP", "Street_Address": "4023 South State Highway 60", "City": "Wharton", "County": "Wharton", "State": "Texas", "Zip": 77488, "PrimSource": "natural gas", "source_desc": "Natural Gas = 1142.7 MW", "tech_desc": "Natural Gas Fired Combined Cycle", "Install_MW": 1230.3, "Total_MW": 1142.7, "Bat_MW": null, "Bio_MW": null, "Coal_MW": null, "Geo_MW": null, "Hydro_MW": null, "HydroPS_MW": null, "NG_MW": 1142.7, "Nuclear_MW": null, "Crude_MW": null, "Solar_MW": null, "Wind_MW": null, "Other_MW": null, "Source": "EIA-860, EIA-860M and EIA-923", "Period": "202311", "Longitude": -96.065399, "Latitude": 29.289415 }, "geometry": { "type": "Point", "coordinates": [ -96.065398999706701, 29.289414999963 ] } },
{ "type": "Feature", "properties": { "OBJECTID": 30738, "Plant_Code": 60123, "Plant_Name": "Castle Gap Solar Hybrid", "Utility_ID": 61123, "Utility_Name": "Upton County Solar 2 LLC", "sector_name": "IPP Non-CHP", "Street_Address": "5291 US HWY 385 South", "City": "McCarney", "County": "Upton", "State": "Texas", "Zip": 79752, "PrimSource": "solar", "source_desc": "Battery = 9.9 MW, Solar = 180 MW", "tech_desc": "Batteries; Solar Photovoltaic;", "Install_MW": 189.9, "Total_MW": 189.9, "Bat_MW": 9.9, "Bio_MW": null, "Coal_MW": null, "Geo_MW": null, "Hydro_MW": null, "HydroPS_MW": null, "NG_MW": null, "Nuclear_MW": null, "Crude_MW": null, "Solar_MW": 180.0, "Wind_MW": null, "Other_MW": null, "Source": "EIA-860, EIA-860M and EIA-923", "Period": "202311", "Longitude": -102.272, "Latitude": 31.255 }, "geometry": { "type": "Point", "coordinates": [ -102.271999999913007, 31.2549999997313 ] } },
{ "type": "Feature", "properties": { "OBJECTID": 30795, "Plant_Code": 60210, "Plant_Name": "Cotton Plains Wind Farm", "Utility_ID": 59979, "Utility_Name": "Cotton Plains Wind I, LLC", "sector_name": "IPP Non-CHP", "Street_Address": "1904 FM 786", "City": "Floydada", "County": "Floyd", "State": "Texas", "Zip": 79235, "PrimSource": "wind", "source_desc": "Wind = 50.4 MW", "tech_desc": "Onshore Wind Turbine", "Install_MW": 50.4, "Total_MW": 50.4, "Bat_MW": null, "Bio_MW": null, "Coal_MW": null, "Geo_MW": null, "Hydro_MW": null, "HydroPS_MW": null, "NG_MW": null, "Nuclear_MW": null, "Crude_MW": null, "Solar_MW": null, "Wind_MW": 50.4, "Other_MW": null, "Source": "EIA-860, EIA-860M and EIA-923", "Period": "202311", "Longitude": -101.187628, "Latitude": 34.060333 }, "geometry": { "type": "Point", "coordinates": [ -101.187627999648001, 34.060332999697799 ] } },
{ "type": "Feature", "properties": { "OBJECTID": 30796, "Plant_Code": 60217, "Plant_Name": "Rocksprings", "Utility_ID": 59999, "Utility_Name": "Rocksprings Val Verde Wind, LLC", "sector_name": "IPP Non-CHP", "Street_Address": "1825 US 377", "City": "Del Rio", "County": "Val Verde", "State": "Texas", "Zip": 78840, "PrimSource": "wind", "source_desc": "Wind = 149.3 MW", "tech_desc": "Onshore Wind Turbine", "Install_MW": 149.3, "Total_MW": 149.3, "Bat_MW": null, "Bio_MW": null, "Coal_MW": null, "Geo_MW": null, "Hydro_MW": null, "HydroPS_MW": null, "NG_MW": null, "Nuclear_MW": null, "Crude_MW": null, "Solar_MW": null, "Wind_MW": 149.3, "Other_MW": null, "Source": "EIA-860, EIA-860M and EIA-923", "Period": "202311", "Longitude": -100.79431, "Latitude": 29.72753 }, "geometry": { "type": "Point", "coordinates": [ -100.794310000365002, 29.727530000203199 ] } },
{ "type": "Feature", "properties": { "OBJECTID": 30841, "Plant_Code": 60264, "Plant_Name": "Bacliff", "Utility_ID": 60048, "Utility_Name": "PHR Holdings LLC", "sector_name": "IPP Non-CHP", "Street_Address": "5501 State Highway 146", "City": "Bacliff", "County": "Galveston", "State": "Texas", "Zip": 77518, "PrimSource": "natural gas", "source_desc": "Natural Gas = 324 MW", "tech_desc": "Natural Gas Fired Combustion Turbine", "Install_MW": 427.2, "Total_MW": 324.0, "Bat_MW": null, "Bio_MW": null, "Coal_MW": null, "Geo_MW": null, "Hydro_MW": null, "HydroPS_MW": null, "NG_MW": 324.0, "Nuclear_MW": null, "Crude_MW": null, "Solar_MW": null, "Wind_MW": null, "Other_MW": null, "Source": "EIA-860, EIA-860M and EIA-923", "Period": "202311", "Longitude": -94.98483, "Latitude": 29.49233 }, "geometry": { "type": "Point", "coordinates": [ -94.984830000128895, 29.4923300000974 ] } },
{ "type": "Feature", "properties": { "OBJECTID": 30845, "Plant_Code": 60270, "Plant_Name": "Blue Cloud Wind Energy LLC", "Utility_ID": 56215, "Utility_Name": "RWE Renewables Americas, LLC", "sector_name": "IPP Non-CHP", "Street_Address": "1901 County Road 227", "City": "Sudan", "County": "Bailey", "State": "Texas", "Zip": 79371, "PrimSource": "wind", "source_desc": "Wind = 148.4 MW", "tech_desc": "Onshore Wind Turbine", "Install_MW": 148.4, "Total_MW": 148.4, "Bat_MW": null, "Bio_MW": null, "Coal_MW": null, "Geo_MW": null, "Hydro_MW": null, "HydroPS_MW": null, "NG_MW": null, "Nuclear_MW": null, "Crude_MW": null, "Solar_MW": null, "Wind_MW": 148.4, "Other_MW": null, "Source": "EIA-860, EIA-860M and EIA-923", "Period": "202311", "Longitude": -102.665242, "Latitude": 34.03821 }, "geometry": { "type": "Point", "coordinates": [ -102.665241999925996, 34.0382100003403 ] } },
{ "type": "Feature", "properties": { "OBJECTID": 30865, "Plant_Code": 60300, "Plant_Name": "Montana Solar Facility", "Utility_ID": 5701, "Utility_Name": "El Paso Electric Co", "sector_name": "Electric Utility", "Street_Address": "13511 A Montana", "City": "El Paso", "County": "El Paso", "State": "Texas", "Zip": 79938, "PrimSource": "solar", "source_desc": "Solar = 3 MW", "tech_desc": "Solar Photovoltaic", "Install_MW": 3.0, "Total_MW": 3.0, "Bat_MW": null, "Bio_MW": null, "Coal_MW": null, "Geo_MW": null, "Hydro_MW": null, "HydroPS_MW": null, "NG_MW": null, "Nuclear_MW": null, "Crude_MW": null, "Solar_MW": 3.0, "Wind_MW": null, "Other_MW": null, "Source": "EIA-860, EIA-860M and EIA-923", "Period": "202311", "Longitude": -106.218892, "Latitude": 31.813061 }, "geometry": { "type": "Point", "coordinates": [ -106.218892000308003, 31.813060999772802 ] } },
{ "type": "Feature", "properties": { "OBJECTID": 30897, "Plant_Code": 60338, "Plant_Name": "Electra Wind Farm", "Utility_ID": 60128, "Utility_Name": "Electra Wind, LLC", "sector_name": "IPP Non-CHP", "Street_Address": "13445 C R 134 East", "City": "Oklaunion", "County": "Wilbarger", "State": "Texas", "Zip": 76364, "PrimSource": "wind", "source_desc": "Wind = 230 MW", "tech_desc": "Onshore Wind Turbine", "Install_MW": 230.0, "Total_MW": 230.0, "Bat_MW": null, "Bio_MW": null, "Coal_MW": null, "Geo_MW": null, "Hydro_MW": null, "HydroPS_MW": null, "NG_MW": null, "Nuclear_MW": null, "Crude_MW": null, "Solar_MW": null, "Wind_MW": 230.0, "Other_MW": null, "Source": "EIA-860, EIA-860M and EIA-923", "Period": "202311", "Longitude": -99.118746, "Latitude": 34.102943 }, "geometry": { "type": "Point", "coordinates": [ -99.118746000109397, 34.102942999875701 ] } },
{ "type": "Feature", "properties": { "OBJECTID": 30898, "Plant_Code": 60339, "Plant_Name": "Horse Creek Wind Farm", "Utility_ID": 60129, "Utility_Name": "Horse Creek Wind, LLC", "sector_name": "IPP Non-CHP", "Street_Address": "694 CR 284", "City": "Weinert", "County": "Haskell", "State": "Texas", "Zip": 76388, "PrimSource": "wind", "source_desc": "Wind = 230 MW", "tech_desc": "Onshore Wind Turbine", "Install_MW": 230.0, "Total_MW": 230.0, "Bat_MW": null, "Bio_MW": null, "Coal_MW": null, "Geo_MW": null, "Hydro_MW": null, "HydroPS_MW": null, "NG_MW": null, "Nuclear_MW": null, "Crude_MW": null, "Solar_MW": null, "Wind_MW": 230.0, "Other_MW": null, "Source": "EIA-860, EIA-860M and EIA-923", "Period": "202311", "Longitude": -99.54, "Latitude": 33.35 }, "geometry": { "type": "Point", "coordinates": [ -99.540000000337301, 33.350000000174703 ] } },
{ "type": "Feature", "properties": { "OBJECTID": 30921, "Plant_Code": 60366, "Plant_Name": "Old Settler Wind", "Utility_ID": 60155, "Utility_Name": "Old Settler Wind, LLC", "sector_name": "IPP Non-CHP", "Street_Address": "1904 FM 786", "City": "Floydada", "County": "Floyd", "State": "Texas", "Zip": 79235, "PrimSource": "wind", "source_desc": "Wind = 151.2 MW", "tech_desc": "Onshore Wind Turbine", "Install_MW": 151.2, "Total_MW": 151.2, "Bat_MW": null, "Bio_MW": null, "Coal_MW": null, "Geo_MW": null, "Hydro_MW": null, "HydroPS_MW": null, "NG_MW": null, "Nuclear_MW": null, "Crude_MW": null, "Solar_MW": null, "Wind_MW": 151.2, "Other_MW": null, "Source": "EIA-860, EIA-860M and EIA-923", "Period": "202311", "Longitude": -101.187628, "Latitude": 34.060333 }, "geometry": { "type": "Point", "coordinates": [ -101.187627999648001, 34.060332999697799 ] } },
{ "type": "Feature", "properties": { "OBJECTID": 30927, "Plant_Code": 60372, "Plant_Name": "Lamesa Solar", "Utility_ID": 17650, "Utility_Name": "Southern Power Co", "sector_name": "IPP Non-CHP", "Street_Address": "1236 County Rd 20", "City": "Lamesa", "County": "Dawson", "State": "Texas", "Zip": 79331, "PrimSource": "solar", "source_desc": "Solar = 100 MW", "tech_desc": "Solar Photovoltaic", "Install_MW": 102.0, "Total_MW": 100.0, "Bat_MW": null, "Bio_MW": null, "Coal_MW": null, "Geo_MW": null, "Hydro_MW": null, "HydroPS_MW": null, "NG_MW": null, "Nuclear_MW": null, "Crude_MW": null, "Solar_MW": 100.0, "Wind_MW": null, "Other_MW": null, "Source": "EIA-860, EIA-860M and EIA-923", "Period": "202311", "Longitude": -101.926522, "Latitude": 32.715611 }, "geometry": { "type": "Point", "coordinates": [ -101.926522000275, 32.715611000009901 ] } },
{ "type": "Feature", "properties": { "OBJECTID": 30963, "Plant_Code": 60414, "Plant_Name": "Bethel Wind Farm LLC", "Utility_ID": 17650, "Utility_Name": "Southern Power Co", "sector_name": "IPP Non-CHP", "Street_Address": "657 CR 617", "City": "Dimmitt", "County": "Castro", "State": "Texas", "Zip": 79027, "PrimSource": "wind", "source_desc": "Wind = 276 MW", "tech_desc": "Onshore Wind Turbine", "Install_MW": 276.0, "Total_MW": 276.0, "Bat_MW": null, "Bio_MW": null, "Coal_MW": null, "Geo_MW": null, "Hydro_MW": null, "HydroPS_MW": null, "NG_MW": null, "Nuclear_MW": null, "Crude_MW": null, "Solar_MW": null, "Wind_MW": 276.0, "Other_MW": null, "Source": "EIA-860, EIA-860M and EIA-923", "Period": "202311", "Longitude": -102.474698, "Latitude": 34.575311 }, "geometry": { "type": "Point", "coordinates": [ -102.474698000409006, 34.575311000041701 ] } },
{ "type": "Feature", "properties": { "OBJECTID": 30975, "Plant_Code": 60427, "Plant_Name": "CoServ Community Solar Station", "Utility_ID": 60228, "Utility_Name": "CoServ Electric", "sector_name": "IPP Non-CHP", "Street_Address": "15554 Ike Byrom Rd", "City": "Aubrey", "County": "Denton", "State": "Texas", "Zip": 76227, "PrimSource": "solar", "source_desc": "Solar = 2 MW", "tech_desc": "Solar Photovoltaic", "Install_MW": 2.0, "Total_MW": 2.0, "Bat_MW": null, "Bio_MW": null, "Coal_MW": null, "Geo_MW": null, "Hydro_MW": null, "HydroPS_MW": null, "NG_MW": null, "Nuclear_MW": null, "Crude_MW": null, "Solar_MW": 2.0, "Wind_MW": null, "Other_MW": null, "Source": "EIA-860, EIA-860M and EIA-923", "Period": "202311", "Longitude": -96.979168, "Latitude": 33.2706 }, "geometry": { "type": "Point", "coordinates": [ -96.979167999862298, 33.270599999919398 ] } },
{ "type": "Feature", "properties": { "OBJECTID": 30981, "Plant_Code": 60436, "Plant_Name": "East Pecos Solar", "Utility_ID": 17650, "Utility_Name": "Southern Power Co", "sector_name": "IPP Non-CHP", "Street_Address": "7220 Nevill Road", "City": "McCamey", "County": "Pecos", "State": "Texas", "Zip": 75792, "PrimSource": "solar", "source_desc": "Solar = 118.5 MW", "tech_desc": "Solar Photovoltaic", "Install_MW": 118.5, "Total_MW": 118.5, "Bat_MW": null, "Bio_MW": null, "Coal_MW": null, "Geo_MW": null, "Hydro_MW": null, "HydroPS_MW": null, "NG_MW": null, "Nuclear_MW": null, "Crude_MW": null, "Solar_MW": 118.5, "Wind_MW": null, "Other_MW": null, "Source": "EIA-860, EIA-860M and EIA-923", "Period": "202311", "Longitude": -102.281744, "Latitude": 31.000883 }, "geometry": { "type": "Point", "coordinates": [ -102.281743999748997, 31.000883000200801 ] } },
{ "type": "Feature", "properties": { "OBJECTID": 31004, "Plant_Code": 60459, "Plant_Name": "Port Comfort Power LLC", "Utility_ID": 61199, "Utility_Name": "Peaker Power, LLC", "sector_name": "IPP Non-CHP", "Street_Address": "135 Diebel Lane", "City": "Point Comfort", "County": "Calhoun", "State": "Texas", "Zip": 77978, "PrimSource": "natural gas", "source_desc": "Natural Gas = 86 MW", "tech_desc": "Natural Gas Fired Combustion Turbine", "Install_MW": 121.0, "Total_MW": 86.0, "Bat_MW": null, "Bio_MW": null, "Coal_MW": null, "Geo_MW": null, "Hydro_MW": null, "HydroPS_MW": null, "NG_MW": 86.0, "Nuclear_MW": null, "Crude_MW": null, "Solar_MW": null, "Wind_MW": null, "Other_MW": null, "Source": "EIA-860, EIA-860M and EIA-923", "Period": "202311", "Longitude": -96.54621, "Latitude": 28.64807 }, "geometry": { "type": "Point", "coordinates": [ -96.546209999816199, 28.648070000386301 ] } },
{ "type": "Feature", "properties": { "OBJECTID": 31005, "Plant_Code": 60460, "Plant_Name": "Chamon Power LLC", "Utility_ID": 61199, "Utility_Name": "Peaker Power, LLC", "sector_name": "IPP Non-CHP", "Street_Address": "18511 Beaumont Hwy", "City": "Houston", "County": "Harris", "State": "Texas", "Zip": 77049, "PrimSource": "natural gas", "source_desc": "Natural Gas = 86 MW", "tech_desc": "Natural Gas Fired Combustion Turbine", "Install_MW": 121.0, "Total_MW": 86.0, "Bat_MW": null, "Bio_MW": null, "Coal_MW": null, "Geo_MW": null, "Hydro_MW": null, "HydroPS_MW": null, "NG_MW": 86.0, "Nuclear_MW": null, "Crude_MW": null, "Solar_MW": null, "Wind_MW": null, "Other_MW": null, "Source": "EIA-860, EIA-860M and EIA-923", "Period": "202311", "Longitude": -95.111345, "Latitude": 29.883214 }, "geometry": { "type": "Point", "coordinates": [ -95.111345000329095, 29.883213999743798 ] } },
{ "type": "Feature", "properties": { "OBJECTID": 31012, "Plant_Code": 60468, "Plant_Name": "Friendswood Energy", "Utility_ID": 34623, "Utility_Name": "Tejas Power Generation LLC", "sector_name": "IPP Non-CHP", "Street_Address": "12000 BLK Hiram Clarke Road", "City": "Houston", "County": "Harris", "State": "Texas", "Zip": 77085, "PrimSource": "natural gas", "source_desc": "Natural Gas = 117 MW", "tech_desc": "Natural Gas Fired Combustion Turbine", "Install_MW": 121.5, "Total_MW": 117.0, "Bat_MW": null, "Bio_MW": null, "Coal_MW": null, "Geo_MW": null, "Hydro_MW": null, "HydroPS_MW": null, "NG_MW": 117.0, "Nuclear_MW": null, "Crude_MW": null, "Solar_MW": null, "Wind_MW": null, "Other_MW": null, "Source": "EIA-860, EIA-860M and EIA-923", "Period": "202311", "Longitude": -95.451516, "Latitude": 29.647267 }, "geometry": { "type": "Point", "coordinates": [ -95.451516000305404, 29.647266999656701 ] } },
{ "type": "Feature", "properties": { "OBJECTID": 31016, "Plant_Code": 60472, "Plant_Name": "CPS 1 Community Solar", "Utility_ID": 16604, "Utility_Name": "City of San Antonio - (TX)", "sector_name": "Electric Utility", "Street_Address": "12750 E US Hwy 87", "City": "Adkins", "County": "Bexar", "State": "Texas", "Zip": 78101, "PrimSource": "solar", "source_desc": "Solar = 1 MW", "tech_desc": "Solar Photovoltaic", "Install_MW": 1.0, "Total_MW": 1.0, "Bat_MW": null, "Bio_MW": null, "Coal_MW": null, "Geo_MW": null, "Hydro_MW": null, "HydroPS_MW": null, "NG_MW": null, "Nuclear_MW": null, "Crude_MW": null, "Solar_MW": 1.0, "Wind_MW": null, "Other_MW": null, "Source": "EIA-860, EIA-860M and EIA-923", "Period": "202311", "Longitude": -98.26922, "Latitude": 29.377966 }, "geometry": { "type": "Point", "coordinates": [ -98.269220000429598, 29.3779659996157 ] } },
{ "type": "Feature", "properties": { "OBJECTID": 31041, "Plant_Code": 60502, "Plant_Name": "Tyler Bluff Wind Project, LLC", "Utility_ID": 17650, "Utility_Name": "Southern Power Co", "sector_name": "IPP Non-CHP", "Street_Address": "5858 County Road 424", "City": "Muenster", "County": "Cooke", "State": "Texas", "Zip": 76252, "PrimSource": "wind", "source_desc": "Wind = 125 MW", "tech_desc": "Onshore Wind Turbine", "Install_MW": 125.6, "Total_MW": 125.0, "Bat_MW": null, "Bio_MW": null, "Coal_MW": null, "Geo_MW": null, "Hydro_MW": null, "HydroPS_MW": null, "NG_MW": null, "Nuclear_MW": null, "Crude_MW": null, "Solar_MW": null, "Wind_MW": 125.0, "Other_MW": null, "Source": "EIA-860, EIA-860M and EIA-923", "Period": "202311", "Longitude": -97.372009, "Latitude": 33.703851 }, "geometry": { "type": "Point", "coordinates": [ -97.372009000017499, 33.703850999853003 ] } },
{ "type": "Feature", "properties": { "OBJECTID": 31114, "Plant_Code": 60581, "Plant_Name": "Upton County Solar", "Utility_ID": 56769, "Utility_Name": "Consolidated Edison Development Inc.", "sector_name": "IPP Non-CHP", "Street_Address": "2361 Letter B Road", "City": "McCamey", "County": "Upton", "State": "Texas", "Zip": 79752, "PrimSource": "solar", "source_desc": "Solar = 150 MW", "tech_desc": "Solar Photovoltaic", "Install_MW": 150.0, "Total_MW": 150.0, "Bat_MW": null, "Bio_MW": null, "Coal_MW": null, "Geo_MW": null, "Hydro_MW": null, "HydroPS_MW": null, "NG_MW": null, "Nuclear_MW": null, "Crude_MW": null, "Solar_MW": 150.0, "Wind_MW": null, "Other_MW": null, "Source": "EIA-860, EIA-860M and EIA-923", "Period": "202311", "Longitude": -102.29027, "Latitude": 31.241808 }, "geometry": { "type": "Point", "coordinates": [ -102.290269999941998, 31.241808000070801 ] } },
{ "type": "Feature", "properties": { "OBJECTID": 31168, "Plant_Code": 60645, "Plant_Name": "Javelina Wind Energy II, LLC", "Utility_ID": 60384, "Utility_Name": "Javelina Wind Energy II, LLC", "sector_name": "IPP Non-CHP", "Street_Address": "5429 VAQUILLAS ROAD", "City": "MIRANDO", "County": "Webb", "State": "Texas", "Zip": 78369, "PrimSource": "wind", "source_desc": "Wind = 200 MW", "tech_desc": "Onshore Wind Turbine", "Install_MW": 200.0, "Total_MW": 200.0, "Bat_MW": null, "Bio_MW": null, "Coal_MW": null, "Geo_MW": null, "Hydro_MW": null, "HydroPS_MW": null, "NG_MW": null, "Nuclear_MW": null, "Crude_MW": null, "Solar_MW": null, "Wind_MW": 200.0, "Other_MW": null, "Source": "EIA-860, EIA-860M and EIA-923", "Period": "202311", "Longitude": -98.91, "Latitude": 27.44 }, "geometry": { "type": "Point", "coordinates": [ -98.910000000335202, 27.439999999831901 ] } },
{ "type": "Feature", "properties": { "OBJECTID": 31170, "Plant_Code": 60649, "Plant_Name": "Rabbit Hill Energy Storage Project", "Utility_ID": 60389, "Utility_Name": "Rabbit Hill Energy Storage Project", "sector_name": "IPP Non-CHP", "Street_Address": "950 Rabbit Hill Rd.", "City": "Georgetown", "County": "Williamson", "State": "Texas", "Zip": 78626, "PrimSource": "batteries", "source_desc": "Battery = 9.9 MW", "tech_desc": "Batteries", "Install_MW": 9.9, "Total_MW": 9.9, "Bat_MW": 9.9, "Bio_MW": null, "Coal_MW": null, "Geo_MW": null, "Hydro_MW": null, "HydroPS_MW": null, "NG_MW": null, "Nuclear_MW": null, "Crude_MW": null, "Solar_MW": null, "Wind_MW": null, "Other_MW": null, "Source": "EIA-860, EIA-860M and EIA-923", "Period": "202311", "Longitude": -97.687023, "Latitude": 30.587828 }, "geometry": { "type": "Point", "coordinates": [ -97.6870230002623, 30.5878280002484 ] } },
{ "type": "Feature", "properties": { "OBJECTID": 31177, "Plant_Code": 60657, "Plant_Name": "Salt Fork Wind Project, LLC", "Utility_ID": 17650, "Utility_Name": "Southern Power Co", "sector_name": "IPP Non-CHP", "Street_Address": "12124 I-40", "City": "Clarendon", "County": "Donley", "State": "Texas", "Zip": 79226, "PrimSource": "wind", "source_desc": "Wind = 174 MW", "tech_desc": "Onshore Wind Turbine", "Install_MW": 174.0, "Total_MW": 174.0, "Bat_MW": null, "Bio_MW": null, "Coal_MW": null, "Geo_MW": null, "Hydro_MW": null, "HydroPS_MW": null, "NG_MW": null, "Nuclear_MW": null, "Crude_MW": null, "Solar_MW": null, "Wind_MW": 174.0, "Other_MW": null, "Source": "EIA-860, EIA-860M and EIA-923", "Period": "202311", "Longitude": -100.934408, "Latitude": 35.18172 }, "geometry": { "type": "Point", "coordinates": [ -100.934408000174997, 35.181720000193501 ] } },
{ "type": "Feature", "properties": { "OBJECTID": 31197, "Plant_Code": 60682, "Plant_Name": "Pearl Solar", "Utility_ID": 59359, "Utility_Name": "BHE Renewables, LLC", "sector_name": "IPP Non-CHP", "Street_Address": "1401 Nevill Cutoff Road", "City": "Fort Stockton", "County": "Pecos", "State": "Texas", "Zip": 79735, "PrimSource": "solar", "source_desc": "Solar = 50 MW", "tech_desc": "Solar Photovoltaic", "Install_MW": 50.0, "Total_MW": 50.0, "Bat_MW": null, "Bio_MW": null, "Coal_MW": null, "Geo_MW": null, "Hydro_MW": null, "HydroPS_MW": null, "NG_MW": null, "Nuclear_MW": null, "Crude_MW": null, "Solar_MW": 50.0, "Wind_MW": null, "Other_MW": null, "Source": "EIA-860, EIA-860M and EIA-923", "Period": "202311", "Longitude": -102.26831, "Latitude": 30.98784 }, "geometry": { "type": "Point", "coordinates": [ -102.268310000102005, 30.987840000143201 ] } },
{ "type": "Feature", "properties": { "OBJECTID": 31205, "Plant_Code": 60690, "Plant_Name": "Blue Summit Storage, LLC", "Utility_ID": 60409, "Utility_Name": "Blue Summit Storage, LLC", "sector_name": "IPP Non-CHP", "Street_Address": "17301 CR 97N", "City": "Vernon", "County": "Wilbarger", "State": "Texas", "Zip": 76384, "PrimSource": "batteries", "source_desc": "Battery = 30 MW", "tech_desc": "Batteries", "Install_MW": 30.0, "Total_MW": 30.0, "Bat_MW": 30.0, "Bio_MW": null, "Coal_MW": null, "Geo_MW": null, "Hydro_MW": null, "HydroPS_MW": null, "NG_MW": null, "Nuclear_MW": null, "Crude_MW": null, "Solar_MW": null, "Wind_MW": null, "Other_MW": null, "Source": "EIA-860, EIA-860M and EIA-923", "Period": "202311", "Longitude": -99.399, "Latitude": 34.299 }, "geometry": { "type": "Point", "coordinates": [ -99.399000000353993, 34.299000000103597 ] } },
{ "type": "Feature", "properties": { "OBJECTID": 31253, "Plant_Code": 60743, "Plant_Name": "Rattlesnake Power, LLC", "Utility_ID": 60443, "Utility_Name": "Rattlesnake Power, LLC", "sector_name": "IPP Non-CHP", "Street_Address": "CR 128 and US Hwy 87", "City": "Brady", "County": "McCulloch", "State": "Texas", "Zip": 76858, "PrimSource": "wind", "source_desc": "Wind = 160 MW", "tech_desc": "Onshore Wind Turbine", "Install_MW": 160.0, "Total_MW": 160.0, "Bat_MW": null, "Bio_MW": null, "Coal_MW": null, "Geo_MW": null, "Hydro_MW": null, "HydroPS_MW": null, "NG_MW": null, "Nuclear_MW": null, "Crude_MW": null, "Solar_MW": null, "Wind_MW": 160.0, "Other_MW": null, "Source": "EIA-860, EIA-860M and EIA-923", "Period": "202311", "Longitude": -99.551356, "Latitude": 31.360331 }, "geometry": { "type": "Point", "coordinates": [ -99.551356000000894, 31.360330999830399 ] } },
{ "type": "Feature", "properties": { "OBJECTID": 31279, "Plant_Code": 60774, "Plant_Name": "Phantom Solar", "Utility_ID": 60400, "Utility_Name": "Phantom Solar, LLC", "sector_name": "IPP Non-CHP", "Street_Address": "91001 Ammo Road", "City": "Fort Hood", "County": "Bell", "State": "Texas", "Zip": 76544, "PrimSource": "solar", "source_desc": "Solar = 15.4 MW", "tech_desc": "Solar Photovoltaic", "Install_MW": 15.4, "Total_MW": 15.4, "Bat_MW": null, "Bio_MW": null, "Coal_MW": null, "Geo_MW": null, "Hydro_MW": null, "HydroPS_MW": null, "NG_MW": null, "Nuclear_MW": null, "Crude_MW": null, "Solar_MW": 15.4, "Wind_MW": null, "Other_MW": null, "Source": "EIA-860, EIA-860M and EIA-923", "Period": "202311", "Longitude": -97.845111, "Latitude": 31.114983 }, "geometry": { "type": "Point", "coordinates": [ -97.845110999718599, 31.114982999684301 ] } },
{ "type": "Feature", "properties": { "OBJECTID": 31292, "Plant_Code": 60789, "Plant_Name": "Bluebell Solar", "Utility_ID": 60476, "Utility_Name": "Bluebell Solar, LLC", "sector_name": "IPP Non-CHP", "Street_Address": "533 Bird Lane", "City": "Sterling City", "County": "Sterling", "State": "Texas", "Zip": 76951, "PrimSource": "solar", "source_desc": "Solar = 30 MW", "tech_desc": "Solar Photovoltaic", "Install_MW": 30.0, "Total_MW": 30.0, "Bat_MW": null, "Bio_MW": null, "Coal_MW": null, "Geo_MW": null, "Hydro_MW": null, "HydroPS_MW": null, "NG_MW": null, "Nuclear_MW": null, "Crude_MW": null, "Solar_MW": 30.0, "Wind_MW": null, "Other_MW": null, "Source": "EIA-860, EIA-860M and EIA-923", "Period": "202311", "Longitude": -100.828, "Latitude": 31.87 }, "geometry": { "type": "Point", "coordinates": [ -100.827999999962003, 31.870000000141399 ] } },
{ "type": "Feature", "properties": { "OBJECTID": 31347, "Plant_Code": 60856, "Plant_Name": "Astra Wind Farm", "Utility_ID": 60515, "Utility_Name": "Astra Wind LLC", "sector_name": "IPP Non-CHP", "Street_Address": "41801 FM 168", "City": "Happy", "County": "Randall", "State": "Texas", "Zip": 79042, "PrimSource": "wind", "source_desc": "Wind = 163 MW", "tech_desc": "Onshore Wind Turbine", "Install_MW": 163.0, "Total_MW": 163.0, "Bat_MW": null, "Bio_MW": null, "Coal_MW": null, "Geo_MW": null, "Hydro_MW": null, "HydroPS_MW": null, "NG_MW": null, "Nuclear_MW": null, "Crude_MW": null, "Solar_MW": null, "Wind_MW": 163.0, "Other_MW": null, "Source": "EIA-860, EIA-860M and EIA-923", "Period": "202311", "Longitude": -102.052422, "Latitude": 34.769544 }, "geometry": { "type": "Point", "coordinates": [ -102.052422000356998, 34.769544000168899 ] } },
{ "type": "Feature", "properties": { "OBJECTID": 31381, "Plant_Code": 60901, "Plant_Name": "Willow Springs Wind Farm", "Utility_ID": 60542, "Utility_Name": "Willow Springs Windfarm, LLC", "sector_name": "IPP Non-CHP", "Street_Address": "343 CR 251", "City": "Weinert", "County": "Haskell", "State": "Texas", "Zip": 76388, "PrimSource": "wind", "source_desc": "Wind = 250 MW", "tech_desc": "Onshore Wind Turbine", "Install_MW": 250.0, "Total_MW": 250.0, "Bat_MW": null, "Bio_MW": null, "Coal_MW": null, "Geo_MW": null, "Hydro_MW": null, "HydroPS_MW": null, "NG_MW": null, "Nuclear_MW": null, "Crude_MW": null, "Solar_MW": null, "Wind_MW": 250.0, "Other_MW": null, "Source": "EIA-860, EIA-860M and EIA-923", "Period": "202311", "Longitude": -99.624257, "Latitude": 33.345366 }, "geometry": { "type": "Point", "coordinates": [ -99.624257000016001, 33.345366000028299 ] } },
{ "type": "Feature", "properties": { "OBJECTID": 31382, "Plant_Code": 60902, "Plant_Name": "Dermott Wind", "Utility_ID": 60543, "Utility_Name": "Dermott Wind, LLC", "sector_name": "IPP Non-CHP", "Street_Address": "8538  F M 1142", "City": "Snyder", "County": "Scurry", "State": "Texas", "Zip": 79549, "PrimSource": "wind", "source_desc": "Wind = 253 MW", "tech_desc": "Onshore Wind Turbine", "Install_MW": 253.0, "Total_MW": 253.0, "Bat_MW": null, "Bio_MW": null, "Coal_MW": null, "Geo_MW": null, "Hydro_MW": null, "HydroPS_MW": null, "NG_MW": null, "Nuclear_MW": null, "Crude_MW": null, "Solar_MW": null, "Wind_MW": 253.0, "Other_MW": null, "Source": "EIA-860, EIA-860M and EIA-923", "Period": "202311", "Longitude": -100.975128, "Latitude": 32.863769 }, "geometry": { "type": "Point", "coordinates": [ -100.975127999590001, 32.8637690003236 ] } },
{ "type": "Feature", "properties": { "OBJECTID": 31403, "Plant_Code": 60925, "Plant_Name": "Montgomery County", "Utility_ID": 55937, "Utility_Name": "Entergy Texas Inc.", "sector_name": "Electric Utility", "Street_Address": "11191 Longstreet Road", "City": "Willis", "County": "Montgomery", "State": "Texas", "Zip": 77318, "PrimSource": "natural gas", "source_desc": "Natural Gas = 1000 MW", "tech_desc": "Natural Gas Fired Combined Cycle", "Install_MW": 1000.0, "Total_MW": 1000.0, "Bat_MW": null, "Bio_MW": null, "Coal_MW": null, "Geo_MW": null, "Hydro_MW": null, "HydroPS_MW": null, "NG_MW": 1000.0, "Nuclear_MW": null, "Crude_MW": null, "Solar_MW": null, "Wind_MW": null, "Other_MW": null, "Source": "EIA-860, EIA-860M and EIA-923", "Period": "202311", "Longitude": -95.5275, "Latitude": 30.44083 }, "geometry": { "type": "Point", "coordinates": [ -95.527500000409304, 30.440830000217801 ] } },
{ "type": "Feature", "properties": { "OBJECTID": 31449, "Plant_Code": 60983, "Plant_Name": "Buckthorn Wind", "Utility_ID": 60617, "Utility_Name": "Buckthorn Wind Project, LLC", "sector_name": "IPP Non-CHP", "Street_Address": "11265 Country Road 109", "City": "Mingus", "County": "Erath", "State": "Texas", "Zip": 76463, "PrimSource": "wind", "source_desc": "Wind = 100.5 MW", "tech_desc": "Onshore Wind Turbine", "Install_MW": 100.5, "Total_MW": 100.5, "Bat_MW": null, "Bio_MW": null, "Coal_MW": null, "Geo_MW": null, "Hydro_MW": null, "HydroPS_MW": null, "NG_MW": null, "Nuclear_MW": null, "Crude_MW": null, "Solar_MW": null, "Wind_MW": 100.5, "Other_MW": null, "Source": "EIA-860, EIA-860M and EIA-923", "Period": "202311", "Longitude": -98.377389, "Latitude": 32.371306 }, "geometry": { "type": "Point", "coordinates": [ -98.377389000432999, 32.371306000245497 ] } },
{ "type": "Feature", "properties": { "OBJECTID": 31453, "Plant_Code": 60987, "Plant_Name": "Santa Rita Wind Energy", "Utility_ID": 59359, "Utility_Name": "BHE Renewables, LLC", "sector_name": "IPP Non-CHP", "Street_Address": "4990E Hwy 67", "City": "Big Lake", "County": "Reagan", "State": "Texas", "Zip": 76932, "PrimSource": "wind", "source_desc": "Wind = 300 MW", "tech_desc": "Onshore Wind Turbine", "Install_MW": 300.0, "Total_MW": 300.0, "Bat_MW": null, "Bio_MW": null, "Coal_MW": null, "Geo_MW": null, "Hydro_MW": null, "HydroPS_MW": null, "NG_MW": null, "Nuclear_MW": null, "Crude_MW": null, "Solar_MW": null, "Wind_MW": 300.0, "Other_MW": null, "Source": "EIA-860, EIA-860M and EIA-923", "Period": "202311", "Longitude": -101.318787, "Latitude": 31.181377 }, "geometry": { "type": "Point", "coordinates": [ -101.318786999710994, 31.181377000112999 ] } },
{ "type": "Feature", "properties": { "OBJECTID": 31454, "Plant_Code": 60989, "Plant_Name": "SolaireHolman Solar Project", "Utility_ID": 60636, "Utility_Name": "SolaireHolman 1, LLC", "sector_name": "IPP Non-CHP", "Street_Address": "89287 US Hwy 67", "City": "Alpine", "County": "Brewster", "State": "Texas", "Zip": 79830, "PrimSource": "solar", "source_desc": "Solar = 50 MW", "tech_desc": "Solar Photovoltaic", "Install_MW": 50.0, "Total_MW": 50.0, "Bat_MW": null, "Bio_MW": null, "Coal_MW": null, "Geo_MW": null, "Hydro_MW": null, "HydroPS_MW": null, "NG_MW": null, "Nuclear_MW": null, "Crude_MW": null, "Solar_MW": 50.0, "Wind_MW": null, "Other_MW": null, "Source": "EIA-860, EIA-860M and EIA-923", "Period": "202311", "Longitude": -103.4747, "Latitude": 30.45512 }, "geometry": { "type": "Point", "coordinates": [ -103.474700000119, 30.455119999965699 ] } },
{ "type": "Feature", "properties": { "OBJECTID": 31466, "Plant_Code": 61001, "Plant_Name": "Cactus Flats Wind Energy Project", "Utility_ID": 17650, "Utility_Name": "Southern Power Co", "sector_name": "IPP Non-CHP", "Street_Address": "7515 CR 2246", "City": "Eden", "County": "Concho", "State": "Texas", "Zip": 76837, "PrimSource": "wind", "source_desc": "Wind = 148.4 MW", "tech_desc": "Onshore Wind Turbine", "Install_MW": 148.4, "Total_MW": 148.4, "Bat_MW": null, "Bio_MW": null, "Coal_MW": null, "Geo_MW": null, "Hydro_MW": null, "HydroPS_MW": null, "NG_MW": null, "Nuclear_MW": null, "Crude_MW": null, "Solar_MW": null, "Wind_MW": 148.4, "Other_MW": null, "Source": "EIA-860, EIA-860M and EIA-923", "Period": "202311", "Longitude": -100.028142, "Latitude": 31.112474 }, "geometry": { "type": "Point", "coordinates": [ -100.028141999664996, 31.112473999986399 ] } },
{ "type": "Feature", "properties": { "OBJECTID": 31496, "Plant_Code": 61032, "Plant_Name": "Heart of Texas Wind Project", "Utility_ID": 63074, "Utility_Name": "Scout Clean Energy LLC", "sector_name": "IPP Non-CHP", "Street_Address": "2401 US 283", "City": "Brady", "County": "McCulloch", "State": "Texas", "Zip": 76825, "PrimSource": "wind", "source_desc": "Wind = 180 MW", "tech_desc": "Onshore Wind Turbine", "Install_MW": 180.0, "Total_MW": 180.0, "Bat_MW": null, "Bio_MW": null, "Coal_MW": null, "Geo_MW": null, "Hydro_MW": null, "HydroPS_MW": null, "NG_MW": null, "Nuclear_MW": null, "Crude_MW": null, "Solar_MW": null, "Wind_MW": 180.0, "Other_MW": null, "Source": "EIA-860, EIA-860M and EIA-923", "Period": "202311", "Longitude": -99.421266, "Latitude": 31.242177 }, "geometry": { "type": "Point", "coordinates": [ -99.421265999617304, 31.242176999861599 ] } },
{ "type": "Feature", "properties": { "OBJECTID": 31642, "Plant_Code": 61205, "Plant_Name": "Bandera Electric Coop PV", "Utility_ID": 60520, "Utility_Name": "SoCore Energy LLC", "sector_name": "IPP Non-CHP", "Street_Address": "352 Walter White Ranch Road", "City": "Leakey", "County": "Real", "State": "Texas", "Zip": 78873, "PrimSource": "solar", "source_desc": "Solar = 1.5 MW", "tech_desc": "Solar Photovoltaic", "Install_MW": 1.5, "Total_MW": 1.5, "Bat_MW": null, "Bio_MW": null, "Coal_MW": null, "Geo_MW": null, "Hydro_MW": null, "HydroPS_MW": null, "NG_MW": null, "Nuclear_MW": null, "Crude_MW": null, "Solar_MW": 1.5, "Wind_MW": null, "Other_MW": null, "Source": "EIA-860, EIA-860M and EIA-923", "Period": "202311", "Longitude": -99.762212, "Latitude": 29.681032 }, "geometry": { "type": "Point", "coordinates": [ -99.762212000443697, 29.681031999947098 ] } },
{ "type": "Feature", "properties": { "OBJECTID": 31649, "Plant_Code": 61212, "Plant_Name": "Flat Top Wind I", "Utility_ID": 59359, "Utility_Name": "BHE Renewables, LLC", "sector_name": "IPP Non-CHP", "Street_Address": "559 FM 218 W", "City": "Mullin", "County": "Mills", "State": "Texas", "Zip": 76864, "PrimSource": "wind", "source_desc": "Wind = 200 MW", "tech_desc": "Onshore Wind Turbine", "Install_MW": 200.0, "Total_MW": 200.0, "Bat_MW": null, "Bio_MW": null, "Coal_MW": null, "Geo_MW": null, "Hydro_MW": null, "HydroPS_MW": null, "NG_MW": null, "Nuclear_MW": null, "Crude_MW": null, "Solar_MW": null, "Wind_MW": 200.0, "Other_MW": null, "Source": "EIA-860, EIA-860M and EIA-923", "Period": "202311", "Longitude": -98.603358, "Latitude": 31.684511 }, "geometry": { "type": "Point", "coordinates": [ -98.603358000297703, 31.684510999792298 ] } },
{ "type": "Feature", "properties": { "OBJECTID": 31675, "Plant_Code": 61241, "Plant_Name": "Tres City Power LLC", "Utility_ID": 64835, "Utility_Name": "Tres Power Victoria LLC", "sector_name": "IPP Non-CHP", "Street_Address": "1301 Willow Street", "City": "Victoria", "County": "Victoria", "State": "Texas", "Zip": 77901, "PrimSource": "natural gas", "source_desc": "Natural Gas = 86 MW", "tech_desc": "Natural Gas Fired Combustion Turbine", "Install_MW": 100.0, "Total_MW": 86.0, "Bat_MW": null, "Bio_MW": null, "Coal_MW": null, "Geo_MW": null, "Hydro_MW": null, "HydroPS_MW": null, "NG_MW": 86.0, "Nuclear_MW": null, "Crude_MW": null, "Solar_MW": null, "Wind_MW": null, "Other_MW": null, "Source": "EIA-860, EIA-860M and EIA-923", "Period": "202311", "Longitude": -97.0093, "Latitude": 28.7853 }, "geometry": { "type": "Point", "coordinates": [ -97.009299999893003, 28.7853000003754 ] } },
{ "type": "Feature", "properties": { "OBJECTID": 31676, "Plant_Code": 61242, "Plant_Name": "Tres Port Power, LLC", "Utility_ID": 64835, "Utility_Name": "Tres Power Victoria LLC", "sector_name": "IPP Non-CHP", "Street_Address": "2100 Old Bloomington Rd North", "City": "Victoria", "County": "Victoria", "State": "Texas", "Zip": 77905, "PrimSource": "natural gas", "source_desc": "Natural Gas = 86 MW", "tech_desc": "Natural Gas Fired Combustion Turbine", "Install_MW": 100.0, "Total_MW": 86.0, "Bat_MW": null, "Bio_MW": null, "Coal_MW": null, "Geo_MW": null, "Hydro_MW": null, "HydroPS_MW": null, "NG_MW": 86.0, "Nuclear_MW": null, "Crude_MW": null, "Solar_MW": null, "Wind_MW": null, "Other_MW": null, "Source": "EIA-860, EIA-860M and EIA-923", "Period": "202311", "Longitude": -96.9453, "Latitude": 28.69637 }, "geometry": { "type": "Point", "coordinates": [ -96.9452999999897, 28.696369999890901 ] } },
{ "type": "Feature", "properties": { "OBJECTID": 31730, "Plant_Code": 61309, "Plant_Name": "IKEA Grand Prairie Rooftop PV System", "Utility_ID": 57389, "Utility_Name": "IKEA Property Inc", "sector_name": "IPP Non-CHP", "Street_Address": "1000 IKEA Way", "City": "Grand Prairie", "County": "Dallas", "State": "Texas", "Zip": 75052, "PrimSource": "solar", "source_desc": "Solar = 1.1 MW", "tech_desc": "Solar Photovoltaic", "Install_MW": 1.2, "Total_MW": 1.1, "Bat_MW": null, "Bio_MW": null, "Coal_MW": null, "Geo_MW": null, "Hydro_MW": null, "HydroPS_MW": null, "NG_MW": null, "Nuclear_MW": null, "Crude_MW": null, "Solar_MW": 1.1, "Wind_MW": null, "Other_MW": null, "Source": "EIA-860, EIA-860M and EIA-923", "Period": "202311", "Longitude": -97.05, "Latitude": 32.82 }, "geometry": { "type": "Point", "coordinates": [ -97.050000000115006, 32.820000000177203 ] } },
{ "type": "Feature", "properties": { "OBJECTID": 31760, "Plant_Code": 61343, "Plant_Name": "Karankawa Wind LLC", "Utility_ID": 15399, "Utility_Name": "Avangrid Renewables LLC", "sector_name": "IPP Non-CHP", "Street_Address": "12136 HWY 359", "City": "Mathis", "County": "San Patricio", "State": "Texas", "Zip": 78368, "PrimSource": "wind", "source_desc": "Wind = 307.1 MW", "tech_desc": "Onshore Wind Turbine", "Install_MW": 307.1, "Total_MW": 307.1, "Bat_MW": null, "Bio_MW": null, "Coal_MW": null, "Geo_MW": null, "Hydro_MW": null, "HydroPS_MW": null, "NG_MW": null, "Nuclear_MW": null, "Crude_MW": null, "Solar_MW": null, "Wind_MW": 307.1, "Other_MW": null, "Source": "EIA-860, EIA-860M and EIA-923", "Period": "202311", "Longitude": -97.817507, "Latitude": 28.170179 }, "geometry": { "type": "Point", "coordinates": [ -97.817506999932903, 28.170179000349101 ] } },
{ "type": "Feature", "properties": { "OBJECTID": 31763, "Plant_Code": 61346, "Plant_Name": "RE Maplewood", "Utility_ID": 60453, "Utility_Name": "Onward Energy", "sector_name": "IPP Non-CHP", "Street_Address": "1272 FM 1901", "City": "McCamey", "County": "Pecos", "State": "Texas", "Zip": 79752, "PrimSource": "solar", "source_desc": "Solar = 250 MW", "tech_desc": "Solar Photovoltaic", "Install_MW": 250.0, "Total_MW": 250.0, "Bat_MW": null, "Bio_MW": null, "Coal_MW": null, "Geo_MW": null, "Hydro_MW": null, "HydroPS_MW": null, "NG_MW": null, "Nuclear_MW": null, "Crude_MW": null, "Solar_MW": 250.0, "Wind_MW": null, "Other_MW": null, "Source": "EIA-860, EIA-860M and EIA-923", "Period": "202311", "Longitude": -102.257753, "Latitude": 30.976638 }, "geometry": { "type": "Point", "coordinates": [ -102.257752999781005, 30.9766380000924 ] } },
{ "type": "Feature", "properties": { "OBJECTID": 31772, "Plant_Code": 61355, "Plant_Name": "Arlington Outlet Hydroelectric Generator", "Utility_ID": 60995, "Utility_Name": "Tarrant Regional Water District", "sector_name": "Commercial Non-CHP", "Street_Address": "5251 Everman Kennedale", "City": "Fort Worth", "County": "Tarrant", "State": "Texas", "Zip": 76140, "PrimSource": "hydroelectric", "source_desc": "Hydroelectric = 1.3 MW", "tech_desc": "Conventional Hydroelectric", "Install_MW": 1.3, "Total_MW": 1.3, "Bat_MW": null, "Bio_MW": null, "Coal_MW": null, "Geo_MW": null, "Hydro_MW": 1.3, "HydroPS_MW": null, "NG_MW": null, "Nuclear_MW": null, "Crude_MW": null, "Solar_MW": null, "Wind_MW": null, "Other_MW": null, "Source": "EIA-860, EIA-860M and EIA-923", "Period": "202311", "Longitude": -97.242906, "Latitude": 32.639069 }, "geometry": { "type": "Point", "coordinates": [ -97.242906000196101, 32.639068999998301 ] } },
{ "type": "Feature", "properties": { "OBJECTID": 31778, "Plant_Code": 61362, "Plant_Name": "NRG Elbow Creek Energy Storage Project", "Utility_ID": 54888, "Utility_Name": "NRG Texas Power LLC", "sector_name": "IPP Non-CHP", "Street_Address": "1003 FM 818 W.", "City": "Big Spring", "County": "Howard", "State": "Texas", "Zip": 79720, "PrimSource": "batteries", "source_desc": "Battery = 2 MW", "tech_desc": "Batteries", "Install_MW": 2.0, "Total_MW": 2.0, "Bat_MW": 2.0, "Bio_MW": null, "Coal_MW": null, "Geo_MW": null, "Hydro_MW": null, "HydroPS_MW": null, "NG_MW": null, "Nuclear_MW": null, "Crude_MW": null, "Solar_MW": null, "Wind_MW": null, "Other_MW": null, "Source": "EIA-860, EIA-860M and EIA-923", "Period": "202311", "Longitude": -101.479217, "Latitude": 32.167575 }, "geometry": { "type": "Point", "coordinates": [ -101.479216999640002, 32.1675749998603 ] } },
{ "type": "Feature", "properties": { "OBJECTID": 31783, "Plant_Code": 61368, "Plant_Name": "Midway Solar - TX", "Utility_ID": 61801, "Utility_Name": "Midway Solar", "sector_name": "IPP Non-CHP", "Street_Address": "FM highway 1901 at CO-OP Road", "City": "Fort Stockton", "County": "Pecos", "State": "Texas", "Zip": 79735, "PrimSource": "solar", "source_desc": "Solar = 182 MW", "tech_desc": "Solar Photovoltaic", "Install_MW": 182.0, "Total_MW": 182.0, "Bat_MW": null, "Bio_MW": null, "Coal_MW": null, "Geo_MW": null, "Hydro_MW": null, "HydroPS_MW": null, "NG_MW": null, "Nuclear_MW": null, "Crude_MW": null, "Solar_MW": 182.0, "Wind_MW": null, "Other_MW": null, "Source": "EIA-860, EIA-860M and EIA-923", "Period": "202311", "Longitude": -102.223537, "Latitude": 30.995503 }, "geometry": { "type": "Point", "coordinates": [ -102.223536999754003, 30.9955029999925 ] } },
{ "type": "Feature", "properties": { "OBJECTID": 31785, "Plant_Code": 61370, "Plant_Name": "Walnut Springs Solar", "Utility_ID": 61060, "Utility_Name": "Cypress Creek Renewables", "sector_name": "IPP Non-CHP", "Street_Address": "563 Farm Road 203", "City": "Walnut Springs", "County": "Bosque", "State": "Texas", "Zip": 76690, "PrimSource": "solar", "source_desc": "Solar = 5 MW", "tech_desc": "Solar Photovoltaic", "Install_MW": 5.0, "Total_MW": 5.0, "Bat_MW": null, "Bio_MW": null, "Coal_MW": null, "Geo_MW": null, "Hydro_MW": null, "HydroPS_MW": null, "NG_MW": null, "Nuclear_MW": null, "Crude_MW": null, "Solar_MW": 5.0, "Wind_MW": null, "Other_MW": null, "Source": "EIA-860, EIA-860M and EIA-923", "Period": "202311", "Longitude": -97.768464, "Latitude": 32.07868 }, "geometry": { "type": "Point", "coordinates": [ -97.768463999815907, 32.078679999866097 ] } },
{ "type": "Feature", "properties": { "OBJECTID": 31809, "Plant_Code": 61402, "Plant_Name": "Foard City Wind", "Utility_ID": 61037, "Utility_Name": "Foard City Wind, LLC", "sector_name": "IPP Non-CHP", "Street_Address": "195 CR 337", "City": "Crowell", "County": "Foard", "State": "Texas", "Zip": 79227, "PrimSource": "wind", "source_desc": "Wind = 350.3 MW", "tech_desc": "Onshore Wind Turbine", "Install_MW": 352.8, "Total_MW": 350.3, "Bat_MW": null, "Bio_MW": null, "Coal_MW": null, "Geo_MW": null, "Hydro_MW": null, "HydroPS_MW": null, "NG_MW": null, "Nuclear_MW": null, "Crude_MW": null, "Solar_MW": null, "Wind_MW": 350.3, "Other_MW": null, "Source": "EIA-860, EIA-860M and EIA-923", "Period": "202311", "Longitude": -99.740278, "Latitude": 33.915315 }, "geometry": { "type": "Point", "coordinates": [ -99.740277999644704, 33.915315000225299 ] } },
{ "type": "Feature", "properties": { "OBJECTID": 31816, "Plant_Code": 61409, "Plant_Name": "Highway 56 Solar", "Utility_ID": 61060, "Utility_Name": "Cypress Creek Renewables", "sector_name": "IPP Non-CHP", "Street_Address": "16480 Hwy 56", "City": "Sherman", "County": "Grayson", "State": "Texas", "Zip": 75092, "PrimSource": "solar", "source_desc": "Solar = 5.3 MW", "tech_desc": "Solar Photovoltaic", "Install_MW": 5.3, "Total_MW": 5.3, "Bat_MW": null, "Bio_MW": null, "Coal_MW": null, "Geo_MW": null, "Hydro_MW": null, "HydroPS_MW": null, "NG_MW": null, "Nuclear_MW": null, "Crude_MW": null, "Solar_MW": 5.3, "Wind_MW": null, "Other_MW": null, "Source": "EIA-860, EIA-860M and EIA-923", "Period": "202311", "Longitude": -96.690448, "Latitude": 33.614436 }, "geometry": { "type": "Point", "coordinates": [ -96.690447999699103, 33.614436000142902 ] } },
{ "type": "Feature", "properties": { "OBJECTID": 31817, "Plant_Code": 61410, "Plant_Name": "Whitesboro Solar", "Utility_ID": 61060, "Utility_Name": "Cypress Creek Renewables", "sector_name": "IPP Non-CHP", "Street_Address": "4899 FM 901", "City": "Whitesboro", "County": "Grayson", "State": "Texas", "Zip": 76273, "PrimSource": "solar", "source_desc": "Solar = 5 MW", "tech_desc": "Solar Photovoltaic", "Install_MW": 5.0, "Total_MW": 5.0, "Bat_MW": null, "Bio_MW": null, "Coal_MW": null, "Geo_MW": null, "Hydro_MW": null, "HydroPS_MW": null, "NG_MW": null, "Nuclear_MW": null, "Crude_MW": null, "Solar_MW": 5.0, "Wind_MW": null, "Other_MW": null, "Source": "EIA-860, EIA-860M and EIA-923", "Period": "202311", "Longitude": -96.868721, "Latitude": 33.616526 }, "geometry": { "type": "Point", "coordinates": [ -96.868720999859093, 33.616526000317897 ] } },
{ "type": "Feature", "properties": { "OBJECTID": 31818, "Plant_Code": 61411, "Plant_Name": "Whitesboro Solar II", "Utility_ID": 61060, "Utility_Name": "Cypress Creek Renewables", "sector_name": "IPP Non-CHP", "Street_Address": "4899 FM 901", "City": "Whitesboro", "County": "Grayson", "State": "Texas", "Zip": 76273, "PrimSource": "solar", "source_desc": "Solar = 5 MW", "tech_desc": "Solar Photovoltaic", "Install_MW": 5.0, "Total_MW": 5.0, "Bat_MW": null, "Bio_MW": null, "Coal_MW": null, "Geo_MW": null, "Hydro_MW": null, "HydroPS_MW": null, "NG_MW": null, "Nuclear_MW": null, "Crude_MW": null, "Solar_MW": 5.0, "Wind_MW": null, "Other_MW": null, "Source": "EIA-860, EIA-860M and EIA-923", "Period": "202311", "Longitude": -96.867474, "Latitude": 33.624853 }, "geometry": { "type": "Point", "coordinates": [ -96.867473999904206, 33.624852999871301 ] } },
{ "type": "Feature", "properties": { "OBJECTID": 31824, "Plant_Code": 61417, "Plant_Name": "Gopher Creek Wind Farm", "Utility_ID": 61054, "Utility_Name": "Fluvanna Wind Energy 2 LLC", "sector_name": "IPP Non-CHP", "Street_Address": "TBD", "City": "Fluvanna", "County": "Borden", "State": "Texas", "Zip": 79517, "PrimSource": "wind", "source_desc": "Wind = 158 MW", "tech_desc": "Onshore Wind Turbine", "Install_MW": 158.0, "Total_MW": 158.0, "Bat_MW": null, "Bio_MW": null, "Coal_MW": null, "Geo_MW": null, "Hydro_MW": null, "HydroPS_MW": null, "NG_MW": null, "Nuclear_MW": null, "Crude_MW": null, "Solar_MW": null, "Wind_MW": 158.0, "Other_MW": null, "Source": "EIA-860, EIA-860M and EIA-923", "Period": "202311", "Longitude": -101.208955, "Latitude": 32.875073 }, "geometry": { "type": "Point", "coordinates": [ -101.208954999826005, 32.875072999872998 ] } },
{ "type": "Feature", "properties": { "OBJECTID": 31893, "Plant_Code": 61493, "Plant_Name": "E-Volve Energy Holdings LLC", "Utility_ID": 61100, "Utility_Name": "E-Volve Energy Holdings LLC", "sector_name": "IPP Non-CHP", "Street_Address": "886 FM 3013", "City": "Sealy", "County": "Austin", "State": "Texas", "Zip": 77474, "PrimSource": "solar", "source_desc": "Solar = 1.2 MW", "tech_desc": "Solar Photovoltaic", "Install_MW": 1.2, "Total_MW": 1.2, "Bat_MW": null, "Bio_MW": null, "Coal_MW": null, "Geo_MW": null, "Hydro_MW": null, "HydroPS_MW": null, "NG_MW": null, "Nuclear_MW": null, "Crude_MW": null, "Solar_MW": 1.2, "Wind_MW": null, "Other_MW": null, "Source": "EIA-860, EIA-860M and EIA-923", "Period": "202311", "Longitude": -96.15994, "Latitude": 29.740788 }, "geometry": { "type": "Point", "coordinates": [ -96.159939999894604, 29.7407879996323 ] } },
{ "type": "Feature", "properties": { "OBJECTID": 31912, "Plant_Code": 61513, "Plant_Name": "Marlin Solar", "Utility_ID": 61060, "Utility_Name": "Cypress Creek Renewables", "sector_name": "IPP Non-CHP", "Street_Address": "253 CR 2861", "City": "Marlin", "County": "Limestone", "State": "Texas", "Zip": 76661, "PrimSource": "solar", "source_desc": "Solar = 5.3 MW", "tech_desc": "Solar Photovoltaic", "Install_MW": 5.3, "Total_MW": 5.3, "Bat_MW": null, "Bio_MW": null, "Coal_MW": null, "Geo_MW": null, "Hydro_MW": null, "HydroPS_MW": null, "NG_MW": null, "Nuclear_MW": null, "Crude_MW": null, "Solar_MW": 5.3, "Wind_MW": null, "Other_MW": null, "Source": "EIA-860, EIA-860M and EIA-923", "Period": "202311", "Longitude": -96.877205, "Latitude": 31.286739 }, "geometry": { "type": "Point", "coordinates": [ -96.877205000219405, 31.286738999806399 ] } },
{ "type": "Feature", "properties": { "OBJECTID": 31913, "Plant_Code": 61514, "Plant_Name": "North Gainesville Solar", "Utility_ID": 61060, "Utility_Name": "Cypress Creek Renewables", "sector_name": "IPP Non-CHP", "Street_Address": "2651 N. Weaver Street", "City": "Gainesville", "County": "Cooke", "State": "Texas", "Zip": 76420, "PrimSource": "solar", "source_desc": "Solar = 5.2 MW", "tech_desc": "Solar Photovoltaic", "Install_MW": 5.2, "Total_MW": 5.2, "Bat_MW": null, "Bio_MW": null, "Coal_MW": null, "Geo_MW": null, "Hydro_MW": null, "HydroPS_MW": null, "NG_MW": null, "Nuclear_MW": null, "Crude_MW": null, "Solar_MW": 5.2, "Wind_MW": null, "Other_MW": null, "Source": "EIA-860, EIA-860M and EIA-923", "Period": "202311", "Longitude": -97.148569, "Latitude": 33.656072 }, "geometry": { "type": "Point", "coordinates": [ -97.148569000222807, 33.6560720000831 ] } },
{ "type": "Feature", "properties": { "OBJECTID": 31922, "Plant_Code": 61524, "Plant_Name": "Whitewright Solar", "Utility_ID": 61060, "Utility_Name": "Cypress Creek Renewables", "sector_name": "IPP Non-CHP", "Street_Address": "15058 N. W. State Highway 11", "City": "Whitewright", "County": "Fannin", "State": "Texas", "Zip": 75491, "PrimSource": "solar", "source_desc": "Solar = 10 MW", "tech_desc": "Solar Photovoltaic", "Install_MW": 10.0, "Total_MW": 10.0, "Bat_MW": null, "Bio_MW": null, "Coal_MW": null, "Geo_MW": null, "Hydro_MW": null, "HydroPS_MW": null, "NG_MW": null, "Nuclear_MW": null, "Crude_MW": null, "Solar_MW": 10.0, "Wind_MW": null, "Other_MW": null, "Source": "EIA-860, EIA-860M and EIA-923", "Period": "202311", "Longitude": -96.378894, "Latitude": 33.498186 }, "geometry": { "type": "Point", "coordinates": [ -96.378894000010007, 33.498186000269499 ] } },
{ "type": "Feature", "properties": { "OBJECTID": 31929, "Plant_Code": 61532, "Plant_Name": "Leon Solar", "Utility_ID": 61060, "Utility_Name": "Cypress Creek Renewables", "sector_name": "IPP Non-CHP", "Street_Address": "639 CR 1119", "City": "Greenville", "County": "Hunt", "State": "Texas", "Zip": 75401, "PrimSource": "solar", "source_desc": "Solar = 10 MW", "tech_desc": "Solar Photovoltaic", "Install_MW": 10.0, "Total_MW": 10.0, "Bat_MW": null, "Bio_MW": null, "Coal_MW": null, "Geo_MW": null, "Hydro_MW": null, "HydroPS_MW": null, "NG_MW": null, "Nuclear_MW": null, "Crude_MW": null, "Solar_MW": 10.0, "Wind_MW": null, "Other_MW": null, "Source": "EIA-860, EIA-860M and EIA-923", "Period": "202311", "Longitude": -96.239739, "Latitude": 33.16114 }, "geometry": { "type": "Point", "coordinates": [ -96.239739000381306, 33.161139999673999 ] } },
{ "type": "Feature", "properties": { "OBJECTID": 31984, "Plant_Code": 61589, "Plant_Name": "UL Advanced Wind Turbine Test Facility", "Utility_ID": 61188, "Utility_Name": "West Texas A&M University", "sector_name": "Commercial Non-CHP", "Street_Address": "3700 E. Nance Rd", "City": "Canyon", "County": "Randall", "State": "Texas", "Zip": 79015, "PrimSource": "wind", "source_desc": "Wind = 3.5 MW", "tech_desc": "Onshore Wind Turbine", "Install_MW": 3.5, "Total_MW": 3.5, "Bat_MW": null, "Bio_MW": null, "Coal_MW": null, "Geo_MW": null, "Hydro_MW": null, "HydroPS_MW": null, "NG_MW": null, "Nuclear_MW": null, "Crude_MW": null, "Solar_MW": null, "Wind_MW": 3.5, "Other_MW": null, "Source": "EIA-860, EIA-860M and EIA-923", "Period": "202311", "Longitude": -101.78412, "Latitude": 34.966012 }, "geometry": { "type": "Point", "coordinates": [ -101.784119999628004, 34.966011999702303 ] } },
{ "type": "Feature", "properties": { "OBJECTID": 32017, "Plant_Code": 61625, "Plant_Name": "West Moore Solar II", "Utility_ID": 61060, "Utility_Name": "Cypress Creek Renewables", "sector_name": "IPP Non-CHP", "Street_Address": "1917 W. Moore Street", "City": "Sherman", "County": "Grayson", "State": "Texas", "Zip": 75092, "PrimSource": "solar", "source_desc": "Solar = 5 MW", "tech_desc": "Solar Photovoltaic", "Install_MW": 5.0, "Total_MW": 5.0, "Bat_MW": null, "Bio_MW": null, "Coal_MW": null, "Geo_MW": null, "Hydro_MW": null, "HydroPS_MW": null, "NG_MW": null, "Nuclear_MW": null, "Crude_MW": null, "Solar_MW": 5.0, "Wind_MW": null, "Other_MW": null, "Source": "EIA-860, EIA-860M and EIA-923", "Period": "202311", "Longitude": -96.6284, "Latitude": 33.61748 }, "geometry": { "type": "Point", "coordinates": [ -96.628400000280706, 33.6174799999173 ] } },
{ "type": "Feature", "properties": { "OBJECTID": 32034, "Plant_Code": 61643, "Plant_Name": "Denton Energy Center", "Utility_ID": 5063, "Utility_Name": "City of Denton - (TX)", "sector_name": "Electric Utility", "Street_Address": "8161 Jim Christal Road", "City": "Denton", "County": "Denton", "State": "Texas", "Zip": 76207, "PrimSource": "natural gas", "source_desc": "Natural Gas = 225.6 MW", "tech_desc": "Natural Gas Internal Combustion Engine", "Install_MW": 225.6, "Total_MW": 225.6, "Bat_MW": null, "Bio_MW": null, "Coal_MW": null, "Geo_MW": null, "Hydro_MW": null, "HydroPS_MW": null, "NG_MW": 225.6, "Nuclear_MW": null, "Crude_MW": null, "Solar_MW": null, "Wind_MW": null, "Other_MW": null, "Source": "EIA-860, EIA-860M and EIA-923", "Period": "202311", "Longitude": -97.209692, "Latitude": 33.214869 }, "geometry": { "type": "Point", "coordinates": [ -97.209691999901494, 33.214868999994998 ] } },
{ "type": "Feature", "properties": { "OBJECTID": 32063, "Plant_Code": 61674, "Plant_Name": "Wildcat Ranch Wind Project", "Utility_ID": 61291, "Utility_Name": "Wildcat Ranch Wind Project, LLC", "sector_name": "IPP Non-CHP", "Street_Address": "2176 County Road 97", "City": "Morton", "County": "Cochran", "State": "Texas", "Zip": 79346, "PrimSource": "wind", "source_desc": "Wind = 150 MW", "tech_desc": "Onshore Wind Turbine", "Install_MW": 150.0, "Total_MW": 150.0, "Bat_MW": null, "Bio_MW": null, "Coal_MW": null, "Geo_MW": null, "Hydro_MW": null, "HydroPS_MW": null, "NG_MW": null, "Nuclear_MW": null, "Crude_MW": null, "Solar_MW": null, "Wind_MW": 150.0, "Other_MW": null, "Source": "EIA-860, EIA-860M and EIA-923", "Period": "202311", "Longitude": -102.9619, "Latitude": 33.5296 }, "geometry": { "type": "Point", "coordinates": [ -102.961899999929003, 33.529599999894899 ] } },
{ "type": "Feature", "properties": { "OBJECTID": 32085, "Plant_Code": 61697, "Plant_Name": "Lamesa II", "Utility_ID": 62080, "Utility_Name": "Lamesa Solar II, L.L.C.", "sector_name": "IPP Non-CHP", "Street_Address": "2060 County Rd O", "City": "Lamesa", "County": "Dawson", "State": "Texas", "Zip": 79331, "PrimSource": "solar", "source_desc": "Solar = 50 MW", "tech_desc": "Solar Photovoltaic", "Install_MW": 50.0, "Total_MW": 50.0, "Bat_MW": null, "Bio_MW": null, "Coal_MW": null, "Geo_MW": null, "Hydro_MW": null, "HydroPS_MW": null, "NG_MW": null, "Nuclear_MW": null, "Crude_MW": null, "Solar_MW": 50.0, "Wind_MW": null, "Other_MW": null, "Source": "EIA-860, EIA-860M and EIA-923", "Period": "202311", "Longitude": -101.885218, "Latitude": 32.713326 }, "geometry": { "type": "Point", "coordinates": [ -101.885217999804993, 32.713325999930802 ] } },
{ "type": "Feature", "properties": { "OBJECTID": 32088, "Plant_Code": 61700, "Plant_Name": "PowerFin Kingsbery", "Utility_ID": 61323, "Utility_Name": "PowerFin ASL 1, LLC", "sector_name": "IPP Non-CHP", "Street_Address": "942 Lott Avenue", "City": "Austin", "County": "Travis", "State": "Texas", "Zip": 78721, "PrimSource": "solar", "source_desc": "Solar = 2.6 MW", "tech_desc": "Solar Photovoltaic", "Install_MW": 2.6, "Total_MW": 2.6, "Bat_MW": null, "Bio_MW": null, "Coal_MW": null, "Geo_MW": null, "Hydro_MW": null, "HydroPS_MW": null, "NG_MW": null, "Nuclear_MW": null, "Crude_MW": null, "Solar_MW": 2.6, "Wind_MW": null, "Other_MW": null, "Source": "EIA-860, EIA-860M and EIA-923", "Period": "202311", "Longitude": -97.684861, "Latitude": 30.265877 }, "geometry": { "type": "Point", "coordinates": [ -97.684860999715198, 30.265877000113299 ] } },
{ "type": "Feature", "properties": { "OBJECTID": 32128, "Plant_Code": 61741, "Plant_Name": "Kingsberry Energy Storage System", "Utility_ID": 1015, "Utility_Name": "Austin Energy", "sector_name": "Electric Utility", "Street_Address": "5017 1/2 Alf Avenue", "City": "Austin", "County": "Travis", "State": "Texas", "Zip": 78721, "PrimSource": "batteries", "source_desc": "Battery = 1.5 MW", "tech_desc": "Batteries", "Install_MW": 1.5, "Total_MW": 1.5, "Bat_MW": 1.5, "Bio_MW": null, "Coal_MW": null, "Geo_MW": null, "Hydro_MW": null, "HydroPS_MW": null, "NG_MW": null, "Nuclear_MW": null, "Crude_MW": null, "Solar_MW": null, "Wind_MW": null, "Other_MW": null, "Source": "EIA-860, EIA-860M and EIA-923", "Period": "202311", "Longitude": -97.686139, "Latitude": 30.266028 }, "geometry": { "type": "Point", "coordinates": [ -97.686138999632206, 30.266028000051001 ] } },
{ "type": "Feature", "properties": { "OBJECTID": 32129, "Plant_Code": 61742, "Plant_Name": "System Control Center", "Utility_ID": 1015, "Utility_Name": "Austin Energy", "sector_name": "Electric Utility", "Street_Address": "2500 Montopolis Dr", "City": "Austin", "County": "Travis", "State": "Texas", "Zip": 78741, "PrimSource": "other", "source_desc": "Other = 5 MW", "tech_desc": "Flywheels", "Install_MW": 5.0, "Total_MW": 5.0, "Bat_MW": null, "Bio_MW": null, "Coal_MW": null, "Geo_MW": null, "Hydro_MW": null, "HydroPS_MW": null, "NG_MW": null, "Nuclear_MW": null, "Crude_MW": null, "Solar_MW": null, "Wind_MW": null, "Other_MW": 5.0, "Source": "EIA-860, EIA-860M and EIA-923", "Period": "202311", "Longitude": -97.708808, "Latitude": 30.219946 }, "geometry": { "type": "Point", "coordinates": [ -97.708808000199994, 30.219945999622901 ] } },
{ "type": "Feature", "properties": { "OBJECTID": 32156, "Plant_Code": 61773, "Plant_Name": "Palmas Wind, LLC", "Utility_ID": 57416, "Utility_Name": "Acciona Energy USA Global, LLC", "sector_name": "IPP Non-CHP", "Street_Address": "18551 Olimito North Rd", "City": "Rio Hondo", "County": "Cameron", "State": "Texas", "Zip": 78583, "PrimSource": "wind", "source_desc": "Wind = 142.6 MW", "tech_desc": "Onshore Wind Turbine", "Install_MW": 144.9, "Total_MW": 142.6, "Bat_MW": null, "Bio_MW": null, "Coal_MW": null, "Geo_MW": null, "Hydro_MW": null, "HydroPS_MW": null, "NG_MW": null, "Nuclear_MW": null, "Crude_MW": null, "Solar_MW": null, "Wind_MW": 142.6, "Other_MW": null, "Source": "EIA-860, EIA-860M and EIA-923", "Period": "202311", "Longitude": -97.496389, "Latitude": 26.288889 }, "geometry": { "type": "Point", "coordinates": [ -97.496389000333096, 26.2888889999474 ] } },
{ "type": "Feature", "properties": { "OBJECTID": 32159, "Plant_Code": 61776, "Plant_Name": "Midway Wind, LLC", "Utility_ID": 61396, "Utility_Name": "Midway Wind, LLC", "sector_name": "IPP Non-CHP", "Street_Address": "5894 CR 3865", "City": "Taft", "County": "San Patricio", "State": "Texas", "Zip": 78390, "PrimSource": "wind", "source_desc": "Wind = 162.9 MW", "tech_desc": "Onshore Wind Turbine", "Install_MW": 162.9, "Total_MW": 162.9, "Bat_MW": null, "Bio_MW": null, "Coal_MW": null, "Geo_MW": null, "Hydro_MW": null, "HydroPS_MW": null, "NG_MW": null, "Nuclear_MW": null, "Crude_MW": null, "Solar_MW": null, "Wind_MW": 162.9, "Other_MW": null, "Source": "EIA-860, EIA-860M and EIA-923", "Period": "202311", "Longitude": -97.300202, "Latitude": 27.954976 }, "geometry": { "type": "Point", "coordinates": [ -97.300201999796499, 27.954975999834399 ] } },
{ "type": "Feature", "properties": { "OBJECTID": 32165, "Plant_Code": 61782, "Plant_Name": "Live Oak Wind Project", "Utility_ID": 56201, "Utility_Name": "Engie North America", "sector_name": "IPP Non-CHP", "Street_Address": "1440 CR 431", "City": "Eldorado", "County": "Schleicher", "State": "Texas", "Zip": 76936, "PrimSource": "wind", "source_desc": "Wind = 199.5 MW", "tech_desc": "Onshore Wind Turbine", "Install_MW": 199.5, "Total_MW": 199.5, "Bat_MW": null, "Bio_MW": null, "Coal_MW": null, "Geo_MW": null, "Hydro_MW": null, "HydroPS_MW": null, "NG_MW": null, "Nuclear_MW": null, "Crude_MW": null, "Solar_MW": null, "Wind_MW": 199.5, "Other_MW": null, "Source": "EIA-860, EIA-860M and EIA-923", "Period": "202311", "Longitude": -100.623114, "Latitude": 31.048557 }, "geometry": { "type": "Point", "coordinates": [ -100.623113999878996, 31.048556999793298 ] } },
{ "type": "Feature", "properties": { "OBJECTID": 32186, "Plant_Code": 61810, "Plant_Name": "Chisum", "Utility_ID": 61060, "Utility_Name": "Cypress Creek Renewables", "sector_name": "IPP Non-CHP", "Street_Address": "Farm to Market Road 196", "City": "Blossom", "County": "Lamar", "State": "Texas", "Zip": 75416, "PrimSource": "solar", "source_desc": "Solar = 10 MW", "tech_desc": "Solar Photovoltaic", "Install_MW": 10.0, "Total_MW": 10.0, "Bat_MW": null, "Bio_MW": null, "Coal_MW": null, "Geo_MW": null, "Hydro_MW": null, "HydroPS_MW": null, "NG_MW": null, "Nuclear_MW": null, "Crude_MW": null, "Solar_MW": 10.0, "Wind_MW": null, "Other_MW": null, "Source": "EIA-860, EIA-860M and EIA-923", "Period": "202311", "Longitude": -95.39071, "Latitude": 33.63291 }, "geometry": { "type": "Point", "coordinates": [ -95.390709999920702, 33.632910000212803 ] } },
{ "type": "Feature", "properties": { "OBJECTID": 32219, "Plant_Code": 61848, "Plant_Name": "PYCO Industries, Inc. Wind Farm", "Utility_ID": 61470, "Utility_Name": "PYCO Industries, Inc.", "sector_name": "Industrial Non-CHP", "Street_Address": "3305 East 50th Street", "City": "Lubbock", "County": "Lubbock", "State": "Texas", "Zip": 79404, "PrimSource": "wind", "source_desc": "Wind = 3 MW", "tech_desc": "Onshore Wind Turbine", "Install_MW": 10.0, "Total_MW": 3.0, "Bat_MW": null, "Bio_MW": null, "Coal_MW": null, "Geo_MW": null, "Hydro_MW": null, "HydroPS_MW": null, "NG_MW": null, "Nuclear_MW": null, "Crude_MW": null, "Solar_MW": null, "Wind_MW": 3.0, "Other_MW": null, "Source": "EIA-860, EIA-860M and EIA-923", "Period": "202311", "Longitude": -101.792412, "Latitude": 33.553184 }, "geometry": { "type": "Point", "coordinates": [ -101.792412000366994, 33.553184000314602 ] } },
{ "type": "Feature", "properties": { "OBJECTID": 32234, "Plant_Code": 61865, "Plant_Name": "Rio Bravo Windpower, LLC", "Utility_ID": 61485, "Utility_Name": "Rio Bravo Windpower, LLC", "sector_name": "IPP Non-CHP", "Street_Address": "399 Rancho Nuevo Rd", "City": "Roma", "County": "Starr", "State": "Texas", "Zip": 78584, "PrimSource": "wind", "source_desc": "Wind = 237.6 MW", "tech_desc": "Onshore Wind Turbine", "Install_MW": 237.6, "Total_MW": 237.6, "Bat_MW": null, "Bio_MW": null, "Coal_MW": null, "Geo_MW": null, "Hydro_MW": null, "HydroPS_MW": null, "NG_MW": null, "Nuclear_MW": null, "Crude_MW": null, "Solar_MW": null, "Wind_MW": 237.6, "Other_MW": null, "Source": "EIA-860, EIA-860M and EIA-923", "Period": "202311", "Longitude": -99.0387, "Latitude": 26.649 }, "geometry": { "type": "Point", "coordinates": [ -99.038699999750406, 26.649000000123799 ] } },
{ "type": "Feature", "properties": { "OBJECTID": 32236, "Plant_Code": 61867, "Plant_Name": "Bovine", "Utility_ID": 61060, "Utility_Name": "Cypress Creek Renewables", "sector_name": "IPP Non-CHP", "Street_Address": "427 W FM 1093", "City": "Wallis", "County": "Austin", "State": "Texas", "Zip": 76524, "PrimSource": "solar", "source_desc": "Solar = 10 MW", "tech_desc": "Solar Photovoltaic", "Install_MW": 10.0, "Total_MW": 10.0, "Bat_MW": null, "Bio_MW": null, "Coal_MW": null, "Geo_MW": null, "Hydro_MW": null, "HydroPS_MW": null, "NG_MW": null, "Nuclear_MW": null, "Crude_MW": null, "Solar_MW": 10.0, "Wind_MW": null, "Other_MW": null, "Source": "EIA-860, EIA-860M and EIA-923", "Period": "202311", "Longitude": -96.076894, "Latitude": 29.631324 }, "geometry": { "type": "Point", "coordinates": [ -96.076894000185803, 29.631324000252299 ] } },
{ "type": "Feature", "properties": { "OBJECTID": 32237, "Plant_Code": 61868, "Plant_Name": "Bronson", "Utility_ID": 61060, "Utility_Name": "Cypress Creek Renewables", "sector_name": "IPP Non-CHP", "Street_Address": "4343 FM 1875 Road #1", "City": "Beasley", "County": "Fort Bend", "State": "Texas", "Zip": 77417, "PrimSource": "solar", "source_desc": "Solar = 10 MW", "tech_desc": "Solar Photovoltaic", "Install_MW": 10.0, "Total_MW": 10.0, "Bat_MW": null, "Bio_MW": null, "Coal_MW": null, "Geo_MW": null, "Hydro_MW": null, "HydroPS_MW": null, "NG_MW": null, "Nuclear_MW": null, "Crude_MW": null, "Solar_MW": 10.0, "Wind_MW": null, "Other_MW": null, "Source": "EIA-860, EIA-860M and EIA-923", "Period": "202311", "Longitude": -95.969548, "Latitude": 29.537482 }, "geometry": { "type": "Point", "coordinates": [ -95.969547999814694, 29.5374819998781 ] } },
{ "type": "Feature", "properties": { "OBJECTID": 32240, "Plant_Code": 61871, "Plant_Name": "Sterling Solar (TX)", "Utility_ID": 61060, "Utility_Name": "Cypress Creek Renewables", "sector_name": "IPP Non-CHP", "Street_Address": "CR 1060", "City": "Greenville", "County": "Hunt", "State": "Texas", "Zip": 75401, "PrimSource": "solar", "source_desc": "Solar = 10 MW", "tech_desc": "Solar Photovoltaic", "Install_MW": 10.0, "Total_MW": 10.0, "Bat_MW": null, "Bio_MW": null, "Coal_MW": null, "Geo_MW": null, "Hydro_MW": null, "HydroPS_MW": null, "NG_MW": null, "Nuclear_MW": null, "Crude_MW": null, "Solar_MW": 10.0, "Wind_MW": null, "Other_MW": null, "Source": "EIA-860, EIA-860M and EIA-923", "Period": "202311", "Longitude": -96.172617, "Latitude": 33.166173 }, "geometry": { "type": "Point", "coordinates": [ -96.172617000031195, 33.1661729997573 ] } },
{ "type": "Feature", "properties": { "OBJECTID": 32241, "Plant_Code": 61872, "Plant_Name": "Lampwick", "Utility_ID": 61677, "Utility_Name": "Sol Systems", "sector_name": "IPP Non-CHP", "Street_Address": "HWY 29", "City": "Hext", "County": "Menard", "State": "Texas", "Zip": 76848, "PrimSource": "solar", "source_desc": "Solar = 7.5 MW", "tech_desc": "Solar Photovoltaic", "Install_MW": 7.5, "Total_MW": 7.5, "Bat_MW": null, "Bio_MW": null, "Coal_MW": null, "Geo_MW": null, "Hydro_MW": null, "HydroPS_MW": null, "NG_MW": null, "Nuclear_MW": null, "Crude_MW": null, "Solar_MW": 7.5, "Wind_MW": null, "Other_MW": null, "Source": "EIA-860, EIA-860M and EIA-923", "Period": "202311", "Longitude": -99.537261, "Latitude": 30.872228 }, "geometry": { "type": "Point", "coordinates": [ -99.537261000205106, 30.872228000233601 ] } },
{ "type": "Feature", "properties": { "OBJECTID": 32242, "Plant_Code": 61873, "Plant_Name": "Yellow Jacket", "Utility_ID": 61060, "Utility_Name": "Cypress Creek Renewables", "sector_name": "IPP Non-CHP", "Street_Address": "TX-174", "City": "Meridian", "County": "Bosque", "State": "Texas", "Zip": 76665, "PrimSource": "solar", "source_desc": "Solar = 5 MW", "tech_desc": "Solar Photovoltaic", "Install_MW": 5.0, "Total_MW": 5.0, "Bat_MW": null, "Bio_MW": null, "Coal_MW": null, "Geo_MW": null, "Hydro_MW": null, "HydroPS_MW": null, "NG_MW": null, "Nuclear_MW": null, "Crude_MW": null, "Solar_MW": 5.0, "Wind_MW": null, "Other_MW": null, "Source": "EIA-860, EIA-860M and EIA-923", "Period": "202311", "Longitude": -97.653747, "Latitude": 31.933841 }, "geometry": { "type": "Point", "coordinates": [ -97.653747000043396, 31.933840999827499 ] } },
{ "type": "Feature", "properties": { "OBJECTID": 32243, "Plant_Code": 61874, "Plant_Name": "Eddy II", "Utility_ID": 61060, "Utility_Name": "Cypress Creek Renewables", "sector_name": "IPP Non-CHP", "Street_Address": "698 Franklin Road", "City": "Eddy", "County": "McLennan", "State": "Texas", "Zip": 76524, "PrimSource": "solar", "source_desc": "Solar = 10 MW", "tech_desc": "Solar Photovoltaic", "Install_MW": 10.0, "Total_MW": 10.0, "Bat_MW": null, "Bio_MW": null, "Coal_MW": null, "Geo_MW": null, "Hydro_MW": null, "HydroPS_MW": null, "NG_MW": null, "Nuclear_MW": null, "Crude_MW": null, "Solar_MW": 10.0, "Wind_MW": null, "Other_MW": null, "Source": "EIA-860, EIA-860M and EIA-923", "Period": "202311", "Longitude": -97.260738, "Latitude": 31.291151 }, "geometry": { "type": "Point", "coordinates": [ -97.260737999658701, 31.291150999678401 ] } },
{ "type": "Feature", "properties": { "OBJECTID": 32244, "Plant_Code": 61875, "Plant_Name": "Cascade Solar (TX)", "Utility_ID": 61060, "Utility_Name": "Cypress Creek Renewables", "sector_name": "IPP Non-CHP", "Street_Address": "10407 TX-60", "City": "Wharton", "County": "Wharton", "State": "Texas", "Zip": 77488, "PrimSource": "solar", "source_desc": "Solar = 10 MW", "tech_desc": "Solar Photovoltaic", "Install_MW": 10.0, "Total_MW": 10.0, "Bat_MW": null, "Bio_MW": null, "Coal_MW": null, "Geo_MW": null, "Hydro_MW": null, "HydroPS_MW": null, "NG_MW": null, "Nuclear_MW": null, "Crude_MW": null, "Solar_MW": 10.0, "Wind_MW": null, "Other_MW": null, "Source": "EIA-860, EIA-860M and EIA-923", "Period": "202311", "Longitude": -96.023384, "Latitude": 29.205355 }, "geometry": { "type": "Point", "coordinates": [ -96.023383999757698, 29.205354999924499 ] } },
{ "type": "Feature", "properties": { "OBJECTID": 32255, "Plant_Code": 61887, "Plant_Name": "Fort Bliss (DEA EPIC)", "Utility_ID": 60146, "Utility_Name": "Ameresco Federal Solutions", "sector_name": "IPP Non-CHP", "Street_Address": "11339 SSG SIMS RD", "City": "El Paso", "County": "El Paso", "State": "Texas", "Zip": 79918, "PrimSource": "solar", "source_desc": "Solar = 2 MW", "tech_desc": "Solar Photovoltaic", "Install_MW": 2.0, "Total_MW": 2.0, "Bat_MW": null, "Bio_MW": null, "Coal_MW": null, "Geo_MW": null, "Hydro_MW": null, "HydroPS_MW": null, "NG_MW": null, "Nuclear_MW": null, "Crude_MW": null, "Solar_MW": 2.0, "Wind_MW": null, "Other_MW": null, "Source": "EIA-860, EIA-860M and EIA-923", "Period": "202311", "Longitude": -106.372861, "Latitude": 31.829986 }, "geometry": { "type": "Point", "coordinates": [ -106.372860999607994, 31.829985999757501 ] } },
{ "type": "Feature", "properties": { "OBJECTID": 32263, "Plant_Code": 61895, "Plant_Name": "Toyota HQ Plan", "Utility_ID": 61944, "Utility_Name": "MN8 Energy LLC", "sector_name": "IPP Non-CHP", "Street_Address": "6565 Headquarters Dr", "City": "Plano", "County": "Collin", "State": "Texas", "Zip": 75024, "PrimSource": "solar", "source_desc": "Solar = 5.9 MW", "tech_desc": "Solar Photovoltaic", "Install_MW": 7.7, "Total_MW": 5.9, "Bat_MW": null, "Bio_MW": null, "Coal_MW": null, "Geo_MW": null, "Hydro_MW": null, "HydroPS_MW": null, "NG_MW": null, "Nuclear_MW": null, "Crude_MW": null, "Solar_MW": 5.9, "Wind_MW": null, "Other_MW": null, "Source": "EIA-860, EIA-860M and EIA-923", "Period": "202311", "Longitude": -96.84113, "Latitude": 33.084219 }, "geometry": { "type": "Point", "coordinates": [ -96.841129999593903, 33.084218999643802 ] } },
{ "type": "Feature", "properties": { "OBJECTID": 32272, "Plant_Code": 61906, "Plant_Name": "Phoebe Solar", "Utility_ID": 61515, "Utility_Name": "Phoebe Energy Project, LLC", "sector_name": "IPP Non-CHP", "Street_Address": "11445 E St HWY 302", "City": "Kermit", "County": "Winkler", "State": "Texas", "Zip": 79745, "PrimSource": "solar", "source_desc": "Solar = 250 MW", "tech_desc": "Solar Photovoltaic", "Install_MW": 250.0, "Total_MW": 250.0, "Bat_MW": null, "Bio_MW": null, "Coal_MW": null, "Geo_MW": null, "Hydro_MW": null, "HydroPS_MW": null, "NG_MW": null, "Nuclear_MW": null, "Crude_MW": null, "Solar_MW": 250.0, "Wind_MW": null, "Other_MW": null, "Source": "EIA-860, EIA-860M and EIA-923", "Period": "202311", "Longitude": -102.868295, "Latitude": 31.843422 }, "geometry": { "type": "Point", "coordinates": [ -102.868295000249006, 31.8434220000848 ] } },
{ "type": "Feature", "properties": { "OBJECTID": 32285, "Plant_Code": 61920, "Plant_Name": "Galloway 1 Solar Farm", "Utility_ID": 61523, "Utility_Name": "225DD 8me LLC", "sector_name": "IPP Non-CHP", "Street_Address": "1096 County Road 4508", "City": "Paint Rock", "County": "Concho", "State": "Texas", "Zip": 76866, "PrimSource": "solar", "source_desc": "Solar = 250 MW", "tech_desc": "Solar Photovoltaic", "Install_MW": 250.0, "Total_MW": 250.0, "Bat_MW": null, "Bio_MW": null, "Coal_MW": null, "Geo_MW": null, "Hydro_MW": null, "HydroPS_MW": null, "NG_MW": null, "Nuclear_MW": null, "Crude_MW": null, "Solar_MW": 250.0, "Wind_MW": null, "Other_MW": null, "Source": "EIA-860, EIA-860M and EIA-923", "Period": "202311", "Longitude": -99.796613, "Latitude": 31.435932 }, "geometry": { "type": "Point", "coordinates": [ -99.796613000418802, 31.435931999892102 ] } },
{ "type": "Feature", "properties": { "OBJECTID": 32286, "Plant_Code": 61921, "Plant_Name": "Tahoka Wind", "Utility_ID": 61527, "Utility_Name": "Tahoka Wind, LLC", "sector_name": "IPP Non-CHP", "Street_Address": "2405 County Road 24", "City": "Tahoka", "County": "Lynn", "State": "Texas", "Zip": 79373, "PrimSource": "wind", "source_desc": "Wind = 300 MW", "tech_desc": "Onshore Wind Turbine", "Install_MW": 300.0, "Total_MW": 300.0, "Bat_MW": null, "Bio_MW": null, "Coal_MW": null, "Geo_MW": null, "Hydro_MW": null, "HydroPS_MW": null, "NG_MW": null, "Nuclear_MW": null, "Crude_MW": null, "Solar_MW": null, "Wind_MW": 300.0, "Other_MW": null, "Source": "EIA-860, EIA-860M and EIA-923", "Period": "202311", "Longitude": -101.679188, "Latitude": 33.150904 }, "geometry": { "type": "Point", "coordinates": [ -101.679187999698996, 33.150904000137501 ] } },
{ "type": "Feature", "properties": { "OBJECTID": 32326, "Plant_Code": 61962, "Plant_Name": "Holstein 1 Solar Farm", "Utility_ID": 65411, "Utility_Name": "Duke Energy Renewables Services", "sector_name": "IPP Non-CHP", "Street_Address": "9002 Hwy 153", "City": "Wingate", "County": "Nolan", "State": "Texas", "Zip": 79566, "PrimSource": "solar", "source_desc": "Solar = 200 MW", "tech_desc": "Solar Photovoltaic", "Install_MW": 200.0, "Total_MW": 200.0, "Bat_MW": null, "Bio_MW": null, "Coal_MW": null, "Geo_MW": null, "Hydro_MW": null, "HydroPS_MW": null, "NG_MW": null, "Nuclear_MW": null, "Crude_MW": null, "Solar_MW": 200.0, "Wind_MW": null, "Other_MW": null, "Source": "EIA-860, EIA-860M and EIA-923", "Period": "202311", "Longitude": -100.162375, "Latitude": 32.104125 }, "geometry": { "type": "Point", "coordinates": [ -100.162374999597006, 32.104125000094598 ] } },
{ "type": "Feature", "properties": { "OBJECTID": 32328, "Plant_Code": 61966, "Plant_Name": "Victoria Port Power II LLC", "Utility_ID": 64719, "Utility_Name": "Victoria Port Power II", "sector_name": "IPP Non-CHP", "Street_Address": "2050 Old Bloomington Road", "City": "Victoria", "County": "Victoria", "State": "Texas", "Zip": 77905, "PrimSource": "natural gas", "source_desc": "Natural Gas = 86 MW", "tech_desc": "Natural Gas Fired Combustion Turbine", "Install_MW": 100.0, "Total_MW": 86.0, "Bat_MW": null, "Bio_MW": null, "Coal_MW": null, "Geo_MW": null, "Hydro_MW": null, "HydroPS_MW": null, "NG_MW": 86.0, "Nuclear_MW": null, "Crude_MW": null, "Solar_MW": null, "Wind_MW": null, "Other_MW": null, "Source": "EIA-860, EIA-860M and EIA-923", "Period": "202311", "Longitude": -96.946125, "Latitude": 28.698477 }, "geometry": { "type": "Point", "coordinates": [ -96.946125000170198, 28.6984770000502 ] } },
{ "type": "Feature", "properties": { "OBJECTID": 32330, "Plant_Code": 61969, "Plant_Name": "Torrecillas Wind Energy, LLC", "Utility_ID": 61562, "Utility_Name": "Torrecillas Wind Energy, LLC", "sector_name": "IPP Non-CHP", "Street_Address": "7595 FM 2050", "City": "Bruni", "County": "Webb", "State": "Texas", "Zip": 78344, "PrimSource": "wind", "source_desc": "Wind = 300 MW", "tech_desc": "Onshore Wind Turbine", "Install_MW": 300.0, "Total_MW": 300.0, "Bat_MW": null, "Bio_MW": null, "Coal_MW": null, "Geo_MW": null, "Hydro_MW": null, "HydroPS_MW": null, "NG_MW": null, "Nuclear_MW": null, "Crude_MW": null, "Solar_MW": null, "Wind_MW": 300.0, "Other_MW": null, "Source": "EIA-860, EIA-860M and EIA-923", "Period": "202311", "Longitude": -98.7945, "Latitude": 27.614411 }, "geometry": { "type": "Point", "coordinates": [ -98.794500000214995, 27.6144109997519 ] } },
{ "type": "Feature", "properties": { "OBJECTID": 32331, "Plant_Code": 61970, "Plant_Name": "Blue Summit II Wind, LLC", "Utility_ID": 61563, "Utility_Name": "Blue Summit II Wind, LLC", "sector_name": "IPP Non-CHP", "Street_Address": "17301 N CR 97", "City": "Vernon", "County": "Wilbarger", "State": "Texas", "Zip": 76384, "PrimSource": "wind", "source_desc": "Wind = 99.4 MW", "tech_desc": "Onshore Wind Turbine", "Install_MW": 99.4, "Total_MW": 99.4, "Bat_MW": null, "Bio_MW": null, "Coal_MW": null, "Geo_MW": null, "Hydro_MW": null, "HydroPS_MW": null, "NG_MW": null, "Nuclear_MW": null, "Crude_MW": null, "Solar_MW": null, "Wind_MW": 99.4, "Other_MW": null, "Source": "EIA-860, EIA-860M and EIA-923", "Period": "202311", "Longitude": -99.477986, "Latitude": 34.225882 }, "geometry": { "type": "Point", "coordinates": [ -99.477986000355799, 34.225881999797402 ] } },
{ "type": "Feature", "properties": { "OBJECTID": 32388, "Plant_Code": 62038, "Plant_Name": "Santa Rita East", "Utility_ID": 49893, "Utility_Name": "Invenergy Services LLC", "sector_name": "IPP Non-CHP", "Street_Address": "20716 N. State Highway 163", "City": "Barnhart", "County": "Irion", "State": "Texas", "Zip": 76930, "PrimSource": "wind", "source_desc": "Wind = 302.4 MW", "tech_desc": "Onshore Wind Turbine", "Install_MW": 302.4, "Total_MW": 302.4, "Bat_MW": null, "Bio_MW": null, "Coal_MW": null, "Geo_MW": null, "Hydro_MW": null, "HydroPS_MW": null, "NG_MW": null, "Nuclear_MW": null, "Crude_MW": null, "Solar_MW": null, "Wind_MW": 302.4, "Other_MW": null, "Source": "EIA-860, EIA-860M and EIA-923", "Period": "202311", "Longitude": -101.110787, "Latitude": 31.207988 }, "geometry": { "type": "Point", "coordinates": [ -101.110786999576007, 31.207988000163802 ] } },
{ "type": "Feature", "properties": { "OBJECTID": 32483, "Plant_Code": 62141, "Plant_Name": "Rambler", "Utility_ID": 65411, "Utility_Name": "Duke Energy Renewables Services", "sector_name": "IPP Non-CHP", "Street_Address": "8999 Jeremiah Lane", "City": "San Angelo", "County": "Tom Green", "State": "Texas", "Zip": 76901, "PrimSource": "solar", "source_desc": "Solar = 200 MW", "tech_desc": "Solar Photovoltaic", "Install_MW": 200.0, "Total_MW": 200.0, "Bat_MW": null, "Bio_MW": null, "Coal_MW": null, "Geo_MW": null, "Hydro_MW": null, "HydroPS_MW": null, "NG_MW": null, "Nuclear_MW": null, "Crude_MW": null, "Solar_MW": 200.0, "Wind_MW": null, "Other_MW": null, "Source": "EIA-860, EIA-860M and EIA-923", "Period": "202311", "Longitude": -100.6, "Latitude": 31.517 }, "geometry": { "type": "Point", "coordinates": [ -100.599999999969995, 31.5170000002717 ] } },
{ "type": "Feature", "properties": { "OBJECTID": 32484, "Plant_Code": 62142, "Plant_Name": "Amadeus Wind Farm", "Utility_ID": 61683, "Utility_Name": "Amadeus Wind LLC", "sector_name": "IPP Non-CHP", "Street_Address": "TBD", "City": "Rotan", "County": "Fisher", "State": "Texas", "Zip": 79546, "PrimSource": "wind", "source_desc": "Wind = 250 MW", "tech_desc": "Onshore Wind Turbine", "Install_MW": 250.0, "Total_MW": 250.0, "Bat_MW": null, "Bio_MW": null, "Coal_MW": null, "Geo_MW": null, "Hydro_MW": null, "HydroPS_MW": null, "NG_MW": null, "Nuclear_MW": null, "Crude_MW": null, "Solar_MW": null, "Wind_MW": 250.0, "Other_MW": null, "Source": "EIA-860, EIA-860M and EIA-923", "Period": "202311", "Longitude": -100.56428, "Latitude": 32.96736 }, "geometry": { "type": "Point", "coordinates": [ -100.564280000069999, 32.9673600002196 ] } },
{ "type": "Feature", "properties": { "OBJECTID": 32494, "Plant_Code": 62152, "Plant_Name": "IKEA Live Oak Rooftop PV System", "Utility_ID": 57389, "Utility_Name": "IKEA Property Inc", "sector_name": "Commercial Non-CHP", "Street_Address": "1000 IKEA RBFCU Parkway", "City": "Live Oak", "County": "Bexar", "State": "Texas", "Zip": 78233, "PrimSource": "solar", "source_desc": "Solar = 1.7 MW", "tech_desc": "Solar Photovoltaic", "Install_MW": 1.7, "Total_MW": 1.7, "Bat_MW": null, "Bio_MW": null, "Coal_MW": null, "Geo_MW": null, "Hydro_MW": null, "HydroPS_MW": null, "NG_MW": null, "Nuclear_MW": null, "Crude_MW": null, "Solar_MW": 1.7, "Wind_MW": null, "Other_MW": null, "Source": "EIA-860, EIA-860M and EIA-923", "Period": "202311", "Longitude": -98.25, "Latitude": 29.48 }, "geometry": { "type": "Point", "coordinates": [ -98.249999999648495, 29.479999999813199 ] } },
{ "type": "Feature", "properties": { "OBJECTID": 32535, "Plant_Code": 62207, "Plant_Name": "Reloj del Sol Wind Farm", "Utility_ID": 61727, "Utility_Name": "Reloj del Sol Wind Farm LLC", "sector_name": "IPP Non-CHP", "Street_Address": "4390 US HWY 83", "City": "San Ygnacio", "County": "Zapata", "State": "Texas", "Zip": 78067, "PrimSource": "wind", "source_desc": "Wind = 209.4 MW", "tech_desc": "Onshore Wind Turbine", "Install_MW": 209.4, "Total_MW": 209.4, "Bat_MW": null, "Bio_MW": null, "Coal_MW": null, "Geo_MW": null, "Hydro_MW": null, "HydroPS_MW": null, "NG_MW": null, "Nuclear_MW": null, "Crude_MW": null, "Solar_MW": null, "Wind_MW": 209.4, "Other_MW": null, "Source": "EIA-860, EIA-860M and EIA-923", "Period": "202311", "Longitude": -99.388388, "Latitude": 27.03028 }, "geometry": { "type": "Point", "coordinates": [ -99.388387999781699, 27.030280000166201 ] } },
{ "type": "Feature", "properties": { "OBJECTID": 32547, "Plant_Code": 62227, "Plant_Name": "Seymour Hills Wind Project, LLC", "Utility_ID": 56201, "Utility_Name": "Engie North America", "sector_name": "IPP Non-CHP", "Street_Address": "TBD", "City": "Seymour", "County": "Baylor", "State": "Texas", "Zip": 76380, "PrimSource": "wind", "source_desc": "Wind = 30.2 MW", "tech_desc": "Onshore Wind Turbine", "Install_MW": 30.2, "Total_MW": 30.2, "Bat_MW": null, "Bio_MW": null, "Coal_MW": null, "Geo_MW": null, "Hydro_MW": null, "HydroPS_MW": null, "NG_MW": null, "Nuclear_MW": null, "Crude_MW": null, "Solar_MW": null, "Wind_MW": 30.2, "Other_MW": null, "Source": "EIA-860, EIA-860M and EIA-923", "Period": "202311", "Longitude": -99.1921, "Latitude": 33.57824 }, "geometry": { "type": "Point", "coordinates": [ -99.192099999861, 33.578240000349801 ] } },
{ "type": "Feature", "properties": { "OBJECTID": 32560, "Plant_Code": 62249, "Plant_Name": "Misae Solar", "Utility_ID": 63048, "Utility_Name": "Misae Lessee LLC", "sector_name": "IPP Non-CHP", "Street_Address": "Co Road AA", "City": "Childress", "County": "Childress", "State": "Texas", "Zip": 79201, "PrimSource": "solar", "source_desc": "Solar = 240 MW", "tech_desc": "Solar Photovoltaic", "Install_MW": 240.0, "Total_MW": 240.0, "Bat_MW": null, "Bio_MW": null, "Coal_MW": null, "Geo_MW": null, "Hydro_MW": null, "HydroPS_MW": null, "NG_MW": null, "Nuclear_MW": null, "Crude_MW": null, "Solar_MW": 240.0, "Wind_MW": null, "Other_MW": null, "Source": "EIA-860, EIA-860M and EIA-923", "Period": "202311", "Longitude": -100.099625, "Latitude": 34.380532 }, "geometry": { "type": "Point", "coordinates": [ -100.099625000021007, 34.380532000029397 ] } },
{ "type": "Feature", "properties": { "OBJECTID": 32569, "Plant_Code": 62258, "Plant_Name": "Mesteno", "Utility_ID": 65411, "Utility_Name": "Duke Energy Renewables Services", "sector_name": "IPP Non-CHP", "Street_Address": "200 FM 490", "City": "Rio Grande City", "County": "Starr", "State": "Texas", "Zip": 78582, "PrimSource": "wind", "source_desc": "Wind = 200 MW", "tech_desc": "Onshore Wind Turbine", "Install_MW": 201.6, "Total_MW": 200.0, "Bat_MW": null, "Bio_MW": null, "Coal_MW": null, "Geo_MW": null, "Hydro_MW": null, "HydroPS_MW": null, "NG_MW": null, "Nuclear_MW": null, "Crude_MW": null, "Solar_MW": null, "Wind_MW": 200.0, "Other_MW": null, "Source": "EIA-860, EIA-860M and EIA-923", "Period": "202311", "Longitude": -98.745522, "Latitude": 26.523692 }, "geometry": { "type": "Point", "coordinates": [ -98.745522000395297, 26.5236920003092 ] } },
{ "type": "Feature", "properties": { "OBJECTID": 32570, "Plant_Code": 62259, "Plant_Name": "Ranchero Wind Farm LLC", "Utility_ID": 61771, "Utility_Name": "Ranchero Wind Farm LLC", "sector_name": "IPP Non-CHP", "Street_Address": "TBD", "City": "Iraan", "County": "Crockett", "State": "Texas", "Zip": 79744, "PrimSource": "wind", "source_desc": "Wind = 300 MW", "tech_desc": "Onshore Wind Turbine", "Install_MW": 300.0, "Total_MW": 300.0, "Bat_MW": null, "Bio_MW": null, "Coal_MW": null, "Geo_MW": null, "Hydro_MW": null, "HydroPS_MW": null, "NG_MW": null, "Nuclear_MW": null, "Crude_MW": null, "Solar_MW": null, "Wind_MW": 300.0, "Other_MW": null, "Source": "EIA-860, EIA-860M and EIA-923", "Period": "202311", "Longitude": -101.453021, "Latitude": 30.594908 }, "geometry": { "type": "Point", "coordinates": [ -101.453021000365993, 30.594907999715499 ] } },
{ "type": "Feature", "properties": { "OBJECTID": 32622, "Plant_Code": 62356, "Plant_Name": "Lockett Windfarm", "Utility_ID": 61886, "Utility_Name": "Lockett Windfarm, LLC", "sector_name": "IPP Non-CHP", "Street_Address": "13072 US Hwy 183", "City": "Vernon", "County": "Wilbarger", "State": "Texas", "Zip": 76384, "PrimSource": "wind", "source_desc": "Wind = 183.8 MW", "tech_desc": "Onshore Wind Turbine", "Install_MW": 183.8, "Total_MW": 183.8, "Bat_MW": null, "Bio_MW": null, "Coal_MW": null, "Geo_MW": null, "Hydro_MW": null, "HydroPS_MW": null, "NG_MW": null, "Nuclear_MW": null, "Crude_MW": null, "Solar_MW": null, "Wind_MW": 183.8, "Other_MW": null, "Source": "EIA-860, EIA-860M and EIA-923", "Period": "202311", "Longitude": -99.264676, "Latitude": 34.072251 }, "geometry": { "type": "Point", "coordinates": [ -99.2646760001861, 34.072250999944998 ] } },
{ "type": "Feature", "properties": { "OBJECTID": 32662, "Plant_Code": 62411, "Plant_Name": "Griffin Trail Wind", "Utility_ID": 61942, "Utility_Name": "Griffin Trail Wind, LLC", "sector_name": "IPP Non-CHP", "Street_Address": "10447 US HWY 82", "City": "E Seymour", "County": "Knox", "State": "Texas", "Zip": 76380, "PrimSource": "wind", "source_desc": "Wind = 225.6 MW", "tech_desc": "Onshore Wind Turbine", "Install_MW": 225.6, "Total_MW": 225.6, "Bat_MW": null, "Bio_MW": null, "Coal_MW": null, "Geo_MW": null, "Hydro_MW": null, "HydroPS_MW": null, "NG_MW": null, "Nuclear_MW": null, "Crude_MW": null, "Solar_MW": null, "Wind_MW": 225.6, "Other_MW": null, "Source": "EIA-860, EIA-860M and EIA-923", "Period": "202311", "Longitude": -99.58229, "Latitude": 33.609313 }, "geometry": { "type": "Point", "coordinates": [ -99.582289999747601, 33.609313000092598 ] } },
{ "type": "Feature", "properties": { "OBJECTID": 32666, "Plant_Code": 62415, "Plant_Name": "West of the Pecos Solar", "Utility_ID": 56215, "Utility_Name": "RWE Renewables Americas, LLC", "sector_name": "IPP Non-CHP", "Street_Address": "TBD", "City": "TBD", "County": "Reeves", "State": "Texas", "Zip": 79772, "PrimSource": "solar", "source_desc": "Solar = 100 MW", "tech_desc": "Solar Photovoltaic", "Install_MW": 100.0, "Total_MW": 100.0, "Bat_MW": null, "Bio_MW": null, "Coal_MW": null, "Geo_MW": null, "Hydro_MW": null, "HydroPS_MW": null, "NG_MW": null, "Nuclear_MW": null, "Crude_MW": null, "Solar_MW": 100.0, "Wind_MW": null, "Other_MW": null, "Source": "EIA-860, EIA-860M and EIA-923", "Period": "202311", "Longitude": -103.7289, "Latitude": 31.4308 }, "geometry": { "type": "Point", "coordinates": [ -103.728899999583007, 31.430800000071098 ] } },
{ "type": "Feature", "properties": { "OBJECTID": 32667, "Plant_Code": 62416, "Plant_Name": "Cranell Wind Farm LLC", "Utility_ID": 56215, "Utility_Name": "RWE Renewables Americas, LLC", "sector_name": "IPP Non-CHP", "Street_Address": "TBD", "City": "TBD", "County": "Refugio", "State": "Texas", "Zip": 78393, "PrimSource": "wind", "source_desc": "Wind = 220 MW", "tech_desc": "Onshore Wind Turbine", "Install_MW": 220.0, "Total_MW": 220.0, "Bat_MW": null, "Bio_MW": null, "Coal_MW": null, "Geo_MW": null, "Hydro_MW": null, "HydroPS_MW": null, "NG_MW": null, "Nuclear_MW": null, "Crude_MW": null, "Solar_MW": null, "Wind_MW": 220.0, "Other_MW": null, "Source": "EIA-860, EIA-860M and EIA-923", "Period": "202311", "Longitude": -97.444953, "Latitude": 28.197778 }, "geometry": { "type": "Point", "coordinates": [ -97.444952999690301, 28.197778000168501 ] } },
{ "type": "Feature", "properties": { "OBJECTID": 32668, "Plant_Code": 62417, "Plant_Name": "Peyton Creek Wind Farm LLC", "Utility_ID": 56215, "Utility_Name": "RWE Renewables Americas, LLC", "sector_name": "IPP Non-CHP", "Street_Address": "4120 CR 222", "City": "Bay City", "County": "Matagorda", "State": "Texas", "Zip": 77414, "PrimSource": "wind", "source_desc": "Wind = 151.2 MW", "tech_desc": "Onshore Wind Turbine", "Install_MW": 151.2, "Total_MW": 151.2, "Bat_MW": null, "Bio_MW": null, "Coal_MW": null, "Geo_MW": null, "Hydro_MW": null, "HydroPS_MW": null, "NG_MW": null, "Nuclear_MW": null, "Crude_MW": null, "Solar_MW": null, "Wind_MW": 151.2, "Other_MW": null, "Source": "EIA-860, EIA-860M and EIA-923", "Period": "202311", "Longitude": -95.8631, "Latitude": 28.8433 }, "geometry": { "type": "Point", "coordinates": [ -95.863100000317402, 28.843300000002099 ] } },
{ "type": "Feature", "properties": { "OBJECTID": 32687, "Plant_Code": 62448, "Plant_Name": "Lapetus", "Utility_ID": 65411, "Utility_Name": "Duke Energy Renewables Services", "sector_name": "IPP Non-CHP", "Street_Address": "7351 Northwest 2001", "City": "Andrews", "County": "Andrews", "State": "Texas", "Zip": 79714, "PrimSource": "solar", "source_desc": "Solar = 100 MW", "tech_desc": "Solar Photovoltaic", "Install_MW": 100.0, "Total_MW": 100.0, "Bat_MW": null, "Bio_MW": null, "Coal_MW": null, "Geo_MW": null, "Hydro_MW": null, "HydroPS_MW": null, "NG_MW": null, "Nuclear_MW": null, "Crude_MW": null, "Solar_MW": 100.0, "Wind_MW": null, "Other_MW": null, "Source": "EIA-860, EIA-860M and EIA-923", "Period": "202311", "Longitude": -102.672809, "Latitude": 32.460054 }, "geometry": { "type": "Point", "coordinates": [ -102.672809000045007, 32.460053999994798 ] } },
{ "type": "Feature", "properties": { "OBJECTID": 32720, "Plant_Code": 62483, "Plant_Name": "Taygete Energy Project LLC", "Utility_ID": 65925, "Utility_Name": null, "sector_name": "IPP Non-CHP", "Street_Address": "TBD", "City": "Coyanosa", "County": "Pecos", "State": "Texas", "Zip": 79730, "PrimSource": "solar", "source_desc": "Solar = 255 MW", "tech_desc": "Solar Photovoltaic", "Install_MW": 255.0, "Total_MW": 255.0, "Bat_MW": null, "Bio_MW": null, "Coal_MW": null, "Geo_MW": null, "Hydro_MW": null, "HydroPS_MW": null, "NG_MW": null, "Nuclear_MW": null, "Crude_MW": null, "Solar_MW": 255.0, "Wind_MW": null, "Other_MW": null, "Source": "EIA-860, EIA-860M and EIA-923", "Period": "202311", "Longitude": -103.125868, "Latitude": 31.165245 }, "geometry": { "type": "Point", "coordinates": [ -103.12586800023, 31.165245000238599 ] } },
{ "type": "Feature", "properties": { "OBJECTID": 32741, "Plant_Code": 62505, "Plant_Name": "G.S.E. One LLC", "Utility_ID": 64418, "Utility_Name": "GSEone", "sector_name": "IPP Non-CHP", "Street_Address": "1199 Co Rd 3115", "City": "Bonham", "County": "Fannin", "State": "Texas", "Zip": 75418, "PrimSource": "solar", "source_desc": "Solar = 82.5 MW", "tech_desc": "Solar Photovoltaic", "Install_MW": 83.0, "Total_MW": 82.5, "Bat_MW": null, "Bio_MW": null, "Coal_MW": null, "Geo_MW": null, "Hydro_MW": null, "HydroPS_MW": null, "NG_MW": null, "Nuclear_MW": null, "Crude_MW": null, "Solar_MW": 82.5, "Wind_MW": null, "Other_MW": null, "Source": "EIA-860, EIA-860M and EIA-923", "Period": "202311", "Longitude": -96.146489, "Latitude": 33.500378 }, "geometry": { "type": "Point", "coordinates": [ -96.146488999631003, 33.500377999835599 ] } },
{ "type": "Feature", "properties": { "OBJECTID": 32771, "Plant_Code": 62548, "Plant_Name": "SJRR Power LLC", "Utility_ID": 64758, "Utility_Name": "SJRR\t\t\t", "sector_name": "IPP Non-CHP", "Street_Address": "18511 Beaumont Hwy", "City": "Houston", "County": "Harris", "State": "Texas", "Zip": 77049, "PrimSource": "natural gas", "source_desc": "Natural Gas = 86 MW", "tech_desc": "Natural Gas Fired Combustion Turbine", "Install_MW": 100.0, "Total_MW": 86.0, "Bat_MW": null, "Bio_MW": null, "Coal_MW": null, "Geo_MW": null, "Hydro_MW": null, "HydroPS_MW": null, "NG_MW": 86.0, "Nuclear_MW": null, "Crude_MW": null, "Solar_MW": null, "Wind_MW": null, "Other_MW": null, "Source": "EIA-860, EIA-860M and EIA-923", "Period": "202311", "Longitude": -95.11148, "Latitude": 29.88193 }, "geometry": { "type": "Point", "coordinates": [ -95.111480000048303, 29.881929999809302 ] } },
{ "type": "Feature", "properties": { "OBJECTID": 32781, "Plant_Code": 62561, "Plant_Name": "Roadrunner, LLC Hybrid", "Utility_ID": 62047, "Utility_Name": "Roadrunner Solar, LLC", "sector_name": "IPP Non-CHP", "Street_Address": "4209 FM 2463", "City": "McCamey", "County": "Upton", "State": "Texas", "Zip": 79752, "PrimSource": "solar", "source_desc": "Battery = 50 MW, Solar = 400 MW", "tech_desc": "Batteries; Solar Photovoltaic;", "Install_MW": 450.0, "Total_MW": 450.0, "Bat_MW": 50.0, "Bio_MW": null, "Coal_MW": null, "Geo_MW": null, "Hydro_MW": null, "HydroPS_MW": null, "NG_MW": null, "Nuclear_MW": null, "Crude_MW": null, "Solar_MW": 400.0, "Wind_MW": null, "Other_MW": null, "Source": "EIA-860, EIA-860M and EIA-923", "Period": "202311", "Longitude": -102.19222, "Latitude": 31.219444 }, "geometry": { "type": "Point", "coordinates": [ -102.192219999692995, 31.219443999963602 ] } },
{ "type": "Feature", "properties": { "OBJECTID": 32782, "Plant_Code": 62562, "Plant_Name": "High Lonesome Wind Power, LLC Hybrid", "Utility_ID": 62046, "Utility_Name": "High Lonesome Wind Power, LLC", "sector_name": "IPP Non-CHP", "Street_Address": "2731 W US Hwy 67", "City": "Rankin", "County": "Upton", "State": "Texas", "Zip": 79778, "PrimSource": "wind", "source_desc": "Battery = 50 MW, Wind = 499.5 MW", "tech_desc": "Batteries; Onshore Wind Turbine;", "Install_MW": 549.5, "Total_MW": 549.5, "Bat_MW": 50.0, "Bio_MW": null, "Coal_MW": null, "Geo_MW": null, "Hydro_MW": null, "HydroPS_MW": null, "NG_MW": null, "Nuclear_MW": null, "Crude_MW": null, "Solar_MW": null, "Wind_MW": 499.5, "Other_MW": null, "Source": "EIA-860, EIA-860M and EIA-923", "Period": "202311", "Longitude": -101.881147, "Latitude": 31.171652 }, "geometry": { "type": "Point", "coordinates": [ -101.881147000227998, 31.171652000321 ] } },
{ "type": "Feature", "properties": { "OBJECTID": 32786, "Plant_Code": 62566, "Plant_Name": "Blue Summit III Wind", "Utility_ID": 62063, "Utility_Name": "Blue Summit III Wind, LLC", "sector_name": "IPP Non-CHP", "Street_Address": "TBD", "City": "Chilicothe", "County": "Hardeman", "State": "Texas", "Zip": 79225, "PrimSource": "wind", "source_desc": "Wind = 200.2 MW", "tech_desc": "Onshore Wind Turbine", "Install_MW": 200.2, "Total_MW": 200.2, "Bat_MW": null, "Bio_MW": null, "Coal_MW": null, "Geo_MW": null, "Hydro_MW": null, "HydroPS_MW": null, "NG_MW": null, "Nuclear_MW": null, "Crude_MW": null, "Solar_MW": null, "Wind_MW": 200.2, "Other_MW": null, "Source": "EIA-860, EIA-860M and EIA-923", "Period": "202311", "Longitude": -99.563436, "Latitude": 34.170488 }, "geometry": { "type": "Point", "coordinates": [ -99.563435999562699, 34.170488000126497 ] } },
{ "type": "Feature", "properties": { "OBJECTID": 32807, "Plant_Code": 62587, "Plant_Name": "Mesquite Star", "Utility_ID": 62085, "Utility_Name": "Mesquite Star LLC", "sector_name": "IPP Non-CHP", "Street_Address": "1125 F M 608", "City": "Roscoe", "County": "Nolan", "State": "Texas", "Zip": 79545, "PrimSource": "wind", "source_desc": "Wind = 418.9 MW", "tech_desc": "Onshore Wind Turbine", "Install_MW": 418.9, "Total_MW": 418.9, "Bat_MW": null, "Bio_MW": null, "Coal_MW": null, "Geo_MW": null, "Hydro_MW": null, "HydroPS_MW": null, "NG_MW": null, "Nuclear_MW": null, "Crude_MW": null, "Solar_MW": null, "Wind_MW": 418.9, "Other_MW": null, "Source": "EIA-860, EIA-860M and EIA-923", "Period": "202311", "Longitude": -100.320309, "Latitude": 32.255978 }, "geometry": { "type": "Point", "coordinates": [ -100.320308999964993, 32.2559780002005 ] } },
{ "type": "Feature", "properties": { "OBJECTID": 32824, "Plant_Code": 62609, "Plant_Name": "Commerce ESS", "Utility_ID": 16604, "Utility_Name": "City of San Antonio - (TX)", "sector_name": "Electric Utility", "Street_Address": "9800 W Commerce", "City": "San Antonio", "County": "Bexar", "State": "Texas", "Zip": 78227, "PrimSource": "batteries", "source_desc": "Battery = 10 MW", "tech_desc": "Batteries", "Install_MW": 10.0, "Total_MW": 10.0, "Bat_MW": 10.0, "Bio_MW": null, "Coal_MW": null, "Geo_MW": null, "Hydro_MW": null, "HydroPS_MW": null, "NG_MW": null, "Nuclear_MW": null, "Crude_MW": null, "Solar_MW": null, "Wind_MW": null, "Other_MW": null, "Source": "EIA-860, EIA-860M and EIA-923", "Period": "202311", "Longitude": -98.61765, "Latitude": 29.43445 }, "geometry": { "type": "Point", "coordinates": [ -98.617649999736997, 29.434450000034801 ] } },
{ "type": "Feature", "properties": { "OBJECTID": 32825, "Plant_Code": 62610, "Plant_Name": "Commerce Solar", "Utility_ID": 16604, "Utility_Name": "City of San Antonio - (TX)", "sector_name": "Electric Utility", "Street_Address": "9800 W Commerce", "City": "San Antonio", "County": "Bexar", "State": "Texas", "Zip": 78227, "PrimSource": "solar", "source_desc": "Solar = 5 MW", "tech_desc": "Solar Photovoltaic", "Install_MW": 5.0, "Total_MW": 5.0, "Bat_MW": null, "Bio_MW": null, "Coal_MW": null, "Geo_MW": null, "Hydro_MW": null, "HydroPS_MW": null, "NG_MW": null, "Nuclear_MW": null, "Crude_MW": null, "Solar_MW": 5.0, "Wind_MW": null, "Other_MW": null, "Source": "EIA-860, EIA-860M and EIA-923", "Period": "202311", "Longitude": -98.61765, "Latitude": 29.43445 }, "geometry": { "type": "Point", "coordinates": [ -98.617649999736997, 29.434450000034801 ] } },
{ "type": "Feature", "properties": { "OBJECTID": 32833, "Plant_Code": 62618, "Plant_Name": "Hidalgo Wind Farm II", "Utility_ID": 62106, "Utility_Name": "Hidalgo Wind Farm II LLC", "sector_name": "IPP Non-CHP", "Street_Address": "41420 FM 490", "City": "Edinburg", "County": "Hidalgo", "State": "Texas", "Zip": 78541, "PrimSource": "wind", "source_desc": "Wind = 50.4 MW", "tech_desc": "Onshore Wind Turbine", "Install_MW": 50.4, "Total_MW": 50.4, "Bat_MW": null, "Bio_MW": null, "Coal_MW": null, "Geo_MW": null, "Hydro_MW": null, "HydroPS_MW": null, "NG_MW": null, "Nuclear_MW": null, "Crude_MW": null, "Solar_MW": null, "Wind_MW": 50.4, "Other_MW": null, "Source": "EIA-860, EIA-860M and EIA-923", "Period": "202311", "Longitude": -98.448267, "Latitude": 26.492862 }, "geometry": { "type": "Point", "coordinates": [ -98.448266999818202, 26.492862000323299 ] } },
{ "type": "Feature", "properties": { "OBJECTID": 32835, "Plant_Code": 62620, "Plant_Name": "Sage Draw Wind", "Utility_ID": 62113, "Utility_Name": "Sage Draw Wind, LLC", "sector_name": "IPP Non-CHP", "Street_Address": "789 FM 212", "City": "Wilson", "County": "Lynn", "State": "Texas", "Zip": 79381, "PrimSource": "wind", "source_desc": "Wind = 338.4 MW", "tech_desc": "Onshore Wind Turbine", "Install_MW": 338.4, "Total_MW": 338.4, "Bat_MW": null, "Bio_MW": null, "Coal_MW": null, "Geo_MW": null, "Hydro_MW": null, "HydroPS_MW": null, "NG_MW": null, "Nuclear_MW": null, "Crude_MW": null, "Solar_MW": null, "Wind_MW": 338.4, "Other_MW": null, "Source": "EIA-860, EIA-860M and EIA-923", "Period": "202311", "Longitude": -101.65722, "Latitude": 33.303497 }, "geometry": { "type": "Point", "coordinates": [ -101.657220000360994, 33.303497000040103 ] } },
{ "type": "Feature", "properties": { "OBJECTID": 32844, "Plant_Code": 62630, "Plant_Name": "Jumbo Hill Wind Project", "Utility_ID": 56201, "Utility_Name": "Engie North America", "sector_name": "IPP Non-CHP", "Street_Address": "8404 SW 100", "City": "Andrews", "County": "Andrews", "State": "Texas", "Zip": 79714, "PrimSource": "wind", "source_desc": "Wind = 160.7 MW", "tech_desc": "Onshore Wind Turbine", "Install_MW": 160.7, "Total_MW": 160.7, "Bat_MW": null, "Bio_MW": null, "Coal_MW": null, "Geo_MW": null, "Hydro_MW": null, "HydroPS_MW": null, "NG_MW": null, "Nuclear_MW": null, "Crude_MW": null, "Solar_MW": null, "Wind_MW": 160.7, "Other_MW": null, "Source": "EIA-860, EIA-860M and EIA-923", "Period": "202311", "Longitude": -102.949, "Latitude": 32.386 }, "geometry": { "type": "Point", "coordinates": [ -102.949000000208997, 32.3860000000426 ] } },
{ "type": "Feature", "properties": { "OBJECTID": 32855, "Plant_Code": 62642, "Plant_Name": "GE-Lubbock", "Utility_ID": 58270, "Utility_Name": "GE Wind Energy LLC", "sector_name": "IPP Non-CHP", "Street_Address": "103 Runway Drive", "City": "Lubbock", "County": "Lubbock", "State": "Texas", "Zip": 79416, "PrimSource": "wind", "source_desc": "Wind = 8.7 MW", "tech_desc": "Onshore Wind Turbine", "Install_MW": 8.7, "Total_MW": 8.7, "Bat_MW": null, "Bio_MW": null, "Coal_MW": null, "Geo_MW": null, "Hydro_MW": null, "HydroPS_MW": null, "NG_MW": null, "Nuclear_MW": null, "Crude_MW": null, "Solar_MW": null, "Wind_MW": 8.7, "Other_MW": null, "Source": "EIA-860, EIA-860M and EIA-923", "Period": "202311", "Longitude": -102.056875, "Latitude": 33.59145 }, "geometry": { "type": "Point", "coordinates": [ -102.056875000424, 33.5914499996655 ] } },
{ "type": "Feature", "properties": { "OBJECTID": 32921, "Plant_Code": 62715, "Plant_Name": "Wildcat Creek Wind Farm LLC", "Utility_ID": 62635, "Utility_Name": "Wildcat Creek Wind Farm LLC", "sector_name": "IPP Non-CHP", "Street_Address": "7234 FM 1198", "City": "Gainesville", "County": "Cooke", "State": "Texas", "Zip": 76240, "PrimSource": "wind", "source_desc": "Wind = 180.1 MW", "tech_desc": "Onshore Wind Turbine", "Install_MW": 180.1, "Total_MW": 180.1, "Bat_MW": null, "Bio_MW": null, "Coal_MW": null, "Geo_MW": null, "Hydro_MW": null, "HydroPS_MW": null, "NG_MW": null, "Nuclear_MW": null, "Crude_MW": null, "Solar_MW": null, "Wind_MW": 180.1, "Other_MW": null, "Source": "EIA-860, EIA-860M and EIA-923", "Period": "202311", "Longitude": -97.32958, "Latitude": 33.54915 }, "geometry": { "type": "Point", "coordinates": [ -97.329579999791704, 33.5491500001229 ] } },
{ "type": "Feature", "properties": { "OBJECTID": 32949, "Plant_Code": 62753, "Plant_Name": "Prospect Storage", "Utility_ID": 61728, "Utility_Name": "GlidePath Power Operations LLC", "sector_name": "IPP Non-CHP", "Street_Address": "250 Ellis Lane", "City": "West Columbia", "County": "Brazoria", "State": "Texas", "Zip": 77486, "PrimSource": "batteries", "source_desc": "Battery = 9.9 MW", "tech_desc": "Batteries", "Install_MW": 9.9, "Total_MW": 9.9, "Bat_MW": 9.9, "Bio_MW": null, "Coal_MW": null, "Geo_MW": null, "Hydro_MW": null, "HydroPS_MW": null, "NG_MW": null, "Nuclear_MW": null, "Crude_MW": null, "Solar_MW": null, "Wind_MW": null, "Other_MW": null, "Source": "EIA-860, EIA-860M and EIA-923", "Period": "202311", "Longitude": -95.651111, "Latitude": 29.149166 }, "geometry": { "type": "Point", "coordinates": [ -95.651110999722505, 29.149165999622401 ] } },
{ "type": "Feature", "properties": { "OBJECTID": 32951, "Plant_Code": 62755, "Plant_Name": "Prospero Solar", "Utility_ID": 65890, "Utility_Name": null, "sector_name": "IPP Non-CHP", "Street_Address": "7598 SW 540", "City": "Andrews", "County": "Andrews", "State": "Texas", "Zip": 79714, "PrimSource": "solar", "source_desc": "Solar = 300 MW", "tech_desc": "Solar Photovoltaic", "Install_MW": 300.0, "Total_MW": 300.0, "Bat_MW": null, "Bio_MW": null, "Coal_MW": null, "Geo_MW": null, "Hydro_MW": null, "HydroPS_MW": null, "NG_MW": null, "Nuclear_MW": null, "Crude_MW": null, "Solar_MW": 300.0, "Wind_MW": null, "Other_MW": null, "Source": "EIA-860, EIA-860M and EIA-923", "Period": "202311", "Longitude": -102.840399, "Latitude": 32.287873 }, "geometry": { "type": "Point", "coordinates": [ -102.840399000386, 32.2878729999873 ] } },
{ "type": "Feature", "properties": { "OBJECTID": 32958, "Plant_Code": 62762, "Plant_Name": "NASA Johnson Space Center CHP", "Utility_ID": 58303, "Utility_Name": "Energy Systems Group LLC", "sector_name": "IPP CHP", "Street_Address": "Building 24 N, 2101 NASA Parkw", "City": "Houston", "County": "Harris", "State": "Texas", "Zip": 77058, "PrimSource": "natural gas", "source_desc": "Natural Gas = 10.6 MW", "tech_desc": "Natural Gas Fired Combustion Turbine", "Install_MW": 11.2, "Total_MW": 10.6, "Bat_MW": null, "Bio_MW": null, "Coal_MW": null, "Geo_MW": null, "Hydro_MW": null, "HydroPS_MW": null, "NG_MW": 10.6, "Nuclear_MW": null, "Crude_MW": null, "Solar_MW": null, "Wind_MW": null, "Other_MW": null, "Source": "EIA-860, EIA-860M and EIA-923", "Period": "202311", "Longitude": -95.089302, "Latitude": 29.562372 }, "geometry": { "type": "Point", "coordinates": [ -95.089301999750205, 29.562371999729301 ] } },
{ "type": "Feature", "properties": { "OBJECTID": 32961, "Plant_Code": 62765, "Plant_Name": "El Campo Wind", "Utility_ID": 65905, "Utility_Name": null, "sector_name": "IPP Non-CHP", "Street_Address": "5309 FM 1756 East", "City": "Truscott", "County": "Knox", "State": "Texas", "Zip": 79227, "PrimSource": "wind", "source_desc": "Wind = 242.8 MW", "tech_desc": "Onshore Wind Turbine", "Install_MW": 242.8, "Total_MW": 242.8, "Bat_MW": null, "Bio_MW": null, "Coal_MW": null, "Geo_MW": null, "Hydro_MW": null, "HydroPS_MW": null, "NG_MW": null, "Nuclear_MW": null, "Crude_MW": null, "Solar_MW": null, "Wind_MW": 242.8, "Other_MW": null, "Source": "EIA-860, EIA-860M and EIA-923", "Period": "202311", "Longitude": -99.726392, "Latitude": 33.732181 }, "geometry": { "type": "Point", "coordinates": [ -99.726392000086307, 33.732181000170797 ] } },
{ "type": "Feature", "properties": { "OBJECTID": 32968, "Plant_Code": 62772, "Plant_Name": "Coniglio Solar", "Utility_ID": 62680, "Utility_Name": "BT Coniglio Solar LLC", "sector_name": "IPP Non-CHP", "Street_Address": "1986 County Road 3740", "City": "Wolfe City", "County": "Fannin", "State": "Texas", "Zip": 75496, "PrimSource": "solar", "source_desc": "Solar = 123.6 MW", "tech_desc": "Solar Photovoltaic", "Install_MW": 123.6, "Total_MW": 123.6, "Bat_MW": null, "Bio_MW": null, "Coal_MW": null, "Geo_MW": null, "Hydro_MW": null, "HydroPS_MW": null, "NG_MW": null, "Nuclear_MW": null, "Crude_MW": null, "Solar_MW": 123.6, "Wind_MW": null, "Other_MW": null, "Source": "EIA-860, EIA-860M and EIA-923", "Period": "202311", "Longitude": -96.082472, "Latitude": 33.404486 }, "geometry": { "type": "Point", "coordinates": [ -96.082472000009304, 33.404486000059499 ] } },
{ "type": "Feature", "properties": { "OBJECTID": 32969, "Plant_Code": 62773, "Plant_Name": "BT Cooke Solar, LLC", "Utility_ID": 60496, "Utility_Name": "Adapture Renewables, Inc.", "sector_name": "IPP Non-CHP", "Street_Address": "965 West Spring Road", "City": "Gainsville", "County": "Cooke", "State": "Texas", "Zip": 76240, "PrimSource": "solar", "source_desc": "Solar = 59 MW", "tech_desc": "Solar Photovoltaic", "Install_MW": 59.0, "Total_MW": 59.0, "Bat_MW": null, "Bio_MW": null, "Coal_MW": null, "Geo_MW": null, "Hydro_MW": null, "HydroPS_MW": null, "NG_MW": null, "Nuclear_MW": null, "Crude_MW": null, "Solar_MW": 59.0, "Wind_MW": null, "Other_MW": null, "Source": "EIA-860, EIA-860M and EIA-923", "Period": "202311", "Longitude": -97.1798, "Latitude": 33.5493 }, "geometry": { "type": "Point", "coordinates": [ -97.179800000070401, 33.549299999874101 ] } },
{ "type": "Feature", "properties": { "OBJECTID": 32970, "Plant_Code": 62774, "Plant_Name": "Kellam Solar", "Utility_ID": 62682, "Utility_Name": "Kellam Solar, LLC", "sector_name": "IPP Non-CHP", "Street_Address": "9990 FM 773", "City": "Ben Wheeler", "County": "Van Zandt", "State": "Texas", "Zip": 75754, "PrimSource": "solar", "source_desc": "Solar = 59 MW", "tech_desc": "Solar Photovoltaic", "Install_MW": 59.0, "Total_MW": 59.0, "Bat_MW": null, "Bio_MW": null, "Coal_MW": null, "Geo_MW": null, "Hydro_MW": null, "HydroPS_MW": null, "NG_MW": null, "Nuclear_MW": null, "Crude_MW": null, "Solar_MW": 59.0, "Wind_MW": null, "Other_MW": null, "Source": "EIA-860, EIA-860M and EIA-923", "Period": "202311", "Longitude": -95.7156, "Latitude": 32.4744 }, "geometry": { "type": "Point", "coordinates": [ -95.715600000245601, 32.474399999838496 ] } },
{ "type": "Feature", "properties": { "OBJECTID": 32978, "Plant_Code": 62783, "Plant_Name": "Blackjack Creek Wind Farm", "Utility_ID": 56215, "Utility_Name": "RWE Renewables Americas, LLC", "sector_name": "IPP Non-CHP", "Street_Address": "TBD", "City": "Skidmore", "County": "Bee", "State": "Texas", "Zip": 78389, "PrimSource": "wind", "source_desc": "Wind = 239.6 MW", "tech_desc": "Onshore Wind Turbine", "Install_MW": 239.6, "Total_MW": 239.6, "Bat_MW": null, "Bio_MW": null, "Coal_MW": null, "Geo_MW": null, "Hydro_MW": null, "HydroPS_MW": null, "NG_MW": null, "Nuclear_MW": null, "Crude_MW": null, "Solar_MW": null, "Wind_MW": 239.6, "Other_MW": null, "Source": "EIA-860, EIA-860M and EIA-923", "Period": "202311", "Longitude": -97.522673, "Latitude": 28.2078 }, "geometry": { "type": "Point", "coordinates": [ -97.522673000368997, 28.207800000185799 ] } },
{ "type": "Feature", "properties": { "OBJECTID": 32993, "Plant_Code": 62804, "Plant_Name": "Greasewood Solar", "Utility_ID": 62705, "Utility_Name": "Concho Bluff LLC", "sector_name": "IPP Non-CHP", "Street_Address": "Oswego Road", "City": "Fort Stockton", "County": "Pecos", "State": "Texas", "Zip": 79735, "PrimSource": "solar", "source_desc": "Solar = 255 MW", "tech_desc": "Solar Photovoltaic", "Install_MW": 255.0, "Total_MW": 255.0, "Bat_MW": null, "Bio_MW": null, "Coal_MW": null, "Geo_MW": null, "Hydro_MW": null, "HydroPS_MW": null, "NG_MW": null, "Nuclear_MW": null, "Crude_MW": null, "Solar_MW": 255.0, "Wind_MW": null, "Other_MW": null, "Source": "EIA-860, EIA-860M and EIA-923", "Period": "202311", "Longitude": -102.488209, "Latitude": 31.030996 }, "geometry": { "type": "Point", "coordinates": [ -102.488209000048997, 31.030996000036399 ] } },
{ "type": "Feature", "properties": { "OBJECTID": 32996, "Plant_Code": 62809, "Plant_Name": "BMP Wind (TX)", "Utility_ID": 62659, "Utility_Name": "BMP Wind LLC", "sector_name": "IPP Non-CHP", "Street_Address": "TBD", "City": "Baird", "County": "Callahan", "State": "Texas", "Zip": 79504, "PrimSource": "wind", "source_desc": "Wind = 293.3 MW", "tech_desc": "Onshore Wind Turbine", "Install_MW": 293.3, "Total_MW": 293.3, "Bat_MW": null, "Bio_MW": null, "Coal_MW": null, "Geo_MW": null, "Hydro_MW": null, "HydroPS_MW": null, "NG_MW": null, "Nuclear_MW": null, "Crude_MW": null, "Solar_MW": null, "Wind_MW": 293.3, "Other_MW": null, "Source": "EIA-860, EIA-860M and EIA-923", "Period": "202311", "Longitude": -99.291596, "Latitude": 32.28938 }, "geometry": { "type": "Point", "coordinates": [ -99.291596000256604, 32.289379999683497 ] } },
{ "type": "Feature", "properties": { "OBJECTID": 33017, "Plant_Code": 62836, "Plant_Name": "Maryneal Windpower", "Utility_ID": 65411, "Utility_Name": "Duke Energy Renewables Services", "sector_name": "IPP Non-CHP", "Street_Address": "1793 County Rd 273", "City": "Maryneal", "County": "Nolan", "State": "Texas", "Zip": 79535, "PrimSource": "wind", "source_desc": "Wind = 182.4 MW", "tech_desc": "Onshore Wind Turbine", "Install_MW": 182.4, "Total_MW": 182.4, "Bat_MW": null, "Bio_MW": null, "Coal_MW": null, "Geo_MW": null, "Hydro_MW": null, "HydroPS_MW": null, "NG_MW": null, "Nuclear_MW": null, "Crude_MW": null, "Solar_MW": null, "Wind_MW": 182.4, "Other_MW": null, "Source": "EIA-860, EIA-860M and EIA-923", "Period": "202311", "Longitude": -100.491908, "Latitude": 32.199366 }, "geometry": { "type": "Point", "coordinates": [ -100.491907999960006, 32.199365999919102 ] } },
{ "type": "Feature", "properties": { "OBJECTID": 33024, "Plant_Code": 62845, "Plant_Name": "ENGIE Long Draw Solar LLC", "Utility_ID": 56201, "Utility_Name": "Engie North America", "sector_name": "IPP Non-CHP", "Street_Address": "TBD", "City": "Gail", "County": "Borden", "State": "Texas", "Zip": 79738, "PrimSource": "solar", "source_desc": "Solar = 225 MW", "tech_desc": "Solar Photovoltaic", "Install_MW": 225.0, "Total_MW": 225.0, "Bat_MW": null, "Bio_MW": null, "Coal_MW": null, "Geo_MW": null, "Hydro_MW": null, "HydroPS_MW": null, "NG_MW": null, "Nuclear_MW": null, "Crude_MW": null, "Solar_MW": 225.0, "Wind_MW": null, "Other_MW": null, "Source": "EIA-860, EIA-860M and EIA-923", "Period": "202311", "Longitude": -101.621793, "Latitude": 32.741383 }, "geometry": { "type": "Point", "coordinates": [ -101.621793000363994, 32.741383000097798 ] } },
{ "type": "Feature", "properties": { "OBJECTID": 33031, "Plant_Code": 62853, "Plant_Name": "Maverick Creek Wind", "Utility_ID": 59050, "Utility_Name": "Algonquin Power Co", "sector_name": "IPP Non-CHP", "Street_Address": "Hwy 83", "City": "Eden", "County": "Concho", "State": "Texas", "Zip": 76837, "PrimSource": "wind", "source_desc": "Wind = 491.6 MW", "tech_desc": "Onshore Wind Turbine", "Install_MW": 491.6, "Total_MW": 491.6, "Bat_MW": null, "Bio_MW": null, "Coal_MW": null, "Geo_MW": null, "Hydro_MW": null, "HydroPS_MW": null, "NG_MW": null, "Nuclear_MW": null, "Crude_MW": null, "Solar_MW": null, "Wind_MW": 491.6, "Other_MW": null, "Source": "EIA-860, EIA-860M and EIA-923", "Period": "202311", "Longitude": -99.843961, "Latitude": 31.262546 }, "geometry": { "type": "Point", "coordinates": [ -99.8439609999689, 31.262545999915201 ] } },
{ "type": "Feature", "properties": { "OBJECTID": 33033, "Plant_Code": 62855, "Plant_Name": "West Raymond Wind Farm LLC", "Utility_ID": 56215, "Utility_Name": "RWE Renewables Americas, LLC", "sector_name": "IPP Non-CHP", "Street_Address": "TBA", "City": "Lyford", "County": "Willacy", "State": "Texas", "Zip": 78569, "PrimSource": "wind", "source_desc": "Wind = 239.8 MW", "tech_desc": "Onshore Wind Turbine", "Install_MW": 239.8, "Total_MW": 239.8, "Bat_MW": null, "Bio_MW": null, "Coal_MW": null, "Geo_MW": null, "Hydro_MW": null, "HydroPS_MW": null, "NG_MW": null, "Nuclear_MW": null, "Crude_MW": null, "Solar_MW": null, "Wind_MW": 239.8, "Other_MW": null, "Source": "EIA-860, EIA-860M and EIA-923", "Period": "202311", "Longitude": -97.993045, "Latitude": 26.376651 }, "geometry": { "type": "Point", "coordinates": [ -97.993045000158602, 26.3766509999578 ] } },
{ "type": "Feature", "properties": { "OBJECTID": 33076, "Plant_Code": 62909, "Plant_Name": "Raymond Wind Farm, LLC", "Utility_ID": 56215, "Utility_Name": "RWE Renewables Americas, LLC", "sector_name": "IPP Non-CHP", "Street_Address": "TBD", "City": "Lyford", "County": "Willacy", "State": "Texas", "Zip": 78569, "PrimSource": "wind", "source_desc": "Wind = 200.2 MW", "tech_desc": "Onshore Wind Turbine", "Install_MW": 200.2, "Total_MW": 200.2, "Bat_MW": null, "Bio_MW": null, "Coal_MW": null, "Geo_MW": null, "Hydro_MW": null, "HydroPS_MW": null, "NG_MW": null, "Nuclear_MW": null, "Crude_MW": null, "Solar_MW": null, "Wind_MW": 200.2, "Other_MW": null, "Source": "EIA-860, EIA-860M and EIA-923", "Period": "202311", "Longitude": -97.780439, "Latitude": 26.364153 }, "geometry": { "type": "Point", "coordinates": [ -97.780438999795606, 26.364152999885999 ] } },
{ "type": "Feature", "properties": { "OBJECTID": 33094, "Plant_Code": 62932, "Plant_Name": "Oberon IB", "Utility_ID": 62789, "Utility_Name": "Oberon Solar IB", "sector_name": "IPP Non-CHP", "Street_Address": "31600 W I-20", "City": "Odessa", "County": "Ector", "State": "Texas", "Zip": 79760, "PrimSource": "solar", "source_desc": "Solar = 30 MW", "tech_desc": "Solar Photovoltaic", "Install_MW": 30.0, "Total_MW": 30.0, "Bat_MW": null, "Bio_MW": null, "Coal_MW": null, "Geo_MW": null, "Hydro_MW": null, "HydroPS_MW": null, "NG_MW": null, "Nuclear_MW": null, "Crude_MW": null, "Solar_MW": 30.0, "Wind_MW": null, "Other_MW": null, "Source": "EIA-860, EIA-860M and EIA-923", "Period": "202311", "Longitude": -102.69743, "Latitude": 31.692358 }, "geometry": { "type": "Point", "coordinates": [ -102.697430000199006, 31.6923580000451 ] } },
{ "type": "Feature", "properties": { "OBJECTID": 33095, "Plant_Code": 62933, "Plant_Name": "Oberon IA", "Utility_ID": 62788, "Utility_Name": "Oberon Solar IA", "sector_name": "IPP Non-CHP", "Street_Address": "31600 W I-20", "City": "Odessa", "County": "Ector", "State": "Texas", "Zip": 79760, "PrimSource": "solar", "source_desc": "Solar = 150 MW", "tech_desc": "Solar Photovoltaic", "Install_MW": 150.0, "Total_MW": 150.0, "Bat_MW": null, "Bio_MW": null, "Coal_MW": null, "Geo_MW": null, "Hydro_MW": null, "HydroPS_MW": null, "NG_MW": null, "Nuclear_MW": null, "Crude_MW": null, "Solar_MW": 150.0, "Wind_MW": null, "Other_MW": null, "Source": "EIA-860, EIA-860M and EIA-923", "Period": "202311", "Longitude": -102.701206, "Latitude": 31.703258 }, "geometry": { "type": "Point", "coordinates": [ -102.701206000224005, 31.703258000229201 ] } },
{ "type": "Feature", "properties": { "OBJECTID": 33106, "Plant_Code": 62945, "Plant_Name": "Fighting Jays Solar Project", "Utility_ID": 62794, "Utility_Name": "AP Solar 2, LLC", "sector_name": "IPP Non-CHP", "Street_Address": "TBD", "City": "Needville", "County": "Fort Bend", "State": "Texas", "Zip": 77461, "PrimSource": "solar", "source_desc": "Solar = 227.5 MW", "tech_desc": "Solar Photovoltaic", "Install_MW": 227.5, "Total_MW": 227.5, "Bat_MW": null, "Bio_MW": null, "Coal_MW": null, "Geo_MW": null, "Hydro_MW": null, "HydroPS_MW": null, "NG_MW": null, "Nuclear_MW": null, "Crude_MW": null, "Solar_MW": 227.5, "Wind_MW": null, "Other_MW": null, "Source": "EIA-860, EIA-860M and EIA-923", "Period": "202311", "Longitude": -95.746388, "Latitude": 29.358425 }, "geometry": { "type": "Point", "coordinates": [ -95.746388000402504, 29.3584249998998 ] } },
{ "type": "Feature", "properties": { "OBJECTID": 33113, "Plant_Code": 62953, "Plant_Name": "Griffin Solar", "Utility_ID": 61677, "Utility_Name": "Sol Systems", "sector_name": "IPP Non-CHP", "Street_Address": "1301 Greig Dr", "City": "Robinson", "County": "McLennan", "State": "Texas", "Zip": 76706, "PrimSource": "solar", "source_desc": "Solar = 5 MW", "tech_desc": "Solar Photovoltaic", "Install_MW": 5.0, "Total_MW": 5.0, "Bat_MW": null, "Bio_MW": null, "Coal_MW": null, "Geo_MW": null, "Hydro_MW": null, "HydroPS_MW": null, "NG_MW": null, "Nuclear_MW": null, "Crude_MW": null, "Solar_MW": 5.0, "Wind_MW": null, "Other_MW": null, "Source": "EIA-860, EIA-860M and EIA-923", "Period": "202311", "Longitude": -97.141218, "Latitude": 31.474114 }, "geometry": { "type": "Point", "coordinates": [ -97.141218000014504, 31.474113999782102 ] } },
{ "type": "Feature", "properties": { "OBJECTID": 33179, "Plant_Code": 63027, "Plant_Name": "Mars Solar", "Utility_ID": 61677, "Utility_Name": "Sol Systems", "sector_name": "IPP Non-CHP", "Street_Address": "25564 State Highway 359", "City": "Bruni", "County": "Webb", "State": "Texas", "Zip": 78344, "PrimSource": "solar", "source_desc": "Solar = 10 MW", "tech_desc": "Solar Photovoltaic", "Install_MW": 10.0, "Total_MW": 10.0, "Bat_MW": null, "Bio_MW": null, "Coal_MW": null, "Geo_MW": null, "Hydro_MW": null, "HydroPS_MW": null, "NG_MW": null, "Nuclear_MW": null, "Crude_MW": null, "Solar_MW": 10.0, "Wind_MW": null, "Other_MW": null, "Source": "EIA-860, EIA-860M and EIA-923", "Period": "202311", "Longitude": -98.834962, "Latitude": 27.421553 }, "geometry": { "type": "Point", "coordinates": [ -98.834961999887298, 27.421552999843101 ] } },
{ "type": "Feature", "properties": { "OBJECTID": 33181, "Plant_Code": 63030, "Plant_Name": "Canadian Breaks, LLC", "Utility_ID": 64495, "Utility_Name": "Canadian Breaks LLC", "sector_name": "IPP Non-CHP", "Street_Address": "6237 CR 44", "City": "Vega", "County": "Deaf Smith", "State": "Texas", "Zip": 79092, "PrimSource": "wind", "source_desc": "Wind = 210.1 MW", "tech_desc": "Onshore Wind Turbine", "Install_MW": 210.1, "Total_MW": 210.1, "Bat_MW": null, "Bio_MW": null, "Coal_MW": null, "Geo_MW": null, "Hydro_MW": null, "HydroPS_MW": null, "NG_MW": null, "Nuclear_MW": null, "Crude_MW": null, "Solar_MW": null, "Wind_MW": 210.1, "Other_MW": null, "Source": "EIA-860, EIA-860M and EIA-923", "Period": "202311", "Longitude": -102.315517, "Latitude": 35.200164 }, "geometry": { "type": "Point", "coordinates": [ -102.315517000084995, 35.200164000116999 ] } },
{ "type": "Feature", "properties": { "OBJECTID": 33240, "Plant_Code": 63100, "Plant_Name": "Prairie Hill Wind Project", "Utility_ID": 56201, "Utility_Name": "Engie North America", "sector_name": "IPP Non-CHP", "Street_Address": "606 FM 342", "City": "Mart", "County": "Limestone", "State": "Texas", "Zip": 76664, "PrimSource": "wind", "source_desc": "Wind = 300 MW", "tech_desc": "Onshore Wind Turbine", "Install_MW": 300.0, "Total_MW": 300.0, "Bat_MW": null, "Bio_MW": null, "Coal_MW": null, "Geo_MW": null, "Hydro_MW": null, "HydroPS_MW": null, "NG_MW": null, "Nuclear_MW": null, "Crude_MW": null, "Solar_MW": null, "Wind_MW": 300.0, "Other_MW": null, "Source": "EIA-860, EIA-860M and EIA-923", "Period": "202311", "Longitude": -96.904072, "Latitude": 31.549868 }, "geometry": { "type": "Point", "coordinates": [ -96.904071999688099, 31.549867999932399 ] } },
{ "type": "Feature", "properties": { "OBJECTID": 33241, "Plant_Code": 63101, "Plant_Name": "Las Lomas Wind Project", "Utility_ID": 56201, "Utility_Name": "Engie North America", "sector_name": "IPP Non-CHP", "Street_Address": "TBD", "City": "Falcon", "County": "Zapata", "State": "Texas", "Zip": 78564, "PrimSource": "wind", "source_desc": "Wind = 201.6 MW", "tech_desc": "Onshore Wind Turbine", "Install_MW": 201.6, "Total_MW": 201.6, "Bat_MW": null, "Bio_MW": null, "Coal_MW": null, "Geo_MW": null, "Hydro_MW": null, "HydroPS_MW": null, "NG_MW": null, "Nuclear_MW": null, "Crude_MW": null, "Solar_MW": null, "Wind_MW": 201.6, "Other_MW": null, "Source": "EIA-860, EIA-860M and EIA-923", "Period": "202311", "Longitude": -99.05745, "Latitude": 26.69842 }, "geometry": { "type": "Point", "coordinates": [ -99.057450000178207, 26.698419999870499 ] } },
{ "type": "Feature", "properties": { "OBJECTID": 33313, "Plant_Code": 63180, "Plant_Name": "TPE Whitney Solar, LLC", "Utility_ID": 62627, "Utility_Name": "Cardinal Renewables", "sector_name": "IPP Non-CHP", "Street_Address": "468 County Road 1145", "City": "Kopperl", "County": "Bosque", "State": "Texas", "Zip": 76652, "PrimSource": "solar", "source_desc": "Solar = 9.9 MW", "tech_desc": "Solar Photovoltaic", "Install_MW": 9.9, "Total_MW": 9.9, "Bat_MW": null, "Bio_MW": null, "Coal_MW": null, "Geo_MW": null, "Hydro_MW": null, "HydroPS_MW": null, "NG_MW": null, "Nuclear_MW": null, "Crude_MW": null, "Solar_MW": 9.9, "Wind_MW": null, "Other_MW": null, "Source": "EIA-860, EIA-860M and EIA-923", "Period": "202311", "Longitude": -97.35, "Latitude": 32.05 }, "geometry": { "type": "Point", "coordinates": [ -97.3499999997738, 32.050000000137899 ] } },
{ "type": "Feature", "properties": { "OBJECTID": 33332, "Plant_Code": 63209, "Plant_Name": "Aviator Wind", "Utility_ID": 62993, "Utility_Name": "Aviator Wind, LLC", "sector_name": "IPP Non-CHP", "Street_Address": "132 Cemetery Rd", "City": "Robert Lee", "County": "Coke", "State": "Texas", "Zip": 76945, "PrimSource": "wind", "source_desc": "Wind = 525 MW", "tech_desc": "Onshore Wind Turbine", "Install_MW": 525.0, "Total_MW": 525.0, "Bat_MW": null, "Bio_MW": null, "Coal_MW": null, "Geo_MW": null, "Hydro_MW": null, "HydroPS_MW": null, "NG_MW": null, "Nuclear_MW": null, "Crude_MW": null, "Solar_MW": null, "Wind_MW": 525.0, "Other_MW": null, "Source": "EIA-860, EIA-860M and EIA-923", "Period": "202311", "Longitude": -100.69729, "Latitude": 31.79261 }, "geometry": { "type": "Point", "coordinates": [ -100.697290000335997, 31.792610000077399 ] } },
{ "type": "Feature", "properties": { "OBJECTID": 33333, "Plant_Code": 63211, "Plant_Name": "Samson Solar Energy", "Utility_ID": 49893, "Utility_Name": "Invenergy Services LLC", "sector_name": "IPP Non-CHP", "Street_Address": "TBD", "City": "Cunningham", "County": "Franklin", "State": "Texas", "Zip": 75435, "PrimSource": "solar", "source_desc": "Solar = 250 MW", "tech_desc": "Solar Photovoltaic", "Install_MW": 250.0, "Total_MW": 250.0, "Bat_MW": null, "Bio_MW": null, "Coal_MW": null, "Geo_MW": null, "Hydro_MW": null, "HydroPS_MW": null, "NG_MW": null, "Nuclear_MW": null, "Crude_MW": null, "Solar_MW": 250.0, "Wind_MW": null, "Other_MW": null, "Source": "EIA-860, EIA-860M and EIA-923", "Period": "202311", "Longitude": -95.193426, "Latitude": 33.25102 }, "geometry": { "type": "Point", "coordinates": [ -95.193426000115295, 33.251020000180098 ] } },
{ "type": "Feature", "properties": { "OBJECTID": 33343, "Plant_Code": 63222, "Plant_Name": "Impact Solar 1", "Utility_ID": 62842, "Utility_Name": "Lightsource Renewable Energy Asset Management, LLC", "sector_name": "IPP Non-CHP", "Street_Address": "6795 FM 1503", "City": "Deport", "County": "Lamar", "State": "Texas", "Zip": 75435, "PrimSource": "solar", "source_desc": "Solar = 198.5 MW", "tech_desc": "Solar Photovoltaic", "Install_MW": 198.5, "Total_MW": 198.5, "Bat_MW": null, "Bio_MW": null, "Coal_MW": null, "Geo_MW": null, "Hydro_MW": null, "HydroPS_MW": null, "NG_MW": null, "Nuclear_MW": null, "Crude_MW": null, "Solar_MW": 198.5, "Wind_MW": null, "Other_MW": null, "Source": "EIA-860, EIA-860M and EIA-923", "Period": "202311", "Longitude": -95.370856, "Latitude": 33.467803 }, "geometry": { "type": "Point", "coordinates": [ -95.370855999653102, 33.467803000135497 ] } },
{ "type": "Feature", "properties": { "OBJECTID": 33344, "Plant_Code": 63223, "Plant_Name": "Brightside", "Utility_ID": 55983, "Utility_Name": "Luminant Generation Company LLC", "sector_name": "IPP Non-CHP", "Street_Address": "431 CR 329", "City": "Beeville", "County": "Bee", "State": "Texas", "Zip": 78102, "PrimSource": "solar", "source_desc": "Solar = 50.7 MW", "tech_desc": "Solar Photovoltaic", "Install_MW": 50.7, "Total_MW": 50.7, "Bat_MW": null, "Bio_MW": null, "Coal_MW": null, "Geo_MW": null, "Hydro_MW": null, "HydroPS_MW": null, "NG_MW": null, "Nuclear_MW": null, "Crude_MW": null, "Solar_MW": 50.7, "Wind_MW": null, "Other_MW": null, "Source": "EIA-860, EIA-860M and EIA-923", "Period": "202311", "Longitude": -97.889555, "Latitude": 28.430988 }, "geometry": { "type": "Point", "coordinates": [ -97.889555000178305, 28.430987999849702 ] } },
{ "type": "Feature", "properties": { "OBJECTID": 33351, "Plant_Code": 63233, "Plant_Name": "Emerald Grove", "Utility_ID": 55983, "Utility_Name": "Luminant Generation Company LLC", "sector_name": "IPP Non-CHP", "Street_Address": "25106 Hwy 67 S", "City": "Crane", "County": "Pecos", "State": "Texas", "Zip": 79731, "PrimSource": "solar", "source_desc": "Solar = 108 MW", "tech_desc": "Solar Photovoltaic", "Install_MW": 108.0, "Total_MW": 108.0, "Bat_MW": null, "Bio_MW": null, "Coal_MW": null, "Geo_MW": null, "Hydro_MW": null, "HydroPS_MW": null, "NG_MW": null, "Nuclear_MW": null, "Crude_MW": null, "Solar_MW": 108.0, "Wind_MW": null, "Other_MW": null, "Source": "EIA-860, EIA-860M and EIA-923", "Period": "202311", "Longitude": -102.35964, "Latitude": 31.09331 }, "geometry": { "type": "Point", "coordinates": [ -102.359640000154997, 31.093310000276599 ] } },
{ "type": "Feature", "properties": { "OBJECTID": 33370, "Plant_Code": 63255, "Plant_Name": "2W Permian Solar Project Hybrid", "Utility_ID": 63012, "Utility_Name": "2W Permian Solar, LLC", "sector_name": "IPP Non-CHP", "Street_Address": "8038 SW 1501", "City": "Andrews", "County": "Andrews", "State": "Texas", "Zip": 79714, "PrimSource": "solar", "source_desc": "Battery = 40 MW, Solar = 420 MW", "tech_desc": "Batteries; Solar Photovoltaic;", "Install_MW": 460.0, "Total_MW": 460.0, "Bat_MW": 40.0, "Bio_MW": null, "Coal_MW": null, "Geo_MW": null, "Hydro_MW": null, "HydroPS_MW": null, "NG_MW": null, "Nuclear_MW": null, "Crude_MW": null, "Solar_MW": 420.0, "Wind_MW": null, "Other_MW": null, "Source": "EIA-860, EIA-860M and EIA-923", "Period": "202311", "Longitude": -102.528333, "Latitude": 32.116388 }, "geometry": { "type": "Point", "coordinates": [ -102.528332999612005, 32.116387999761002 ] } },
{ "type": "Feature", "properties": { "OBJECTID": 33385, "Plant_Code": 63273, "Plant_Name": "Wagyu", "Utility_ID": 62161, "Utility_Name": "Cubico USA, LLC", "sector_name": "IPP Non-CHP", "Street_Address": "2114 County Rd 456", "City": "Damon", "County": "Brazoria", "State": "Texas", "Zip": 77430, "PrimSource": "solar", "source_desc": "Solar = 120 MW", "tech_desc": "Solar Photovoltaic", "Install_MW": 120.0, "Total_MW": 120.0, "Bat_MW": null, "Bio_MW": null, "Coal_MW": null, "Geo_MW": null, "Hydro_MW": null, "HydroPS_MW": null, "NG_MW": null, "Nuclear_MW": null, "Crude_MW": null, "Solar_MW": 120.0, "Wind_MW": null, "Other_MW": null, "Source": "EIA-860, EIA-860M and EIA-923", "Period": "202311", "Longitude": -95.658144, "Latitude": 29.242304 }, "geometry": { "type": "Point", "coordinates": [ -95.658143999913406, 29.242303999788401 ] } },
{ "type": "Feature", "properties": { "OBJECTID": 33423, "Plant_Code": 63320, "Plant_Name": "Titan Solar Project", "Utility_ID": 63092, "Utility_Name": "SE Titan, LLC", "sector_name": "IPP Non-CHP", "Street_Address": "2545 (B) E KC Rd.", "City": "Van Horn", "County": "Culberson", "State": "Texas", "Zip": 79855, "PrimSource": "solar", "source_desc": "Solar = 260 MW", "tech_desc": "Solar Photovoltaic", "Install_MW": 260.0, "Total_MW": 260.0, "Bat_MW": null, "Bio_MW": null, "Coal_MW": null, "Geo_MW": null, "Hydro_MW": null, "HydroPS_MW": null, "NG_MW": null, "Nuclear_MW": null, "Crude_MW": null, "Solar_MW": 260.0, "Wind_MW": null, "Other_MW": null, "Source": "EIA-860, EIA-860M and EIA-923", "Period": "202311", "Longitude": -104.458136, "Latitude": 31.70038 }, "geometry": { "type": "Point", "coordinates": [ -104.458135999690001, 31.7003799998975 ] } },
{ "type": "Feature", "properties": { "OBJECTID": 33429, "Plant_Code": 63328, "Plant_Name": "Juno Solar Project", "Utility_ID": 63100, "Utility_Name": "SE Juno, LLC", "sector_name": "IPP Non-CHP", "Street_Address": "136 County Road 116", "City": "Lamesa", "County": "Borden", "State": "Texas", "Zip": 79331, "PrimSource": "solar", "source_desc": "Solar = 300 MW", "tech_desc": "Solar Photovoltaic", "Install_MW": 300.0, "Total_MW": 300.0, "Bat_MW": null, "Bio_MW": null, "Coal_MW": null, "Geo_MW": null, "Hydro_MW": null, "HydroPS_MW": null, "NG_MW": null, "Nuclear_MW": null, "Crude_MW": null, "Solar_MW": 300.0, "Wind_MW": null, "Other_MW": null, "Source": "EIA-860, EIA-860M and EIA-923", "Period": "202311", "Longitude": -101.39102, "Latitude": 32.772889 }, "geometry": { "type": "Point", "coordinates": [ -101.391019999904998, 32.772889000332903 ] } },
{ "type": "Feature", "properties": { "OBJECTID": 33430, "Plant_Code": 63329, "Plant_Name": "Aragorn Solar Project", "Utility_ID": 63101, "Utility_Name": "SE Aragorn, LLC", "sector_name": "IPP Non-CHP", "Street_Address": "2535 (C) E KC Road", "City": "Van Horn", "County": "Culberson", "State": "Texas", "Zip": 79855, "PrimSource": "solar", "source_desc": "Solar = 180 MW", "tech_desc": "Solar Photovoltaic", "Install_MW": 187.2, "Total_MW": 180.0, "Bat_MW": null, "Bio_MW": null, "Coal_MW": null, "Geo_MW": null, "Hydro_MW": null, "HydroPS_MW": null, "NG_MW": null, "Nuclear_MW": null, "Crude_MW": null, "Solar_MW": 180.0, "Wind_MW": null, "Other_MW": null, "Source": "EIA-860, EIA-860M and EIA-923", "Period": "202311", "Longitude": -104.442292, "Latitude": 31.719983 }, "geometry": { "type": "Point", "coordinates": [ -104.442291999798996, 31.719983000049201 ] } },
{ "type": "Feature", "properties": { "OBJECTID": 33435, "Plant_Code": 63335, "Plant_Name": "HO Clarke Generating", "Utility_ID": 63082, "Utility_Name": "ProEnergy Services", "sector_name": "IPP Non-CHP", "Street_Address": "12584 Hiram Clarke Road", "City": "Houston", "County": "Harris", "State": "Texas", "Zip": 77045, "PrimSource": "natural gas", "source_desc": "Natural Gas = 356 MW", "tech_desc": "Natural Gas Fired Combustion Turbine", "Install_MW": 484.0, "Total_MW": 356.0, "Bat_MW": null, "Bio_MW": null, "Coal_MW": null, "Geo_MW": null, "Hydro_MW": null, "HydroPS_MW": null, "NG_MW": 356.0, "Nuclear_MW": null, "Crude_MW": null, "Solar_MW": null, "Wind_MW": null, "Other_MW": null, "Source": "EIA-860, EIA-860M and EIA-923", "Period": "202311", "Longitude": -95.45169, "Latitude": 29.64536 }, "geometry": { "type": "Point", "coordinates": [ -95.451690000382698, 29.645360000332399 ] } },
{ "type": "Feature", "properties": { "OBJECTID": 33442, "Plant_Code": 63343, "Plant_Name": "Galloway 2 Solar Farm", "Utility_ID": 63118, "Utility_Name": "224WB 8me LLC", "sector_name": "IPP Non-CHP", "Street_Address": "1096 County Road 4508", "City": "Paint Rock", "County": "Concho", "State": "Texas", "Zip": 76933, "PrimSource": "solar", "source_desc": "Solar = 110 MW", "tech_desc": "Solar Photovoltaic", "Install_MW": 110.0, "Total_MW": 110.0, "Bat_MW": null, "Bio_MW": null, "Coal_MW": null, "Geo_MW": null, "Hydro_MW": null, "HydroPS_MW": null, "NG_MW": null, "Nuclear_MW": null, "Crude_MW": null, "Solar_MW": 110.0, "Wind_MW": null, "Other_MW": null, "Source": "EIA-860, EIA-860M and EIA-923", "Period": "202311", "Longitude": -99.902973, "Latitude": 31.446237 }, "geometry": { "type": "Point", "coordinates": [ -99.902973000052498, 31.446237000186098 ] } },
{ "type": "Feature", "properties": { "OBJECTID": 33449, "Plant_Code": 63351, "Plant_Name": "Bluebell Solar II", "Utility_ID": 63116, "Utility_Name": "Bluebell Solar II, LLC", "sector_name": "IPP Non-CHP", "Street_Address": "1460 Mendenhall Ln", "City": "Sterling", "County": "Sterling", "State": "Texas", "Zip": 76951, "PrimSource": "solar", "source_desc": "Solar = 115 MW", "tech_desc": "Solar Photovoltaic", "Install_MW": 115.0, "Total_MW": 115.0, "Bat_MW": null, "Bio_MW": null, "Coal_MW": null, "Geo_MW": null, "Hydro_MW": null, "HydroPS_MW": null, "NG_MW": null, "Nuclear_MW": null, "Crude_MW": null, "Solar_MW": 115.0, "Wind_MW": null, "Other_MW": null, "Source": "EIA-860, EIA-860M and EIA-923", "Period": "202311", "Longitude": -100.825, "Latitude": 31.888 }, "geometry": { "type": "Point", "coordinates": [ -100.824999999713995, 31.888000000142899 ] } },
{ "type": "Feature", "properties": { "OBJECTID": 33479, "Plant_Code": 63388, "Plant_Name": "Oxy Renewable Energy - Goldsmith", "Utility_ID": 63183, "Utility_Name": "Oxy Renewable Energy LLC", "sector_name": "IPP Non-CHP", "Street_Address": "1099 N Schabauer St", "City": "Goldsmith", "County": "Ector", "State": "Texas", "Zip": 79741, "PrimSource": "solar", "source_desc": "Solar = 16.8 MW", "tech_desc": "Solar Photovoltaic", "Install_MW": 16.8, "Total_MW": 16.8, "Bat_MW": null, "Bio_MW": null, "Coal_MW": null, "Geo_MW": null, "Hydro_MW": null, "HydroPS_MW": null, "NG_MW": null, "Nuclear_MW": null, "Crude_MW": null, "Solar_MW": 16.8, "Wind_MW": null, "Other_MW": null, "Source": "EIA-860, EIA-860M and EIA-923", "Period": "202311", "Longitude": -102.6337, "Latitude": 32.0015 }, "geometry": { "type": "Point", "coordinates": [ -102.633699999734006, 32.001500000271498 ] } },
{ "type": "Feature", "properties": { "OBJECTID": 33600, "Plant_Code": 63519, "Plant_Name": "CED Crane Solar", "Utility_ID": 64403, "Utility_Name": "CED Crane Solar, LLC", "sector_name": "IPP Non-CHP", "Street_Address": "308 Tori Road", "City": "Crane", "County": "Crane", "State": "Texas", "Zip": 79731, "PrimSource": "solar", "source_desc": "Solar = 150 MW", "tech_desc": "Solar Photovoltaic", "Install_MW": 150.0, "Total_MW": 150.0, "Bat_MW": null, "Bio_MW": null, "Coal_MW": null, "Geo_MW": null, "Hydro_MW": null, "HydroPS_MW": null, "NG_MW": null, "Nuclear_MW": null, "Crude_MW": null, "Solar_MW": 150.0, "Wind_MW": null, "Other_MW": null, "Source": "EIA-860, EIA-860M and EIA-923", "Period": "202311", "Longitude": -102.31165, "Latitude": 31.254361 }, "geometry": { "type": "Point", "coordinates": [ -102.311649999823999, 31.254361000295699 ] } },
{ "type": "Feature", "properties": { "OBJECTID": 33691, "Plant_Code": 63624, "Plant_Name": "La Chalupa, LLC", "Utility_ID": 57416, "Utility_Name": "Acciona Energy USA Global, LLC", "sector_name": "IPP Non-CHP", "Street_Address": "18551 Olimito North Rd", "City": "Rio Hondo", "County": "Cameron", "State": "Texas", "Zip": 78583, "PrimSource": "wind", "source_desc": "Wind = 198.5 MW", "tech_desc": "Onshore Wind Turbine", "Install_MW": 198.5, "Total_MW": 198.5, "Bat_MW": null, "Bio_MW": null, "Coal_MW": null, "Geo_MW": null, "Hydro_MW": null, "HydroPS_MW": null, "NG_MW": null, "Nuclear_MW": null, "Crude_MW": null, "Solar_MW": null, "Wind_MW": 198.5, "Other_MW": null, "Source": "EIA-860, EIA-860M and EIA-923", "Period": "202311", "Longitude": -97.511842, "Latitude": 26.249888 }, "geometry": { "type": "Point", "coordinates": [ -97.511842000411903, 26.2498879999366 ] } },
{ "type": "Feature", "properties": { "OBJECTID": 33717, "Plant_Code": 63655, "Plant_Name": "Coyote Wind LLC", "Utility_ID": 57170, "Utility_Name": "EDF Renewable Asset Holdings, Inc.", "sector_name": "IPP Non-CHP", "Street_Address": "9899 County Road 1137", "City": "Snyder", "County": "Scurry", "State": "Texas", "Zip": 79549, "PrimSource": "wind", "source_desc": "Wind = 242.5 MW", "tech_desc": "Onshore Wind Turbine", "Install_MW": 242.5, "Total_MW": 242.5, "Bat_MW": null, "Bio_MW": null, "Coal_MW": null, "Geo_MW": null, "Hydro_MW": null, "HydroPS_MW": null, "NG_MW": null, "Nuclear_MW": null, "Crude_MW": null, "Solar_MW": null, "Wind_MW": 242.5, "Other_MW": null, "Source": "EIA-860, EIA-860M and EIA-923", "Period": "202311", "Longitude": -100.866458, "Latitude": 32.84879 }, "geometry": { "type": "Point", "coordinates": [ -100.866458000169999, 32.848790000292801 ] } },
{ "type": "Feature", "properties": { "OBJECTID": 33747, "Plant_Code": 63688, "Plant_Name": "Topaz Generating", "Utility_ID": 63082, "Utility_Name": "ProEnergy Services", "sector_name": "IPP Non-CHP", "Street_Address": "5651 Attwater Avenue", "City": "Texas City", "County": "Galveston", "State": "Texas", "Zip": 77590, "PrimSource": "natural gas", "source_desc": "Natural Gas = 445 MW", "tech_desc": "Natural Gas Fired Combustion Turbine", "Install_MW": 605.0, "Total_MW": 445.0, "Bat_MW": null, "Bio_MW": null, "Coal_MW": null, "Geo_MW": null, "Hydro_MW": null, "HydroPS_MW": null, "NG_MW": 445.0, "Nuclear_MW": null, "Crude_MW": null, "Solar_MW": null, "Wind_MW": null, "Other_MW": null, "Source": "EIA-860, EIA-860M and EIA-923", "Period": "202311", "Longitude": -94.976667, "Latitude": 29.426389 }, "geometry": { "type": "Point", "coordinates": [ -94.976667000158898, 29.426389000012499 ] } },
{ "type": "Feature", "properties": { "OBJECTID": 33792, "Plant_Code": 63737, "Plant_Name": "Chisholm Grid Energy Storage System", "Utility_ID": 63430, "Utility_Name": "Chisholm Grid, LLC", "sector_name": "IPP Non-CHP", "Street_Address": "TBD", "City": "Fort Worth", "County": "Tarrant", "State": "Texas", "Zip": 76179, "PrimSource": "batteries", "source_desc": "Battery = 100 MW", "tech_desc": "Batteries", "Install_MW": 100.0, "Total_MW": 100.0, "Bat_MW": 100.0, "Bio_MW": null, "Coal_MW": null, "Geo_MW": null, "Hydro_MW": null, "HydroPS_MW": null, "NG_MW": null, "Nuclear_MW": null, "Crude_MW": null, "Solar_MW": null, "Wind_MW": null, "Other_MW": null, "Source": "EIA-860, EIA-860M and EIA-923", "Period": "202311", "Longitude": -97.386111, "Latitude": 32.904444 }, "geometry": { "type": "Point", "coordinates": [ -97.386111000384304, 32.904444000327899 ] } },
{ "type": "Feature", "properties": { "OBJECTID": 33793, "Plant_Code": 63738, "Plant_Name": "Helena Wind", "Utility_ID": 63437, "Utility_Name": "Helena Wind, LLC", "sector_name": "IPP Non-CHP", "Street_Address": "TBD", "City": "Pawnee", "County": "Bee", "State": "Texas", "Zip": 78145, "PrimSource": "wind", "source_desc": "Wind = 268.2 MW", "tech_desc": "Onshore Wind Turbine", "Install_MW": 268.2, "Total_MW": 268.2, "Bat_MW": null, "Bio_MW": null, "Coal_MW": null, "Geo_MW": null, "Hydro_MW": null, "HydroPS_MW": null, "NG_MW": null, "Nuclear_MW": null, "Crude_MW": null, "Solar_MW": null, "Wind_MW": 268.2, "Other_MW": null, "Source": "EIA-860, EIA-860M and EIA-923", "Period": "202311", "Longitude": -97.937625, "Latitude": 28.621959 }, "geometry": { "type": "Point", "coordinates": [ -97.937624999976805, 28.6219590001221 ] } },
{ "type": "Feature", "properties": { "OBJECTID": 33794, "Plant_Code": 63739, "Plant_Name": "Las Majadas Wind Farm", "Utility_ID": 63431, "Utility_Name": "Las Majadas Wind Farm, LLC", "sector_name": "IPP Non-CHP", "Street_Address": "5785 FM 1420", "City": "Santa Monica", "County": "Willacy", "State": "Texas", "Zip": 78569, "PrimSource": "wind", "source_desc": "Wind = 272.6 MW", "tech_desc": "Onshore Wind Turbine", "Install_MW": 272.6, "Total_MW": 272.6, "Bat_MW": null, "Bio_MW": null, "Coal_MW": null, "Geo_MW": null, "Hydro_MW": null, "HydroPS_MW": null, "NG_MW": null, "Nuclear_MW": null, "Crude_MW": null, "Solar_MW": null, "Wind_MW": 272.6, "Other_MW": null, "Source": "EIA-860, EIA-860M and EIA-923", "Period": "202311", "Longitude": -97.545341, "Latitude": 26.364843 }, "geometry": { "type": "Point", "coordinates": [ -97.545341000213497, 26.364843000032799 ] } },
{ "type": "Feature", "properties": { "OBJECTID": 33811, "Plant_Code": 63757, "Plant_Name": "Madero Grid", "Utility_ID": 63451, "Utility_Name": "Madero Grid, LLC", "sector_name": "IPP Non-CHP", "Street_Address": "TBD", "City": "Mission", "County": "Hidalgo", "State": "Texas", "Zip": 78572, "PrimSource": "batteries", "source_desc": "Battery = 100 MW", "tech_desc": "Batteries", "Install_MW": 100.0, "Total_MW": 100.0, "Bat_MW": 100.0, "Bio_MW": null, "Coal_MW": null, "Geo_MW": null, "Hydro_MW": null, "HydroPS_MW": null, "NG_MW": null, "Nuclear_MW": null, "Crude_MW": null, "Solar_MW": null, "Wind_MW": null, "Other_MW": null, "Source": "EIA-860, EIA-860M and EIA-923", "Period": "202311", "Longitude": -98.329793, "Latitude": 26.169846 }, "geometry": { "type": "Point", "coordinates": [ -98.329793000287495, 26.169846000365801 ] } },
{ "type": "Feature", "properties": { "OBJECTID": 33818, "Plant_Code": 63764, "Plant_Name": "Elm Branch Solar 1", "Utility_ID": 62842, "Utility_Name": "Lightsource Renewable Energy Asset Management, LLC", "sector_name": "IPP Non-CHP", "Street_Address": "5029 FM 984", "City": "Bardwell", "County": "Ellis", "State": "Texas", "Zip": 75101, "PrimSource": "solar", "source_desc": "Solar = 134.7 MW", "tech_desc": "Solar Photovoltaic", "Install_MW": 134.7, "Total_MW": 134.7, "Bat_MW": null, "Bio_MW": null, "Coal_MW": null, "Geo_MW": null, "Hydro_MW": null, "HydroPS_MW": null, "NG_MW": null, "Nuclear_MW": null, "Crude_MW": null, "Solar_MW": 134.7, "Wind_MW": null, "Other_MW": null, "Source": "EIA-860, EIA-860M and EIA-923", "Period": "202311", "Longitude": -96.706121, "Latitude": 32.23256 }, "geometry": { "type": "Point", "coordinates": [ -96.706120999885897, 32.232559999911899 ] } },
{ "type": "Feature", "properties": { "OBJECTID": 33822, "Plant_Code": 63769, "Plant_Name": "Briar Creek Solar 1", "Utility_ID": 62842, "Utility_Name": "Lightsource Renewable Energy Asset Management, LLC", "sector_name": "IPP Non-CHP", "Street_Address": "7690 FM 744", "City": "Corsicana", "County": "Navarro", "State": "Texas", "Zip": 75110, "PrimSource": "solar", "source_desc": "Solar = 127 MW", "tech_desc": "Solar Photovoltaic", "Install_MW": 127.0, "Total_MW": 127.0, "Bat_MW": null, "Bio_MW": null, "Coal_MW": null, "Geo_MW": null, "Hydro_MW": null, "HydroPS_MW": null, "NG_MW": null, "Nuclear_MW": null, "Crude_MW": null, "Solar_MW": 127.0, "Wind_MW": null, "Other_MW": null, "Source": "EIA-860, EIA-860M and EIA-923", "Period": "202311", "Longitude": -96.585136, "Latitude": 32.067483 }, "geometry": { "type": "Point", "coordinates": [ -96.585135999828594, 32.067483000154802 ] } },
{ "type": "Feature", "properties": { "OBJECTID": 33842, "Plant_Code": 63797, "Plant_Name": "Ellis Solar LLC", "Utility_ID": 61222, "Utility_Name": "174 Power Global Corp.", "sector_name": "IPP Non-CHP", "Street_Address": "3391 Wyatt Road", "City": "Midlothian", "County": "Ellis", "State": "Texas", "Zip": 76065, "PrimSource": "solar", "source_desc": "Solar = 80 MW", "tech_desc": "Solar Photovoltaic", "Install_MW": 80.0, "Total_MW": 80.0, "Bat_MW": null, "Bio_MW": null, "Coal_MW": null, "Geo_MW": null, "Hydro_MW": null, "HydroPS_MW": null, "NG_MW": null, "Nuclear_MW": null, "Crude_MW": null, "Solar_MW": 80.0, "Wind_MW": null, "Other_MW": null, "Source": "EIA-860, EIA-860M and EIA-923", "Period": "202311", "Longitude": -97.02, "Latitude": 32.42 }, "geometry": { "type": "Point", "coordinates": [ -97.020000000328807, 32.419999999639302 ] } },
{ "type": "Feature", "properties": { "OBJECTID": 33892, "Plant_Code": 63883, "Plant_Name": "Samson Solar Energy III LLC", "Utility_ID": 49893, "Utility_Name": "Invenergy Services LLC", "sector_name": "IPP Non-CHP", "Street_Address": "TBD", "City": "Cunningham", "County": "Lamar", "State": "Texas", "Zip": 75435, "PrimSource": "solar", "source_desc": "Solar = 250 MW", "tech_desc": "Solar Photovoltaic", "Install_MW": 250.0, "Total_MW": 250.0, "Bat_MW": null, "Bio_MW": null, "Coal_MW": null, "Geo_MW": null, "Hydro_MW": null, "HydroPS_MW": null, "NG_MW": null, "Nuclear_MW": null, "Crude_MW": null, "Solar_MW": 250.0, "Wind_MW": null, "Other_MW": null, "Source": "EIA-860, EIA-860M and EIA-923", "Period": "202311", "Longitude": -95.357449, "Latitude": 33.426498 }, "geometry": { "type": "Point", "coordinates": [ -95.357448999770398, 33.426497999903802 ] } },
{ "type": "Feature", "properties": { "OBJECTID": 33897, "Plant_Code": 63892, "Plant_Name": "Lily Solar Hybrid", "Utility_ID": 63549, "Utility_Name": "Lily Solar, LLC", "sector_name": "IPP Non-CHP", "Street_Address": "7901 FM 1390", "City": "Scurry", "County": "Kaufman", "State": "Texas", "Zip": 75158, "PrimSource": "solar", "source_desc": "Battery = 50 MW, Solar = 146.7 MW", "tech_desc": "Batteries; Solar Photovoltaic;", "Install_MW": 196.7, "Total_MW": 196.7, "Bat_MW": 50.0, "Bio_MW": null, "Coal_MW": null, "Geo_MW": null, "Hydro_MW": null, "HydroPS_MW": null, "NG_MW": null, "Nuclear_MW": null, "Crude_MW": null, "Solar_MW": 146.7, "Wind_MW": null, "Other_MW": null, "Source": "EIA-860, EIA-860M and EIA-923", "Period": "202311", "Longitude": -96.428985, "Latitude": 32.533273 }, "geometry": { "type": "Point", "coordinates": [ -96.428984999890304, 32.533272999669499 ] } },
{ "type": "Feature", "properties": { "OBJECTID": 33907, "Plant_Code": 63905, "Plant_Name": "Azure Sky Solar", "Utility_ID": 63571, "Utility_Name": "Azure Sky Solar Project, LLC", "sector_name": "IPP Non-CHP", "Street_Address": "11825 Loop Road", "City": "Haskell", "County": "Haskell", "State": "Texas", "Zip": 79521, "PrimSource": "solar", "source_desc": "Battery = 77.6 MW, Solar = 225 MW", "tech_desc": "Batteries; Solar Photovoltaic;", "Install_MW": 302.6, "Total_MW": 302.6, "Bat_MW": 77.6, "Bio_MW": null, "Coal_MW": null, "Geo_MW": null, "Hydro_MW": null, "HydroPS_MW": null, "NG_MW": null, "Nuclear_MW": null, "Crude_MW": null, "Solar_MW": 225.0, "Wind_MW": null, "Other_MW": null, "Source": "EIA-860, EIA-860M and EIA-923", "Period": "202311", "Longitude": -99.5985, "Latitude": 32.998948 }, "geometry": { "type": "Point", "coordinates": [ -99.598500000234793, 32.998947999838101 ] } },
{ "type": "Feature", "properties": { "OBJECTID": 33978, "Plant_Code": 63985, "Plant_Name": "Fort Bend Solar LLC", "Utility_ID": 57416, "Utility_Name": "Acciona Energy USA Global, LLC", "sector_name": "IPP Non-CHP", "Street_Address": "1420 FM 1952 Rd", "City": "East Bernard", "County": "Fort Bend", "State": "Texas", "Zip": 77435, "PrimSource": "solar", "source_desc": "Solar = 240 MW", "tech_desc": "Solar Photovoltaic", "Install_MW": 240.0, "Total_MW": 240.0, "Bat_MW": null, "Bio_MW": null, "Coal_MW": null, "Geo_MW": null, "Hydro_MW": null, "HydroPS_MW": null, "NG_MW": null, "Nuclear_MW": null, "Crude_MW": null, "Solar_MW": 240.0, "Wind_MW": null, "Other_MW": null, "Source": "EIA-860, EIA-860M and EIA-923", "Period": "202311", "Longitude": -95.98036, "Latitude": 29.560311 }, "geometry": { "type": "Point", "coordinates": [ -95.980360000403493, 29.560311000359601 ] } },
{ "type": "Feature", "properties": { "OBJECTID": 34019, "Plant_Code": 64026, "Plant_Name": "ANSON Solar Center, LLC", "Utility_ID": 56201, "Utility_Name": "Engie North America", "sector_name": "IPP Non-CHP", "Street_Address": "4211 County Road 185", "City": "Anson", "County": "Jones", "State": "Texas", "Zip": 79501, "PrimSource": "solar", "source_desc": "Solar = 200 MW", "tech_desc": "Solar Photovoltaic", "Install_MW": 200.0, "Total_MW": 200.0, "Bat_MW": null, "Bio_MW": null, "Coal_MW": null, "Geo_MW": null, "Hydro_MW": null, "HydroPS_MW": null, "NG_MW": null, "Nuclear_MW": null, "Crude_MW": null, "Solar_MW": 200.0, "Wind_MW": null, "Other_MW": null, "Source": "EIA-860, EIA-860M and EIA-923", "Period": "202311", "Longitude": -99.91749, "Latitude": 32.811041 }, "geometry": { "type": "Point", "coordinates": [ -99.917489999622703, 32.8110409999965 ] } },
{ "type": "Feature", "properties": { "OBJECTID": 34059, "Plant_Code": 64075, "Plant_Name": "Taygete II Energy Project", "Utility_ID": 64569, "Utility_Name": "West Texas Solar Project II LLC", "sector_name": "IPP Non-CHP", "Street_Address": "5177 Tipton Rd.", "City": "Coyanosa", "County": "Pecos", "State": "Texas", "Zip": 79730, "PrimSource": "solar", "source_desc": "Solar = 203.8 MW", "tech_desc": "Solar Photovoltaic", "Install_MW": 203.8, "Total_MW": 203.8, "Bat_MW": null, "Bio_MW": null, "Coal_MW": null, "Geo_MW": null, "Hydro_MW": null, "HydroPS_MW": null, "NG_MW": null, "Nuclear_MW": null, "Crude_MW": null, "Solar_MW": 203.8, "Wind_MW": null, "Other_MW": null, "Source": "EIA-860, EIA-860M and EIA-923", "Period": "202311", "Longitude": -103.128, "Latitude": 31.186 }, "geometry": { "type": "Point", "coordinates": [ -103.127999999742002, 31.185999999919702 ] } },
{ "type": "Feature", "properties": { "OBJECTID": 34062, "Plant_Code": 64079, "Plant_Name": "CatanSolar", "Utility_ID": 60496, "Utility_Name": "Adapture Renewables, Inc.", "sector_name": "IPP Non-CHP", "Street_Address": "160 County Road 118", "City": "Runge", "County": "Karnes", "State": "Texas", "Zip": 78151, "PrimSource": "solar", "source_desc": "Solar = 10 MW", "tech_desc": "Solar Photovoltaic", "Install_MW": 10.0, "Total_MW": 10.0, "Bat_MW": null, "Bio_MW": null, "Coal_MW": null, "Geo_MW": null, "Hydro_MW": null, "HydroPS_MW": null, "NG_MW": null, "Nuclear_MW": null, "Crude_MW": null, "Solar_MW": 10.0, "Wind_MW": null, "Other_MW": null, "Source": "EIA-860, EIA-860M and EIA-923", "Period": "202311", "Longitude": -97.696944, "Latitude": 28.871642 }, "geometry": { "type": "Point", "coordinates": [ -97.696943999650003, 28.871642000249 ] } },
{ "type": "Feature", "properties": { "OBJECTID": 34070, "Plant_Code": 64089, "Plant_Name": "Ignacio Grid Energy Storage System", "Utility_ID": 63723, "Utility_Name": "Ignacio Grid, LLC", "sector_name": "IPP Non-CHP", "Street_Address": "4101 S. Mayberry Rd.", "City": "Mission", "County": "Hidalgo", "State": "Texas", "Zip": 78572, "PrimSource": "batteries", "source_desc": "Battery = 100 MW", "tech_desc": "Batteries", "Install_MW": 100.0, "Total_MW": 100.0, "Bat_MW": 100.0, "Bio_MW": null, "Coal_MW": null, "Geo_MW": null, "Hydro_MW": null, "HydroPS_MW": null, "NG_MW": null, "Nuclear_MW": null, "Crude_MW": null, "Solar_MW": null, "Wind_MW": null, "Other_MW": null, "Source": "EIA-860, EIA-860M and EIA-923", "Period": "202311", "Longitude": -98.325, "Latitude": 26.166944 }, "geometry": { "type": "Point", "coordinates": [ -98.324999999563204, 26.1669439999255 ] } },
{ "type": "Feature", "properties": { "OBJECTID": 34124, "Plant_Code": 64149, "Plant_Name": "Western Trail Wind, LLC", "Utility_ID": 63773, "Utility_Name": "Orsted Onshore North America", "sector_name": "IPP Non-CHP", "Street_Address": "TBD", "City": "Electra", "County": "Wilbarger", "State": "Texas", "Zip": 76360, "PrimSource": "wind", "source_desc": "Wind = 366.6 MW", "tech_desc": "Onshore Wind Turbine", "Install_MW": 366.6, "Total_MW": 366.6, "Bat_MW": null, "Bio_MW": null, "Coal_MW": null, "Geo_MW": null, "Hydro_MW": null, "HydroPS_MW": null, "NG_MW": null, "Nuclear_MW": null, "Crude_MW": null, "Solar_MW": null, "Wind_MW": 366.6, "Other_MW": null, "Source": "EIA-860, EIA-860M and EIA-923", "Period": "202311", "Longitude": -99.06509, "Latitude": 33.85245 }, "geometry": { "type": "Point", "coordinates": [ -99.065090000091502, 33.852450000349002 ] } },
{ "type": "Feature", "properties": { "OBJECTID": 34135, "Plant_Code": 64164, "Plant_Name": "Azure Sky Wind Project, LLC Hybrid", "Utility_ID": 63784, "Utility_Name": "Azure Sky Wind Project, LLC", "sector_name": "IPP Non-CHP", "Street_Address": "TBD", "City": "Town of Throckmorton", "County": "Throckmorton", "State": "Texas", "Zip": 76483, "PrimSource": "wind", "source_desc": "Wind = 350.2 MW", "tech_desc": "Onshore Wind Turbine", "Install_MW": 350.2, "Total_MW": 350.2, "Bat_MW": null, "Bio_MW": null, "Coal_MW": null, "Geo_MW": null, "Hydro_MW": null, "HydroPS_MW": null, "NG_MW": null, "Nuclear_MW": null, "Crude_MW": null, "Solar_MW": null, "Wind_MW": 350.2, "Other_MW": null, "Source": "EIA-860, EIA-860M and EIA-923", "Period": "202311", "Longitude": -99.2598, "Latitude": 33.1902 }, "geometry": { "type": "Point", "coordinates": [ -99.259799999621094, 33.190199999938599 ] } },
{ "type": "Feature", "properties": { "OBJECTID": 34136, "Plant_Code": 64165, "Plant_Name": "Priddy Wind Project", "Utility_ID": 56201, "Utility_Name": "Engie North America", "sector_name": "IPP Non-CHP", "Street_Address": "500 FM-575", "City": "Goldthwaite", "County": "Mills", "State": "Texas", "Zip": 76844, "PrimSource": "wind", "source_desc": "Wind = 302.4 MW", "tech_desc": "Onshore Wind Turbine", "Install_MW": 302.4, "Total_MW": 302.4, "Bat_MW": null, "Bio_MW": null, "Coal_MW": null, "Geo_MW": null, "Hydro_MW": null, "HydroPS_MW": null, "NG_MW": null, "Nuclear_MW": null, "Crude_MW": null, "Solar_MW": null, "Wind_MW": 302.4, "Other_MW": null, "Source": "EIA-860, EIA-860M and EIA-923", "Period": "202311", "Longitude": -98.49491, "Latitude": 31.5481 }, "geometry": { "type": "Point", "coordinates": [ -98.494909999736706, 31.548100000330798 ] } },
{ "type": "Feature", "properties": { "OBJECTID": 34166, "Plant_Code": 64204, "Plant_Name": "Elara Solar", "Utility_ID": 62842, "Utility_Name": "Lightsource Renewable Energy Asset Management, LLC", "sector_name": "IPP Non-CHP", "Street_Address": "4200 Beever Ln Road", "City": "Pearsall", "County": "Frio", "State": "Texas", "Zip": 78061, "PrimSource": "solar", "source_desc": "Solar = 130 MW", "tech_desc": "Solar Photovoltaic", "Install_MW": 132.4, "Total_MW": 130.0, "Bat_MW": null, "Bio_MW": null, "Coal_MW": null, "Geo_MW": null, "Hydro_MW": null, "HydroPS_MW": null, "NG_MW": null, "Nuclear_MW": null, "Crude_MW": null, "Solar_MW": 130.0, "Wind_MW": null, "Other_MW": null, "Source": "EIA-860, EIA-860M and EIA-923", "Period": "202311", "Longitude": -99.178605, "Latitude": 28.883196 }, "geometry": { "type": "Point", "coordinates": [ -99.1786050001148, 28.883195999676801 ] } },
{ "type": "Feature", "properties": { "OBJECTID": 34180, "Plant_Code": 64227, "Plant_Name": "Alexis Solar, LLC", "Utility_ID": 61677, "Utility_Name": "Sol Systems", "sector_name": "IPP Non-CHP", "Street_Address": "1229 FM 755", "City": "Encino", "County": "Brooks", "State": "Texas", "Zip": 78353, "PrimSource": "solar", "source_desc": "Solar = 9.5 MW", "tech_desc": "Solar Photovoltaic", "Install_MW": 10.0, "Total_MW": 9.5, "Bat_MW": null, "Bio_MW": null, "Coal_MW": null, "Geo_MW": null, "Hydro_MW": null, "HydroPS_MW": null, "NG_MW": null, "Nuclear_MW": null, "Crude_MW": null, "Solar_MW": 9.5, "Wind_MW": null, "Other_MW": null, "Source": "EIA-860, EIA-860M and EIA-923", "Period": "202311", "Longitude": -98.233324, "Latitude": 26.88913 }, "geometry": { "type": "Point", "coordinates": [ -98.233323999904201, 26.889129999984299 ] } },
{ "type": "Feature", "properties": { "OBJECTID": 34229, "Plant_Code": 64293, "Plant_Name": "Alvin", "Utility_ID": 63883, "Utility_Name": "Broad Reach Power", "sector_name": "IPP Non-CHP", "Street_Address": "760-A Heights Rd", "City": "Alvin", "County": "Brazoria", "State": "Texas", "Zip": 77511, "PrimSource": "batteries", "source_desc": "Battery = 9.9 MW", "tech_desc": "Batteries", "Install_MW": 9.9, "Total_MW": 9.9, "Bat_MW": 9.9, "Bio_MW": null, "Coal_MW": null, "Geo_MW": null, "Hydro_MW": null, "HydroPS_MW": null, "NG_MW": null, "Nuclear_MW": null, "Crude_MW": null, "Solar_MW": null, "Wind_MW": null, "Other_MW": null, "Source": "EIA-860, EIA-860M and EIA-923", "Period": "202311", "Longitude": -95.249367, "Latitude": 29.433245 }, "geometry": { "type": "Point", "coordinates": [ -95.249366999805602, 29.433244999821898 ] } },
{ "type": "Feature", "properties": { "OBJECTID": 34230, "Plant_Code": 64294, "Plant_Name": "Odessa", "Utility_ID": 63883, "Utility_Name": "Broad Reach Power", "sector_name": "IPP Non-CHP", "Street_Address": "3434 S. Fulton Ave", "City": "Odessa", "County": "Ector", "State": "Texas", "Zip": 79766, "PrimSource": "batteries", "source_desc": "Battery = 9.9 MW", "tech_desc": "Batteries", "Install_MW": 9.9, "Total_MW": 9.9, "Bat_MW": 9.9, "Bio_MW": null, "Coal_MW": null, "Geo_MW": null, "Hydro_MW": null, "HydroPS_MW": null, "NG_MW": null, "Nuclear_MW": null, "Crude_MW": null, "Solar_MW": null, "Wind_MW": null, "Other_MW": null, "Source": "EIA-860, EIA-860M and EIA-923", "Period": "202311", "Longitude": -102.398409, "Latitude": 31.871315 }, "geometry": { "type": "Point", "coordinates": [ -102.398408999807998, 31.871315000337098 ] } },
{ "type": "Feature", "properties": { "OBJECTID": 34231, "Plant_Code": 64295, "Plant_Name": "Angleton", "Utility_ID": 63883, "Utility_Name": "Broad Reach Power", "sector_name": "IPP Non-CHP", "Street_Address": "415 N Walker St", "City": "Angleton", "County": "Brazoria", "State": "Texas", "Zip": 77515, "PrimSource": "batteries", "source_desc": "Battery = 9.9 MW", "tech_desc": "Batteries", "Install_MW": 9.9, "Total_MW": 9.9, "Bat_MW": 9.9, "Bio_MW": null, "Coal_MW": null, "Geo_MW": null, "Hydro_MW": null, "HydroPS_MW": null, "NG_MW": null, "Nuclear_MW": null, "Crude_MW": null, "Solar_MW": null, "Wind_MW": null, "Other_MW": null, "Source": "EIA-860, EIA-860M and EIA-923", "Period": "202311", "Longitude": -95.440647, "Latitude": 29.167065 }, "geometry": { "type": "Point", "coordinates": [ -95.440646999815201, 29.167065000134599 ] } },
{ "type": "Feature", "properties": { "OBJECTID": 34232, "Plant_Code": 64296, "Plant_Name": "Brazoria", "Utility_ID": 63883, "Utility_Name": "Broad Reach Power", "sector_name": "IPP Non-CHP", "Street_Address": "1235-A CR 347", "City": "Brazoria", "County": "Brazoria", "State": "Texas", "Zip": 77422, "PrimSource": "batteries", "source_desc": "Battery = 9.9 MW", "tech_desc": "Batteries", "Install_MW": 9.9, "Total_MW": 9.9, "Bat_MW": 9.9, "Bio_MW": null, "Coal_MW": null, "Geo_MW": null, "Hydro_MW": null, "HydroPS_MW": null, "NG_MW": null, "Nuclear_MW": null, "Crude_MW": null, "Solar_MW": null, "Wind_MW": null, "Other_MW": null, "Source": "EIA-860, EIA-860M and EIA-923", "Period": "202311", "Longitude": -95.577587, "Latitude": 29.062635 }, "geometry": { "type": "Point", "coordinates": [ -95.577587000091597, 29.0626350001647 ] } },
{ "type": "Feature", "properties": { "OBJECTID": 34233, "Plant_Code": 64297, "Plant_Name": "Heights", "Utility_ID": 63883, "Utility_Name": "Broad Reach Power", "sector_name": "IPP Non-CHP", "Street_Address": "505 34th St N", "City": "Texas City", "County": "Galveston", "State": "Texas", "Zip": 77590, "PrimSource": "batteries", "source_desc": "Battery = 9.9 MW", "tech_desc": "Batteries", "Install_MW": 9.9, "Total_MW": 9.9, "Bat_MW": 9.9, "Bio_MW": null, "Coal_MW": null, "Geo_MW": null, "Hydro_MW": null, "HydroPS_MW": null, "NG_MW": null, "Nuclear_MW": null, "Crude_MW": null, "Solar_MW": null, "Wind_MW": null, "Other_MW": null, "Source": "EIA-860, EIA-860M and EIA-923", "Period": "202311", "Longitude": -94.949867, "Latitude": 29.389595 }, "geometry": { "type": "Point", "coordinates": [ -94.949866999739001, 29.389595000307299 ] } },
{ "type": "Feature", "properties": { "OBJECTID": 34234, "Plant_Code": 64298, "Plant_Name": "Magnolia TX", "Utility_ID": 63883, "Utility_Name": "Broad Reach Power", "sector_name": "IPP Non-CHP", "Street_Address": "1301 Floyd Rd.", "City": "Texas City", "County": "Galveston", "State": "Texas", "Zip": 77573, "PrimSource": "batteries", "source_desc": "Battery = 9.9 MW", "tech_desc": "Batteries", "Install_MW": 9.9, "Total_MW": 9.9, "Bat_MW": 9.9, "Bio_MW": null, "Coal_MW": null, "Geo_MW": null, "Hydro_MW": null, "HydroPS_MW": null, "NG_MW": null, "Nuclear_MW": null, "Crude_MW": null, "Solar_MW": null, "Wind_MW": null, "Other_MW": null, "Source": "EIA-860, EIA-860M and EIA-923", "Period": "202311", "Longitude": -95.133947, "Latitude": 29.488335 }, "geometry": { "type": "Point", "coordinates": [ -95.133947000051407, 29.488335000188101 ] } },
{ "type": "Feature", "properties": { "OBJECTID": 34248, "Plant_Code": 64312, "Plant_Name": "Bat Cave", "Utility_ID": 63883, "Utility_Name": "Broad Reach Power", "sector_name": "IPP Non-CHP", "Street_Address": "2051 Post Hill Street", "City": "Mason", "County": "Mason", "State": "Texas", "Zip": 76856, "PrimSource": "batteries", "source_desc": "Battery = 100 MW", "tech_desc": "Batteries", "Install_MW": 100.0, "Total_MW": 100.0, "Bat_MW": 100.0, "Bio_MW": null, "Coal_MW": null, "Geo_MW": null, "Hydro_MW": null, "HydroPS_MW": null, "NG_MW": null, "Nuclear_MW": null, "Crude_MW": null, "Solar_MW": null, "Wind_MW": null, "Other_MW": null, "Source": "EIA-860, EIA-860M and EIA-923", "Period": "202311", "Longitude": -99.231778, "Latitude": 30.737745 }, "geometry": { "type": "Point", "coordinates": [ -99.231778000258998, 30.737744999920402 ] } },
{ "type": "Feature", "properties": { "OBJECTID": 34249, "Plant_Code": 64314, "Plant_Name": "Dickinson", "Utility_ID": 63883, "Utility_Name": "Broad Reach Power", "sector_name": "IPP Non-CHP", "Street_Address": " 2320 Hollywood St.", "City": "Dickinson", "County": "Galveston", "State": "Texas", "Zip": 77539, "PrimSource": "batteries", "source_desc": "Battery = 9.9 MW", "tech_desc": "Batteries", "Install_MW": 9.9, "Total_MW": 9.9, "Bat_MW": 9.9, "Bio_MW": null, "Coal_MW": null, "Geo_MW": null, "Hydro_MW": null, "HydroPS_MW": null, "NG_MW": null, "Nuclear_MW": null, "Crude_MW": null, "Solar_MW": null, "Wind_MW": null, "Other_MW": null, "Source": "EIA-860, EIA-860M and EIA-923", "Period": "202311", "Longitude": -95.056987, "Latitude": 29.461255 }, "geometry": { "type": "Point", "coordinates": [ -95.056987000154294, 29.461255000093701 ] } },
{ "type": "Feature", "properties": { "OBJECTID": 34250, "Plant_Code": 64315, "Plant_Name": "Loop 463", "Utility_ID": 63883, "Utility_Name": "Broad Reach Power", "sector_name": "IPP Non-CHP", "Street_Address": "17206 NW Zac Lentz Pkwy", "City": "Victoria", "County": "Victoria", "State": "Texas", "Zip": 77905, "PrimSource": "batteries", "source_desc": "Battery = 9.9 MW", "tech_desc": "Batteries", "Install_MW": 9.9, "Total_MW": 9.9, "Bat_MW": 9.9, "Bio_MW": null, "Coal_MW": null, "Geo_MW": null, "Hydro_MW": null, "HydroPS_MW": null, "NG_MW": null, "Nuclear_MW": null, "Crude_MW": null, "Solar_MW": null, "Wind_MW": null, "Other_MW": null, "Source": "EIA-860, EIA-860M and EIA-923", "Period": "202311", "Longitude": -97.074867, "Latitude": 28.816475 }, "geometry": { "type": "Point", "coordinates": [ -97.074867000316601, 28.816475000276998 ] } },
{ "type": "Feature", "properties": { "OBJECTID": 34251, "Plant_Code": 64316, "Plant_Name": "Lopeno", "Utility_ID": 63883, "Utility_Name": "Broad Reach Power", "sector_name": "IPP Non-CHP", "Street_Address": "4676 S US Hwy 83", "City": "Zapata", "County": "Zapata", "State": "Texas", "Zip": 78076, "PrimSource": "batteries", "source_desc": "Battery = 9.9 MW", "tech_desc": "Batteries", "Install_MW": 9.9, "Total_MW": 9.9, "Bat_MW": 9.9, "Bio_MW": null, "Coal_MW": null, "Geo_MW": null, "Hydro_MW": null, "HydroPS_MW": null, "NG_MW": null, "Nuclear_MW": null, "Crude_MW": null, "Solar_MW": null, "Wind_MW": null, "Other_MW": null, "Source": "EIA-860, EIA-860M and EIA-923", "Period": "202311", "Longitude": -99.109418, "Latitude": 26.687614 }, "geometry": { "type": "Point", "coordinates": [ -99.109418000200293, 26.6876139997885 ] } },
{ "type": "Feature", "properties": { "OBJECTID": 34252, "Plant_Code": 64317, "Plant_Name": "North Fork TX", "Utility_ID": 63883, "Utility_Name": "Broad Reach Power", "sector_name": "IPP Non-CHP", "Street_Address": "51 PVR 905 Liberty Hill", "City": "Liberty Hill", "County": "Williamson", "State": "Texas", "Zip": 78642, "PrimSource": "batteries", "source_desc": "Battery = 100 MW", "tech_desc": "Batteries", "Install_MW": 100.0, "Total_MW": 100.0, "Bat_MW": 100.0, "Bio_MW": null, "Coal_MW": null, "Geo_MW": null, "Hydro_MW": null, "HydroPS_MW": null, "NG_MW": null, "Nuclear_MW": null, "Crude_MW": null, "Solar_MW": null, "Wind_MW": null, "Other_MW": null, "Source": "EIA-860, EIA-860M and EIA-923", "Period": "202311", "Longitude": -97.875708, "Latitude": 30.748955 }, "geometry": { "type": "Point", "coordinates": [ -97.875708000079698, 30.748954999925999 ] } },
{ "type": "Feature", "properties": { "OBJECTID": 34253, "Plant_Code": 64318, "Plant_Name": "Pueblo BA", "Utility_ID": 63883, "Utility_Name": "Broad Reach Power", "sector_name": "IPP Non-CHP", "Street_Address": "3301 El Indio Hwy", "City": "Eagle Pass", "County": "Maverick", "State": "Texas", "Zip": 78852, "PrimSource": "batteries", "source_desc": "Battery = 19.8 MW", "tech_desc": "Batteries", "Install_MW": 19.8, "Total_MW": 19.8, "Bat_MW": 19.8, "Bio_MW": null, "Coal_MW": null, "Geo_MW": null, "Hydro_MW": null, "HydroPS_MW": null, "NG_MW": null, "Nuclear_MW": null, "Crude_MW": null, "Solar_MW": null, "Wind_MW": null, "Other_MW": null, "Source": "EIA-860, EIA-860M and EIA-923", "Period": "202311", "Longitude": -100.463708, "Latitude": 28.678935 }, "geometry": { "type": "Point", "coordinates": [ -100.463708000322001, 28.678934999863699 ] } },
{ "type": "Feature", "properties": { "OBJECTID": 34254, "Plant_Code": 64319, "Plant_Name": "Ranchtown", "Utility_ID": 63883, "Utility_Name": "Broad Reach Power", "sector_name": "IPP Non-CHP", "Street_Address": "12175 Pablo Hernandez Ln", "City": "San Antonio", "County": "Bexar", "State": "Texas", "Zip": 78023, "PrimSource": "batteries", "source_desc": "Battery = 9.9 MW", "tech_desc": "Batteries", "Install_MW": 9.9, "Total_MW": 9.9, "Bat_MW": 9.9, "Bio_MW": null, "Coal_MW": null, "Geo_MW": null, "Hydro_MW": null, "HydroPS_MW": null, "NG_MW": null, "Nuclear_MW": null, "Crude_MW": null, "Solar_MW": null, "Wind_MW": null, "Other_MW": null, "Source": "EIA-860, EIA-860M and EIA-923", "Period": "202311", "Longitude": -98.735948, "Latitude": 29.617885 }, "geometry": { "type": "Point", "coordinates": [ -98.735948000438896, 29.617885000305101 ] } },
{ "type": "Feature", "properties": { "OBJECTID": 34255, "Plant_Code": 64321, "Plant_Name": "Sweeny", "Utility_ID": 63883, "Utility_Name": "Broad Reach Power", "sector_name": "IPP Non-CHP", "Street_Address": "1511 CR 372", "City": "Sweeny", "County": "Brazoria", "State": "Texas", "Zip": 77480, "PrimSource": "batteries", "source_desc": "Battery = 9.9 MW", "tech_desc": "Batteries", "Install_MW": 9.9, "Total_MW": 9.9, "Bat_MW": 9.9, "Bio_MW": null, "Coal_MW": null, "Geo_MW": null, "Hydro_MW": null, "HydroPS_MW": null, "NG_MW": null, "Nuclear_MW": null, "Crude_MW": null, "Solar_MW": null, "Wind_MW": null, "Other_MW": null, "Source": "EIA-860, EIA-860M and EIA-923", "Period": "202311", "Longitude": -95.687237, "Latitude": 29.055615 }, "geometry": { "type": "Point", "coordinates": [ -95.687237000401694, 29.055614999777301 ] } },
{ "type": "Feature", "properties": { "OBJECTID": 34256, "Plant_Code": 64322, "Plant_Name": "Zapata", "Utility_ID": 63883, "Utility_Name": "Broad Reach Power", "sector_name": "IPP Non-CHP", "Street_Address": "3112 State Hwy 16", "City": "Zapata", "County": "Zapata", "State": "Texas", "Zip": 78076, "PrimSource": "batteries", "source_desc": "Battery = 19.8 MW", "tech_desc": "Batteries", "Install_MW": 19.8, "Total_MW": 19.8, "Bat_MW": 19.8, "Bio_MW": null, "Coal_MW": null, "Geo_MW": null, "Hydro_MW": null, "HydroPS_MW": null, "NG_MW": null, "Nuclear_MW": null, "Crude_MW": null, "Solar_MW": null, "Wind_MW": null, "Other_MW": null, "Source": "EIA-860, EIA-860M and EIA-923", "Period": "202311", "Longitude": -99.233708, "Latitude": 26.932675 }, "geometry": { "type": "Point", "coordinates": [ -99.233708000104201, 26.9326749999972 ] } },
{ "type": "Feature", "properties": { "OBJECTID": 34258, "Plant_Code": 64325, "Plant_Name": "Prospero Solar II", "Utility_ID": 61219, "Utility_Name": "Longroad Energy Services LLC", "sector_name": "IPP Non-CHP", "Street_Address": "7510 SW 900", "City": "Andrews", "County": "Andrews", "State": "Texas", "Zip": 79714, "PrimSource": "solar", "source_desc": "Solar = 250 MW", "tech_desc": "Solar Photovoltaic", "Install_MW": 250.0, "Total_MW": 250.0, "Bat_MW": null, "Bio_MW": null, "Coal_MW": null, "Geo_MW": null, "Hydro_MW": null, "HydroPS_MW": null, "NG_MW": null, "Nuclear_MW": null, "Crude_MW": null, "Solar_MW": 250.0, "Wind_MW": null, "Other_MW": null, "Source": "EIA-860, EIA-860M and EIA-923", "Period": "202311", "Longitude": -102.844806, "Latitude": 32.275814 }, "geometry": { "type": "Point", "coordinates": [ -102.844806000421997, 32.275813999986802 ] } },
{ "type": "Feature", "properties": { "OBJECTID": 34301, "Plant_Code": 64383, "Plant_Name": "Braes Bayou Plant", "Utility_ID": 63082, "Utility_Name": "ProEnergy Services", "sector_name": "IPP Non-CHP", "Street_Address": "2929 Lockwood Gubble Road", "City": "Richmond", "County": "Fort Bend", "State": "Texas", "Zip": 77469, "PrimSource": "natural gas", "source_desc": "Natural Gas = 356 MW", "tech_desc": "Natural Gas Fired Combustion Turbine", "Install_MW": 484.0, "Total_MW": 356.0, "Bat_MW": null, "Bio_MW": null, "Coal_MW": null, "Geo_MW": null, "Hydro_MW": null, "HydroPS_MW": null, "NG_MW": 356.0, "Nuclear_MW": null, "Crude_MW": null, "Solar_MW": null, "Wind_MW": null, "Other_MW": null, "Source": "EIA-860, EIA-860M and EIA-923", "Period": "202311", "Longitude": -95.620277, "Latitude": 29.480277 }, "geometry": { "type": "Point", "coordinates": [ -95.620277000433305, 29.480277000028501 ] } },
{ "type": "Feature", "properties": { "OBJECTID": 34307, "Plant_Code": 64389, "Plant_Name": "Niagara Bottling - Seguin", "Utility_ID": 63432, "Utility_Name": "SkyHigh 2 Solar", "sector_name": "Industrial Non-CHP", "Street_Address": "1730 8th St", "City": "Seguin", "County": "Guadalupe", "State": "Texas", "Zip": 78155, "PrimSource": "solar", "source_desc": "Solar = 4.9 MW", "tech_desc": "Solar Photovoltaic", "Install_MW": 4.9, "Total_MW": 4.9, "Bat_MW": null, "Bio_MW": null, "Coal_MW": null, "Geo_MW": null, "Hydro_MW": null, "HydroPS_MW": null, "NG_MW": null, "Nuclear_MW": null, "Crude_MW": null, "Solar_MW": 4.9, "Wind_MW": null, "Other_MW": null, "Source": "EIA-860, EIA-860M and EIA-923", "Period": "202311", "Longitude": -97.977198, "Latitude": 29.589139 }, "geometry": { "type": "Point", "coordinates": [ -97.9771979998945, 29.589139000321801 ] } },
{ "type": "Feature", "properties": { "OBJECTID": 34337, "Plant_Code": 64423, "Plant_Name": "TX7 Flat Top", "Utility_ID": 63289, "Utility_Name": "Key Capture Energy", "sector_name": "IPP Non-CHP", "Street_Address": "1723 FM 2007", "City": "Pecos", "County": "Reeves", "State": "Texas", "Zip": 79772, "PrimSource": "batteries", "source_desc": "Battery = 9.9 MW", "tech_desc": "Batteries", "Install_MW": 9.9, "Total_MW": 9.9, "Bat_MW": 9.9, "Bio_MW": null, "Coal_MW": null, "Geo_MW": null, "Hydro_MW": null, "HydroPS_MW": null, "NG_MW": null, "Nuclear_MW": null, "Crude_MW": null, "Solar_MW": null, "Wind_MW": null, "Other_MW": null, "Source": "EIA-860, EIA-860M and EIA-923", "Period": "202311", "Longitude": -103.36067, "Latitude": 31.19791 }, "geometry": { "type": "Point", "coordinates": [ -103.360670000434993, 31.197910000327301 ] } },
{ "type": "Feature", "properties": { "OBJECTID": 34338, "Plant_Code": 64424, "Plant_Name": "TX8 Worsham", "Utility_ID": 63289, "Utility_Name": "Key Capture Energy", "sector_name": "IPP Non-CHP", "Street_Address": "1196 FM 1450", "City": "Pecos", "County": "Pecos", "State": "Texas", "Zip": 79772, "PrimSource": "batteries", "source_desc": "Battery = 9.9 MW", "tech_desc": "Batteries", "Install_MW": 9.9, "Total_MW": 9.9, "Bat_MW": 9.9, "Bio_MW": null, "Coal_MW": null, "Geo_MW": null, "Hydro_MW": null, "HydroPS_MW": null, "NG_MW": null, "Nuclear_MW": null, "Crude_MW": null, "Solar_MW": null, "Wind_MW": null, "Other_MW": null, "Source": "EIA-860, EIA-860M and EIA-923", "Period": "202311", "Longitude": -103.33645, "Latitude": 31.35658 }, "geometry": { "type": "Point", "coordinates": [ -103.336450000138996, 31.3565800003691 ] } },
{ "type": "Feature", "properties": { "OBJECTID": 34339, "Plant_Code": 64425, "Plant_Name": "TX2 Port Lavaca", "Utility_ID": 63289, "Utility_Name": "Key Capture Energy", "sector_name": "IPP Non-CHP", "Street_Address": "4577 State Hwy 35 South", "City": "Port Lavaca", "County": "Calhoun", "State": "Texas", "Zip": 77979, "PrimSource": "batteries", "source_desc": "Battery = 9.9 MW", "tech_desc": "Batteries", "Install_MW": 9.9, "Total_MW": 9.9, "Bat_MW": 9.9, "Bio_MW": null, "Coal_MW": null, "Geo_MW": null, "Hydro_MW": null, "HydroPS_MW": null, "NG_MW": null, "Nuclear_MW": null, "Crude_MW": null, "Solar_MW": null, "Wind_MW": null, "Other_MW": null, "Source": "EIA-860, EIA-860M and EIA-923", "Period": "202311", "Longitude": -96.68376, "Latitude": 28.58673 }, "geometry": { "type": "Point", "coordinates": [ -96.683760000188002, 28.5867299999626 ] } },
{ "type": "Feature", "properties": { "OBJECTID": 34358, "Plant_Code": 64447, "Plant_Name": "Brazoria West", "Utility_ID": 64108, "Utility_Name": "Brazoria West Solar Project, LLC", "sector_name": "IPP Non-CHP", "Street_Address": "2546 County Road 23", "City": "Damon", "County": "Brazoria", "State": "Texas", "Zip": 77422, "PrimSource": "solar", "source_desc": "Solar = 200 MW", "tech_desc": "Solar Photovoltaic", "Install_MW": 200.0, "Total_MW": 200.0, "Bat_MW": null, "Bio_MW": null, "Coal_MW": null, "Geo_MW": null, "Hydro_MW": null, "HydroPS_MW": null, "NG_MW": null, "Nuclear_MW": null, "Crude_MW": null, "Solar_MW": 200.0, "Wind_MW": null, "Other_MW": null, "Source": "EIA-860, EIA-860M and EIA-923", "Period": "202311", "Longitude": -95.663, "Latitude": 29.191 }, "geometry": { "type": "Point", "coordinates": [ -95.663000000386901, 29.1910000001821 ] } },
{ "type": "Feature", "properties": { "OBJECTID": 34426, "Plant_Code": 64528, "Plant_Name": "Gambit Energy Storage - Angleton Storage", "Utility_ID": 60947, "Utility_Name": "Tesla Inc.", "sector_name": "IPP Non-CHP", "Street_Address": "998 W Live Oak St", "City": "Angleton", "County": "Brazoria", "State": "Texas", "Zip": 77515, "PrimSource": "batteries", "source_desc": "Battery = 100 MW", "tech_desc": "Batteries", "Install_MW": 100.0, "Total_MW": 100.0, "Bat_MW": 100.0, "Bio_MW": null, "Coal_MW": null, "Geo_MW": null, "Hydro_MW": null, "HydroPS_MW": null, "NG_MW": null, "Nuclear_MW": null, "Crude_MW": null, "Solar_MW": null, "Wind_MW": null, "Other_MW": null, "Source": "EIA-860, EIA-860M and EIA-923", "Period": "202311", "Longitude": -95.445062, "Latitude": 29.16801 }, "geometry": { "type": "Point", "coordinates": [ -95.445062000247702, 29.168010000072002 ] } },
{ "type": "Feature", "properties": { "OBJECTID": 34430, "Plant_Code": 64538, "Plant_Name": "Corazon Energy LLC", "Utility_ID": 64167, "Utility_Name": "Corazon Energy LLC", "sector_name": "IPP Non-CHP", "Street_Address": "TBD", "City": "Rachito Las Lomas", "County": "Webb", "State": "Texas", "Zip": 78043, "PrimSource": "solar", "source_desc": "Solar = 200 MW", "tech_desc": "Solar Photovoltaic", "Install_MW": 200.0, "Total_MW": 200.0, "Bat_MW": null, "Bio_MW": null, "Coal_MW": null, "Geo_MW": null, "Hydro_MW": null, "HydroPS_MW": null, "NG_MW": null, "Nuclear_MW": null, "Crude_MW": null, "Solar_MW": 200.0, "Wind_MW": null, "Other_MW": null, "Source": "EIA-860, EIA-860M and EIA-923", "Period": "202311", "Longitude": -99.258329, "Latitude": 27.634677 }, "geometry": { "type": "Point", "coordinates": [ -99.258329000258499, 27.634677000138101 ] } },
{ "type": "Feature", "properties": { "OBJECTID": 34471, "Plant_Code": 64591, "Plant_Name": "El Algodon Alto Wind Farm, LLC", "Utility_ID": 64209, "Utility_Name": "El Algodon Alto Wind Farm, LLC", "sector_name": "IPP Non-CHP", "Street_Address": "TBA", "City": "Mathis", "County": "San Patricio", "State": "Texas", "Zip": 78368, "PrimSource": "wind", "source_desc": "Wind = 194 MW", "tech_desc": "Onshore Wind Turbine", "Install_MW": 200.2, "Total_MW": 194.0, "Bat_MW": null, "Bio_MW": null, "Coal_MW": null, "Geo_MW": null, "Hydro_MW": null, "HydroPS_MW": null, "NG_MW": null, "Nuclear_MW": null, "Crude_MW": null, "Solar_MW": null, "Wind_MW": 194.0, "Other_MW": null, "Source": "EIA-860, EIA-860M and EIA-923", "Period": "202311", "Longitude": -97.743983, "Latitude": 27.992706 }, "geometry": { "type": "Point", "coordinates": [ -97.743983000301895, 27.992705999621801 ] } },
{ "type": "Feature", "properties": { "OBJECTID": 34504, "Plant_Code": 64639, "Plant_Name": "TG East", "Utility_ID": 64251, "Utility_Name": "TG East Wind Project LLC", "sector_name": "IPP Non-CHP", "Street_Address": "8894 County Road 3700", "City": "Truscott", "County": "Knox", "State": "Texas", "Zip": 79227, "PrimSource": "wind", "source_desc": "Wind = 336 MW", "tech_desc": "Onshore Wind Turbine", "Install_MW": 336.0, "Total_MW": 336.0, "Bat_MW": null, "Bio_MW": null, "Coal_MW": null, "Geo_MW": null, "Hydro_MW": null, "HydroPS_MW": null, "NG_MW": null, "Nuclear_MW": null, "Crude_MW": null, "Solar_MW": null, "Wind_MW": 336.0, "Other_MW": null, "Source": "EIA-860, EIA-860M and EIA-923", "Period": "202311", "Longitude": -99.665516, "Latitude": 33.746323 }, "geometry": { "type": "Point", "coordinates": [ -99.665516000279794, 33.746323000192099 ] } },
{ "type": "Feature", "properties": { "OBJECTID": 34526, "Plant_Code": 64665, "Plant_Name": "Great Prairie Wind", "Utility_ID": 64976, "Utility_Name": "Great Prairie Wind LLC", "sector_name": "IPP Non-CHP", "Street_Address": "TBD", "City": "Gruver", "County": "Hansford", "State": "Texas", "Zip": 79040, "PrimSource": "wind", "source_desc": "Wind = 1027 MW", "tech_desc": "Onshore Wind Turbine", "Install_MW": 1027.0, "Total_MW": 1027.0, "Bat_MW": null, "Bio_MW": null, "Coal_MW": null, "Geo_MW": null, "Hydro_MW": null, "HydroPS_MW": null, "NG_MW": null, "Nuclear_MW": null, "Crude_MW": null, "Solar_MW": null, "Wind_MW": 1027.0, "Other_MW": null, "Source": "EIA-860, EIA-860M and EIA-923", "Period": "202311", "Longitude": -101.53222, "Latitude": 36.3075 }, "geometry": { "type": "Point", "coordinates": [ -101.532219999904996, 36.307500000087302 ] } },
{ "type": "Feature", "properties": { "OBJECTID": 34527, "Plant_Code": 64672, "Plant_Name": "Blue Jay Solar I, LLC", "Utility_ID": 64266, "Utility_Name": "Blue Jay Solar I, LLC", "sector_name": "IPP Non-CHP", "Street_Address": "TBD", "City": "Iola", "County": "Grimes", "State": "Texas", "Zip": 77861, "PrimSource": "solar", "source_desc": "Battery = 210 MW, Solar = 210 MW", "tech_desc": "Batteries; Solar Photovoltaic;", "Install_MW": 420.0, "Total_MW": 420.0, "Bat_MW": 210.0, "Bio_MW": null, "Coal_MW": null, "Geo_MW": null, "Hydro_MW": null, "HydroPS_MW": null, "NG_MW": null, "Nuclear_MW": null, "Crude_MW": null, "Solar_MW": 210.0, "Wind_MW": null, "Other_MW": null, "Source": "EIA-860, EIA-860M and EIA-923", "Period": "202311", "Longitude": -96.0641, "Latitude": 30.7115 }, "geometry": { "type": "Point", "coordinates": [ -96.064099999873207, 30.711500000067701 ] } },
{ "type": "Feature", "properties": { "OBJECTID": 34556, "Plant_Code": 64710, "Plant_Name": "White Mesa Wind", "Utility_ID": 64288, "Utility_Name": "White Mesa Wind, LLC", "sector_name": "IPP Non-CHP", "Street_Address": "3047 W. US Highway 190", "City": "Ozona", "County": "Crockett", "State": "Texas", "Zip": 76943, "PrimSource": "wind", "source_desc": "Wind = 500.6 MW", "tech_desc": "Onshore Wind Turbine", "Install_MW": 500.6, "Total_MW": 500.6, "Bat_MW": null, "Bio_MW": null, "Coal_MW": null, "Geo_MW": null, "Hydro_MW": null, "HydroPS_MW": null, "NG_MW": null, "Nuclear_MW": null, "Crude_MW": null, "Solar_MW": null, "Wind_MW": 500.6, "Other_MW": null, "Source": "EIA-860, EIA-860M and EIA-923", "Period": "202311", "Longitude": -101.263, "Latitude": 30.91 }, "geometry": { "type": "Point", "coordinates": [ -101.263000000006997, 30.909999999679702 ] } },
{ "type": "Feature", "properties": { "OBJECTID": 34601, "Plant_Code": 64769, "Plant_Name": "WAL194", "Utility_ID": 64315, "Utility_Name": "Walmart Stores Texas, LLC", "sector_name": "Commercial Non-CHP", "Street_Address": "4900 Garth Road", "City": "Baytown", "County": "Harris", "State": "Texas", "Zip": 77521, "PrimSource": "natural gas", "source_desc": "Natural Gas = 1.2 MW", "tech_desc": "Natural Gas Internal Combustion Engine", "Install_MW": 1.2, "Total_MW": 1.2, "Bat_MW": null, "Bio_MW": null, "Coal_MW": null, "Geo_MW": null, "Hydro_MW": null, "HydroPS_MW": null, "NG_MW": 1.2, "Nuclear_MW": null, "Crude_MW": null, "Solar_MW": null, "Wind_MW": null, "Other_MW": null, "Source": "EIA-860, EIA-860M and EIA-923", "Period": "202311", "Longitude": -94.974458, "Latitude": 29.776274 }, "geometry": { "type": "Point", "coordinates": [ -94.974457999756098, 29.776274000107101 ] } },
{ "type": "Feature", "properties": { "OBJECTID": 34602, "Plant_Code": 64770, "Plant_Name": "WAL202", "Utility_ID": 64315, "Utility_Name": "Walmart Stores Texas, LLC", "sector_name": "Commercial Non-CHP", "Street_Address": "16066 State Highway 121", "City": "Frisco", "County": "Collin", "State": "Texas", "Zip": 75035, "PrimSource": "petroleum", "source_desc": "Petroleum = 1.3 MW", "tech_desc": "Petroleum Liquids", "Install_MW": 1.3, "Total_MW": 1.3, "Bat_MW": null, "Bio_MW": null, "Coal_MW": null, "Geo_MW": null, "Hydro_MW": null, "HydroPS_MW": null, "NG_MW": null, "Nuclear_MW": null, "Crude_MW": 1.3, "Solar_MW": null, "Wind_MW": null, "Other_MW": null, "Source": "EIA-860, EIA-860M and EIA-923", "Period": "202311", "Longitude": -96.800708, "Latitude": 33.100353 }, "geometry": { "type": "Point", "coordinates": [ -96.800708000104507, 33.100353000272797 ] } },
{ "type": "Feature", "properties": { "OBJECTID": 34603, "Plant_Code": 64771, "Plant_Name": "WAL266", "Utility_ID": 64315, "Utility_Name": "Walmart Stores Texas, LLC", "sector_name": "Commercial Non-CHP", "Street_Address": "1601 W State Highway 114", "City": "Grapevine", "County": "Tarrant", "State": "Texas", "Zip": 76051, "PrimSource": "natural gas", "source_desc": "Natural Gas = 1.2 MW", "tech_desc": "Natural Gas Internal Combustion Engine", "Install_MW": 1.2, "Total_MW": 1.2, "Bat_MW": null, "Bio_MW": null, "Coal_MW": null, "Geo_MW": null, "Hydro_MW": null, "HydroPS_MW": null, "NG_MW": 1.2, "Nuclear_MW": null, "Crude_MW": null, "Solar_MW": null, "Wind_MW": null, "Other_MW": null, "Source": "EIA-860, EIA-860M and EIA-923", "Period": "202311", "Longitude": -97.081986, "Latitude": 32.922049 }, "geometry": { "type": "Point", "coordinates": [ -97.081985999822905, 32.922049000138699 ] } },
{ "type": "Feature", "properties": { "OBJECTID": 34604, "Plant_Code": 64772, "Plant_Name": "WAL284", "Utility_ID": 64315, "Utility_Name": "Walmart Stores Texas, LLC", "sector_name": "Commercial Non-CHP", "Street_Address": "930 N Walnut Creek", "City": "Mansfield", "County": "Tarrant", "State": "Texas", "Zip": 76063, "PrimSource": "natural gas", "source_desc": "Natural Gas = 1.2 MW", "tech_desc": "Natural Gas Internal Combustion Engine", "Install_MW": 1.2, "Total_MW": 1.2, "Bat_MW": null, "Bio_MW": null, "Coal_MW": null, "Geo_MW": null, "Hydro_MW": null, "HydroPS_MW": null, "NG_MW": 1.2, "Nuclear_MW": null, "Crude_MW": null, "Solar_MW": null, "Wind_MW": null, "Other_MW": null, "Source": "EIA-860, EIA-860M and EIA-923", "Period": "202311", "Longitude": -97.130048, "Latitude": 32.576159 }, "geometry": { "type": "Point", "coordinates": [ -97.130048000123793, 32.576158999984798 ] } },
{ "type": "Feature", "properties": { "OBJECTID": 34605, "Plant_Code": 64773, "Plant_Name": "WAL407", "Utility_ID": 64315, "Utility_Name": "Walmart Stores Texas, LLC", "sector_name": "Commercial Non-CHP", "Street_Address": "1400 Lowes Blvd", "City": "Killeen", "County": "Bell", "State": "Texas", "Zip": 76542, "PrimSource": "natural gas", "source_desc": "Natural Gas = 1.2 MW", "tech_desc": "Natural Gas Internal Combustion Engine", "Install_MW": 1.2, "Total_MW": 1.2, "Bat_MW": null, "Bio_MW": null, "Coal_MW": null, "Geo_MW": null, "Hydro_MW": null, "HydroPS_MW": null, "NG_MW": 1.2, "Nuclear_MW": null, "Crude_MW": null, "Solar_MW": null, "Wind_MW": null, "Other_MW": null, "Source": "EIA-860, EIA-860M and EIA-923", "Period": "202311", "Longitude": -97.729279, "Latitude": 31.089722 }, "geometry": { "type": "Point", "coordinates": [ -97.729279000235707, 31.089721999736401 ] } },
{ "type": "Feature", "properties": { "OBJECTID": 34606, "Plant_Code": 64774, "Plant_Name": "WAL414", "Utility_ID": 64315, "Utility_Name": "Walmart Stores Texas, LLC", "sector_name": "Commercial Non-CHP", "Street_Address": "5131 Greenbriara Road", "City": "Wichita Falls", "County": "Wichita", "State": "Texas", "Zip": 76302, "PrimSource": "natural gas", "source_desc": "Natural Gas = 1.2 MW", "tech_desc": "Natural Gas Internal Combustion Engine", "Install_MW": 1.2, "Total_MW": 1.2, "Bat_MW": null, "Bio_MW": null, "Coal_MW": null, "Geo_MW": null, "Hydro_MW": null, "HydroPS_MW": null, "NG_MW": 1.2, "Nuclear_MW": null, "Crude_MW": null, "Solar_MW": null, "Wind_MW": null, "Other_MW": null, "Source": "EIA-860, EIA-860M and EIA-923", "Period": "202311", "Longitude": -98.499006, "Latitude": 33.857046 }, "geometry": { "type": "Point", "coordinates": [ -98.499006000327, 33.857046000214702 ] } },
{ "type": "Feature", "properties": { "OBJECTID": 34607, "Plant_Code": 64775, "Plant_Name": "WAL447", "Utility_ID": 64315, "Utility_Name": "Walmart Stores Texas, LLC", "sector_name": "Commercial Non-CHP", "Street_Address": "2410 Dodson Ave", "City": "Del Rio", "County": "Val Verde", "State": "Texas", "Zip": 78840, "PrimSource": "natural gas", "source_desc": "Natural Gas = 1.2 MW", "tech_desc": "Natural Gas Internal Combustion Engine", "Install_MW": 1.2, "Total_MW": 1.2, "Bat_MW": null, "Bio_MW": null, "Coal_MW": null, "Geo_MW": null, "Hydro_MW": null, "HydroPS_MW": null, "NG_MW": 1.2, "Nuclear_MW": null, "Crude_MW": null, "Solar_MW": null, "Wind_MW": null, "Other_MW": null, "Source": "EIA-860, EIA-860M and EIA-923", "Period": "202311", "Longitude": -100.901074, "Latitude": 29.395822 }, "geometry": { "type": "Point", "coordinates": [ -100.901074000229997, 29.395822000107 ] } },
{ "type": "Feature", "properties": { "OBJECTID": 34608, "Plant_Code": 64776, "Plant_Name": "WAL452", "Utility_ID": 64315, "Utility_Name": "Walmart Stores Texas, LLC", "sector_name": "Commercial Non-CHP", "Street_Address": "2800 W Nolana Ave", "City": "Mcallen", "County": "Hidalgo", "State": "Texas", "Zip": 78504, "PrimSource": "natural gas", "source_desc": "Natural Gas = 1.2 MW", "tech_desc": "Natural Gas Internal Combustion Engine", "Install_MW": 1.2, "Total_MW": 1.2, "Bat_MW": null, "Bio_MW": null, "Coal_MW": null, "Geo_MW": null, "Hydro_MW": null, "HydroPS_MW": null, "NG_MW": 1.2, "Nuclear_MW": null, "Crude_MW": null, "Solar_MW": null, "Wind_MW": null, "Other_MW": null, "Source": "EIA-860, EIA-860M and EIA-923", "Period": "202311", "Longitude": -98.245055, "Latitude": 26.243944 }, "geometry": { "type": "Point", "coordinates": [ -98.245055000384895, 26.243944000366898 ] } },
{ "type": "Feature", "properties": { "OBJECTID": 34609, "Plant_Code": 64777, "Plant_Name": "WAL456", "Utility_ID": 64315, "Utility_Name": "Walmart Stores Texas, LLC", "sector_name": "Commercial Non-CHP", "Street_Address": "3500 W Alton Gloor Blvd", "City": "Brownsville", "County": "Cameron", "State": "Texas", "Zip": 78520, "PrimSource": "natural gas", "source_desc": "Natural Gas = 1.2 MW", "tech_desc": "Natural Gas Internal Combustion Engine", "Install_MW": 1.2, "Total_MW": 1.2, "Bat_MW": null, "Bio_MW": null, "Coal_MW": null, "Geo_MW": null, "Hydro_MW": null, "HydroPS_MW": null, "NG_MW": 1.2, "Nuclear_MW": null, "Crude_MW": null, "Solar_MW": null, "Wind_MW": null, "Other_MW": null, "Source": "EIA-860, EIA-860M and EIA-923", "Period": "202311", "Longitude": -97.519445, "Latitude": 25.976057 }, "geometry": { "type": "Point", "coordinates": [ -97.519444999616894, 25.976057000128701 ] } },
{ "type": "Feature", "properties": { "OBJECTID": 34610, "Plant_Code": 64778, "Plant_Name": "WAL461", "Utility_ID": 64315, "Utility_Name": "Walmart Stores Texas, LLC", "sector_name": "Commercial Non-CHP", "Street_Address": "496 S Bibb Ave", "City": "Eagle Pass", "County": "Maverick", "State": "Texas", "Zip": 78852, "PrimSource": "natural gas", "source_desc": "Natural Gas = 1.2 MW", "tech_desc": "Natural Gas Internal Combustion Engine", "Install_MW": 1.2, "Total_MW": 1.2, "Bat_MW": null, "Bio_MW": null, "Coal_MW": null, "Geo_MW": null, "Hydro_MW": null, "HydroPS_MW": null, "NG_MW": 1.2, "Nuclear_MW": null, "Crude_MW": null, "Solar_MW": null, "Wind_MW": null, "Other_MW": null, "Source": "EIA-860, EIA-860M and EIA-923", "Period": "202311", "Longitude": -100.482722, "Latitude": 28.702031 }, "geometry": { "type": "Point", "coordinates": [ -100.482722000340999, 28.702031000329399 ] } },
{ "type": "Feature", "properties": { "OBJECTID": 34623, "Plant_Code": 64791, "Plant_Name": "WAL462", "Utility_ID": 64315, "Utility_Name": "Walmart Stores Texas, LLC", "sector_name": "Commercial Non-CHP", "Street_Address": "400 South Bypass 35", "City": "Alvin", "County": "Brazoria", "State": "Texas", "Zip": 77511, "PrimSource": "natural gas", "source_desc": "Natural Gas = 1.3 MW", "tech_desc": "Natural Gas Internal Combustion Engine", "Install_MW": 1.3, "Total_MW": 1.3, "Bat_MW": null, "Bio_MW": null, "Coal_MW": null, "Geo_MW": null, "Hydro_MW": null, "HydroPS_MW": null, "NG_MW": 1.3, "Nuclear_MW": null, "Crude_MW": null, "Solar_MW": null, "Wind_MW": null, "Other_MW": null, "Source": "EIA-860, EIA-860M and EIA-923", "Period": "202311", "Longitude": -95.230784, "Latitude": 29.421764 }, "geometry": { "type": "Point", "coordinates": [ -95.230783999782403, 29.421763999721101 ] } },
{ "type": "Feature", "properties": { "OBJECTID": 34624, "Plant_Code": 64792, "Plant_Name": "WAL504", "Utility_ID": 64315, "Utility_Name": "Walmart Stores Texas, LLC", "sector_name": "Commercial Non-CHP", "Street_Address": "6702 Seawall Blvd", "City": "Galveston", "County": "Galveston", "State": "Texas", "Zip": 77551, "PrimSource": "natural gas", "source_desc": "Natural Gas = 1.2 MW", "tech_desc": "Natural Gas Internal Combustion Engine", "Install_MW": 1.2, "Total_MW": 1.2, "Bat_MW": null, "Bio_MW": null, "Coal_MW": null, "Geo_MW": null, "Hydro_MW": null, "HydroPS_MW": null, "NG_MW": 1.2, "Nuclear_MW": null, "Crude_MW": null, "Solar_MW": null, "Wind_MW": null, "Other_MW": null, "Source": "EIA-860, EIA-860M and EIA-923", "Period": "202311", "Longitude": -94.832945, "Latitude": 29.26514 }, "geometry": { "type": "Point", "coordinates": [ -94.832944999761807, 29.265140000257201 ] } },
{ "type": "Feature", "properties": { "OBJECTID": 34625, "Plant_Code": 64793, "Plant_Name": "WAL522", "Utility_ID": 64315, "Utility_Name": "Walmart Stores Texas, LLC", "sector_name": "Commercial Non-CHP", "Street_Address": "3701 N Main", "City": "Crosby", "County": "Harris", "State": "Texas", "Zip": 77532, "PrimSource": "natural gas", "source_desc": "Natural Gas = 1.2 MW", "tech_desc": "Natural Gas Internal Combustion Engine", "Install_MW": 1.2, "Total_MW": 1.2, "Bat_MW": null, "Bio_MW": null, "Coal_MW": null, "Geo_MW": null, "Hydro_MW": null, "HydroPS_MW": null, "NG_MW": 1.2, "Nuclear_MW": null, "Crude_MW": null, "Solar_MW": null, "Wind_MW": null, "Other_MW": null, "Source": "EIA-860, EIA-860M and EIA-923", "Period": "202311", "Longitude": -95.06497, "Latitude": 29.894458 }, "geometry": { "type": "Point", "coordinates": [ -95.064970000199196, 29.894457999682899 ] } },
{ "type": "Feature", "properties": { "OBJECTID": 34626, "Plant_Code": 64794, "Plant_Name": "WAL529", "Utility_ID": 64315, "Utility_Name": "Walmart Stores Texas, LLC", "sector_name": "Commercial Non-CHP", "Street_Address": "6410 Interstate 45", "City": "La Marque", "County": "Galveston", "State": "Texas", "Zip": 77568, "PrimSource": "natural gas", "source_desc": "Natural Gas = 1.3 MW", "tech_desc": "Natural Gas Internal Combustion Engine", "Install_MW": 1.3, "Total_MW": 1.3, "Bat_MW": null, "Bio_MW": null, "Coal_MW": null, "Geo_MW": null, "Hydro_MW": null, "HydroPS_MW": null, "NG_MW": 1.3, "Nuclear_MW": null, "Crude_MW": null, "Solar_MW": null, "Wind_MW": null, "Other_MW": null, "Source": "EIA-860, EIA-860M and EIA-923", "Period": "202311", "Longitude": -95.000453, "Latitude": 29.372305 }, "geometry": { "type": "Point", "coordinates": [ -95.000453000087006, 29.372305000087199 ] } },
{ "type": "Feature", "properties": { "OBJECTID": 34627, "Plant_Code": 64795, "Plant_Name": "WAL536", "Utility_ID": 64315, "Utility_Name": "Walmart Stores Texas, LLC", "sector_name": "Commercial Non-CHP", "Street_Address": "1650 State Highway 351", "City": "Abilene", "County": "Jones", "State": "Texas", "Zip": 79601, "PrimSource": "natural gas", "source_desc": "Natural Gas = 1.2 MW", "tech_desc": "Natural Gas Internal Combustion Engine", "Install_MW": 1.2, "Total_MW": 1.2, "Bat_MW": null, "Bio_MW": null, "Coal_MW": null, "Geo_MW": null, "Hydro_MW": null, "HydroPS_MW": null, "NG_MW": 1.2, "Nuclear_MW": null, "Crude_MW": null, "Solar_MW": null, "Wind_MW": null, "Other_MW": null, "Source": "EIA-860, EIA-860M and EIA-923", "Period": "202311", "Longitude": -99.698015, "Latitude": 32.48078 }, "geometry": { "type": "Point", "coordinates": [ -99.698014999998705, 32.480779999785398 ] } },
{ "type": "Feature", "properties": { "OBJECTID": 34628, "Plant_Code": 64796, "Plant_Name": "WAL537", "Utility_ID": 64315, "Utility_Name": "Walmart Stores Texas, LLC", "sector_name": "Commercial Non-CHP", "Street_Address": "4210 John Ben Shepperd Pkwy", "City": "Odessa", "County": "Ector", "State": "Texas", "Zip": 79762, "PrimSource": "natural gas", "source_desc": "Natural Gas = 1.2 MW", "tech_desc": "Natural Gas Internal Combustion Engine", "Install_MW": 1.2, "Total_MW": 1.2, "Bat_MW": null, "Bio_MW": null, "Coal_MW": null, "Geo_MW": null, "Hydro_MW": null, "HydroPS_MW": null, "NG_MW": 1.2, "Nuclear_MW": null, "Crude_MW": null, "Solar_MW": null, "Wind_MW": null, "Other_MW": null, "Source": "EIA-860, EIA-860M and EIA-923", "Period": "202311", "Longitude": -102.332512, "Latitude": 31.8957 }, "geometry": { "type": "Point", "coordinates": [ -102.332511999671993, 31.895700000170802 ] } },
{ "type": "Feature", "properties": { "OBJECTID": 34629, "Plant_Code": 64797, "Plant_Name": "WAL546", "Utility_ID": 64315, "Utility_Name": "Walmart Stores Texas, LLC", "sector_name": "Commercial Non-CHP", "Street_Address": "5330 FM 1640", "City": "Richmond", "County": "Fort Bend", "State": "Texas", "Zip": 77469, "PrimSource": "natural gas", "source_desc": "Natural Gas = 1.2 MW", "tech_desc": "Natural Gas Internal Combustion Engine", "Install_MW": 1.2, "Total_MW": 1.2, "Bat_MW": null, "Bio_MW": null, "Coal_MW": null, "Geo_MW": null, "Hydro_MW": null, "HydroPS_MW": null, "NG_MW": 1.2, "Nuclear_MW": null, "Crude_MW": null, "Solar_MW": null, "Wind_MW": null, "Other_MW": null, "Source": "EIA-860, EIA-860M and EIA-923", "Period": "202311", "Longitude": -95.761271, "Latitude": 29.558105 }, "geometry": { "type": "Point", "coordinates": [ -95.761270999670501, 29.5581049998552 ] } },
{ "type": "Feature", "properties": { "OBJECTID": 34630, "Plant_Code": 64798, "Plant_Name": "WAL565", "Utility_ID": 64315, "Utility_Name": "Walmart Stores Texas, LLC", "sector_name": "Commercial Non-CHP", "Street_Address": "3801 W State Highway 31", "City": "Corsicana", "County": "Navarro", "State": "Texas", "Zip": 75110, "PrimSource": "natural gas", "source_desc": "Natural Gas = 1.2 MW", "tech_desc": "Natural Gas Internal Combustion Engine", "Install_MW": 1.2, "Total_MW": 1.2, "Bat_MW": null, "Bio_MW": null, "Coal_MW": null, "Geo_MW": null, "Hydro_MW": null, "HydroPS_MW": null, "NG_MW": 1.2, "Nuclear_MW": null, "Crude_MW": null, "Solar_MW": null, "Wind_MW": null, "Other_MW": null, "Source": "EIA-860, EIA-860M and EIA-923", "Period": "202311", "Longitude": -96.403764, "Latitude": 32.101054 }, "geometry": { "type": "Point", "coordinates": [ -96.403763999686305, 32.101053999703701 ] } },
{ "type": "Feature", "properties": { "OBJECTID": 34631, "Plant_Code": 64799, "Plant_Name": "WAL602", "Utility_ID": 64315, "Utility_Name": "Walmart Stores Texas, LLC", "sector_name": "Commercial Non-CHP", "Street_Address": "1025 Sawdust Road", "City": "Spring", "County": "Montgomery", "State": "Texas", "Zip": 77380, "PrimSource": "natural gas", "source_desc": "Natural Gas = 1.2 MW", "tech_desc": "Natural Gas Internal Combustion Engine", "Install_MW": 1.2, "Total_MW": 1.2, "Bat_MW": null, "Bio_MW": null, "Coal_MW": null, "Geo_MW": null, "Hydro_MW": null, "HydroPS_MW": null, "NG_MW": 1.2, "Nuclear_MW": null, "Crude_MW": null, "Solar_MW": null, "Wind_MW": null, "Other_MW": null, "Source": "EIA-860, EIA-860M and EIA-923", "Period": "202311", "Longitude": -95.45769, "Latitude": 30.12423 }, "geometry": { "type": "Point", "coordinates": [ -95.457689999980602, 30.124229999993901 ] } },
{ "type": "Feature", "properties": { "OBJECTID": 34632, "Plant_Code": 64800, "Plant_Name": "WAL744", "Utility_ID": 64315, "Utility_Name": "Walmart Stores Texas, LLC", "sector_name": "Commercial Non-CHP", "Street_Address": "6626 FM 1960 E", "City": "Humble", "County": "Harris", "State": "Texas", "Zip": 77346, "PrimSource": "natural gas", "source_desc": "Natural Gas = 1.2 MW", "tech_desc": "Natural Gas Internal Combustion Engine", "Install_MW": 1.2, "Total_MW": 1.2, "Bat_MW": null, "Bio_MW": null, "Coal_MW": null, "Geo_MW": null, "Hydro_MW": null, "HydroPS_MW": null, "NG_MW": 1.2, "Nuclear_MW": null, "Crude_MW": null, "Solar_MW": null, "Wind_MW": null, "Other_MW": null, "Source": "EIA-860, EIA-860M and EIA-923", "Period": "202311", "Longitude": -95.176468, "Latitude": 29.995621 }, "geometry": { "type": "Point", "coordinates": [ -95.176468000338701, 29.995620999982901 ] } },
{ "type": "Feature", "properties": { "OBJECTID": 34633, "Plant_Code": 64801, "Plant_Name": "WAL752", "Utility_ID": 64315, "Utility_Name": "Walmart Stores Texas, LLC", "sector_name": "Commercial Non-CHP", "Street_Address": "5200 Fairmont Pkwy", "City": "Pasadena", "County": "Harris", "State": "Texas", "Zip": 77505, "PrimSource": "natural gas", "source_desc": "Natural Gas = 1.2 MW", "tech_desc": "Natural Gas Internal Combustion Engine", "Install_MW": 1.2, "Total_MW": 1.2, "Bat_MW": null, "Bio_MW": null, "Coal_MW": null, "Geo_MW": null, "Hydro_MW": null, "HydroPS_MW": null, "NG_MW": 1.2, "Nuclear_MW": null, "Crude_MW": null, "Solar_MW": null, "Wind_MW": null, "Other_MW": null, "Source": "EIA-860, EIA-860M and EIA-923", "Period": "202311", "Longitude": -95.161425, "Latitude": 29.64662 }, "geometry": { "type": "Point", "coordinates": [ -95.161425000338696, 29.646620000144701 ] } },
{ "type": "Feature", "properties": { "OBJECTID": 34634, "Plant_Code": 64802, "Plant_Name": "WAL768", "Utility_ID": 64315, "Utility_Name": "Walmart Stores Texas, LLC", "sector_name": "Commercial Non-CHP", "Street_Address": "1313 Fry Road", "City": "Katy", "County": "Harris", "State": "Texas", "Zip": 77449, "PrimSource": "natural gas", "source_desc": "Natural Gas = 1.2 MW", "tech_desc": "Natural Gas Internal Combustion Engine", "Install_MW": 1.2, "Total_MW": 1.2, "Bat_MW": null, "Bio_MW": null, "Coal_MW": null, "Geo_MW": null, "Hydro_MW": null, "HydroPS_MW": null, "NG_MW": 1.2, "Nuclear_MW": null, "Crude_MW": null, "Solar_MW": null, "Wind_MW": null, "Other_MW": null, "Source": "EIA-860, EIA-860M and EIA-923", "Period": "202311", "Longitude": -95.722232, "Latitude": 29.789117 }, "geometry": { "type": "Point", "coordinates": [ -95.722231999680204, 29.789117000367501 ] } },
{ "type": "Feature", "properties": { "OBJECTID": 34635, "Plant_Code": 64803, "Plant_Name": "WAL772", "Utility_ID": 64315, "Utility_Name": "Walmart Stores Texas, LLC", "sector_name": "Commercial Non-CHP", "Street_Address": "3506 Highway 6 S", "City": "Houston", "County": "Harris", "State": "Texas", "Zip": 77082, "PrimSource": "natural gas", "source_desc": "Natural Gas = 1.2 MW", "tech_desc": "Natural Gas Internal Combustion Engine", "Install_MW": 1.2, "Total_MW": 1.2, "Bat_MW": null, "Bio_MW": null, "Coal_MW": null, "Geo_MW": null, "Hydro_MW": null, "HydroPS_MW": null, "NG_MW": 1.2, "Nuclear_MW": null, "Crude_MW": null, "Solar_MW": null, "Wind_MW": null, "Other_MW": null, "Source": "EIA-860, EIA-860M and EIA-923", "Period": "202311", "Longitude": -95.646224, "Latitude": 29.721093 }, "geometry": { "type": "Point", "coordinates": [ -95.6462240001852, 29.7210929998487 ] } },
{ "type": "Feature", "properties": { "OBJECTID": 34636, "Plant_Code": 64804, "Plant_Name": "WAL791", "Utility_ID": 64315, "Utility_Name": "Walmart Stores Texas, LLC", "sector_name": "Commercial Non-CHP", "Street_Address": "2701 E Main St", "City": "Alice", "County": "Jim Wells", "State": "Texas", "Zip": 78332, "PrimSource": "natural gas", "source_desc": "Natural Gas = 1.2 MW", "tech_desc": "Natural Gas Internal Combustion Engine", "Install_MW": 1.2, "Total_MW": 1.2, "Bat_MW": null, "Bio_MW": null, "Coal_MW": null, "Geo_MW": null, "Hydro_MW": null, "HydroPS_MW": null, "NG_MW": 1.2, "Nuclear_MW": null, "Crude_MW": null, "Solar_MW": null, "Wind_MW": null, "Other_MW": null, "Source": "EIA-860, EIA-860M and EIA-923", "Period": "202311", "Longitude": -98.043187, "Latitude": 27.769271 }, "geometry": { "type": "Point", "coordinates": [ -98.043187000092502, 27.769271000271701 ] } },
{ "type": "Feature", "properties": { "OBJECTID": 34637, "Plant_Code": 64805, "Plant_Name": "WAL849", "Utility_ID": 64315, "Utility_Name": "Walmart Stores Texas, LLC", "sector_name": "Commercial Non-CHP", "Street_Address": "155 Louetta Crossing", "City": "Spring", "County": "Harris", "State": "Texas", "Zip": 77373, "PrimSource": "natural gas", "source_desc": "Natural Gas = 1.2 MW", "tech_desc": "Natural Gas Internal Combustion Engine", "Install_MW": 1.2, "Total_MW": 1.2, "Bat_MW": null, "Bio_MW": null, "Coal_MW": null, "Geo_MW": null, "Hydro_MW": null, "HydroPS_MW": null, "NG_MW": 1.2, "Nuclear_MW": null, "Crude_MW": null, "Solar_MW": null, "Wind_MW": null, "Other_MW": null, "Source": "EIA-860, EIA-860M and EIA-923", "Period": "202311", "Longitude": -95.429453, "Latitude": 30.064779 }, "geometry": { "type": "Point", "coordinates": [ -95.429452999635004, 30.064779000196499 ] } },
{ "type": "Feature", "properties": { "OBJECTID": 34638, "Plant_Code": 64806, "Plant_Name": "WAL872", "Utility_ID": 64315, "Utility_Name": "Walmart Stores Texas, LLC", "sector_name": "Commercial Non-CHP", "Street_Address": "1919 N. Main Street", "City": "Pearland", "County": "Brazoria", "State": "Texas", "Zip": 77581, "PrimSource": "natural gas", "source_desc": "Natural Gas = 1.2 MW", "tech_desc": "Natural Gas Internal Combustion Engine", "Install_MW": 1.2, "Total_MW": 1.2, "Bat_MW": null, "Bio_MW": null, "Coal_MW": null, "Geo_MW": null, "Hydro_MW": null, "HydroPS_MW": null, "NG_MW": 1.2, "Nuclear_MW": null, "Crude_MW": null, "Solar_MW": null, "Wind_MW": null, "Other_MW": null, "Source": "EIA-860, EIA-860M and EIA-923", "Period": "202311", "Longitude": -95.283899, "Latitude": 29.573168 }, "geometry": { "type": "Point", "coordinates": [ -95.283899000200293, 29.573167999675601 ] } },
{ "type": "Feature", "properties": { "OBJECTID": 34639, "Plant_Code": 64807, "Plant_Name": "WAL896", "Utility_ID": 64315, "Utility_Name": "Walmart Stores Texas, LLC", "sector_name": "Commercial Non-CHP", "Street_Address": "2225 W Interstate 20", "City": "Grand Prairie", "County": "Dallas", "State": "Texas", "Zip": 75052, "PrimSource": "natural gas", "source_desc": "Natural Gas = 1.2 MW", "tech_desc": "Natural Gas Internal Combustion Engine", "Install_MW": 1.2, "Total_MW": 1.2, "Bat_MW": null, "Bio_MW": null, "Coal_MW": null, "Geo_MW": null, "Hydro_MW": null, "HydroPS_MW": null, "NG_MW": 1.2, "Nuclear_MW": null, "Crude_MW": null, "Solar_MW": null, "Wind_MW": null, "Other_MW": null, "Source": "EIA-860, EIA-860M and EIA-923", "Period": "202311", "Longitude": -97.036234, "Latitude": 32.673532 }, "geometry": { "type": "Point", "coordinates": [ -97.036234000207202, 32.673531999705702 ] } },
{ "type": "Feature", "properties": { "OBJECTID": 34640, "Plant_Code": 64808, "Plant_Name": "WAL897", "Utility_ID": 64315, "Utility_Name": "Walmart Stores Texas, LLC", "sector_name": "Commercial Non-CHP", "Street_Address": "2610 W Dickinson Blvd", "City": "Fort Stockton", "County": "Pecos", "State": "Texas", "Zip": 79735, "PrimSource": "natural gas", "source_desc": "Natural Gas = 1.3 MW", "tech_desc": "Natural Gas Internal Combustion Engine", "Install_MW": 1.3, "Total_MW": 1.3, "Bat_MW": null, "Bio_MW": null, "Coal_MW": null, "Geo_MW": null, "Hydro_MW": null, "HydroPS_MW": null, "NG_MW": 1.3, "Nuclear_MW": null, "Crude_MW": null, "Solar_MW": null, "Wind_MW": null, "Other_MW": null, "Source": "EIA-860, EIA-860M and EIA-923", "Period": "202311", "Longitude": -102.907161, "Latitude": 30.896466 }, "geometry": { "type": "Point", "coordinates": [ -102.907160999986999, 30.896465999640899 ] } },
{ "type": "Feature", "properties": { "OBJECTID": 34641, "Plant_Code": 64809, "Plant_Name": "WAL940", "Utility_ID": 64315, "Utility_Name": "Walmart Stores Texas, LLC", "sector_name": "Commercial Non-CHP", "Street_Address": "6770 Westworth Blvd", "City": "Westworth Village", "County": "Tarrant", "State": "Texas", "Zip": 76114, "PrimSource": "natural gas", "source_desc": "Natural Gas = 1.2 MW", "tech_desc": "Natural Gas Internal Combustion Engine", "Install_MW": 1.2, "Total_MW": 1.2, "Bat_MW": null, "Bio_MW": null, "Coal_MW": null, "Geo_MW": null, "Hydro_MW": null, "HydroPS_MW": null, "NG_MW": 1.2, "Nuclear_MW": null, "Crude_MW": null, "Solar_MW": null, "Wind_MW": null, "Other_MW": null, "Source": "EIA-860, EIA-860M and EIA-923", "Period": "202311", "Longitude": -97.433843, "Latitude": 32.755036 }, "geometry": { "type": "Point", "coordinates": [ -97.433843000074006, 32.755035999819903 ] } },
{ "type": "Feature", "properties": { "OBJECTID": 34642, "Plant_Code": 64810, "Plant_Name": "WAL947", "Utility_ID": 64315, "Utility_Name": "Walmart Stores Texas, LLC", "sector_name": "Commercial Non-CHP", "Street_Address": "401 E US Highway 82", "City": "Sherman", "County": "Grayson", "State": "Texas", "Zip": 75092, "PrimSource": "natural gas", "source_desc": "Natural Gas = 1.2 MW", "tech_desc": "Natural Gas Internal Combustion Engine", "Install_MW": 1.2, "Total_MW": 1.2, "Bat_MW": null, "Bio_MW": null, "Coal_MW": null, "Geo_MW": null, "Hydro_MW": null, "HydroPS_MW": null, "NG_MW": 1.2, "Nuclear_MW": null, "Crude_MW": null, "Solar_MW": null, "Wind_MW": null, "Other_MW": null, "Source": "EIA-860, EIA-860M and EIA-923", "Period": "202311", "Longitude": -96.612131, "Latitude": 33.673162 }, "geometry": { "type": "Point", "coordinates": [ -96.612131000242201, 33.673162000005803 ] } },
{ "type": "Feature", "properties": { "OBJECTID": 34643, "Plant_Code": 64811, "Plant_Name": "Upton County BESS", "Utility_ID": 64339, "Utility_Name": "VESI Upton County BESS, LLC", "sector_name": "IPP Non-CHP", "Street_Address": "2361 Letter B Road", "City": "McCamey", "County": "Upton", "State": "Texas", "Zip": 79752, "PrimSource": "batteries", "source_desc": "Battery = 24.8 MW", "tech_desc": "Batteries", "Install_MW": 24.8, "Total_MW": 24.8, "Bat_MW": 24.8, "Bio_MW": null, "Coal_MW": null, "Geo_MW": null, "Hydro_MW": null, "HydroPS_MW": null, "NG_MW": null, "Nuclear_MW": null, "Crude_MW": null, "Solar_MW": null, "Wind_MW": null, "Other_MW": null, "Source": "EIA-860, EIA-860M and EIA-923", "Period": "202311", "Longitude": -102.32169, "Latitude": 31.23924 }, "geometry": { "type": "Point", "coordinates": [ -102.321689999935003, 31.2392399999414 ] } },
{ "type": "Feature", "properties": { "OBJECTID": 34644, "Plant_Code": 64812, "Plant_Name": "WAL972", "Utility_ID": 64315, "Utility_Name": "Walmart Stores Texas, LLC", "sector_name": "Commercial Non-CHP", "Street_Address": "6360 LAKE WORTH BLVD", "City": "Fort Worth", "County": "Tarrant", "State": "Texas", "Zip": 76135, "PrimSource": "natural gas", "source_desc": "Natural Gas = 1.2 MW", "tech_desc": "Natural Gas Internal Combustion Engine", "Install_MW": 1.2, "Total_MW": 1.2, "Bat_MW": null, "Bio_MW": null, "Coal_MW": null, "Geo_MW": null, "Hydro_MW": null, "HydroPS_MW": null, "NG_MW": 1.2, "Nuclear_MW": null, "Crude_MW": null, "Solar_MW": null, "Wind_MW": null, "Other_MW": null, "Source": "EIA-860, EIA-860M and EIA-923", "Period": "202311", "Longitude": -97.424739, "Latitude": 32.811848 }, "geometry": { "type": "Point", "coordinates": [ -97.424738999572597, 32.811848000019801 ] } },
{ "type": "Feature", "properties": { "OBJECTID": 34645, "Plant_Code": 64813, "Plant_Name": "WAL1040", "Utility_ID": 64315, "Utility_Name": "Walmart Stores Texas, LLC", "sector_name": "Commercial Non-CHP", "Street_Address": "15955 FM 529 RD", "City": "Houston", "County": "Harris", "State": "Texas", "Zip": 77095, "PrimSource": "natural gas", "source_desc": "Natural Gas = 1.2 MW", "tech_desc": "Natural Gas Internal Combustion Engine", "Install_MW": 1.2, "Total_MW": 1.2, "Bat_MW": null, "Bio_MW": null, "Coal_MW": null, "Geo_MW": null, "Hydro_MW": null, "HydroPS_MW": null, "NG_MW": 1.2, "Nuclear_MW": null, "Crude_MW": null, "Solar_MW": null, "Wind_MW": null, "Other_MW": null, "Source": "EIA-860, EIA-860M and EIA-923", "Period": "202311", "Longitude": -95.651482, "Latitude": 29.877618 }, "geometry": { "type": "Point", "coordinates": [ -95.651482000341602, 29.877618000144601 ] } },
{ "type": "Feature", "properties": { "OBJECTID": 34646, "Plant_Code": 64814, "Plant_Name": "WAL1062", "Utility_ID": 64315, "Utility_Name": "Walmart Stores Texas, LLC", "sector_name": "Commercial Non-CHP", "Street_Address": "150 W. EL DORADO BLVD", "City": "Friendswood", "County": "Harris", "State": "Texas", "Zip": 77546, "PrimSource": "natural gas", "source_desc": "Natural Gas = 1.2 MW", "tech_desc": "Natural Gas Internal Combustion Engine", "Install_MW": 1.2, "Total_MW": 1.2, "Bat_MW": null, "Bio_MW": null, "Coal_MW": null, "Geo_MW": null, "Hydro_MW": null, "HydroPS_MW": null, "NG_MW": 1.2, "Nuclear_MW": null, "Crude_MW": null, "Solar_MW": null, "Wind_MW": null, "Other_MW": null, "Source": "EIA-860, EIA-860M and EIA-923", "Period": "202311", "Longitude": -95.159125, "Latitude": 29.551973 }, "geometry": { "type": "Point", "coordinates": [ -95.159124999699301, 29.551972999643699 ] } },
{ "type": "Feature", "properties": { "OBJECTID": 34647, "Plant_Code": 64815, "Plant_Name": "WAL1103", "Utility_ID": 64315, "Utility_Name": "Walmart Stores Texas, LLC", "sector_name": "Commercial Non-CHP", "Street_Address": "3450 FM 1960 RD W.", "City": "Houston", "County": "Harris", "State": "Texas", "Zip": 77068, "PrimSource": "natural gas", "source_desc": "Natural Gas = 1.2 MW", "tech_desc": "Natural Gas Internal Combustion Engine", "Install_MW": 1.2, "Total_MW": 1.2, "Bat_MW": null, "Bio_MW": null, "Coal_MW": null, "Geo_MW": null, "Hydro_MW": null, "HydroPS_MW": null, "NG_MW": 1.2, "Nuclear_MW": null, "Crude_MW": null, "Solar_MW": null, "Wind_MW": null, "Other_MW": null, "Source": "EIA-860, EIA-860M and EIA-923", "Period": "202311", "Longitude": -95.486202, "Latitude": 29.998163 }, "geometry": { "type": "Point", "coordinates": [ -95.486201999787497, 29.9981630002485 ] } },
{ "type": "Feature", "properties": { "OBJECTID": 34648, "Plant_Code": 64816, "Plant_Name": "WAL1232", "Utility_ID": 64315, "Utility_Name": "Walmart Stores Texas, LLC", "sector_name": "Commercial Non-CHP", "Street_Address": "2604 N MAIN ST.", "City": "Belton", "County": "Bell", "State": "Texas", "Zip": 76513, "PrimSource": "natural gas", "source_desc": "Natural Gas = 1.2 MW", "tech_desc": "Natural Gas Internal Combustion Engine", "Install_MW": 1.2, "Total_MW": 1.2, "Bat_MW": null, "Bio_MW": null, "Coal_MW": null, "Geo_MW": null, "Hydro_MW": null, "HydroPS_MW": null, "NG_MW": 1.2, "Nuclear_MW": null, "Crude_MW": null, "Solar_MW": null, "Wind_MW": null, "Other_MW": null, "Source": "EIA-860, EIA-860M and EIA-923", "Period": "202311", "Longitude": -97.457755, "Latitude": 31.080808 }, "geometry": { "type": "Point", "coordinates": [ -97.457755000398706, 31.080808000037699 ] } },
{ "type": "Feature", "properties": { "OBJECTID": 34652, "Plant_Code": 64821, "Plant_Name": "FELPS 1 - Calaveras", "Utility_ID": 64083, "Utility_Name": "DG Central 1, LLC", "sector_name": "IPP Non-CHP", "Street_Address": "2182 CR 128\t", "City": "Floresville", "County": "Harris", "State": "Texas", "Zip": 78114, "PrimSource": "solar", "source_desc": "Solar = 1 MW", "tech_desc": "Solar Photovoltaic", "Install_MW": 1.0, "Total_MW": 1.0, "Bat_MW": null, "Bio_MW": null, "Coal_MW": null, "Geo_MW": null, "Hydro_MW": null, "HydroPS_MW": null, "NG_MW": null, "Nuclear_MW": null, "Crude_MW": null, "Solar_MW": 1.0, "Wind_MW": null, "Other_MW": null, "Source": "EIA-860, EIA-860M and EIA-923", "Period": "202311", "Longitude": -98.250865, "Latitude": 29.220361 }, "geometry": { "type": "Point", "coordinates": [ -98.250865000011999, 29.220360999792899 ] } },
{ "type": "Feature", "properties": { "OBJECTID": 34654, "Plant_Code": 64823, "Plant_Name": "FELPS 2 - Calaveras", "Utility_ID": 64083, "Utility_Name": "DG Central 1, LLC", "sector_name": "IPP Non-CHP", "Street_Address": "2182 CR 128", "City": "Floresville", "County": "Wilson", "State": "Texas", "Zip": 78144, "PrimSource": "solar", "source_desc": "Solar = 1 MW", "tech_desc": "Solar Photovoltaic", "Install_MW": 1.0, "Total_MW": 1.0, "Bat_MW": null, "Bio_MW": null, "Coal_MW": null, "Geo_MW": null, "Hydro_MW": null, "HydroPS_MW": null, "NG_MW": null, "Nuclear_MW": null, "Crude_MW": null, "Solar_MW": 1.0, "Wind_MW": null, "Other_MW": null, "Source": "EIA-860, EIA-860M and EIA-923", "Period": "202311", "Longitude": -98.251671, "Latitude": 29.220942 }, "geometry": { "type": "Point", "coordinates": [ -98.251670999925906, 29.220942000369099 ] } },
{ "type": "Feature", "properties": { "OBJECTID": 34655, "Plant_Code": 64824, "Plant_Name": "FELPS 3 - Floresville South", "Utility_ID": 64083, "Utility_Name": "DG Central 1, LLC", "sector_name": "IPP Non-CHP", "Street_Address": "1674 FM 537", "City": "Floresville", "County": "Wilson", "State": "Texas", "Zip": 78114, "PrimSource": "solar", "source_desc": "Solar = 1 MW", "tech_desc": "Solar Photovoltaic", "Install_MW": 1.0, "Total_MW": 1.0, "Bat_MW": null, "Bio_MW": null, "Coal_MW": null, "Geo_MW": null, "Hydro_MW": null, "HydroPS_MW": null, "NG_MW": null, "Nuclear_MW": null, "Crude_MW": null, "Solar_MW": 1.0, "Wind_MW": null, "Other_MW": null, "Source": "EIA-860, EIA-860M and EIA-923", "Period": "202311", "Longitude": -98.106298, "Latitude": 29.129219 }, "geometry": { "type": "Point", "coordinates": [ -98.106298000241196, 29.129219000311 ] } },
{ "type": "Feature", "properties": { "OBJECTID": 34656, "Plant_Code": 64825, "Plant_Name": "FELPS 4 - Floresville South", "Utility_ID": 64083, "Utility_Name": "DG Central 1, LLC", "sector_name": "IPP Non-CHP", "Street_Address": "1674 FM 537", "City": "Floresville", "County": "Wilson", "State": "Texas", "Zip": 78114, "PrimSource": "solar", "source_desc": "Solar = 1 MW", "tech_desc": "Solar Photovoltaic", "Install_MW": 1.0, "Total_MW": 1.0, "Bat_MW": null, "Bio_MW": null, "Coal_MW": null, "Geo_MW": null, "Hydro_MW": null, "HydroPS_MW": null, "NG_MW": null, "Nuclear_MW": null, "Crude_MW": null, "Solar_MW": 1.0, "Wind_MW": null, "Other_MW": null, "Source": "EIA-860, EIA-860M and EIA-923", "Period": "202311", "Longitude": -98.107043, "Latitude": 29.128666 }, "geometry": { "type": "Point", "coordinates": [ -98.107043000055796, 29.1286660003002 ] } },
{ "type": "Feature", "properties": { "OBJECTID": 34657, "Plant_Code": 64826, "Plant_Name": "FELPS 5- Floresville South", "Utility_ID": 64083, "Utility_Name": "DG Central 1, LLC", "sector_name": "IPP Non-CHP", "Street_Address": "1674 FM 537", "City": "Floresville", "County": "Wilson", "State": "Texas", "Zip": 78114, "PrimSource": "solar", "source_desc": "Solar = 1 MW", "tech_desc": "Solar Photovoltaic", "Install_MW": 1.0, "Total_MW": 1.0, "Bat_MW": null, "Bio_MW": null, "Coal_MW": null, "Geo_MW": null, "Hydro_MW": null, "HydroPS_MW": null, "NG_MW": null, "Nuclear_MW": null, "Crude_MW": null, "Solar_MW": 1.0, "Wind_MW": null, "Other_MW": null, "Source": "EIA-860, EIA-860M and EIA-923", "Period": "202311", "Longitude": -98.107343, "Latitude": 29.128151 }, "geometry": { "type": "Point", "coordinates": [ -98.107342999631399, 29.128150999955299 ] } },
{ "type": "Feature", "properties": { "OBJECTID": 34658, "Plant_Code": 64827, "Plant_Name": "FELPS 6- Floresville West", "Utility_ID": 64083, "Utility_Name": "DG Central 1, LLC", "sector_name": "IPP Non-CHP", "Street_Address": "1696 FM 536", "City": "Floresville", "County": "Wilson", "State": "Texas", "Zip": 78114, "PrimSource": "solar", "source_desc": "Solar = 1 MW", "tech_desc": "Solar Photovoltaic", "Install_MW": 1.0, "Total_MW": 1.0, "Bat_MW": null, "Bio_MW": null, "Coal_MW": null, "Geo_MW": null, "Hydro_MW": null, "HydroPS_MW": null, "NG_MW": null, "Nuclear_MW": null, "Crude_MW": null, "Solar_MW": 1.0, "Wind_MW": null, "Other_MW": null, "Source": "EIA-860, EIA-860M and EIA-923", "Period": "202311", "Longitude": -98.193353, "Latitude": 29.13398 }, "geometry": { "type": "Point", "coordinates": [ -98.193352999603306, 29.133980000309901 ] } },
{ "type": "Feature", "properties": { "OBJECTID": 34659, "Plant_Code": 64828, "Plant_Name": "FELPS 7- Floresville West", "Utility_ID": 64083, "Utility_Name": "DG Central 1, LLC", "sector_name": "IPP Non-CHP", "Street_Address": "1696 FM 536\t", "City": "Floresville", "County": "Wilson", "State": "Texas", "Zip": 78114, "PrimSource": "solar", "source_desc": "Solar = 1 MW", "tech_desc": "Solar Photovoltaic", "Install_MW": 1.0, "Total_MW": 1.0, "Bat_MW": null, "Bio_MW": null, "Coal_MW": null, "Geo_MW": null, "Hydro_MW": null, "HydroPS_MW": null, "NG_MW": null, "Nuclear_MW": null, "Crude_MW": null, "Solar_MW": 1.0, "Wind_MW": null, "Other_MW": null, "Source": "EIA-860, EIA-860M and EIA-923", "Period": "202311", "Longitude": -98.192753, "Latitude": 29.133613 }, "geometry": { "type": "Point", "coordinates": [ -98.192752999553704, 29.1336129998849 ] } },
{ "type": "Feature", "properties": { "OBJECTID": 34660, "Plant_Code": 64829, "Plant_Name": "WAL1272", "Utility_ID": 64315, "Utility_Name": "Walmart Stores Texas, LLC", "sector_name": "Commercial Non-CHP", "Street_Address": "5110 College Ave", "City": "Snyder", "County": "Scurry", "State": "Texas", "Zip": 76017, "PrimSource": "natural gas", "source_desc": "Natural Gas = 1.2 MW", "tech_desc": "Natural Gas Internal Combustion Engine", "Install_MW": 1.2, "Total_MW": 1.2, "Bat_MW": null, "Bio_MW": null, "Coal_MW": null, "Geo_MW": null, "Hydro_MW": null, "HydroPS_MW": null, "NG_MW": 1.2, "Nuclear_MW": null, "Crude_MW": null, "Solar_MW": null, "Wind_MW": null, "Other_MW": null, "Source": "EIA-860, EIA-860M and EIA-923", "Period": "202311", "Longitude": -100.91789, "Latitude": 32.691018 }, "geometry": { "type": "Point", "coordinates": [ -100.917889999715996, 32.691018000076497 ] } },
{ "type": "Feature", "properties": { "OBJECTID": 34676, "Plant_Code": 64859, "Plant_Name": "IP Radian, LLC", "Utility_ID": 64370, "Utility_Name": "IP Radian, LLC", "sector_name": "IPP Non-CHP", "Street_Address": "12224 FM 586 S", "City": "Brookesmith", "County": "Brown", "State": "Texas", "Zip": 76827, "PrimSource": "solar", "source_desc": "Solar = 320 MW", "tech_desc": "Solar Photovoltaic", "Install_MW": 320.0, "Total_MW": 320.0, "Bat_MW": null, "Bio_MW": null, "Coal_MW": null, "Geo_MW": null, "Hydro_MW": null, "HydroPS_MW": null, "NG_MW": null, "Nuclear_MW": null, "Crude_MW": null, "Solar_MW": 320.0, "Wind_MW": null, "Other_MW": null, "Source": "EIA-860, EIA-860M and EIA-923", "Period": "202311", "Longitude": -99.1872, "Latitude": 31.5481 }, "geometry": { "type": "Point", "coordinates": [ -99.187199999904905, 31.548100000330798 ] } },
{ "type": "Feature", "properties": { "OBJECTID": 34696, "Plant_Code": 64883, "Plant_Name": "WAL1455", "Utility_ID": 64315, "Utility_Name": "Walmart Stores Texas, LLC", "sector_name": "Commercial Non-CHP", "Street_Address": "8401 Anderson Blvd", "City": "Fort Worth", "County": "Tarrant", "State": "Texas", "Zip": 76120, "PrimSource": "natural gas", "source_desc": "Natural Gas = 1.2 MW", "tech_desc": "Natural Gas Internal Combustion Engine", "Install_MW": 1.2, "Total_MW": 1.2, "Bat_MW": null, "Bio_MW": null, "Coal_MW": null, "Geo_MW": null, "Hydro_MW": null, "HydroPS_MW": null, "NG_MW": 1.2, "Nuclear_MW": null, "Crude_MW": null, "Solar_MW": null, "Wind_MW": null, "Other_MW": null, "Source": "EIA-860, EIA-860M and EIA-923", "Period": "202311", "Longitude": -97.169261, "Latitude": 32.764483 }, "geometry": { "type": "Point", "coordinates": [ -97.169261000191398, 32.7644829998912 ] } },
{ "type": "Feature", "properties": { "OBJECTID": 34697, "Plant_Code": 64884, "Plant_Name": "WAL1801", "Utility_ID": 64315, "Utility_Name": "Walmart Stores Texas, LLC", "sector_name": "Commercial Non-CHP", "Street_Address": "4801 S Cooper St", "City": "Arlington", "County": "Tarrant", "State": "Texas", "Zip": 76017, "PrimSource": "natural gas", "source_desc": "Natural Gas = 1.2 MW", "tech_desc": "Natural Gas Internal Combustion Engine", "Install_MW": 1.2, "Total_MW": 1.2, "Bat_MW": null, "Bio_MW": null, "Coal_MW": null, "Geo_MW": null, "Hydro_MW": null, "HydroPS_MW": null, "NG_MW": 1.2, "Nuclear_MW": null, "Crude_MW": null, "Solar_MW": null, "Wind_MW": null, "Other_MW": null, "Source": "EIA-860, EIA-860M and EIA-923", "Period": "202311", "Longitude": -97.131834, "Latitude": 32.668729 }, "geometry": { "type": "Point", "coordinates": [ -97.131834000029002, 32.668728999921399 ] } },
{ "type": "Feature", "properties": { "OBJECTID": 34698, "Plant_Code": 64885, "Plant_Name": "WAL2257", "Utility_ID": 64315, "Utility_Name": "Walmart Stores Texas, LLC", "sector_name": "Commercial Non-CHP", "Street_Address": "13484 Northwest Fwy", "City": "Houston", "County": "Harris", "State": "Texas", "Zip": 77040, "PrimSource": "natural gas", "source_desc": "Natural Gas = 1.2 MW", "tech_desc": "Natural Gas Internal Combustion Engine", "Install_MW": 1.2, "Total_MW": 1.2, "Bat_MW": null, "Bio_MW": null, "Coal_MW": null, "Geo_MW": null, "Hydro_MW": null, "HydroPS_MW": null, "NG_MW": 1.2, "Nuclear_MW": null, "Crude_MW": null, "Solar_MW": null, "Wind_MW": null, "Other_MW": null, "Source": "EIA-860, EIA-860M and EIA-923", "Period": "202311", "Longitude": -95.509083, "Latitude": 29.853797 }, "geometry": { "type": "Point", "coordinates": [ -95.509083000067406, 29.8537969997796 ] } },
{ "type": "Feature", "properties": { "OBJECTID": 34699, "Plant_Code": 64886, "Plant_Name": "WAL2439", "Utility_ID": 64315, "Utility_Name": "Walmart Stores Texas, LLC", "sector_name": "Commercial Non-CHP", "Street_Address": "8700 N Highway 146", "City": "Baytown", "County": "Chambers", "State": "Texas", "Zip": 77523, "PrimSource": "natural gas", "source_desc": "Natural Gas = 1.2 MW", "tech_desc": "Natural Gas Internal Combustion Engine", "Install_MW": 1.2, "Total_MW": 1.2, "Bat_MW": null, "Bio_MW": null, "Coal_MW": null, "Geo_MW": null, "Hydro_MW": null, "HydroPS_MW": null, "NG_MW": 1.2, "Nuclear_MW": null, "Crude_MW": null, "Solar_MW": null, "Wind_MW": null, "Other_MW": null, "Source": "EIA-860, EIA-860M and EIA-923", "Period": "202311", "Longitude": -94.900456, "Latitude": 29.817549 }, "geometry": { "type": "Point", "coordinates": [ -94.900456000274303, 29.817549000247801 ] } },
{ "type": "Feature", "properties": { "OBJECTID": 34700, "Plant_Code": 64887, "Plant_Name": "WAL2667", "Utility_ID": 64315, "Utility_Name": "Walmart Stores Texas, LLC", "sector_name": "Commercial Non-CHP", "Street_Address": "7401 Samuell Blvd", "City": "Dallas", "County": "Dallas", "State": "Texas", "Zip": 75228, "PrimSource": "natural gas", "source_desc": "Natural Gas = 1.2 MW", "tech_desc": "Natural Gas Internal Combustion Engine", "Install_MW": 1.2, "Total_MW": 1.2, "Bat_MW": null, "Bio_MW": null, "Coal_MW": null, "Geo_MW": null, "Hydro_MW": null, "HydroPS_MW": null, "NG_MW": 1.2, "Nuclear_MW": null, "Crude_MW": null, "Solar_MW": null, "Wind_MW": null, "Other_MW": null, "Source": "EIA-860, EIA-860M and EIA-923", "Period": "202311", "Longitude": -96.689543, "Latitude": 32.793829 }, "geometry": { "type": "Point", "coordinates": [ -96.689543000050904, 32.793828999785397 ] } },
{ "type": "Feature", "properties": { "OBJECTID": 34701, "Plant_Code": 64888, "Plant_Name": "WAL2724", "Utility_ID": 64315, "Utility_Name": "Walmart Stores Texas, LLC", "sector_name": "Commercial Non-CHP", "Street_Address": "1107 South Shaver St", "City": "Pasadena", "County": "Harris", "State": "Texas", "Zip": 77506, "PrimSource": "natural gas", "source_desc": "Natural Gas = 1.2 MW", "tech_desc": "Natural Gas Internal Combustion Engine", "Install_MW": 1.2, "Total_MW": 1.2, "Bat_MW": null, "Bio_MW": null, "Coal_MW": null, "Geo_MW": null, "Hydro_MW": null, "HydroPS_MW": null, "NG_MW": 1.2, "Nuclear_MW": null, "Crude_MW": null, "Solar_MW": null, "Wind_MW": null, "Other_MW": null, "Source": "EIA-860, EIA-860M and EIA-923", "Period": "202311", "Longitude": -95.210408, "Latitude": 29.693424 }, "geometry": { "type": "Point", "coordinates": [ -95.210408000181303, 29.693424000107601 ] } },
{ "type": "Feature", "properties": { "OBJECTID": 34702, "Plant_Code": 64889, "Plant_Name": "WAL2883", "Utility_ID": 64315, "Utility_Name": "Walmart Stores Texas, LLC", "sector_name": "Commercial Non-CHP", "Street_Address": "8801 Ohio Dr", "City": "Plano", "County": "Collin", "State": "Texas", "Zip": 75024, "PrimSource": "natural gas", "source_desc": "Natural Gas = 1.2 MW", "tech_desc": "Natural Gas Internal Combustion Engine", "Install_MW": 1.2, "Total_MW": 1.2, "Bat_MW": null, "Bio_MW": null, "Coal_MW": null, "Geo_MW": null, "Hydro_MW": null, "HydroPS_MW": null, "NG_MW": 1.2, "Nuclear_MW": null, "Crude_MW": null, "Solar_MW": null, "Wind_MW": null, "Other_MW": null, "Source": "EIA-860, EIA-860M and EIA-923", "Period": "202311", "Longitude": -96.798596, "Latitude": 33.097094 }, "geometry": { "type": "Point", "coordinates": [ -96.798595999786102, 33.097094000013698 ] } },
{ "type": "Feature", "properties": { "OBJECTID": 34703, "Plant_Code": 64890, "Plant_Name": "WAL2980", "Utility_ID": 64315, "Utility_Name": "Walmart Stores Texas, LLC", "sector_name": "Commercial Non-CHP", "Street_Address": "8520 N Beach St", "City": "Fort Worth", "County": "Tarrant", "State": "Texas", "Zip": 76244, "PrimSource": "natural gas", "source_desc": "Natural Gas = 1.2 MW", "tech_desc": "Natural Gas Internal Combustion Engine", "Install_MW": 1.2, "Total_MW": 1.2, "Bat_MW": null, "Bio_MW": null, "Coal_MW": null, "Geo_MW": null, "Hydro_MW": null, "HydroPS_MW": null, "NG_MW": 1.2, "Nuclear_MW": null, "Crude_MW": null, "Solar_MW": null, "Wind_MW": null, "Other_MW": null, "Source": "EIA-860, EIA-860M and EIA-923", "Period": "202311", "Longitude": -97.286531, "Latitude": 32.89517 }, "geometry": { "type": "Point", "coordinates": [ -97.286531000323194, 32.895169999920597 ] } },
{ "type": "Feature", "properties": { "OBJECTID": 34704, "Plant_Code": 64891, "Plant_Name": "WAL2993", "Utility_ID": 64315, "Utility_Name": "Walmart Stores Texas, LLC", "sector_name": "Commercial Non-CHP", "Street_Address": "345 Highway 6", "City": "Sugar Land", "County": "Fort Bend", "State": "Texas", "Zip": 77478, "PrimSource": "natural gas", "source_desc": "Natural Gas = 1.2 MW", "tech_desc": "Natural Gas Internal Combustion Engine", "Install_MW": 1.2, "Total_MW": 1.2, "Bat_MW": null, "Bio_MW": null, "Coal_MW": null, "Geo_MW": null, "Hydro_MW": null, "HydroPS_MW": null, "NG_MW": 1.2, "Nuclear_MW": null, "Crude_MW": null, "Solar_MW": null, "Wind_MW": null, "Other_MW": null, "Source": "EIA-860, EIA-860M and EIA-923", "Period": "202311", "Longitude": -95.644645, "Latitude": 29.613582 }, "geometry": { "type": "Point", "coordinates": [ -95.644644999969302, 29.6135819998137 ] } },
{ "type": "Feature", "properties": { "OBJECTID": 34705, "Plant_Code": 64892, "Plant_Name": "TPE Erath Solar, LLC", "Utility_ID": 62836, "Utility_Name": "Navisun LLC", "sector_name": "IPP Non-CHP", "Street_Address": "College Farm Road", "City": "Stephenville", "County": "Erath", "State": "Texas", "Zip": 76401, "PrimSource": "solar", "source_desc": "Solar = 9.9 MW", "tech_desc": "Solar Photovoltaic", "Install_MW": 9.9, "Total_MW": 9.9, "Bat_MW": null, "Bio_MW": null, "Coal_MW": null, "Geo_MW": null, "Hydro_MW": null, "HydroPS_MW": null, "NG_MW": null, "Nuclear_MW": null, "Crude_MW": null, "Solar_MW": 9.9, "Wind_MW": null, "Other_MW": null, "Source": "EIA-860, EIA-860M and EIA-923", "Period": "202311", "Longitude": -98.207541, "Latitude": 32.26246 }, "geometry": { "type": "Point", "coordinates": [ -98.207541000183795, 32.262459999982902 ] } },
{ "type": "Feature", "properties": { "OBJECTID": 34706, "Plant_Code": 64893, "Plant_Name": "WAL3224", "Utility_ID": 64315, "Utility_Name": "Walmart Stores Texas, LLC", "sector_name": "Commercial Non-CHP", "Street_Address": "555 W Interstate 30", "City": "Garland", "County": "Dallas", "State": "Texas", "Zip": 75043, "PrimSource": "natural gas", "source_desc": "Natural Gas = 1.2 MW", "tech_desc": "Natural Gas Internal Combustion Engine", "Install_MW": 1.2, "Total_MW": 1.2, "Bat_MW": null, "Bio_MW": null, "Coal_MW": null, "Geo_MW": null, "Hydro_MW": null, "HydroPS_MW": null, "NG_MW": 1.2, "Nuclear_MW": null, "Crude_MW": null, "Solar_MW": null, "Wind_MW": null, "Other_MW": null, "Source": "EIA-860, EIA-860M and EIA-923", "Period": "202311", "Longitude": -96.598028, "Latitude": 32.842209 }, "geometry": { "type": "Point", "coordinates": [ -96.598028000050405, 32.8422089999656 ] } },
{ "type": "Feature", "properties": { "OBJECTID": 34707, "Plant_Code": 64895, "Plant_Name": "WAL3226", "Utility_ID": 64315, "Utility_Name": "Walmart Stores Texas, LLC", "sector_name": "Commercial Non-CHP", "Street_Address": "25108 Market Place Dr", "City": "Katy", "County": "Fort Bend", "State": "Texas", "Zip": 77494, "PrimSource": "natural gas", "source_desc": "Natural Gas = 1.2 MW", "tech_desc": "Natural Gas Internal Combustion Engine", "Install_MW": 1.2, "Total_MW": 1.2, "Bat_MW": null, "Bio_MW": null, "Coal_MW": null, "Geo_MW": null, "Hydro_MW": null, "HydroPS_MW": null, "NG_MW": 1.2, "Nuclear_MW": null, "Crude_MW": null, "Solar_MW": null, "Wind_MW": null, "Other_MW": null, "Source": "EIA-860, EIA-860M and EIA-923", "Period": "202311", "Longitude": -95.804075, "Latitude": 29.783981 }, "geometry": { "type": "Point", "coordinates": [ -95.804074999815001, 29.783980999979001 ] } },
{ "type": "Feature", "properties": { "OBJECTID": 34708, "Plant_Code": 64896, "Plant_Name": "WAL3284", "Utility_ID": 64315, "Utility_Name": "Walmart Stores Texas, LLC", "sector_name": "Commercial Non-CHP", "Street_Address": "4800 US 287 HWY", "City": "Arlington", "County": "Tarrant", "State": "Texas", "Zip": 76017, "PrimSource": "natural gas", "source_desc": "Natural Gas = 1.2 MW", "tech_desc": "Natural Gas Internal Combustion Engine", "Install_MW": 1.2, "Total_MW": 1.2, "Bat_MW": null, "Bio_MW": null, "Coal_MW": null, "Geo_MW": null, "Hydro_MW": null, "HydroPS_MW": null, "NG_MW": 1.2, "Nuclear_MW": null, "Crude_MW": null, "Solar_MW": null, "Wind_MW": null, "Other_MW": null, "Source": "EIA-860, EIA-860M and EIA-923", "Period": "202311", "Longitude": -97.209254, "Latitude": 32.66674 }, "geometry": { "type": "Point", "coordinates": [ -97.209254000233599, 32.666739999750703 ] } },
{ "type": "Feature", "properties": { "OBJECTID": 34709, "Plant_Code": 64897, "Plant_Name": "WAL3285", "Utility_ID": 64315, "Utility_Name": "Walmart Stores Texas, LLC", "sector_name": "Commercial Non-CHP", "Street_Address": "621 Upton Blvd", "City": "Cedar Hill", "County": "Dallas", "State": "Texas", "Zip": 75104, "PrimSource": "natural gas", "source_desc": "Natural Gas = 1.2 MW", "tech_desc": "Natural Gas Internal Combustion Engine", "Install_MW": 1.2, "Total_MW": 1.2, "Bat_MW": null, "Bio_MW": null, "Coal_MW": null, "Geo_MW": null, "Hydro_MW": null, "HydroPS_MW": null, "NG_MW": 1.2, "Nuclear_MW": null, "Crude_MW": null, "Solar_MW": null, "Wind_MW": null, "Other_MW": null, "Source": "EIA-860, EIA-860M and EIA-923", "Period": "202311", "Longitude": -96.946914, "Latitude": 32.59732 }, "geometry": { "type": "Point", "coordinates": [ -96.946914000365794, 32.597320000284803 ] } },
{ "type": "Feature", "properties": { "OBJECTID": 34710, "Plant_Code": 64898, "Plant_Name": "WAL3297", "Utility_ID": 64315, "Utility_Name": "Walmart Stores Texas, LLC", "sector_name": "Commercial Non-CHP", "Street_Address": "12353 FM 1960 W RD #A", "City": "Houston", "County": "Harris", "State": "Texas", "Zip": 77065, "PrimSource": "natural gas", "source_desc": "Natural Gas = 1.2 MW", "tech_desc": "Natural Gas Internal Combustion Engine", "Install_MW": 1.2, "Total_MW": 1.2, "Bat_MW": null, "Bio_MW": null, "Coal_MW": null, "Geo_MW": null, "Hydro_MW": null, "HydroPS_MW": null, "NG_MW": 1.2, "Nuclear_MW": null, "Crude_MW": null, "Solar_MW": null, "Wind_MW": null, "Other_MW": null, "Source": "EIA-860, EIA-860M and EIA-923", "Period": "202311", "Longitude": -95.602626, "Latitude": 29.920574 }, "geometry": { "type": "Point", "coordinates": [ -95.602625999822294, 29.920573999988001 ] } },
{ "type": "Feature", "properties": { "OBJECTID": 34711, "Plant_Code": 64899, "Plant_Name": "WAL3298", "Utility_ID": 64315, "Utility_Name": "Walmart Stores Texas, LLC", "sector_name": "Commercial Non-CHP", "Street_Address": "255 FM 518", "City": "Kemah", "County": "Galveston", "State": "Texas", "Zip": 77565, "PrimSource": "natural gas", "source_desc": "Natural Gas = 1.2 MW", "tech_desc": "Natural Gas Internal Combustion Engine", "Install_MW": 1.2, "Total_MW": 1.2, "Bat_MW": null, "Bio_MW": null, "Coal_MW": null, "Geo_MW": null, "Hydro_MW": null, "HydroPS_MW": null, "NG_MW": 1.2, "Nuclear_MW": null, "Crude_MW": null, "Solar_MW": null, "Wind_MW": null, "Other_MW": null, "Source": "EIA-860, EIA-860M and EIA-923", "Period": "202311", "Longitude": -95.018815, "Latitude": 29.535168 }, "geometry": { "type": "Point", "coordinates": [ -95.018815000177298, 29.5351679999529 ] } },
{ "type": "Feature", "properties": { "OBJECTID": 34712, "Plant_Code": 64900, "Plant_Name": "WAL3302", "Utility_ID": 64315, "Utility_Name": "Walmart Stores Texas, LLC", "sector_name": "Commercial Non-CHP", "Street_Address": "9460 W Sam Houston Pkwy S", "City": "Houston", "County": "Harris", "State": "Texas", "Zip": 77099, "PrimSource": "natural gas", "source_desc": "Natural Gas = 1.2 MW", "tech_desc": "Natural Gas Internal Combustion Engine", "Install_MW": 1.2, "Total_MW": 1.2, "Bat_MW": null, "Bio_MW": null, "Coal_MW": null, "Geo_MW": null, "Hydro_MW": null, "HydroPS_MW": null, "NG_MW": 1.2, "Nuclear_MW": null, "Crude_MW": null, "Solar_MW": null, "Wind_MW": null, "Other_MW": null, "Source": "EIA-860, EIA-860M and EIA-923", "Period": "202311", "Longitude": -95.5614, "Latitude": 29.679366 }, "geometry": { "type": "Point", "coordinates": [ -95.5614000000689, 29.679365999952701 ] } },
{ "type": "Feature", "properties": { "OBJECTID": 34713, "Plant_Code": 64901, "Plant_Name": "WAL3320", "Utility_ID": 64315, "Utility_Name": "Walmart Stores Texas, LLC", "sector_name": "Commercial Non-CHP", "Street_Address": "215 E Mile 3 Rd", "City": "Palmhurst", "County": "Hidalgo", "State": "Texas", "Zip": 78573, "PrimSource": "natural gas", "source_desc": "Natural Gas = 1.2 MW", "tech_desc": "Natural Gas Internal Combustion Engine", "Install_MW": 1.2, "Total_MW": 1.2, "Bat_MW": null, "Bio_MW": null, "Coal_MW": null, "Geo_MW": null, "Hydro_MW": null, "HydroPS_MW": null, "NG_MW": 1.2, "Nuclear_MW": null, "Crude_MW": null, "Solar_MW": null, "Wind_MW": null, "Other_MW": null, "Source": "EIA-860, EIA-860M and EIA-923", "Period": "202311", "Longitude": -98.315859, "Latitude": 26.260742 }, "geometry": { "type": "Point", "coordinates": [ -98.315859000150198, 26.260741999630699 ] } },
{ "type": "Feature", "properties": { "OBJECTID": 34714, "Plant_Code": 64902, "Plant_Name": "WAL3390", "Utility_ID": 64315, "Utility_Name": "Walmart Stores Texas, LLC", "sector_name": "Commercial Non-CHP", "Street_Address": "10001 Woodlands Pkwy", "City": "The Woodlands", "County": "Montgomery", "State": "Texas", "Zip": 77382, "PrimSource": "natural gas", "source_desc": "Natural Gas = 1.2 MW", "tech_desc": "Natural Gas Internal Combustion Engine", "Install_MW": 1.2, "Total_MW": 1.2, "Bat_MW": null, "Bio_MW": null, "Coal_MW": null, "Geo_MW": null, "Hydro_MW": null, "HydroPS_MW": null, "NG_MW": 1.2, "Nuclear_MW": null, "Crude_MW": null, "Solar_MW": null, "Wind_MW": null, "Other_MW": null, "Source": "EIA-860, EIA-860M and EIA-923", "Period": "202311", "Longitude": -95.589487, "Latitude": 30.190279 }, "geometry": { "type": "Point", "coordinates": [ -95.589486999728294, 30.190278999677702 ] } },
{ "type": "Feature", "properties": { "OBJECTID": 34722, "Plant_Code": 64915, "Plant_Name": "Flower Valley I", "Utility_ID": 64400, "Utility_Name": "Flower Valley", "sector_name": "IPP Non-CHP", "Street_Address": "1739 Farm to Market Road 2007", "City": "Pecos", "County": "Reeves", "State": "Texas", "Zip": 79772, "PrimSource": "batteries", "source_desc": "Battery = 9.9 MW", "tech_desc": "Batteries", "Install_MW": 9.9, "Total_MW": 9.9, "Bat_MW": 9.9, "Bio_MW": null, "Coal_MW": null, "Geo_MW": null, "Hydro_MW": null, "HydroPS_MW": null, "NG_MW": null, "Nuclear_MW": null, "Crude_MW": null, "Solar_MW": null, "Wind_MW": null, "Other_MW": null, "Source": "EIA-860, EIA-860M and EIA-923", "Period": "202311", "Longitude": -103.361769, "Latitude": 31.197283 }, "geometry": { "type": "Point", "coordinates": [ -103.361769000251996, 31.1972829999895 ] } },
{ "type": "Feature", "properties": { "OBJECTID": 34723, "Plant_Code": 64916, "Plant_Name": "Swoose I", "Utility_ID": 64401, "Utility_Name": "Swoose", "sector_name": "IPP Non-CHP", "Street_Address": "3046 Farm to Market Road 1927", "City": "Pyote", "County": "Ward", "State": "Texas", "Zip": 79777, "PrimSource": "batteries", "source_desc": "Battery = 9.9 MW", "tech_desc": "Batteries", "Install_MW": 9.9, "Total_MW": 9.9, "Bat_MW": 9.9, "Bio_MW": null, "Coal_MW": null, "Geo_MW": null, "Hydro_MW": null, "HydroPS_MW": null, "NG_MW": null, "Nuclear_MW": null, "Crude_MW": null, "Solar_MW": null, "Wind_MW": null, "Other_MW": null, "Source": "EIA-860, EIA-860M and EIA-923", "Period": "202311", "Longitude": -103.096242, "Latitude": 31.45115 }, "geometry": { "type": "Point", "coordinates": [ -103.09624199964, 31.451150000332401 ] } },
{ "type": "Feature", "properties": { "OBJECTID": 34724, "Plant_Code": 64917, "Plant_Name": "Triple Butte I", "Utility_ID": 64402, "Utility_Name": "Triple Butte", "sector_name": "IPP Non-CHP", "Street_Address": "3254 Old Alpine Highway", "City": "Ft. Stockton", "County": "Pecos", "State": "Texas", "Zip": 79735, "PrimSource": "batteries", "source_desc": "Battery = 7.5 MW", "tech_desc": "Batteries", "Install_MW": 7.5, "Total_MW": 7.5, "Bat_MW": 7.5, "Bio_MW": null, "Coal_MW": null, "Geo_MW": null, "Hydro_MW": null, "HydroPS_MW": null, "NG_MW": null, "Nuclear_MW": null, "Crude_MW": null, "Solar_MW": null, "Wind_MW": null, "Other_MW": null, "Source": "EIA-860, EIA-860M and EIA-923", "Period": "202311", "Longitude": -103.06786, "Latitude": 30.75956 }, "geometry": { "type": "Point", "coordinates": [ -103.067860000427999, 30.759559999742201 ] } },
{ "type": "Feature", "properties": { "OBJECTID": 34729, "Plant_Code": 64922, "Plant_Name": "WAL3406", "Utility_ID": 64315, "Utility_Name": "Walmart Stores Texas, LLC", "sector_name": "Commercial Non-CHP", "Street_Address": "15220 Montfort Rd", "City": "Dallas", "County": "Dallas", "State": "Texas", "Zip": 75248, "PrimSource": "natural gas", "source_desc": "Natural Gas = 1.2 MW", "tech_desc": "Natural Gas Internal Combustion Engine", "Install_MW": 1.2, "Total_MW": 1.2, "Bat_MW": null, "Bio_MW": null, "Coal_MW": null, "Geo_MW": null, "Hydro_MW": null, "HydroPS_MW": null, "NG_MW": 1.2, "Nuclear_MW": null, "Crude_MW": null, "Solar_MW": null, "Wind_MW": null, "Other_MW": null, "Source": "EIA-860, EIA-860M and EIA-923", "Period": "202311", "Longitude": -96.81664, "Latitude": 32.959048 }, "geometry": { "type": "Point", "coordinates": [ -96.816639999859106, 32.959047999988101 ] } },
{ "type": "Feature", "properties": { "OBJECTID": 34730, "Plant_Code": 64923, "Plant_Name": "WAL3425", "Utility_ID": 64315, "Utility_Name": "Walmart Stores Texas, LLC", "sector_name": "Commercial Non-CHP", "Street_Address": "9598 Rowlett Rd", "City": "Houston", "County": "Harris", "State": "Texas", "Zip": 77075, "PrimSource": "natural gas", "source_desc": "Natural Gas = 1.2 MW", "tech_desc": "Natural Gas Internal Combustion Engine", "Install_MW": 1.2, "Total_MW": 1.2, "Bat_MW": null, "Bio_MW": null, "Coal_MW": null, "Geo_MW": null, "Hydro_MW": null, "HydroPS_MW": null, "NG_MW": 1.2, "Nuclear_MW": null, "Crude_MW": null, "Solar_MW": null, "Wind_MW": null, "Other_MW": null, "Source": "EIA-860, EIA-860M and EIA-923", "Period": "202311", "Longitude": -95.237434, "Latitude": 29.630428 }, "geometry": { "type": "Point", "coordinates": [ -95.237433999658606, 29.6304279996296 ] } },
{ "type": "Feature", "properties": { "OBJECTID": 34731, "Plant_Code": 64924, "Plant_Name": "WAL3432", "Utility_ID": 64315, "Utility_Name": "Walmart Stores Texas, LLC", "sector_name": "Commercial Non-CHP", "Street_Address": "951 W Belt Line Rd", "City": "Desoto", "County": "Dallas", "State": "Texas", "Zip": 75115, "PrimSource": "natural gas", "source_desc": "Natural Gas = 1.2 MW", "tech_desc": "Natural Gas Internal Combustion Engine", "Install_MW": 1.2, "Total_MW": 1.2, "Bat_MW": null, "Bio_MW": null, "Coal_MW": null, "Geo_MW": null, "Hydro_MW": null, "HydroPS_MW": null, "NG_MW": 1.2, "Nuclear_MW": null, "Crude_MW": null, "Solar_MW": null, "Wind_MW": null, "Other_MW": null, "Source": "EIA-860, EIA-860M and EIA-923", "Period": "202311", "Longitude": -96.879836, "Latitude": 32.592923 }, "geometry": { "type": "Point", "coordinates": [ -96.879836000396594, 32.592922999725197 ] } },
{ "type": "Feature", "properties": { "OBJECTID": 34732, "Plant_Code": 64925, "Plant_Name": "WAL3500", "Utility_ID": 64315, "Utility_Name": "Walmart Stores Texas, LLC", "sector_name": "Commercial Non-CHP", "Street_Address": "5655 E Sam Houston Pkwy N", "City": "Houston", "County": "Harris", "State": "Texas", "Zip": 77015, "PrimSource": "natural gas", "source_desc": "Natural Gas = 1.2 MW", "tech_desc": "Natural Gas Internal Combustion Engine", "Install_MW": 1.2, "Total_MW": 1.2, "Bat_MW": null, "Bio_MW": null, "Coal_MW": null, "Geo_MW": null, "Hydro_MW": null, "HydroPS_MW": null, "NG_MW": 1.2, "Nuclear_MW": null, "Crude_MW": null, "Solar_MW": null, "Wind_MW": null, "Other_MW": null, "Source": "EIA-860, EIA-860M and EIA-923", "Period": "202311", "Longitude": -95.1652, "Latitude": 29.80599 }, "geometry": { "type": "Point", "coordinates": [ -95.165199999640294, 29.805989999724801 ] } },
{ "type": "Feature", "properties": { "OBJECTID": 34733, "Plant_Code": 64926, "Plant_Name": "WAL3510", "Utility_ID": 64315, "Utility_Name": "Walmart Stores Texas, LLC", "sector_name": "Commercial Non-CHP", "Street_Address": "1710 Broadway St", "City": "Pearland", "County": "Brazoria", "State": "Texas", "Zip": 77581, "PrimSource": "natural gas", "source_desc": "Natural Gas = 1.3 MW", "tech_desc": "Natural Gas Internal Combustion Engine", "Install_MW": 1.3, "Total_MW": 1.3, "Bat_MW": null, "Bio_MW": null, "Coal_MW": null, "Geo_MW": null, "Hydro_MW": null, "HydroPS_MW": null, "NG_MW": 1.3, "Nuclear_MW": null, "Crude_MW": null, "Solar_MW": null, "Wind_MW": null, "Other_MW": null, "Source": "EIA-860, EIA-860M and EIA-923", "Period": "202311", "Longitude": -95.235941, "Latitude": 29.545976 }, "geometry": { "type": "Point", "coordinates": [ -95.235940999656407, 29.545976000168299 ] } },
{ "type": "Feature", "properties": { "OBJECTID": 34739, "Plant_Code": 64933, "Plant_Name": "WAL3518", "Utility_ID": 64315, "Utility_Name": "Walmart Stores Texas, LLC", "sector_name": "Commercial Non-CHP", "Street_Address": "2320 Bob Bullock Loop", "City": "Laredo", "County": "Webb", "State": "Texas", "Zip": 78043, "PrimSource": "natural gas", "source_desc": "Natural Gas = 1.2 MW", "tech_desc": "Natural Gas Internal Combustion Engine", "Install_MW": 1.2, "Total_MW": 1.2, "Bat_MW": null, "Bio_MW": null, "Coal_MW": null, "Geo_MW": null, "Hydro_MW": null, "HydroPS_MW": null, "NG_MW": 1.2, "Nuclear_MW": null, "Crude_MW": null, "Solar_MW": null, "Wind_MW": null, "Other_MW": null, "Source": "EIA-860, EIA-860M and EIA-923", "Period": "202311", "Longitude": -99.471825, "Latitude": 27.612565 }, "geometry": { "type": "Point", "coordinates": [ -99.471825000200994, 27.612564999858201 ] } },
{ "type": "Feature", "properties": { "OBJECTID": 34740, "Plant_Code": 64934, "Plant_Name": "WAL3572", "Utility_ID": 64315, "Utility_Name": "Walmart Stores Texas, LLC", "sector_name": "Commercial Non-CHP", "Street_Address": "10505 Broadway Street", "City": "Pearland", "County": "Brazoria", "State": "Texas", "Zip": 77584, "PrimSource": "natural gas", "source_desc": "Natural Gas = 1.3 MW", "tech_desc": "Natural Gas Internal Combustion Engine", "Install_MW": 1.3, "Total_MW": 1.3, "Bat_MW": null, "Bio_MW": null, "Coal_MW": null, "Geo_MW": null, "Hydro_MW": null, "HydroPS_MW": null, "NG_MW": 1.3, "Nuclear_MW": null, "Crude_MW": null, "Solar_MW": null, "Wind_MW": null, "Other_MW": null, "Source": "EIA-860, EIA-860M and EIA-923", "Period": "202311", "Longitude": -95.382896, "Latitude": 29.557643 }, "geometry": { "type": "Point", "coordinates": [ -95.382895999930199, 29.557643000229799 ] } },
{ "type": "Feature", "properties": { "OBJECTID": 34741, "Plant_Code": 64935, "Plant_Name": "WAL3584", "Utility_ID": 64315, "Utility_Name": "Walmart Stores Texas, LLC", "sector_name": "Commercial Non-CHP", "Street_Address": "5405 South Rice Avenue", "City": "Houston", "County": "Harris", "State": "Texas", "Zip": 77081, "PrimSource": "natural gas", "source_desc": "Natural Gas = 1.2 MW", "tech_desc": "Natural Gas Internal Combustion Engine", "Install_MW": 1.2, "Total_MW": 1.2, "Bat_MW": null, "Bio_MW": null, "Coal_MW": null, "Geo_MW": null, "Hydro_MW": null, "HydroPS_MW": null, "NG_MW": 1.2, "Nuclear_MW": null, "Crude_MW": null, "Solar_MW": null, "Wind_MW": null, "Other_MW": null, "Source": "EIA-860, EIA-860M and EIA-923", "Period": "202311", "Longitude": -95.46539, "Latitude": 29.72355 }, "geometry": { "type": "Point", "coordinates": [ -95.465390000168199, 29.723549999859198 ] } },
{ "type": "Feature", "properties": { "OBJECTID": 34742, "Plant_Code": 64936, "Plant_Name": "WAL3631", "Utility_ID": 64315, "Utility_Name": "Walmart Stores Texas, LLC", "sector_name": "Commercial Non-CHP", "Street_Address": "1221 E FM 1187", "City": "Crowley", "County": "Tarrant", "State": "Texas", "Zip": 76036, "PrimSource": "natural gas", "source_desc": "Natural Gas = 1.2 MW", "tech_desc": "Natural Gas Internal Combustion Engine", "Install_MW": 1.2, "Total_MW": 1.2, "Bat_MW": null, "Bio_MW": null, "Coal_MW": null, "Geo_MW": null, "Hydro_MW": null, "HydroPS_MW": null, "NG_MW": 1.2, "Nuclear_MW": null, "Crude_MW": null, "Solar_MW": null, "Wind_MW": null, "Other_MW": null, "Source": "EIA-860, EIA-860M and EIA-923", "Period": "202311", "Longitude": -97.338514, "Latitude": 32.576636 }, "geometry": { "type": "Point", "coordinates": [ -97.338514000413895, 32.576636000312703 ] } },
{ "type": "Feature", "properties": { "OBJECTID": 34743, "Plant_Code": 64937, "Plant_Name": "WAL3773", "Utility_ID": 64315, "Utility_Name": "Walmart Stores Texas, LLC", "sector_name": "Commercial Non-CHP", "Street_Address": "9500 Clifford Street", "City": "Fort Worth", "County": "Tarrant", "State": "Texas", "Zip": 76108, "PrimSource": "natural gas", "source_desc": "Natural Gas = 1.2 MW", "tech_desc": "Natural Gas Internal Combustion Engine", "Install_MW": 1.2, "Total_MW": 1.2, "Bat_MW": null, "Bio_MW": null, "Coal_MW": null, "Geo_MW": null, "Hydro_MW": null, "HydroPS_MW": null, "NG_MW": 1.2, "Nuclear_MW": null, "Crude_MW": null, "Solar_MW": null, "Wind_MW": null, "Other_MW": null, "Source": "EIA-860, EIA-860M and EIA-923", "Period": "202311", "Longitude": -97.483775, "Latitude": 32.765261 }, "geometry": { "type": "Point", "coordinates": [ -97.483774999945595, 32.765261000053897 ] } },
{ "type": "Feature", "properties": { "OBJECTID": 34744, "Plant_Code": 64938, "Plant_Name": "WAL3777", "Utility_ID": 64315, "Utility_Name": "Walmart Stores Texas, LLC", "sector_name": "Commercial Non-CHP", "Street_Address": "12220 FM 423", "City": "Frisco", "County": "Denton", "State": "Texas", "Zip": 75033, "PrimSource": "petroleum", "source_desc": "Petroleum = 1.3 MW", "tech_desc": "Petroleum Liquids", "Install_MW": 1.3, "Total_MW": 1.3, "Bat_MW": null, "Bio_MW": null, "Coal_MW": null, "Geo_MW": null, "Hydro_MW": null, "HydroPS_MW": null, "NG_MW": null, "Nuclear_MW": null, "Crude_MW": 1.3, "Solar_MW": null, "Wind_MW": null, "Other_MW": null, "Source": "EIA-860, EIA-860M and EIA-923", "Period": "202311", "Longitude": -96.883994, "Latitude": 33.179721 }, "geometry": { "type": "Point", "coordinates": [ -96.883994000012805, 33.179720999876103 ] } },
{ "type": "Feature", "properties": { "OBJECTID": 34745, "Plant_Code": 64939, "Plant_Name": "WAL3827", "Utility_ID": 64315, "Utility_Name": "Walmart Stores Texas, LLC", "sector_name": "Commercial Non-CHP", "Street_Address": "5660 Grand Parkway West", "City": "Richmond", "County": "Fort Bend", "State": "Texas", "Zip": 77406, "PrimSource": "natural gas", "source_desc": "Natural Gas = 1.2 MW", "tech_desc": "Natural Gas Internal Combustion Engine", "Install_MW": 1.2, "Total_MW": 1.2, "Bat_MW": null, "Bio_MW": null, "Coal_MW": null, "Geo_MW": null, "Hydro_MW": null, "HydroPS_MW": null, "NG_MW": 1.2, "Nuclear_MW": null, "Crude_MW": null, "Solar_MW": null, "Wind_MW": null, "Other_MW": null, "Source": "EIA-860, EIA-860M and EIA-923", "Period": "202311", "Longitude": -95.774624, "Latitude": 29.690142 }, "geometry": { "type": "Point", "coordinates": [ -95.774624000024801, 29.6901419999753 ] } },
{ "type": "Feature", "properties": { "OBJECTID": 34746, "Plant_Code": 64940, "Plant_Name": "WAL3886", "Utility_ID": 64315, "Utility_Name": "Walmart Stores Texas, LLC", "sector_name": "Commercial Non-CHP", "Street_Address": "4101 S McColl Rd", "City": "Edinburg", "County": "Hidalgo", "State": "Texas", "Zip": 78539, "PrimSource": "natural gas", "source_desc": "Natural Gas = 1.2 MW", "tech_desc": "Natural Gas Internal Combustion Engine", "Install_MW": 1.2, "Total_MW": 1.2, "Bat_MW": null, "Bio_MW": null, "Coal_MW": null, "Geo_MW": null, "Hydro_MW": null, "HydroPS_MW": null, "NG_MW": 1.2, "Nuclear_MW": null, "Crude_MW": null, "Solar_MW": null, "Wind_MW": null, "Other_MW": null, "Source": "EIA-860, EIA-860M and EIA-923", "Period": "202311", "Longitude": -98.204552, "Latitude": 26.267703 }, "geometry": { "type": "Point", "coordinates": [ -98.204551999806398, 26.267702999805401 ] } },
{ "type": "Feature", "properties": { "OBJECTID": 34747, "Plant_Code": 64942, "Plant_Name": "WAL4298", "Utility_ID": 64315, "Utility_Name": "Walmart Stores Texas, LLC", "sector_name": "Commercial Non-CHP", "Street_Address": "9235 N Sam Houston Pkwy E", "City": "Humble", "County": "Harris", "State": "Texas", "Zip": 77396, "PrimSource": "natural gas", "source_desc": "Natural Gas = 1.2 MW", "tech_desc": "Natural Gas Internal Combustion Engine", "Install_MW": 1.2, "Total_MW": 1.2, "Bat_MW": null, "Bio_MW": null, "Coal_MW": null, "Geo_MW": null, "Hydro_MW": null, "HydroPS_MW": null, "NG_MW": 1.2, "Nuclear_MW": null, "Crude_MW": null, "Solar_MW": null, "Wind_MW": null, "Other_MW": null, "Source": "EIA-860, EIA-860M and EIA-923", "Period": "202311", "Longitude": -95.25261, "Latitude": 29.936325 }, "geometry": { "type": "Point", "coordinates": [ -95.252609999727994, 29.9363250001654 ] } },
{ "type": "Feature", "properties": { "OBJECTID": 34748, "Plant_Code": 64943, "Plant_Name": "WAL4509", "Utility_ID": 64315, "Utility_Name": "Walmart Stores Texas, LLC", "sector_name": "Commercial Non-CHP", "Street_Address": "8840 Benbrook Blvd", "City": "Tarrant", "County": "Tarrant", "State": "Texas", "Zip": 76126, "PrimSource": "natural gas", "source_desc": "Natural Gas = 1.2 MW", "tech_desc": "Natural Gas Internal Combustion Engine", "Install_MW": 1.2, "Total_MW": 1.2, "Bat_MW": null, "Bio_MW": null, "Coal_MW": null, "Geo_MW": null, "Hydro_MW": null, "HydroPS_MW": null, "NG_MW": 1.2, "Nuclear_MW": null, "Crude_MW": null, "Solar_MW": null, "Wind_MW": null, "Other_MW": null, "Source": "EIA-860, EIA-860M and EIA-923", "Period": "202311", "Longitude": -97.467729, "Latitude": 32.677829 }, "geometry": { "type": "Point", "coordinates": [ -97.467729000388204, 32.677829000051503 ] } },
{ "type": "Feature", "properties": { "OBJECTID": 34749, "Plant_Code": 64944, "Plant_Name": "WAL4512", "Utility_ID": 64315, "Utility_Name": "Walmart Stores Texas, LLC", "sector_name": "Commercial Non-CHP", "Street_Address": "22850 Morton Ranch Rd", "City": "Katy", "County": "Harris", "State": "Texas", "Zip": 77449, "PrimSource": "natural gas", "source_desc": "Natural Gas = 1.2 MW", "tech_desc": "Natural Gas Internal Combustion Engine", "Install_MW": 1.2, "Total_MW": 1.2, "Bat_MW": null, "Bio_MW": null, "Coal_MW": null, "Geo_MW": null, "Hydro_MW": null, "HydroPS_MW": null, "NG_MW": 1.2, "Nuclear_MW": null, "Crude_MW": null, "Solar_MW": null, "Wind_MW": null, "Other_MW": null, "Source": "EIA-860, EIA-860M and EIA-923", "Period": "202311", "Longitude": -95.767961, "Latitude": 29.818196 }, "geometry": { "type": "Point", "coordinates": [ -95.767960999729794, 29.818196000350699 ] } },
{ "type": "Feature", "properties": { "OBJECTID": 34750, "Plant_Code": 64945, "Plant_Name": "WAL4526", "Utility_ID": 64315, "Utility_Name": "Walmart Stores Texas, LLC", "sector_name": "Commercial Non-CHP", "Street_Address": "4412 North Fwy", "City": "Houston", "County": "Harris", "State": "Texas", "Zip": 77022, "PrimSource": "natural gas", "source_desc": "Natural Gas = 1.2 MW", "tech_desc": "Natural Gas Internal Combustion Engine", "Install_MW": 1.2, "Total_MW": 1.2, "Bat_MW": null, "Bio_MW": null, "Coal_MW": null, "Geo_MW": null, "Hydro_MW": null, "HydroPS_MW": null, "NG_MW": 1.2, "Nuclear_MW": null, "Crude_MW": null, "Solar_MW": null, "Wind_MW": null, "Other_MW": null, "Source": "EIA-860, EIA-860M and EIA-923", "Period": "202311", "Longitude": -95.377269, "Latitude": 29.829831 }, "geometry": { "type": "Point", "coordinates": [ -95.377268999702906, 29.829831000213499 ] } },
{ "type": "Feature", "properties": { "OBJECTID": 34751, "Plant_Code": 64946, "Plant_Name": "WAL4538", "Utility_ID": 64315, "Utility_Name": "Walmart Stores Texas, LLC", "sector_name": "Commercial Non-CHP", "Street_Address": "6060 N. Fry Road", "City": "Katy", "County": "Harris", "State": "Texas", "Zip": 77449, "PrimSource": "natural gas", "source_desc": "Natural Gas = 1.2 MW", "tech_desc": "Natural Gas Internal Combustion Engine", "Install_MW": 1.2, "Total_MW": 1.2, "Bat_MW": null, "Bio_MW": null, "Coal_MW": null, "Geo_MW": null, "Hydro_MW": null, "HydroPS_MW": null, "NG_MW": 1.2, "Nuclear_MW": null, "Crude_MW": null, "Solar_MW": null, "Wind_MW": null, "Other_MW": null, "Source": "EIA-860, EIA-860M and EIA-923", "Period": "202311", "Longitude": -95.72045, "Latitude": 29.803665 }, "geometry": { "type": "Point", "coordinates": [ -95.720449999972999, 29.803664999686202 ] } },
{ "type": "Feature", "properties": { "OBJECTID": 34752, "Plant_Code": 64947, "Plant_Name": "WAL5045", "Utility_ID": 64315, "Utility_Name": "Walmart Stores Texas, LLC", "sector_name": "Commercial Non-CHP", "Street_Address": "22605 Tomball Parkway", "City": "Tomball", "County": "Harris", "State": "Texas", "Zip": 77375, "PrimSource": "natural gas", "source_desc": "Natural Gas = 1.2 MW", "tech_desc": "Natural Gas Internal Combustion Engine", "Install_MW": 1.2, "Total_MW": 1.2, "Bat_MW": null, "Bio_MW": null, "Coal_MW": null, "Geo_MW": null, "Hydro_MW": null, "HydroPS_MW": null, "NG_MW": 1.2, "Nuclear_MW": null, "Crude_MW": null, "Solar_MW": null, "Wind_MW": null, "Other_MW": null, "Source": "EIA-860, EIA-860M and EIA-923", "Period": "202311", "Longitude": -95.594987, "Latitude": 30.014278 }, "geometry": { "type": "Point", "coordinates": [ -95.594986999734004, 30.014277999735 ] } },
{ "type": "Feature", "properties": { "OBJECTID": 34753, "Plant_Code": 64948, "Plant_Name": "WAL5080", "Utility_ID": 64315, "Utility_Name": "Walmart Stores Texas, LLC", "sector_name": "Commercial Non-CHP", "Street_Address": "1732 Precinct Line Rd", "City": "Hurst", "County": "Tarrant", "State": "Texas", "Zip": 76054, "PrimSource": "natural gas", "source_desc": "Natural Gas = 1.2 MW", "tech_desc": "Natural Gas Internal Combustion Engine", "Install_MW": 1.2, "Total_MW": 1.2, "Bat_MW": null, "Bio_MW": null, "Coal_MW": null, "Geo_MW": null, "Hydro_MW": null, "HydroPS_MW": null, "NG_MW": 1.2, "Nuclear_MW": null, "Crude_MW": null, "Solar_MW": null, "Wind_MW": null, "Other_MW": null, "Source": "EIA-860, EIA-860M and EIA-923", "Period": "202311", "Longitude": -97.18405, "Latitude": 32.847939 }, "geometry": { "type": "Point", "coordinates": [ -97.184049999748098, 32.847939000358501 ] } },
{ "type": "Feature", "properties": { "OBJECTID": 34754, "Plant_Code": 64949, "Plant_Name": "WAL5091", "Utility_ID": 64315, "Utility_Name": "Walmart Stores Texas, LLC", "sector_name": "Commercial Non-CHP", "Street_Address": "26270 Northwest Freeway", "City": "Cypress", "County": "Harris", "State": "Texas", "Zip": 77429, "PrimSource": "natural gas", "source_desc": "Natural Gas = 1.2 MW", "tech_desc": "Natural Gas Internal Combustion Engine", "Install_MW": 1.2, "Total_MW": 1.2, "Bat_MW": null, "Bio_MW": null, "Coal_MW": null, "Geo_MW": null, "Hydro_MW": null, "HydroPS_MW": null, "NG_MW": 1.2, "Nuclear_MW": null, "Crude_MW": null, "Solar_MW": null, "Wind_MW": null, "Other_MW": null, "Source": "EIA-860, EIA-860M and EIA-923", "Period": "202311", "Longitude": -95.697345, "Latitude": 29.975997 }, "geometry": { "type": "Point", "coordinates": [ -95.697345000285495, 29.975996999707402 ] } },
{ "type": "Feature", "properties": { "OBJECTID": 34755, "Plant_Code": 64950, "Plant_Name": "WAL5116", "Utility_ID": 64315, "Utility_Name": "Walmart Stores Texas, LLC", "sector_name": "Commercial Non-CHP", "Street_Address": "9025 Spencer Highway", "City": "Deer Park", "County": "Harris", "State": "Texas", "Zip": 77571, "PrimSource": "natural gas", "source_desc": "Natural Gas = 1.2 MW", "tech_desc": "Natural Gas Internal Combustion Engine", "Install_MW": 1.2, "Total_MW": 1.2, "Bat_MW": null, "Bio_MW": null, "Coal_MW": null, "Geo_MW": null, "Hydro_MW": null, "HydroPS_MW": null, "NG_MW": 1.2, "Nuclear_MW": null, "Crude_MW": null, "Solar_MW": null, "Wind_MW": null, "Other_MW": null, "Source": "EIA-860, EIA-860M and EIA-923", "Period": "202311", "Longitude": -95.098302, "Latitude": 29.664286 }, "geometry": { "type": "Point", "coordinates": [ -95.098301999596202, 29.664285999807699 ] } },
{ "type": "Feature", "properties": { "OBJECTID": 34756, "Plant_Code": 64951, "Plant_Name": "WAL5165", "Utility_ID": 64315, "Utility_Name": "Walmart Stores Texas, LLC", "sector_name": "Commercial Non-CHP", "Street_Address": "1421 E Frontage Rd", "City": "Alamo", "County": "Hidalgo", "State": "Texas", "Zip": 78516, "PrimSource": "natural gas", "source_desc": "Natural Gas = 1.2 MW", "tech_desc": "Natural Gas Internal Combustion Engine", "Install_MW": 1.2, "Total_MW": 1.2, "Bat_MW": null, "Bio_MW": null, "Coal_MW": null, "Geo_MW": null, "Hydro_MW": null, "HydroPS_MW": null, "NG_MW": 1.2, "Nuclear_MW": null, "Crude_MW": null, "Solar_MW": null, "Wind_MW": null, "Other_MW": null, "Source": "EIA-860, EIA-860M and EIA-923", "Period": "202311", "Longitude": -98.128306, "Latitude": 26.191785 }, "geometry": { "type": "Point", "coordinates": [ -98.128305999761693, 26.191784999633601 ] } },
{ "type": "Feature", "properties": { "OBJECTID": 34757, "Plant_Code": 64952, "Plant_Name": "WAL5211", "Utility_ID": 64315, "Utility_Name": "Walmart Stores Texas, LLC", "sector_name": "Commercial Non-CHP", "Street_Address": "5001 McKinney Ranch Parkway", "City": "McKinney", "County": "Collin", "State": "Texas", "Zip": 75070, "PrimSource": "petroleum", "source_desc": "Petroleum = 1.3 MW", "tech_desc": "Petroleum Liquids", "Install_MW": 1.3, "Total_MW": 1.3, "Bat_MW": null, "Bio_MW": null, "Coal_MW": null, "Geo_MW": null, "Hydro_MW": null, "HydroPS_MW": null, "NG_MW": null, "Nuclear_MW": null, "Crude_MW": 1.3, "Solar_MW": null, "Wind_MW": null, "Other_MW": null, "Source": "EIA-860, EIA-860M and EIA-923", "Period": "202311", "Longitude": -96.682687, "Latitude": 33.156306 }, "geometry": { "type": "Point", "coordinates": [ -96.682687000310395, 33.156305999717603 ] } },
{ "type": "Feature", "properties": { "OBJECTID": 34758, "Plant_Code": 64953, "Plant_Name": "WAL5287", "Utility_ID": 64315, "Utility_Name": "Walmart Stores Texas, LLC", "sector_name": "Commercial Non-CHP", "Street_Address": "21150 Kuykendahl Rd", "City": "Spring", "County": "Harris", "State": "Texas", "Zip": 77379, "PrimSource": "natural gas", "source_desc": "Natural Gas = 1.2 MW", "tech_desc": "Natural Gas Internal Combustion Engine", "Install_MW": 1.2, "Total_MW": 1.2, "Bat_MW": null, "Bio_MW": null, "Coal_MW": null, "Geo_MW": null, "Hydro_MW": null, "HydroPS_MW": null, "NG_MW": 1.2, "Nuclear_MW": null, "Crude_MW": null, "Solar_MW": null, "Wind_MW": null, "Other_MW": null, "Source": "EIA-860, EIA-860M and EIA-923", "Period": "202311", "Longitude": -95.51277, "Latitude": 30.077307 }, "geometry": { "type": "Point", "coordinates": [ -95.512770000403705, 30.0773070003839 ] } },
{ "type": "Feature", "properties": { "OBJECTID": 34759, "Plant_Code": 64954, "Plant_Name": "WAL5311", "Utility_ID": 64315, "Utility_Name": "Walmart Stores Texas, LLC", "sector_name": "Commercial Non-CHP", "Street_Address": "1721 N Custer Road", "City": "Mckinney", "County": "Collin", "State": "Texas", "Zip": 75071, "PrimSource": "petroleum", "source_desc": "Petroleum = 1.3 MW", "tech_desc": "Petroleum Liquids", "Install_MW": 1.3, "Total_MW": 1.3, "Bat_MW": null, "Bio_MW": null, "Coal_MW": null, "Geo_MW": null, "Hydro_MW": null, "HydroPS_MW": null, "NG_MW": null, "Nuclear_MW": null, "Crude_MW": 1.3, "Solar_MW": null, "Wind_MW": null, "Other_MW": null, "Source": "EIA-860, EIA-860M and EIA-923", "Period": "202311", "Longitude": -96.735704, "Latitude": 33.216844 }, "geometry": { "type": "Point", "coordinates": [ -96.735703999920602, 33.216843999802599 ] } },
{ "type": "Feature", "properties": { "OBJECTID": 34760, "Plant_Code": 64955, "Plant_Name": "WAL5312", "Utility_ID": 64315, "Utility_Name": "Walmart Stores Texas, LLC", "sector_name": "Commercial Non-CHP", "Street_Address": "3851 Airport Freeway", "City": "Fort Worth", "County": "Tarrant", "State": "Texas", "Zip": 76052, "PrimSource": "natural gas", "source_desc": "Natural Gas = 1.2 MW", "tech_desc": "Natural Gas Internal Combustion Engine", "Install_MW": 1.2, "Total_MW": 1.2, "Bat_MW": null, "Bio_MW": null, "Coal_MW": null, "Geo_MW": null, "Hydro_MW": null, "HydroPS_MW": null, "NG_MW": 1.2, "Nuclear_MW": null, "Crude_MW": null, "Solar_MW": null, "Wind_MW": null, "Other_MW": null, "Source": "EIA-860, EIA-860M and EIA-923", "Period": "202311", "Longitude": -97.291803, "Latitude": 32.774643 }, "geometry": { "type": "Point", "coordinates": [ -97.291802999824995, 32.774643000222198 ] } },
{ "type": "Feature", "properties": { "OBJECTID": 34761, "Plant_Code": 64956, "Plant_Name": "WAL5316", "Utility_ID": 64315, "Utility_Name": "Walmart Stores Texas, LLC", "sector_name": "Commercial Non-CHP", "Street_Address": "1401 N. Saginaw Blvd.", "City": "Saginaw", "County": "Tarrant", "State": "Texas", "Zip": 76179, "PrimSource": "natural gas", "source_desc": "Natural Gas = 1.2 MW", "tech_desc": "Natural Gas Internal Combustion Engine", "Install_MW": 1.2, "Total_MW": 1.2, "Bat_MW": null, "Bio_MW": null, "Coal_MW": null, "Geo_MW": null, "Hydro_MW": null, "HydroPS_MW": null, "NG_MW": 1.2, "Nuclear_MW": null, "Crude_MW": null, "Solar_MW": null, "Wind_MW": null, "Other_MW": null, "Source": "EIA-860, EIA-860M and EIA-923", "Period": "202311", "Longitude": -97.387586, "Latitude": 32.882111 }, "geometry": { "type": "Point", "coordinates": [ -97.387585999944903, 32.882111000253602 ] } },
{ "type": "Feature", "properties": { "OBJECTID": 34762, "Plant_Code": 64957, "Plant_Name": "WAL5388", "Utility_ID": 64315, "Utility_Name": "Walmart Stores Texas, LLC", "sector_name": "Commercial Non-CHP", "Street_Address": "1701 W. FM 646", "City": "League City", "County": "Galveston", "State": "Texas", "Zip": 77573, "PrimSource": "natural gas", "source_desc": "Natural Gas = 1.3 MW", "tech_desc": "Natural Gas Internal Combustion Engine", "Install_MW": 1.3, "Total_MW": 1.3, "Bat_MW": null, "Bio_MW": null, "Coal_MW": null, "Geo_MW": null, "Hydro_MW": null, "HydroPS_MW": null, "NG_MW": 1.3, "Nuclear_MW": null, "Crude_MW": null, "Solar_MW": null, "Wind_MW": null, "Other_MW": null, "Source": "EIA-860, EIA-860M and EIA-923", "Period": "202311", "Longitude": -95.089643, "Latitude": 29.470152 }, "geometry": { "type": "Point", "coordinates": [ -95.089643000232002, 29.470151999684798 ] } },
{ "type": "Feature", "properties": { "OBJECTID": 34763, "Plant_Code": 64958, "Plant_Name": "WAL5479", "Utility_ID": 64315, "Utility_Name": "Walmart Stores Texas, LLC", "sector_name": "Commercial Non-CHP", "Street_Address": "1548 FM 685", "City": "Pflugerville", "County": "Travis", "State": "Texas", "Zip": 78660, "PrimSource": "natural gas", "source_desc": "Natural Gas = 1.2 MW", "tech_desc": "Natural Gas Internal Combustion Engine", "Install_MW": 1.2, "Total_MW": 1.2, "Bat_MW": null, "Bio_MW": null, "Coal_MW": null, "Geo_MW": null, "Hydro_MW": null, "HydroPS_MW": null, "NG_MW": 1.2, "Nuclear_MW": null, "Crude_MW": null, "Solar_MW": null, "Wind_MW": null, "Other_MW": null, "Source": "EIA-860, EIA-860M and EIA-923", "Period": "202311", "Longitude": -97.606035, "Latitude": 30.453115 }, "geometry": { "type": "Point", "coordinates": [ -97.606035000445203, 30.453114999784301 ] } },
{ "type": "Feature", "properties": { "OBJECTID": 34764, "Plant_Code": 64959, "Plant_Name": "WAL5480", "Utility_ID": 64315, "Utility_Name": "Walmart Stores Texas, LLC", "sector_name": "Commercial Non-CHP", "Street_Address": "4700 E Palm Valley Blvd", "City": "Round Rock", "County": "Williamson", "State": "Texas", "Zip": 78665, "PrimSource": "natural gas", "source_desc": "Natural Gas = 1.2 MW", "tech_desc": "Natural Gas Internal Combustion Engine", "Install_MW": 1.2, "Total_MW": 1.2, "Bat_MW": null, "Bio_MW": null, "Coal_MW": null, "Geo_MW": null, "Hydro_MW": null, "HydroPS_MW": null, "NG_MW": 1.2, "Nuclear_MW": null, "Crude_MW": null, "Solar_MW": null, "Wind_MW": null, "Other_MW": null, "Source": "EIA-860, EIA-860M and EIA-923", "Period": "202311", "Longitude": -97.612014, "Latitude": 30.53366 }, "geometry": { "type": "Point", "coordinates": [ -97.612014000126706, 30.5336599997223 ] } },
{ "type": "Feature", "properties": { "OBJECTID": 34765, "Plant_Code": 64960, "Plant_Name": "WAL5612", "Utility_ID": 64315, "Utility_Name": "Walmart Stores Texas, LLC", "sector_name": "Commercial Non-CHP", "Street_Address": "2391 S Wayside Dr", "City": "Houston", "County": "Harris", "State": "Texas", "Zip": 77023, "PrimSource": "natural gas", "source_desc": "Natural Gas = 1.2 MW", "tech_desc": "Natural Gas Internal Combustion Engine", "Install_MW": 1.2, "Total_MW": 1.2, "Bat_MW": null, "Bio_MW": null, "Coal_MW": null, "Geo_MW": null, "Hydro_MW": null, "HydroPS_MW": null, "NG_MW": 1.2, "Nuclear_MW": null, "Crude_MW": null, "Solar_MW": null, "Wind_MW": null, "Other_MW": null, "Source": "EIA-860, EIA-860M and EIA-923", "Period": "202311", "Longitude": -95.313027, "Latitude": 29.716069 }, "geometry": { "type": "Point", "coordinates": [ -95.313026999950296, 29.716068999725699 ] } },
{ "type": "Feature", "properties": { "OBJECTID": 34766, "Plant_Code": 64961, "Plant_Name": "WAL5713", "Utility_ID": 64315, "Utility_Name": "Walmart Stores Texas, LLC", "sector_name": "Commercial Non-CHP", "Street_Address": "2615 NE Bob Bullock Loop", "City": "Laredo", "County": "Webb", "State": "Texas", "Zip": 78045, "PrimSource": "natural gas", "source_desc": "Natural Gas = 1.2 MW", "tech_desc": "Natural Gas Internal Combustion Engine", "Install_MW": 1.2, "Total_MW": 1.2, "Bat_MW": null, "Bio_MW": null, "Coal_MW": null, "Geo_MW": null, "Hydro_MW": null, "HydroPS_MW": null, "NG_MW": 1.2, "Nuclear_MW": null, "Crude_MW": null, "Solar_MW": null, "Wind_MW": null, "Other_MW": null, "Source": "EIA-860, EIA-860M and EIA-923", "Period": "202311", "Longitude": -99.462215, "Latitude": 27.610637 }, "geometry": { "type": "Point", "coordinates": [ -99.462215000259604, 27.6106370002482 ] } },
{ "type": "Feature", "properties": { "OBJECTID": 34767, "Plant_Code": 64962, "Plant_Name": "WAL5764", "Utility_ID": 64315, "Utility_Name": "Walmart Stores Texas, LLC", "sector_name": "Commercial Non-CHP", "Street_Address": "2401 Avondale Haslet Rd", "City": "Fort Worth", "County": "Tarrant", "State": "Texas", "Zip": 76052, "PrimSource": "natural gas", "source_desc": "Natural Gas = 1.2 MW", "tech_desc": "Natural Gas Internal Combustion Engine", "Install_MW": 1.2, "Total_MW": 1.2, "Bat_MW": null, "Bio_MW": null, "Coal_MW": null, "Geo_MW": null, "Hydro_MW": null, "HydroPS_MW": null, "NG_MW": 1.2, "Nuclear_MW": null, "Crude_MW": null, "Solar_MW": null, "Wind_MW": null, "Other_MW": null, "Source": "EIA-860, EIA-860M and EIA-923", "Period": "202311", "Longitude": -97.411976, "Latitude": 32.967341 }, "geometry": { "type": "Point", "coordinates": [ -97.411976000120504, 32.967341000217402 ] } },
{ "type": "Feature", "properties": { "OBJECTID": 34768, "Plant_Code": 64963, "Plant_Name": "WAL6929", "Utility_ID": 64315, "Utility_Name": "Walmart Stores Texas, LLC", "sector_name": "Commercial Non-CHP", "Street_Address": "6801 W Adams Ave", "City": "Temple", "County": "Bell", "State": "Texas", "Zip": 76502, "PrimSource": "natural gas", "source_desc": "Natural Gas = 1.2 MW", "tech_desc": "Natural Gas Internal Combustion Engine", "Install_MW": 1.2, "Total_MW": 1.2, "Bat_MW": null, "Bio_MW": null, "Coal_MW": null, "Geo_MW": null, "Hydro_MW": null, "HydroPS_MW": null, "NG_MW": 1.2, "Nuclear_MW": null, "Crude_MW": null, "Solar_MW": null, "Wind_MW": null, "Other_MW": null, "Source": "EIA-860, EIA-860M and EIA-923", "Period": "202311", "Longitude": -97.414441, "Latitude": 31.11497 }, "geometry": { "type": "Point", "coordinates": [ -97.414440999717996, 31.1149699999843 ] } },
{ "type": "Feature", "properties": { "OBJECTID": 34809, "Plant_Code": 65026, "Plant_Name": "HEB00292", "Utility_ID": 64449, "Utility_Name": "Texas Microgrid, LLC", "sector_name": "IPP Non-CHP", "Street_Address": "2700 7th St.", "City": "Bay City", "County": "Matagorda", "State": "Texas", "Zip": 77414, "PrimSource": "natural gas", "source_desc": "Natural Gas = 1.2 MW", "tech_desc": "Natural Gas Internal Combustion Engine", "Install_MW": 1.2, "Total_MW": 1.2, "Bat_MW": null, "Bio_MW": null, "Coal_MW": null, "Geo_MW": null, "Hydro_MW": null, "HydroPS_MW": null, "NG_MW": 1.2, "Nuclear_MW": null, "Crude_MW": null, "Solar_MW": null, "Wind_MW": null, "Other_MW": null, "Source": "EIA-860, EIA-860M and EIA-923", "Period": "202311", "Longitude": -95.958458, "Latitude": 28.982463 }, "geometry": { "type": "Point", "coordinates": [ -95.958458000289895, 28.9824630002391 ] } },
{ "type": "Feature", "properties": { "OBJECTID": 34811, "Plant_Code": 65028, "Plant_Name": "Roseland Solar Project, LLC", "Utility_ID": 64438, "Utility_Name": "Enel Green Power Roseland Solar, LLC", "sector_name": "IPP Non-CHP", "Street_Address": "309 FM 2603", "City": "Riesel", "County": "Falls", "State": "Texas", "Zip": 76682, "PrimSource": "solar", "source_desc": "Battery = 59.1 MW, Solar = 500 MW", "tech_desc": "Batteries; Solar Photovoltaic;", "Install_MW": 559.1, "Total_MW": 559.1, "Bat_MW": 59.1, "Bio_MW": null, "Coal_MW": null, "Geo_MW": null, "Hydro_MW": null, "HydroPS_MW": null, "NG_MW": null, "Nuclear_MW": null, "Crude_MW": null, "Solar_MW": 500.0, "Wind_MW": null, "Other_MW": null, "Source": "EIA-860, EIA-860M and EIA-923", "Period": "202311", "Longitude": -96.82436, "Latitude": 31.459606 }, "geometry": { "type": "Point", "coordinates": [ -96.824360000138299, 31.4596059997846 ] } },
{ "type": "Feature", "properties": { "OBJECTID": 34825, "Plant_Code": 65048, "Plant_Name": "Hubbard Wind", "Utility_ID": 64468, "Utility_Name": "Hubbard Wind LLC", "sector_name": "IPP Non-CHP", "Street_Address": "1023 HCR 3363", "City": "Mt Calm", "County": "Limestone", "State": "Texas", "Zip": 76648, "PrimSource": "wind", "source_desc": "Wind = 300 MW", "tech_desc": "Onshore Wind Turbine", "Install_MW": 300.0, "Total_MW": 300.0, "Bat_MW": null, "Bio_MW": null, "Coal_MW": null, "Geo_MW": null, "Hydro_MW": null, "HydroPS_MW": null, "NG_MW": null, "Nuclear_MW": null, "Crude_MW": null, "Solar_MW": null, "Wind_MW": 300.0, "Other_MW": null, "Source": "EIA-860, EIA-860M and EIA-923", "Period": "202311", "Longitude": -96.828196, "Latitude": 31.77471 }, "geometry": { "type": "Point", "coordinates": [ -96.8281960004376, 31.7747100001577 ] } },
{ "type": "Feature", "properties": { "OBJECTID": 34836, "Plant_Code": 65070, "Plant_Name": "Austin TX GigaFactory", "Utility_ID": 60947, "Utility_Name": "Tesla Inc.", "sector_name": "Industrial Non-CHP", "Street_Address": "13101 Harold Green Rd", "City": "Austin", "County": "Travis", "State": "Texas", "Zip": 78725, "PrimSource": "solar", "source_desc": "Solar = 1.9 MW", "tech_desc": "Solar Photovoltaic", "Install_MW": 1.9, "Total_MW": 1.9, "Bat_MW": null, "Bio_MW": null, "Coal_MW": null, "Geo_MW": null, "Hydro_MW": null, "HydroPS_MW": null, "NG_MW": null, "Nuclear_MW": null, "Crude_MW": null, "Solar_MW": 1.9, "Wind_MW": null, "Other_MW": null, "Source": "EIA-860, EIA-860M and EIA-923", "Period": "202311", "Longitude": -97.61968, "Latitude": 30.22021 }, "geometry": { "type": "Point", "coordinates": [ -97.619679999979198, 30.220210000302899 ] } },
{ "type": "Feature", "properties": { "OBJECTID": 34885, "Plant_Code": 65162, "Plant_Name": "Lacy Creek Wind Energy Center", "Utility_ID": 64533, "Utility_Name": "Lacy Creek Wind, LLC", "sector_name": "IPP Non-CHP", "Street_Address": "101 Private Road 207", "City": "Sterling City", "County": "Sterling", "State": "Texas", "Zip": 76951, "PrimSource": "wind", "source_desc": "Wind = 301.3 MW", "tech_desc": "Onshore Wind Turbine", "Install_MW": 301.3, "Total_MW": 301.3, "Bat_MW": null, "Bio_MW": null, "Coal_MW": null, "Geo_MW": null, "Hydro_MW": null, "HydroPS_MW": null, "NG_MW": null, "Nuclear_MW": null, "Crude_MW": null, "Solar_MW": null, "Wind_MW": 301.3, "Other_MW": null, "Source": "EIA-860, EIA-860M and EIA-923", "Period": "202311", "Longitude": -101.29894, "Latitude": 31.729906 }, "geometry": { "type": "Point", "coordinates": [ -101.298940000014994, 31.729905999772399 ] } },
{ "type": "Feature", "properties": { "OBJECTID": 34956, "Plant_Code": 65259, "Plant_Name": "Byrd Ranch Storage", "Utility_ID": 64564, "Utility_Name": "Byrd Ranch Storage LLC", "sector_name": "IPP Non-CHP", "Street_Address": "TBD FM 1459", "City": "Sweeny", "County": "Brazoria", "State": "Texas", "Zip": 77480, "PrimSource": "batteries", "source_desc": "Battery = 50 MW", "tech_desc": "Batteries", "Install_MW": 50.0, "Total_MW": 50.0, "Bat_MW": 50.0, "Bio_MW": null, "Coal_MW": null, "Geo_MW": null, "Hydro_MW": null, "HydroPS_MW": null, "NG_MW": null, "Nuclear_MW": null, "Crude_MW": null, "Solar_MW": null, "Wind_MW": null, "Other_MW": null, "Source": "EIA-860, EIA-860M and EIA-923", "Period": "202311", "Longitude": -95.686, "Latitude": 29.056 }, "geometry": { "type": "Point", "coordinates": [ -95.685999999594202, 29.056000000033599 ] } },
{ "type": "Feature", "properties": { "OBJECTID": 34957, "Plant_Code": 65261, "Plant_Name": "HEB00020", "Utility_ID": 64449, "Utility_Name": "Texas Microgrid, LLC", "sector_name": "IPP Non-CHP", "Street_Address": "24224 NW Freeway", "City": "Cypress", "County": "Harris", "State": "Texas", "Zip": 77429, "PrimSource": "natural gas", "source_desc": "Natural Gas = 1.2 MW", "tech_desc": "Natural Gas Internal Combustion Engine", "Install_MW": 1.2, "Total_MW": 1.2, "Bat_MW": null, "Bio_MW": null, "Coal_MW": null, "Geo_MW": null, "Hydro_MW": null, "HydroPS_MW": null, "NG_MW": 1.2, "Nuclear_MW": null, "Crude_MW": null, "Solar_MW": null, "Wind_MW": null, "Other_MW": null, "Source": "EIA-860, EIA-860M and EIA-923", "Period": "202311", "Longitude": -95.744444, "Latitude": 29.992502 }, "geometry": { "type": "Point", "coordinates": [ -95.744444000313507, 29.9925019998343 ] } },
{ "type": "Feature", "properties": { "OBJECTID": 34958, "Plant_Code": 65262, "Plant_Name": "HEB00028", "Utility_ID": 64449, "Utility_Name": "Texas Microgrid, LLC", "sector_name": "IPP Non-CHP", "Street_Address": "2955 South Gulf Freeway", "City": "League City", "County": "Galveston", "State": "Texas", "Zip": 77573, "PrimSource": "natural gas", "source_desc": "Natural Gas = 1.2 MW", "tech_desc": "Natural Gas Internal Combustion Engine", "Install_MW": 1.2, "Total_MW": 1.2, "Bat_MW": null, "Bio_MW": null, "Coal_MW": null, "Geo_MW": null, "Hydro_MW": null, "HydroPS_MW": null, "NG_MW": 1.2, "Nuclear_MW": null, "Crude_MW": null, "Solar_MW": null, "Wind_MW": null, "Other_MW": null, "Source": "EIA-860, EIA-860M and EIA-923", "Period": "202311", "Longitude": -95.09527, "Latitude": 29.466105 }, "geometry": { "type": "Point", "coordinates": [ -95.095269999560998, 29.466105000196901 ] } },
{ "type": "Feature", "properties": { "OBJECTID": 34959, "Plant_Code": 65263, "Plant_Name": "HEB00038", "Utility_ID": 64449, "Utility_Name": "Texas Microgrid, LLC", "sector_name": "IPP Non-CHP", "Street_Address": "901 West Expressway 83", "City": "San Juan", "County": "Hidalgo", "State": "Texas", "Zip": 78589, "PrimSource": "natural gas", "source_desc": "Natural Gas = 1.2 MW", "tech_desc": "Natural Gas Internal Combustion Engine", "Install_MW": 1.2, "Total_MW": 1.2, "Bat_MW": null, "Bio_MW": null, "Coal_MW": null, "Geo_MW": null, "Hydro_MW": null, "HydroPS_MW": null, "NG_MW": 1.2, "Nuclear_MW": null, "Crude_MW": null, "Solar_MW": null, "Wind_MW": null, "Other_MW": null, "Source": "EIA-860, EIA-860M and EIA-923", "Period": "202311", "Longitude": -98.164666, "Latitude": 26.202647 }, "geometry": { "type": "Point", "coordinates": [ -98.164665999894197, 26.2026470003699 ] } },
{ "type": "Feature", "properties": { "OBJECTID": 34960, "Plant_Code": 65264, "Plant_Name": "HEB00054", "Utility_ID": 64449, "Utility_Name": "Texas Microgrid, LLC", "sector_name": "IPP Non-CHP", "Street_Address": "9828 Blackhawk Boulevard", "City": "Houston", "County": "Harris", "State": "Texas", "Zip": 77075, "PrimSource": "natural gas", "source_desc": "Natural Gas = 1.2 MW", "tech_desc": "Natural Gas Internal Combustion Engine", "Install_MW": 1.2, "Total_MW": 1.2, "Bat_MW": null, "Bio_MW": null, "Coal_MW": null, "Geo_MW": null, "Hydro_MW": null, "HydroPS_MW": null, "NG_MW": 1.2, "Nuclear_MW": null, "Crude_MW": null, "Solar_MW": null, "Wind_MW": null, "Other_MW": null, "Source": "EIA-860, EIA-860M and EIA-923", "Period": "202311", "Longitude": -95.250237, "Latitude": 29.601653 }, "geometry": { "type": "Point", "coordinates": [ -95.250237000192001, 29.601653000275402 ] } },
{ "type": "Feature", "properties": { "OBJECTID": 34961, "Plant_Code": 65265, "Plant_Name": "HEB00057", "Utility_ID": 64449, "Utility_Name": "Texas Microgrid, LLC", "sector_name": "IPP Non-CHP", "Street_Address": "1145 Waldron Rd.", "City": "Corpus Christi", "County": "Nueces", "State": "Texas", "Zip": 78418, "PrimSource": "natural gas", "source_desc": "Natural Gas = 1.2 MW", "tech_desc": "Natural Gas Internal Combustion Engine", "Install_MW": 1.2, "Total_MW": 1.2, "Bat_MW": null, "Bio_MW": null, "Coal_MW": null, "Geo_MW": null, "Hydro_MW": null, "HydroPS_MW": null, "NG_MW": 1.2, "Nuclear_MW": null, "Crude_MW": null, "Solar_MW": null, "Wind_MW": null, "Other_MW": null, "Source": "EIA-860, EIA-860M and EIA-923", "Period": "202311", "Longitude": -97.28064, "Latitude": 27.665051 }, "geometry": { "type": "Point", "coordinates": [ -97.280639999606905, 27.665050999935499 ] } },
{ "type": "Feature", "properties": { "OBJECTID": 34962, "Plant_Code": 65266, "Plant_Name": "HEB00070", "Utility_ID": 64449, "Utility_Name": "Texas Microgrid, LLC", "sector_name": "IPP Non-CHP", "Street_Address": "1345 Barrow", "City": "Abilene", "County": "Taylor", "State": "Texas", "Zip": 79605, "PrimSource": "natural gas", "source_desc": "Natural Gas = 1.2 MW", "tech_desc": "Natural Gas Internal Combustion Engine", "Install_MW": 1.2, "Total_MW": 1.2, "Bat_MW": null, "Bio_MW": null, "Coal_MW": null, "Geo_MW": null, "Hydro_MW": null, "HydroPS_MW": null, "NG_MW": 1.2, "Nuclear_MW": null, "Crude_MW": null, "Solar_MW": null, "Wind_MW": null, "Other_MW": null, "Source": "EIA-860, EIA-860M and EIA-923", "Period": "202311", "Longitude": -99.758324, "Latitude": 32.433318 }, "geometry": { "type": "Point", "coordinates": [ -99.758324000265901, 32.433317999949999 ] } },
{ "type": "Feature", "properties": { "OBJECTID": 34963, "Plant_Code": 65267, "Plant_Name": "HEB00099", "Utility_ID": 64449, "Utility_Name": "Texas Microgrid, LLC", "sector_name": "IPP Non-CHP", "Street_Address": "10919 Louetta Road", "City": "Houston", "County": "Harris", "State": "Texas", "Zip": 77070, "PrimSource": "natural gas", "source_desc": "Natural Gas = 1.2 MW", "tech_desc": "Natural Gas Internal Combustion Engine", "Install_MW": 1.2, "Total_MW": 1.2, "Bat_MW": null, "Bio_MW": null, "Coal_MW": null, "Geo_MW": null, "Hydro_MW": null, "HydroPS_MW": null, "NG_MW": 1.2, "Nuclear_MW": null, "Crude_MW": null, "Solar_MW": null, "Wind_MW": null, "Other_MW": null, "Source": "EIA-860, EIA-860M and EIA-923", "Period": "202311", "Longitude": -95.576602, "Latitude": 29.995329 }, "geometry": { "type": "Point", "coordinates": [ -95.5766020000775, 29.995328999719501 ] } },
{ "type": "Feature", "properties": { "OBJECTID": 34964, "Plant_Code": 65268, "Plant_Name": "HEB00109", "Utility_ID": 64449, "Utility_Name": "Texas Microgrid, LLC", "sector_name": "IPP Non-CHP", "Street_Address": "9710 Katy Freeway", "City": "Katy", "County": "Harris", "State": "Texas", "Zip": 77055, "PrimSource": "natural gas", "source_desc": "Natural Gas = 1.2 MW", "tech_desc": "Natural Gas Internal Combustion Engine", "Install_MW": 1.2, "Total_MW": 1.2, "Bat_MW": null, "Bio_MW": null, "Coal_MW": null, "Geo_MW": null, "Hydro_MW": null, "HydroPS_MW": null, "NG_MW": 1.2, "Nuclear_MW": null, "Crude_MW": null, "Solar_MW": null, "Wind_MW": null, "Other_MW": null, "Source": "EIA-860, EIA-860M and EIA-923", "Period": "202311", "Longitude": -95.539403, "Latitude": 29.786159 }, "geometry": { "type": "Point", "coordinates": [ -95.539403000419, 29.786158999738401 ] } },
{ "type": "Feature", "properties": { "OBJECTID": 34965, "Plant_Code": 65269, "Plant_Name": "HEB00110", "Utility_ID": 64449, "Utility_Name": "Texas Microgrid, LLC", "sector_name": "IPP Non-CHP", "Street_Address": "8900 Highway 6", "City": "Missouri City", "County": "Fort Bend", "State": "Texas", "Zip": 77459, "PrimSource": "natural gas", "source_desc": "Natural Gas = 1.2 MW", "tech_desc": "Natural Gas Internal Combustion Engine", "Install_MW": 1.2, "Total_MW": 1.2, "Bat_MW": null, "Bio_MW": null, "Coal_MW": null, "Geo_MW": null, "Hydro_MW": null, "HydroPS_MW": null, "NG_MW": 1.2, "Nuclear_MW": null, "Crude_MW": null, "Solar_MW": null, "Wind_MW": null, "Other_MW": null, "Source": "EIA-860, EIA-860M and EIA-923", "Period": "202311", "Longitude": -95.53628, "Latitude": 29.53658 }, "geometry": { "type": "Point", "coordinates": [ -95.5362800001473, 29.536580000337999 ] } },
{ "type": "Feature", "properties": { "OBJECTID": 34966, "Plant_Code": 65271, "Plant_Name": "Noble Solar", "Utility_ID": 64568, "Utility_Name": "BT Noble Solar, LLC", "sector_name": "IPP Non-CHP", "Street_Address": "9630 Doyle Rd", "City": "Krum", "County": "Denton", "State": "Texas", "Zip": 76249, "PrimSource": "solar", "source_desc": "Battery = 125 MW, Solar = 275 MW", "tech_desc": "Batteries; Solar Photovoltaic;", "Install_MW": 400.0, "Total_MW": 400.0, "Bat_MW": 125.0, "Bio_MW": null, "Coal_MW": null, "Geo_MW": null, "Hydro_MW": null, "HydroPS_MW": null, "NG_MW": null, "Nuclear_MW": null, "Crude_MW": null, "Solar_MW": 275.0, "Wind_MW": null, "Other_MW": null, "Source": "EIA-860, EIA-860M and EIA-923", "Period": "202311", "Longitude": -97.238057, "Latitude": 33.261505 }, "geometry": { "type": "Point", "coordinates": [ -97.238057000293693, 33.261504999832901 ] } },
{ "type": "Feature", "properties": { "OBJECTID": 34967, "Plant_Code": 65274, "Plant_Name": "HEB00182", "Utility_ID": 64449, "Utility_Name": "Texas Microgrid, LLC", "sector_name": "IPP Non-CHP", "Street_Address": "3002 S. 31st St.", "City": "Temple", "County": "Bell", "State": "Texas", "Zip": 76502, "PrimSource": "natural gas", "source_desc": "Natural Gas = 1.2 MW", "tech_desc": "Natural Gas Internal Combustion Engine", "Install_MW": 1.2, "Total_MW": 1.2, "Bat_MW": null, "Bio_MW": null, "Coal_MW": null, "Geo_MW": null, "Hydro_MW": null, "HydroPS_MW": null, "NG_MW": 1.2, "Nuclear_MW": null, "Crude_MW": null, "Solar_MW": null, "Wind_MW": null, "Other_MW": null, "Source": "EIA-860, EIA-860M and EIA-923", "Period": "202311", "Longitude": -97.370901, "Latitude": 31.07212 }, "geometry": { "type": "Point", "coordinates": [ -97.370900999979796, 31.0721199998587 ] } },
{ "type": "Feature", "properties": { "OBJECTID": 34986, "Plant_Code": 65303, "Plant_Name": "Sun Valley Solar Project", "Utility_ID": 64608, "Utility_Name": "Sun Valley Solar LLC", "sector_name": "IPP Non-CHP", "Street_Address": "884 HCR 3110 S", "City": "Abbott", "County": "Hill", "State": "Texas", "Zip": 76621, "PrimSource": "solar", "source_desc": "Solar = 250 MW", "tech_desc": "Solar Photovoltaic", "Install_MW": 250.0, "Total_MW": 250.0, "Bat_MW": null, "Bio_MW": null, "Coal_MW": null, "Geo_MW": null, "Hydro_MW": null, "HydroPS_MW": null, "NG_MW": null, "Nuclear_MW": null, "Crude_MW": null, "Solar_MW": 250.0, "Wind_MW": null, "Other_MW": null, "Source": "EIA-860, EIA-860M and EIA-923", "Period": "202311", "Longitude": -97.01498, "Latitude": 31.86976 }, "geometry": { "type": "Point", "coordinates": [ -97.014979999823794, 31.8697599998908 ] } },
{ "type": "Feature", "properties": { "OBJECTID": 34989, "Plant_Code": 65306, "Plant_Name": "Limestone Wind Project", "Utility_ID": 64611, "Utility_Name": "Limestone Wind Project, LLC", "sector_name": "IPP Non-CHP", "Street_Address": "TBD", "City": "Coolidge", "County": "Navarro", "State": "Texas", "Zip": 76635, "PrimSource": "wind", "source_desc": "Wind = 299.2 MW", "tech_desc": "Onshore Wind Turbine", "Install_MW": 299.2, "Total_MW": 299.2, "Bat_MW": null, "Bio_MW": null, "Coal_MW": null, "Geo_MW": null, "Hydro_MW": null, "HydroPS_MW": null, "NG_MW": null, "Nuclear_MW": null, "Crude_MW": null, "Solar_MW": null, "Wind_MW": 299.2, "Other_MW": null, "Source": "EIA-860, EIA-860M and EIA-923", "Period": "202311", "Longitude": -96.624458, "Latitude": 31.85346 }, "geometry": { "type": "Point", "coordinates": [ -96.624457999676196, 31.853459999801199 ] } },
{ "type": "Feature", "properties": { "OBJECTID": 35005, "Plant_Code": 65333, "Plant_Name": "Shakes Solar", "Utility_ID": 61060, "Utility_Name": "Cypress Creek Renewables", "sector_name": "IPP Non-CHP", "Street_Address": "8499 Texas state HWY 85", "City": "Carrizo Springs", "County": "Dimmit", "State": "Texas", "Zip": 78827, "PrimSource": "solar", "source_desc": "Solar = 200 MW", "tech_desc": "Solar Photovoltaic", "Install_MW": 200.0, "Total_MW": 200.0, "Bat_MW": null, "Bio_MW": null, "Coal_MW": null, "Geo_MW": null, "Hydro_MW": null, "HydroPS_MW": null, "NG_MW": null, "Nuclear_MW": null, "Crude_MW": null, "Solar_MW": 200.0, "Wind_MW": null, "Other_MW": null, "Source": "EIA-860, EIA-860M and EIA-923", "Period": "202311", "Longitude": -99.75582, "Latitude": 28.44208 }, "geometry": { "type": "Point", "coordinates": [ -99.755820000310294, 28.442080000233101 ] } },
{ "type": "Feature", "properties": { "OBJECTID": 35006, "Plant_Code": 65335, "Plant_Name": "Appaloosa Run Wind", "Utility_ID": 64655, "Utility_Name": "Appaloosa Run Wind, LLC", "sector_name": "IPP Non-CHP", "Street_Address": "6717 County Rd 220", "City": "Rankin", "County": "Upton", "State": "Texas", "Zip": 79778, "PrimSource": "wind", "source_desc": "Wind = 171.8 MW", "tech_desc": "Onshore Wind Turbine", "Install_MW": 171.8, "Total_MW": 171.8, "Bat_MW": null, "Bio_MW": null, "Coal_MW": null, "Geo_MW": null, "Hydro_MW": null, "HydroPS_MW": null, "NG_MW": null, "Nuclear_MW": null, "Crude_MW": null, "Solar_MW": null, "Wind_MW": 171.8, "Other_MW": null, "Source": "EIA-860, EIA-860M and EIA-923", "Period": "202311", "Longitude": -101.831603, "Latitude": 31.157269 }, "geometry": { "type": "Point", "coordinates": [ -101.831602999794995, 31.1572690003517 ] } },
{ "type": "Feature", "properties": { "OBJECTID": 35030, "Plant_Code": 65372, "Plant_Name": "Mark One Power Station", "Utility_ID": 63082, "Utility_Name": "ProEnergy Services", "sector_name": "IPP Non-CHP", "Street_Address": "24420 CR 48", "City": "Angleton", "County": "Brazoria", "State": "Texas", "Zip": 77515, "PrimSource": "natural gas", "source_desc": "Natural Gas = 267.6 MW", "tech_desc": "Natural Gas Fired Combustion Turbine", "Install_MW": 363.0, "Total_MW": 267.6, "Bat_MW": null, "Bio_MW": null, "Coal_MW": null, "Geo_MW": null, "Hydro_MW": null, "HydroPS_MW": null, "NG_MW": 267.6, "Nuclear_MW": null, "Crude_MW": null, "Solar_MW": null, "Wind_MW": null, "Other_MW": null, "Source": "EIA-860, EIA-860M and EIA-923", "Period": "202311", "Longitude": -95.430756, "Latitude": 29.227109 }, "geometry": { "type": "Point", "coordinates": [ -95.430755999666403, 29.2271090002073 ] } },
{ "type": "Feature", "properties": { "OBJECTID": 35031, "Plant_Code": 65373, "Plant_Name": "Brotman Power Station", "Utility_ID": 63082, "Utility_Name": "ProEnergy Services", "sector_name": "IPP Non-CHP", "Street_Address": "1920 CR 52", "City": "Rosharon", "County": "Brazoria", "State": "Texas", "Zip": 77583, "PrimSource": "natural gas", "source_desc": "Natural Gas = 267.6 MW", "tech_desc": "Natural Gas Fired Combustion Turbine", "Install_MW": 363.0, "Total_MW": 267.6, "Bat_MW": null, "Bio_MW": null, "Coal_MW": null, "Geo_MW": null, "Hydro_MW": null, "HydroPS_MW": null, "NG_MW": 267.6, "Nuclear_MW": null, "Crude_MW": null, "Solar_MW": null, "Wind_MW": null, "Other_MW": null, "Source": "EIA-860, EIA-860M and EIA-923", "Period": "202311", "Longitude": -95.435068, "Latitude": 29.364128 }, "geometry": { "type": "Point", "coordinates": [ -95.435068000166694, 29.364128000314601 ] } },
{ "type": "Feature", "properties": { "OBJECTID": 35055, "Plant_Code": 65410, "Plant_Name": "Cunningham Storage", "Utility_ID": 57416, "Utility_Name": "Acciona Energy USA Global, LLC", "sector_name": "IPP Non-CHP", "Street_Address": "County Rd 3508", "City": "Quinlan", "County": "Hunt", "State": "Texas", "Zip": 75474, "PrimSource": "batteries", "source_desc": "Battery = 190 MW", "tech_desc": "Batteries", "Install_MW": 190.0, "Total_MW": 190.0, "Bat_MW": 190.0, "Bio_MW": null, "Coal_MW": null, "Geo_MW": null, "Hydro_MW": null, "HydroPS_MW": null, "NG_MW": null, "Nuclear_MW": null, "Crude_MW": null, "Solar_MW": null, "Wind_MW": null, "Other_MW": null, "Source": "EIA-860, EIA-860M and EIA-923", "Period": "202311", "Longitude": -96.075913, "Latitude": 33.004305 }, "geometry": { "type": "Point", "coordinates": [ -96.075913000369596, 33.004305000128603 ] } },
{ "type": "Feature", "properties": { "OBJECTID": 35134, "Plant_Code": 65521, "Plant_Name": "Longbow Solar, LLC", "Utility_ID": 64802, "Utility_Name": "Longbow Solar, LLC", "sector_name": "IPP Non-CHP", "Street_Address": "9181 CR 196", "City": "Liverpool", "County": "Brazoria", "State": "Texas", "Zip": 77577, "PrimSource": "solar", "source_desc": "Solar = 78.1 MW", "tech_desc": "Solar Photovoltaic", "Install_MW": 78.1, "Total_MW": 78.1, "Bat_MW": null, "Bio_MW": null, "Coal_MW": null, "Geo_MW": null, "Hydro_MW": null, "HydroPS_MW": null, "NG_MW": null, "Nuclear_MW": null, "Crude_MW": null, "Solar_MW": 78.1, "Wind_MW": null, "Other_MW": null, "Source": "EIA-860, EIA-860M and EIA-923", "Period": "202311", "Longitude": -95.298609, "Latitude": 29.289809 }, "geometry": { "type": "Point", "coordinates": [ -95.298609000114297, 29.2898089998404 ] } },
{ "type": "Feature", "properties": { "OBJECTID": 35143, "Plant_Code": 65535, "Plant_Name": "Bakke", "Utility_ID": 64812, "Utility_Name": "Power Depot Group A, LLC", "sector_name": "IPP Non-CHP", "Street_Address": "1496 S US 385", "City": "Andrews", "County": "Andrews", "State": "Texas", "Zip": 79714, "PrimSource": "petroleum", "source_desc": "Petroleum = 7.5 MW", "tech_desc": "Petroleum Liquids", "Install_MW": 9.0, "Total_MW": 7.5, "Bat_MW": null, "Bio_MW": null, "Coal_MW": null, "Geo_MW": null, "Hydro_MW": null, "HydroPS_MW": null, "NG_MW": null, "Nuclear_MW": null, "Crude_MW": 7.5, "Solar_MW": null, "Wind_MW": null, "Other_MW": null, "Source": "EIA-860, EIA-860M and EIA-923", "Period": "202311", "Longitude": -102.54, "Latitude": 32.295946 }, "geometry": { "type": "Point", "coordinates": [ -102.539999999619994, 32.295946000318999 ] } },
{ "type": "Feature", "properties": { "OBJECTID": 35144, "Plant_Code": 65536, "Plant_Name": "Citrus City", "Utility_ID": 64812, "Utility_Name": "Power Depot Group A, LLC", "sector_name": "IPP Non-CHP", "Street_Address": "3501 W. Mile 7 Road", "City": "Mission", "County": "Hidalgo", "State": "Texas", "Zip": 78574, "PrimSource": "petroleum", "source_desc": "Petroleum = 7.5 MW", "tech_desc": "Petroleum Liquids", "Install_MW": 9.0, "Total_MW": 7.5, "Bat_MW": null, "Bio_MW": null, "Coal_MW": null, "Geo_MW": null, "Hydro_MW": null, "HydroPS_MW": null, "NG_MW": null, "Nuclear_MW": null, "Crude_MW": 7.5, "Solar_MW": null, "Wind_MW": null, "Other_MW": null, "Source": "EIA-860, EIA-860M and EIA-923", "Period": "202311", "Longitude": -98.351744, "Latitude": 26.320997 }, "geometry": { "type": "Point", "coordinates": [ -98.351743999906603, 26.320997000023802 ] } },
{ "type": "Feature", "properties": { "OBJECTID": 35145, "Plant_Code": 65537, "Plant_Name": "Clara", "Utility_ID": 64812, "Utility_Name": "Power Depot Group A, LLC", "sector_name": "IPP Non-CHP", "Street_Address": "5415 Clara Road", "City": "Houston", "County": "Harris", "State": "Texas", "Zip": 77041, "PrimSource": "petroleum", "source_desc": "Petroleum = 7.5 MW", "tech_desc": "Petroleum Liquids", "Install_MW": 9.0, "Total_MW": 7.5, "Bat_MW": null, "Bio_MW": null, "Coal_MW": null, "Geo_MW": null, "Hydro_MW": null, "HydroPS_MW": null, "NG_MW": null, "Nuclear_MW": null, "Crude_MW": 7.5, "Solar_MW": null, "Wind_MW": null, "Other_MW": null, "Source": "EIA-860, EIA-860M and EIA-923", "Period": "202311", "Longitude": -95.553945, "Latitude": 29.845265 }, "geometry": { "type": "Point", "coordinates": [ -95.553945000103596, 29.845264999628299 ] } },
{ "type": "Feature", "properties": { "OBJECTID": 35146, "Plant_Code": 65538, "Plant_Name": "Cutten", "Utility_ID": 64812, "Utility_Name": "Power Depot Group A, LLC", "sector_name": "IPP Non-CHP", "Street_Address": "12309 Cutten Road", "City": "Houston", "County": "Harris", "State": "Texas", "Zip": 77066, "PrimSource": "petroleum", "source_desc": "Petroleum = 7.5 MW", "tech_desc": "Petroleum Liquids", "Install_MW": 9.0, "Total_MW": 7.5, "Bat_MW": null, "Bio_MW": null, "Coal_MW": null, "Geo_MW": null, "Hydro_MW": null, "HydroPS_MW": null, "NG_MW": null, "Nuclear_MW": null, "Crude_MW": 7.5, "Solar_MW": null, "Wind_MW": null, "Other_MW": null, "Source": "EIA-860, EIA-860M and EIA-923", "Period": "202311", "Longitude": -95.527643, "Latitude": 29.956811 }, "geometry": { "type": "Point", "coordinates": [ -95.527642999626096, 29.9568110000505 ] } },
{ "type": "Feature", "properties": { "OBJECTID": 35147, "Plant_Code": 65539, "Plant_Name": "E. Porte Ct.", "Utility_ID": 64812, "Utility_Name": "Power Depot Group A, LLC", "sector_name": "IPP Non-CHP", "Street_Address": "121 E. Porte Court", "City": "Harlingen", "County": "Cameron", "State": "Texas", "Zip": 78550, "PrimSource": "petroleum", "source_desc": "Petroleum = 7.5 MW", "tech_desc": "Petroleum Liquids", "Install_MW": 9.0, "Total_MW": 7.5, "Bat_MW": null, "Bio_MW": null, "Coal_MW": null, "Geo_MW": null, "Hydro_MW": null, "HydroPS_MW": null, "NG_MW": null, "Nuclear_MW": null, "Crude_MW": 7.5, "Solar_MW": null, "Wind_MW": null, "Other_MW": null, "Source": "EIA-860, EIA-860M and EIA-923", "Period": "202311", "Longitude": -97.664239, "Latitude": 26.19208 }, "geometry": { "type": "Point", "coordinates": [ -97.6642390000668, 26.192080000345701 ] } },
{ "type": "Feature", "properties": { "OBJECTID": 35148, "Plant_Code": 65540, "Plant_Name": "Frankel", "Utility_ID": 64812, "Utility_Name": "Power Depot Group A, LLC", "sector_name": "IPP Non-CHP", "Street_Address": "6066 W. FM 1967", "City": "Andrews", "County": "Andrews", "State": "Texas", "Zip": 79714, "PrimSource": "petroleum", "source_desc": "Petroleum = 7.5 MW", "tech_desc": "Petroleum Liquids", "Install_MW": 9.0, "Total_MW": 7.5, "Bat_MW": null, "Bio_MW": null, "Coal_MW": null, "Geo_MW": null, "Hydro_MW": null, "HydroPS_MW": null, "NG_MW": null, "Nuclear_MW": null, "Crude_MW": 7.5, "Solar_MW": null, "Wind_MW": null, "Other_MW": null, "Source": "EIA-860, EIA-860M and EIA-923", "Period": "202311", "Longitude": -102.78282, "Latitude": 32.381434 }, "geometry": { "type": "Point", "coordinates": [ -102.78282000003, 32.381434000357999 ] } },
{ "type": "Feature", "properties": { "OBJECTID": 35149, "Plant_Code": 65541, "Plant_Name": "GCWA", "Utility_ID": 64812, "Utility_Name": "Power Depot Group A, LLC", "sector_name": "IPP Non-CHP", "Street_Address": "3630 FM 1765", "City": "Texas City", "County": "Galveston", "State": "Texas", "Zip": 77591, "PrimSource": "petroleum", "source_desc": "Petroleum = 7.2 MW", "tech_desc": "Petroleum Liquids", "Install_MW": 7.2, "Total_MW": 7.2, "Bat_MW": null, "Bio_MW": null, "Coal_MW": null, "Geo_MW": null, "Hydro_MW": null, "HydroPS_MW": null, "NG_MW": null, "Nuclear_MW": null, "Crude_MW": 7.2, "Solar_MW": null, "Wind_MW": null, "Other_MW": null, "Source": "EIA-860, EIA-860M and EIA-923", "Period": "202311", "Longitude": -94.953418, "Latitude": 29.380114 }, "geometry": { "type": "Point", "coordinates": [ -94.953417999633004, 29.380114000275899 ] } },
{ "type": "Feature", "properties": { "OBJECTID": 35150, "Plant_Code": 65542, "Plant_Name": "Goldsmith", "Utility_ID": 64812, "Utility_Name": "Power Depot Group A, LLC", "sector_name": "IPP Non-CHP", "Street_Address": "2001 W. Hwy 158", "City": "Goldsmith", "County": "Ector", "State": "Texas", "Zip": 79741, "PrimSource": "petroleum", "source_desc": "Petroleum = 7.5 MW", "tech_desc": "Petroleum Liquids", "Install_MW": 9.0, "Total_MW": 7.5, "Bat_MW": null, "Bio_MW": null, "Coal_MW": null, "Geo_MW": null, "Hydro_MW": null, "HydroPS_MW": null, "NG_MW": null, "Nuclear_MW": null, "Crude_MW": 7.5, "Solar_MW": null, "Wind_MW": null, "Other_MW": null, "Source": "EIA-860, EIA-860M and EIA-923", "Period": "202311", "Longitude": -102.63501, "Latitude": 31.975269 }, "geometry": { "type": "Point", "coordinates": [ -102.635010000335996, 31.975268999963799 ] } },
{ "type": "Feature", "properties": { "OBJECTID": 35151, "Plant_Code": 65543, "Plant_Name": "Mckeever", "Utility_ID": 64812, "Utility_Name": "Power Depot Group A, LLC", "sector_name": "IPP Non-CHP", "Street_Address": "22325 South Post Oak Blvd.", "City": "Fresno", "County": "Fort Bend", "State": "Texas", "Zip": 77545, "PrimSource": "petroleum", "source_desc": "Petroleum = 7.5 MW", "tech_desc": "Petroleum Liquids", "Install_MW": 9.0, "Total_MW": 7.5, "Bat_MW": null, "Bio_MW": null, "Coal_MW": null, "Geo_MW": null, "Hydro_MW": null, "HydroPS_MW": null, "NG_MW": null, "Nuclear_MW": null, "Crude_MW": 7.5, "Solar_MW": null, "Wind_MW": null, "Other_MW": null, "Source": "EIA-860, EIA-860M and EIA-923", "Period": "202311", "Longitude": -95.479339, "Latitude": 29.508402 }, "geometry": { "type": "Point", "coordinates": [ -95.479339000374196, 29.508401999657899 ] } },
{ "type": "Feature", "properties": { "OBJECTID": 35152, "Plant_Code": 65544, "Plant_Name": "N. Mary Francis", "Utility_ID": 64812, "Utility_Name": "Power Depot Group A, LLC", "sector_name": "IPP Non-CHP", "Street_Address": "8309 W. Mary Francis Ave", "City": "Odessa", "County": "Ector", "State": "Texas", "Zip": 79764, "PrimSource": "petroleum", "source_desc": "Petroleum = 7.5 MW", "tech_desc": "Petroleum Liquids", "Install_MW": 9.0, "Total_MW": 7.5, "Bat_MW": null, "Bio_MW": null, "Coal_MW": null, "Geo_MW": null, "Hydro_MW": null, "HydroPS_MW": null, "NG_MW": null, "Nuclear_MW": null, "Crude_MW": 7.5, "Solar_MW": null, "Wind_MW": null, "Other_MW": null, "Source": "EIA-860, EIA-860M and EIA-923", "Period": "202311", "Longitude": -102.431039, "Latitude": 31.921616 }, "geometry": { "type": "Point", "coordinates": [ -102.431038999947006, 31.921616000305299 ] } },
{ "type": "Feature", "properties": { "OBJECTID": 35153, "Plant_Code": 65546, "Plant_Name": "Inertia Wind Project", "Utility_ID": 64847, "Utility_Name": "Inertia Wind Project, LLC", "sector_name": "IPP Non-CHP", "Street_Address": "2930 US HWY 380 E", "City": "Haskell", "County": "Haskell", "State": "Texas", "Zip": 79521, "PrimSource": "wind", "source_desc": "Wind = 301 MW", "tech_desc": "Onshore Wind Turbine", "Install_MW": 301.0, "Total_MW": 301.0, "Bat_MW": null, "Bio_MW": null, "Coal_MW": null, "Geo_MW": null, "Hydro_MW": null, "HydroPS_MW": null, "NG_MW": null, "Nuclear_MW": null, "Crude_MW": null, "Solar_MW": null, "Wind_MW": 301.0, "Other_MW": null, "Source": "EIA-860, EIA-860M and EIA-923", "Period": "202311", "Longitude": -99.595332, "Latitude": 33.186882 }, "geometry": { "type": "Point", "coordinates": [ -99.595331999757207, 33.186881999631503 ] } },
{ "type": "Feature", "properties": { "OBJECTID": 35173, "Plant_Code": 65571, "Plant_Name": "Verizon Hidden Ridge Solar Project", "Utility_ID": 64808, "Utility_Name": "Verizon Communications", "sector_name": "IPP Non-CHP", "Street_Address": "700 Hidden Ridge", "City": "Irving", "County": "Dallas", "State": "Texas", "Zip": 75038, "PrimSource": "solar", "source_desc": "Solar = 2.7 MW", "tech_desc": "Solar Photovoltaic", "Install_MW": 2.9, "Total_MW": 2.7, "Bat_MW": null, "Bio_MW": null, "Coal_MW": null, "Geo_MW": null, "Hydro_MW": null, "HydroPS_MW": null, "NG_MW": null, "Nuclear_MW": null, "Crude_MW": null, "Solar_MW": 2.7, "Wind_MW": null, "Other_MW": null, "Source": "EIA-860, EIA-860M and EIA-923", "Period": "202311", "Longitude": -96.95372, "Latitude": 32.87662 }, "geometry": { "type": "Point", "coordinates": [ -96.953719999877606, 32.8766199997821 ] } },
{ "type": "Feature", "properties": { "OBJECTID": 35174, "Plant_Code": 65573, "Plant_Name": "Ridge Rd", "Utility_ID": 64812, "Utility_Name": "Power Depot Group A, LLC", "sector_name": "IPP Non-CHP", "Street_Address": "123 E. Ridge Road", "City": "Alamo", "County": "Hidalgo", "State": "Texas", "Zip": 78516, "PrimSource": "petroleum", "source_desc": "Petroleum = 7.5 MW", "tech_desc": "Petroleum Liquids", "Install_MW": 9.0, "Total_MW": 7.5, "Bat_MW": null, "Bio_MW": null, "Coal_MW": null, "Geo_MW": null, "Hydro_MW": null, "HydroPS_MW": null, "NG_MW": null, "Nuclear_MW": null, "Crude_MW": 7.5, "Solar_MW": null, "Wind_MW": null, "Other_MW": null, "Source": "EIA-860, EIA-860M and EIA-923", "Period": "202311", "Longitude": -98.09831, "Latitude": 26.16815 }, "geometry": { "type": "Point", "coordinates": [ -98.098310000173399, 26.168150000373402 ] } },
{ "type": "Feature", "properties": { "OBJECTID": 35175, "Plant_Code": 65574, "Plant_Name": "Santa Rosa", "Utility_ID": 64812, "Utility_Name": "Power Depot Group A, LLC", "sector_name": "IPP Non-CHP", "Street_Address": "22611 FM 506", "City": "Santa Rosa", "County": "Cameron", "State": "Texas", "Zip": 78593, "PrimSource": "petroleum", "source_desc": "Petroleum = 7.5 MW", "tech_desc": "Petroleum Liquids", "Install_MW": 9.0, "Total_MW": 7.5, "Bat_MW": null, "Bio_MW": null, "Coal_MW": null, "Geo_MW": null, "Hydro_MW": null, "HydroPS_MW": null, "NG_MW": null, "Nuclear_MW": null, "Crude_MW": 7.5, "Solar_MW": null, "Wind_MW": null, "Other_MW": null, "Source": "EIA-860, EIA-860M and EIA-923", "Period": "202311", "Longitude": -97.82349, "Latitude": 26.23055 }, "geometry": { "type": "Point", "coordinates": [ -97.823489999812395, 26.230550000220301 ] } },
{ "type": "Feature", "properties": { "OBJECTID": 35176, "Plant_Code": 65575, "Plant_Name": "Southwick", "Utility_ID": 64812, "Utility_Name": "Power Depot Group A, LLC", "sector_name": "IPP Non-CHP", "Street_Address": "3422 S. Sam Houston Pkwy E.", "City": "Houston", "County": "Harris", "State": "Texas", "Zip": 77047, "PrimSource": "petroleum", "source_desc": "Petroleum = 7.5 MW", "tech_desc": "Petroleum Liquids", "Install_MW": 9.0, "Total_MW": 7.5, "Bat_MW": null, "Bio_MW": null, "Coal_MW": null, "Geo_MW": null, "Hydro_MW": null, "HydroPS_MW": null, "NG_MW": null, "Nuclear_MW": null, "Crude_MW": 7.5, "Solar_MW": null, "Wind_MW": null, "Other_MW": null, "Source": "EIA-860, EIA-860M and EIA-923", "Period": "202311", "Longitude": -95.36578, "Latitude": 29.59576 }, "geometry": { "type": "Point", "coordinates": [ -95.365779999969902, 29.595759999748001 ] } },
{ "type": "Feature", "properties": { "OBJECTID": 35177, "Plant_Code": 65576, "Plant_Name": "Stonegate", "Utility_ID": 64812, "Utility_Name": "Power Depot Group A, LLC", "sector_name": "IPP Non-CHP", "Street_Address": "29225 Katy Brookshire Rd.", "City": "Katy", "County": "Fort Bend", "State": "Texas", "Zip": 77494, "PrimSource": "petroleum", "source_desc": "Petroleum = 7.5 MW", "tech_desc": "Petroleum Liquids", "Install_MW": 9.0, "Total_MW": 7.5, "Bat_MW": null, "Bio_MW": null, "Coal_MW": null, "Geo_MW": null, "Hydro_MW": null, "HydroPS_MW": null, "NG_MW": null, "Nuclear_MW": null, "Crude_MW": 7.5, "Solar_MW": null, "Wind_MW": null, "Other_MW": null, "Source": "EIA-860, EIA-860M and EIA-923", "Period": "202311", "Longitude": -95.875497, "Latitude": 29.785353 }, "geometry": { "type": "Point", "coordinates": [ -95.875497000071604, 29.785352999908401 ] } },
{ "type": "Feature", "properties": { "OBJECTID": 35179, "Plant_Code": 65578, "Plant_Name": "Tumbleweed", "Utility_ID": 64812, "Utility_Name": "Power Depot Group A, LLC", "sector_name": "IPP Non-CHP", "Street_Address": "2303 N US 385", "City": "Andrews", "County": "Andrews", "State": "Texas", "Zip": 79714, "PrimSource": "petroleum", "source_desc": "Petroleum = 7.5 MW", "tech_desc": "Petroleum Liquids", "Install_MW": 9.0, "Total_MW": 7.5, "Bat_MW": null, "Bio_MW": null, "Coal_MW": null, "Geo_MW": null, "Hydro_MW": null, "HydroPS_MW": null, "NG_MW": null, "Nuclear_MW": null, "Crude_MW": 7.5, "Solar_MW": null, "Wind_MW": null, "Other_MW": null, "Source": "EIA-860, EIA-860M and EIA-923", "Period": "202311", "Longitude": -102.5577, "Latitude": 32.35123 }, "geometry": { "type": "Point", "coordinates": [ -102.557699999736997, 32.351229999672199 ] } },
{ "type": "Feature", "properties": { "OBJECTID": 35180, "Plant_Code": 65579, "Plant_Name": "Vaquero", "Utility_ID": 64812, "Utility_Name": "Power Depot Group A, LLC", "sector_name": "IPP Non-CHP", "Street_Address": "3410 Haine Drive, Unit D", "City": "Harlingen", "County": "Cameron", "State": "Texas", "Zip": 78550, "PrimSource": "petroleum", "source_desc": "Petroleum = 7.5 MW", "tech_desc": "Petroleum Liquids", "Install_MW": 9.0, "Total_MW": 7.5, "Bat_MW": null, "Bio_MW": null, "Coal_MW": null, "Geo_MW": null, "Hydro_MW": null, "HydroPS_MW": null, "NG_MW": null, "Nuclear_MW": null, "Crude_MW": 7.5, "Solar_MW": null, "Wind_MW": null, "Other_MW": null, "Source": "EIA-860, EIA-860M and EIA-923", "Period": "202311", "Longitude": -97.654049, "Latitude": 26.168074 }, "geometry": { "type": "Point", "coordinates": [ -97.654049000167205, 26.168074000016802 ] } },
{ "type": "Feature", "properties": { "OBJECTID": 35181, "Plant_Code": 65580, "Plant_Name": "Villa Cavasos", "Utility_ID": 64812, "Utility_Name": "Power Depot Group A, LLC", "sector_name": "IPP Non-CHP", "Street_Address": "5915 FM 1732", "City": "Brownsville", "County": "Cameron", "State": "Texas", "Zip": 78520, "PrimSource": "petroleum", "source_desc": "Petroleum = 7.5 MW", "tech_desc": "Petroleum Liquids", "Install_MW": 9.0, "Total_MW": 7.5, "Bat_MW": null, "Bio_MW": null, "Coal_MW": null, "Geo_MW": null, "Hydro_MW": null, "HydroPS_MW": null, "NG_MW": null, "Nuclear_MW": null, "Crude_MW": 7.5, "Solar_MW": null, "Wind_MW": null, "Other_MW": null, "Source": "EIA-860, EIA-860M and EIA-923", "Period": "202311", "Longitude": -97.596284, "Latitude": 26.02131 }, "geometry": { "type": "Point", "coordinates": [ -97.596284000038494, 26.0213100000875 ] } },
{ "type": "Feature", "properties": { "OBJECTID": 35182, "Plant_Code": 65581, "Plant_Name": "Westover", "Utility_ID": 64812, "Utility_Name": "Power Depot Group A, LLC", "sector_name": "IPP Non-CHP", "Street_Address": "6505 W. 16th Street", "City": "Odessa", "County": "Ector", "State": "Texas", "Zip": 79763, "PrimSource": "petroleum", "source_desc": "Petroleum = 7.5 MW", "tech_desc": "Petroleum Liquids", "Install_MW": 9.0, "Total_MW": 7.5, "Bat_MW": null, "Bio_MW": null, "Coal_MW": null, "Geo_MW": null, "Hydro_MW": null, "HydroPS_MW": null, "NG_MW": null, "Nuclear_MW": null, "Crude_MW": 7.5, "Solar_MW": null, "Wind_MW": null, "Other_MW": null, "Source": "EIA-860, EIA-860M and EIA-923", "Period": "202311", "Longitude": -102.4461, "Latitude": 31.8362 }, "geometry": { "type": "Point", "coordinates": [ -102.446100000388, 31.8362000003108 ] } },
{ "type": "Feature", "properties": { "OBJECTID": 35214, "Plant_Code": 65631, "Plant_Name": "Pisgah Ridge Solar, LLC", "Utility_ID": 65411, "Utility_Name": "Duke Energy Renewables Services", "sector_name": "IPP Non-CHP", "Street_Address": "8810 SW CR 2110", "City": "Richland", "County": "Navarro", "State": "Texas", "Zip": 76681, "PrimSource": "solar", "source_desc": "Solar = 250 MW", "tech_desc": "Solar Photovoltaic", "Install_MW": 250.0, "Total_MW": 250.0, "Bat_MW": null, "Bio_MW": null, "Coal_MW": null, "Geo_MW": null, "Hydro_MW": null, "HydroPS_MW": null, "NG_MW": null, "Nuclear_MW": null, "Crude_MW": null, "Solar_MW": 250.0, "Wind_MW": null, "Other_MW": null, "Source": "EIA-860, EIA-860M and EIA-923", "Period": "202311", "Longitude": -96.467327, "Latitude": 31.896737 }, "geometry": { "type": "Point", "coordinates": [ -96.467326999746604, 31.896737000230399 ] } },
{ "type": "Feature", "properties": { "OBJECTID": 35231, "Plant_Code": 65661, "Plant_Name": "Nebula Solar", "Utility_ID": 64917, "Utility_Name": "Rayos del Sol Solar Project, LLC", "sector_name": "IPP Non-CHP", "Street_Address": "13156 FM 3067", "City": "La Feria", "County": "Cameron", "State": "Texas", "Zip": 78559, "PrimSource": "solar", "source_desc": "Solar = 135 MW", "tech_desc": "Solar Photovoltaic", "Install_MW": 135.0, "Total_MW": 135.0, "Bat_MW": null, "Bio_MW": null, "Coal_MW": null, "Geo_MW": null, "Hydro_MW": null, "HydroPS_MW": null, "NG_MW": null, "Nuclear_MW": null, "Crude_MW": null, "Solar_MW": 135.0, "Wind_MW": null, "Other_MW": null, "Source": "EIA-860, EIA-860M and EIA-923", "Period": "202311", "Longitude": -97.798453, "Latitude": 26.090103 }, "geometry": { "type": "Point", "coordinates": [ -97.798452999731396, 26.0901029996744 ] } },
{ "type": "Feature", "properties": { "OBJECTID": 35232, "Plant_Code": 65662, "Plant_Name": "Vancourt Solar Interconnections", "Utility_ID": 64917, "Utility_Name": "Rayos del Sol Solar Project, LLC", "sector_name": "IPP Non-CHP", "Street_Address": "13156 FM 3067", "City": "La Feria", "County": "Cameron", "State": "Texas", "Zip": 78559, "PrimSource": "solar", "source_desc": "Solar = 45 MW", "tech_desc": "Solar Photovoltaic", "Install_MW": 45.0, "Total_MW": 45.0, "Bat_MW": null, "Bio_MW": null, "Coal_MW": null, "Geo_MW": null, "Hydro_MW": null, "HydroPS_MW": null, "NG_MW": null, "Nuclear_MW": null, "Crude_MW": null, "Solar_MW": 45.0, "Wind_MW": null, "Other_MW": null, "Source": "EIA-860, EIA-860M and EIA-923", "Period": "202311", "Longitude": -97.798453, "Latitude": 26.090103 }, "geometry": { "type": "Point", "coordinates": [ -97.798452999731396, 26.0901029996744 ] } },
{ "type": "Feature", "properties": { "OBJECTID": 35253, "Plant_Code": 65694, "Plant_Name": "TX11 Republic Road Storage", "Utility_ID": 63289, "Utility_Name": "Key Capture Energy", "sector_name": "IPP Non-CHP", "Street_Address": "12682 Zane Wallace Rd", "City": "Hearne", "County": "Robertson", "State": "Texas", "Zip": 77859, "PrimSource": "batteries", "source_desc": "Battery = 50 MW", "tech_desc": "Batteries", "Install_MW": 50.0, "Total_MW": 50.0, "Bat_MW": 50.0, "Bio_MW": null, "Coal_MW": null, "Geo_MW": null, "Hydro_MW": null, "HydroPS_MW": null, "NG_MW": null, "Nuclear_MW": null, "Crude_MW": null, "Solar_MW": null, "Wind_MW": null, "Other_MW": null, "Source": "EIA-860, EIA-860M and EIA-923", "Period": "202311", "Longitude": -96.62542, "Latitude": 30.881424 }, "geometry": { "type": "Point", "coordinates": [ -96.625420000124095, 30.881424000059301 ] } },
{ "type": "Feature", "properties": { "OBJECTID": 35254, "Plant_Code": 65695, "Plant_Name": "TX12 Silicon Hill Storage", "Utility_ID": 63289, "Utility_Name": "Key Capture Energy", "sector_name": "IPP Non-CHP", "Street_Address": "16253 Cameron Rd", "City": "Pflugerville", "County": "Travis", "State": "Texas", "Zip": 78660, "PrimSource": "batteries", "source_desc": "Battery = 100 MW", "tech_desc": "Batteries", "Install_MW": 100.0, "Total_MW": 100.0, "Bat_MW": 100.0, "Bio_MW": null, "Coal_MW": null, "Geo_MW": null, "Hydro_MW": null, "HydroPS_MW": null, "NG_MW": null, "Nuclear_MW": null, "Crude_MW": null, "Solar_MW": null, "Wind_MW": null, "Other_MW": null, "Source": "EIA-860, EIA-860M and EIA-923", "Period": "202311", "Longitude": -97.57405, "Latitude": 30.41217 }, "geometry": { "type": "Point", "coordinates": [ -97.574049999663899, 30.4121700001397 ] } },
{ "type": "Feature", "properties": { "OBJECTID": 35255, "Plant_Code": 65696, "Plant_Name": "TX13 Endurance Park Storage", "Utility_ID": 63289, "Utility_Name": "Key Capture Energy", "sector_name": "IPP Non-CHP", "Street_Address": "5875 CR 2128", "City": "Snyder", "County": "Scurry", "State": "Texas", "Zip": 79549, "PrimSource": "batteries", "source_desc": "Battery = 50 MW", "tech_desc": "Batteries", "Install_MW": 50.0, "Total_MW": 50.0, "Bat_MW": 50.0, "Bio_MW": null, "Coal_MW": null, "Geo_MW": null, "Hydro_MW": null, "HydroPS_MW": null, "NG_MW": null, "Nuclear_MW": null, "Crude_MW": null, "Solar_MW": null, "Wind_MW": null, "Other_MW": null, "Source": "EIA-860, EIA-860M and EIA-923", "Period": "202311", "Longitude": -100.991681, "Latitude": 32.85583 }, "geometry": { "type": "Point", "coordinates": [ -100.991681000208999, 32.8558299999723 ] } },
{ "type": "Feature", "properties": { "OBJECTID": 35257, "Plant_Code": 65699, "Plant_Name": "TX19 River Valley Storage 1", "Utility_ID": 63289, "Utility_Name": "Key Capture Energy", "sector_name": "IPP Non-CHP", "Street_Address": "3565 County Rd 460", "City": "Elgin", "County": "Williamson", "State": "Texas", "Zip": 78621, "PrimSource": "batteries", "source_desc": "Battery = 50 MW", "tech_desc": "Batteries", "Install_MW": 50.0, "Total_MW": 50.0, "Bat_MW": 50.0, "Bio_MW": null, "Coal_MW": null, "Geo_MW": null, "Hydro_MW": null, "HydroPS_MW": null, "NG_MW": null, "Nuclear_MW": null, "Crude_MW": null, "Solar_MW": null, "Wind_MW": null, "Other_MW": null, "Source": "EIA-860, EIA-860M and EIA-923", "Period": "202311", "Longitude": -97.35701, "Latitude": 30.41477 }, "geometry": { "type": "Point", "coordinates": [ -97.357010000398503, 30.414770000290599 ] } },
{ "type": "Feature", "properties": { "OBJECTID": 35258, "Plant_Code": 65700, "Plant_Name": "TX21 River Valley Storage 2", "Utility_ID": 63289, "Utility_Name": "Key Capture Energy", "sector_name": "IPP Non-CHP", "Street_Address": "3565 County Rd 460", "City": "Elgin", "County": "Williamson", "State": "Texas", "Zip": 78621, "PrimSource": "batteries", "source_desc": "Battery = 50 MW", "tech_desc": "Batteries", "Install_MW": 50.0, "Total_MW": 50.0, "Bat_MW": 50.0, "Bio_MW": null, "Coal_MW": null, "Geo_MW": null, "Hydro_MW": null, "HydroPS_MW": null, "NG_MW": null, "Nuclear_MW": null, "Crude_MW": null, "Solar_MW": null, "Wind_MW": null, "Other_MW": null, "Source": "EIA-860, EIA-860M and EIA-923", "Period": "202311", "Longitude": -97.35518, "Latitude": 30.41432 }, "geometry": { "type": "Point", "coordinates": [ -97.355180000112398, 30.414320000036199 ] } },
{ "type": "Feature", "properties": { "OBJECTID": 35259, "Plant_Code": 65701, "Plant_Name": "TX23 Roughneck Storage", "Utility_ID": 63289, "Utility_Name": "Key Capture Energy", "sector_name": "IPP Non-CHP", "Street_Address": "1153 N. Columbia Dr", "City": "West Columbia", "County": "Brazoria", "State": "Texas", "Zip": 77486, "PrimSource": "batteries", "source_desc": "Battery = 50 MW", "tech_desc": "Batteries", "Install_MW": 50.0, "Total_MW": 50.0, "Bat_MW": 50.0, "Bio_MW": null, "Coal_MW": null, "Geo_MW": null, "Hydro_MW": null, "HydroPS_MW": null, "NG_MW": null, "Nuclear_MW": null, "Crude_MW": null, "Solar_MW": null, "Wind_MW": null, "Other_MW": null, "Source": "EIA-860, EIA-860M and EIA-923", "Period": "202311", "Longitude": -95.6626, "Latitude": 29.15923 }, "geometry": { "type": "Point", "coordinates": [ -95.662600000353805, 29.159229999873201 ] } },
{ "type": "Feature", "properties": { "OBJECTID": 35305, "Plant_Code": 65763, "Plant_Name": "Young Wind", "Utility_ID": 65013, "Utility_Name": "Young Wind, LLC", "sector_name": "IPP Non-CHP", "Street_Address": "7989 FM 578", "City": "Graham", "County": "Young", "State": "Texas", "Zip": 76450, "PrimSource": "wind", "source_desc": "Wind = 500 MW", "tech_desc": "Onshore Wind Turbine", "Install_MW": 500.0, "Total_MW": 500.0, "Bat_MW": null, "Bio_MW": null, "Coal_MW": null, "Geo_MW": null, "Hydro_MW": null, "HydroPS_MW": null, "NG_MW": null, "Nuclear_MW": null, "Crude_MW": null, "Solar_MW": null, "Wind_MW": 500.0, "Other_MW": null, "Source": "EIA-860, EIA-860M and EIA-923", "Period": "202311", "Longitude": -98.852577, "Latitude": 33.119213 }, "geometry": { "type": "Point", "coordinates": [ -98.852576999614897, 33.119213000142601 ] } },
{ "type": "Feature", "properties": { "OBJECTID": 35327, "Plant_Code": 65790, "Plant_Name": "Castle Gap Wind", "Utility_ID": 65044, "Utility_Name": "Castle Gap Wind Power, LLC", "sector_name": "IPP Non-CHP", "Street_Address": "1435 FM 572 E", "City": "Goldthwaite", "County": "Mills", "State": "Texas", "Zip": 76844, "PrimSource": "wind", "source_desc": "Wind = 196.8 MW", "tech_desc": "Onshore Wind Turbine", "Install_MW": 196.8, "Total_MW": 196.8, "Bat_MW": null, "Bio_MW": null, "Coal_MW": null, "Geo_MW": null, "Hydro_MW": null, "HydroPS_MW": null, "NG_MW": null, "Nuclear_MW": null, "Crude_MW": null, "Solar_MW": null, "Wind_MW": 196.8, "Other_MW": null, "Source": "EIA-860, EIA-860M and EIA-923", "Period": "202311", "Longitude": -98.35936, "Latitude": 31.39376 }, "geometry": { "type": "Point", "coordinates": [ -98.359360000428694, 31.393760000102102 ] } },
{ "type": "Feature", "properties": { "OBJECTID": 35330, "Plant_Code": 65793, "Plant_Name": "Concho Valley Solar, LLC", "Utility_ID": 65055, "Utility_Name": "Concho Valley Solar, LLC", "sector_name": "IPP Non-CHP", "Street_Address": "467 W Ratliff Dr", "City": "San Angelo", "County": "Tom Green", "State": "Texas", "Zip": 76904, "PrimSource": "solar", "source_desc": "Solar = 159.8 MW", "tech_desc": "Solar Photovoltaic", "Install_MW": 172.8, "Total_MW": 159.8, "Bat_MW": null, "Bio_MW": null, "Coal_MW": null, "Geo_MW": null, "Hydro_MW": null, "HydroPS_MW": null, "NG_MW": null, "Nuclear_MW": null, "Crude_MW": null, "Solar_MW": 159.8, "Wind_MW": null, "Other_MW": null, "Source": "EIA-860, EIA-860M and EIA-923", "Period": "202311", "Longitude": -100.255, "Latitude": 31.214 }, "geometry": { "type": "Point", "coordinates": [ -100.255000000183003, 31.2140000001747 ] } },
{ "type": "Feature", "properties": { "OBJECTID": 35339, "Plant_Code": 65809, "Plant_Name": "Caterina", "Utility_ID": 65076, "Utility_Name": "HEN Infrastructure, L.L.C.", "sector_name": "IPP Non-CHP", "Street_Address": "2495 FM 2688", "City": "Carrizo Springs", "County": "Dimmit", "State": "Texas", "Zip": 78834, "PrimSource": "batteries", "source_desc": "Battery = 9.9 MW", "tech_desc": "Batteries", "Install_MW": 9.9, "Total_MW": 9.9, "Bat_MW": 9.9, "Bio_MW": null, "Coal_MW": null, "Geo_MW": null, "Hydro_MW": null, "HydroPS_MW": null, "NG_MW": null, "Nuclear_MW": null, "Crude_MW": null, "Solar_MW": null, "Wind_MW": null, "Other_MW": null, "Source": "EIA-860, EIA-860M and EIA-923", "Period": "202311", "Longitude": -99.673703, "Latitude": 28.34705 }, "geometry": { "type": "Point", "coordinates": [ -99.673702999640795, 28.347049999878799 ] } },
{ "type": "Feature", "properties": { "OBJECTID": 35340, "Plant_Code": 65810, "Plant_Name": "Cedarville (TX)", "Utility_ID": 65076, "Utility_Name": "HEN Infrastructure, L.L.C.", "sector_name": "IPP Non-CHP", "Street_Address": "3125 FM 516 North", "City": "Pecos", "County": "Reeves", "State": "Texas", "Zip": 79772, "PrimSource": "batteries", "source_desc": "Battery = 9.9 MW", "tech_desc": "Batteries", "Install_MW": 9.9, "Total_MW": 9.9, "Bat_MW": 9.9, "Bio_MW": null, "Coal_MW": null, "Geo_MW": null, "Hydro_MW": null, "HydroPS_MW": null, "NG_MW": null, "Nuclear_MW": null, "Crude_MW": null, "Solar_MW": null, "Wind_MW": null, "Other_MW": null, "Source": "EIA-860, EIA-860M and EIA-923", "Period": "202311", "Longitude": -103.452361, "Latitude": 31.514106 }, "geometry": { "type": "Point", "coordinates": [ -103.452361000162, 31.514106000364102 ] } },
{ "type": "Feature", "properties": { "OBJECTID": 35341, "Plant_Code": 65811, "Plant_Name": "Coyote Springs (TX)", "Utility_ID": 65076, "Utility_Name": "HEN Infrastructure, L.L.C.", "sector_name": "IPP Non-CHP", "Street_Address": "814 CR 411", "City": "Pecos", "County": "Reeves", "State": "Texas", "Zip": 79772, "PrimSource": "batteries", "source_desc": "Battery = 9.9 MW", "tech_desc": "Batteries", "Install_MW": 9.9, "Total_MW": 9.9, "Bat_MW": 9.9, "Bio_MW": null, "Coal_MW": null, "Geo_MW": null, "Hydro_MW": null, "HydroPS_MW": null, "NG_MW": null, "Nuclear_MW": null, "Crude_MW": null, "Solar_MW": null, "Wind_MW": null, "Other_MW": null, "Source": "EIA-860, EIA-860M and EIA-923", "Period": "202311", "Longitude": -103.630336, "Latitude": 31.39471 }, "geometry": { "type": "Point", "coordinates": [ -103.630336000396994, 31.394709999955701 ] } },
{ "type": "Feature", "properties": { "OBJECTID": 35342, "Plant_Code": 65813, "Plant_Name": "Faulkner", "Utility_ID": 65076, "Utility_Name": "HEN Infrastructure, L.L.C.", "sector_name": "IPP Non-CHP", "Street_Address": "2003 CR214", "City": "Toyah", "County": "Reeves", "State": "Texas", "Zip": 79780, "PrimSource": "batteries", "source_desc": "Battery = 9.9 MW", "tech_desc": "Batteries", "Install_MW": 9.9, "Total_MW": 9.9, "Bat_MW": 9.9, "Bio_MW": null, "Coal_MW": null, "Geo_MW": null, "Hydro_MW": null, "HydroPS_MW": null, "NG_MW": null, "Nuclear_MW": null, "Crude_MW": null, "Solar_MW": null, "Wind_MW": null, "Other_MW": null, "Source": "EIA-860, EIA-860M and EIA-923", "Period": "202311", "Longitude": -103.794852, "Latitude": 31.262381 }, "geometry": { "type": "Point", "coordinates": [ -103.794851999971002, 31.262381000377498 ] } },
{ "type": "Feature", "properties": { "OBJECTID": 35343, "Plant_Code": 65814, "Plant_Name": "Gomez", "Utility_ID": 65076, "Utility_Name": "HEN Infrastructure, L.L.C.", "sector_name": "IPP Non-CHP", "Street_Address": "4707 Private Road 1098", "City": "Pecos", "County": "Pecos", "State": "Texas", "Zip": 79772, "PrimSource": "batteries", "source_desc": "Battery = 9.9 MW", "tech_desc": "Batteries", "Install_MW": 9.9, "Total_MW": 9.9, "Bat_MW": 9.9, "Bio_MW": null, "Coal_MW": null, "Geo_MW": null, "Hydro_MW": null, "HydroPS_MW": null, "NG_MW": null, "Nuclear_MW": null, "Crude_MW": null, "Solar_MW": null, "Wind_MW": null, "Other_MW": null, "Source": "EIA-860, EIA-860M and EIA-923", "Period": "202311", "Longitude": -103.024156, "Latitude": 31.036537 }, "geometry": { "type": "Point", "coordinates": [ -103.024155999759003, 31.036537000335102 ] } },
{ "type": "Feature", "properties": { "OBJECTID": 35349, "Plant_Code": 65829, "Plant_Name": "Holcomb (TX)", "Utility_ID": 65076, "Utility_Name": "HEN Infrastructure, L.L.C.", "sector_name": "IPP Non-CHP", "Street_Address": "916 French St.", "City": "Encinal", "County": "La Salle", "State": "Texas", "Zip": 79780, "PrimSource": "batteries", "source_desc": "Battery = 9.9 MW", "tech_desc": "Batteries", "Install_MW": 9.9, "Total_MW": 9.9, "Bat_MW": 9.9, "Bio_MW": null, "Coal_MW": null, "Geo_MW": null, "Hydro_MW": null, "HydroPS_MW": null, "NG_MW": null, "Nuclear_MW": null, "Crude_MW": null, "Solar_MW": null, "Wind_MW": null, "Other_MW": null, "Source": "EIA-860, EIA-860M and EIA-923", "Period": "202311", "Longitude": -99.361732, "Latitude": 28.03534 }, "geometry": { "type": "Point", "coordinates": [ -99.361732000200206, 28.035340000154999 ] } },
{ "type": "Feature", "properties": { "OBJECTID": 35350, "Plant_Code": 65830, "Plant_Name": "Junction (TX)", "Utility_ID": 65076, "Utility_Name": "HEN Infrastructure, L.L.C.", "sector_name": "IPP Non-CHP", "Street_Address": "210 Substation Ln.", "City": "Junction", "County": "Kimble", "State": "Texas", "Zip": 76848, "PrimSource": "batteries", "source_desc": "Battery = 9.9 MW", "tech_desc": "Batteries", "Install_MW": 9.9, "Total_MW": 9.9, "Bat_MW": 9.9, "Bio_MW": null, "Coal_MW": null, "Geo_MW": null, "Hydro_MW": null, "HydroPS_MW": null, "NG_MW": null, "Nuclear_MW": null, "Crude_MW": null, "Solar_MW": null, "Wind_MW": null, "Other_MW": null, "Source": "EIA-860, EIA-860M and EIA-923", "Period": "202311", "Longitude": -99.770197, "Latitude": 30.492453 }, "geometry": { "type": "Point", "coordinates": [ -99.770197000138396, 30.4924529999547 ] } },
{ "type": "Feature", "properties": { "OBJECTID": 35351, "Plant_Code": 65831, "Plant_Name": "Lonestar", "Utility_ID": 65076, "Utility_Name": "HEN Infrastructure, L.L.C.", "sector_name": "IPP Non-CHP", "Street_Address": "4899 FM 2355", "City": "Pyote", "County": "Ward", "State": "Texas", "Zip": 79777, "PrimSource": "batteries", "source_desc": "Battery = 9.9 MW", "tech_desc": "Batteries", "Install_MW": 9.9, "Total_MW": 9.9, "Bat_MW": 9.9, "Bio_MW": null, "Coal_MW": null, "Geo_MW": null, "Hydro_MW": null, "HydroPS_MW": null, "NG_MW": null, "Nuclear_MW": null, "Crude_MW": null, "Solar_MW": null, "Wind_MW": null, "Other_MW": null, "Source": "EIA-860, EIA-860M and EIA-923", "Period": "202311", "Longitude": -103.249847, "Latitude": 31.594864 }, "geometry": { "type": "Point", "coordinates": [ -103.249846999789995, 31.594864000063001 ] } },
{ "type": "Feature", "properties": { "OBJECTID": 35352, "Plant_Code": 65832, "Plant_Name": "Olney", "Utility_ID": 65076, "Utility_Name": "HEN Infrastructure, L.L.C.", "sector_name": "IPP Non-CHP", "Street_Address": "923 State HWY 114 E.", "City": "Olney", "County": "Young", "State": "Texas", "Zip": 76374, "PrimSource": "batteries", "source_desc": "Battery = 9.9 MW", "tech_desc": "Batteries", "Install_MW": 9.9, "Total_MW": 9.9, "Bat_MW": 9.9, "Bio_MW": null, "Coal_MW": null, "Geo_MW": null, "Hydro_MW": null, "HydroPS_MW": null, "NG_MW": null, "Nuclear_MW": null, "Crude_MW": null, "Solar_MW": null, "Wind_MW": null, "Other_MW": null, "Source": "EIA-860, EIA-860M and EIA-923", "Period": "202311", "Longitude": -98.720465, "Latitude": 33.371086 }, "geometry": { "type": "Point", "coordinates": [ -98.720465000222902, 33.371085999855701 ] } },
{ "type": "Feature", "properties": { "OBJECTID": 35353, "Plant_Code": 65833, "Plant_Name": "Rattlesnake (TX)", "Utility_ID": 65076, "Utility_Name": "HEN Infrastructure, L.L.C.", "sector_name": "IPP Non-CHP", "Street_Address": "686 CR 128", "City": "Pyote", "County": "Ward", "State": "Texas", "Zip": 79777, "PrimSource": "batteries", "source_desc": "Battery = 9.9 MW", "tech_desc": "Batteries", "Install_MW": 9.9, "Total_MW": 9.9, "Bat_MW": 9.9, "Bio_MW": null, "Coal_MW": null, "Geo_MW": null, "Hydro_MW": null, "HydroPS_MW": null, "NG_MW": null, "Nuclear_MW": null, "Crude_MW": null, "Solar_MW": null, "Wind_MW": null, "Other_MW": null, "Source": "EIA-860, EIA-860M and EIA-923", "Period": "202311", "Longitude": -103.226631, "Latitude": 31.568978 }, "geometry": { "type": "Point", "coordinates": [ -103.226630999774002, 31.568978000237198 ] } },
{ "type": "Feature", "properties": { "OBJECTID": 35354, "Plant_Code": 65834, "Plant_Name": "Saddleback", "Utility_ID": 65076, "Utility_Name": "HEN Infrastructure, L.L.C.", "sector_name": "IPP Non-CHP", "Street_Address": "482 CR 118", "City": "Pecos", "County": "Reeves", "State": "Texas", "Zip": 79772, "PrimSource": "batteries", "source_desc": "Battery = 9.9 MW", "tech_desc": "Batteries", "Install_MW": 9.9, "Total_MW": 9.9, "Bat_MW": 9.9, "Bio_MW": null, "Coal_MW": null, "Geo_MW": null, "Hydro_MW": null, "HydroPS_MW": null, "NG_MW": null, "Nuclear_MW": null, "Crude_MW": null, "Solar_MW": null, "Wind_MW": null, "Other_MW": null, "Source": "EIA-860, EIA-860M and EIA-923", "Period": "202311", "Longitude": -103.498425, "Latitude": 31.332883 }, "geometry": { "type": "Point", "coordinates": [ -103.498424999948, 31.332883000238802 ] } },
{ "type": "Feature", "properties": { "OBJECTID": 35355, "Plant_Code": 65835, "Plant_Name": "Screwbean", "Utility_ID": 65076, "Utility_Name": "HEN Infrastructure, L.L.C.", "sector_name": "IPP Non-CHP", "Street_Address": "1647 FM 652", "City": "Van Horn", "County": "Culberson", "State": "Texas", "Zip": 79770, "PrimSource": "batteries", "source_desc": "Battery = 9.9 MW", "tech_desc": "Batteries", "Install_MW": 9.9, "Total_MW": 9.9, "Bat_MW": 9.9, "Bio_MW": null, "Coal_MW": null, "Geo_MW": null, "Hydro_MW": null, "HydroPS_MW": null, "NG_MW": null, "Nuclear_MW": null, "Crude_MW": null, "Solar_MW": null, "Wind_MW": null, "Other_MW": null, "Source": "EIA-860, EIA-860M and EIA-923", "Period": "202311", "Longitude": -104.045071, "Latitude": 31.821423 }, "geometry": { "type": "Point", "coordinates": [ -104.045071000269999, 31.8214229999368 ] } },
{ "type": "Feature", "properties": { "OBJECTID": 35356, "Plant_Code": 65836, "Plant_Name": "Toyah Power Station", "Utility_ID": 65076, "Utility_Name": "HEN Infrastructure, L.L.C.", "sector_name": "IPP Non-CHP", "Street_Address": "394 Ranch Rd. 3334", "City": "Saragosa", "County": "Reeves", "State": "Texas", "Zip": 79780, "PrimSource": "batteries", "source_desc": "Battery = 9.9 MW", "tech_desc": "Batteries", "Install_MW": 10.4, "Total_MW": 9.9, "Bat_MW": 9.9, "Bio_MW": null, "Coal_MW": null, "Geo_MW": null, "Hydro_MW": null, "HydroPS_MW": null, "NG_MW": null, "Nuclear_MW": null, "Crude_MW": null, "Solar_MW": null, "Wind_MW": null, "Other_MW": null, "Source": "EIA-860, EIA-860M and EIA-923", "Period": "202311", "Longitude": -103.66551, "Latitude": 31.113909 }, "geometry": { "type": "Point", "coordinates": [ -103.665509999774997, 31.113908999889698 ] } },
{ "type": "Feature", "properties": { "OBJECTID": 35357, "Plant_Code": 65838, "Plant_Name": "Hoef's Road Storage", "Utility_ID": 65076, "Utility_Name": "HEN Infrastructure, L.L.C.", "sector_name": "IPP Non-CHP", "Street_Address": "2310 Hoef's Road", "City": "Balmorhea", "County": "Reeves", "State": "Texas", "Zip": 79718, "PrimSource": "batteries", "source_desc": "Battery = 2 MW", "tech_desc": "Batteries", "Install_MW": 2.0, "Total_MW": 2.0, "Bat_MW": 2.0, "Bio_MW": null, "Coal_MW": null, "Geo_MW": null, "Hydro_MW": null, "HydroPS_MW": null, "NG_MW": null, "Nuclear_MW": null, "Crude_MW": null, "Solar_MW": null, "Wind_MW": null, "Other_MW": null, "Source": "EIA-860, EIA-860M and EIA-923", "Period": "202311", "Longitude": -103.46256, "Latitude": 31.031247 }, "geometry": { "type": "Point", "coordinates": [ -103.462560000283005, 31.031247000228699 ] } },
{ "type": "Feature", "properties": { "OBJECTID": 35368, "Plant_Code": 65946, "Plant_Name": "Hecate Energy Upshur Rural LLC", "Utility_ID": 65117, "Utility_Name": "Hecate Energy Upshur Rural LLC", "sector_name": "IPP Non-CHP", "Street_Address": "15417 State Hwy 155 N", "City": "Ore City", "County": "Upshur", "State": "Texas", "Zip": 75683, "PrimSource": "solar", "source_desc": "Solar = 3 MW", "tech_desc": "Solar Photovoltaic", "Install_MW": 3.0, "Total_MW": 3.0, "Bat_MW": null, "Bio_MW": null, "Coal_MW": null, "Geo_MW": null, "Hydro_MW": null, "HydroPS_MW": null, "NG_MW": null, "Nuclear_MW": null, "Crude_MW": null, "Solar_MW": 3.0, "Wind_MW": null, "Other_MW": null, "Source": "EIA-860, EIA-860M and EIA-923", "Period": "202311", "Longitude": -94.731924, "Latitude": 32.843248 }, "geometry": { "type": "Point", "coordinates": [ -94.731923999577006, 32.843248000004898 ] } },
{ "type": "Feature", "properties": { "OBJECTID": 35408, "Plant_Code": 66007, "Plant_Name": "Flower Valley II", "Utility_ID": 65182, "Utility_Name": "Flower Valley II", "sector_name": "IPP Non-CHP", "Street_Address": "1739 FM 2007", "City": "Pecos", "County": "Reeves", "State": "Texas", "Zip": 79772, "PrimSource": "batteries", "source_desc": "Battery = 101 MW", "tech_desc": "Batteries", "Install_MW": 101.0, "Total_MW": 101.0, "Bat_MW": 101.0, "Bio_MW": null, "Coal_MW": null, "Geo_MW": null, "Hydro_MW": null, "HydroPS_MW": null, "NG_MW": null, "Nuclear_MW": null, "Crude_MW": null, "Solar_MW": null, "Wind_MW": null, "Other_MW": null, "Source": "EIA-860, EIA-860M and EIA-923", "Period": "202311", "Longitude": -103.361771, "Latitude": 31.197285 }, "geometry": { "type": "Point", "coordinates": [ -103.361770999902006, 31.197285000157699 ] } },
{ "type": "Feature", "properties": { "OBJECTID": 35409, "Plant_Code": 66008, "Plant_Name": "Swoose II", "Utility_ID": 65183, "Utility_Name": "Swoose II", "sector_name": "IPP Non-CHP", "Street_Address": "3046 FM 1927", "City": "Pyote", "County": "Ward", "State": "Texas", "Zip": 79777, "PrimSource": "batteries", "source_desc": "Battery = 101 MW", "tech_desc": "Batteries", "Install_MW": 101.0, "Total_MW": 101.0, "Bat_MW": 101.0, "Bio_MW": null, "Coal_MW": null, "Geo_MW": null, "Hydro_MW": null, "HydroPS_MW": null, "NG_MW": null, "Nuclear_MW": null, "Crude_MW": null, "Solar_MW": null, "Wind_MW": null, "Other_MW": null, "Source": "EIA-860, EIA-860M and EIA-923", "Period": "202311", "Longitude": -103.361771, "Latitude": 31.45115 }, "geometry": { "type": "Point", "coordinates": [ -103.361770999902006, 31.451150000332401 ] } },
{ "type": "Feature", "properties": { "OBJECTID": 35410, "Plant_Code": 66009, "Plant_Name": "Crossett Power Management LLC", "Utility_ID": 65184, "Utility_Name": "Crossett Power Management LLC", "sector_name": "IPP Non-CHP", "Street_Address": "7597 Soda Lake Rd", "City": "Crane", "County": "Crane", "State": "Texas", "Zip": 79731, "PrimSource": "batteries", "source_desc": "Battery = 203 MW", "tech_desc": "Batteries", "Install_MW": 203.0, "Total_MW": 203.0, "Bat_MW": 203.0, "Bio_MW": null, "Coal_MW": null, "Geo_MW": null, "Hydro_MW": null, "HydroPS_MW": null, "NG_MW": null, "Nuclear_MW": null, "Crude_MW": null, "Solar_MW": null, "Wind_MW": null, "Other_MW": null, "Source": "EIA-860, EIA-860M and EIA-923", "Period": "202311", "Longitude": -102.317227, "Latitude": 31.191687 }, "geometry": { "type": "Point", "coordinates": [ -102.317226999821997, 31.191687000002201 ] } },
{ "type": "Feature", "properties": { "OBJECTID": 35432, "Plant_Code": 66046, "Plant_Name": "Brazoria County Solar Project (Danciger)", "Utility_ID": 65221, "Utility_Name": "Brazoria County Solar Project", "sector_name": "IPP Non-CHP", "Street_Address": "2338 CR 772", "City": "Damon", "County": "Brazoria", "State": "Texas", "Zip": 77430, "PrimSource": "solar", "source_desc": "Solar = 200 MW", "tech_desc": "Solar Photovoltaic", "Install_MW": 200.0, "Total_MW": 200.0, "Bat_MW": null, "Bio_MW": null, "Coal_MW": null, "Geo_MW": null, "Hydro_MW": null, "HydroPS_MW": null, "NG_MW": null, "Nuclear_MW": null, "Crude_MW": null, "Solar_MW": 200.0, "Wind_MW": null, "Other_MW": null, "Source": "EIA-860, EIA-860M and EIA-923", "Period": "202311", "Longitude": -95.7612, "Latitude": 29.1779 }, "geometry": { "type": "Point", "coordinates": [ -95.761200000423699, 29.177899999846002 ] } },
{ "type": "Feature", "properties": { "OBJECTID": 35564, "Plant_Code": 66310, "Plant_Name": "Cutlass Solar 1 LLC", "Utility_ID": 65370, "Utility_Name": "Cutlass Solar 1, LLC", "sector_name": "IPP Non-CHP", "Street_Address": "12907 FM 361 Road", "City": "Richmond", "County": "Fort Bend", "State": "Texas", "Zip": 77469, "PrimSource": "solar", "source_desc": "Solar = 110.9 MW", "tech_desc": "Solar Photovoltaic", "Install_MW": 110.9, "Total_MW": 110.9, "Bat_MW": null, "Bio_MW": null, "Coal_MW": null, "Geo_MW": null, "Hydro_MW": null, "HydroPS_MW": null, "NG_MW": null, "Nuclear_MW": null, "Crude_MW": null, "Solar_MW": 110.9, "Wind_MW": null, "Other_MW": null, "Source": "EIA-860, EIA-860M and EIA-923", "Period": "202311", "Longitude": -95.73405, "Latitude": 29.409669 }, "geometry": { "type": "Point", "coordinates": [ -95.734050000199503, 29.409668999879901 ] } },
{ "type": "Feature", "properties": { "OBJECTID": 35570, "Plant_Code": 66321, "Plant_Name": "King Creek Wind Farm 1, LLC", "Utility_ID": 65408, "Utility_Name": "King Creek Wind Farm 1, LLC", "sector_name": "IPP Non-CHP", "Street_Address": "8059 HWY 380 West", "City": "Throckmorton", "County": "Haskell", "State": "Texas", "Zip": 76483, "PrimSource": "wind", "source_desc": "Wind = 184 MW", "tech_desc": "Onshore Wind Turbine", "Install_MW": 184.0, "Total_MW": 184.0, "Bat_MW": null, "Bio_MW": null, "Coal_MW": null, "Geo_MW": null, "Hydro_MW": null, "HydroPS_MW": null, "NG_MW": null, "Nuclear_MW": null, "Crude_MW": null, "Solar_MW": null, "Wind_MW": 184.0, "Other_MW": null, "Source": "EIA-860, EIA-860M and EIA-923", "Period": "202311", "Longitude": -99.468, "Latitude": 33.268 }, "geometry": { "type": "Point", "coordinates": [ -99.467999999772402, 33.268000000284403 ] } },
{ "type": "Feature", "properties": { "OBJECTID": 35572, "Plant_Code": 66323, "Plant_Name": "King Creek Wind Farm 2, LLC", "Utility_ID": 65409, "Utility_Name": "King Creek Wind Farm 2, LLC", "sector_name": "IPP Non-CHP", "Street_Address": "8059 HWY 380 West", "City": "Throckmorton", "County": "Haskell", "State": "Texas", "Zip": 76483, "PrimSource": "wind", "source_desc": "Wind = 209 MW", "tech_desc": "Onshore Wind Turbine", "Install_MW": 209.0, "Total_MW": 209.0, "Bat_MW": null, "Bio_MW": null, "Coal_MW": null, "Geo_MW": null, "Hydro_MW": null, "HydroPS_MW": null, "NG_MW": null, "Nuclear_MW": null, "Crude_MW": null, "Solar_MW": null, "Wind_MW": 209.0, "Other_MW": null, "Source": "EIA-860, EIA-860M and EIA-923", "Period": "202311", "Longitude": -99.389904, "Latitude": 33.182551 }, "geometry": { "type": "Point", "coordinates": [ -99.389904000248407, 33.1825510003641 ] } },
{ "type": "Feature", "properties": { "OBJECTID": 35573, "Plant_Code": 66324, "Plant_Name": "BPL Files Solar", "Utility_ID": 65412, "Utility_Name": "BPL Files Solar LLC", "sector_name": "IPP Non-CHP", "Street_Address": "342 Hill County Road 4434", "City": "Itasca", "County": "Hill", "State": "Texas", "Zip": 76055, "PrimSource": "solar", "source_desc": "Solar = 157.5 MW", "tech_desc": "Solar Photovoltaic", "Install_MW": 157.5, "Total_MW": 157.5, "Bat_MW": null, "Bio_MW": null, "Coal_MW": null, "Geo_MW": null, "Hydro_MW": null, "HydroPS_MW": null, "NG_MW": null, "Nuclear_MW": null, "Crude_MW": null, "Solar_MW": 157.5, "Wind_MW": null, "Other_MW": null, "Source": "EIA-860, EIA-860M and EIA-923", "Period": "202311", "Longitude": -97.07141, "Latitude": 32.18398 }, "geometry": { "type": "Point", "coordinates": [ -97.071410000133994, 32.1839800002723 ] } },
{ "type": "Feature", "properties": { "OBJECTID": 35605, "Plant_Code": 66410, "Plant_Name": "Grizzly Ridge Solar", "Utility_ID": 65451, "Utility_Name": "Grizzly Ridge Solar LLC", "sector_name": "Commercial Non-CHP", "Street_Address": "3026 County Road 606", "City": "Hamilton County", "County": "Hamilton", "State": "Texas", "Zip": 76351, "PrimSource": "solar", "source_desc": "Solar = 100 MW", "tech_desc": "Solar Photovoltaic", "Install_MW": 100.0, "Total_MW": 100.0, "Bat_MW": null, "Bio_MW": null, "Coal_MW": null, "Geo_MW": null, "Hydro_MW": null, "HydroPS_MW": null, "NG_MW": null, "Nuclear_MW": null, "Crude_MW": null, "Solar_MW": 100.0, "Wind_MW": null, "Other_MW": null, "Source": "EIA-860, EIA-860M and EIA-923", "Period": "202311", "Longitude": -98.213739, "Latitude": 31.738177 }, "geometry": { "type": "Point", "coordinates": [ -98.213739000148493, 31.7381769997241 ] } },
{ "type": "Feature", "properties": { "OBJECTID": 35645, "Plant_Code": 66471, "Plant_Name": "Eiffel Solar Project", "Utility_ID": 65517, "Utility_Name": "Paris Farm Solar, LLC", "sector_name": "IPP Non-CHP", "Street_Address": "2199 County Road 12530", "City": "Paris", "County": "Lamar", "State": "Texas", "Zip": 75462, "PrimSource": "solar", "source_desc": "Solar = 240 MW", "tech_desc": "Solar Photovoltaic", "Install_MW": 240.0, "Total_MW": 240.0, "Bat_MW": null, "Bio_MW": null, "Coal_MW": null, "Geo_MW": null, "Hydro_MW": null, "HydroPS_MW": null, "NG_MW": null, "Nuclear_MW": null, "Crude_MW": null, "Solar_MW": 240.0, "Wind_MW": null, "Other_MW": null, "Source": "EIA-860, EIA-860M and EIA-923", "Period": "202311", "Longitude": -95.525056, "Latitude": 33.599167 }, "geometry": { "type": "Point", "coordinates": [ -95.525055999829803, 33.599167000137903 ] } },
{ "type": "Feature", "properties": { "OBJECTID": 35679, "Plant_Code": 66549, "Plant_Name": "HEB00063", "Utility_ID": 64449, "Utility_Name": "Texas Microgrid, LLC", "sector_name": "IPP Non-CHP", "Street_Address": "TBD", "City": "Pearland", "County": "Brazoria", "State": "Texas", "Zip": 77584, "PrimSource": "natural gas", "source_desc": "Natural Gas = 1.6 MW", "tech_desc": "Natural Gas Internal Combustion Engine", "Install_MW": 1.6, "Total_MW": 1.6, "Bat_MW": null, "Bio_MW": null, "Coal_MW": null, "Geo_MW": null, "Hydro_MW": null, "HydroPS_MW": null, "NG_MW": 1.6, "Nuclear_MW": null, "Crude_MW": null, "Solar_MW": null, "Wind_MW": null, "Other_MW": null, "Source": "EIA-860, EIA-860M and EIA-923", "Period": "202311", "Longitude": -95.39038, "Latitude": 29.55952 }, "geometry": { "type": "Point", "coordinates": [ -95.390380000207799, 29.559519999995501 ] } },
{ "type": "Feature", "properties": { "OBJECTID": 35680, "Plant_Code": 66550, "Plant_Name": "HEB00069", "Utility_ID": 64449, "Utility_Name": "Texas Microgrid, LLC", "sector_name": "IPP Non-CHP", "Street_Address": "5313 Sarasota", "City": "Corpus Christi", "County": "Nueces", "State": "Texas", "Zip": 78413, "PrimSource": "natural gas", "source_desc": "Natural Gas = 1.6 MW", "tech_desc": "Natural Gas Internal Combustion Engine", "Install_MW": 1.6, "Total_MW": 1.6, "Bat_MW": null, "Bio_MW": null, "Coal_MW": null, "Geo_MW": null, "Hydro_MW": null, "HydroPS_MW": null, "NG_MW": 1.6, "Nuclear_MW": null, "Crude_MW": null, "Solar_MW": null, "Wind_MW": null, "Other_MW": null, "Source": "EIA-860, EIA-860M and EIA-923", "Period": "202311", "Longitude": -97.262513, "Latitude": 27.694932 }, "geometry": { "type": "Point", "coordinates": [ -97.2625129996932, 27.694931999726499 ] } },
{ "type": "Feature", "properties": { "OBJECTID": 35682, "Plant_Code": 66561, "Plant_Name": "BUC00040", "Utility_ID": 64449, "Utility_Name": "Texas Microgrid, LLC", "sector_name": "IPP Non-CHP", "Street_Address": "27700 Katy Freeway", "City": "Katy", "County": "Fort Bend", "State": "Texas", "Zip": 77494, "PrimSource": "natural gas", "source_desc": "Natural Gas = 1.6 MW", "tech_desc": "Natural Gas Internal Combustion Engine", "Install_MW": 1.6, "Total_MW": 1.6, "Bat_MW": null, "Bio_MW": null, "Coal_MW": null, "Geo_MW": null, "Hydro_MW": null, "HydroPS_MW": null, "NG_MW": 1.6, "Nuclear_MW": null, "Crude_MW": null, "Solar_MW": null, "Wind_MW": null, "Other_MW": null, "Source": "EIA-860, EIA-860M and EIA-923", "Period": "202311", "Longitude": -95.799137, "Latitude": 29.787919 }, "geometry": { "type": "Point", "coordinates": [ -95.799137000224107, 29.787918999677299 ] } },
{ "type": "Feature", "properties": { "OBJECTID": 35683, "Plant_Code": 66562, "Plant_Name": "HEB00591", "Utility_ID": 64449, "Utility_Name": "Texas Microgrid, LLC", "sector_name": "IPP Non-CHP", "Street_Address": "1700 E Palm Valley Boulevard", "City": "Round Rock", "County": "Williamson", "State": "Texas", "Zip": 78664, "PrimSource": "natural gas", "source_desc": "Natural Gas = 1.6 MW", "tech_desc": "Natural Gas Internal Combustion Engine", "Install_MW": 1.6, "Total_MW": 1.6, "Bat_MW": null, "Bio_MW": null, "Coal_MW": null, "Geo_MW": null, "Hydro_MW": null, "HydroPS_MW": null, "NG_MW": 1.6, "Nuclear_MW": null, "Crude_MW": null, "Solar_MW": null, "Wind_MW": null, "Other_MW": null, "Source": "EIA-860, EIA-860M and EIA-923", "Period": "202311", "Longitude": -97.65854, "Latitude": 30.518818 }, "geometry": { "type": "Point", "coordinates": [ -97.658539999869404, 30.518817999710301 ] } },
{ "type": "Feature", "properties": { "OBJECTID": 35684, "Plant_Code": 66563, "Plant_Name": "HEB00092", "Utility_ID": 64449, "Utility_Name": "Texas Microgrid, LLC", "sector_name": "IPP Non-CHP", "Street_Address": "6106 N. Navarro", "City": "Victoria", "County": "Victoria", "State": "Texas", "Zip": 77901, "PrimSource": "natural gas", "source_desc": "Natural Gas = 1.6 MW", "tech_desc": "Natural Gas Internal Combustion Engine", "Install_MW": 1.6, "Total_MW": 1.6, "Bat_MW": null, "Bio_MW": null, "Coal_MW": null, "Geo_MW": null, "Hydro_MW": null, "HydroPS_MW": null, "NG_MW": 1.6, "Nuclear_MW": null, "Crude_MW": null, "Solar_MW": null, "Wind_MW": null, "Other_MW": null, "Source": "EIA-860, EIA-860M and EIA-923", "Period": "202311", "Longitude": -96.996805, "Latitude": 28.851871 }, "geometry": { "type": "Point", "coordinates": [ -96.9968050002295, 28.851871000001299 ] } },
{ "type": "Feature", "properties": { "OBJECTID": 35685, "Plant_Code": 66564, "Plant_Name": "HEB00095", "Utility_ID": 64449, "Utility_Name": "Texas Microgrid, LLC", "sector_name": "IPP Non-CHP", "Street_Address": "1911 NE Bob Bullock Loop", "City": "Laredo", "County": "Webb", "State": "Texas", "Zip": 78045, "PrimSource": "natural gas", "source_desc": "Natural Gas = 1.6 MW", "tech_desc": "Natural Gas Internal Combustion Engine", "Install_MW": 1.6, "Total_MW": 1.6, "Bat_MW": null, "Bio_MW": null, "Coal_MW": null, "Geo_MW": null, "Hydro_MW": null, "HydroPS_MW": null, "NG_MW": 1.6, "Nuclear_MW": null, "Crude_MW": null, "Solar_MW": null, "Wind_MW": null, "Other_MW": null, "Source": "EIA-860, EIA-860M and EIA-923", "Period": "202311", "Longitude": -99.473866, "Latitude": 27.607476 }, "geometry": { "type": "Point", "coordinates": [ -99.473866000374301, 27.607475999992101 ] } },
{ "type": "Feature", "properties": { "OBJECTID": 35686, "Plant_Code": 66565, "Plant_Name": "HEBCCBakery", "Utility_ID": 64449, "Utility_Name": "Texas Microgrid, LLC", "sector_name": "IPP Non-CHP", "Street_Address": "102 McBride Lane", "City": "Corpus Christi", "County": "Nueces", "State": "Texas", "Zip": 78408, "PrimSource": "natural gas", "source_desc": "Natural Gas = 3.2 MW", "tech_desc": "Natural Gas Internal Combustion Engine", "Install_MW": 3.2, "Total_MW": 3.2, "Bat_MW": null, "Bio_MW": null, "Coal_MW": null, "Geo_MW": null, "Hydro_MW": null, "HydroPS_MW": null, "NG_MW": 3.2, "Nuclear_MW": null, "Crude_MW": null, "Solar_MW": null, "Wind_MW": null, "Other_MW": null, "Source": "EIA-860, EIA-860M and EIA-923", "Period": "202311", "Longitude": -97.46234, "Latitude": 27.786287 }, "geometry": { "type": "Point", "coordinates": [ -97.462339999812301, 27.786286999981101 ] } },
{ "type": "Feature", "properties": { "OBJECTID": 35687, "Plant_Code": 66566, "Plant_Name": "HEBSnackPlant", "Utility_ID": 64449, "Utility_Name": "Texas Microgrid, LLC", "sector_name": "IPP Non-CHP", "Street_Address": "10001 Genard Road", "City": "Houston", "County": "Harris", "State": "Texas", "Zip": 77041, "PrimSource": "natural gas", "source_desc": "Natural Gas = 1.6 MW", "tech_desc": "Natural Gas Internal Combustion Engine", "Install_MW": 1.6, "Total_MW": 1.6, "Bat_MW": null, "Bio_MW": null, "Coal_MW": null, "Geo_MW": null, "Hydro_MW": null, "HydroPS_MW": null, "NG_MW": 1.6, "Nuclear_MW": null, "Crude_MW": null, "Solar_MW": null, "Wind_MW": null, "Other_MW": null, "Source": "EIA-860, EIA-860M and EIA-923", "Period": "202311", "Longitude": -95.540618, "Latitude": 29.844469 }, "geometry": { "type": "Point", "coordinates": [ -95.540617999688607, 29.844469000059402 ] } },
{ "type": "Feature", "properties": { "OBJECTID": 35688, "Plant_Code": 66567, "Plant_Name": "HEBHoustonDistributionCenter", "Utility_ID": 64449, "Utility_Name": "Texas Microgrid, LLC", "sector_name": "IPP Non-CHP", "Street_Address": "4625 Windfern Road, Suite A", "City": "Houston", "County": "Harris", "State": "Texas", "Zip": 77041, "PrimSource": "natural gas", "source_desc": "Natural Gas = 12.8 MW", "tech_desc": "Natural Gas Internal Combustion Engine", "Install_MW": 12.8, "Total_MW": 12.8, "Bat_MW": null, "Bio_MW": null, "Coal_MW": null, "Geo_MW": null, "Hydro_MW": null, "HydroPS_MW": null, "NG_MW": 12.8, "Nuclear_MW": null, "Crude_MW": null, "Solar_MW": null, "Wind_MW": null, "Other_MW": null, "Source": "EIA-860, EIA-860M and EIA-923", "Period": "202311", "Longitude": -95.53685, "Latitude": 29.8397 }, "geometry": { "type": "Point", "coordinates": [ -95.536850000059701, 29.8397000000279 ] } },
{ "type": "Feature", "properties": { "OBJECTID": 35705, "Plant_Code": 66593, "Plant_Name": "HEB00048", "Utility_ID": 55937, "Utility_Name": "Entergy Texas Inc.", "sector_name": "Electric Utility", "Street_Address": "3025 North Dowlen Road", "City": "Beaumont", "County": "Jefferson", "State": "Texas", "Zip": 77706, "PrimSource": "natural gas", "source_desc": "Natural Gas = 1.2 MW", "tech_desc": "Natural Gas Internal Combustion Engine", "Install_MW": 1.2, "Total_MW": 1.2, "Bat_MW": null, "Bio_MW": null, "Coal_MW": null, "Geo_MW": null, "Hydro_MW": null, "HydroPS_MW": null, "NG_MW": 1.2, "Nuclear_MW": null, "Crude_MW": null, "Solar_MW": null, "Wind_MW": null, "Other_MW": null, "Source": "EIA-860, EIA-860M and EIA-923", "Period": "202311", "Longitude": -94.170414, "Latitude": 30.106498 }, "geometry": { "type": "Point", "coordinates": [ -94.1704140002537, 30.106498000186999 ] } },
{ "type": "Feature", "properties": { "OBJECTID": 35706, "Plant_Code": 66594, "Plant_Name": "HEB00594", "Utility_ID": 55937, "Utility_Name": "Entergy Texas Inc.", "sector_name": "Electric Utility", "Street_Address": "10777 Kuykendahl", "City": "The Woodlands", "County": "Montgomery", "State": "Texas", "Zip": 77382, "PrimSource": "natural gas", "source_desc": "Natural Gas = 1.2 MW", "tech_desc": "Natural Gas Internal Combustion Engine", "Install_MW": 1.2, "Total_MW": 1.2, "Bat_MW": null, "Bio_MW": null, "Coal_MW": null, "Geo_MW": null, "Hydro_MW": null, "HydroPS_MW": null, "NG_MW": 1.2, "Nuclear_MW": null, "Crude_MW": null, "Solar_MW": null, "Wind_MW": null, "Other_MW": null, "Source": "EIA-860, EIA-860M and EIA-923", "Period": "202311", "Longitude": -95.538096, "Latitude": 30.178935 }, "geometry": { "type": "Point", "coordinates": [ -95.538096000189697, 30.178934999614398 ] } },
{ "type": "Feature", "properties": { "OBJECTID": 35707, "Plant_Code": 66595, "Plant_Name": "FTBLID2", "Utility_ID": 64897, "Utility_Name": "Generate ER-NG, LLC", "sector_name": "IPP Non-CHP", "Street_Address": "2602 Oakland Drive", "City": "Sugarland", "County": "Fort Bend", "State": "Texas", "Zip": 77479, "PrimSource": "natural gas", "source_desc": "Natural Gas = 11.2 MW", "tech_desc": "Natural Gas Internal Combustion Engine", "Install_MW": 11.2, "Total_MW": 11.2, "Bat_MW": null, "Bio_MW": null, "Coal_MW": null, "Geo_MW": null, "Hydro_MW": null, "HydroPS_MW": null, "NG_MW": 11.2, "Nuclear_MW": null, "Crude_MW": null, "Solar_MW": null, "Wind_MW": null, "Other_MW": null, "Source": "EIA-860, EIA-860M and EIA-923", "Period": "202311", "Longitude": -95.636882, "Latitude": 29.575316 }, "geometry": { "type": "Point", "coordinates": [ -95.636882000032401, 29.575316000078299 ] } },
{ "type": "Feature", "properties": { "OBJECTID": 35708, "Plant_Code": 66596, "Plant_Name": "Praxair", "Utility_ID": 64897, "Utility_Name": "Generate ER-NG, LLC", "sector_name": "IPP Non-CHP", "Street_Address": "5617 TX-332", "City": "Clute", "County": "Brazoria", "State": "Texas", "Zip": 77531, "PrimSource": "natural gas", "source_desc": "Natural Gas = 1.2 MW", "tech_desc": "Natural Gas Internal Combustion Engine", "Install_MW": 1.2, "Total_MW": 1.2, "Bat_MW": null, "Bio_MW": null, "Coal_MW": null, "Geo_MW": null, "Hydro_MW": null, "HydroPS_MW": null, "NG_MW": 1.2, "Nuclear_MW": null, "Crude_MW": null, "Solar_MW": null, "Wind_MW": null, "Other_MW": null, "Source": "EIA-860, EIA-860M and EIA-923", "Period": "202311", "Longitude": -95.388434, "Latitude": 29.004862 }, "geometry": { "type": "Point", "coordinates": [ -95.388433999570793, 29.004861999765499 ] } },
{ "type": "Feature", "properties": { "OBJECTID": 35709, "Plant_Code": 66597, "Plant_Name": "RavenChem", "Utility_ID": 64897, "Utility_Name": "Generate ER-NG, LLC", "sector_name": "IPP Non-CHP", "Street_Address": "10328 I-10 Service Road", "City": "Baytown", "County": "Harris", "State": "Texas", "Zip": 77521, "PrimSource": "natural gas", "source_desc": "Natural Gas = 3.2 MW", "tech_desc": "Natural Gas Internal Combustion Engine", "Install_MW": 3.2, "Total_MW": 3.2, "Bat_MW": null, "Bio_MW": null, "Coal_MW": null, "Geo_MW": null, "Hydro_MW": null, "HydroPS_MW": null, "NG_MW": 3.2, "Nuclear_MW": null, "Crude_MW": null, "Solar_MW": null, "Wind_MW": null, "Other_MW": null, "Source": "EIA-860, EIA-860M and EIA-923", "Period": "202311", "Longitude": -94.913987, "Latitude": 29.820648 }, "geometry": { "type": "Point", "coordinates": [ -94.913987000005505, 29.8206480001353 ] } },
{ "type": "Feature", "properties": { "OBJECTID": 35716, "Plant_Code": 66612, "Plant_Name": "HEB_CPS00085", "Utility_ID": 64449, "Utility_Name": "Texas Microgrid, LLC", "sector_name": "IPP Non-CHP", "Street_Address": "10718 Potranco Road", "City": "San Antonio", "County": "Bexar", "State": "Texas", "Zip": 78251, "PrimSource": "natural gas", "source_desc": "Natural Gas = 1.6 MW", "tech_desc": "Natural Gas Internal Combustion Engine", "Install_MW": 1.6, "Total_MW": 1.6, "Bat_MW": null, "Bio_MW": null, "Coal_MW": null, "Geo_MW": null, "Hydro_MW": null, "HydroPS_MW": null, "NG_MW": 1.6, "Nuclear_MW": null, "Crude_MW": null, "Solar_MW": null, "Wind_MW": null, "Other_MW": null, "Source": "EIA-860, EIA-860M and EIA-923", "Period": "202311", "Longitude": -98.703454, "Latitude": 29.433657 }, "geometry": { "type": "Point", "coordinates": [ -98.703453999844598, 29.4336569998069 ] } },
{ "type": "Feature", "properties": { "OBJECTID": 35717, "Plant_Code": 66613, "Plant_Name": "HEB_CPSSADC", "Utility_ID": 64449, "Utility_Name": "Texas Microgrid, LLC", "sector_name": "IPP Non-CHP", "Street_Address": "2045 South Foster Road", "City": "San Antonio", "County": "Bexar", "State": "Texas", "Zip": 78220, "PrimSource": "natural gas", "source_desc": "Natural Gas = 6.4 MW", "tech_desc": "Natural Gas Internal Combustion Engine", "Install_MW": 6.4, "Total_MW": 6.4, "Bat_MW": null, "Bio_MW": null, "Coal_MW": null, "Geo_MW": null, "Hydro_MW": null, "HydroPS_MW": null, "NG_MW": 6.4, "Nuclear_MW": null, "Crude_MW": null, "Solar_MW": null, "Wind_MW": null, "Other_MW": null, "Source": "EIA-860, EIA-860M and EIA-923", "Period": "202311", "Longitude": -98.360879, "Latitude": 29.417338 }, "geometry": { "type": "Point", "coordinates": [ -98.360879000370105, 29.417338000369099 ] } },
{ "type": "Feature", "properties": { "OBJECTID": 35718, "Plant_Code": 66614, "Plant_Name": "OTHERCitizensHospital", "Utility_ID": 64449, "Utility_Name": "Texas Microgrid, LLC", "sector_name": "IPP Non-CHP", "Street_Address": "2701 Hospital Drive", "City": "Victoria", "County": "Victoria", "State": "Texas", "Zip": 77901, "PrimSource": "natural gas", "source_desc": "Natural Gas = 2.8 MW", "tech_desc": "Natural Gas Internal Combustion Engine", "Install_MW": 2.8, "Total_MW": 2.8, "Bat_MW": null, "Bio_MW": null, "Coal_MW": null, "Geo_MW": null, "Hydro_MW": null, "HydroPS_MW": null, "NG_MW": 2.8, "Nuclear_MW": null, "Crude_MW": null, "Solar_MW": null, "Wind_MW": null, "Other_MW": null, "Source": "EIA-860, EIA-860M and EIA-923", "Period": "202311", "Longitude": -96.977765, "Latitude": 28.812804 }, "geometry": { "type": "Point", "coordinates": [ -96.977765000271702, 28.812804000263998 ] } },
{ "type": "Feature", "properties": { "OBJECTID": 35719, "Plant_Code": 66616, "Plant_Name": "Wolf Tank Storage", "Utility_ID": 65642, "Utility_Name": "Wolf Tank Storage LLC", "sector_name": "IPP Non-CHP", "Street_Address": "12315 US-59", "City": "Laredo", "County": "Webb", "State": "Texas", "Zip": 78043, "PrimSource": "batteries", "source_desc": "Battery = 150 MW", "tech_desc": "Batteries", "Install_MW": 150.0, "Total_MW": 150.0, "Bat_MW": 150.0, "Bio_MW": null, "Coal_MW": null, "Geo_MW": null, "Hydro_MW": null, "HydroPS_MW": null, "NG_MW": null, "Nuclear_MW": null, "Crude_MW": null, "Solar_MW": null, "Wind_MW": null, "Other_MW": null, "Source": "EIA-860, EIA-860M and EIA-923", "Period": "202311", "Longitude": -99.276018, "Latitude": 27.577207 }, "geometry": { "type": "Point", "coordinates": [ -99.276017999605997, 27.577206999743201 ] } },
{ "type": "Feature", "properties": { "OBJECTID": 35808, "Plant_Code": 66930, "Plant_Name": "SMT Bay City LLC", "Utility_ID": 65842, "Utility_Name": "SMT Bay City LLC", "sector_name": "IPP Non-CHP", "Street_Address": "1613 Avenue F", "City": "Bay City", "County": "Matagorda", "State": "Texas", "Zip": 77414, "PrimSource": "batteries", "source_desc": "Battery = 10 MW", "tech_desc": "Batteries", "Install_MW": 10.0, "Total_MW": 10.0, "Bat_MW": 10.0, "Bio_MW": null, "Coal_MW": null, "Geo_MW": null, "Hydro_MW": null, "HydroPS_MW": null, "NG_MW": null, "Nuclear_MW": null, "Crude_MW": null, "Solar_MW": null, "Wind_MW": null, "Other_MW": null, "Source": "EIA-860, EIA-860M and EIA-923", "Period": "202311", "Longitude": -95.969842, "Latitude": 28.987572 }, "geometry": { "type": "Point", "coordinates": [ -95.969842000440906, 28.987572000218499 ] } },
{ "type": "Feature", "properties": { "OBJECTID": 35814, "Plant_Code": 66954, "Plant_Name": "Umbriel Solar", "Utility_ID": 65865, "Utility_Name": "Umbriel Solar, LLC", "sector_name": "IPP Non-CHP", "Street_Address": "4539 Soda Loop E", "City": "Livington", "County": "Polk", "State": "Texas", "Zip": 77351, "PrimSource": "solar", "source_desc": "Solar = 150 MW", "tech_desc": "Solar Photovoltaic", "Install_MW": 150.0, "Total_MW": 150.0, "Bat_MW": null, "Bio_MW": null, "Coal_MW": null, "Geo_MW": null, "Hydro_MW": null, "HydroPS_MW": null, "NG_MW": null, "Nuclear_MW": null, "Crude_MW": null, "Solar_MW": 150.0, "Wind_MW": null, "Other_MW": null, "Source": "EIA-860, EIA-860M and EIA-923", "Period": "202311", "Longitude": -94.783466, "Latitude": 30.668754 }, "geometry": { "type": "Point", "coordinates": [ -94.783465999626699, 30.668754000293301 ] } },
{ "type": "Feature", "properties": { "OBJECTID": 35828, "Plant_Code": 66992, "Plant_Name": "CG PS Victoria WWTP, LLC", "Utility_ID": 65849, "Utility_Name": "ClearGen LLC", "sector_name": "IPP CHP", "Street_Address": "924 U.S. Highway 59 S", "City": "Victoria", "County": "Victoria", "State": "Texas", "Zip": 77905, "PrimSource": "petroleum", "source_desc": "Petroleum = 1.3 MW", "tech_desc": "Petroleum Liquids", "Install_MW": 1.3, "Total_MW": 1.3, "Bat_MW": null, "Bio_MW": null, "Coal_MW": null, "Geo_MW": null, "Hydro_MW": null, "HydroPS_MW": null, "NG_MW": null, "Nuclear_MW": null, "Crude_MW": 1.3, "Solar_MW": null, "Wind_MW": null, "Other_MW": null, "Source": "EIA-860, EIA-860M and EIA-923", "Period": "202311", "Longitude": -97.01223, "Latitude": 28.79346 }, "geometry": { "type": "Point", "coordinates": [ -97.012229999820903, 28.793459999711501 ] } },
{ "type": "Feature", "properties": { "OBJECTID": 35847, "Plant_Code": 67077, "Plant_Name": "BESSP1, LLC.", "Utility_ID": 65980, "Utility_Name": "BESSP1, LLC.", "sector_name": "IPP Non-CHP", "Street_Address": "6904 FM 1294", "City": "Shallowater", "County": "Lubbock", "State": "Texas", "Zip": 79363, "PrimSource": "solar", "source_desc": "Solar = 4.4 MW", "tech_desc": "Solar Photovoltaic", "Install_MW": 4.4, "Total_MW": 4.4, "Bat_MW": null, "Bio_MW": null, "Coal_MW": null, "Geo_MW": null, "Hydro_MW": null, "HydroPS_MW": null, "NG_MW": null, "Nuclear_MW": null, "Crude_MW": null, "Solar_MW": 4.4, "Wind_MW": null, "Other_MW": null, "Source": "EIA-860, EIA-860M and EIA-923", "Period": "202311", "Longitude": -101.970718, "Latitude": 33.695594 }, "geometry": { "type": "Point", "coordinates": [ -101.970718000139001, 33.695594000023299 ] } }
]
}
